info: Microsoft.Hosting.Lifetime[14]
      Now listening on: http://127.0.0.1:45408
info: Microsoft.Hosting.Lifetime[0]
      Application started. Press Ctrl+C to shut down.
info: Microsoft.Hosting.Lifetime[0]
      Hosting environment: Production
info: Microsoft.Hosting.Lifetime[0]
      Content root path: C:\actions-runner\win11-01-control-server\_work\8005-agv-control-server\8005-agv-control-server\tools\ControlServer.FakeRiot\bin\Release\net8.0\win-x64
info: Microsoft.AspNetCore.Hosting.Diagnostics[1]
      Request starting HTTP/1.1 GET http://127.0.0.1:45408/control/v1/health - - -
info: Microsoft.AspNetCore.Routing.EndpointMiddleware[0]
      Executing endpoint 'HTTP: GET /control/v1/health'
info: Microsoft.AspNetCore.Http.Result.JsonResult[3]
      Writing value of type '<>f__AnonymousType0`6' as Json.
info: Microsoft.AspNetCore.Routing.EndpointMiddleware[1]
      Executed endpoint 'HTTP: GET /control/v1/health'
info: Microsoft.AspNetCore.Hosting.Diagnostics[2]
      Request finished HTTP/1.1 GET http://127.0.0.1:45408/control/v1/health - 200 - application/json;+charset=utf-8 172.1564ms
info: Microsoft.AspNetCore.Hosting.Diagnostics[1]
      Request starting HTTP/1.1 GET http://127.0.0.1:45408/api/imap/v1/mapInfo/edges/25 - - -
info: Microsoft.AspNetCore.Routing.EndpointMiddleware[0]
      Executing endpoint 'HTTP: GET /api/imap/v1/mapInfo/edges/{mapId:int}'
info: Microsoft.AspNetCore.Http.Result.JsonResult[3]
      Writing value of type '<>f__AnonymousType5`3' as Json.
info: Microsoft.AspNetCore.Routing.EndpointMiddleware[1]
      Executed endpoint 'HTTP: GET /api/imap/v1/mapInfo/edges/{mapId:int}'
info: Microsoft.AspNetCore.Hosting.Diagnostics[2]
      Request finished HTTP/1.1 GET http://127.0.0.1:45408/api/imap/v1/mapInfo/edges/25 - 200 - application/json;+charset=utf-8 28.8950ms
info: Microsoft.AspNetCore.Hosting.Diagnostics[1]
      Request starting HTTP/1.1 GET http://127.0.0.1:45408/api/imap/v1/mapInfo/stations/25 - - -
info: Microsoft.AspNetCore.Routing.EndpointMiddleware[0]
      Executing endpoint 'HTTP: GET /api/imap/v1/mapInfo/stations/{mapId:int}'
info: Microsoft.AspNetCore.Http.Result.JsonResult[3]
      Writing value of type '<>f__AnonymousType5`3' as Json.
info: Microsoft.AspNetCore.Routing.EndpointMiddleware[1]
      Executed endpoint 'HTTP: GET /api/imap/v1/mapInfo/stations/{mapId:int}'
info: Microsoft.AspNetCore.Hosting.Diagnostics[2]
      Request finished HTTP/1.1 GET http://127.0.0.1:45408/api/imap/v1/mapInfo/stations/25 - 200 - application/json;+charset=utf-8 21.3998ms
info: Microsoft.AspNetCore.Hosting.Diagnostics[1]
      Request starting HTTP/1.1 GET http://127.0.0.1:45408/api/imap/v1/mapResource/removedEdge/25 - - -
info: Microsoft.AspNetCore.Routing.EndpointMiddleware[0]
      Executing endpoint 'HTTP: GET /api/imap/v1/mapResource/removedEdge/{mapId:int}'
info: Microsoft.AspNetCore.Http.Result.JsonResult[3]
      Writing value of type '<>f__AnonymousType5`3' as Json.
info: Microsoft.AspNetCore.Routing.EndpointMiddleware[1]
      Executed endpoint 'HTTP: GET /api/imap/v1/mapResource/removedEdge/{mapId:int}'
info: Microsoft.AspNetCore.Hosting.Diagnostics[2]
      Request finished HTTP/1.1 GET http://127.0.0.1:45408/api/imap/v1/mapResource/removedEdge/25 - 200 - application/json;+charset=utf-8 6.5073ms
info: Microsoft.AspNetCore.Hosting.Diagnostics[1]
      Request starting HTTP/1.1 GET http://127.0.0.1:45408/api/imap/v1/mapResource/removedStation/25 - - -
info: Microsoft.AspNetCore.Routing.EndpointMiddleware[0]
      Executing endpoint 'HTTP: GET /api/imap/v1/mapResource/removedStation/{mapId:int}'
info: Microsoft.AspNetCore.Http.Result.JsonResult[3]
      Writing value of type '<>f__AnonymousType5`3' as Json.
info: Microsoft.AspNetCore.Routing.EndpointMiddleware[1]
      Executed endpoint 'HTTP: GET /api/imap/v1/mapResource/removedStation/{mapId:int}'
info: Microsoft.AspNetCore.Hosting.Diagnostics[2]
      Request finished HTTP/1.1 GET http://127.0.0.1:45408/api/imap/v1/mapResource/removedStation/25 - 200 - application/json;+charset=utf-8 3.2953ms
info: Microsoft.AspNetCore.Hosting.Diagnostics[1]
      Request starting HTTP/1.1 GET http://127.0.0.1:45408/api/imap/v1/mapEdgeGroup/all - - -
info: Microsoft.AspNetCore.Routing.EndpointMiddleware[0]
      Executing endpoint 'HTTP: GET /api/imap/v1/mapEdgeGroup/all'
info: Microsoft.AspNetCore.Http.Result.JsonResult[3]
      Writing value of type '<>f__AnonymousType5`3' as Json.
info: Microsoft.AspNetCore.Routing.EndpointMiddleware[1]
      Executed endpoint 'HTTP: GET /api/imap/v1/mapEdgeGroup/all'
info: Microsoft.AspNetCore.Hosting.Diagnostics[2]
      Request finished HTTP/1.1 GET http://127.0.0.1:45408/api/imap/v1/mapEdgeGroup/all - 200 - application/json;+charset=utf-8 4.5825ms
info: Microsoft.AspNetCore.Hosting.Diagnostics[1]
      Request starting HTTP/1.1 GET http://127.0.0.1:45408/api/task/v1/route/ - - -
info: Microsoft.AspNetCore.Routing.EndpointMiddleware[0]
      Executing endpoint 'HTTP: GET /api/task/v1/route/'
info: Microsoft.AspNetCore.Http.Result.JsonResult[3]
      Writing value of type '<>f__AnonymousType5`3' as Json.
info: Microsoft.AspNetCore.Routing.EndpointMiddleware[1]
      Executed endpoint 'HTTP: GET /api/task/v1/route/'
info: Microsoft.AspNetCore.Hosting.Diagnostics[2]
      Request finished HTTP/1.1 GET http://127.0.0.1:45408/api/task/v1/route/ - 200 - application/json;+charset=utf-8 11.5208ms
info: Microsoft.AspNetCore.Hosting.Diagnostics[1]
      Request starting HTTP/1.1 GET http://127.0.0.1:45408/api/imap/v1/mapInfo/stations/25 - - -
info: Microsoft.AspNetCore.Routing.EndpointMiddleware[0]
      Executing endpoint 'HTTP: GET /api/imap/v1/mapInfo/stations/{mapId:int}'
info: Microsoft.AspNetCore.Http.Result.JsonResult[3]
      Writing value of type '<>f__AnonymousType5`3' as Json.
info: Microsoft.AspNetCore.Routing.EndpointMiddleware[1]
      Executed endpoint 'HTTP: GET /api/imap/v1/mapInfo/stations/{mapId:int}'
info: Microsoft.AspNetCore.Hosting.Diagnostics[2]
      Request finished HTTP/1.1 GET http://127.0.0.1:45408/api/imap/v1/mapInfo/stations/25 - 200 - application/json;+charset=utf-8 0.6904ms
info: Microsoft.AspNetCore.Hosting.Diagnostics[1]
      Request starting HTTP/1.1 GET http://127.0.0.1:45408/api/task/vehicles/getVehicleInfoByDeviceKey?key=BROKERX-L2-0001 - - -
info: Microsoft.AspNetCore.Routing.EndpointMiddleware[0]
      Executing endpoint 'HTTP: GET /api/task/vehicles/getVehicleInfoByDeviceKey'
info: Microsoft.AspNetCore.Http.Result.JsonResult[3]
      Writing value of type '<>f__AnonymousType5`3' as Json.
info: Microsoft.AspNetCore.Routing.EndpointMiddleware[1]
      Executed endpoint 'HTTP: GET /api/task/vehicles/getVehicleInfoByDeviceKey'
info: Microsoft.AspNetCore.Hosting.Diagnostics[2]
      Request finished HTTP/1.1 GET http://127.0.0.1:45408/api/task/vehicles/getVehicleInfoByDeviceKey?key=BROKERX-L2-0001 - 200 - application/json;+charset=utf-8 7.9805ms
info: Microsoft.AspNetCore.Hosting.Diagnostics[1]
      Request starting HTTP/1.1 GET http://127.0.0.1:45408/api/imap/v1/mapResource/removedEdge/25 - - -
info: Microsoft.AspNetCore.Routing.EndpointMiddleware[0]
      Executing endpoint 'HTTP: GET /api/imap/v1/mapResource/removedEdge/{mapId:int}'
info: Microsoft.AspNetCore.Http.Result.JsonResult[3]
      Writing value of type '<>f__AnonymousType5`3' as Json.
info: Microsoft.AspNetCore.Routing.EndpointMiddleware[1]
      Executed endpoint 'HTTP: GET /api/imap/v1/mapResource/removedEdge/{mapId:int}'
info: Microsoft.AspNetCore.Hosting.Diagnostics[2]
      Request finished HTTP/1.1 GET http://127.0.0.1:45408/api/imap/v1/mapResource/removedEdge/25 - 200 - application/json;+charset=utf-8 0.4407ms
info: Microsoft.AspNetCore.Hosting.Diagnostics[1]
      Request starting HTTP/1.1 GET http://127.0.0.1:45408/api/imap/v1/mapResource/removedStation/25 - - -
info: Microsoft.AspNetCore.Routing.EndpointMiddleware[0]
      Executing endpoint 'HTTP: GET /api/imap/v1/mapResource/removedStation/{mapId:int}'
info: Microsoft.AspNetCore.Http.Result.JsonResult[3]
      Writing value of type '<>f__AnonymousType5`3' as Json.
info: Microsoft.AspNetCore.Routing.EndpointMiddleware[1]
      Executed endpoint 'HTTP: GET /api/imap/v1/mapResource/removedStation/{mapId:int}'
info: Microsoft.AspNetCore.Hosting.Diagnostics[2]
      Request finished HTTP/1.1 GET http://127.0.0.1:45408/api/imap/v1/mapResource/removedStation/25 - 200 - application/json;+charset=utf-8 0.3766ms
info: Microsoft.AspNetCore.Hosting.Diagnostics[1]
      Request starting HTTP/1.1 GET http://127.0.0.1:45408/api/imap/v1/mapEdgeGroup/all - - -
info: Microsoft.AspNetCore.Routing.EndpointMiddleware[0]
      Executing endpoint 'HTTP: GET /api/imap/v1/mapEdgeGroup/all'
info: Microsoft.AspNetCore.Http.Result.JsonResult[3]
      Writing value of type '<>f__AnonymousType5`3' as Json.
info: Microsoft.AspNetCore.Routing.EndpointMiddleware[1]
      Executed endpoint 'HTTP: GET /api/imap/v1/mapEdgeGroup/all'
info: Microsoft.AspNetCore.Hosting.Diagnostics[2]
      Request finished HTTP/1.1 GET http://127.0.0.1:45408/api/imap/v1/mapEdgeGroup/all - 200 - application/json;+charset=utf-8 0.4117ms
info: Microsoft.AspNetCore.Hosting.Diagnostics[1]
      Request starting HTTP/1.1 GET http://127.0.0.1:45408/api/task/v1/route/ - - -
info: Microsoft.AspNetCore.Routing.EndpointMiddleware[0]
      Executing endpoint 'HTTP: GET /api/task/v1/route/'
info: Microsoft.AspNetCore.Http.Result.JsonResult[3]
      Writing value of type '<>f__AnonymousType5`3' as Json.
info: Microsoft.AspNetCore.Routing.EndpointMiddleware[1]
      Executed endpoint 'HTTP: GET /api/task/v1/route/'
info: Microsoft.AspNetCore.Hosting.Diagnostics[2]
      Request finished HTTP/1.1 GET http://127.0.0.1:45408/api/task/v1/route/ - 200 - application/json;+charset=utf-8 1.0909ms
info: Microsoft.AspNetCore.Hosting.Diagnostics[1]
      Request starting HTTP/1.1 GET http://127.0.0.1:45408/api/imap/v1/mapInfo/stations/25 - - -
info: Microsoft.AspNetCore.Routing.EndpointMiddleware[0]
      Executing endpoint 'HTTP: GET /api/imap/v1/mapInfo/stations/{mapId:int}'
info: Microsoft.AspNetCore.Http.Result.JsonResult[3]
      Writing value of type '<>f__AnonymousType5`3' as Json.
info: Microsoft.AspNetCore.Routing.EndpointMiddleware[1]
      Executed endpoint 'HTTP: GET /api/imap/v1/mapInfo/stations/{mapId:int}'
info: Microsoft.AspNetCore.Hosting.Diagnostics[2]
      Request finished HTTP/1.1 GET http://127.0.0.1:45408/api/imap/v1/mapInfo/stations/25 - 200 - application/json;+charset=utf-8 0.4024ms
info: Microsoft.AspNetCore.Hosting.Diagnostics[1]
      Request starting HTTP/1.1 GET http://127.0.0.1:45408/api/task/vehicles/getVehicleInfoByDeviceKey?key=BROKERX-L2-0001 - - -
info: Microsoft.AspNetCore.Routing.EndpointMiddleware[0]
      Executing endpoint 'HTTP: GET /api/task/vehicles/getVehicleInfoByDeviceKey'
info: Microsoft.AspNetCore.Http.Result.JsonResult[3]
      Writing value of type '<>f__AnonymousType5`3' as Json.
info: Microsoft.AspNetCore.Routing.EndpointMiddleware[1]
      Executed endpoint 'HTTP: GET /api/task/vehicles/getVehicleInfoByDeviceKey'
info: Microsoft.AspNetCore.Hosting.Diagnostics[2]
      Request finished HTTP/1.1 GET http://127.0.0.1:45408/api/task/vehicles/getVehicleInfoByDeviceKey?key=BROKERX-L2-0001 - 200 - application/json;+charset=utf-8 0.4845ms
info: Microsoft.AspNetCore.Hosting.Diagnostics[1]
      Request starting HTTP/1.1 GET http://127.0.0.1:45408/api/imap/v1/mapResource/removedEdge/25 - - -
info: Microsoft.AspNetCore.Routing.EndpointMiddleware[0]
      Executing endpoint 'HTTP: GET /api/imap/v1/mapResource/removedEdge/{mapId:int}'
info: Microsoft.AspNetCore.Http.Result.JsonResult[3]
      Writing value of type '<>f__AnonymousType5`3' as Json.
info: Microsoft.AspNetCore.Routing.EndpointMiddleware[1]
      Executed endpoint 'HTTP: GET /api/imap/v1/mapResource/removedEdge/{mapId:int}'
info: Microsoft.AspNetCore.Hosting.Diagnostics[2]
      Request finished HTTP/1.1 GET http://127.0.0.1:45408/api/imap/v1/mapResource/removedEdge/25 - 200 - application/json;+charset=utf-8 0.8082ms
info: Microsoft.AspNetCore.Hosting.Diagnostics[1]
      Request starting HTTP/1.1 GET http://127.0.0.1:45408/api/imap/v1/mapResource/removedStation/25 - - -
info: Microsoft.AspNetCore.Routing.EndpointMiddleware[0]
      Executing endpoint 'HTTP: GET /api/imap/v1/mapResource/removedStation/{mapId:int}'
info: Microsoft.AspNetCore.Http.Result.JsonResult[3]
      Writing value of type '<>f__AnonymousType5`3' as Json.
info: Microsoft.AspNetCore.Routing.EndpointMiddleware[1]
      Executed endpoint 'HTTP: GET /api/imap/v1/mapResource/removedStation/{mapId:int}'
info: Microsoft.AspNetCore.Hosting.Diagnostics[2]
      Request finished HTTP/1.1 GET http://127.0.0.1:45408/api/imap/v1/mapResource/removedStation/25 - 200 - application/json;+charset=utf-8 0.4569ms
info: Microsoft.AspNetCore.Hosting.Diagnostics[1]
      Request starting HTTP/1.1 GET http://127.0.0.1:45408/api/imap/v1/mapEdgeGroup/all - - -
info: Microsoft.AspNetCore.Routing.EndpointMiddleware[0]
      Executing endpoint 'HTTP: GET /api/imap/v1/mapEdgeGroup/all'
info: Microsoft.AspNetCore.Http.Result.JsonResult[3]
      Writing value of type '<>f__AnonymousType5`3' as Json.
info: Microsoft.AspNetCore.Routing.EndpointMiddleware[1]
      Executed endpoint 'HTTP: GET /api/imap/v1/mapEdgeGroup/all'
info: Microsoft.AspNetCore.Hosting.Diagnostics[2]
      Request finished HTTP/1.1 GET http://127.0.0.1:45408/api/imap/v1/mapEdgeGroup/all - 200 - application/json;+charset=utf-8 0.3962ms
info: Microsoft.AspNetCore.Hosting.Diagnostics[1]
      Request starting HTTP/1.1 GET http://127.0.0.1:45408/api/task/v1/route/ - - -
info: Microsoft.AspNetCore.Routing.EndpointMiddleware[0]
      Executing endpoint 'HTTP: GET /api/task/v1/route/'
info: Microsoft.AspNetCore.Http.Result.JsonResult[3]
      Writing value of type '<>f__AnonymousType5`3' as Json.
info: Microsoft.AspNetCore.Routing.EndpointMiddleware[1]
      Executed endpoint 'HTTP: GET /api/task/v1/route/'
info: Microsoft.AspNetCore.Hosting.Diagnostics[2]
      Request finished HTTP/1.1 GET http://127.0.0.1:45408/api/task/v1/route/ - 200 - application/json;+charset=utf-8 0.3339ms
info: Microsoft.AspNetCore.Hosting.Diagnostics[1]
      Request starting HTTP/1.1 GET http://127.0.0.1:45408/api/imap/v1/mapInfo/stations/25 - - -
info: Microsoft.AspNetCore.Routing.EndpointMiddleware[0]
      Executing endpoint 'HTTP: GET /api/imap/v1/mapInfo/stations/{mapId:int}'
info: Microsoft.AspNetCore.Http.Result.JsonResult[3]
      Writing value of type '<>f__AnonymousType5`3' as Json.
info: Microsoft.AspNetCore.Routing.EndpointMiddleware[1]
      Executed endpoint 'HTTP: GET /api/imap/v1/mapInfo/stations/{mapId:int}'
info: Microsoft.AspNetCore.Hosting.Diagnostics[2]
      Request finished HTTP/1.1 GET http://127.0.0.1:45408/api/imap/v1/mapInfo/stations/25 - 200 - application/json;+charset=utf-8 0.5975ms
info: Microsoft.AspNetCore.Hosting.Diagnostics[1]
      Request starting HTTP/1.1 GET http://127.0.0.1:45408/api/task/vehicles/getVehicleInfoByDeviceKey?key=BROKERX-L2-0001 - - -
info: Microsoft.AspNetCore.Routing.EndpointMiddleware[0]
      Executing endpoint 'HTTP: GET /api/task/vehicles/getVehicleInfoByDeviceKey'
info: Microsoft.AspNetCore.Http.Result.JsonResult[3]
      Writing value of type '<>f__AnonymousType5`3' as Json.
info: Microsoft.AspNetCore.Routing.EndpointMiddleware[1]
      Executed endpoint 'HTTP: GET /api/task/vehicles/getVehicleInfoByDeviceKey'
info: Microsoft.AspNetCore.Hosting.Diagnostics[2]
      Request finished HTTP/1.1 GET http://127.0.0.1:45408/api/task/vehicles/getVehicleInfoByDeviceKey?key=BROKERX-L2-0001 - 200 - application/json;+charset=utf-8 0.3556ms
info: Microsoft.AspNetCore.Hosting.Diagnostics[1]
      Request starting HTTP/1.1 GET http://127.0.0.1:45408/api/imap/v1/mapResource/removedEdge/25 - - -
info: Microsoft.AspNetCore.Routing.EndpointMiddleware[0]
      Executing endpoint 'HTTP: GET /api/imap/v1/mapResource/removedEdge/{mapId:int}'
info: Microsoft.AspNetCore.Http.Result.JsonResult[3]
      Writing value of type '<>f__AnonymousType5`3' as Json.
info: Microsoft.AspNetCore.Routing.EndpointMiddleware[1]
      Executed endpoint 'HTTP: GET /api/imap/v1/mapResource/removedEdge/{mapId:int}'
info: Microsoft.AspNetCore.Hosting.Diagnostics[2]
      Request finished HTTP/1.1 GET http://127.0.0.1:45408/api/imap/v1/mapResource/removedEdge/25 - 200 - application/json;+charset=utf-8 0.2616ms
info: Microsoft.AspNetCore.Hosting.Diagnostics[1]
      Request starting HTTP/1.1 GET http://127.0.0.1:45408/api/imap/v1/mapResource/removedStation/25 - - -
info: Microsoft.AspNetCore.Routing.EndpointMiddleware[0]
      Executing endpoint 'HTTP: GET /api/imap/v1/mapResource/removedStation/{mapId:int}'
info: Microsoft.AspNetCore.Http.Result.JsonResult[3]
      Writing value of type '<>f__AnonymousType5`3' as Json.
info: Microsoft.AspNetCore.Routing.EndpointMiddleware[1]
      Executed endpoint 'HTTP: GET /api/imap/v1/mapResource/removedStation/{mapId:int}'
info: Microsoft.AspNetCore.Hosting.Diagnostics[2]
      Request finished HTTP/1.1 GET http://127.0.0.1:45408/api/imap/v1/mapResource/removedStation/25 - 200 - application/json;+charset=utf-8 0.6029ms
info: Microsoft.AspNetCore.Hosting.Diagnostics[1]
      Request starting HTTP/1.1 GET http://127.0.0.1:45408/api/imap/v1/mapEdgeGroup/all - - -
info: Microsoft.AspNetCore.Routing.EndpointMiddleware[0]
      Executing endpoint 'HTTP: GET /api/imap/v1/mapEdgeGroup/all'
info: Microsoft.AspNetCore.Http.Result.JsonResult[3]
      Writing value of type '<>f__AnonymousType5`3' as Json.
info: Microsoft.AspNetCore.Routing.EndpointMiddleware[1]
      Executed endpoint 'HTTP: GET /api/imap/v1/mapEdgeGroup/all'
info: Microsoft.AspNetCore.Hosting.Diagnostics[2]
      Request finished HTTP/1.1 GET http://127.0.0.1:45408/api/imap/v1/mapEdgeGroup/all - 200 - application/json;+charset=utf-8 0.3820ms
info: Microsoft.AspNetCore.Hosting.Diagnostics[1]
      Request starting HTTP/1.1 GET http://127.0.0.1:45408/api/task/v1/route/ - - -
info: Microsoft.AspNetCore.Routing.EndpointMiddleware[0]
      Executing endpoint 'HTTP: GET /api/task/v1/route/'
info: Microsoft.AspNetCore.Http.Result.JsonResult[3]
      Writing value of type '<>f__AnonymousType5`3' as Json.
info: Microsoft.AspNetCore.Routing.EndpointMiddleware[1]
      Executed endpoint 'HTTP: GET /api/task/v1/route/'
info: Microsoft.AspNetCore.Hosting.Diagnostics[2]
      Request finished HTTP/1.1 GET http://127.0.0.1:45408/api/task/v1/route/ - 200 - application/json;+charset=utf-8 0.3687ms
info: Microsoft.AspNetCore.Hosting.Diagnostics[1]
      Request starting HTTP/1.1 GET http://127.0.0.1:45408/api/imap/v1/mapInfo/stations/25 - - -
info: Microsoft.AspNetCore.Routing.EndpointMiddleware[0]
      Executing endpoint 'HTTP: GET /api/imap/v1/mapInfo/stations/{mapId:int}'
info: Microsoft.AspNetCore.Http.Result.JsonResult[3]
      Writing value of type '<>f__AnonymousType5`3' as Json.
info: Microsoft.AspNetCore.Routing.EndpointMiddleware[1]
      Executed endpoint 'HTTP: GET /api/imap/v1/mapInfo/stations/{mapId:int}'
info: Microsoft.AspNetCore.Hosting.Diagnostics[2]
      Request finished HTTP/1.1 GET http://127.0.0.1:45408/api/imap/v1/mapInfo/stations/25 - 200 - application/json;+charset=utf-8 0.4018ms
info: Microsoft.AspNetCore.Hosting.Diagnostics[1]
      Request starting HTTP/1.1 GET http://127.0.0.1:45408/api/task/vehicles/getVehicleInfoByDeviceKey?key=BROKERX-L2-0001 - - -
info: Microsoft.AspNetCore.Routing.EndpointMiddleware[0]
      Executing endpoint 'HTTP: GET /api/task/vehicles/getVehicleInfoByDeviceKey'
info: Microsoft.AspNetCore.Http.Result.JsonResult[3]
      Writing value of type '<>f__AnonymousType5`3' as Json.
info: Microsoft.AspNetCore.Routing.EndpointMiddleware[1]
      Executed endpoint 'HTTP: GET /api/task/vehicles/getVehicleInfoByDeviceKey'
info: Microsoft.AspNetCore.Hosting.Diagnostics[2]
      Request finished HTTP/1.1 GET http://127.0.0.1:45408/api/task/vehicles/getVehicleInfoByDeviceKey?key=BROKERX-L2-0001 - 200 - application/json;+charset=utf-8 0.2850ms
info: Microsoft.AspNetCore.Hosting.Diagnostics[1]
      Request starting HTTP/1.1 GET http://127.0.0.1:45408/api/imap/v1/mapResource/removedEdge/25 - - -
info: Microsoft.AspNetCore.Routing.EndpointMiddleware[0]
      Executing endpoint 'HTTP: GET /api/imap/v1/mapResource/removedEdge/{mapId:int}'
info: Microsoft.AspNetCore.Http.Result.JsonResult[3]
      Writing value of type '<>f__AnonymousType5`3' as Json.
info: Microsoft.AspNetCore.Routing.EndpointMiddleware[1]
      Executed endpoint 'HTTP: GET /api/imap/v1/mapResource/removedEdge/{mapId:int}'
info: Microsoft.AspNetCore.Hosting.Diagnostics[2]
      Request finished HTTP/1.1 GET http://127.0.0.1:45408/api/imap/v1/mapResource/removedEdge/25 - 200 - application/json;+charset=utf-8 0.3122ms
info: Microsoft.AspNetCore.Hosting.Diagnostics[1]
      Request starting HTTP/1.1 GET http://127.0.0.1:45408/api/imap/v1/mapResource/removedStation/25 - - -
info: Microsoft.AspNetCore.Routing.EndpointMiddleware[0]
      Executing endpoint 'HTTP: GET /api/imap/v1/mapResource/removedStation/{mapId:int}'
info: Microsoft.AspNetCore.Http.Result.JsonResult[3]
      Writing value of type '<>f__AnonymousType5`3' as Json.
info: Microsoft.AspNetCore.Routing.EndpointMiddleware[1]
      Executed endpoint 'HTTP: GET /api/imap/v1/mapResource/removedStation/{mapId:int}'
info: Microsoft.AspNetCore.Hosting.Diagnostics[2]
      Request finished HTTP/1.1 GET http://127.0.0.1:45408/api/imap/v1/mapResource/removedStation/25 - 200 - application/json;+charset=utf-8 0.3168ms
info: Microsoft.AspNetCore.Hosting.Diagnostics[1]
      Request starting HTTP/1.1 GET http://127.0.0.1:45408/api/imap/v1/mapEdgeGroup/all - - -
info: Microsoft.AspNetCore.Routing.EndpointMiddleware[0]
      Executing endpoint 'HTTP: GET /api/imap/v1/mapEdgeGroup/all'
info: Microsoft.AspNetCore.Http.Result.JsonResult[3]
      Writing value of type '<>f__AnonymousType5`3' as Json.
info: Microsoft.AspNetCore.Routing.EndpointMiddleware[1]
      Executed endpoint 'HTTP: GET /api/imap/v1/mapEdgeGroup/all'
info: Microsoft.AspNetCore.Hosting.Diagnostics[2]
      Request finished HTTP/1.1 GET http://127.0.0.1:45408/api/imap/v1/mapEdgeGroup/all - 200 - application/json;+charset=utf-8 0.2975ms
info: Microsoft.AspNetCore.Hosting.Diagnostics[1]
      Request starting HTTP/1.1 GET http://127.0.0.1:45408/api/task/v1/route/ - - -
info: Microsoft.AspNetCore.Routing.EndpointMiddleware[0]
      Executing endpoint 'HTTP: GET /api/task/v1/route/'
info: Microsoft.AspNetCore.Http.Result.JsonResult[3]
      Writing value of type '<>f__AnonymousType5`3' as Json.
info: Microsoft.AspNetCore.Routing.EndpointMiddleware[1]
      Executed endpoint 'HTTP: GET /api/task/v1/route/'
info: Microsoft.AspNetCore.Hosting.Diagnostics[2]
      Request finished HTTP/1.1 GET http://127.0.0.1:45408/api/task/v1/route/ - 200 - application/json;+charset=utf-8 0.4142ms
info: Microsoft.AspNetCore.Hosting.Diagnostics[1]
      Request starting HTTP/1.1 GET http://127.0.0.1:45408/api/imap/v1/mapInfo/stations/25 - - -
info: Microsoft.AspNetCore.Routing.EndpointMiddleware[0]
      Executing endpoint 'HTTP: GET /api/imap/v1/mapInfo/stations/{mapId:int}'
info: Microsoft.AspNetCore.Http.Result.JsonResult[3]
      Writing value of type '<>f__AnonymousType5`3' as Json.
info: Microsoft.AspNetCore.Routing.EndpointMiddleware[1]
      Executed endpoint 'HTTP: GET /api/imap/v1/mapInfo/stations/{mapId:int}'
info: Microsoft.AspNetCore.Hosting.Diagnostics[2]
      Request finished HTTP/1.1 GET http://127.0.0.1:45408/api/imap/v1/mapInfo/stations/25 - 200 - application/json;+charset=utf-8 0.3807ms
info: Microsoft.AspNetCore.Hosting.Diagnostics[1]
      Request starting HTTP/1.1 GET http://127.0.0.1:45408/api/task/vehicles/getVehicleInfoByDeviceKey?key=BROKERX-L2-0001 - - -
info: Microsoft.AspNetCore.Routing.EndpointMiddleware[0]
      Executing endpoint 'HTTP: GET /api/task/vehicles/getVehicleInfoByDeviceKey'
info: Microsoft.AspNetCore.Http.Result.JsonResult[3]
      Writing value of type '<>f__AnonymousType5`3' as Json.
info: Microsoft.AspNetCore.Routing.EndpointMiddleware[1]
      Executed endpoint 'HTTP: GET /api/task/vehicles/getVehicleInfoByDeviceKey'
info: Microsoft.AspNetCore.Hosting.Diagnostics[2]
      Request finished HTTP/1.1 GET http://127.0.0.1:45408/api/task/vehicles/getVehicleInfoByDeviceKey?key=BROKERX-L2-0001 - 200 - application/json;+charset=utf-8 0.5649ms
info: Microsoft.AspNetCore.Hosting.Diagnostics[1]
      Request starting HTTP/1.1 GET http://127.0.0.1:45408/api/imap/v1/mapResource/removedEdge/25 - - -
info: Microsoft.AspNetCore.Routing.EndpointMiddleware[0]
      Executing endpoint 'HTTP: GET /api/imap/v1/mapResource/removedEdge/{mapId:int}'
info: Microsoft.AspNetCore.Http.Result.JsonResult[3]
      Writing value of type '<>f__AnonymousType5`3' as Json.
info: Microsoft.AspNetCore.Routing.EndpointMiddleware[1]
      Executed endpoint 'HTTP: GET /api/imap/v1/mapResource/removedEdge/{mapId:int}'
info: Microsoft.AspNetCore.Hosting.Diagnostics[2]
      Request finished HTTP/1.1 GET http://127.0.0.1:45408/api/imap/v1/mapResource/removedEdge/25 - 200 - application/json;+charset=utf-8 0.4462ms
info: Microsoft.AspNetCore.Hosting.Diagnostics[1]
      Request starting HTTP/1.1 GET http://127.0.0.1:45408/api/imap/v1/mapResource/removedStation/25 - - -
info: Microsoft.AspNetCore.Routing.EndpointMiddleware[0]
      Executing endpoint 'HTTP: GET /api/imap/v1/mapResource/removedStation/{mapId:int}'
info: Microsoft.AspNetCore.Http.Result.JsonResult[3]
      Writing value of type '<>f__AnonymousType5`3' as Json.
info: Microsoft.AspNetCore.Routing.EndpointMiddleware[1]
      Executed endpoint 'HTTP: GET /api/imap/v1/mapResource/removedStation/{mapId:int}'
info: Microsoft.AspNetCore.Hosting.Diagnostics[2]
      Request finished HTTP/1.1 GET http://127.0.0.1:45408/api/imap/v1/mapResource/removedStation/25 - 200 - application/json;+charset=utf-8 0.1588ms
info: Microsoft.AspNetCore.Hosting.Diagnostics[1]
      Request starting HTTP/1.1 GET http://127.0.0.1:45408/api/imap/v1/mapEdgeGroup/all - - -
info: Microsoft.AspNetCore.Routing.EndpointMiddleware[0]
      Executing endpoint 'HTTP: GET /api/imap/v1/mapEdgeGroup/all'
info: Microsoft.AspNetCore.Http.Result.JsonResult[3]
      Writing value of type '<>f__AnonymousType5`3' as Json.
info: Microsoft.AspNetCore.Routing.EndpointMiddleware[1]
      Executed endpoint 'HTTP: GET /api/imap/v1/mapEdgeGroup/all'
info: Microsoft.AspNetCore.Hosting.Diagnostics[2]
      Request finished HTTP/1.1 GET http://127.0.0.1:45408/api/imap/v1/mapEdgeGroup/all - 200 - application/json;+charset=utf-8 0.1492ms
info: Microsoft.AspNetCore.Hosting.Diagnostics[1]
      Request starting HTTP/1.1 GET http://127.0.0.1:45408/api/task/v1/route/ - - -
info: Microsoft.AspNetCore.Routing.EndpointMiddleware[0]
      Executing endpoint 'HTTP: GET /api/task/v1/route/'
info: Microsoft.AspNetCore.Http.Result.JsonResult[3]
      Writing value of type '<>f__AnonymousType5`3' as Json.
info: Microsoft.AspNetCore.Routing.EndpointMiddleware[1]
      Executed endpoint 'HTTP: GET /api/task/v1/route/'
info: Microsoft.AspNetCore.Hosting.Diagnostics[2]
      Request finished HTTP/1.1 GET http://127.0.0.1:45408/api/task/v1/route/ - 200 - application/json;+charset=utf-8 0.1496ms
info: Microsoft.AspNetCore.Hosting.Diagnostics[1]
      Request starting HTTP/1.1 GET http://127.0.0.1:45408/api/imap/v1/mapInfo/stations/25 - - -
info: Microsoft.AspNetCore.Routing.EndpointMiddleware[0]
      Executing endpoint 'HTTP: GET /api/imap/v1/mapInfo/stations/{mapId:int}'
info: Microsoft.AspNetCore.Http.Result.JsonResult[3]
      Writing value of type '<>f__AnonymousType5`3' as Json.
info: Microsoft.AspNetCore.Routing.EndpointMiddleware[1]
      Executed endpoint 'HTTP: GET /api/imap/v1/mapInfo/stations/{mapId:int}'
info: Microsoft.AspNetCore.Hosting.Diagnostics[2]
      Request finished HTTP/1.1 GET http://127.0.0.1:45408/api/imap/v1/mapInfo/stations/25 - 200 - application/json;+charset=utf-8 0.2539ms
info: Microsoft.AspNetCore.Hosting.Diagnostics[1]
      Request starting HTTP/1.1 GET http://127.0.0.1:45408/api/task/vehicles/getVehicleInfoByDeviceKey?key=BROKERX-L2-0001 - - -
info: Microsoft.AspNetCore.Routing.EndpointMiddleware[0]
      Executing endpoint 'HTTP: GET /api/task/vehicles/getVehicleInfoByDeviceKey'
info: Microsoft.AspNetCore.Http.Result.JsonResult[3]
      Writing value of type '<>f__AnonymousType5`3' as Json.
info: Microsoft.AspNetCore.Routing.EndpointMiddleware[1]
      Executed endpoint 'HTTP: GET /api/task/vehicles/getVehicleInfoByDeviceKey'
info: Microsoft.AspNetCore.Hosting.Diagnostics[2]
      Request finished HTTP/1.1 GET http://127.0.0.1:45408/api/task/vehicles/getVehicleInfoByDeviceKey?key=BROKERX-L2-0001 - 200 - application/json;+charset=utf-8 0.3236ms
info: Microsoft.AspNetCore.Hosting.Diagnostics[1]
      Request starting HTTP/1.1 GET http://127.0.0.1:45408/control/v1/snapshot - - -
info: Microsoft.AspNetCore.Routing.EndpointMiddleware[0]
      Executing endpoint 'HTTP: GET /control/v1/snapshot'
info: Microsoft.AspNetCore.Http.Result.JsonResult[3]
      Writing value of type '<>f__AnonymousType0`6' as Json.
info: Microsoft.AspNetCore.Routing.EndpointMiddleware[1]
      Executed endpoint 'HTTP: GET /control/v1/snapshot'
info: Microsoft.AspNetCore.Hosting.Diagnostics[2]
      Request finished HTTP/1.1 GET http://127.0.0.1:45408/control/v1/snapshot - 200 - application/json;+charset=utf-8 24.3504ms
info: Microsoft.AspNetCore.Hosting.Diagnostics[1]
      Request starting HTTP/1.1 GET http://127.0.0.1:45408/api/imap/v1/mapResource/removedEdge/25 - - -
info: Microsoft.AspNetCore.Routing.EndpointMiddleware[0]
      Executing endpoint 'HTTP: GET /api/imap/v1/mapResource/removedEdge/{mapId:int}'
info: Microsoft.AspNetCore.Http.Result.JsonResult[3]
      Writing value of type '<>f__AnonymousType5`3' as Json.
info: Microsoft.AspNetCore.Routing.EndpointMiddleware[1]
      Executed endpoint 'HTTP: GET /api/imap/v1/mapResource/removedEdge/{mapId:int}'
info: Microsoft.AspNetCore.Hosting.Diagnostics[2]
      Request finished HTTP/1.1 GET http://127.0.0.1:45408/api/imap/v1/mapResource/removedEdge/25 - 200 - application/json;+charset=utf-8 0.3659ms
info: Microsoft.AspNetCore.Hosting.Diagnostics[1]
      Request starting HTTP/1.1 GET http://127.0.0.1:45408/api/imap/v1/mapResource/removedStation/25 - - -
info: Microsoft.AspNetCore.Routing.EndpointMiddleware[0]
      Executing endpoint 'HTTP: GET /api/imap/v1/mapResource/removedStation/{mapId:int}'
info: Microsoft.AspNetCore.Http.Result.JsonResult[3]
      Writing value of type '<>f__AnonymousType5`3' as Json.
info: Microsoft.AspNetCore.Routing.EndpointMiddleware[1]
      Executed endpoint 'HTTP: GET /api/imap/v1/mapResource/removedStation/{mapId:int}'
info: Microsoft.AspNetCore.Hosting.Diagnostics[2]
      Request finished HTTP/1.1 GET http://127.0.0.1:45408/api/imap/v1/mapResource/removedStation/25 - 200 - application/json;+charset=utf-8 0.2803ms
info: Microsoft.AspNetCore.Hosting.Diagnostics[1]
      Request starting HTTP/1.1 GET http://127.0.0.1:45408/api/imap/v1/mapEdgeGroup/all - - -
info: Microsoft.AspNetCore.Routing.EndpointMiddleware[0]
      Executing endpoint 'HTTP: GET /api/imap/v1/mapEdgeGroup/all'
info: Microsoft.AspNetCore.Http.Result.JsonResult[3]
      Writing value of type '<>f__AnonymousType5`3' as Json.
info: Microsoft.AspNetCore.Routing.EndpointMiddleware[1]
      Executed endpoint 'HTTP: GET /api/imap/v1/mapEdgeGroup/all'
info: Microsoft.AspNetCore.Hosting.Diagnostics[2]
      Request finished HTTP/1.1 GET http://127.0.0.1:45408/api/imap/v1/mapEdgeGroup/all - 200 - application/json;+charset=utf-8 0.1485ms
info: Microsoft.AspNetCore.Hosting.Diagnostics[1]
      Request starting HTTP/1.1 GET http://127.0.0.1:45408/api/task/v1/route/ - - -
info: Microsoft.AspNetCore.Routing.EndpointMiddleware[0]
      Executing endpoint 'HTTP: GET /api/task/v1/route/'
info: Microsoft.AspNetCore.Http.Result.JsonResult[3]
      Writing value of type '<>f__AnonymousType5`3' as Json.
info: Microsoft.AspNetCore.Routing.EndpointMiddleware[1]
      Executed endpoint 'HTTP: GET /api/task/v1/route/'
info: Microsoft.AspNetCore.Hosting.Diagnostics[2]
      Request finished HTTP/1.1 GET http://127.0.0.1:45408/api/task/v1/route/ - 200 - application/json;+charset=utf-8 0.1847ms
info: Microsoft.AspNetCore.Hosting.Diagnostics[1]
      Request starting HTTP/1.1 GET http://127.0.0.1:45408/api/imap/v1/mapInfo/stations/25 - - -
info: Microsoft.AspNetCore.Routing.EndpointMiddleware[0]
      Executing endpoint 'HTTP: GET /api/imap/v1/mapInfo/stations/{mapId:int}'
info: Microsoft.AspNetCore.Http.Result.JsonResult[3]
      Writing value of type '<>f__AnonymousType5`3' as Json.
info: Microsoft.AspNetCore.Routing.EndpointMiddleware[1]
      Executed endpoint 'HTTP: GET /api/imap/v1/mapInfo/stations/{mapId:int}'
info: Microsoft.AspNetCore.Hosting.Diagnostics[2]
      Request finished HTTP/1.1 GET http://127.0.0.1:45408/api/imap/v1/mapInfo/stations/25 - 200 - application/json;+charset=utf-8 0.2808ms
info: Microsoft.AspNetCore.Hosting.Diagnostics[1]
      Request starting HTTP/1.1 GET http://127.0.0.1:45408/api/task/vehicles/getVehicleInfoByDeviceKey?key=BROKERX-L2-0001 - - -
info: Microsoft.AspNetCore.Routing.EndpointMiddleware[0]
      Executing endpoint 'HTTP: GET /api/task/vehicles/getVehicleInfoByDeviceKey'
info: Microsoft.AspNetCore.Http.Result.JsonResult[3]
      Writing value of type '<>f__AnonymousType5`3' as Json.
info: Microsoft.AspNetCore.Routing.EndpointMiddleware[1]
      Executed endpoint 'HTTP: GET /api/task/vehicles/getVehicleInfoByDeviceKey'
info: Microsoft.AspNetCore.Hosting.Diagnostics[2]
      Request finished HTTP/1.1 GET http://127.0.0.1:45408/api/task/vehicles/getVehicleInfoByDeviceKey?key=BROKERX-L2-0001 - 200 - application/json;+charset=utf-8 0.2194ms
info: Microsoft.AspNetCore.Hosting.Diagnostics[1]
      Request starting HTTP/1.1 GET http://127.0.0.1:45408/api/imap/v1/mapResource/removedEdge/25 - - -
info: Microsoft.AspNetCore.Routing.EndpointMiddleware[0]
      Executing endpoint 'HTTP: GET /api/imap/v1/mapResource/removedEdge/{mapId:int}'
info: Microsoft.AspNetCore.Http.Result.JsonResult[3]
      Writing value of type '<>f__AnonymousType5`3' as Json.
info: Microsoft.AspNetCore.Routing.EndpointMiddleware[1]
      Executed endpoint 'HTTP: GET /api/imap/v1/mapResource/removedEdge/{mapId:int}'
info: Microsoft.AspNetCore.Hosting.Diagnostics[2]
      Request finished HTTP/1.1 GET http://127.0.0.1:45408/api/imap/v1/mapResource/removedEdge/25 - 200 - application/json;+charset=utf-8 0.3779ms
info: Microsoft.AspNetCore.Hosting.Diagnostics[1]
      Request starting HTTP/1.1 GET http://127.0.0.1:45408/api/imap/v1/mapResource/removedStation/25 - - -
info: Microsoft.AspNetCore.Routing.EndpointMiddleware[0]
      Executing endpoint 'HTTP: GET /api/imap/v1/mapResource/removedStation/{mapId:int}'
info: Microsoft.AspNetCore.Http.Result.JsonResult[3]
      Writing value of type '<>f__AnonymousType5`3' as Json.
info: Microsoft.AspNetCore.Routing.EndpointMiddleware[1]
      Executed endpoint 'HTTP: GET /api/imap/v1/mapResource/removedStation/{mapId:int}'
info: Microsoft.AspNetCore.Hosting.Diagnostics[2]
      Request finished HTTP/1.1 GET http://127.0.0.1:45408/api/imap/v1/mapResource/removedStation/25 - 200 - application/json;+charset=utf-8 0.2236ms
info: Microsoft.AspNetCore.Hosting.Diagnostics[1]
      Request starting HTTP/1.1 GET http://127.0.0.1:45408/api/imap/v1/mapEdgeGroup/all - - -
info: Microsoft.AspNetCore.Routing.EndpointMiddleware[0]
      Executing endpoint 'HTTP: GET /api/imap/v1/mapEdgeGroup/all'
info: Microsoft.AspNetCore.Http.Result.JsonResult[3]
      Writing value of type '<>f__AnonymousType5`3' as Json.
info: Microsoft.AspNetCore.Routing.EndpointMiddleware[1]
      Executed endpoint 'HTTP: GET /api/imap/v1/mapEdgeGroup/all'
info: Microsoft.AspNetCore.Hosting.Diagnostics[2]
      Request finished HTTP/1.1 GET http://127.0.0.1:45408/api/imap/v1/mapEdgeGroup/all - 200 - application/json;+charset=utf-8 0.2572ms
info: Microsoft.AspNetCore.Hosting.Diagnostics[1]
      Request starting HTTP/1.1 GET http://127.0.0.1:45408/api/task/v1/route/ - - -
info: Microsoft.AspNetCore.Routing.EndpointMiddleware[0]
      Executing endpoint 'HTTP: GET /api/task/v1/route/'
info: Microsoft.AspNetCore.Http.Result.JsonResult[3]
      Writing value of type '<>f__AnonymousType5`3' as Json.
info: Microsoft.AspNetCore.Routing.EndpointMiddleware[1]
      Executed endpoint 'HTTP: GET /api/task/v1/route/'
info: Microsoft.AspNetCore.Hosting.Diagnostics[2]
      Request finished HTTP/1.1 GET http://127.0.0.1:45408/api/task/v1/route/ - 200 - application/json;+charset=utf-8 0.1324ms
info: Microsoft.AspNetCore.Hosting.Diagnostics[1]
      Request starting HTTP/1.1 GET http://127.0.0.1:45408/api/imap/v1/mapInfo/stations/25 - - -
info: Microsoft.AspNetCore.Routing.EndpointMiddleware[0]
      Executing endpoint 'HTTP: GET /api/imap/v1/mapInfo/stations/{mapId:int}'
info: Microsoft.AspNetCore.Http.Result.JsonResult[3]
      Writing value of type '<>f__AnonymousType5`3' as Json.
info: Microsoft.AspNetCore.Routing.EndpointMiddleware[1]
      Executed endpoint 'HTTP: GET /api/imap/v1/mapInfo/stations/{mapId:int}'
info: Microsoft.AspNetCore.Hosting.Diagnostics[2]
      Request finished HTTP/1.1 GET http://127.0.0.1:45408/api/imap/v1/mapInfo/stations/25 - 200 - application/json;+charset=utf-8 0.2369ms
info: Microsoft.AspNetCore.Hosting.Diagnostics[1]
      Request starting HTTP/1.1 GET http://127.0.0.1:45408/api/task/vehicles/getVehicleInfoByDeviceKey?key=BROKERX-L2-0001 - - -
info: Microsoft.AspNetCore.Routing.EndpointMiddleware[0]
      Executing endpoint 'HTTP: GET /api/task/vehicles/getVehicleInfoByDeviceKey'
info: Microsoft.AspNetCore.Http.Result.JsonResult[3]
      Writing value of type '<>f__AnonymousType5`3' as Json.
info: Microsoft.AspNetCore.Routing.EndpointMiddleware[1]
      Executed endpoint 'HTTP: GET /api/task/vehicles/getVehicleInfoByDeviceKey'
info: Microsoft.AspNetCore.Hosting.Diagnostics[2]
      Request finished HTTP/1.1 GET http://127.0.0.1:45408/api/task/vehicles/getVehicleInfoByDeviceKey?key=BROKERX-L2-0001 - 200 - application/json;+charset=utf-8 0.1744ms
info: Microsoft.AspNetCore.Hosting.Diagnostics[1]
      Request starting HTTP/1.1 GET http://127.0.0.1:45408/control/v1/snapshot - - -
info: Microsoft.AspNetCore.Routing.EndpointMiddleware[0]
      Executing endpoint 'HTTP: GET /control/v1/snapshot'
info: Microsoft.AspNetCore.Http.Result.JsonResult[3]
      Writing value of type '<>f__AnonymousType0`6' as Json.
info: Microsoft.AspNetCore.Routing.EndpointMiddleware[1]
      Executed endpoint 'HTTP: GET /control/v1/snapshot'
info: Microsoft.AspNetCore.Hosting.Diagnostics[2]
      Request finished HTTP/1.1 GET http://127.0.0.1:45408/control/v1/snapshot - 200 - application/json;+charset=utf-8 0.6231ms
info: Microsoft.AspNetCore.Hosting.Diagnostics[1]
      Request starting HTTP/1.1 PUT http://127.0.0.1:45408/control/v1/vehicle - application/json 220
info: Microsoft.AspNetCore.Routing.EndpointMiddleware[0]
      Executing endpoint 'HTTP: PUT /control/v1/vehicle'
info: Microsoft.AspNetCore.Http.Result.JsonResult[3]
      Writing value of type '<>f__AnonymousType0`6' as Json.
info: Microsoft.AspNetCore.Routing.EndpointMiddleware[1]
      Executed endpoint 'HTTP: PUT /control/v1/vehicle'
info: Microsoft.AspNetCore.Hosting.Diagnostics[2]
      Request finished HTTP/1.1 PUT http://127.0.0.1:45408/control/v1/vehicle - 200 - application/json;+charset=utf-8 28.6695ms
info: Microsoft.AspNetCore.Hosting.Diagnostics[1]
      Request starting HTTP/1.1 GET http://127.0.0.1:45408/api/imap/v1/mapResource/removedEdge/25 - - -
info: Microsoft.AspNetCore.Routing.EndpointMiddleware[0]
      Executing endpoint 'HTTP: GET /api/imap/v1/mapResource/removedEdge/{mapId:int}'
info: Microsoft.AspNetCore.Http.Result.JsonResult[3]
      Writing value of type '<>f__AnonymousType5`3' as Json.
info: Microsoft.AspNetCore.Routing.EndpointMiddleware[1]
      Executed endpoint 'HTTP: GET /api/imap/v1/mapResource/removedEdge/{mapId:int}'
info: Microsoft.AspNetCore.Hosting.Diagnostics[2]
      Request finished HTTP/1.1 GET http://127.0.0.1:45408/api/imap/v1/mapResource/removedEdge/25 - 200 - application/json;+charset=utf-8 0.1716ms
info: Microsoft.AspNetCore.Hosting.Diagnostics[1]
      Request starting HTTP/1.1 GET http://127.0.0.1:45408/api/imap/v1/mapResource/removedStation/25 - - -
info: Microsoft.AspNetCore.Routing.EndpointMiddleware[0]
      Executing endpoint 'HTTP: GET /api/imap/v1/mapResource/removedStation/{mapId:int}'
info: Microsoft.AspNetCore.Http.Result.JsonResult[3]
      Writing value of type '<>f__AnonymousType5`3' as Json.
info: Microsoft.AspNetCore.Routing.EndpointMiddleware[1]
      Executed endpoint 'HTTP: GET /api/imap/v1/mapResource/removedStation/{mapId:int}'
info: Microsoft.AspNetCore.Hosting.Diagnostics[2]
      Request finished HTTP/1.1 GET http://127.0.0.1:45408/api/imap/v1/mapResource/removedStation/25 - 200 - application/json;+charset=utf-8 0.1341ms
info: Microsoft.AspNetCore.Hosting.Diagnostics[1]
      Request starting HTTP/1.1 GET http://127.0.0.1:45408/api/imap/v1/mapEdgeGroup/all - - -
info: Microsoft.AspNetCore.Routing.EndpointMiddleware[0]
      Executing endpoint 'HTTP: GET /api/imap/v1/mapEdgeGroup/all'
info: Microsoft.AspNetCore.Http.Result.JsonResult[3]
      Writing value of type '<>f__AnonymousType5`3' as Json.
info: Microsoft.AspNetCore.Routing.EndpointMiddleware[1]
      Executed endpoint 'HTTP: GET /api/imap/v1/mapEdgeGroup/all'
info: Microsoft.AspNetCore.Hosting.Diagnostics[2]
      Request finished HTTP/1.1 GET http://127.0.0.1:45408/api/imap/v1/mapEdgeGroup/all - 200 - application/json;+charset=utf-8 0.1623ms
info: Microsoft.AspNetCore.Hosting.Diagnostics[1]
      Request starting HTTP/1.1 GET http://127.0.0.1:45408/api/task/v1/route/ - - -
info: Microsoft.AspNetCore.Routing.EndpointMiddleware[0]
      Executing endpoint 'HTTP: GET /api/task/v1/route/'
info: Microsoft.AspNetCore.Http.Result.JsonResult[3]
      Writing value of type '<>f__AnonymousType5`3' as Json.
info: Microsoft.AspNetCore.Routing.EndpointMiddleware[1]
      Executed endpoint 'HTTP: GET /api/task/v1/route/'
info: Microsoft.AspNetCore.Hosting.Diagnostics[2]
      Request finished HTTP/1.1 GET http://127.0.0.1:45408/api/task/v1/route/ - 200 - application/json;+charset=utf-8 0.1142ms
info: Microsoft.AspNetCore.Hosting.Diagnostics[1]
      Request starting HTTP/1.1 GET http://127.0.0.1:45408/api/imap/v1/mapInfo/stations/25 - - -
info: Microsoft.AspNetCore.Routing.EndpointMiddleware[0]
      Executing endpoint 'HTTP: GET /api/imap/v1/mapInfo/stations/{mapId:int}'
info: Microsoft.AspNetCore.Http.Result.JsonResult[3]
      Writing value of type '<>f__AnonymousType5`3' as Json.
info: Microsoft.AspNetCore.Routing.EndpointMiddleware[1]
      Executed endpoint 'HTTP: GET /api/imap/v1/mapInfo/stations/{mapId:int}'
info: Microsoft.AspNetCore.Hosting.Diagnostics[2]
      Request finished HTTP/1.1 GET http://127.0.0.1:45408/api/imap/v1/mapInfo/stations/25 - 200 - application/json;+charset=utf-8 0.3135ms
info: Microsoft.AspNetCore.Hosting.Diagnostics[1]
      Request starting HTTP/1.1 GET http://127.0.0.1:45408/api/task/vehicles/getVehicleInfoByDeviceKey?key=BROKERX-L2-0001 - - -
info: Microsoft.AspNetCore.Routing.EndpointMiddleware[0]
      Executing endpoint 'HTTP: GET /api/task/vehicles/getVehicleInfoByDeviceKey'
info: Microsoft.AspNetCore.Http.Result.JsonResult[3]
      Writing value of type '<>f__AnonymousType5`3' as Json.
info: Microsoft.AspNetCore.Routing.EndpointMiddleware[1]
      Executed endpoint 'HTTP: GET /api/task/vehicles/getVehicleInfoByDeviceKey'
info: Microsoft.AspNetCore.Hosting.Diagnostics[2]
      Request finished HTTP/1.1 GET http://127.0.0.1:45408/api/task/vehicles/getVehicleInfoByDeviceKey?key=BROKERX-L2-0001 - 200 - application/json;+charset=utf-8 0.3231ms
info: Microsoft.AspNetCore.Hosting.Diagnostics[1]
      Request starting HTTP/1.1 POST http://127.0.0.1:45408/api/task/v1/route/getRouteCostsBy - application/json 60
info: Microsoft.AspNetCore.Routing.EndpointMiddleware[0]
      Executing endpoint 'HTTP: POST /api/task/v1/route/getRouteCostsBy'
info: Microsoft.AspNetCore.Http.Result.JsonResult[3]
      Writing value of type '<>f__AnonymousType5`3' as Json.
info: Microsoft.AspNetCore.Routing.EndpointMiddleware[1]
      Executed endpoint 'HTTP: POST /api/task/v1/route/getRouteCostsBy'
info: Microsoft.AspNetCore.Hosting.Diagnostics[2]
      Request finished HTTP/1.1 POST http://127.0.0.1:45408/api/task/v1/route/getRouteCostsBy - 200 - application/json;+charset=utf-8 9.0906ms
info: Microsoft.AspNetCore.Hosting.Diagnostics[1]
      Request starting HTTP/1.1 GET http://127.0.0.1:45408/api/task/vehicles/getVehicleInfoByDeviceKey?key=BROKERX-L2-0001 - - -
info: Microsoft.AspNetCore.Routing.EndpointMiddleware[0]
      Executing endpoint 'HTTP: GET /api/task/vehicles/getVehicleInfoByDeviceKey'
info: Microsoft.AspNetCore.Http.Result.JsonResult[3]
      Writing value of type '<>f__AnonymousType5`3' as Json.
info: Microsoft.AspNetCore.Routing.EndpointMiddleware[1]
      Executed endpoint 'HTTP: GET /api/task/vehicles/getVehicleInfoByDeviceKey'
info: Microsoft.AspNetCore.Hosting.Diagnostics[2]
      Request finished HTTP/1.1 GET http://127.0.0.1:45408/api/task/vehicles/getVehicleInfoByDeviceKey?key=BROKERX-L2-0001 - 200 - application/json;+charset=utf-8 0.2823ms
info: Microsoft.AspNetCore.Hosting.Diagnostics[1]
      Request starting HTTP/1.1 GET http://127.0.0.1:45408/api/task/vehicles/getVehicleInfoByDeviceKey?key=BROKERX-L2-0001 - - -
info: Microsoft.AspNetCore.Routing.EndpointMiddleware[0]
      Executing endpoint 'HTTP: GET /api/task/vehicles/getVehicleInfoByDeviceKey'
info: Microsoft.AspNetCore.Http.Result.JsonResult[3]
      Writing value of type '<>f__AnonymousType5`3' as Json.
info: Microsoft.AspNetCore.Routing.EndpointMiddleware[1]
      Executed endpoint 'HTTP: GET /api/task/vehicles/getVehicleInfoByDeviceKey'
info: Microsoft.AspNetCore.Hosting.Diagnostics[2]
      Request finished HTTP/1.1 GET http://127.0.0.1:45408/api/task/vehicles/getVehicleInfoByDeviceKey?key=BROKERX-L2-0001 - 200 - application/json;+charset=utf-8 0.2122ms
info: Microsoft.AspNetCore.Hosting.Diagnostics[1]
      Request starting HTTP/1.1 GET http://127.0.0.1:45408/api/order/v1/orderRecord/detailByUpperId/W2G-9a3eed27-b9d7-43d1-a397-a4e18f7c71e9-PICKUP-1 - - -
info: Microsoft.AspNetCore.Routing.EndpointMiddleware[0]
      Executing endpoint 'HTTP: GET /api/order/v1/orderRecord/detailByUpperId/{upperId}'
info: Microsoft.AspNetCore.Http.Result.NotFoundObjectResult[1]
      Setting HTTP status code 404.
info: Microsoft.AspNetCore.Routing.EndpointMiddleware[1]
      Executed endpoint 'HTTP: GET /api/order/v1/orderRecord/detailByUpperId/{upperId}'
info: Microsoft.AspNetCore.Hosting.Diagnostics[2]
      Request finished HTTP/1.1 GET http://127.0.0.1:45408/api/order/v1/orderRecord/detailByUpperId/W2G-9a3eed27-b9d7-43d1-a397-a4e18f7c71e9-PICKUP-1 - 404 0 - 14.3957ms
info: Microsoft.AspNetCore.Hosting.Diagnostics[1]
      Request starting HTTP/1.1 POST http://127.0.0.1:45408/api/order/v1/add/byDefaultMissions - application/json 256
info: Microsoft.AspNetCore.Routing.EndpointMiddleware[0]
      Executing endpoint 'HTTP: POST /api/order/v1/add/byDefaultMissions'
info: Microsoft.AspNetCore.Http.Result.JsonResult[3]
      Writing value of type '<>f__AnonymousType5`3' as Json.
info: Microsoft.AspNetCore.Routing.EndpointMiddleware[1]
      Executed endpoint 'HTTP: POST /api/order/v1/add/byDefaultMissions'
info: Microsoft.AspNetCore.Hosting.Diagnostics[2]
      Request finished HTTP/1.1 POST http://127.0.0.1:45408/api/order/v1/add/byDefaultMissions - 200 - application/json;+charset=utf-8 5.3848ms
info: Microsoft.AspNetCore.Hosting.Diagnostics[1]
      Request starting HTTP/1.1 GET http://127.0.0.1:45408/api/order/v1/orderRecord/detailByUpperId/W2G-9a3eed27-b9d7-43d1-a397-a4e18f7c71e9-PICKUP-1 - - -
info: Microsoft.AspNetCore.Routing.EndpointMiddleware[0]
      Executing endpoint 'HTTP: GET /api/order/v1/orderRecord/detailByUpperId/{upperId}'
info: Microsoft.AspNetCore.Http.Result.JsonResult[3]
      Writing value of type '<>f__AnonymousType5`3' as Json.
info: Microsoft.AspNetCore.Routing.EndpointMiddleware[1]
      Executed endpoint 'HTTP: GET /api/order/v1/orderRecord/detailByUpperId/{upperId}'
info: Microsoft.AspNetCore.Hosting.Diagnostics[2]
      Request finished HTTP/1.1 GET http://127.0.0.1:45408/api/order/v1/orderRecord/detailByUpperId/W2G-9a3eed27-b9d7-43d1-a397-a4e18f7c71e9-PICKUP-1 - 200 - application/json;+charset=utf-8 3.4522ms
info: Microsoft.AspNetCore.Hosting.Diagnostics[1]
      Request starting HTTP/1.1 GET http://127.0.0.1:45408/api/task/vehicles/getVehicleInfoByDeviceKey?key=BROKERX-L2-0001 - - -
info: Microsoft.AspNetCore.Routing.EndpointMiddleware[0]
      Executing endpoint 'HTTP: GET /api/task/vehicles/getVehicleInfoByDeviceKey'
info: Microsoft.AspNetCore.Http.Result.JsonResult[3]
      Writing value of type '<>f__AnonymousType5`3' as Json.
info: Microsoft.AspNetCore.Routing.EndpointMiddleware[1]
      Executed endpoint 'HTTP: GET /api/task/vehicles/getVehicleInfoByDeviceKey'
info: Microsoft.AspNetCore.Hosting.Diagnostics[2]
      Request finished HTTP/1.1 GET http://127.0.0.1:45408/api/task/vehicles/getVehicleInfoByDeviceKey?key=BROKERX-L2-0001 - 200 - application/json;+charset=utf-8 0.1844ms
info: Microsoft.AspNetCore.Hosting.Diagnostics[1]
      Request starting HTTP/1.1 GET http://127.0.0.1:45408/api/imap/v1/mapResource/removedEdge/25 - - -
info: Microsoft.AspNetCore.Routing.EndpointMiddleware[0]
      Executing endpoint 'HTTP: GET /api/imap/v1/mapResource/removedEdge/{mapId:int}'
info: Microsoft.AspNetCore.Http.Result.JsonResult[3]
      Writing value of type '<>f__AnonymousType5`3' as Json.
info: Microsoft.AspNetCore.Routing.EndpointMiddleware[1]
      Executed endpoint 'HTTP: GET /api/imap/v1/mapResource/removedEdge/{mapId:int}'
info: Microsoft.AspNetCore.Hosting.Diagnostics[2]
      Request finished HTTP/1.1 GET http://127.0.0.1:45408/api/imap/v1/mapResource/removedEdge/25 - 200 - application/json;+charset=utf-8 0.1981ms
info: Microsoft.AspNetCore.Hosting.Diagnostics[1]
      Request starting HTTP/1.1 GET http://127.0.0.1:45408/api/imap/v1/mapResource/removedStation/25 - - -
info: Microsoft.AspNetCore.Routing.EndpointMiddleware[0]
      Executing endpoint 'HTTP: GET /api/imap/v1/mapResource/removedStation/{mapId:int}'
info: Microsoft.AspNetCore.Http.Result.JsonResult[3]
      Writing value of type '<>f__AnonymousType5`3' as Json.
info: Microsoft.AspNetCore.Routing.EndpointMiddleware[1]
      Executed endpoint 'HTTP: GET /api/imap/v1/mapResource/removedStation/{mapId:int}'
info: Microsoft.AspNetCore.Hosting.Diagnostics[2]
      Request finished HTTP/1.1 GET http://127.0.0.1:45408/api/imap/v1/mapResource/removedStation/25 - 200 - application/json;+charset=utf-8 0.2422ms
info: Microsoft.AspNetCore.Hosting.Diagnostics[1]
      Request starting HTTP/1.1 GET http://127.0.0.1:45408/api/imap/v1/mapEdgeGroup/all - - -
info: Microsoft.AspNetCore.Routing.EndpointMiddleware[0]
      Executing endpoint 'HTTP: GET /api/imap/v1/mapEdgeGroup/all'
info: Microsoft.AspNetCore.Http.Result.JsonResult[3]
      Writing value of type '<>f__AnonymousType5`3' as Json.
info: Microsoft.AspNetCore.Routing.EndpointMiddleware[1]
      Executed endpoint 'HTTP: GET /api/imap/v1/mapEdgeGroup/all'
info: Microsoft.AspNetCore.Hosting.Diagnostics[2]
      Request finished HTTP/1.1 GET http://127.0.0.1:45408/api/imap/v1/mapEdgeGroup/all - 200 - application/json;+charset=utf-8 0.1413ms
info: Microsoft.AspNetCore.Hosting.Diagnostics[1]
      Request starting HTTP/1.1 GET http://127.0.0.1:45408/api/task/v1/route/ - - -
info: Microsoft.AspNetCore.Routing.EndpointMiddleware[0]
      Executing endpoint 'HTTP: GET /api/task/v1/route/'
info: Microsoft.AspNetCore.Http.Result.JsonResult[3]
      Writing value of type '<>f__AnonymousType5`3' as Json.
info: Microsoft.AspNetCore.Routing.EndpointMiddleware[1]
      Executed endpoint 'HTTP: GET /api/task/v1/route/'
info: Microsoft.AspNetCore.Hosting.Diagnostics[2]
      Request finished HTTP/1.1 GET http://127.0.0.1:45408/api/task/v1/route/ - 200 - application/json;+charset=utf-8 0.1318ms
info: Microsoft.AspNetCore.Hosting.Diagnostics[1]
      Request starting HTTP/1.1 GET http://127.0.0.1:45408/api/imap/v1/mapInfo/stations/25 - - -
info: Microsoft.AspNetCore.Routing.EndpointMiddleware[0]
      Executing endpoint 'HTTP: GET /api/imap/v1/mapInfo/stations/{mapId:int}'
info: Microsoft.AspNetCore.Http.Result.JsonResult[3]
      Writing value of type '<>f__AnonymousType5`3' as Json.
info: Microsoft.AspNetCore.Routing.EndpointMiddleware[1]
      Executed endpoint 'HTTP: GET /api/imap/v1/mapInfo/stations/{mapId:int}'
info: Microsoft.AspNetCore.Hosting.Diagnostics[2]
      Request finished HTTP/1.1 GET http://127.0.0.1:45408/api/imap/v1/mapInfo/stations/25 - 200 - application/json;+charset=utf-8 0.2306ms
info: Microsoft.AspNetCore.Hosting.Diagnostics[1]
      Request starting HTTP/1.1 GET http://127.0.0.1:45408/api/order/v1/orderRecord/detailByUpperId/W2G-9a3eed27-b9d7-43d1-a397-a4e18f7c71e9-PICKUP-1 - - -
info: Microsoft.AspNetCore.Routing.EndpointMiddleware[0]
      Executing endpoint 'HTTP: GET /api/order/v1/orderRecord/detailByUpperId/{upperId}'
info: Microsoft.AspNetCore.Http.Result.JsonResult[3]
      Writing value of type '<>f__AnonymousType5`3' as Json.
info: Microsoft.AspNetCore.Routing.EndpointMiddleware[1]
      Executed endpoint 'HTTP: GET /api/order/v1/orderRecord/detailByUpperId/{upperId}'
info: Microsoft.AspNetCore.Hosting.Diagnostics[2]
      Request finished HTTP/1.1 GET http://127.0.0.1:45408/api/order/v1/orderRecord/detailByUpperId/W2G-9a3eed27-b9d7-43d1-a397-a4e18f7c71e9-PICKUP-1 - 200 - application/json;+charset=utf-8 0.2906ms
info: Microsoft.AspNetCore.Hosting.Diagnostics[1]
      Request starting HTTP/1.1 GET http://127.0.0.1:45408/api/task/v1/task/getVehicleInfo/BROKERX-L2-0001 - - -
info: Microsoft.AspNetCore.Routing.EndpointMiddleware[0]
      Executing endpoint 'HTTP: GET /api/task/v1/task/getVehicleInfo/{deviceKey}'
info: Microsoft.AspNetCore.Http.Result.JsonResult[3]
      Writing value of type '<>f__AnonymousType7`2' as Json.
info: Microsoft.AspNetCore.Routing.EndpointMiddleware[1]
      Executed endpoint 'HTTP: GET /api/task/v1/task/getVehicleInfo/{deviceKey}'
info: Microsoft.AspNetCore.Hosting.Diagnostics[2]
      Request finished HTTP/1.1 GET http://127.0.0.1:45408/api/task/v1/task/getVehicleInfo/BROKERX-L2-0001 - 200 - application/json;+charset=utf-8 4.9630ms
info: Microsoft.AspNetCore.Hosting.Diagnostics[1]
      Request starting HTTP/1.1 GET http://127.0.0.1:45408/api/task/vehicles/getVehicleInfoByDeviceKey?key=BROKERX-L2-0001 - - -
info: Microsoft.AspNetCore.Routing.EndpointMiddleware[0]
      Executing endpoint 'HTTP: GET /api/task/vehicles/getVehicleInfoByDeviceKey'
info: Microsoft.AspNetCore.Http.Result.JsonResult[3]
      Writing value of type '<>f__AnonymousType5`3' as Json.
info: Microsoft.AspNetCore.Routing.EndpointMiddleware[1]
      Executed endpoint 'HTTP: GET /api/task/vehicles/getVehicleInfoByDeviceKey'
info: Microsoft.AspNetCore.Hosting.Diagnostics[2]
      Request finished HTTP/1.1 GET http://127.0.0.1:45408/api/task/vehicles/getVehicleInfoByDeviceKey?key=BROKERX-L2-0001 - 200 - application/json;+charset=utf-8 0.1687ms
info: Microsoft.AspNetCore.Hosting.Diagnostics[1]
      Request starting HTTP/1.1 GET http://127.0.0.1:45408/api/task/vehicles/getVehicleInfoByDeviceKey?key=BROKERX-L2-0001 - - -
info: Microsoft.AspNetCore.Routing.EndpointMiddleware[0]
      Executing endpoint 'HTTP: GET /api/task/vehicles/getVehicleInfoByDeviceKey'
info: Microsoft.AspNetCore.Http.Result.JsonResult[3]
      Writing value of type '<>f__AnonymousType5`3' as Json.
info: Microsoft.AspNetCore.Routing.EndpointMiddleware[1]
      Executed endpoint 'HTTP: GET /api/task/vehicles/getVehicleInfoByDeviceKey'
info: Microsoft.AspNetCore.Hosting.Diagnostics[2]
      Request finished HTTP/1.1 GET http://127.0.0.1:45408/api/task/vehicles/getVehicleInfoByDeviceKey?key=BROKERX-L2-0001 - 200 - application/json;+charset=utf-8 0.2227ms
info: Microsoft.AspNetCore.Hosting.Diagnostics[1]
      Request starting HTTP/1.1 POST http://127.0.0.1:45408/api/task/v1/route/getRouteCostsBy - application/json 60
info: Microsoft.AspNetCore.Routing.EndpointMiddleware[0]
      Executing endpoint 'HTTP: POST /api/task/v1/route/getRouteCostsBy'
info: Microsoft.AspNetCore.Http.Result.JsonResult[3]
      Writing value of type '<>f__AnonymousType5`3' as Json.
info: Microsoft.AspNetCore.Routing.EndpointMiddleware[1]
      Executed endpoint 'HTTP: POST /api/task/v1/route/getRouteCostsBy'
info: Microsoft.AspNetCore.Hosting.Diagnostics[2]
      Request finished HTTP/1.1 POST http://127.0.0.1:45408/api/task/v1/route/getRouteCostsBy - 200 - application/json;+charset=utf-8 0.3478ms
info: Microsoft.AspNetCore.Hosting.Diagnostics[1]
      Request starting HTTP/1.1 GET http://127.0.0.1:45408/api/task/vehicles/getVehicleInfoByDeviceKey?key=BROKERX-L2-0001 - - -
info: Microsoft.AspNetCore.Routing.EndpointMiddleware[0]
      Executing endpoint 'HTTP: GET /api/task/vehicles/getVehicleInfoByDeviceKey'
info: Microsoft.AspNetCore.Http.Result.JsonResult[3]
      Writing value of type '<>f__AnonymousType5`3' as Json.
info: Microsoft.AspNetCore.Routing.EndpointMiddleware[1]
      Executed endpoint 'HTTP: GET /api/task/vehicles/getVehicleInfoByDeviceKey'
info: Microsoft.AspNetCore.Hosting.Diagnostics[2]
      Request finished HTTP/1.1 GET http://127.0.0.1:45408/api/task/vehicles/getVehicleInfoByDeviceKey?key=BROKERX-L2-0001 - 200 - application/json;+charset=utf-8 0.1981ms
info: Microsoft.AspNetCore.Hosting.Diagnostics[1]
      Request starting HTTP/1.1 GET http://127.0.0.1:45408/control/v1/snapshot - - -
info: Microsoft.AspNetCore.Routing.EndpointMiddleware[0]
      Executing endpoint 'HTTP: GET /control/v1/snapshot'
info: Microsoft.AspNetCore.Http.Result.JsonResult[3]
      Writing value of type '<>f__AnonymousType0`6' as Json.
info: Microsoft.AspNetCore.Routing.EndpointMiddleware[1]
      Executed endpoint 'HTTP: GET /control/v1/snapshot'
info: Microsoft.AspNetCore.Hosting.Diagnostics[2]
      Request finished HTTP/1.1 GET http://127.0.0.1:45408/control/v1/snapshot - 200 - application/json;+charset=utf-8 4.6557ms
info: Microsoft.AspNetCore.Hosting.Diagnostics[1]
      Request starting HTTP/1.1 GET http://127.0.0.1:45408/control/v1/snapshot - - -
info: Microsoft.AspNetCore.Routing.EndpointMiddleware[0]
      Executing endpoint 'HTTP: GET /control/v1/snapshot'
info: Microsoft.AspNetCore.Http.Result.JsonResult[3]
      Writing value of type '<>f__AnonymousType0`6' as Json.
info: Microsoft.AspNetCore.Routing.EndpointMiddleware[1]
      Executed endpoint 'HTTP: GET /control/v1/snapshot'
info: Microsoft.AspNetCore.Hosting.Diagnostics[2]
      Request finished HTTP/1.1 GET http://127.0.0.1:45408/control/v1/snapshot - 200 - application/json;+charset=utf-8 0.4663ms
info: Microsoft.AspNetCore.Hosting.Diagnostics[1]
      Request starting HTTP/1.1 GET http://127.0.0.1:45408/api/imap/v1/mapResource/removedEdge/25 - - -
info: Microsoft.AspNetCore.Routing.EndpointMiddleware[0]
      Executing endpoint 'HTTP: GET /api/imap/v1/mapResource/removedEdge/{mapId:int}'
info: Microsoft.AspNetCore.Http.Result.JsonResult[3]
      Writing value of type '<>f__AnonymousType5`3' as Json.
info: Microsoft.AspNetCore.Routing.EndpointMiddleware[1]
      Executed endpoint 'HTTP: GET /api/imap/v1/mapResource/removedEdge/{mapId:int}'
info: Microsoft.AspNetCore.Hosting.Diagnostics[2]
      Request finished HTTP/1.1 GET http://127.0.0.1:45408/api/imap/v1/mapResource/removedEdge/25 - 200 - application/json;+charset=utf-8 0.1424ms
info: Microsoft.AspNetCore.Hosting.Diagnostics[1]
      Request starting HTTP/1.1 GET http://127.0.0.1:45408/api/imap/v1/mapResource/removedStation/25 - - -
info: Microsoft.AspNetCore.Routing.EndpointMiddleware[0]
      Executing endpoint 'HTTP: GET /api/imap/v1/mapResource/removedStation/{mapId:int}'
info: Microsoft.AspNetCore.Http.Result.JsonResult[3]
      Writing value of type '<>f__AnonymousType5`3' as Json.
info: Microsoft.AspNetCore.Routing.EndpointMiddleware[1]
      Executed endpoint 'HTTP: GET /api/imap/v1/mapResource/removedStation/{mapId:int}'
info: Microsoft.AspNetCore.Hosting.Diagnostics[2]
      Request finished HTTP/1.1 GET http://127.0.0.1:45408/api/imap/v1/mapResource/removedStation/25 - 200 - application/json;+charset=utf-8 0.1435ms
info: Microsoft.AspNetCore.Hosting.Diagnostics[1]
      Request starting HTTP/1.1 GET http://127.0.0.1:45408/api/imap/v1/mapEdgeGroup/all - - -
info: Microsoft.AspNetCore.Routing.EndpointMiddleware[0]
      Executing endpoint 'HTTP: GET /api/imap/v1/mapEdgeGroup/all'
info: Microsoft.AspNetCore.Http.Result.JsonResult[3]
      Writing value of type '<>f__AnonymousType5`3' as Json.
info: Microsoft.AspNetCore.Routing.EndpointMiddleware[1]
      Executed endpoint 'HTTP: GET /api/imap/v1/mapEdgeGroup/all'
info: Microsoft.AspNetCore.Hosting.Diagnostics[2]
      Request finished HTTP/1.1 GET http://127.0.0.1:45408/api/imap/v1/mapEdgeGroup/all - 200 - application/json;+charset=utf-8 0.1558ms
info: Microsoft.AspNetCore.Hosting.Diagnostics[1]
      Request starting HTTP/1.1 GET http://127.0.0.1:45408/api/task/v1/route/ - - -
info: Microsoft.AspNetCore.Routing.EndpointMiddleware[0]
      Executing endpoint 'HTTP: GET /api/task/v1/route/'
info: Microsoft.AspNetCore.Http.Result.JsonResult[3]
      Writing value of type '<>f__AnonymousType5`3' as Json.
info: Microsoft.AspNetCore.Routing.EndpointMiddleware[1]
      Executed endpoint 'HTTP: GET /api/task/v1/route/'
info: Microsoft.AspNetCore.Hosting.Diagnostics[2]
      Request finished HTTP/1.1 GET http://127.0.0.1:45408/api/task/v1/route/ - 200 - application/json;+charset=utf-8 0.0875ms
info: Microsoft.AspNetCore.Hosting.Diagnostics[1]
      Request starting HTTP/1.1 GET http://127.0.0.1:45408/api/imap/v1/mapInfo/stations/25 - - -
info: Microsoft.AspNetCore.Routing.EndpointMiddleware[0]
      Executing endpoint 'HTTP: GET /api/imap/v1/mapInfo/stations/{mapId:int}'
info: Microsoft.AspNetCore.Http.Result.JsonResult[3]
      Writing value of type '<>f__AnonymousType5`3' as Json.
info: Microsoft.AspNetCore.Routing.EndpointMiddleware[1]
      Executed endpoint 'HTTP: GET /api/imap/v1/mapInfo/stations/{mapId:int}'
info: Microsoft.AspNetCore.Hosting.Diagnostics[2]
      Request finished HTTP/1.1 GET http://127.0.0.1:45408/api/imap/v1/mapInfo/stations/25 - 200 - application/json;+charset=utf-8 0.1789ms
info: Microsoft.AspNetCore.Hosting.Diagnostics[1]
      Request starting HTTP/1.1 GET http://127.0.0.1:45408/api/order/v1/orderRecord/detailByUpperId/W2G-9a3eed27-b9d7-43d1-a397-a4e18f7c71e9-PICKUP-1 - - -
info: Microsoft.AspNetCore.Routing.EndpointMiddleware[0]
      Executing endpoint 'HTTP: GET /api/order/v1/orderRecord/detailByUpperId/{upperId}'
info: Microsoft.AspNetCore.Http.Result.JsonResult[3]
      Writing value of type '<>f__AnonymousType5`3' as Json.
info: Microsoft.AspNetCore.Routing.EndpointMiddleware[1]
      Executed endpoint 'HTTP: GET /api/order/v1/orderRecord/detailByUpperId/{upperId}'
info: Microsoft.AspNetCore.Hosting.Diagnostics[2]
      Request finished HTTP/1.1 GET http://127.0.0.1:45408/api/order/v1/orderRecord/detailByUpperId/W2G-9a3eed27-b9d7-43d1-a397-a4e18f7c71e9-PICKUP-1 - 200 - application/json;+charset=utf-8 0.1518ms
info: Microsoft.AspNetCore.Hosting.Diagnostics[1]
      Request starting HTTP/1.1 GET http://127.0.0.1:45408/api/task/v1/task/getVehicleInfo/BROKERX-L2-0001 - - -
info: Microsoft.AspNetCore.Routing.EndpointMiddleware[0]
      Executing endpoint 'HTTP: GET /api/task/v1/task/getVehicleInfo/{deviceKey}'
info: Microsoft.AspNetCore.Http.Result.JsonResult[3]
      Writing value of type '<>f__AnonymousType7`2' as Json.
info: Microsoft.AspNetCore.Routing.EndpointMiddleware[1]
      Executed endpoint 'HTTP: GET /api/task/v1/task/getVehicleInfo/{deviceKey}'
info: Microsoft.AspNetCore.Hosting.Diagnostics[2]
      Request finished HTTP/1.1 GET http://127.0.0.1:45408/api/task/v1/task/getVehicleInfo/BROKERX-L2-0001 - 200 - application/json;+charset=utf-8 0.2219ms
info: Microsoft.AspNetCore.Hosting.Diagnostics[1]
      Request starting HTTP/1.1 GET http://127.0.0.1:45408/api/task/vehicles/getVehicleInfoByDeviceKey?key=BROKERX-L2-0001 - - -
info: Microsoft.AspNetCore.Routing.EndpointMiddleware[0]
      Executing endpoint 'HTTP: GET /api/task/vehicles/getVehicleInfoByDeviceKey'
info: Microsoft.AspNetCore.Http.Result.JsonResult[3]
      Writing value of type '<>f__AnonymousType5`3' as Json.
info: Microsoft.AspNetCore.Routing.EndpointMiddleware[1]
      Executed endpoint 'HTTP: GET /api/task/vehicles/getVehicleInfoByDeviceKey'
info: Microsoft.AspNetCore.Hosting.Diagnostics[2]
      Request finished HTTP/1.1 GET http://127.0.0.1:45408/api/task/vehicles/getVehicleInfoByDeviceKey?key=BROKERX-L2-0001 - 200 - application/json;+charset=utf-8 0.2150ms
info: Microsoft.AspNetCore.Hosting.Diagnostics[1]
      Request starting HTTP/1.1 GET http://127.0.0.1:45408/api/task/vehicles/getVehicleInfoByDeviceKey?key=BROKERX-L2-0001 - - -
info: Microsoft.AspNetCore.Routing.EndpointMiddleware[0]
      Executing endpoint 'HTTP: GET /api/task/vehicles/getVehicleInfoByDeviceKey'
info: Microsoft.AspNetCore.Http.Result.JsonResult[3]
      Writing value of type '<>f__AnonymousType5`3' as Json.
info: Microsoft.AspNetCore.Routing.EndpointMiddleware[1]
      Executed endpoint 'HTTP: GET /api/task/vehicles/getVehicleInfoByDeviceKey'
info: Microsoft.AspNetCore.Hosting.Diagnostics[2]
      Request finished HTTP/1.1 GET http://127.0.0.1:45408/api/task/vehicles/getVehicleInfoByDeviceKey?key=BROKERX-L2-0001 - 200 - application/json;+charset=utf-8 0.1914ms
info: Microsoft.AspNetCore.Hosting.Diagnostics[1]
      Request starting HTTP/1.1 GET http://127.0.0.1:45408/control/v1/snapshot - - -
info: Microsoft.AspNetCore.Routing.EndpointMiddleware[0]
      Executing endpoint 'HTTP: GET /control/v1/snapshot'
info: Microsoft.AspNetCore.Http.Result.JsonResult[3]
      Writing value of type '<>f__AnonymousType0`6' as Json.
info: Microsoft.AspNetCore.Routing.EndpointMiddleware[1]
      Executed endpoint 'HTTP: GET /control/v1/snapshot'
info: Microsoft.AspNetCore.Hosting.Diagnostics[2]
      Request finished HTTP/1.1 GET http://127.0.0.1:45408/control/v1/snapshot - 200 - application/json;+charset=utf-8 0.2831ms
info: Microsoft.AspNetCore.Hosting.Diagnostics[1]
      Request starting HTTP/1.1 POST http://127.0.0.1:45408/api/task/v1/route/getRouteCostsBy - application/json 60
info: Microsoft.AspNetCore.Routing.EndpointMiddleware[0]
      Executing endpoint 'HTTP: POST /api/task/v1/route/getRouteCostsBy'
info: Microsoft.AspNetCore.Http.Result.JsonResult[3]
      Writing value of type '<>f__AnonymousType5`3' as Json.
info: Microsoft.AspNetCore.Routing.EndpointMiddleware[1]
      Executed endpoint 'HTTP: POST /api/task/v1/route/getRouteCostsBy'
info: Microsoft.AspNetCore.Hosting.Diagnostics[2]
      Request finished HTTP/1.1 POST http://127.0.0.1:45408/api/task/v1/route/getRouteCostsBy - 200 - application/json;+charset=utf-8 0.3810ms
info: Microsoft.AspNetCore.Hosting.Diagnostics[1]
      Request starting HTTP/1.1 GET http://127.0.0.1:45408/api/task/vehicles/getVehicleInfoByDeviceKey?key=BROKERX-L2-0001 - - -
info: Microsoft.AspNetCore.Routing.EndpointMiddleware[0]
      Executing endpoint 'HTTP: GET /api/task/vehicles/getVehicleInfoByDeviceKey'
info: Microsoft.AspNetCore.Http.Result.JsonResult[3]
      Writing value of type '<>f__AnonymousType5`3' as Json.
info: Microsoft.AspNetCore.Routing.EndpointMiddleware[1]
      Executed endpoint 'HTTP: GET /api/task/vehicles/getVehicleInfoByDeviceKey'
info: Microsoft.AspNetCore.Hosting.Diagnostics[2]
      Request finished HTTP/1.1 GET http://127.0.0.1:45408/api/task/vehicles/getVehicleInfoByDeviceKey?key=BROKERX-L2-0001 - 200 - application/json;+charset=utf-8 0.1969ms
info: Microsoft.AspNetCore.Hosting.Diagnostics[1]
      Request starting HTTP/1.1 GET http://127.0.0.1:45408/control/v1/snapshot - - -
info: Microsoft.AspNetCore.Routing.EndpointMiddleware[0]
      Executing endpoint 'HTTP: GET /control/v1/snapshot'
info: Microsoft.AspNetCore.Http.Result.JsonResult[3]
      Writing value of type '<>f__AnonymousType0`6' as Json.
info: Microsoft.AspNetCore.Routing.EndpointMiddleware[1]
      Executed endpoint 'HTTP: GET /control/v1/snapshot'
info: Microsoft.AspNetCore.Hosting.Diagnostics[2]
      Request finished HTTP/1.1 GET http://127.0.0.1:45408/control/v1/snapshot - 200 - application/json;+charset=utf-8 0.4167ms
info: Microsoft.AspNetCore.Hosting.Diagnostics[1]
      Request starting HTTP/1.1 GET http://127.0.0.1:45408/control/v1/snapshot - - -
info: Microsoft.AspNetCore.Routing.EndpointMiddleware[0]
      Executing endpoint 'HTTP: GET /control/v1/snapshot'
info: Microsoft.AspNetCore.Http.Result.JsonResult[3]
      Writing value of type '<>f__AnonymousType0`6' as Json.
info: Microsoft.AspNetCore.Routing.EndpointMiddleware[1]
      Executed endpoint 'HTTP: GET /control/v1/snapshot'
info: Microsoft.AspNetCore.Hosting.Diagnostics[2]
      Request finished HTTP/1.1 GET http://127.0.0.1:45408/control/v1/snapshot - 200 - application/json;+charset=utf-8 0.3697ms
info: Microsoft.AspNetCore.Hosting.Diagnostics[1]
      Request starting HTTP/1.1 GET http://127.0.0.1:45408/control/v1/snapshot - - -
info: Microsoft.AspNetCore.Routing.EndpointMiddleware[0]
      Executing endpoint 'HTTP: GET /control/v1/snapshot'
info: Microsoft.AspNetCore.Http.Result.JsonResult[3]
      Writing value of type '<>f__AnonymousType0`6' as Json.
info: Microsoft.AspNetCore.Routing.EndpointMiddleware[1]
      Executed endpoint 'HTTP: GET /control/v1/snapshot'
info: Microsoft.AspNetCore.Hosting.Diagnostics[2]
      Request finished HTTP/1.1 GET http://127.0.0.1:45408/control/v1/snapshot - 200 - application/json;+charset=utf-8 0.3415ms
info: Microsoft.AspNetCore.Hosting.Diagnostics[1]
      Request starting HTTP/1.1 GET http://127.0.0.1:45408/api/imap/v1/mapResource/removedEdge/25 - - -
info: Microsoft.AspNetCore.Routing.EndpointMiddleware[0]
      Executing endpoint 'HTTP: GET /api/imap/v1/mapResource/removedEdge/{mapId:int}'
info: Microsoft.AspNetCore.Http.Result.JsonResult[3]
      Writing value of type '<>f__AnonymousType5`3' as Json.
info: Microsoft.AspNetCore.Routing.EndpointMiddleware[1]
      Executed endpoint 'HTTP: GET /api/imap/v1/mapResource/removedEdge/{mapId:int}'
info: Microsoft.AspNetCore.Hosting.Diagnostics[2]
      Request finished HTTP/1.1 GET http://127.0.0.1:45408/api/imap/v1/mapResource/removedEdge/25 - 200 - application/json;+charset=utf-8 0.2029ms
info: Microsoft.AspNetCore.Hosting.Diagnostics[1]
      Request starting HTTP/1.1 GET http://127.0.0.1:45408/api/imap/v1/mapResource/removedStation/25 - - -
info: Microsoft.AspNetCore.Routing.EndpointMiddleware[0]
      Executing endpoint 'HTTP: GET /api/imap/v1/mapResource/removedStation/{mapId:int}'
info: Microsoft.AspNetCore.Http.Result.JsonResult[3]
      Writing value of type '<>f__AnonymousType5`3' as Json.
info: Microsoft.AspNetCore.Routing.EndpointMiddleware[1]
      Executed endpoint 'HTTP: GET /api/imap/v1/mapResource/removedStation/{mapId:int}'
info: Microsoft.AspNetCore.Hosting.Diagnostics[2]
      Request finished HTTP/1.1 GET http://127.0.0.1:45408/api/imap/v1/mapResource/removedStation/25 - 200 - application/json;+charset=utf-8 0.2743ms
info: Microsoft.AspNetCore.Hosting.Diagnostics[1]
      Request starting HTTP/1.1 GET http://127.0.0.1:45408/api/imap/v1/mapEdgeGroup/all - - -
info: Microsoft.AspNetCore.Routing.EndpointMiddleware[0]
      Executing endpoint 'HTTP: GET /api/imap/v1/mapEdgeGroup/all'
info: Microsoft.AspNetCore.Http.Result.JsonResult[3]
      Writing value of type '<>f__AnonymousType5`3' as Json.
info: Microsoft.AspNetCore.Routing.EndpointMiddleware[1]
      Executed endpoint 'HTTP: GET /api/imap/v1/mapEdgeGroup/all'
info: Microsoft.AspNetCore.Hosting.Diagnostics[2]
      Request finished HTTP/1.1 GET http://127.0.0.1:45408/api/imap/v1/mapEdgeGroup/all - 200 - application/json;+charset=utf-8 0.1439ms
info: Microsoft.AspNetCore.Hosting.Diagnostics[1]
      Request starting HTTP/1.1 GET http://127.0.0.1:45408/api/task/v1/route/ - - -
info: Microsoft.AspNetCore.Routing.EndpointMiddleware[0]
      Executing endpoint 'HTTP: GET /api/task/v1/route/'
info: Microsoft.AspNetCore.Http.Result.JsonResult[3]
      Writing value of type '<>f__AnonymousType5`3' as Json.
info: Microsoft.AspNetCore.Routing.EndpointMiddleware[1]
      Executed endpoint 'HTTP: GET /api/task/v1/route/'
info: Microsoft.AspNetCore.Hosting.Diagnostics[2]
      Request finished HTTP/1.1 GET http://127.0.0.1:45408/api/task/v1/route/ - 200 - application/json;+charset=utf-8 0.1630ms
info: Microsoft.AspNetCore.Hosting.Diagnostics[1]
      Request starting HTTP/1.1 GET http://127.0.0.1:45408/api/imap/v1/mapInfo/stations/25 - - -
info: Microsoft.AspNetCore.Routing.EndpointMiddleware[0]
      Executing endpoint 'HTTP: GET /api/imap/v1/mapInfo/stations/{mapId:int}'
info: Microsoft.AspNetCore.Http.Result.JsonResult[3]
      Writing value of type '<>f__AnonymousType5`3' as Json.
info: Microsoft.AspNetCore.Routing.EndpointMiddleware[1]
      Executed endpoint 'HTTP: GET /api/imap/v1/mapInfo/stations/{mapId:int}'
info: Microsoft.AspNetCore.Hosting.Diagnostics[2]
      Request finished HTTP/1.1 GET http://127.0.0.1:45408/api/imap/v1/mapInfo/stations/25 - 200 - application/json;+charset=utf-8 0.1443ms
info: Microsoft.AspNetCore.Hosting.Diagnostics[1]
      Request starting HTTP/1.1 GET http://127.0.0.1:45408/api/order/v1/orderRecord/detailByUpperId/W2G-9a3eed27-b9d7-43d1-a397-a4e18f7c71e9-PICKUP-1 - - -
info: Microsoft.AspNetCore.Routing.EndpointMiddleware[0]
      Executing endpoint 'HTTP: GET /api/order/v1/orderRecord/detailByUpperId/{upperId}'
info: Microsoft.AspNetCore.Http.Result.JsonResult[3]
      Writing value of type '<>f__AnonymousType5`3' as Json.
info: Microsoft.AspNetCore.Routing.EndpointMiddleware[1]
      Executed endpoint 'HTTP: GET /api/order/v1/orderRecord/detailByUpperId/{upperId}'
info: Microsoft.AspNetCore.Hosting.Diagnostics[2]
      Request finished HTTP/1.1 GET http://127.0.0.1:45408/api/order/v1/orderRecord/detailByUpperId/W2G-9a3eed27-b9d7-43d1-a397-a4e18f7c71e9-PICKUP-1 - 200 - application/json;+charset=utf-8 0.1658ms
info: Microsoft.AspNetCore.Hosting.Diagnostics[1]
      Request starting HTTP/1.1 GET http://127.0.0.1:45408/api/task/v1/task/getVehicleInfo/BROKERX-L2-0001 - - -
info: Microsoft.AspNetCore.Routing.EndpointMiddleware[0]
      Executing endpoint 'HTTP: GET /api/task/v1/task/getVehicleInfo/{deviceKey}'
info: Microsoft.AspNetCore.Http.Result.JsonResult[3]
      Writing value of type '<>f__AnonymousType7`2' as Json.
info: Microsoft.AspNetCore.Routing.EndpointMiddleware[1]
      Executed endpoint 'HTTP: GET /api/task/v1/task/getVehicleInfo/{deviceKey}'
info: Microsoft.AspNetCore.Hosting.Diagnostics[2]
      Request finished HTTP/1.1 GET http://127.0.0.1:45408/api/task/v1/task/getVehicleInfo/BROKERX-L2-0001 - 200 - application/json;+charset=utf-8 0.1207ms
info: Microsoft.AspNetCore.Hosting.Diagnostics[1]
      Request starting HTTP/1.1 GET http://127.0.0.1:45408/api/task/vehicles/getVehicleInfoByDeviceKey?key=BROKERX-L2-0001 - - -
info: Microsoft.AspNetCore.Routing.EndpointMiddleware[0]
      Executing endpoint 'HTTP: GET /api/task/vehicles/getVehicleInfoByDeviceKey'
info: Microsoft.AspNetCore.Http.Result.JsonResult[3]
      Writing value of type '<>f__AnonymousType5`3' as Json.
info: Microsoft.AspNetCore.Routing.EndpointMiddleware[1]
      Executed endpoint 'HTTP: GET /api/task/vehicles/getVehicleInfoByDeviceKey'
info: Microsoft.AspNetCore.Hosting.Diagnostics[2]
      Request finished HTTP/1.1 GET http://127.0.0.1:45408/api/task/vehicles/getVehicleInfoByDeviceKey?key=BROKERX-L2-0001 - 200 - application/json;+charset=utf-8 0.1190ms
info: Microsoft.AspNetCore.Hosting.Diagnostics[1]
      Request starting HTTP/1.1 GET http://127.0.0.1:45408/api/task/vehicles/getVehicleInfoByDeviceKey?key=BROKERX-L2-0001 - - -
info: Microsoft.AspNetCore.Routing.EndpointMiddleware[0]
      Executing endpoint 'HTTP: GET /api/task/vehicles/getVehicleInfoByDeviceKey'
info: Microsoft.AspNetCore.Http.Result.JsonResult[3]
      Writing value of type '<>f__AnonymousType5`3' as Json.
info: Microsoft.AspNetCore.Routing.EndpointMiddleware[1]
      Executed endpoint 'HTTP: GET /api/task/vehicles/getVehicleInfoByDeviceKey'
info: Microsoft.AspNetCore.Hosting.Diagnostics[2]
      Request finished HTTP/1.1 GET http://127.0.0.1:45408/api/task/vehicles/getVehicleInfoByDeviceKey?key=BROKERX-L2-0001 - 200 - application/json;+charset=utf-8 0.2514ms
info: Microsoft.AspNetCore.Hosting.Diagnostics[1]
      Request starting HTTP/1.1 POST http://127.0.0.1:45408/api/task/v1/route/getRouteCostsBy - application/json 60
info: Microsoft.AspNetCore.Routing.EndpointMiddleware[0]
      Executing endpoint 'HTTP: POST /api/task/v1/route/getRouteCostsBy'
info: Microsoft.AspNetCore.Http.Result.JsonResult[3]
      Writing value of type '<>f__AnonymousType5`3' as Json.
info: Microsoft.AspNetCore.Routing.EndpointMiddleware[1]
      Executed endpoint 'HTTP: POST /api/task/v1/route/getRouteCostsBy'
info: Microsoft.AspNetCore.Hosting.Diagnostics[2]
      Request finished HTTP/1.1 POST http://127.0.0.1:45408/api/task/v1/route/getRouteCostsBy - 200 - application/json;+charset=utf-8 0.3900ms
info: Microsoft.AspNetCore.Hosting.Diagnostics[1]
      Request starting HTTP/1.1 GET http://127.0.0.1:45408/control/v1/snapshot - - -
info: Microsoft.AspNetCore.Routing.EndpointMiddleware[0]
      Executing endpoint 'HTTP: GET /control/v1/snapshot'
info: Microsoft.AspNetCore.Http.Result.JsonResult[3]
      Writing value of type '<>f__AnonymousType0`6' as Json.
info: Microsoft.AspNetCore.Routing.EndpointMiddleware[1]
      Executed endpoint 'HTTP: GET /control/v1/snapshot'
info: Microsoft.AspNetCore.Hosting.Diagnostics[2]
      Request finished HTTP/1.1 GET http://127.0.0.1:45408/control/v1/snapshot - 200 - application/json;+charset=utf-8 0.4182ms
info: Microsoft.AspNetCore.Hosting.Diagnostics[1]
      Request starting HTTP/1.1 GET http://127.0.0.1:45408/api/task/vehicles/getVehicleInfoByDeviceKey?key=BROKERX-L2-0001 - - -
info: Microsoft.AspNetCore.Routing.EndpointMiddleware[0]
      Executing endpoint 'HTTP: GET /api/task/vehicles/getVehicleInfoByDeviceKey'
info: Microsoft.AspNetCore.Http.Result.JsonResult[3]
      Writing value of type '<>f__AnonymousType5`3' as Json.
info: Microsoft.AspNetCore.Routing.EndpointMiddleware[1]
      Executed endpoint 'HTTP: GET /api/task/vehicles/getVehicleInfoByDeviceKey'
info: Microsoft.AspNetCore.Hosting.Diagnostics[2]
      Request finished HTTP/1.1 GET http://127.0.0.1:45408/api/task/vehicles/getVehicleInfoByDeviceKey?key=BROKERX-L2-0001 - 200 - application/json;+charset=utf-8 0.2936ms
info: Microsoft.AspNetCore.Hosting.Diagnostics[1]
      Request starting HTTP/1.1 GET http://127.0.0.1:45408/control/v1/snapshot - - -
info: Microsoft.AspNetCore.Routing.EndpointMiddleware[0]
      Executing endpoint 'HTTP: GET /control/v1/snapshot'
info: Microsoft.AspNetCore.Http.Result.JsonResult[3]
      Writing value of type '<>f__AnonymousType0`6' as Json.
info: Microsoft.AspNetCore.Routing.EndpointMiddleware[1]
      Executed endpoint 'HTTP: GET /control/v1/snapshot'
info: Microsoft.AspNetCore.Hosting.Diagnostics[2]
      Request finished HTTP/1.1 GET http://127.0.0.1:45408/control/v1/snapshot - 200 - application/json;+charset=utf-8 0.5180ms
info: Microsoft.AspNetCore.Hosting.Diagnostics[1]
      Request starting HTTP/1.1 GET http://127.0.0.1:45408/control/v1/snapshot - - -
info: Microsoft.AspNetCore.Routing.EndpointMiddleware[0]
      Executing endpoint 'HTTP: GET /control/v1/snapshot'
info: Microsoft.AspNetCore.Http.Result.JsonResult[3]
      Writing value of type '<>f__AnonymousType0`6' as Json.
info: Microsoft.AspNetCore.Routing.EndpointMiddleware[1]
      Executed endpoint 'HTTP: GET /control/v1/snapshot'
info: Microsoft.AspNetCore.Hosting.Diagnostics[2]
      Request finished HTTP/1.1 GET http://127.0.0.1:45408/control/v1/snapshot - 200 - application/json;+charset=utf-8 0.3302ms
info: Microsoft.AspNetCore.Hosting.Diagnostics[1]
      Request starting HTTP/1.1 GET http://127.0.0.1:45408/api/imap/v1/mapResource/removedEdge/25 - - -
info: Microsoft.AspNetCore.Routing.EndpointMiddleware[0]
      Executing endpoint 'HTTP: GET /api/imap/v1/mapResource/removedEdge/{mapId:int}'
info: Microsoft.AspNetCore.Http.Result.JsonResult[3]
      Writing value of type '<>f__AnonymousType5`3' as Json.
info: Microsoft.AspNetCore.Routing.EndpointMiddleware[1]
      Executed endpoint 'HTTP: GET /api/imap/v1/mapResource/removedEdge/{mapId:int}'
info: Microsoft.AspNetCore.Hosting.Diagnostics[2]
      Request finished HTTP/1.1 GET http://127.0.0.1:45408/api/imap/v1/mapResource/removedEdge/25 - 200 - application/json;+charset=utf-8 0.2674ms
info: Microsoft.AspNetCore.Hosting.Diagnostics[1]
      Request starting HTTP/1.1 GET http://127.0.0.1:45408/api/imap/v1/mapResource/removedStation/25 - - -
info: Microsoft.AspNetCore.Routing.EndpointMiddleware[0]
      Executing endpoint 'HTTP: GET /api/imap/v1/mapResource/removedStation/{mapId:int}'
info: Microsoft.AspNetCore.Http.Result.JsonResult[3]
      Writing value of type '<>f__AnonymousType5`3' as Json.
info: Microsoft.AspNetCore.Routing.EndpointMiddleware[1]
      Executed endpoint 'HTTP: GET /api/imap/v1/mapResource/removedStation/{mapId:int}'
info: Microsoft.AspNetCore.Hosting.Diagnostics[2]
      Request finished HTTP/1.1 GET http://127.0.0.1:45408/api/imap/v1/mapResource/removedStation/25 - 200 - application/json;+charset=utf-8 0.1620ms
info: Microsoft.AspNetCore.Hosting.Diagnostics[1]
      Request starting HTTP/1.1 GET http://127.0.0.1:45408/api/imap/v1/mapEdgeGroup/all - - -
info: Microsoft.AspNetCore.Routing.EndpointMiddleware[0]
      Executing endpoint 'HTTP: GET /api/imap/v1/mapEdgeGroup/all'
info: Microsoft.AspNetCore.Http.Result.JsonResult[3]
      Writing value of type '<>f__AnonymousType5`3' as Json.
info: Microsoft.AspNetCore.Routing.EndpointMiddleware[1]
      Executed endpoint 'HTTP: GET /api/imap/v1/mapEdgeGroup/all'
info: Microsoft.AspNetCore.Hosting.Diagnostics[2]
      Request finished HTTP/1.1 GET http://127.0.0.1:45408/api/imap/v1/mapEdgeGroup/all - 200 - application/json;+charset=utf-8 0.1395ms
info: Microsoft.AspNetCore.Hosting.Diagnostics[1]
      Request starting HTTP/1.1 GET http://127.0.0.1:45408/api/task/v1/route/ - - -
info: Microsoft.AspNetCore.Routing.EndpointMiddleware[0]
      Executing endpoint 'HTTP: GET /api/task/v1/route/'
info: Microsoft.AspNetCore.Http.Result.JsonResult[3]
      Writing value of type '<>f__AnonymousType5`3' as Json.
info: Microsoft.AspNetCore.Routing.EndpointMiddleware[1]
      Executed endpoint 'HTTP: GET /api/task/v1/route/'
info: Microsoft.AspNetCore.Hosting.Diagnostics[2]
      Request finished HTTP/1.1 GET http://127.0.0.1:45408/api/task/v1/route/ - 200 - application/json;+charset=utf-8 0.1664ms
info: Microsoft.AspNetCore.Hosting.Diagnostics[1]
      Request starting HTTP/1.1 GET http://127.0.0.1:45408/control/v1/snapshot - - -
info: Microsoft.AspNetCore.Routing.EndpointMiddleware[0]
      Executing endpoint 'HTTP: GET /control/v1/snapshot'
info: Microsoft.AspNetCore.Http.Result.JsonResult[3]
      Writing value of type '<>f__AnonymousType0`6' as Json.
info: Microsoft.AspNetCore.Routing.EndpointMiddleware[1]
      Executed endpoint 'HTTP: GET /control/v1/snapshot'
info: Microsoft.AspNetCore.Hosting.Diagnostics[2]
      Request finished HTTP/1.1 GET http://127.0.0.1:45408/control/v1/snapshot - 200 - application/json;+charset=utf-8 0.3732ms
info: Microsoft.AspNetCore.Hosting.Diagnostics[1]
      Request starting HTTP/1.1 GET http://127.0.0.1:45408/api/imap/v1/mapInfo/stations/25 - - -
info: Microsoft.AspNetCore.Routing.EndpointMiddleware[0]
      Executing endpoint 'HTTP: GET /api/imap/v1/mapInfo/stations/{mapId:int}'
info: Microsoft.AspNetCore.Http.Result.JsonResult[3]
      Writing value of type '<>f__AnonymousType5`3' as Json.
info: Microsoft.AspNetCore.Routing.EndpointMiddleware[1]
      Executed endpoint 'HTTP: GET /api/imap/v1/mapInfo/stations/{mapId:int}'
info: Microsoft.AspNetCore.Hosting.Diagnostics[2]
      Request finished HTTP/1.1 GET http://127.0.0.1:45408/api/imap/v1/mapInfo/stations/25 - 200 - application/json;+charset=utf-8 0.2016ms
info: Microsoft.AspNetCore.Hosting.Diagnostics[1]
      Request starting HTTP/1.1 GET http://127.0.0.1:45408/api/order/v1/orderRecord/detailByUpperId/W2G-9a3eed27-b9d7-43d1-a397-a4e18f7c71e9-PICKUP-1 - - -
info: Microsoft.AspNetCore.Routing.EndpointMiddleware[0]
      Executing endpoint 'HTTP: GET /api/order/v1/orderRecord/detailByUpperId/{upperId}'
info: Microsoft.AspNetCore.Http.Result.JsonResult[3]
      Writing value of type '<>f__AnonymousType5`3' as Json.
info: Microsoft.AspNetCore.Routing.EndpointMiddleware[1]
      Executed endpoint 'HTTP: GET /api/order/v1/orderRecord/detailByUpperId/{upperId}'
info: Microsoft.AspNetCore.Hosting.Diagnostics[2]
      Request finished HTTP/1.1 GET http://127.0.0.1:45408/api/order/v1/orderRecord/detailByUpperId/W2G-9a3eed27-b9d7-43d1-a397-a4e18f7c71e9-PICKUP-1 - 200 - application/json;+charset=utf-8 0.2600ms
info: Microsoft.AspNetCore.Hosting.Diagnostics[1]
      Request starting HTTP/1.1 GET http://127.0.0.1:45408/api/task/v1/task/getVehicleInfo/BROKERX-L2-0001 - - -
info: Microsoft.AspNetCore.Routing.EndpointMiddleware[0]
      Executing endpoint 'HTTP: GET /api/task/v1/task/getVehicleInfo/{deviceKey}'
info: Microsoft.AspNetCore.Http.Result.JsonResult[3]
      Writing value of type '<>f__AnonymousType7`2' as Json.
info: Microsoft.AspNetCore.Routing.EndpointMiddleware[1]
      Executed endpoint 'HTTP: GET /api/task/v1/task/getVehicleInfo/{deviceKey}'
info: Microsoft.AspNetCore.Hosting.Diagnostics[2]
      Request finished HTTP/1.1 GET http://127.0.0.1:45408/api/task/v1/task/getVehicleInfo/BROKERX-L2-0001 - 200 - application/json;+charset=utf-8 0.1256ms
info: Microsoft.AspNetCore.Hosting.Diagnostics[1]
      Request starting HTTP/1.1 GET http://127.0.0.1:45408/api/task/vehicles/getVehicleInfoByDeviceKey?key=BROKERX-L2-0001 - - -
info: Microsoft.AspNetCore.Routing.EndpointMiddleware[0]
      Executing endpoint 'HTTP: GET /api/task/vehicles/getVehicleInfoByDeviceKey'
info: Microsoft.AspNetCore.Http.Result.JsonResult[3]
      Writing value of type '<>f__AnonymousType5`3' as Json.
info: Microsoft.AspNetCore.Routing.EndpointMiddleware[1]
      Executed endpoint 'HTTP: GET /api/task/vehicles/getVehicleInfoByDeviceKey'
info: Microsoft.AspNetCore.Hosting.Diagnostics[2]
      Request finished HTTP/1.1 GET http://127.0.0.1:45408/api/task/vehicles/getVehicleInfoByDeviceKey?key=BROKERX-L2-0001 - 200 - application/json;+charset=utf-8 0.1243ms
info: Microsoft.AspNetCore.Hosting.Diagnostics[1]
      Request starting HTTP/1.1 GET http://127.0.0.1:45408/api/task/vehicles/getVehicleInfoByDeviceKey?key=BROKERX-L2-0001 - - -
info: Microsoft.AspNetCore.Routing.EndpointMiddleware[0]
      Executing endpoint 'HTTP: GET /api/task/vehicles/getVehicleInfoByDeviceKey'
info: Microsoft.AspNetCore.Http.Result.JsonResult[3]
      Writing value of type '<>f__AnonymousType5`3' as Json.
info: Microsoft.AspNetCore.Routing.EndpointMiddleware[1]
      Executed endpoint 'HTTP: GET /api/task/vehicles/getVehicleInfoByDeviceKey'
info: Microsoft.AspNetCore.Hosting.Diagnostics[2]
      Request finished HTTP/1.1 GET http://127.0.0.1:45408/api/task/vehicles/getVehicleInfoByDeviceKey?key=BROKERX-L2-0001 - 200 - application/json;+charset=utf-8 0.1629ms
info: Microsoft.AspNetCore.Hosting.Diagnostics[1]
      Request starting HTTP/1.1 POST http://127.0.0.1:45408/api/task/v1/route/getRouteCostsBy - application/json 60
info: Microsoft.AspNetCore.Routing.EndpointMiddleware[0]
      Executing endpoint 'HTTP: POST /api/task/v1/route/getRouteCostsBy'
info: Microsoft.AspNetCore.Http.Result.JsonResult[3]
      Writing value of type '<>f__AnonymousType5`3' as Json.
info: Microsoft.AspNetCore.Routing.EndpointMiddleware[1]
      Executed endpoint 'HTTP: POST /api/task/v1/route/getRouteCostsBy'
info: Microsoft.AspNetCore.Hosting.Diagnostics[2]
      Request finished HTTP/1.1 POST http://127.0.0.1:45408/api/task/v1/route/getRouteCostsBy - 200 - application/json;+charset=utf-8 0.5723ms
info: Microsoft.AspNetCore.Hosting.Diagnostics[1]
      Request starting HTTP/1.1 GET http://127.0.0.1:45408/api/task/vehicles/getVehicleInfoByDeviceKey?key=BROKERX-L2-0001 - - -
info: Microsoft.AspNetCore.Routing.EndpointMiddleware[0]
      Executing endpoint 'HTTP: GET /api/task/vehicles/getVehicleInfoByDeviceKey'
info: Microsoft.AspNetCore.Http.Result.JsonResult[3]
      Writing value of type '<>f__AnonymousType5`3' as Json.
info: Microsoft.AspNetCore.Routing.EndpointMiddleware[1]
      Executed endpoint 'HTTP: GET /api/task/vehicles/getVehicleInfoByDeviceKey'
info: Microsoft.AspNetCore.Hosting.Diagnostics[2]
      Request finished HTTP/1.1 GET http://127.0.0.1:45408/api/task/vehicles/getVehicleInfoByDeviceKey?key=BROKERX-L2-0001 - 200 - application/json;+charset=utf-8 0.1425ms
info: Microsoft.AspNetCore.Hosting.Diagnostics[1]
      Request starting HTTP/1.1 GET http://127.0.0.1:45408/control/v1/snapshot - - -
info: Microsoft.AspNetCore.Routing.EndpointMiddleware[0]
      Executing endpoint 'HTTP: GET /control/v1/snapshot'
info: Microsoft.AspNetCore.Http.Result.JsonResult[3]
      Writing value of type '<>f__AnonymousType0`6' as Json.
info: Microsoft.AspNetCore.Routing.EndpointMiddleware[1]
      Executed endpoint 'HTTP: GET /control/v1/snapshot'
info: Microsoft.AspNetCore.Hosting.Diagnostics[2]
      Request finished HTTP/1.1 GET http://127.0.0.1:45408/control/v1/snapshot - 200 - application/json;+charset=utf-8 0.4115ms
info: Microsoft.AspNetCore.Hosting.Diagnostics[1]
      Request starting HTTP/1.1 GET http://127.0.0.1:45408/control/v1/snapshot - - -
info: Microsoft.AspNetCore.Routing.EndpointMiddleware[0]
      Executing endpoint 'HTTP: GET /control/v1/snapshot'
info: Microsoft.AspNetCore.Http.Result.JsonResult[3]
      Writing value of type '<>f__AnonymousType0`6' as Json.
info: Microsoft.AspNetCore.Routing.EndpointMiddleware[1]
      Executed endpoint 'HTTP: GET /control/v1/snapshot'
info: Microsoft.AspNetCore.Hosting.Diagnostics[2]
      Request finished HTTP/1.1 GET http://127.0.0.1:45408/control/v1/snapshot - 200 - application/json;+charset=utf-8 0.2636ms
info: Microsoft.AspNetCore.Hosting.Diagnostics[1]
      Request starting HTTP/1.1 GET http://127.0.0.1:45408/control/v1/snapshot - - -
info: Microsoft.AspNetCore.Routing.EndpointMiddleware[0]
      Executing endpoint 'HTTP: GET /control/v1/snapshot'
info: Microsoft.AspNetCore.Http.Result.JsonResult[3]
      Writing value of type '<>f__AnonymousType0`6' as Json.
info: Microsoft.AspNetCore.Routing.EndpointMiddleware[1]
      Executed endpoint 'HTTP: GET /control/v1/snapshot'
info: Microsoft.AspNetCore.Hosting.Diagnostics[2]
      Request finished HTTP/1.1 GET http://127.0.0.1:45408/control/v1/snapshot - 200 - application/json;+charset=utf-8 0.3598ms
info: Microsoft.AspNetCore.Hosting.Diagnostics[1]
      Request starting HTTP/1.1 GET http://127.0.0.1:45408/api/imap/v1/mapResource/removedEdge/25 - - -
info: Microsoft.AspNetCore.Routing.EndpointMiddleware[0]
      Executing endpoint 'HTTP: GET /api/imap/v1/mapResource/removedEdge/{mapId:int}'
info: Microsoft.AspNetCore.Http.Result.JsonResult[3]
      Writing value of type '<>f__AnonymousType5`3' as Json.
info: Microsoft.AspNetCore.Routing.EndpointMiddleware[1]
      Executed endpoint 'HTTP: GET /api/imap/v1/mapResource/removedEdge/{mapId:int}'
info: Microsoft.AspNetCore.Hosting.Diagnostics[2]
      Request finished HTTP/1.1 GET http://127.0.0.1:45408/api/imap/v1/mapResource/removedEdge/25 - 200 - application/json;+charset=utf-8 0.2136ms
info: Microsoft.AspNetCore.Hosting.Diagnostics[1]
      Request starting HTTP/1.1 GET http://127.0.0.1:45408/api/imap/v1/mapResource/removedStation/25 - - -
info: Microsoft.AspNetCore.Routing.EndpointMiddleware[0]
      Executing endpoint 'HTTP: GET /api/imap/v1/mapResource/removedStation/{mapId:int}'
info: Microsoft.AspNetCore.Http.Result.JsonResult[3]
      Writing value of type '<>f__AnonymousType5`3' as Json.
info: Microsoft.AspNetCore.Routing.EndpointMiddleware[1]
      Executed endpoint 'HTTP: GET /api/imap/v1/mapResource/removedStation/{mapId:int}'
info: Microsoft.AspNetCore.Hosting.Diagnostics[2]
      Request finished HTTP/1.1 GET http://127.0.0.1:45408/api/imap/v1/mapResource/removedStation/25 - 200 - application/json;+charset=utf-8 0.1983ms
info: Microsoft.AspNetCore.Hosting.Diagnostics[1]
      Request starting HTTP/1.1 GET http://127.0.0.1:45408/api/imap/v1/mapEdgeGroup/all - - -
info: Microsoft.AspNetCore.Routing.EndpointMiddleware[0]
      Executing endpoint 'HTTP: GET /api/imap/v1/mapEdgeGroup/all'
info: Microsoft.AspNetCore.Http.Result.JsonResult[3]
      Writing value of type '<>f__AnonymousType5`3' as Json.
info: Microsoft.AspNetCore.Routing.EndpointMiddleware[1]
      Executed endpoint 'HTTP: GET /api/imap/v1/mapEdgeGroup/all'
info: Microsoft.AspNetCore.Hosting.Diagnostics[2]
      Request finished HTTP/1.1 GET http://127.0.0.1:45408/api/imap/v1/mapEdgeGroup/all - 200 - application/json;+charset=utf-8 0.1271ms
info: Microsoft.AspNetCore.Hosting.Diagnostics[1]
      Request starting HTTP/1.1 GET http://127.0.0.1:45408/api/task/v1/route/ - - -
info: Microsoft.AspNetCore.Routing.EndpointMiddleware[0]
      Executing endpoint 'HTTP: GET /api/task/v1/route/'
info: Microsoft.AspNetCore.Http.Result.JsonResult[3]
      Writing value of type '<>f__AnonymousType5`3' as Json.
info: Microsoft.AspNetCore.Routing.EndpointMiddleware[1]
      Executed endpoint 'HTTP: GET /api/task/v1/route/'
info: Microsoft.AspNetCore.Hosting.Diagnostics[2]
      Request finished HTTP/1.1 GET http://127.0.0.1:45408/api/task/v1/route/ - 200 - application/json;+charset=utf-8 0.1629ms
info: Microsoft.AspNetCore.Hosting.Diagnostics[1]
      Request starting HTTP/1.1 GET http://127.0.0.1:45408/control/v1/snapshot - - -
info: Microsoft.AspNetCore.Routing.EndpointMiddleware[0]
      Executing endpoint 'HTTP: GET /control/v1/snapshot'
info: Microsoft.AspNetCore.Http.Result.JsonResult[3]
      Writing value of type '<>f__AnonymousType0`6' as Json.
info: Microsoft.AspNetCore.Routing.EndpointMiddleware[1]
      Executed endpoint 'HTTP: GET /control/v1/snapshot'
info: Microsoft.AspNetCore.Hosting.Diagnostics[2]
      Request finished HTTP/1.1 GET http://127.0.0.1:45408/control/v1/snapshot - 200 - application/json;+charset=utf-8 0.2895ms
info: Microsoft.AspNetCore.Hosting.Diagnostics[1]
      Request starting HTTP/1.1 GET http://127.0.0.1:45408/api/imap/v1/mapInfo/stations/25 - - -
info: Microsoft.AspNetCore.Routing.EndpointMiddleware[0]
      Executing endpoint 'HTTP: GET /api/imap/v1/mapInfo/stations/{mapId:int}'
info: Microsoft.AspNetCore.Http.Result.JsonResult[3]
      Writing value of type '<>f__AnonymousType5`3' as Json.
info: Microsoft.AspNetCore.Routing.EndpointMiddleware[1]
      Executed endpoint 'HTTP: GET /api/imap/v1/mapInfo/stations/{mapId:int}'
info: Microsoft.AspNetCore.Hosting.Diagnostics[2]
      Request finished HTTP/1.1 GET http://127.0.0.1:45408/api/imap/v1/mapInfo/stations/25 - 200 - application/json;+charset=utf-8 0.3090ms
info: Microsoft.AspNetCore.Hosting.Diagnostics[1]
      Request starting HTTP/1.1 GET http://127.0.0.1:45408/api/order/v1/orderRecord/detailByUpperId/W2G-9a3eed27-b9d7-43d1-a397-a4e18f7c71e9-PICKUP-1 - - -
info: Microsoft.AspNetCore.Routing.EndpointMiddleware[0]
      Executing endpoint 'HTTP: GET /api/order/v1/orderRecord/detailByUpperId/{upperId}'
info: Microsoft.AspNetCore.Http.Result.JsonResult[3]
      Writing value of type '<>f__AnonymousType5`3' as Json.
info: Microsoft.AspNetCore.Routing.EndpointMiddleware[1]
      Executed endpoint 'HTTP: GET /api/order/v1/orderRecord/detailByUpperId/{upperId}'
info: Microsoft.AspNetCore.Hosting.Diagnostics[2]
      Request finished HTTP/1.1 GET http://127.0.0.1:45408/api/order/v1/orderRecord/detailByUpperId/W2G-9a3eed27-b9d7-43d1-a397-a4e18f7c71e9-PICKUP-1 - 200 - application/json;+charset=utf-8 0.1883ms
info: Microsoft.AspNetCore.Hosting.Diagnostics[1]
      Request starting HTTP/1.1 GET http://127.0.0.1:45408/api/task/v1/task/getVehicleInfo/BROKERX-L2-0001 - - -
info: Microsoft.AspNetCore.Routing.EndpointMiddleware[0]
      Executing endpoint 'HTTP: GET /api/task/v1/task/getVehicleInfo/{deviceKey}'
info: Microsoft.AspNetCore.Http.Result.JsonResult[3]
      Writing value of type '<>f__AnonymousType7`2' as Json.
info: Microsoft.AspNetCore.Routing.EndpointMiddleware[1]
      Executed endpoint 'HTTP: GET /api/task/v1/task/getVehicleInfo/{deviceKey}'
info: Microsoft.AspNetCore.Hosting.Diagnostics[2]
      Request finished HTTP/1.1 GET http://127.0.0.1:45408/api/task/v1/task/getVehicleInfo/BROKERX-L2-0001 - 200 - application/json;+charset=utf-8 0.1007ms
info: Microsoft.AspNetCore.Hosting.Diagnostics[1]
      Request starting HTTP/1.1 GET http://127.0.0.1:45408/api/task/vehicles/getVehicleInfoByDeviceKey?key=BROKERX-L2-0001 - - -
info: Microsoft.AspNetCore.Routing.EndpointMiddleware[0]
      Executing endpoint 'HTTP: GET /api/task/vehicles/getVehicleInfoByDeviceKey'
info: Microsoft.AspNetCore.Http.Result.JsonResult[3]
      Writing value of type '<>f__AnonymousType5`3' as Json.
info: Microsoft.AspNetCore.Routing.EndpointMiddleware[1]
      Executed endpoint 'HTTP: GET /api/task/vehicles/getVehicleInfoByDeviceKey'
info: Microsoft.AspNetCore.Hosting.Diagnostics[2]
      Request finished HTTP/1.1 GET http://127.0.0.1:45408/api/task/vehicles/getVehicleInfoByDeviceKey?key=BROKERX-L2-0001 - 200 - application/json;+charset=utf-8 0.1663ms
info: Microsoft.AspNetCore.Hosting.Diagnostics[1]
      Request starting HTTP/1.1 GET http://127.0.0.1:45408/api/task/vehicles/getVehicleInfoByDeviceKey?key=BROKERX-L2-0001 - - -
info: Microsoft.AspNetCore.Routing.EndpointMiddleware[0]
      Executing endpoint 'HTTP: GET /api/task/vehicles/getVehicleInfoByDeviceKey'
info: Microsoft.AspNetCore.Http.Result.JsonResult[3]
      Writing value of type '<>f__AnonymousType5`3' as Json.
info: Microsoft.AspNetCore.Routing.EndpointMiddleware[1]
      Executed endpoint 'HTTP: GET /api/task/vehicles/getVehicleInfoByDeviceKey'
info: Microsoft.AspNetCore.Hosting.Diagnostics[2]
      Request finished HTTP/1.1 GET http://127.0.0.1:45408/api/task/vehicles/getVehicleInfoByDeviceKey?key=BROKERX-L2-0001 - 200 - application/json;+charset=utf-8 0.1805ms
info: Microsoft.AspNetCore.Hosting.Diagnostics[1]
      Request starting HTTP/1.1 POST http://127.0.0.1:45408/api/task/v1/route/getRouteCostsBy - application/json 60
info: Microsoft.AspNetCore.Routing.EndpointMiddleware[0]
      Executing endpoint 'HTTP: POST /api/task/v1/route/getRouteCostsBy'
info: Microsoft.AspNetCore.Http.Result.JsonResult[3]
      Writing value of type '<>f__AnonymousType5`3' as Json.
info: Microsoft.AspNetCore.Routing.EndpointMiddleware[1]
      Executed endpoint 'HTTP: POST /api/task/v1/route/getRouteCostsBy'
info: Microsoft.AspNetCore.Hosting.Diagnostics[2]
      Request finished HTTP/1.1 POST http://127.0.0.1:45408/api/task/v1/route/getRouteCostsBy - 200 - application/json;+charset=utf-8 0.2445ms
info: Microsoft.AspNetCore.Hosting.Diagnostics[1]
      Request starting HTTP/1.1 GET http://127.0.0.1:45408/api/task/vehicles/getVehicleInfoByDeviceKey?key=BROKERX-L2-0001 - - -
info: Microsoft.AspNetCore.Routing.EndpointMiddleware[0]
      Executing endpoint 'HTTP: GET /api/task/vehicles/getVehicleInfoByDeviceKey'
info: Microsoft.AspNetCore.Http.Result.JsonResult[3]
      Writing value of type '<>f__AnonymousType5`3' as Json.
info: Microsoft.AspNetCore.Routing.EndpointMiddleware[1]
      Executed endpoint 'HTTP: GET /api/task/vehicles/getVehicleInfoByDeviceKey'
info: Microsoft.AspNetCore.Hosting.Diagnostics[2]
      Request finished HTTP/1.1 GET http://127.0.0.1:45408/api/task/vehicles/getVehicleInfoByDeviceKey?key=BROKERX-L2-0001 - 200 - application/json;+charset=utf-8 0.2199ms
info: Microsoft.AspNetCore.Hosting.Diagnostics[1]
      Request starting HTTP/1.1 GET http://127.0.0.1:45408/control/v1/snapshot - - -
info: Microsoft.AspNetCore.Routing.EndpointMiddleware[0]
      Executing endpoint 'HTTP: GET /control/v1/snapshot'
info: Microsoft.AspNetCore.Http.Result.JsonResult[3]
      Writing value of type '<>f__AnonymousType0`6' as Json.
info: Microsoft.AspNetCore.Routing.EndpointMiddleware[1]
      Executed endpoint 'HTTP: GET /control/v1/snapshot'
info: Microsoft.AspNetCore.Hosting.Diagnostics[2]
      Request finished HTTP/1.1 GET http://127.0.0.1:45408/control/v1/snapshot - 200 - application/json;+charset=utf-8 0.4832ms
info: Microsoft.AspNetCore.Hosting.Diagnostics[1]
      Request starting HTTP/1.1 GET http://127.0.0.1:45408/control/v1/snapshot - - -
info: Microsoft.AspNetCore.Routing.EndpointMiddleware[0]
      Executing endpoint 'HTTP: GET /control/v1/snapshot'
info: Microsoft.AspNetCore.Http.Result.JsonResult[3]
      Writing value of type '<>f__AnonymousType0`6' as Json.
info: Microsoft.AspNetCore.Routing.EndpointMiddleware[1]
      Executed endpoint 'HTTP: GET /control/v1/snapshot'
info: Microsoft.AspNetCore.Hosting.Diagnostics[2]
      Request finished HTTP/1.1 GET http://127.0.0.1:45408/control/v1/snapshot - 200 - application/json;+charset=utf-8 0.3775ms
