[17:51:38 INF] Executed DbCommand (10ms) [Parameters=[], CommandType='Text', CommandTimeout='30']
SELECT COUNT(*) FROM "sqlite_master" WHERE "name" = '__EFMigrationsHistory' AND "type" = 'table';
[17:51:38 INF] Executed DbCommand (0ms) [Parameters=[], CommandType='Text', CommandTimeout='30']
SELECT COUNT(*) FROM "sqlite_master" WHERE "name" = '__EFMigrationsHistory' AND "type" = 'table';
[17:51:38 INF] Executed DbCommand (1ms) [Parameters=[], CommandType='Text', CommandTimeout='30']
SELECT "MigrationId", "ProductVersion"
FROM "__EFMigrationsHistory"
ORDER BY "MigrationId";
[17:51:38 INF] No migrations were applied. The database is already up to date.
[17:51:38 INF] Start processing HTTP request GET http://127.0.0.1:58408/api/imap/v1/mapInfo/stations/25
[17:51:38 INF] Sending HTTP request GET http://127.0.0.1:58408/api/imap/v1/mapInfo/stations/25
[17:51:38 INF] Onboard NDJSON listener started on 127.0.0.1:58405; transport=plaintext
[17:51:38 INF] Now listening on: http://127.0.0.1:58407
[17:51:38 INF] Application started. Press Ctrl+C to shut down.
[17:51:38 INF] Hosting environment: Production
[17:51:38 INF] Content root path: C:\Users\szy\Desktop\8005-workspace\repos\8005-agv-control-server\src\ControlServer.Host\bin\Release\net8.0\win-x64
[17:51:38 INF] Received HTTP response headers after 32.7591ms - 200
[17:51:38 INF] End processing HTTP request after 39.6082ms - 200
[17:51:38 INF] HTTP GET /health/live responded 200 in 4.5758 ms
[17:51:39 INF] Executed DbCommand (0ms) [Parameters=[], CommandType='Text', CommandTimeout='30']
SELECT "a"."Id", "a"."ContentHash", "a"."DeploymentId", "a"."ImportedAt", "a"."Version"
FROM "AdmissionPolicyState" AS "a"
WHERE "a"."Id" = 1
LIMIT 2
[17:51:39 INF] Executed DbCommand (3ms) [Parameters=[@p0='?' (DbType = Int64), @p1='?' (Size = 64), @p2='?' (Size = 22), @p3='?' (DbType = DateTimeOffset), @p4='?', @p5='?' (Size = 149)], CommandType='Text', CommandTimeout='30']
INSERT INTO "AdmissionPolicyAudit" ("Version", "ContentHash", "DeploymentId", "ImportedAt", "PreviousContentHash", "RelationsJson")
VALUES (@p0, @p1, @p2, @p3, @p4, @p5);
[17:51:39 INF] Executed DbCommand (0ms) [Parameters=[@p0='?' (DbType = Int32), @p1='?' (Size = 64), @p2='?' (Size = 22), @p3='?' (DbType = DateTimeOffset), @p4='?' (DbType = Int64)], CommandType='Text', CommandTimeout='30']
INSERT INTO "AdmissionPolicyState" ("Id", "ContentHash", "DeploymentId", "ImportedAt", "Version")
VALUES (@p0, @p1, @p2, @p3, @p4);
[17:51:39 INF] Executed DbCommand (0ms) [Parameters=[@p0='?' (Size = 6), @p1='?' (Size = 12), @p2='?' (DbType = Int64)], CommandType='Text', CommandTimeout='30']
INSERT INTO "StationTaskTypeAdmissions" ("StationId", "TaskType", "PolicyVersion")
VALUES (@p0, @p1, @p2);
[17:51:39 INF] Executed DbCommand (0ms) [Parameters=[@p0='?' (Size = 9), @p1='?' (Size = 12), @p2='?' (DbType = Int64)], CommandType='Text', CommandTimeout='30']
INSERT INTO "StationTaskTypeAdmissions" ("StationId", "TaskType", "PolicyVersion")
VALUES (@p0, @p1, @p2);
[17:51:39 INF] Executed DbCommand (0ms) [Parameters=[@p0='?' (Size = 4), @p1='?' (Size = 12), @p2='?' (DbType = Int64)], CommandType='Text', CommandTimeout='30']
INSERT INTO "StationTaskTypeAdmissions" ("StationId", "TaskType", "PolicyVersion")
VALUES (@p0, @p1, @p2);
[17:51:39 INF] Executed DbCommand (0ms) [Parameters=[], CommandType='Text', CommandTimeout='30']
SELECT "j"."JourneyId", "j"."AgvId", "j"."AgvLifecycleGeneration", "j"."BlockReasonCode", "j"."CreatedAt", "j"."CurrentStopSequence", "j"."DispatchGeneration", "j"."DispatchZone", "j"."GateStationId", "j"."GateStationRiotId", "j"."HoldingStartedAt", "j"."LoadingClosedReason", "j"."MapId", "j"."MapIdentity", "j"."NextStopSequence", "j"."OperationSessionId", "j"."PlanRevision", "j"."Stage", "j"."UpdatedAt", "j"."VehicleBusinessRevision", "j"."VehicleKey", "j"."WorklistRevision"
FROM "JourneyRuntimes" AS "j"
WHERE "j"."Stage" <> 'Completed'
[17:51:39 INF] Executed DbCommand (0ms) [Parameters=[], CommandType='Text', CommandTimeout='30']
SELECT "a"."DemandId"
FROM "AcceptedDemands" AS "a"
WHERE "a"."Status" NOT IN ('Succeeded', 'Cancelled')
[17:51:39 INF] Executed DbCommand (0ms) [Parameters=[], CommandType='Text', CommandTimeout='30']
SELECT "j"."DemandId"
FROM "JourneyDemands" AS "j"
[17:51:39 INF] Executed DbCommand (0ms) [Parameters=[@__runtimeOptions_VehicleKey_0='?' (Size = 15)], CommandType='Text', CommandTimeout='30']
SELECT "a"."ChargingRunId", "a"."AgvId", "a"."BlockReasonCode", "a"."ChargerStationId", "a"."ChargerStationRiotId", "a"."CreatedAt", "a"."MovementLegId", "a"."ReleasedAtBatteryPercent", "a"."Stage", "a"."TriggeredAtBatteryPercent", "a"."UpdatedAt", "a"."UpperId", "a"."VehicleKey"
FROM "AutoChargingRuns" AS "a"
WHERE "a"."VehicleKey" = @__runtimeOptions_VehicleKey_0 AND "a"."Stage" <> 'Completed'
[17:51:39 INF] Start processing HTTP request GET http://127.0.0.1:58408/api/task/vehicles/getVehicleInfoByDeviceKey?key=BROKERX-L2-0001
[17:51:39 INF] Sending HTTP request GET http://127.0.0.1:58408/api/task/vehicles/getVehicleInfoByDeviceKey?key=BROKERX-L2-0001
[17:51:39 INF] Received HTTP response headers after 13.6493ms - 200
[17:51:39 INF] End processing HTTP request after 14.6316ms - 200
[17:51:39 INF] Start processing HTTP request GET http://127.0.0.1:58409/api/v2/contract
[17:51:39 INF] Sending HTTP request GET http://127.0.0.1:58409/api/v2/contract
[17:51:39 INF] Received HTTP response headers after 15.6088ms - 200
[17:51:39 INF] End processing HTTP request after 16.8676ms - 200
[17:51:39 INF] Start processing HTTP request GET http://127.0.0.1:58409/api/v2/externally-readable-demand-catalog
[17:51:39 INF] Sending HTTP request GET http://127.0.0.1:58409/api/v2/externally-readable-demand-catalog
[17:51:39 INF] Received HTTP response headers after 5.7602ms - 200
[17:51:39 INF] End processing HTTP request after 7.2705ms - 200
[17:51:39 INF] Executed DbCommand (0ms) [Parameters=[@__agvId_0='?' (Size = 10)], CommandType='Text', CommandTimeout='30']
SELECT "s"."AgvId", "s"."ActiveUnlockSlotsJson", "s"."CapabilityHash", "s"."CapabilityRevision", "s"."DepartureSafe", "s"."ForcedRecoveryGeneration", "s"."ManifestSha256", "s"."PendingAttemptIdsJson", "s"."PendingResultIdsJson", "s"."ProfileId", "s"."ProtocolCommit", "s"."ProtocolVersion", "s"."ProvenRecoveryCheckpoint", "s"."Readiness", "s"."ReasonCode", "s"."RecoveryReportId", "s"."ReportedForcedRecoveryGeneration", "s"."SafetyHash", "s"."SafetyReasonCodesJson", "s"."SafetyRevision", "s"."SafetyUnknownPresent", "s"."SessionGeneration", "s"."UnsettledSlotOperationAttemptId", "s"."UpdatedAt"
FROM "SessionRecoveries" AS "s"
WHERE "s"."AgvId" = @__agvId_0 AND "s"."Readiness" = 'Ready'
LIMIT 2
[17:51:39 INF] Start processing HTTP request GET http://127.0.0.1:58408/api/task/vehicles/getVehicleInfoByDeviceKey?key=BROKERX-L2-0001
[17:51:39 INF] Sending HTTP request GET http://127.0.0.1:58408/api/task/vehicles/getVehicleInfoByDeviceKey?key=BROKERX-L2-0001
[17:51:39 INF] Received HTTP response headers after 1.7466ms - 200
[17:51:39 INF] End processing HTTP request after 2.4163ms - 200
[17:51:39 INF] Executed DbCommand (0ms) [Parameters=[], CommandType='Text', CommandTimeout='30']
SELECT "j"."DemandId", "j"."AcceptedAt", "j"."DecisionFingerprint", "j"."DemandCreatedAt", "j"."FirstSeenAt", "j"."LastSeenAt", "j"."ReasonCode", "j"."TransportDemandKey"
FROM "JourneyBacklog" AS "j"
[17:51:39 INF] Executed DbCommand (0ms) [Parameters=[], CommandType='Text', CommandTimeout='30']
SELECT "a"."DemandId"
FROM "AcceptedDemands" AS "a"
[17:51:39 INF] Executed DbCommand (0ms) [Parameters=[], CommandType='Text', CommandTimeout='30']
SELECT "t"."TransportDemandKey"
FROM "TransportDemandSuppressions" AS "t"
[17:51:39 INF] Start processing HTTP request GET http://127.0.0.1:58408/api/task/v1/task/getVehicleInfo/BROKERX-L2-0001
[17:51:39 INF] Sending HTTP request GET http://127.0.0.1:58408/api/task/v1/task/getVehicleInfo/BROKERX-L2-0001
[17:51:39 INF] Received HTTP response headers after 5.3542ms - 200
[17:51:39 INF] End processing HTTP request after 6.874ms - 200
[17:51:39 INF] Start processing HTTP request GET http://127.0.0.1:58408/api/order/v1/orderRecord?pageNum=1&pageSize=100&filterByState=1&filterByState=3&filterByState=7&filterByState=9
[17:51:39 INF] Sending HTTP request GET http://127.0.0.1:58408/api/order/v1/orderRecord?pageNum=1&pageSize=100&filterByState=1&filterByState=3&filterByState=7&filterByState=9
[17:51:39 INF] Received HTTP response headers after 5.4697ms - 200
[17:51:39 INF] End processing HTTP request after 7.0337ms - 200
[17:51:39 INF] HTTP GET /api/onboard/v1/vehicle-safety responded 200 in 37.9243 ms
[17:51:40 INF] Executed DbCommand (0ms) [Parameters=[@__messageId_0='?' (Size = 36)], CommandType='Text', CommandTimeout='30']
SELECT "p"."MessageId", "p"."ContentHash", "p"."FirstResponseJson", "p"."MessageType", "p"."ReceivedAt", "p"."RequestJson"
FROM "ProtocolInbox" AS "p"
WHERE "p"."MessageId" = @__messageId_0
LIMIT 2
[17:51:40 INF] Executed DbCommand (0ms) [Parameters=[@__agvId_0='?' (Size = 10)], CommandType='Text', CommandTimeout='30']
SELECT "s"."SessionGeneration"
FROM "SessionRecoveries" AS "s"
WHERE "s"."AgvId" = @__agvId_0
LIMIT 2
[17:51:40 INF] Executed DbCommand (0ms) [Parameters=[@__identity_AgvId_0='?' (Size = 10)], CommandType='Text', CommandTimeout='30']
SELECT "s"."AgvId", "s"."ActiveUnlockSlotsJson", "s"."CapabilityHash", "s"."CapabilityRevision", "s"."DepartureSafe", "s"."ForcedRecoveryGeneration", "s"."ManifestSha256", "s"."PendingAttemptIdsJson", "s"."PendingResultIdsJson", "s"."ProfileId", "s"."ProtocolCommit", "s"."ProtocolVersion", "s"."ProvenRecoveryCheckpoint", "s"."Readiness", "s"."ReasonCode", "s"."RecoveryReportId", "s"."ReportedForcedRecoveryGeneration", "s"."SafetyHash", "s"."SafetyReasonCodesJson", "s"."SafetyRevision", "s"."SafetyUnknownPresent", "s"."SessionGeneration", "s"."UnsettledSlotOperationAttemptId", "s"."UpdatedAt"
FROM "SessionRecoveries" AS "s"
WHERE "s"."AgvId" = @__identity_AgvId_0
LIMIT 2
[17:51:40 INF] Executed DbCommand (0ms) [Parameters=[@__identity_AgvId_0='?' (Size = 10)], CommandType='Text', CommandTimeout='30']
SELECT "j"."JourneyId", "j"."AgvId", "j"."AgvLifecycleGeneration", "j"."BlockReasonCode", "j"."CreatedAt", "j"."CurrentStopSequence", "j"."DispatchGeneration", "j"."DispatchZone", "j"."GateStationId", "j"."GateStationRiotId", "j"."HoldingStartedAt", "j"."LoadingClosedReason", "j"."MapId", "j"."MapIdentity", "j"."NextStopSequence", "j"."OperationSessionId", "j"."PlanRevision", "j"."Stage", "j"."UpdatedAt", "j"."VehicleBusinessRevision", "j"."VehicleKey", "j"."WorklistRevision"
FROM "JourneyRuntimes" AS "j"
WHERE "j"."AgvId" = @__identity_AgvId_0 AND "j"."Stage" <> 'Completed'
[17:51:40 INF] Executed DbCommand (0ms) [Parameters=[@p0='?' (Size = 10), @p1='?' (Size = 2), @p2='?', @p3='?' (DbType = Int64), @p4='?' (DbType = Boolean), @p5='?' (DbType = Int64), @p6='?' (Size = 64), @p7='?' (Size = 2), @p8='?' (Size = 2), @p9='?' (Size = 16), @p10='?' (Size = 40), @p11='?' (DbType = Int32), @p12='?', @p13='?' (Size = 16), @p14='?' (Size = 20), @p15='?', @p16='?' (DbType = Int64), @p17='?', @p18='?', @p19='?' (DbType = Int64), @p20='?' (DbType = Boolean), @p21='?' (DbType = Int64), @p22='?', @p23='?' (DbType = DateTimeOffset)], CommandType='Text', CommandTimeout='30']
INSERT INTO "SessionRecoveries" ("AgvId", "ActiveUnlockSlotsJson", "CapabilityHash", "CapabilityRevision", "DepartureSafe", "ForcedRecoveryGeneration", "ManifestSha256", "PendingAttemptIdsJson", "PendingResultIdsJson", "ProfileId", "ProtocolCommit", "ProtocolVersion", "ProvenRecoveryCheckpoint", "Readiness", "ReasonCode", "RecoveryReportId", "ReportedForcedRecoveryGeneration", "SafetyHash", "SafetyReasonCodesJson", "SafetyRevision", "SafetyUnknownPresent", "SessionGeneration", "UnsettledSlotOperationAttemptId", "UpdatedAt")
VALUES (@p0, @p1, @p2, @p3, @p4, @p5, @p6, @p7, @p8, @p9, @p10, @p11, @p12, @p13, @p14, @p15, @p16, @p17, @p18, @p19, @p20, @p21, @p22, @p23);
[17:51:40 INF] Executed DbCommand (0ms) [Parameters=[@p0='?' (Size = 36), @p1='?' (Size = 64), @p2='?' (Size = 1064), @p3='?' (Size = 12), @p4='?' (DbType = DateTimeOffset), @p5='?' (Size = 1075)], CommandType='Text', CommandTimeout='30']
INSERT INTO "ProtocolInbox" ("MessageId", "ContentHash", "FirstResponseJson", "MessageType", "ReceivedAt", "RequestJson")
VALUES (@p0, @p1, @p2, @p3, @p4, @p5);
[17:51:40 INF] Executed DbCommand (17ms) [Parameters=[], CommandType='Text', CommandTimeout='30']
SELECT EXISTS (
    SELECT 1
    FROM "SessionRecoveries" AS "s"
    WHERE "s"."Readiness" = 'Ready')
[17:51:40 ERR] HTTP GET /health/ready responded 503 in 30.3479 ms
[17:51:40 INF] Executed DbCommand (0ms) [Parameters=[@__messageId_0='?' (Size = 36)], CommandType='Text', CommandTimeout='30']
SELECT "p"."MessageId", "p"."ContentHash", "p"."FirstResponseJson", "p"."MessageType", "p"."ReceivedAt", "p"."RequestJson"
FROM "ProtocolInbox" AS "p"
WHERE "p"."MessageId" = @__messageId_0
LIMIT 2
[17:51:40 INF] Executed DbCommand (0ms) [Parameters=[@__agvId_0='?' (Size = 10)], CommandType='Text', CommandTimeout='30']
SELECT "s"."AgvId", "s"."ActiveUnlockSlotsJson", "s"."CapabilityHash", "s"."CapabilityRevision", "s"."DepartureSafe", "s"."ForcedRecoveryGeneration", "s"."ManifestSha256", "s"."PendingAttemptIdsJson", "s"."PendingResultIdsJson", "s"."ProfileId", "s"."ProtocolCommit", "s"."ProtocolVersion", "s"."ProvenRecoveryCheckpoint", "s"."Readiness", "s"."ReasonCode", "s"."RecoveryReportId", "s"."ReportedForcedRecoveryGeneration", "s"."SafetyHash", "s"."SafetyReasonCodesJson", "s"."SafetyRevision", "s"."SafetyUnknownPresent", "s"."SessionGeneration", "s"."UnsettledSlotOperationAttemptId", "s"."UpdatedAt"
FROM "SessionRecoveries" AS "s"
WHERE "s"."AgvId" = @__agvId_0
LIMIT 2
[17:51:40 INF] Executed DbCommand (0ms) [Parameters=[@p3='?' (Size = 10), @p0='?' (Size = 64), @p1='?' (DbType = Int64), @p2='?' (DbType = DateTimeOffset)], CommandType='Text', CommandTimeout='30']
UPDATE "SessionRecoveries" SET "CapabilityHash" = @p0, "CapabilityRevision" = @p1, "UpdatedAt" = @p2
WHERE "AgvId" = @p3
RETURNING 1;
[17:51:40 INF] Executed DbCommand (0ms) [Parameters=[@p0='?' (Size = 36), @p1='?' (Size = 64), @p2='?' (Size = 622), @p3='?' (Size = 18), @p4='?' (DbType = DateTimeOffset), @p5='?' (Size = 1969)], CommandType='Text', CommandTimeout='30']
INSERT INTO "ProtocolInbox" ("MessageId", "ContentHash", "FirstResponseJson", "MessageType", "ReceivedAt", "RequestJson")
VALUES (@p0, @p1, @p2, @p3, @p4, @p5);
[17:51:40 INF] Executed DbCommand (0ms) [Parameters=[@__messageId_0='?' (Size = 36)], CommandType='Text', CommandTimeout='30']
SELECT "p"."MessageId", "p"."ContentHash", "p"."FirstResponseJson", "p"."MessageType", "p"."ReceivedAt", "p"."RequestJson"
FROM "ProtocolInbox" AS "p"
WHERE "p"."MessageId" = @__messageId_0
LIMIT 2
[17:51:40 INF] Executed DbCommand (0ms) [Parameters=[@__agvId_0='?' (Size = 10)], CommandType='Text', CommandTimeout='30']
SELECT "s"."AgvId", "s"."ActiveUnlockSlotsJson", "s"."CapabilityHash", "s"."CapabilityRevision", "s"."DepartureSafe", "s"."ForcedRecoveryGeneration", "s"."ManifestSha256", "s"."PendingAttemptIdsJson", "s"."PendingResultIdsJson", "s"."ProfileId", "s"."ProtocolCommit", "s"."ProtocolVersion", "s"."ProvenRecoveryCheckpoint", "s"."Readiness", "s"."ReasonCode", "s"."RecoveryReportId", "s"."ReportedForcedRecoveryGeneration", "s"."SafetyHash", "s"."SafetyReasonCodesJson", "s"."SafetyRevision", "s"."SafetyUnknownPresent", "s"."SessionGeneration", "s"."UnsettledSlotOperationAttemptId", "s"."UpdatedAt"
FROM "SessionRecoveries" AS "s"
WHERE "s"."AgvId" = @__agvId_0
LIMIT 2
[17:51:40 INF] Executed DbCommand (0ms) [Parameters=[@p6='?' (Size = 10), @p0='?' (DbType = Boolean), @p1='?' (Size = 64), @p2='?' (Size = 2), @p3='?' (DbType = Int64), @p4='?' (DbType = Boolean), @p5='?' (DbType = DateTimeOffset)], CommandType='Text', CommandTimeout='30']
UPDATE "SessionRecoveries" SET "DepartureSafe" = @p0, "SafetyHash" = @p1, "SafetyReasonCodesJson" = @p2, "SafetyRevision" = @p3, "SafetyUnknownPresent" = @p4, "UpdatedAt" = @p5
WHERE "AgvId" = @p6
RETURNING 1;
[17:51:40 INF] Executed DbCommand (0ms) [Parameters=[@p0='?' (Size = 36), @p1='?' (Size = 64), @p2='?' (Size = 623), @p3='?' (Size = 19), @p4='?' (DbType = DateTimeOffset), @p5='?' (Size = 1971)], CommandType='Text', CommandTimeout='30']
INSERT INTO "ProtocolInbox" ("MessageId", "ContentHash", "FirstResponseJson", "MessageType", "ReceivedAt", "RequestJson")
VALUES (@p0, @p1, @p2, @p3, @p4, @p5);
[17:51:40 INF] Executed DbCommand (0ms) [Parameters=[@__messageId_0='?' (Size = 36)], CommandType='Text', CommandTimeout='30']
SELECT "p"."MessageId", "p"."ContentHash", "p"."FirstResponseJson", "p"."MessageType", "p"."ReceivedAt", "p"."RequestJson"
FROM "ProtocolInbox" AS "p"
WHERE "p"."MessageId" = @__messageId_0
LIMIT 2
[17:51:40 INF] Start processing HTTP request GET http://127.0.0.1:58408/api/imap/v1/mapInfo/stations/25
[17:51:40 INF] Sending HTTP request GET http://127.0.0.1:58408/api/imap/v1/mapInfo/stations/25
[17:51:40 INF] Executed DbCommand (0ms) [Parameters=[@__agvId_0='?' (Size = 10)], CommandType='Text', CommandTimeout='30']
SELECT "s"."AgvId", "s"."ActiveUnlockSlotsJson", "s"."CapabilityHash", "s"."CapabilityRevision", "s"."DepartureSafe", "s"."ForcedRecoveryGeneration", "s"."ManifestSha256", "s"."PendingAttemptIdsJson", "s"."PendingResultIdsJson", "s"."ProfileId", "s"."ProtocolCommit", "s"."ProtocolVersion", "s"."ProvenRecoveryCheckpoint", "s"."Readiness", "s"."ReasonCode", "s"."RecoveryReportId", "s"."ReportedForcedRecoveryGeneration", "s"."SafetyHash", "s"."SafetyReasonCodesJson", "s"."SafetyRevision", "s"."SafetyUnknownPresent", "s"."SessionGeneration", "s"."UnsettledSlotOperationAttemptId", "s"."UpdatedAt"
FROM "SessionRecoveries" AS "s"
WHERE "s"."AgvId" = @__agvId_0
LIMIT 2
[17:51:40 INF] Received HTTP response headers after 1.0968ms - 200
[17:51:40 INF] End processing HTTP request after 1.8003ms - 200
[17:51:40 INF] Executed DbCommand (0ms) [Parameters=[], CommandType='Text', CommandTimeout='30']
SELECT "a"."Id", "a"."ContentHash", "a"."DeploymentId", "a"."ImportedAt", "a"."Version"
FROM "AdmissionPolicyState" AS "a"
WHERE "a"."Id" = 1
LIMIT 2
[17:51:40 INF] Executed DbCommand (0ms) [Parameters=[@__agvId_0='?' (Size = 10)], CommandType='Text', CommandTimeout='30']
SELECT "v"."ForcedRecoveryGeneration"
FROM "VehicleRecoveryGenerations" AS "v"
WHERE "v"."AgvId" = @__agvId_0
LIMIT 2
[17:51:40 INF] Executed DbCommand (0ms) [Parameters=[@p4='?' (Size = 10), @p0='?' (Size = 4), @p1='?' (Size = 31), @p2='?' (Size = 36), @p3='?' (DbType = DateTimeOffset)], CommandType='Text', CommandTimeout='30']
UPDATE "SessionRecoveries" SET "ProvenRecoveryCheckpoint" = @p0, "ReasonCode" = @p1, "RecoveryReportId" = @p2, "UpdatedAt" = @p3
WHERE "AgvId" = @p4
RETURNING 1;
[17:51:40 INF] Executed DbCommand (0ms) [Parameters=[@__agvId_0='?' (Size = 10)], CommandType='Text', CommandTimeout='30']
SELECT "s"."AgvId", "s"."ActiveUnlockSlotsJson", "s"."CapabilityHash", "s"."CapabilityRevision", "s"."DepartureSafe", "s"."ForcedRecoveryGeneration", "s"."ManifestSha256", "s"."PendingAttemptIdsJson", "s"."PendingResultIdsJson", "s"."ProfileId", "s"."ProtocolCommit", "s"."ProtocolVersion", "s"."ProvenRecoveryCheckpoint", "s"."Readiness", "s"."ReasonCode", "s"."RecoveryReportId", "s"."ReportedForcedRecoveryGeneration", "s"."SafetyHash", "s"."SafetyReasonCodesJson", "s"."SafetyRevision", "s"."SafetyUnknownPresent", "s"."SessionGeneration", "s"."UnsettledSlotOperationAttemptId", "s"."UpdatedAt"
FROM "SessionRecoveries" AS "s"
WHERE "s"."AgvId" = @__agvId_0
LIMIT 2
[17:51:40 INF] Executed DbCommand (0ms) [Parameters=[], CommandType='Text', CommandTimeout='30']
SELECT "j"."JourneyId", "j"."AgvId", "j"."AgvLifecycleGeneration", "j"."BlockReasonCode", "j"."CreatedAt", "j"."CurrentStopSequence", "j"."DispatchGeneration", "j"."DispatchZone", "j"."GateStationId", "j"."GateStationRiotId", "j"."HoldingStartedAt", "j"."LoadingClosedReason", "j"."MapId", "j"."MapIdentity", "j"."NextStopSequence", "j"."OperationSessionId", "j"."PlanRevision", "j"."Stage", "j"."UpdatedAt", "j"."VehicleBusinessRevision", "j"."VehicleKey", "j"."WorklistRevision"
FROM "JourneyRuntimes" AS "j"
WHERE "j"."Stage" <> 'Completed'
[17:51:40 INF] Executed DbCommand (0ms) [Parameters=[], CommandType='Text', CommandTimeout='30']
SELECT "a"."DemandId"
FROM "AcceptedDemands" AS "a"
WHERE "a"."Status" NOT IN ('Succeeded', 'Cancelled')
[17:51:40 INF] Executed DbCommand (0ms) [Parameters=[], CommandType='Text', CommandTimeout='30']
SELECT "j"."DemandId"
FROM "JourneyDemands" AS "j"
[17:51:40 INF] Executed DbCommand (0ms) [Parameters=[@__runtimeOptions_VehicleKey_0='?' (Size = 15)], CommandType='Text', CommandTimeout='30']
SELECT "a"."ChargingRunId", "a"."AgvId", "a"."BlockReasonCode", "a"."ChargerStationId", "a"."ChargerStationRiotId", "a"."CreatedAt", "a"."MovementLegId", "a"."ReleasedAtBatteryPercent", "a"."Stage", "a"."TriggeredAtBatteryPercent", "a"."UpdatedAt", "a"."UpperId", "a"."VehicleKey"
FROM "AutoChargingRuns" AS "a"
WHERE "a"."VehicleKey" = @__runtimeOptions_VehicleKey_0 AND "a"."Stage" <> 'Completed'
[17:51:40 INF] Start processing HTTP request GET http://127.0.0.1:58408/api/task/vehicles/getVehicleInfoByDeviceKey?key=BROKERX-L2-0001
[17:51:40 INF] Sending HTTP request GET http://127.0.0.1:58408/api/task/vehicles/getVehicleInfoByDeviceKey?key=BROKERX-L2-0001
[17:51:40 INF] Received HTTP response headers after 0.9592ms - 200
[17:51:40 INF] End processing HTTP request after 1.6017ms - 200
[17:51:40 INF] Start processing HTTP request GET http://127.0.0.1:58409/api/v2/contract
[17:51:40 INF] Sending HTTP request GET http://127.0.0.1:58409/api/v2/contract
[17:51:40 INF] Received HTTP response headers after 0.9098ms - 200
[17:51:40 INF] End processing HTTP request after 1.5797ms - 200
[17:51:40 INF] Start processing HTTP request GET http://127.0.0.1:58409/api/v2/externally-readable-demand-catalog
[17:51:40 INF] Sending HTTP request GET http://127.0.0.1:58409/api/v2/externally-readable-demand-catalog
[17:51:40 INF] Received HTTP response headers after 0.9193ms - 200
[17:51:40 INF] End processing HTTP request after 1.4987ms - 200
[17:51:40 INF] Executed DbCommand (0ms) [Parameters=[@__agvId_0='?' (Size = 10)], CommandType='Text', CommandTimeout='30']
SELECT "s"."AgvId", "s"."ActiveUnlockSlotsJson", "s"."CapabilityHash", "s"."CapabilityRevision", "s"."DepartureSafe", "s"."ForcedRecoveryGeneration", "s"."ManifestSha256", "s"."PendingAttemptIdsJson", "s"."PendingResultIdsJson", "s"."ProfileId", "s"."ProtocolCommit", "s"."ProtocolVersion", "s"."ProvenRecoveryCheckpoint", "s"."Readiness", "s"."ReasonCode", "s"."RecoveryReportId", "s"."ReportedForcedRecoveryGeneration", "s"."SafetyHash", "s"."SafetyReasonCodesJson", "s"."SafetyRevision", "s"."SafetyUnknownPresent", "s"."SessionGeneration", "s"."UnsettledSlotOperationAttemptId", "s"."UpdatedAt"
FROM "SessionRecoveries" AS "s"
WHERE "s"."AgvId" = @__agvId_0 AND "s"."Readiness" = 'Ready'
LIMIT 2
[17:51:40 INF] Start processing HTTP request GET http://127.0.0.1:58408/api/task/vehicles/getVehicleInfoByDeviceKey?key=BROKERX-L2-0001
[17:51:40 INF] Sending HTTP request GET http://127.0.0.1:58408/api/task/vehicles/getVehicleInfoByDeviceKey?key=BROKERX-L2-0001
[17:51:40 INF] Received HTTP response headers after 0.9327ms - 200
[17:51:40 INF] End processing HTTP request after 1.5832ms - 200
[17:51:40 INF] Executed DbCommand (0ms) [Parameters=[], CommandType='Text', CommandTimeout='30']
SELECT "j"."DemandId", "j"."AcceptedAt", "j"."DecisionFingerprint", "j"."DemandCreatedAt", "j"."FirstSeenAt", "j"."LastSeenAt", "j"."ReasonCode", "j"."TransportDemandKey"
FROM "JourneyBacklog" AS "j"
[17:51:40 INF] Executed DbCommand (0ms) [Parameters=[], CommandType='Text', CommandTimeout='30']
SELECT "a"."DemandId"
FROM "AcceptedDemands" AS "a"
[17:51:40 INF] Executed DbCommand (0ms) [Parameters=[], CommandType='Text', CommandTimeout='30']
SELECT "t"."TransportDemandKey"
FROM "TransportDemandSuppressions" AS "t"
[17:51:40 INF] Executed DbCommand (0ms) [Parameters=[@__agvId_0='?' (Size = 10)], CommandType='Text', CommandTimeout='30']
SELECT EXISTS (
    SELECT 1
    FROM "StationOperations" AS "s"
    INNER JOIN "JourneyDemands" AS "j" ON "s"."DemandId" = "j"."DemandId"
    INNER JOIN "JourneyRuntimes" AS "j0" ON "j"."JourneyId" = "j0"."JourneyId"
    WHERE "j0"."AgvId" = @__agvId_0 AND "s"."Status" = 'RecoveryRequired')
[17:51:40 INF] Executed DbCommand (0ms) [Parameters=[@p3='?' (Size = 10), @p0='?' (Size = 5), @p1='?' (Size = 5), @p2='?' (DbType = DateTimeOffset)], CommandType='Text', CommandTimeout='30']
UPDATE "SessionRecoveries" SET "Readiness" = @p0, "ReasonCode" = @p1, "UpdatedAt" = @p2
WHERE "AgvId" = @p3
RETURNING 1;
[17:51:40 INF] Executed DbCommand (0ms) [Parameters=[@p0='?' (Size = 36), @p1='?' (Size = 64), @p2='?' (Size = 1236), @p3='?' (Size = 19), @p4='?' (DbType = DateTimeOffset), @p5='?' (Size = 731)], CommandType='Text', CommandTimeout='30']
INSERT INTO "ProtocolInbox" ("MessageId", "ContentHash", "FirstResponseJson", "MessageType", "ReceivedAt", "RequestJson")
VALUES (@p0, @p1, @p2, @p3, @p4, @p5);
[17:51:40 INF] Executed DbCommand (0ms) [Parameters=[@__agvId_0='?' (Size = 10)], CommandType='Text', CommandTimeout='30']
SELECT "r"."CommandMessageId"
FROM "RecoveryWorkflows" AS "r"
WHERE "r"."AgvId" = @__agvId_0 AND "r"."CommandMessageId" IS NOT NULL AND "r"."State" <> 'Reconciled' AND "r"."State" <> 'HistoricalOnly'
[17:51:40 INF] Executed DbCommand (0ms) [Parameters=[], CommandType='Text', CommandTimeout='30']
SELECT "p"."MessageId", "p"."AcknowledgedAt", "p"."CreatedAt", "p"."FencedAt", "p"."MessageType", "p"."PayloadJson"
FROM "ProtocolOutbox" AS "p"
WHERE "p"."MessageType" = 'ExceptionRecoverySessionSnapshot' AND "p"."AcknowledgedAt" IS NULL AND "p"."FencedAt" IS NULL
[17:51:40 INF] Executed DbCommand (0ms) [Parameters=[@__messageId_0='?' (Size = 36)], CommandType='Text', CommandTimeout='30']
SELECT "p"."MessageId", "p"."ContentHash", "p"."FirstResponseJson", "p"."MessageType", "p"."ReceivedAt", "p"."RequestJson"
FROM "ProtocolInbox" AS "p"
WHERE "p"."MessageId" = @__messageId_0
LIMIT 2
[17:51:40 INF] Executed DbCommand (0ms) [Parameters=[@__agvId_0='?' (Size = 10)], CommandType='Text', CommandTimeout='30']
SELECT "s"."AgvId", "s"."ActiveUnlockSlotsJson", "s"."CapabilityHash", "s"."CapabilityRevision", "s"."DepartureSafe", "s"."ForcedRecoveryGeneration", "s"."ManifestSha256", "s"."PendingAttemptIdsJson", "s"."PendingResultIdsJson", "s"."ProfileId", "s"."ProtocolCommit", "s"."ProtocolVersion", "s"."ProvenRecoveryCheckpoint", "s"."Readiness", "s"."ReasonCode", "s"."RecoveryReportId", "s"."ReportedForcedRecoveryGeneration", "s"."SafetyHash", "s"."SafetyReasonCodesJson", "s"."SafetyRevision", "s"."SafetyUnknownPresent", "s"."SessionGeneration", "s"."UnsettledSlotOperationAttemptId", "s"."UpdatedAt"
FROM "SessionRecoveries" AS "s"
WHERE "s"."AgvId" = @__agvId_0
LIMIT 2
[17:51:40 INF] Executed DbCommand (0ms) [Parameters=[@p5='?' (Size = 10), @p0='?' (Size = 16), @p1='?' (Size = 20), @p2='?' (Size = 64), @p3='?' (DbType = Int64), @p4='?' (DbType = DateTimeOffset)], CommandType='Text', CommandTimeout='30']
UPDATE "SessionRecoveries" SET "Readiness" = @p0, "ReasonCode" = @p1, "SafetyHash" = @p2, "SafetyRevision" = @p3, "UpdatedAt" = @p4
WHERE "AgvId" = @p5
RETURNING 1;
[17:51:40 INF] Executed DbCommand (0ms) [Parameters=[@__agvId_0='?' (Size = 10)], CommandType='Text', CommandTimeout='30']
SELECT "s"."AgvId", "s"."ActiveUnlockSlotsJson", "s"."CapabilityHash", "s"."CapabilityRevision", "s"."DepartureSafe", "s"."ForcedRecoveryGeneration", "s"."ManifestSha256", "s"."PendingAttemptIdsJson", "s"."PendingResultIdsJson", "s"."ProfileId", "s"."ProtocolCommit", "s"."ProtocolVersion", "s"."ProvenRecoveryCheckpoint", "s"."Readiness", "s"."ReasonCode", "s"."RecoveryReportId", "s"."ReportedForcedRecoveryGeneration", "s"."SafetyHash", "s"."SafetyReasonCodesJson", "s"."SafetyRevision", "s"."SafetyUnknownPresent", "s"."SessionGeneration", "s"."UnsettledSlotOperationAttemptId", "s"."UpdatedAt"
FROM "SessionRecoveries" AS "s"
WHERE "s"."AgvId" = @__agvId_0
LIMIT 2
[17:51:40 INF] Executed DbCommand (0ms) [Parameters=[@__agvId_0='?' (Size = 10)], CommandType='Text', CommandTimeout='30']
SELECT EXISTS (
    SELECT 1
    FROM "StationOperations" AS "s"
    INNER JOIN "JourneyDemands" AS "j" ON "s"."DemandId" = "j"."DemandId"
    INNER JOIN "JourneyRuntimes" AS "j0" ON "j"."JourneyId" = "j0"."JourneyId"
    WHERE "j0"."AgvId" = @__agvId_0 AND "s"."Status" = 'RecoveryRequired')
[17:51:40 INF] Executed DbCommand (0ms) [Parameters=[@p3='?' (Size = 10), @p0='?' (Size = 5), @p1='?' (Size = 5), @p2='?' (DbType = DateTimeOffset)], CommandType='Text', CommandTimeout='30']
UPDATE "SessionRecoveries" SET "Readiness" = @p0, "ReasonCode" = @p1, "UpdatedAt" = @p2
WHERE "AgvId" = @p3
RETURNING 1;
[17:51:40 INF] Executed DbCommand (0ms) [Parameters=[@p0='?' (Size = 36), @p1='?' (Size = 64), @p2='?' (Size = 1233), @p3='?' (Size = 18), @p4='?' (DbType = DateTimeOffset), @p5='?' (Size = 653)], CommandType='Text', CommandTimeout='30']
INSERT INTO "ProtocolInbox" ("MessageId", "ContentHash", "FirstResponseJson", "MessageType", "ReceivedAt", "RequestJson")
VALUES (@p0, @p1, @p2, @p3, @p4, @p5);
[17:51:40 INF] Start processing HTTP request GET http://127.0.0.1:58408/api/task/v1/task/getVehicleInfo/BROKERX-L2-0001
[17:51:40 INF] Sending HTTP request GET http://127.0.0.1:58408/api/task/v1/task/getVehicleInfo/BROKERX-L2-0001
[17:51:40 INF] Received HTTP response headers after 0.9449ms - 200
[17:51:40 INF] End processing HTTP request after 2.4586ms - 200
[17:51:40 INF] Start processing HTTP request GET http://127.0.0.1:58408/api/order/v1/orderRecord?pageNum=1&pageSize=100&filterByState=1&filterByState=3&filterByState=7&filterByState=9
[17:51:40 INF] Sending HTTP request GET http://127.0.0.1:58408/api/order/v1/orderRecord?pageNum=1&pageSize=100&filterByState=1&filterByState=3&filterByState=7&filterByState=9
[17:51:40 INF] Received HTTP response headers after 1.9912ms - 200
[17:51:40 INF] End processing HTTP request after 3.196ms - 200
[17:51:40 INF] HTTP GET /api/onboard/v1/vehicle-safety responded 200 in 8.3323 ms
[17:51:40 INF] Executed DbCommand (0ms) [Parameters=[], CommandType='Text', CommandTimeout='30']
SELECT EXISTS (
    SELECT 1
    FROM "SessionRecoveries" AS "s"
    WHERE "s"."Readiness" = 'Ready')
[17:51:40 INF] HTTP GET /health/ready responded 200 in 5.0852 ms
[17:51:41 INF] Start processing HTTP request GET http://127.0.0.1:58408/api/task/v1/task/getVehicleInfo/BROKERX-L2-0001
[17:51:41 INF] Sending HTTP request GET http://127.0.0.1:58408/api/task/v1/task/getVehicleInfo/BROKERX-L2-0001
[17:51:41 INF] Received HTTP response headers after 1.2ms - 200
[17:51:41 INF] End processing HTTP request after 2.9937ms - 200
[17:51:41 INF] Start processing HTTP request GET http://127.0.0.1:58408/api/order/v1/orderRecord?pageNum=1&pageSize=100&filterByState=1&filterByState=3&filterByState=7&filterByState=9
[17:51:41 INF] Sending HTTP request GET http://127.0.0.1:58408/api/order/v1/orderRecord?pageNum=1&pageSize=100&filterByState=1&filterByState=3&filterByState=7&filterByState=9
[17:51:41 INF] Received HTTP response headers after 0.9175ms - 200
[17:51:41 INF] End processing HTTP request after 1.9084ms - 200
[17:51:41 INF] HTTP GET /api/onboard/v1/vehicle-safety responded 200 in 7.3790 ms
[17:51:42 INF] Start processing HTTP request GET http://127.0.0.1:58408/api/imap/v1/mapInfo/stations/25
[17:51:42 INF] Sending HTTP request GET http://127.0.0.1:58408/api/imap/v1/mapInfo/stations/25
[17:51:42 INF] Received HTTP response headers after 1.0524ms - 200
[17:51:42 INF] End processing HTTP request after 4.5385ms - 200
[17:51:42 INF] Executed DbCommand (0ms) [Parameters=[], CommandType='Text', CommandTimeout='30']
SELECT "a"."Id", "a"."ContentHash", "a"."DeploymentId", "a"."ImportedAt", "a"."Version"
FROM "AdmissionPolicyState" AS "a"
WHERE "a"."Id" = 1
LIMIT 2
[17:51:42 INF] Executed DbCommand (0ms) [Parameters=[], CommandType='Text', CommandTimeout='30']
SELECT "j"."JourneyId", "j"."AgvId", "j"."AgvLifecycleGeneration", "j"."BlockReasonCode", "j"."CreatedAt", "j"."CurrentStopSequence", "j"."DispatchGeneration", "j"."DispatchZone", "j"."GateStationId", "j"."GateStationRiotId", "j"."HoldingStartedAt", "j"."LoadingClosedReason", "j"."MapId", "j"."MapIdentity", "j"."NextStopSequence", "j"."OperationSessionId", "j"."PlanRevision", "j"."Stage", "j"."UpdatedAt", "j"."VehicleBusinessRevision", "j"."VehicleKey", "j"."WorklistRevision"
FROM "JourneyRuntimes" AS "j"
WHERE "j"."Stage" <> 'Completed'
[17:51:42 INF] Executed DbCommand (0ms) [Parameters=[], CommandType='Text', CommandTimeout='30']
SELECT "a"."DemandId"
FROM "AcceptedDemands" AS "a"
WHERE "a"."Status" NOT IN ('Succeeded', 'Cancelled')
[17:51:42 INF] Executed DbCommand (0ms) [Parameters=[], CommandType='Text', CommandTimeout='30']
SELECT "j"."DemandId"
FROM "JourneyDemands" AS "j"
[17:51:42 INF] Executed DbCommand (0ms) [Parameters=[@__runtimeOptions_VehicleKey_0='?' (Size = 15)], CommandType='Text', CommandTimeout='30']
SELECT "a"."ChargingRunId", "a"."AgvId", "a"."BlockReasonCode", "a"."ChargerStationId", "a"."ChargerStationRiotId", "a"."CreatedAt", "a"."MovementLegId", "a"."ReleasedAtBatteryPercent", "a"."Stage", "a"."TriggeredAtBatteryPercent", "a"."UpdatedAt", "a"."UpperId", "a"."VehicleKey"
FROM "AutoChargingRuns" AS "a"
WHERE "a"."VehicleKey" = @__runtimeOptions_VehicleKey_0 AND "a"."Stage" <> 'Completed'
[17:51:42 INF] Start processing HTTP request GET http://127.0.0.1:58408/api/task/vehicles/getVehicleInfoByDeviceKey?key=BROKERX-L2-0001
[17:51:42 INF] Sending HTTP request GET http://127.0.0.1:58408/api/task/vehicles/getVehicleInfoByDeviceKey?key=BROKERX-L2-0001
[17:51:42 INF] Received HTTP response headers after 0.8435ms - 200
[17:51:42 INF] End processing HTTP request after 1.5275ms - 200
[17:51:42 INF] Executed DbCommand (0ms) [Parameters=[@__agvId_0='?' (Size = 10)], CommandType='Text', CommandTimeout='30']
SELECT "s"."AgvId", "s"."ActiveUnlockSlotsJson", "s"."CapabilityHash", "s"."CapabilityRevision", "s"."DepartureSafe", "s"."ForcedRecoveryGeneration", "s"."ManifestSha256", "s"."PendingAttemptIdsJson", "s"."PendingResultIdsJson", "s"."ProfileId", "s"."ProtocolCommit", "s"."ProtocolVersion", "s"."ProvenRecoveryCheckpoint", "s"."Readiness", "s"."ReasonCode", "s"."RecoveryReportId", "s"."ReportedForcedRecoveryGeneration", "s"."SafetyHash", "s"."SafetyReasonCodesJson", "s"."SafetyRevision", "s"."SafetyUnknownPresent", "s"."SessionGeneration", "s"."UnsettledSlotOperationAttemptId", "s"."UpdatedAt"
FROM "SessionRecoveries" AS "s"
WHERE "s"."AgvId" = @__agvId_0 AND "s"."Readiness" = 'Ready'
LIMIT 2
[17:51:42 INF] Executed DbCommand (0ms) [Parameters=[@__messageType_0='?' (Size = 18)], CommandType='Text', CommandTimeout='30']
SELECT "p"."MessageId", "p"."ContentHash", "p"."FirstResponseJson", "p"."MessageType", "p"."ReceivedAt", "p"."RequestJson"
FROM "ProtocolInbox" AS "p"
WHERE "p"."MessageType" = @__messageType_0
[17:51:42 INF] Executed DbCommand (0ms) [Parameters=[@__messageType_0='?' (Size = 19)], CommandType='Text', CommandTimeout='30']
SELECT "p"."MessageId", "p"."ContentHash", "p"."FirstResponseJson", "p"."MessageType", "p"."ReceivedAt", "p"."RequestJson"
FROM "ProtocolInbox" AS "p"
WHERE "p"."MessageType" = @__messageType_0
[17:51:42 INF] Executed DbCommand (0ms) [Parameters=[], CommandType='Text', CommandTimeout='30']
SELECT "p"."MessageId", "p"."ContentHash", "p"."FirstResponseJson", "p"."MessageType", "p"."ReceivedAt", "p"."RequestJson"
FROM "ProtocolInbox" AS "p"
WHERE "p"."MessageType" IN ('SafetyStateSnapshot', 'SafetyStateChanged')
[17:51:42 INF] Executed DbCommand (0ms) [Parameters=[], CommandType='Text', CommandTimeout='30']
SELECT "p"."MessageId", "p"."ContentHash", "p"."FirstResponseJson", "p"."MessageType", "p"."ReceivedAt", "p"."RequestJson"
FROM "ProtocolInbox" AS "p"
[17:51:42 INF] Executed DbCommand (0ms) [Parameters=[@__runtimeOptions_VehicleKey_0='?' (Size = 15)], CommandType='Text', CommandTimeout='30']
SELECT EXISTS (
    SELECT 1
    FROM "VehicleDispatchLeases" AS "v"
    WHERE "v"."VehicleKey" = @__runtimeOptions_VehicleKey_0 AND "v"."ReleasedAt" IS NULL)
[17:51:42 INF] Executed DbCommand (2ms) [Parameters=[@p0='?' (Size = 36), @p1='?' (Size = 10), @p2='?', @p3='?' (Size = 4), @p4='?' (DbType = Int32), @p5='?' (DbType = DateTimeOffset), @p6='?' (Size = 36), @p7='?' (DbType = Int32), @p8='?' (Size = 22), @p9='?' (DbType = Int32), @p10='?' (DbType = DateTimeOffset), @p11='?' (Size = 49), @p12='?' (Size = 15)], CommandType='Text', CommandTimeout='30']
INSERT INTO "AutoChargingRuns" ("ChargingRunId", "AgvId", "BlockReasonCode", "ChargerStationId", "ChargerStationRiotId", "CreatedAt", "MovementLegId", "ReleasedAtBatteryPercent", "Stage", "TriggeredAtBatteryPercent", "UpdatedAt", "UpperId", "VehicleKey")
VALUES (@p0, @p1, @p2, @p3, @p4, @p5, @p6, @p7, @p8, @p9, @p10, @p11, @p12);
[17:51:42 INF] Executed DbCommand (0ms) [Parameters=[@__chargingRunId_0='?' (Size = 36)], CommandType='Text', CommandTimeout='30']
SELECT "a"."ChargingRunId", "a"."AgvId", "a"."BlockReasonCode", "a"."ChargerStationId", "a"."ChargerStationRiotId", "a"."CreatedAt", "a"."MovementLegId", "a"."ReleasedAtBatteryPercent", "a"."Stage", "a"."TriggeredAtBatteryPercent", "a"."UpdatedAt", "a"."UpperId", "a"."VehicleKey"
FROM "AutoChargingRuns" AS "a"
WHERE "a"."ChargingRunId" = @__chargingRunId_0
LIMIT 2
[17:51:42 INF] Executed DbCommand (0ms) [Parameters=[@__intent_MovementLegId_0='?' (Size = 36), @__intent_UpperId_1='?' (Size = 49)], CommandType='Text', CommandTimeout='30']
SELECT "o"."MovementLegId", "o"."AgvLifecycleGeneration", "o"."CreateAttemptCount", "o"."CreateAttemptId", "o"."CreateDispatchArmedAt", "o"."CreatedAt", "o"."DemandId", "o"."DestinationStationId", "o"."DispatchAuditSequence", "o"."DispatchAuditVersion", "o"."DispatchGeneration", "o"."ExperimentalCreateAuthorizationId", "o"."LastCreateOutcome", "o"."LastCreateOutcomeAt", "o"."LastCreateReceiptJson", "o"."LastReconciliationOutcome", "o"."LastReconciliationOutcomeAt", "o"."LastReconciliationReceiptJson", "o"."MapId", "o"."OrderId", "o"."Purpose", "o"."Status", "o"."TargetStationId", "o"."UpperId", "o"."VehicleKey"
FROM "OrderIntents" AS "o"
WHERE "o"."MovementLegId" = @__intent_MovementLegId_0 OR "o"."UpperId" = @__intent_UpperId_1
LIMIT 2
[17:51:42 INF] Executed DbCommand (1ms) [Parameters=[@p0='?' (Size = 36), @p1='?' (DbType = Int64), @p2='?' (DbType = Int32), @p3='?', @p4='?' (DbType = DateTimeOffset), @p5='?' (DbType = DateTimeOffset), @p6='?' (Size = 43), @p7='?' (DbType = Int32), @p8='?' (DbType = Int64), @p9='?' (DbType = Int32), @p10='?' (DbType = Int64), @p11='?', @p12='?', @p13='?' (DbType = DateTimeOffset), @p14='?', @p15='?', @p16='?' (DbType = DateTimeOffset), @p17='?', @p18='?' (DbType = Int32), @p19='?', @p20='?' (Size = 10), @p21='?' (Size = 22), @p22='?' (Size = 4), @p23='?' (Size = 49), @p24='?' (Size = 15)], CommandType='Text', CommandTimeout='30']
INSERT INTO "OrderIntents" ("MovementLegId", "AgvLifecycleGeneration", "CreateAttemptCount", "CreateAttemptId", "CreateDispatchArmedAt", "CreatedAt", "DemandId", "DestinationStationId", "DispatchAuditSequence", "DispatchAuditVersion", "DispatchGeneration", "ExperimentalCreateAuthorizationId", "LastCreateOutcome", "LastCreateOutcomeAt", "LastCreateReceiptJson", "LastReconciliationOutcome", "LastReconciliationOutcomeAt", "LastReconciliationReceiptJson", "MapId", "OrderId", "Purpose", "Status", "TargetStationId", "UpperId", "VehicleKey")
VALUES (@p0, @p1, @p2, @p3, @p4, @p5, @p6, @p7, @p8, @p9, @p10, @p11, @p12, @p13, @p14, @p15, @p16, @p17, @p18, @p19, @p20, @p21, @p22, @p23, @p24);
[17:51:42 INF] Executed DbCommand (0ms) [Parameters=[@__upperId_0='?' (Size = 49)], CommandType='Text', CommandTimeout='30']
SELECT "o"."MovementLegId", "o"."AgvLifecycleGeneration", "o"."CreateAttemptCount", "o"."CreateAttemptId", "o"."CreateDispatchArmedAt", "o"."CreatedAt", "o"."DemandId", "o"."DestinationStationId", "o"."DispatchAuditSequence", "o"."DispatchAuditVersion", "o"."DispatchGeneration", "o"."ExperimentalCreateAuthorizationId", "o"."LastCreateOutcome", "o"."LastCreateOutcomeAt", "o"."LastCreateReceiptJson", "o"."LastReconciliationOutcome", "o"."LastReconciliationOutcomeAt", "o"."LastReconciliationReceiptJson", "o"."MapId", "o"."OrderId", "o"."Purpose", "o"."Status", "o"."TargetStationId", "o"."UpperId", "o"."VehicleKey"
FROM "OrderIntents" AS "o"
WHERE "o"."UpperId" = @__upperId_0
LIMIT 2
[17:51:42 INF] Executed DbCommand (0ms) [Parameters=[], CommandType='Text', CommandTimeout='30']
SELECT "e"."AuthorizationId", "e"."AgvLifecycleGeneration", "e"."AuthorizationVersion", "e"."ConsumedAt", "e"."ConsumedByAttemptId", "e"."DemandId", "e"."DispatchGeneration", "e"."ExpiresAt", "e"."MovementLegId", "e"."PersistedAt", "e"."UpperId"
FROM "ExperimentalRiotCreateAuthorizations" AS "e"
WHERE 0
LIMIT 2
[17:51:42 INF] Start processing HTTP request GET http://127.0.0.1:58408/api/order/v1/orderRecord/detailByUpperId/W2G-CHARGE-331797c5-e0e8-d657-97a1-3b883a684085-1
[17:51:42 INF] Sending HTTP request GET http://127.0.0.1:58408/api/order/v1/orderRecord/detailByUpperId/W2G-CHARGE-331797c5-e0e8-d657-97a1-3b883a684085-1
[17:51:42 INF] Received HTTP response headers after 6.154ms - 404
[17:51:42 INF] End processing HTTP request after 7.1051ms - 404
[17:51:42 INF] Executed DbCommand (0ms) [Parameters=[@__upperId_0='?' (Size = 49)], CommandType='Text', CommandTimeout='30']
SELECT "o"."MovementLegId", "o"."AgvLifecycleGeneration", "o"."CreateAttemptCount", "o"."CreateAttemptId", "o"."CreateDispatchArmedAt", "o"."CreatedAt", "o"."DemandId", "o"."DestinationStationId", "o"."DispatchAuditSequence", "o"."DispatchAuditVersion", "o"."DispatchGeneration", "o"."ExperimentalCreateAuthorizationId", "o"."LastCreateOutcome", "o"."LastCreateOutcomeAt", "o"."LastCreateReceiptJson", "o"."LastReconciliationOutcome", "o"."LastReconciliationOutcomeAt", "o"."LastReconciliationReceiptJson", "o"."MapId", "o"."OrderId", "o"."Purpose", "o"."Status", "o"."TargetStationId", "o"."UpperId", "o"."VehicleKey"
FROM "OrderIntents" AS "o"
WHERE "o"."UpperId" = @__upperId_0
LIMIT 2
[17:51:42 INF] Start processing HTTP request GET http://127.0.0.1:58408/api/task/v1/task/getVehicleInfo/BROKERX-L2-0001
[17:51:42 INF] Sending HTTP request GET http://127.0.0.1:58408/api/task/v1/task/getVehicleInfo/BROKERX-L2-0001
[17:51:42 INF] Received HTTP response headers after 0.9699ms - 200
[17:51:42 INF] End processing HTTP request after 2.3946ms - 200
[17:51:42 INF] Start processing HTTP request GET http://127.0.0.1:58408/api/order/v1/orderRecord?pageNum=1&pageSize=100&filterByState=1&filterByState=3&filterByState=7&filterByState=9
[17:51:42 INF] Sending HTTP request GET http://127.0.0.1:58408/api/order/v1/orderRecord?pageNum=1&pageSize=100&filterByState=1&filterByState=3&filterByState=7&filterByState=9
[17:51:42 INF] Received HTTP response headers after 0.8197ms - 200
[17:51:42 INF] End processing HTTP request after 1.7114ms - 200
[17:51:42 INF] HTTP GET /api/onboard/v1/vehicle-safety responded 200 in 5.9284 ms
[17:51:43 INF] Executed DbCommand (1ms) [Parameters=[@p4='?' (Size = 36), @p5='?' (DbType = Int32), @p0='?' (DbType = Int64), @p6='?' (DbType = Int64), @p8='?', @p1='?' (Size = 31), @p2='?' (DbType = DateTimeOffset), @p3='?' (Size = 188), @p7='?' (Size = 22)], CommandType='Text', CommandTimeout='30']
UPDATE "OrderIntents" SET "DispatchAuditSequence" = @p0, "LastReconciliationOutcome" = @p1, "LastReconciliationOutcomeAt" = @p2, "LastReconciliationReceiptJson" = @p3
WHERE "MovementLegId" = @p4 AND "CreateAttemptCount" = @p5 AND "DispatchAuditSequence" = @p6 AND "ExperimentalCreateAuthorizationId" IS NULL AND "Status" = @p7
RETURNING 1;
[17:51:43 INF] Executed DbCommand (0ms) [Parameters=[@p0='?' (Size = 36), @p1='?', @p2='?' (DbType = Int32), @p3='?', @p4='?' (Size = 43), @p5='?' (DbType = Int64), @p6='?', @p7='?', @p8='?', @p9='?' (DbType = Int32), @p10='?' (Size = 36), @p11='?' (DbType = DateTimeOffset), @p12='?' (Size = 9), @p13='?' (Size = 25), @p14='?' (Size = 8), @p15='?' (DbType = DateTimeOffset), @p16='?' (Size = 9), @p17='?', @p18='?' (DbType = Boolean), @p19='?', @p20='?' (DbType = Int64), @p21='?' (Size = 49)], CommandType='Text', CommandTimeout='30']
INSERT INTO "RiotDispatchAuditEvents" ("AuditEventId", "AttemptId", "AttemptNumber", "BusinessCode", "DemandId", "DispatchGeneration", "EligibilityBasis", "ExperimentalAuthorizationId", "FailureCategory", "HttpStatusCode", "MovementLegId", "OccurredAt", "Outcome", "Phase", "ReceiptClassification", "ReceiptObservedAt", "ReceiptOperation", "RequestSemanticSha256", "ResultPresent", "ReturnedOrderId", "Sequence", "UpperId")
VALUES (@p0, @p1, @p2, @p3, @p4, @p5, @p6, @p7, @p8, @p9, @p10, @p11, @p12, @p13, @p14, @p15, @p16, @p17, @p18, @p19, @p20, @p21);
[17:51:43 INF] Executed DbCommand (0ms) [Parameters=[@__upperId_0='?' (Size = 49)], CommandType='Text', CommandTimeout='30']
SELECT "o"."MovementLegId", "o"."AgvLifecycleGeneration", "o"."CreateAttemptCount", "o"."CreateAttemptId", "o"."CreateDispatchArmedAt", "o"."CreatedAt", "o"."DemandId", "o"."DestinationStationId", "o"."DispatchAuditSequence", "o"."DispatchAuditVersion", "o"."DispatchGeneration", "o"."ExperimentalCreateAuthorizationId", "o"."LastCreateOutcome", "o"."LastCreateOutcomeAt", "o"."LastCreateReceiptJson", "o"."LastReconciliationOutcome", "o"."LastReconciliationOutcomeAt", "o"."LastReconciliationReceiptJson", "o"."MapId", "o"."OrderId", "o"."Purpose", "o"."Status", "o"."TargetStationId", "o"."UpperId", "o"."VehicleKey"
FROM "OrderIntents" AS "o"
WHERE "o"."UpperId" = @__upperId_0
LIMIT 2
[17:51:43 INF] Executed DbCommand (0ms) [Parameters=[@p7='?' (Size = 36), @p0='?' (DbType = Int32), @p8='?' (DbType = Int32), @p1='?' (Size = 36), @p2='?' (DbType = DateTimeOffset), @p3='?' (DbType = Int64), @p9='?' (DbType = Int64), @p11='?', @p4='?' (Size = 13), @p5='?' (DbType = DateTimeOffset), @p6='?' (Size = 16), @p10='?' (Size = 22)], CommandType='Text', CommandTimeout='30']
UPDATE "OrderIntents" SET "CreateAttemptCount" = @p0, "CreateAttemptId" = @p1, "CreateDispatchArmedAt" = @p2, "DispatchAuditSequence" = @p3, "LastCreateOutcome" = @p4, "LastCreateOutcomeAt" = @p5, "Status" = @p6
WHERE "MovementLegId" = @p7 AND "CreateAttemptCount" = @p8 AND "DispatchAuditSequence" = @p9 AND "ExperimentalCreateAuthorizationId" IS NULL AND "Status" = @p10
RETURNING 1;
[17:51:43 INF] Executed DbCommand (0ms) [Parameters=[@p0='?' (Size = 36), @p1='?' (Size = 36), @p2='?' (DbType = Int32), @p3='?', @p4='?' (Size = 43), @p5='?' (DbType = Int64), @p6='?', @p7='?', @p8='?', @p9='?' (DbType = Int32), @p10='?' (Size = 36), @p11='?' (DbType = DateTimeOffset), @p12='?' (Size = 5), @p13='?' (Size = 15), @p14='?', @p15='?' (DbType = DateTimeOffset), @p16='?', @p17='?' (Size = 64), @p18='?' (DbType = Boolean), @p19='?', @p20='?' (DbType = Int64), @p21='?' (Size = 49)], CommandType='Text', CommandTimeout='30']
INSERT INTO "RiotDispatchAuditEvents" ("AuditEventId", "AttemptId", "AttemptNumber", "BusinessCode", "DemandId", "DispatchGeneration", "EligibilityBasis", "ExperimentalAuthorizationId", "FailureCategory", "HttpStatusCode", "MovementLegId", "OccurredAt", "Outcome", "Phase", "ReceiptClassification", "ReceiptObservedAt", "ReceiptOperation", "RequestSemanticSha256", "ResultPresent", "ReturnedOrderId", "Sequence", "UpperId")
VALUES (@p0, @p1, @p2, @p3, @p4, @p5, @p6, @p7, @p8, @p9, @p10, @p11, @p12, @p13, @p14, @p15, @p16, @p17, @p18, @p19, @p20, @p21);
[17:51:43 INF] Executed DbCommand (0ms) [Parameters=[@__upperId_0='?' (Size = 49)], CommandType='Text', CommandTimeout='30']
SELECT "o"."MovementLegId", "o"."AgvLifecycleGeneration", "o"."CreateAttemptCount", "o"."CreateAttemptId", "o"."CreateDispatchArmedAt", "o"."CreatedAt", "o"."DemandId", "o"."DestinationStationId", "o"."DispatchAuditSequence", "o"."DispatchAuditVersion", "o"."DispatchGeneration", "o"."ExperimentalCreateAuthorizationId", "o"."LastCreateOutcome", "o"."LastCreateOutcomeAt", "o"."LastCreateReceiptJson", "o"."LastReconciliationOutcome", "o"."LastReconciliationOutcomeAt", "o"."LastReconciliationReceiptJson", "o"."MapId", "o"."OrderId", "o"."Purpose", "o"."Status", "o"."TargetStationId", "o"."UpperId", "o"."VehicleKey"
FROM "OrderIntents" AS "o"
WHERE "o"."UpperId" = @__upperId_0
LIMIT 2
[17:51:43 INF] Executed DbCommand (0ms) [Parameters=[@p3='?' (Size = 36), @p4='?' (DbType = Int32), @p0='?' (DbType = Int64), @p5='?' (DbType = Int64), @p7='?', @p1='?' (Size = 20), @p2='?' (DbType = DateTimeOffset), @p6='?' (Size = 16)], CommandType='Text', CommandTimeout='30']
UPDATE "OrderIntents" SET "DispatchAuditSequence" = @p0, "LastCreateOutcome" = @p1, "LastCreateOutcomeAt" = @p2
WHERE "MovementLegId" = @p3 AND "CreateAttemptCount" = @p4 AND "DispatchAuditSequence" = @p5 AND "ExperimentalCreateAuthorizationId" IS NULL AND "Status" = @p6
RETURNING 1;
[17:51:43 INF] Executed DbCommand (0ms) [Parameters=[@p0='?' (Size = 36), @p1='?' (Size = 36), @p2='?' (DbType = Int32), @p3='?', @p4='?' (Size = 43), @p5='?' (DbType = Int64), @p6='?', @p7='?', @p8='?', @p9='?' (DbType = Int32), @p10='?' (Size = 36), @p11='?' (DbType = DateTimeOffset), @p12='?' (Size = 7), @p13='?' (Size = 14), @p14='?', @p15='?' (DbType = DateTimeOffset), @p16='?', @p17='?' (Size = 64), @p18='?' (DbType = Boolean), @p19='?', @p20='?' (DbType = Int64), @p21='?' (Size = 49)], CommandType='Text', CommandTimeout='30']
INSERT INTO "RiotDispatchAuditEvents" ("AuditEventId", "AttemptId", "AttemptNumber", "BusinessCode", "DemandId", "DispatchGeneration", "EligibilityBasis", "ExperimentalAuthorizationId", "FailureCategory", "HttpStatusCode", "MovementLegId", "OccurredAt", "Outcome", "Phase", "ReceiptClassification", "ReceiptObservedAt", "ReceiptOperation", "RequestSemanticSha256", "ResultPresent", "ReturnedOrderId", "Sequence", "UpperId")
VALUES (@p0, @p1, @p2, @p3, @p4, @p5, @p6, @p7, @p8, @p9, @p10, @p11, @p12, @p13, @p14, @p15, @p16, @p17, @p18, @p19, @p20, @p21);
[17:51:43 INF] Start processing HTTP request POST http://127.0.0.1:58408/api/order/v1/add/byDefaultMissions
[17:51:43 INF] Sending HTTP request POST http://127.0.0.1:58408/api/order/v1/add/byDefaultMissions
[17:51:43 INF] Received HTTP response headers after 9.5837ms - 200
[17:51:43 INF] End processing HTTP request after 11.0972ms - 200
[17:51:43 INF] Executed DbCommand (0ms) [Parameters=[@__upperId_0='?' (Size = 49)], CommandType='Text', CommandTimeout='30']
SELECT "o"."MovementLegId", "o"."AgvLifecycleGeneration", "o"."CreateAttemptCount", "o"."CreateAttemptId", "o"."CreateDispatchArmedAt", "o"."CreatedAt", "o"."DemandId", "o"."DestinationStationId", "o"."DispatchAuditSequence", "o"."DispatchAuditVersion", "o"."DispatchGeneration", "o"."ExperimentalCreateAuthorizationId", "o"."LastCreateOutcome", "o"."LastCreateOutcomeAt", "o"."LastCreateReceiptJson", "o"."LastReconciliationOutcome", "o"."LastReconciliationOutcomeAt", "o"."LastReconciliationReceiptJson", "o"."MapId", "o"."OrderId", "o"."Purpose", "o"."Status", "o"."TargetStationId", "o"."UpperId", "o"."VehicleKey"
FROM "OrderIntents" AS "o"
WHERE "o"."UpperId" = @__upperId_0
LIMIT 2
[17:51:43 INF] Executed DbCommand (0ms) [Parameters=[@p4='?' (Size = 36), @p5='?' (DbType = Int32), @p0='?' (DbType = Int64), @p6='?' (DbType = Int64), @p8='?', @p1='?' (Size = 22), @p2='?' (DbType = DateTimeOffset), @p3='?' (Size = 188), @p7='?' (Size = 16)], CommandType='Text', CommandTimeout='30']
UPDATE "OrderIntents" SET "DispatchAuditSequence" = @p0, "LastCreateOutcome" = @p1, "LastCreateOutcomeAt" = @p2, "LastCreateReceiptJson" = @p3
WHERE "MovementLegId" = @p4 AND "CreateAttemptCount" = @p5 AND "DispatchAuditSequence" = @p6 AND "ExperimentalCreateAuthorizationId" IS NULL AND "Status" = @p7
RETURNING 1;
[17:51:43 INF] Executed DbCommand (0ms) [Parameters=[@p0='?' (Size = 36), @p1='?' (Size = 36), @p2='?' (DbType = Int32), @p3='?', @p4='?' (Size = 43), @p5='?' (DbType = Int64), @p6='?', @p7='?', @p8='?', @p9='?' (DbType = Int32), @p10='?' (Size = 36), @p11='?' (DbType = DateTimeOffset), @p12='?' (Size = 8), @p13='?' (Size = 15), @p14='?' (Size = 11), @p15='?' (DbType = DateTimeOffset), @p16='?' (Size = 6), @p17='?', @p18='?' (DbType = Boolean), @p19='?' (Size = 12), @p20='?' (DbType = Int64), @p21='?' (Size = 49)], CommandType='Text', CommandTimeout='30']
INSERT INTO "RiotDispatchAuditEvents" ("AuditEventId", "AttemptId", "AttemptNumber", "BusinessCode", "DemandId", "DispatchGeneration", "EligibilityBasis", "ExperimentalAuthorizationId", "FailureCategory", "HttpStatusCode", "MovementLegId", "OccurredAt", "Outcome", "Phase", "ReceiptClassification", "ReceiptObservedAt", "ReceiptOperation", "RequestSemanticSha256", "ResultPresent", "ReturnedOrderId", "Sequence", "UpperId")
VALUES (@p0, @p1, @p2, @p3, @p4, @p5, @p6, @p7, @p8, @p9, @p10, @p11, @p12, @p13, @p14, @p15, @p16, @p17, @p18, @p19, @p20, @p21);
[17:51:43 INF] Start processing HTTP request GET http://127.0.0.1:58408/api/order/v1/orderRecord/detailByUpperId/W2G-CHARGE-331797c5-e0e8-d657-97a1-3b883a684085-1
[17:51:43 INF] Sending HTTP request GET http://127.0.0.1:58408/api/order/v1/orderRecord/detailByUpperId/W2G-CHARGE-331797c5-e0e8-d657-97a1-3b883a684085-1
[17:51:43 INF] Received HTTP response headers after 5.7942ms - 200
[17:51:43 INF] End processing HTTP request after 6.8219ms - 200
[17:51:43 INF] Executed DbCommand (0ms) [Parameters=[@__upperId_0='?' (Size = 49)], CommandType='Text', CommandTimeout='30']
SELECT "o"."MovementLegId", "o"."AgvLifecycleGeneration", "o"."CreateAttemptCount", "o"."CreateAttemptId", "o"."CreateDispatchArmedAt", "o"."CreatedAt", "o"."DemandId", "o"."DestinationStationId", "o"."DispatchAuditSequence", "o"."DispatchAuditVersion", "o"."DispatchGeneration", "o"."ExperimentalCreateAuthorizationId", "o"."LastCreateOutcome", "o"."LastCreateOutcomeAt", "o"."LastCreateReceiptJson", "o"."LastReconciliationOutcome", "o"."LastReconciliationOutcomeAt", "o"."LastReconciliationReceiptJson", "o"."MapId", "o"."OrderId", "o"."Purpose", "o"."Status", "o"."TargetStationId", "o"."UpperId", "o"."VehicleKey"
FROM "OrderIntents" AS "o"
WHERE "o"."UpperId" = @__upperId_0
LIMIT 2
[17:51:43 INF] Executed DbCommand (0ms) [Parameters=[@p6='?' (Size = 36), @p7='?' (DbType = Int32), @p0='?' (DbType = Int64), @p8='?' (DbType = Int64), @p10='?', @p1='?' (Size = 33), @p2='?' (DbType = DateTimeOffset), @p3='?' (Size = 185), @p4='?' (Size = 12), @p5='?' (Size = 9), @p9='?' (Size = 16)], CommandType='Text', CommandTimeout='30']
UPDATE "OrderIntents" SET "DispatchAuditSequence" = @p0, "LastReconciliationOutcome" = @p1, "LastReconciliationOutcomeAt" = @p2, "LastReconciliationReceiptJson" = @p3, "OrderId" = @p4, "Status" = @p5
WHERE "MovementLegId" = @p6 AND "CreateAttemptCount" = @p7 AND "DispatchAuditSequence" = @p8 AND "ExperimentalCreateAuthorizationId" IS NULL AND "Status" = @p9
RETURNING 1;
[17:51:43 INF] Executed DbCommand (0ms) [Parameters=[@p0='?' (Size = 36), @p1='?' (Size = 36), @p2='?' (DbType = Int32), @p3='?', @p4='?' (Size = 43), @p5='?' (DbType = Int64), @p6='?', @p7='?', @p8='?', @p9='?' (DbType = Int32), @p10='?' (Size = 36), @p11='?' (DbType = DateTimeOffset), @p12='?' (Size = 9), @p13='?' (Size = 26), @p14='?' (Size = 5), @p15='?' (DbType = DateTimeOffset), @p16='?' (Size = 9), @p17='?', @p18='?' (DbType = Boolean), @p19='?' (Size = 12), @p20='?' (DbType = Int64), @p21='?' (Size = 49)], CommandType='Text', CommandTimeout='30']
INSERT INTO "RiotDispatchAuditEvents" ("AuditEventId", "AttemptId", "AttemptNumber", "BusinessCode", "DemandId", "DispatchGeneration", "EligibilityBasis", "ExperimentalAuthorizationId", "FailureCategory", "HttpStatusCode", "MovementLegId", "OccurredAt", "Outcome", "Phase", "ReceiptClassification", "ReceiptObservedAt", "ReceiptOperation", "RequestSemanticSha256", "ResultPresent", "ReturnedOrderId", "Sequence", "UpperId")
VALUES (@p0, @p1, @p2, @p3, @p4, @p5, @p6, @p7, @p8, @p9, @p10, @p11, @p12, @p13, @p14, @p15, @p16, @p17, @p18, @p19, @p20, @p21);
[17:51:43 INF] Executed DbCommand (0ms) [Parameters=[@p1='?' (Size = 36), @p0='?' (DbType = DateTimeOffset)], CommandType='Text', CommandTimeout='30']
UPDATE "AutoChargingRuns" SET "UpdatedAt" = @p0
WHERE "ChargingRunId" = @p1
RETURNING 1;
[17:51:43 INF] Charging run 331797c5-e0e8-d657-97a1-3b883a684085 dispatched at 15% to station ³äµçµã1.
[17:51:44 INF] Start processing HTTP request GET http://127.0.0.1:58408/api/task/v1/task/getVehicleInfo/BROKERX-L2-0001
[17:51:44 INF] Sending HTTP request GET http://127.0.0.1:58408/api/task/v1/task/getVehicleInfo/BROKERX-L2-0001
[17:51:44 INF] Received HTTP response headers after 0.9482ms - 200
[17:51:44 INF] End processing HTTP request after 4.3214ms - 200
[17:51:44 INF] Start processing HTTP request GET http://127.0.0.1:58408/api/order/v1/orderRecord?pageNum=1&pageSize=100&filterByState=1&filterByState=3&filterByState=7&filterByState=9
[17:51:44 INF] Sending HTTP request GET http://127.0.0.1:58408/api/order/v1/orderRecord?pageNum=1&pageSize=100&filterByState=1&filterByState=3&filterByState=7&filterByState=9
[17:51:44 INF] Received HTTP response headers after 1.6269ms - 200
[17:51:44 INF] End processing HTTP request after 2.4709ms - 200
[17:51:44 INF] HTTP GET /api/onboard/v1/vehicle-safety responded 200 in 10.6175 ms
[17:51:44 INF] Executed DbCommand (0ms) [Parameters=[@__messageId_0='?' (Size = 36)], CommandType='Text', CommandTimeout='30']
SELECT "p"."MessageId", "p"."ContentHash", "p"."FirstResponseJson", "p"."MessageType", "p"."ReceivedAt", "p"."RequestJson"
FROM "ProtocolInbox" AS "p"
WHERE "p"."MessageId" = @__messageId_0
LIMIT 2
[17:51:44 INF] Executed DbCommand (0ms) [Parameters=[@__agvId_0='?' (Size = 10)], CommandType='Text', CommandTimeout='30']
SELECT "s"."AgvId", "s"."ActiveUnlockSlotsJson", "s"."CapabilityHash", "s"."CapabilityRevision", "s"."DepartureSafe", "s"."ForcedRecoveryGeneration", "s"."ManifestSha256", "s"."PendingAttemptIdsJson", "s"."PendingResultIdsJson", "s"."ProfileId", "s"."ProtocolCommit", "s"."ProtocolVersion", "s"."ProvenRecoveryCheckpoint", "s"."Readiness", "s"."ReasonCode", "s"."RecoveryReportId", "s"."ReportedForcedRecoveryGeneration", "s"."SafetyHash", "s"."SafetyReasonCodesJson", "s"."SafetyRevision", "s"."SafetyUnknownPresent", "s"."SessionGeneration", "s"."UnsettledSlotOperationAttemptId", "s"."UpdatedAt"
FROM "SessionRecoveries" AS "s"
WHERE "s"."AgvId" = @__agvId_0
LIMIT 2
[17:51:44 INF] Executed DbCommand (0ms) [Parameters=[@p8='?' (Size = 10), @p0='?' (DbType = Boolean), @p1='?' (Size = 16), @p2='?' (Size = 20), @p3='?' (Size = 64), @p4='?' (Size = 21), @p5='?' (DbType = Int64), @p6='?' (DbType = Boolean), @p7='?' (DbType = DateTimeOffset)], CommandType='Text', CommandTimeout='30']
UPDATE "SessionRecoveries" SET "DepartureSafe" = @p0, "Readiness" = @p1, "ReasonCode" = @p2, "SafetyHash" = @p3, "SafetyReasonCodesJson" = @p4, "SafetyRevision" = @p5, "SafetyUnknownPresent" = @p6, "UpdatedAt" = @p7
WHERE "AgvId" = @p8
RETURNING 1;
[17:51:44 INF] Executed DbCommand (0ms) [Parameters=[@__agvId_0='?' (Size = 10)], CommandType='Text', CommandTimeout='30']
SELECT "s"."AgvId", "s"."ActiveUnlockSlotsJson", "s"."CapabilityHash", "s"."CapabilityRevision", "s"."DepartureSafe", "s"."ForcedRecoveryGeneration", "s"."ManifestSha256", "s"."PendingAttemptIdsJson", "s"."PendingResultIdsJson", "s"."ProfileId", "s"."ProtocolCommit", "s"."ProtocolVersion", "s"."ProvenRecoveryCheckpoint", "s"."Readiness", "s"."ReasonCode", "s"."RecoveryReportId", "s"."ReportedForcedRecoveryGeneration", "s"."SafetyHash", "s"."SafetyReasonCodesJson", "s"."SafetyRevision", "s"."SafetyUnknownPresent", "s"."SessionGeneration", "s"."UnsettledSlotOperationAttemptId", "s"."UpdatedAt"
FROM "SessionRecoveries" AS "s"
WHERE "s"."AgvId" = @__agvId_0
LIMIT 2
[17:51:44 INF] Executed DbCommand (0ms) [Parameters=[@__agvId_0='?' (Size = 10)], CommandType='Text', CommandTimeout='30']
SELECT EXISTS (
    SELECT 1
    FROM "StationOperations" AS "s"
    INNER JOIN "JourneyDemands" AS "j" ON "s"."DemandId" = "j"."DemandId"
    INNER JOIN "JourneyRuntimes" AS "j0" ON "j"."JourneyId" = "j0"."JourneyId"
    WHERE "j0"."AgvId" = @__agvId_0 AND "s"."Status" = 'RecoveryRequired')
[17:51:44 INF] Executed DbCommand (0ms) [Parameters=[@p2='?' (Size = 10), @p0='?' (Size = 26), @p1='?' (DbType = DateTimeOffset)], CommandType='Text', CommandTimeout='30']
UPDATE "SessionRecoveries" SET "ReasonCode" = @p0, "UpdatedAt" = @p1
WHERE "AgvId" = @p2
RETURNING 1;
[17:51:44 INF] Executed DbCommand (0ms) [Parameters=[@p0='?' (Size = 36), @p1='?' (Size = 64), @p2='?' (Size = 1265), @p3='?' (Size = 18), @p4='?' (DbType = DateTimeOffset), @p5='?' (Size = 673)], CommandType='Text', CommandTimeout='30']
INSERT INTO "ProtocolInbox" ("MessageId", "ContentHash", "FirstResponseJson", "MessageType", "ReceivedAt", "RequestJson")
VALUES (@p0, @p1, @p2, @p3, @p4, @p5);
[17:51:44 INF] Start processing HTTP request GET http://127.0.0.1:58408/api/imap/v1/mapInfo/stations/25
[17:51:44 INF] Sending HTTP request GET http://127.0.0.1:58408/api/imap/v1/mapInfo/stations/25
[17:51:44 INF] Received HTTP response headers after 1.0435ms - 200
[17:51:44 INF] End processing HTTP request after 2.024ms - 200
[17:51:44 INF] Executed DbCommand (0ms) [Parameters=[], CommandType='Text', CommandTimeout='30']
SELECT "a"."Id", "a"."ContentHash", "a"."DeploymentId", "a"."ImportedAt", "a"."Version"
FROM "AdmissionPolicyState" AS "a"
WHERE "a"."Id" = 1
LIMIT 2
[17:51:44 INF] Executed DbCommand (0ms) [Parameters=[], CommandType='Text', CommandTimeout='30']
SELECT "j"."JourneyId", "j"."AgvId", "j"."AgvLifecycleGeneration", "j"."BlockReasonCode", "j"."CreatedAt", "j"."CurrentStopSequence", "j"."DispatchGeneration", "j"."DispatchZone", "j"."GateStationId", "j"."GateStationRiotId", "j"."HoldingStartedAt", "j"."LoadingClosedReason", "j"."MapId", "j"."MapIdentity", "j"."NextStopSequence", "j"."OperationSessionId", "j"."PlanRevision", "j"."Stage", "j"."UpdatedAt", "j"."VehicleBusinessRevision", "j"."VehicleKey", "j"."WorklistRevision"
FROM "JourneyRuntimes" AS "j"
WHERE "j"."Stage" <> 'Completed'
[17:51:44 INF] Executed DbCommand (0ms) [Parameters=[], CommandType='Text', CommandTimeout='30']
SELECT "a"."DemandId"
FROM "AcceptedDemands" AS "a"
WHERE "a"."Status" NOT IN ('Succeeded', 'Cancelled')
[17:51:44 INF] Executed DbCommand (0ms) [Parameters=[], CommandType='Text', CommandTimeout='30']
SELECT "j"."DemandId"
FROM "JourneyDemands" AS "j"
[17:51:44 INF] Executed DbCommand (0ms) [Parameters=[@__runtimeOptions_VehicleKey_0='?' (Size = 15)], CommandType='Text', CommandTimeout='30']
SELECT "a"."ChargingRunId", "a"."AgvId", "a"."BlockReasonCode", "a"."ChargerStationId", "a"."ChargerStationRiotId", "a"."CreatedAt", "a"."MovementLegId", "a"."ReleasedAtBatteryPercent", "a"."Stage", "a"."TriggeredAtBatteryPercent", "a"."UpdatedAt", "a"."UpperId", "a"."VehicleKey"
FROM "AutoChargingRuns" AS "a"
WHERE "a"."VehicleKey" = @__runtimeOptions_VehicleKey_0 AND "a"."Stage" <> 'Completed'
[17:51:44 INF] Start processing HTTP request GET http://127.0.0.1:58408/api/task/vehicles/getVehicleInfoByDeviceKey?key=BROKERX-L2-0001
[17:51:44 INF] Sending HTTP request GET http://127.0.0.1:58408/api/task/vehicles/getVehicleInfoByDeviceKey?key=BROKERX-L2-0001
[17:51:44 INF] Received HTTP response headers after 0.9801ms - 200
[17:51:44 INF] End processing HTTP request after 2.0856ms - 200
[17:51:44 INF] Executed DbCommand (0ms) [Parameters=[@__upperId_0='?' (Size = 49)], CommandType='Text', CommandTimeout='30']
SELECT "o"."MovementLegId", "o"."AgvLifecycleGeneration", "o"."CreateAttemptCount", "o"."CreateAttemptId", "o"."CreateDispatchArmedAt", "o"."CreatedAt", "o"."DemandId", "o"."DestinationStationId", "o"."DispatchAuditSequence", "o"."DispatchAuditVersion", "o"."DispatchGeneration", "o"."ExperimentalCreateAuthorizationId", "o"."LastCreateOutcome", "o"."LastCreateOutcomeAt", "o"."LastCreateReceiptJson", "o"."LastReconciliationOutcome", "o"."LastReconciliationOutcomeAt", "o"."LastReconciliationReceiptJson", "o"."MapId", "o"."OrderId", "o"."Purpose", "o"."Status", "o"."TargetStationId", "o"."UpperId", "o"."VehicleKey"
FROM "OrderIntents" AS "o"
WHERE "o"."UpperId" = @__upperId_0
LIMIT 2
[17:51:44 INF] Executed DbCommand (0ms) [Parameters=[@__upperId_0='?' (Size = 49), @__row_CreateAttemptId_1='?' (Size = 36)], CommandType='Text', CommandTimeout='30']
SELECT "e"."AuthorizationId", "e"."AgvLifecycleGeneration", "e"."AuthorizationVersion", "e"."ConsumedAt", "e"."ConsumedByAttemptId", "e"."DemandId", "e"."DispatchGeneration", "e"."ExpiresAt", "e"."MovementLegId", "e"."PersistedAt", "e"."UpperId"
FROM "ExperimentalRiotCreateAuthorizations" AS "e"
WHERE "e"."UpperId" = @__upperId_0 AND "e"."ConsumedByAttemptId" = @__row_CreateAttemptId_1
LIMIT 2
[17:51:44 INF] Start processing HTTP request GET http://127.0.0.1:58408/api/order/v1/orderRecord/detailByUpperId/W2G-CHARGE-331797c5-e0e8-d657-97a1-3b883a684085-1
[17:51:44 INF] Sending HTTP request GET http://127.0.0.1:58408/api/order/v1/orderRecord/detailByUpperId/W2G-CHARGE-331797c5-e0e8-d657-97a1-3b883a684085-1
[17:51:44 INF] Received HTTP response headers after 0.9462ms - 200
[17:51:44 INF] End processing HTTP request after 1.9744ms - 200
[17:51:44 INF] Executed DbCommand (0ms) [Parameters=[@__run_UpperId_0='?' (Size = 49)], CommandType='Text', CommandTimeout='30']
SELECT "o"."MovementLegId", "o"."AgvLifecycleGeneration", "o"."CreateAttemptCount", "o"."CreateAttemptId", "o"."CreateDispatchArmedAt", "o"."CreatedAt", "o"."DemandId", "o"."DestinationStationId", "o"."DispatchAuditSequence", "o"."DispatchAuditVersion", "o"."DispatchGeneration", "o"."ExperimentalCreateAuthorizationId", "o"."LastCreateOutcome", "o"."LastCreateOutcomeAt", "o"."LastCreateReceiptJson", "o"."LastReconciliationOutcome", "o"."LastReconciliationOutcomeAt", "o"."LastReconciliationReceiptJson", "o"."MapId", "o"."OrderId", "o"."Purpose", "o"."Status", "o"."TargetStationId", "o"."UpperId", "o"."VehicleKey"
FROM "OrderIntents" AS "o"
WHERE "o"."UpperId" = @__run_UpperId_0
LIMIT 2
[17:51:45 INF] Start processing HTTP request GET http://127.0.0.1:58408/api/task/v1/task/getVehicleInfo/BROKERX-L2-0001
[17:51:45 INF] Sending HTTP request GET http://127.0.0.1:58408/api/task/v1/task/getVehicleInfo/BROKERX-L2-0001
[17:51:45 INF] Received HTTP response headers after 0.7637ms - 200
[17:51:45 INF] End processing HTTP request after 1.9657ms - 200
[17:51:45 INF] Start processing HTTP request GET http://127.0.0.1:58408/api/order/v1/orderRecord?pageNum=1&pageSize=100&filterByState=1&filterByState=3&filterByState=7&filterByState=9
[17:51:45 INF] Sending HTTP request GET http://127.0.0.1:58408/api/order/v1/orderRecord?pageNum=1&pageSize=100&filterByState=1&filterByState=3&filterByState=7&filterByState=9
[17:51:45 INF] Received HTTP response headers after 0.6208ms - 200
[17:51:45 INF] End processing HTTP request after 1.1929ms - 200
[17:51:45 INF] HTTP GET /api/onboard/v1/vehicle-safety responded 200 in 4.4721 ms
[17:51:45 INF] Executed DbCommand (0ms) [Parameters=[@__messageId_0='?' (Size = 36)], CommandType='Text', CommandTimeout='30']
SELECT "p"."MessageId", "p"."ContentHash", "p"."FirstResponseJson", "p"."MessageType", "p"."ReceivedAt", "p"."RequestJson"
FROM "ProtocolInbox" AS "p"
WHERE "p"."MessageId" = @__messageId_0
LIMIT 2
[17:51:45 INF] Executed DbCommand (0ms) [Parameters=[@__agvId_0='?' (Size = 10)], CommandType='Text', CommandTimeout='30']
SELECT "s"."AgvId", "s"."ActiveUnlockSlotsJson", "s"."CapabilityHash", "s"."CapabilityRevision", "s"."DepartureSafe", "s"."ForcedRecoveryGeneration", "s"."ManifestSha256", "s"."PendingAttemptIdsJson", "s"."PendingResultIdsJson", "s"."ProfileId", "s"."ProtocolCommit", "s"."ProtocolVersion", "s"."ProvenRecoveryCheckpoint", "s"."Readiness", "s"."ReasonCode", "s"."RecoveryReportId", "s"."ReportedForcedRecoveryGeneration", "s"."SafetyHash", "s"."SafetyReasonCodesJson", "s"."SafetyRevision", "s"."SafetyUnknownPresent", "s"."SessionGeneration", "s"."UnsettledSlotOperationAttemptId", "s"."UpdatedAt"
FROM "SessionRecoveries" AS "s"
WHERE "s"."AgvId" = @__agvId_0
LIMIT 2
[17:51:45 INF] Executed DbCommand (0ms) [Parameters=[@p7='?' (Size = 10), @p0='?' (DbType = Boolean), @p1='?' (Size = 20), @p2='?' (Size = 64), @p3='?' (Size = 2), @p4='?' (DbType = Int64), @p5='?' (DbType = Boolean), @p6='?' (DbType = DateTimeOffset)], CommandType='Text', CommandTimeout='30']
UPDATE "SessionRecoveries" SET "DepartureSafe" = @p0, "ReasonCode" = @p1, "SafetyHash" = @p2, "SafetyReasonCodesJson" = @p3, "SafetyRevision" = @p4, "SafetyUnknownPresent" = @p5, "UpdatedAt" = @p6
WHERE "AgvId" = @p7
RETURNING 1;
[17:51:45 INF] Executed DbCommand (0ms) [Parameters=[@__agvId_0='?' (Size = 10)], CommandType='Text', CommandTimeout='30']
SELECT "s"."AgvId", "s"."ActiveUnlockSlotsJson", "s"."CapabilityHash", "s"."CapabilityRevision", "s"."DepartureSafe", "s"."ForcedRecoveryGeneration", "s"."ManifestSha256", "s"."PendingAttemptIdsJson", "s"."PendingResultIdsJson", "s"."ProfileId", "s"."ProtocolCommit", "s"."ProtocolVersion", "s"."ProvenRecoveryCheckpoint", "s"."Readiness", "s"."ReasonCode", "s"."RecoveryReportId", "s"."ReportedForcedRecoveryGeneration", "s"."SafetyHash", "s"."SafetyReasonCodesJson", "s"."SafetyRevision", "s"."SafetyUnknownPresent", "s"."SessionGeneration", "s"."UnsettledSlotOperationAttemptId", "s"."UpdatedAt"
FROM "SessionRecoveries" AS "s"
WHERE "s"."AgvId" = @__agvId_0
LIMIT 2
[17:51:45 INF] Executed DbCommand (0ms) [Parameters=[@__agvId_0='?' (Size = 10)], CommandType='Text', CommandTimeout='30']
SELECT EXISTS (
    SELECT 1
    FROM "StationOperations" AS "s"
    INNER JOIN "JourneyDemands" AS "j" ON "s"."DemandId" = "j"."DemandId"
    INNER JOIN "JourneyRuntimes" AS "j0" ON "j"."JourneyId" = "j0"."JourneyId"
    WHERE "j0"."AgvId" = @__agvId_0 AND "s"."Status" = 'RecoveryRequired')
[17:51:45 INF] Executed DbCommand (0ms) [Parameters=[@p3='?' (Size = 10), @p0='?' (Size = 5), @p1='?' (Size = 5), @p2='?' (DbType = DateTimeOffset)], CommandType='Text', CommandTimeout='30']
UPDATE "SessionRecoveries" SET "Readiness" = @p0, "ReasonCode" = @p1, "UpdatedAt" = @p2
WHERE "AgvId" = @p3
RETURNING 1;
[17:51:45 INF] Executed DbCommand (0ms) [Parameters=[@p0='?' (Size = 36), @p1='?' (Size = 64), @p2='?' (Size = 1235), @p3='?' (Size = 18), @p4='?' (DbType = DateTimeOffset), @p5='?' (Size = 653)], CommandType='Text', CommandTimeout='30']
INSERT INTO "ProtocolInbox" ("MessageId", "ContentHash", "FirstResponseJson", "MessageType", "ReceivedAt", "RequestJson")
VALUES (@p0, @p1, @p2, @p3, @p4, @p5);
[17:51:45 INF] Executed DbCommand (0ms) [Parameters=[@__messageId_0='?' (Size = 36)], CommandType='Text', CommandTimeout='30']
SELECT "p"."MessageId", "p"."ContentHash", "p"."FirstResponseJson", "p"."MessageType", "p"."ReceivedAt", "p"."RequestJson"
FROM "ProtocolInbox" AS "p"
WHERE "p"."MessageId" = @__messageId_0
LIMIT 2
[17:51:45 INF] Executed DbCommand (0ms) [Parameters=[@p0='?' (Size = 36), @p1='?' (Size = 64), @p2='?' (Size = 536), @p3='?' (Size = 9), @p4='?' (DbType = DateTimeOffset), @p5='?' (Size = 427)], CommandType='Text', CommandTimeout='30']
INSERT INTO "ProtocolInbox" ("MessageId", "ContentHash", "FirstResponseJson", "MessageType", "ReceivedAt", "RequestJson")
VALUES (@p0, @p1, @p2, @p3, @p4, @p5);
[17:51:46 INF] Start processing HTTP request GET http://127.0.0.1:58408/api/task/v1/task/getVehicleInfo/BROKERX-L2-0001
[17:51:46 INF] Sending HTTP request GET http://127.0.0.1:58408/api/task/v1/task/getVehicleInfo/BROKERX-L2-0001
[17:51:46 INF] Received HTTP response headers after 1.0309ms - 200
[17:51:46 INF] End processing HTTP request after 2.5169ms - 200
[17:51:46 INF] Start processing HTTP request GET http://127.0.0.1:58408/api/order/v1/orderRecord?pageNum=1&pageSize=100&filterByState=1&filterByState=3&filterByState=7&filterByState=9
[17:51:46 INF] Sending HTTP request GET http://127.0.0.1:58408/api/order/v1/orderRecord?pageNum=1&pageSize=100&filterByState=1&filterByState=3&filterByState=7&filterByState=9
[17:51:46 INF] Received HTTP response headers after 0.5371ms - 200
[17:51:46 INF] End processing HTTP request after 1.1465ms - 200
[17:51:46 INF] HTTP GET /api/onboard/v1/vehicle-safety responded 200 in 5.2423 ms
[17:51:46 INF] Start processing HTTP request GET http://127.0.0.1:58408/api/imap/v1/mapInfo/stations/25
[17:51:46 INF] Sending HTTP request GET http://127.0.0.1:58408/api/imap/v1/mapInfo/stations/25
[17:51:46 INF] Received HTTP response headers after 0.7951ms - 200
[17:51:46 INF] End processing HTTP request after 4.1895ms - 200
[17:51:46 INF] Executed DbCommand (0ms) [Parameters=[], CommandType='Text', CommandTimeout='30']
SELECT "a"."Id", "a"."ContentHash", "a"."DeploymentId", "a"."ImportedAt", "a"."Version"
FROM "AdmissionPolicyState" AS "a"
WHERE "a"."Id" = 1
LIMIT 2
[17:51:46 INF] Executed DbCommand (0ms) [Parameters=[], CommandType='Text', CommandTimeout='30']
SELECT "j"."JourneyId", "j"."AgvId", "j"."AgvLifecycleGeneration", "j"."BlockReasonCode", "j"."CreatedAt", "j"."CurrentStopSequence", "j"."DispatchGeneration", "j"."DispatchZone", "j"."GateStationId", "j"."GateStationRiotId", "j"."HoldingStartedAt", "j"."LoadingClosedReason", "j"."MapId", "j"."MapIdentity", "j"."NextStopSequence", "j"."OperationSessionId", "j"."PlanRevision", "j"."Stage", "j"."UpdatedAt", "j"."VehicleBusinessRevision", "j"."VehicleKey", "j"."WorklistRevision"
FROM "JourneyRuntimes" AS "j"
WHERE "j"."Stage" <> 'Completed'
[17:51:46 INF] Executed DbCommand (0ms) [Parameters=[], CommandType='Text', CommandTimeout='30']
SELECT "a"."DemandId"
FROM "AcceptedDemands" AS "a"
WHERE "a"."Status" NOT IN ('Succeeded', 'Cancelled')
[17:51:46 INF] Executed DbCommand (0ms) [Parameters=[], CommandType='Text', CommandTimeout='30']
SELECT "j"."DemandId"
FROM "JourneyDemands" AS "j"
[17:51:46 INF] Executed DbCommand (0ms) [Parameters=[@__runtimeOptions_VehicleKey_0='?' (Size = 15)], CommandType='Text', CommandTimeout='30']
SELECT "a"."ChargingRunId", "a"."AgvId", "a"."BlockReasonCode", "a"."ChargerStationId", "a"."ChargerStationRiotId", "a"."CreatedAt", "a"."MovementLegId", "a"."ReleasedAtBatteryPercent", "a"."Stage", "a"."TriggeredAtBatteryPercent", "a"."UpdatedAt", "a"."UpperId", "a"."VehicleKey"
FROM "AutoChargingRuns" AS "a"
WHERE "a"."VehicleKey" = @__runtimeOptions_VehicleKey_0 AND "a"."Stage" <> 'Completed'
[17:51:46 INF] Start processing HTTP request GET http://127.0.0.1:58408/api/task/vehicles/getVehicleInfoByDeviceKey?key=BROKERX-L2-0001
[17:51:46 INF] Sending HTTP request GET http://127.0.0.1:58408/api/task/vehicles/getVehicleInfoByDeviceKey?key=BROKERX-L2-0001
[17:51:46 INF] Received HTTP response headers after 0.6361ms - 200
[17:51:46 INF] End processing HTTP request after 1.4892ms - 200
[17:51:46 INF] Executed DbCommand (0ms) [Parameters=[@__upperId_0='?' (Size = 49)], CommandType='Text', CommandTimeout='30']
SELECT "o"."MovementLegId", "o"."AgvLifecycleGeneration", "o"."CreateAttemptCount", "o"."CreateAttemptId", "o"."CreateDispatchArmedAt", "o"."CreatedAt", "o"."DemandId", "o"."DestinationStationId", "o"."DispatchAuditSequence", "o"."DispatchAuditVersion", "o"."DispatchGeneration", "o"."ExperimentalCreateAuthorizationId", "o"."LastCreateOutcome", "o"."LastCreateOutcomeAt", "o"."LastCreateReceiptJson", "o"."LastReconciliationOutcome", "o"."LastReconciliationOutcomeAt", "o"."LastReconciliationReceiptJson", "o"."MapId", "o"."OrderId", "o"."Purpose", "o"."Status", "o"."TargetStationId", "o"."UpperId", "o"."VehicleKey"
FROM "OrderIntents" AS "o"
WHERE "o"."UpperId" = @__upperId_0
LIMIT 2
[17:51:46 INF] Executed DbCommand (0ms) [Parameters=[@__upperId_0='?' (Size = 49), @__row_CreateAttemptId_1='?' (Size = 36)], CommandType='Text', CommandTimeout='30']
SELECT "e"."AuthorizationId", "e"."AgvLifecycleGeneration", "e"."AuthorizationVersion", "e"."ConsumedAt", "e"."ConsumedByAttemptId", "e"."DemandId", "e"."DispatchGeneration", "e"."ExpiresAt", "e"."MovementLegId", "e"."PersistedAt", "e"."UpperId"
FROM "ExperimentalRiotCreateAuthorizations" AS "e"
WHERE "e"."UpperId" = @__upperId_0 AND "e"."ConsumedByAttemptId" = @__row_CreateAttemptId_1
LIMIT 2
[17:51:46 INF] Start processing HTTP request GET http://127.0.0.1:58408/api/order/v1/orderRecord/detailByUpperId/W2G-CHARGE-331797c5-e0e8-d657-97a1-3b883a684085-1
[17:51:46 INF] Sending HTTP request GET http://127.0.0.1:58408/api/order/v1/orderRecord/detailByUpperId/W2G-CHARGE-331797c5-e0e8-d657-97a1-3b883a684085-1
[17:51:46 INF] Received HTTP response headers after 0.6006ms - 200
[17:51:46 INF] End processing HTTP request after 1.3813ms - 200
[17:51:46 INF] Executed DbCommand (0ms) [Parameters=[@__run_UpperId_0='?' (Size = 49)], CommandType='Text', CommandTimeout='30']
SELECT "o"."MovementLegId", "o"."AgvLifecycleGeneration", "o"."CreateAttemptCount", "o"."CreateAttemptId", "o"."CreateDispatchArmedAt", "o"."CreatedAt", "o"."DemandId", "o"."DestinationStationId", "o"."DispatchAuditSequence", "o"."DispatchAuditVersion", "o"."DispatchGeneration", "o"."ExperimentalCreateAuthorizationId", "o"."LastCreateOutcome", "o"."LastCreateOutcomeAt", "o"."LastCreateReceiptJson", "o"."LastReconciliationOutcome", "o"."LastReconciliationOutcomeAt", "o"."LastReconciliationReceiptJson", "o"."MapId", "o"."OrderId", "o"."Purpose", "o"."Status", "o"."TargetStationId", "o"."UpperId", "o"."VehicleKey"
FROM "OrderIntents" AS "o"
WHERE "o"."UpperId" = @__run_UpperId_0
LIMIT 2
[17:51:46 INF] Start processing HTTP request GET http://127.0.0.1:58408/api/task/vehicles/getVehicleInfoByDeviceKey?key=BROKERX-L2-0001
[17:51:46 INF] Sending HTTP request GET http://127.0.0.1:58408/api/task/vehicles/getVehicleInfoByDeviceKey?key=BROKERX-L2-0001
[17:51:46 INF] Received HTTP response headers after 0.4659ms - 200
[17:51:46 INF] End processing HTTP request after 1.2393ms - 200
[17:51:46 INF] Executed DbCommand (0ms) [Parameters=[@p2='?' (Size = 36), @p0='?' (Size = 8), @p1='?' (DbType = DateTimeOffset)], CommandType='Text', CommandTimeout='30']
UPDATE "AutoChargingRuns" SET "Stage" = @p0, "UpdatedAt" = @p1
WHERE "ChargingRunId" = @p2
RETURNING 1;
[17:51:47 INF] Start processing HTTP request GET http://127.0.0.1:58408/api/task/v1/task/getVehicleInfo/BROKERX-L2-0001
[17:51:47 INF] Sending HTTP request GET http://127.0.0.1:58408/api/task/v1/task/getVehicleInfo/BROKERX-L2-0001
[17:51:47 INF] Received HTTP response headers after 0.7004ms - 200
[17:51:47 INF] End processing HTTP request after 1.9633ms - 200
[17:51:47 INF] Start processing HTTP request GET http://127.0.0.1:58408/api/order/v1/orderRecord?pageNum=1&pageSize=100&filterByState=1&filterByState=3&filterByState=7&filterByState=9
[17:51:47 INF] Sending HTTP request GET http://127.0.0.1:58408/api/order/v1/orderRecord?pageNum=1&pageSize=100&filterByState=1&filterByState=3&filterByState=7&filterByState=9
[17:51:47 INF] Received HTTP response headers after 0.7227ms - 200
[17:51:47 INF] End processing HTTP request after 1.5166ms - 200
[17:51:47 INF] HTTP GET /api/onboard/v1/vehicle-safety responded 200 in 5.3103 ms
[17:51:48 INF] Start processing HTTP request GET http://127.0.0.1:58408/api/task/v1/task/getVehicleInfo/BROKERX-L2-0001
[17:51:48 INF] Sending HTTP request GET http://127.0.0.1:58408/api/task/v1/task/getVehicleInfo/BROKERX-L2-0001
[17:51:48 INF] Received HTTP response headers after 0.7691ms - 200
[17:51:48 INF] End processing HTTP request after 4.1211ms - 200
[17:51:48 INF] Start processing HTTP request GET http://127.0.0.1:58408/api/order/v1/orderRecord?pageNum=1&pageSize=100&filterByState=1&filterByState=3&filterByState=7&filterByState=9
[17:51:48 INF] Sending HTTP request GET http://127.0.0.1:58408/api/order/v1/orderRecord?pageNum=1&pageSize=100&filterByState=1&filterByState=3&filterByState=7&filterByState=9
[17:51:48 INF] Received HTTP response headers after 0.6355ms - 200
[17:51:48 INF] End processing HTTP request after 1.3065ms - 200
[17:51:48 INF] HTTP GET /api/onboard/v1/vehicle-safety responded 200 in 6.8522 ms
[17:51:48 INF] Start processing HTTP request GET http://127.0.0.1:58408/api/imap/v1/mapInfo/stations/25
[17:51:48 INF] Sending HTTP request GET http://127.0.0.1:58408/api/imap/v1/mapInfo/stations/25
[17:51:48 INF] Received HTTP response headers after 0.8017ms - 200
[17:51:48 INF] End processing HTTP request after 2.1806ms - 200
[17:51:48 INF] Executed DbCommand (0ms) [Parameters=[], CommandType='Text', CommandTimeout='30']
SELECT "a"."Id", "a"."ContentHash", "a"."DeploymentId", "a"."ImportedAt", "a"."Version"
FROM "AdmissionPolicyState" AS "a"
WHERE "a"."Id" = 1
LIMIT 2
[17:51:48 INF] Executed DbCommand (0ms) [Parameters=[], CommandType='Text', CommandTimeout='30']
SELECT "j"."JourneyId", "j"."AgvId", "j"."AgvLifecycleGeneration", "j"."BlockReasonCode", "j"."CreatedAt", "j"."CurrentStopSequence", "j"."DispatchGeneration", "j"."DispatchZone", "j"."GateStationId", "j"."GateStationRiotId", "j"."HoldingStartedAt", "j"."LoadingClosedReason", "j"."MapId", "j"."MapIdentity", "j"."NextStopSequence", "j"."OperationSessionId", "j"."PlanRevision", "j"."Stage", "j"."UpdatedAt", "j"."VehicleBusinessRevision", "j"."VehicleKey", "j"."WorklistRevision"
FROM "JourneyRuntimes" AS "j"
WHERE "j"."Stage" <> 'Completed'
[17:51:48 INF] Executed DbCommand (0ms) [Parameters=[], CommandType='Text', CommandTimeout='30']
SELECT "a"."DemandId"
FROM "AcceptedDemands" AS "a"
WHERE "a"."Status" NOT IN ('Succeeded', 'Cancelled')
[17:51:48 INF] Executed DbCommand (0ms) [Parameters=[], CommandType='Text', CommandTimeout='30']
SELECT "j"."DemandId"
FROM "JourneyDemands" AS "j"
[17:51:48 INF] Executed DbCommand (0ms) [Parameters=[@__runtimeOptions_VehicleKey_0='?' (Size = 15)], CommandType='Text', CommandTimeout='30']
SELECT "a"."ChargingRunId", "a"."AgvId", "a"."BlockReasonCode", "a"."ChargerStationId", "a"."ChargerStationRiotId", "a"."CreatedAt", "a"."MovementLegId", "a"."ReleasedAtBatteryPercent", "a"."Stage", "a"."TriggeredAtBatteryPercent", "a"."UpdatedAt", "a"."UpperId", "a"."VehicleKey"
FROM "AutoChargingRuns" AS "a"
WHERE "a"."VehicleKey" = @__runtimeOptions_VehicleKey_0 AND "a"."Stage" <> 'Completed'
[17:51:48 INF] Start processing HTTP request GET http://127.0.0.1:58408/api/task/vehicles/getVehicleInfoByDeviceKey?key=BROKERX-L2-0001
[17:51:48 INF] Sending HTTP request GET http://127.0.0.1:58408/api/task/vehicles/getVehicleInfoByDeviceKey?key=BROKERX-L2-0001
[17:51:48 INF] Received HTTP response headers after 0.4565ms - 200
[17:51:48 INF] End processing HTTP request after 1.0665ms - 200
[17:51:49 INF] Start processing HTTP request GET http://127.0.0.1:58408/api/task/v1/task/getVehicleInfo/BROKERX-L2-0001
[17:51:49 INF] Sending HTTP request GET http://127.0.0.1:58408/api/task/v1/task/getVehicleInfo/BROKERX-L2-0001
[17:51:49 INF] Received HTTP response headers after 0.6173ms - 200
[17:51:49 INF] End processing HTTP request after 2.0398ms - 200
[17:51:49 INF] Start processing HTTP request GET http://127.0.0.1:58408/api/order/v1/orderRecord?pageNum=1&pageSize=100&filterByState=1&filterByState=3&filterByState=7&filterByState=9
[17:51:49 INF] Sending HTTP request GET http://127.0.0.1:58408/api/order/v1/orderRecord?pageNum=1&pageSize=100&filterByState=1&filterByState=3&filterByState=7&filterByState=9
[17:51:49 INF] Received HTTP response headers after 0.4472ms - 200
[17:51:49 INF] End processing HTTP request after 1.2315ms - 200
[17:51:49 INF] HTTP GET /api/onboard/v1/vehicle-safety responded 200 in 4.7613 ms
[17:51:50 INF] Start processing HTTP request GET http://127.0.0.1:58408/api/task/v1/task/getVehicleInfo/BROKERX-L2-0001
[17:51:50 INF] Sending HTTP request GET http://127.0.0.1:58408/api/task/v1/task/getVehicleInfo/BROKERX-L2-0001
[17:51:50 INF] Received HTTP response headers after 0.6588ms - 200
[17:51:50 INF] End processing HTTP request after 2.1298ms - 200
[17:51:50 INF] Start processing HTTP request GET http://127.0.0.1:58408/api/order/v1/orderRecord?pageNum=1&pageSize=100&filterByState=1&filterByState=3&filterByState=7&filterByState=9
[17:51:50 INF] Sending HTTP request GET http://127.0.0.1:58408/api/order/v1/orderRecord?pageNum=1&pageSize=100&filterByState=1&filterByState=3&filterByState=7&filterByState=9
[17:51:50 INF] Received HTTP response headers after 0.539ms - 200
[17:51:50 INF] End processing HTTP request after 1.2717ms - 200
[17:51:50 INF] HTTP GET /api/onboard/v1/vehicle-safety responded 200 in 4.8261 ms
[17:51:50 INF] Start processing HTTP request GET http://127.0.0.1:58408/api/imap/v1/mapInfo/stations/25
[17:51:50 INF] Sending HTTP request GET http://127.0.0.1:58408/api/imap/v1/mapInfo/stations/25
[17:51:50 INF] Received HTTP response headers after 0.7053ms - 200
[17:51:50 INF] End processing HTTP request after 3.8892ms - 200
[17:51:50 INF] Executed DbCommand (0ms) [Parameters=[], CommandType='Text', CommandTimeout='30']
SELECT "a"."Id", "a"."ContentHash", "a"."DeploymentId", "a"."ImportedAt", "a"."Version"
FROM "AdmissionPolicyState" AS "a"
WHERE "a"."Id" = 1
LIMIT 2
[17:51:50 INF] Executed DbCommand (0ms) [Parameters=[], CommandType='Text', CommandTimeout='30']
SELECT "j"."JourneyId", "j"."AgvId", "j"."AgvLifecycleGeneration", "j"."BlockReasonCode", "j"."CreatedAt", "j"."CurrentStopSequence", "j"."DispatchGeneration", "j"."DispatchZone", "j"."GateStationId", "j"."GateStationRiotId", "j"."HoldingStartedAt", "j"."LoadingClosedReason", "j"."MapId", "j"."MapIdentity", "j"."NextStopSequence", "j"."OperationSessionId", "j"."PlanRevision", "j"."Stage", "j"."UpdatedAt", "j"."VehicleBusinessRevision", "j"."VehicleKey", "j"."WorklistRevision"
FROM "JourneyRuntimes" AS "j"
WHERE "j"."Stage" <> 'Completed'
[17:51:50 INF] Executed DbCommand (0ms) [Parameters=[], CommandType='Text', CommandTimeout='30']
SELECT "a"."DemandId"
FROM "AcceptedDemands" AS "a"
WHERE "a"."Status" NOT IN ('Succeeded', 'Cancelled')
[17:51:50 INF] Executed DbCommand (0ms) [Parameters=[], CommandType='Text', CommandTimeout='30']
SELECT "j"."DemandId"
FROM "JourneyDemands" AS "j"
[17:51:50 INF] Executed DbCommand (0ms) [Parameters=[@__runtimeOptions_VehicleKey_0='?' (Size = 15)], CommandType='Text', CommandTimeout='30']
SELECT "a"."ChargingRunId", "a"."AgvId", "a"."BlockReasonCode", "a"."ChargerStationId", "a"."ChargerStationRiotId", "a"."CreatedAt", "a"."MovementLegId", "a"."ReleasedAtBatteryPercent", "a"."Stage", "a"."TriggeredAtBatteryPercent", "a"."UpdatedAt", "a"."UpperId", "a"."VehicleKey"
FROM "AutoChargingRuns" AS "a"
WHERE "a"."VehicleKey" = @__runtimeOptions_VehicleKey_0 AND "a"."Stage" <> 'Completed'
[17:51:50 INF] Start processing HTTP request GET http://127.0.0.1:58408/api/task/vehicles/getVehicleInfoByDeviceKey?key=BROKERX-L2-0001
[17:51:50 INF] Sending HTTP request GET http://127.0.0.1:58408/api/task/vehicles/getVehicleInfoByDeviceKey?key=BROKERX-L2-0001
[17:51:50 INF] Received HTTP response headers after 0.465ms - 200
[17:51:50 INF] End processing HTTP request after 1.2099ms - 200
[17:51:50 INF] Executed DbCommand (0ms) [Parameters=[@__messageId_0='?' (Size = 36)], CommandType='Text', CommandTimeout='30']
SELECT "p"."MessageId", "p"."ContentHash", "p"."FirstResponseJson", "p"."MessageType", "p"."ReceivedAt", "p"."RequestJson"
FROM "ProtocolInbox" AS "p"
WHERE "p"."MessageId" = @__messageId_0
LIMIT 2
[17:51:50 INF] Executed DbCommand (0ms) [Parameters=[@p0='?' (Size = 36), @p1='?' (Size = 64), @p2='?' (Size = 536), @p3='?' (Size = 9), @p4='?' (DbType = DateTimeOffset), @p5='?' (Size = 427)], CommandType='Text', CommandTimeout='30']
INSERT INTO "ProtocolInbox" ("MessageId", "ContentHash", "FirstResponseJson", "MessageType", "ReceivedAt", "RequestJson")
VALUES (@p0, @p1, @p2, @p3, @p4, @p5);
[17:51:51 INF] Start processing HTTP request GET http://127.0.0.1:58408/api/task/v1/task/getVehicleInfo/BROKERX-L2-0001
[17:51:51 INF] Sending HTTP request GET http://127.0.0.1:58408/api/task/v1/task/getVehicleInfo/BROKERX-L2-0001
[17:51:51 INF] Received HTTP response headers after 0.6035ms - 200
[17:51:51 INF] End processing HTTP request after 1.9546ms - 200
[17:51:51 INF] Start processing HTTP request GET http://127.0.0.1:58408/api/order/v1/orderRecord?pageNum=1&pageSize=100&filterByState=1&filterByState=3&filterByState=7&filterByState=9
[17:51:51 INF] Sending HTTP request GET http://127.0.0.1:58408/api/order/v1/orderRecord?pageNum=1&pageSize=100&filterByState=1&filterByState=3&filterByState=7&filterByState=9
[17:51:51 INF] Received HTTP response headers after 0.466ms - 200
[17:51:51 INF] End processing HTTP request after 1.3368ms - 200
[17:51:51 INF] HTTP GET /api/onboard/v1/vehicle-safety responded 200 in 4.5459 ms
[17:51:52 INF] Start processing HTTP request GET http://127.0.0.1:58408/api/task/v1/task/getVehicleInfo/BROKERX-L2-0001
[17:51:52 INF] Sending HTTP request GET http://127.0.0.1:58408/api/task/v1/task/getVehicleInfo/BROKERX-L2-0001
[17:51:52 INF] Received HTTP response headers after 0.522ms - 200
[17:51:52 INF] End processing HTTP request after 2.0812ms - 200
[17:51:52 INF] Start processing HTTP request GET http://127.0.0.1:58408/api/order/v1/orderRecord?pageNum=1&pageSize=100&filterByState=1&filterByState=3&filterByState=7&filterByState=9
[17:51:52 INF] Sending HTTP request GET http://127.0.0.1:58408/api/order/v1/orderRecord?pageNum=1&pageSize=100&filterByState=1&filterByState=3&filterByState=7&filterByState=9
[17:51:52 INF] Received HTTP response headers after 0.4319ms - 200
[17:51:52 INF] End processing HTTP request after 1.1766ms - 200
[17:51:52 INF] HTTP GET /api/onboard/v1/vehicle-safety responded 200 in 4.5333 ms
[17:51:52 INF] Start processing HTTP request GET http://127.0.0.1:58408/api/imap/v1/mapInfo/stations/25
[17:51:52 INF] Sending HTTP request GET http://127.0.0.1:58408/api/imap/v1/mapInfo/stations/25
[17:51:52 INF] Received HTTP response headers after 0.4873ms - 200
[17:51:52 INF] End processing HTTP request after 1.7115ms - 200
[17:51:52 INF] Executed DbCommand (0ms) [Parameters=[], CommandType='Text', CommandTimeout='30']
SELECT "a"."Id", "a"."ContentHash", "a"."DeploymentId", "a"."ImportedAt", "a"."Version"
FROM "AdmissionPolicyState" AS "a"
WHERE "a"."Id" = 1
LIMIT 2
[17:51:52 INF] Executed DbCommand (0ms) [Parameters=[], CommandType='Text', CommandTimeout='30']
SELECT "j"."JourneyId", "j"."AgvId", "j"."AgvLifecycleGeneration", "j"."BlockReasonCode", "j"."CreatedAt", "j"."CurrentStopSequence", "j"."DispatchGeneration", "j"."DispatchZone", "j"."GateStationId", "j"."GateStationRiotId", "j"."HoldingStartedAt", "j"."LoadingClosedReason", "j"."MapId", "j"."MapIdentity", "j"."NextStopSequence", "j"."OperationSessionId", "j"."PlanRevision", "j"."Stage", "j"."UpdatedAt", "j"."VehicleBusinessRevision", "j"."VehicleKey", "j"."WorklistRevision"
FROM "JourneyRuntimes" AS "j"
WHERE "j"."Stage" <> 'Completed'
[17:51:52 INF] Executed DbCommand (0ms) [Parameters=[], CommandType='Text', CommandTimeout='30']
SELECT "a"."DemandId"
FROM "AcceptedDemands" AS "a"
WHERE "a"."Status" NOT IN ('Succeeded', 'Cancelled')
[17:51:52 INF] Executed DbCommand (0ms) [Parameters=[], CommandType='Text', CommandTimeout='30']
SELECT "j"."DemandId"
FROM "JourneyDemands" AS "j"
[17:51:52 INF] Executed DbCommand (0ms) [Parameters=[@__runtimeOptions_VehicleKey_0='?' (Size = 15)], CommandType='Text', CommandTimeout='30']
SELECT "a"."ChargingRunId", "a"."AgvId", "a"."BlockReasonCode", "a"."ChargerStationId", "a"."ChargerStationRiotId", "a"."CreatedAt", "a"."MovementLegId", "a"."ReleasedAtBatteryPercent", "a"."Stage", "a"."TriggeredAtBatteryPercent", "a"."UpdatedAt", "a"."UpperId", "a"."VehicleKey"
FROM "AutoChargingRuns" AS "a"
WHERE "a"."VehicleKey" = @__runtimeOptions_VehicleKey_0 AND "a"."Stage" <> 'Completed'
[17:51:52 INF] Start processing HTTP request GET http://127.0.0.1:58408/api/task/vehicles/getVehicleInfoByDeviceKey?key=BROKERX-L2-0001
[17:51:52 INF] Sending HTTP request GET http://127.0.0.1:58408/api/task/vehicles/getVehicleInfoByDeviceKey?key=BROKERX-L2-0001
[17:51:52 INF] Received HTTP response headers after 0.3558ms - 200
[17:51:52 INF] End processing HTTP request after 1.1313ms - 200
[17:51:53 INF] Start processing HTTP request GET http://127.0.0.1:58408/api/task/v1/task/getVehicleInfo/BROKERX-L2-0001
[17:51:53 INF] Sending HTTP request GET http://127.0.0.1:58408/api/task/v1/task/getVehicleInfo/BROKERX-L2-0001
[17:51:53 INF] Received HTTP response headers after 0.5366ms - 200
[17:51:53 INF] End processing HTTP request after 1.7753ms - 200
[17:51:53 INF] Start processing HTTP request GET http://127.0.0.1:58408/api/order/v1/orderRecord?pageNum=1&pageSize=100&filterByState=1&filterByState=3&filterByState=7&filterByState=9
[17:51:53 INF] Sending HTTP request GET http://127.0.0.1:58408/api/order/v1/orderRecord?pageNum=1&pageSize=100&filterByState=1&filterByState=3&filterByState=7&filterByState=9
[17:51:53 INF] Received HTTP response headers after 0.4803ms - 200
[17:51:53 INF] End processing HTTP request after 1.2127ms - 200
[17:51:53 INF] HTTP GET /api/onboard/v1/vehicle-safety responded 200 in 4.4466 ms
[17:51:54 INF] Start processing HTTP request GET http://127.0.0.1:58408/api/task/v1/task/getVehicleInfo/BROKERX-L2-0001
[17:51:54 INF] Sending HTTP request GET http://127.0.0.1:58408/api/task/v1/task/getVehicleInfo/BROKERX-L2-0001
[17:51:54 INF] Received HTTP response headers after 0.9502ms - 200
[17:51:54 INF] End processing HTTP request after 2.3113ms - 200
[17:51:54 INF] Start processing HTTP request GET http://127.0.0.1:58408/api/order/v1/orderRecord?pageNum=1&pageSize=100&filterByState=1&filterByState=3&filterByState=7&filterByState=9
[17:51:54 INF] Sending HTTP request GET http://127.0.0.1:58408/api/order/v1/orderRecord?pageNum=1&pageSize=100&filterByState=1&filterByState=3&filterByState=7&filterByState=9
[17:51:54 INF] Received HTTP response headers after 0.5715ms - 200
[17:51:54 INF] End processing HTTP request after 1.3294ms - 200
[17:51:54 INF] HTTP GET /api/onboard/v1/vehicle-safety responded 200 in 4.8960 ms
[17:51:54 INF] Start processing HTTP request GET http://127.0.0.1:58408/api/imap/v1/mapInfo/stations/25
[17:51:54 INF] Sending HTTP request GET http://127.0.0.1:58408/api/imap/v1/mapInfo/stations/25
[17:51:54 INF] Received HTTP response headers after 0.5646ms - 200
[17:51:54 INF] End processing HTTP request after 1.873ms - 200
[17:51:54 INF] Executed DbCommand (0ms) [Parameters=[], CommandType='Text', CommandTimeout='30']
SELECT "a"."Id", "a"."ContentHash", "a"."DeploymentId", "a"."ImportedAt", "a"."Version"
FROM "AdmissionPolicyState" AS "a"
WHERE "a"."Id" = 1
LIMIT 2
[17:51:54 INF] Executed DbCommand (0ms) [Parameters=[], CommandType='Text', CommandTimeout='30']
SELECT "j"."JourneyId", "j"."AgvId", "j"."AgvLifecycleGeneration", "j"."BlockReasonCode", "j"."CreatedAt", "j"."CurrentStopSequence", "j"."DispatchGeneration", "j"."DispatchZone", "j"."GateStationId", "j"."GateStationRiotId", "j"."HoldingStartedAt", "j"."LoadingClosedReason", "j"."MapId", "j"."MapIdentity", "j"."NextStopSequence", "j"."OperationSessionId", "j"."PlanRevision", "j"."Stage", "j"."UpdatedAt", "j"."VehicleBusinessRevision", "j"."VehicleKey", "j"."WorklistRevision"
FROM "JourneyRuntimes" AS "j"
WHERE "j"."Stage" <> 'Completed'
[17:51:54 INF] Executed DbCommand (0ms) [Parameters=[], CommandType='Text', CommandTimeout='30']
SELECT "a"."DemandId"
FROM "AcceptedDemands" AS "a"
WHERE "a"."Status" NOT IN ('Succeeded', 'Cancelled')
[17:51:54 INF] Executed DbCommand (0ms) [Parameters=[], CommandType='Text', CommandTimeout='30']
SELECT "j"."DemandId"
FROM "JourneyDemands" AS "j"
[17:51:54 INF] Executed DbCommand (0ms) [Parameters=[@__runtimeOptions_VehicleKey_0='?' (Size = 15)], CommandType='Text', CommandTimeout='30']
SELECT "a"."ChargingRunId", "a"."AgvId", "a"."BlockReasonCode", "a"."ChargerStationId", "a"."ChargerStationRiotId", "a"."CreatedAt", "a"."MovementLegId", "a"."ReleasedAtBatteryPercent", "a"."Stage", "a"."TriggeredAtBatteryPercent", "a"."UpdatedAt", "a"."UpperId", "a"."VehicleKey"
FROM "AutoChargingRuns" AS "a"
WHERE "a"."VehicleKey" = @__runtimeOptions_VehicleKey_0 AND "a"."Stage" <> 'Completed'
[17:51:54 INF] Start processing HTTP request GET http://127.0.0.1:58408/api/task/vehicles/getVehicleInfoByDeviceKey?key=BROKERX-L2-0001
[17:51:54 INF] Sending HTTP request GET http://127.0.0.1:58408/api/task/vehicles/getVehicleInfoByDeviceKey?key=BROKERX-L2-0001
[17:51:54 INF] Received HTTP response headers after 0.496ms - 200
[17:51:54 INF] End processing HTTP request after 1.443ms - 200
[17:51:55 INF] Start processing HTTP request GET http://127.0.0.1:58408/api/task/v1/task/getVehicleInfo/BROKERX-L2-0001
[17:51:55 INF] Sending HTTP request GET http://127.0.0.1:58408/api/task/v1/task/getVehicleInfo/BROKERX-L2-0001
[17:51:55 INF] Received HTTP response headers after 0.6434ms - 200
[17:51:55 INF] End processing HTTP request after 3.9917ms - 200
[17:51:55 INF] Start processing HTTP request GET http://127.0.0.1:58408/api/order/v1/orderRecord?pageNum=1&pageSize=100&filterByState=1&filterByState=3&filterByState=7&filterByState=9
[17:51:55 INF] Sending HTTP request GET http://127.0.0.1:58408/api/order/v1/orderRecord?pageNum=1&pageSize=100&filterByState=1&filterByState=3&filterByState=7&filterByState=9
[17:51:55 INF] Received HTTP response headers after 0.4768ms - 200
[17:51:55 INF] End processing HTTP request after 1.3185ms - 200
[17:51:55 INF] HTTP GET /api/onboard/v1/vehicle-safety responded 200 in 6.6285 ms
[17:51:55 INF] Executed DbCommand (0ms) [Parameters=[@__messageId_0='?' (Size = 36)], CommandType='Text', CommandTimeout='30']
SELECT "p"."MessageId", "p"."ContentHash", "p"."FirstResponseJson", "p"."MessageType", "p"."ReceivedAt", "p"."RequestJson"
FROM "ProtocolInbox" AS "p"
WHERE "p"."MessageId" = @__messageId_0
LIMIT 2
[17:51:55 INF] Executed DbCommand (0ms) [Parameters=[@p0='?' (Size = 36), @p1='?' (Size = 64), @p2='?' (Size = 536), @p3='?' (Size = 9), @p4='?' (DbType = DateTimeOffset), @p5='?' (Size = 427)], CommandType='Text', CommandTimeout='30']
INSERT INTO "ProtocolInbox" ("MessageId", "ContentHash", "FirstResponseJson", "MessageType", "ReceivedAt", "RequestJson")
VALUES (@p0, @p1, @p2, @p3, @p4, @p5);
[17:51:56 INF] Start processing HTTP request GET http://127.0.0.1:58408/api/task/v1/task/getVehicleInfo/BROKERX-L2-0001
[17:51:56 INF] Sending HTTP request GET http://127.0.0.1:58408/api/task/v1/task/getVehicleInfo/BROKERX-L2-0001
[17:51:56 INF] Received HTTP response headers after 0.5382ms - 200
[17:51:56 INF] End processing HTTP request after 3.7465ms - 200
[17:51:56 INF] Start processing HTTP request GET http://127.0.0.1:58408/api/order/v1/orderRecord?pageNum=1&pageSize=100&filterByState=1&filterByState=3&filterByState=7&filterByState=9
[17:51:56 INF] Sending HTTP request GET http://127.0.0.1:58408/api/order/v1/orderRecord?pageNum=1&pageSize=100&filterByState=1&filterByState=3&filterByState=7&filterByState=9
[17:51:56 INF] Received HTTP response headers after 0.5039ms - 200
[17:51:56 INF] End processing HTTP request after 1.4143ms - 200
[17:51:56 INF] HTTP GET /api/onboard/v1/vehicle-safety responded 200 in 6.5868 ms
[17:51:56 INF] Start processing HTTP request GET http://127.0.0.1:58408/api/imap/v1/mapInfo/stations/25
[17:51:56 INF] Sending HTTP request GET http://127.0.0.1:58408/api/imap/v1/mapInfo/stations/25
[17:51:56 INF] Received HTTP response headers after 0.5751ms - 200
[17:51:56 INF] End processing HTTP request after 1.9275ms - 200
[17:51:56 INF] Executed DbCommand (0ms) [Parameters=[], CommandType='Text', CommandTimeout='30']
SELECT "a"."Id", "a"."ContentHash", "a"."DeploymentId", "a"."ImportedAt", "a"."Version"
FROM "AdmissionPolicyState" AS "a"
WHERE "a"."Id" = 1
LIMIT 2
[17:51:56 INF] Executed DbCommand (0ms) [Parameters=[], CommandType='Text', CommandTimeout='30']
SELECT "j"."JourneyId", "j"."AgvId", "j"."AgvLifecycleGeneration", "j"."BlockReasonCode", "j"."CreatedAt", "j"."CurrentStopSequence", "j"."DispatchGeneration", "j"."DispatchZone", "j"."GateStationId", "j"."GateStationRiotId", "j"."HoldingStartedAt", "j"."LoadingClosedReason", "j"."MapId", "j"."MapIdentity", "j"."NextStopSequence", "j"."OperationSessionId", "j"."PlanRevision", "j"."Stage", "j"."UpdatedAt", "j"."VehicleBusinessRevision", "j"."VehicleKey", "j"."WorklistRevision"
FROM "JourneyRuntimes" AS "j"
WHERE "j"."Stage" <> 'Completed'
[17:51:56 INF] Executed DbCommand (0ms) [Parameters=[], CommandType='Text', CommandTimeout='30']
SELECT "a"."DemandId"
FROM "AcceptedDemands" AS "a"
WHERE "a"."Status" NOT IN ('Succeeded', 'Cancelled')
[17:51:56 INF] Executed DbCommand (0ms) [Parameters=[], CommandType='Text', CommandTimeout='30']
SELECT "j"."DemandId"
FROM "JourneyDemands" AS "j"
[17:51:56 INF] Executed DbCommand (0ms) [Parameters=[@__runtimeOptions_VehicleKey_0='?' (Size = 15)], CommandType='Text', CommandTimeout='30']
SELECT "a"."ChargingRunId", "a"."AgvId", "a"."BlockReasonCode", "a"."ChargerStationId", "a"."ChargerStationRiotId", "a"."CreatedAt", "a"."MovementLegId", "a"."ReleasedAtBatteryPercent", "a"."Stage", "a"."TriggeredAtBatteryPercent", "a"."UpdatedAt", "a"."UpperId", "a"."VehicleKey"
FROM "AutoChargingRuns" AS "a"
WHERE "a"."VehicleKey" = @__runtimeOptions_VehicleKey_0 AND "a"."Stage" <> 'Completed'
[17:51:56 INF] Start processing HTTP request GET http://127.0.0.1:58408/api/task/vehicles/getVehicleInfoByDeviceKey?key=BROKERX-L2-0001
[17:51:56 INF] Sending HTTP request GET http://127.0.0.1:58408/api/task/vehicles/getVehicleInfoByDeviceKey?key=BROKERX-L2-0001
[17:51:56 INF] Received HTTP response headers after 0.605ms - 200
[17:51:56 INF] End processing HTTP request after 1.3753ms - 200
[17:51:56 INF] Executed DbCommand (0ms) [Parameters=[@p3='?' (Size = 36), @p0='?' (DbType = Int32), @p1='?' (Size = 9), @p2='?' (DbType = DateTimeOffset)], CommandType='Text', CommandTimeout='30']
UPDATE "AutoChargingRuns" SET "ReleasedAtBatteryPercent" = @p0, "Stage" = @p1, "UpdatedAt" = @p2
WHERE "ChargingRunId" = @p3
RETURNING 1;
[17:51:56 INF] Charging run 331797c5-e0e8-d657-97a1-3b883a684085 released the vehicle at 80%.
[17:51:56 INF] Start processing HTTP request GET http://127.0.0.1:58409/api/v2/contract
[17:51:56 INF] Sending HTTP request GET http://127.0.0.1:58409/api/v2/contract
[17:51:56 INF] Received HTTP response headers after 1.0849ms - 200
[17:51:56 INF] End processing HTTP request after 1.7166ms - 200
[17:51:56 INF] Start processing HTTP request GET http://127.0.0.1:58409/api/v2/externally-readable-demand-catalog
[17:51:56 INF] Sending HTTP request GET http://127.0.0.1:58409/api/v2/externally-readable-demand-catalog
[17:51:56 INF] Received HTTP response headers after 3.1936ms - 200
[17:51:56 INF] End processing HTTP request after 3.794ms - 200
[17:51:56 INF] Executed DbCommand (0ms) [Parameters=[@__agvId_0='?' (Size = 10)], CommandType='Text', CommandTimeout='30']
SELECT "s"."AgvId", "s"."ActiveUnlockSlotsJson", "s"."CapabilityHash", "s"."CapabilityRevision", "s"."DepartureSafe", "s"."ForcedRecoveryGeneration", "s"."ManifestSha256", "s"."PendingAttemptIdsJson", "s"."PendingResultIdsJson", "s"."ProfileId", "s"."ProtocolCommit", "s"."ProtocolVersion", "s"."ProvenRecoveryCheckpoint", "s"."Readiness", "s"."ReasonCode", "s"."RecoveryReportId", "s"."ReportedForcedRecoveryGeneration", "s"."SafetyHash", "s"."SafetyReasonCodesJson", "s"."SafetyRevision", "s"."SafetyUnknownPresent", "s"."SessionGeneration", "s"."UnsettledSlotOperationAttemptId", "s"."UpdatedAt"
FROM "SessionRecoveries" AS "s"
WHERE "s"."AgvId" = @__agvId_0 AND "s"."Readiness" = 'Ready'
LIMIT 2
[17:51:56 INF] Executed DbCommand (0ms) [Parameters=[@__messageType_0='?' (Size = 18)], CommandType='Text', CommandTimeout='30']
SELECT "p"."MessageId", "p"."ContentHash", "p"."FirstResponseJson", "p"."MessageType", "p"."ReceivedAt", "p"."RequestJson"
FROM "ProtocolInbox" AS "p"
WHERE "p"."MessageType" = @__messageType_0
[17:51:56 INF] Executed DbCommand (0ms) [Parameters=[@__messageType_0='?' (Size = 19)], CommandType='Text', CommandTimeout='30']
SELECT "p"."MessageId", "p"."ContentHash", "p"."FirstResponseJson", "p"."MessageType", "p"."ReceivedAt", "p"."RequestJson"
FROM "ProtocolInbox" AS "p"
WHERE "p"."MessageType" = @__messageType_0
[17:51:56 INF] Executed DbCommand (0ms) [Parameters=[], CommandType='Text', CommandTimeout='30']
SELECT "p"."MessageId", "p"."ContentHash", "p"."FirstResponseJson", "p"."MessageType", "p"."ReceivedAt", "p"."RequestJson"
FROM "ProtocolInbox" AS "p"
WHERE "p"."MessageType" IN ('SafetyStateSnapshot', 'SafetyStateChanged')
[17:51:56 INF] Executed DbCommand (0ms) [Parameters=[], CommandType='Text', CommandTimeout='30']
SELECT "p"."MessageId", "p"."ContentHash", "p"."FirstResponseJson", "p"."MessageType", "p"."ReceivedAt", "p"."RequestJson"
FROM "ProtocolInbox" AS "p"
[17:51:56 INF] Start processing HTTP request GET http://127.0.0.1:58408/api/task/vehicles/getVehicleInfoByDeviceKey?key=BROKERX-L2-0001
[17:51:56 INF] Sending HTTP request GET http://127.0.0.1:58408/api/task/vehicles/getVehicleInfoByDeviceKey?key=BROKERX-L2-0001
[17:51:56 INF] Received HTTP response headers after 0.4939ms - 200
[17:51:56 INF] End processing HTTP request after 1.1465ms - 200
[17:51:56 INF] Executed DbCommand (0ms) [Parameters=[], CommandType='Text', CommandTimeout='30']
SELECT "j"."DemandId", "j"."AcceptedAt", "j"."DecisionFingerprint", "j"."DemandCreatedAt", "j"."FirstSeenAt", "j"."LastSeenAt", "j"."ReasonCode", "j"."TransportDemandKey"
FROM "JourneyBacklog" AS "j"
[17:51:56 INF] Executed DbCommand (0ms) [Parameters=[], CommandType='Text', CommandTimeout='30']
SELECT "a"."DemandId"
FROM "AcceptedDemands" AS "a"
[17:51:56 INF] Executed DbCommand (0ms) [Parameters=[], CommandType='Text', CommandTimeout='30']
SELECT "t"."TransportDemandKey"
FROM "TransportDemandSuppressions" AS "t"
[17:51:56 INF] Executed DbCommand (0ms) [Parameters=[], CommandType='Text', CommandTimeout='30']
SELECT "p"."RuleId", "p"."EffectiveAt", "p"."MatchType", "p"."MaxBoxesPerBasket", "p"."Pattern", "p"."Source", "p"."SupersededAt", "p"."Version"
FROM "PackageCapacityRules" AS "p"
WHERE "p"."SupersededAt" IS NULL
[17:51:56 INF] Executed DbCommand (0ms) [Parameters=[@__package_0='?' (Size = 10)], CommandType='Text', CommandTimeout='30']
SELECT "m"."Package", "m"."FirstSeenAt", "m"."LastSeenAt", "m"."Status"
FROM "MissingPackages" AS "m"
WHERE "m"."Package" = @__package_0
LIMIT 2
[17:51:56 INF] Executed DbCommand (0ms) [Parameters=[@__stationId_0='?' (Size = 4), @__taskType_1='?' (Size = 12)], CommandType='Text', CommandTimeout='30']
SELECT EXISTS (
    SELECT 1
    FROM "StationTaskTypeAdmissions" AS "s"
    WHERE "s"."StationId" = @__stationId_0 AND "s"."TaskType" = @__taskType_1)
[17:51:56 INF] Start processing HTTP request GET http://127.0.0.1:58409/api/v2/sublot-box-count?sublot=L2-FWC-J-N2-6-20260912T095122103Z
[17:51:56 INF] Sending HTTP request GET http://127.0.0.1:58409/api/v2/sublot-box-count?sublot=L2-FWC-J-N2-6-20260912T095122103Z
[17:51:56 INF] Received HTTP response headers after 7.4067ms - 200
[17:51:56 INF] End processing HTTP request after 8.1775ms - 200
[17:51:56 INF] Executed DbCommand (0ms) [Parameters=[], CommandType='Text', CommandTimeout='30']
SELECT "p"."RuleId", "p"."EffectiveAt", "p"."MatchType", "p"."MaxBoxesPerBasket", "p"."Pattern", "p"."Source", "p"."SupersededAt", "p"."Version"
FROM "PackageCapacityRules" AS "p"
WHERE "p"."SupersededAt" IS NULL
[17:51:56 INF] Executed DbCommand (0ms) [Parameters=[@__package_0='?' (Size = 10)], CommandType='Text', CommandTimeout='30']
SELECT "m"."Package", "m"."FirstSeenAt", "m"."LastSeenAt", "m"."Status"
FROM "MissingPackages" AS "m"
WHERE "m"."Package" = @__package_0
LIMIT 2
[17:51:56 INF] Executed DbCommand (1ms) [Parameters=[@p0='?' (Size = 36), @p1='?' (DbType = DateTimeOffset), @p2='?' (Size = 64), @p3='?' (DbType = DateTimeOffset), @p4='?' (DbType = DateTimeOffset), @p5='?' (DbType = DateTimeOffset), @p6='?' (Size = 8), @p7='?' (Size = 46)], CommandType='Text', CommandTimeout='30']
INSERT INTO "JourneyBacklog" ("DemandId", "AcceptedAt", "DecisionFingerprint", "DemandCreatedAt", "FirstSeenAt", "LastSeenAt", "ReasonCode", "TransportDemandKey")
VALUES (@p0, @p1, @p2, @p3, @p4, @p5, @p6, @p7);
[17:51:56 INF] Executed DbCommand (0ms) [Parameters=[@__stationId_0='?' (Size = 9), @__taskType_1='?' (Size = 12)], CommandType='Text', CommandTimeout='30']
SELECT EXISTS (
    SELECT 1
    FROM "StationTaskTypeAdmissions" AS "s"
    WHERE "s"."StationId" = @__stationId_0 AND "s"."TaskType" = @__taskType_1)
[17:51:56 INF] Start processing HTTP request GET http://127.0.0.1:58409/api/v2/sublot-box-count?sublot=L2-FWC-J-N1-3-20260912T095122103Z
[17:51:56 INF] Sending HTTP request GET http://127.0.0.1:58409/api/v2/sublot-box-count?sublot=L2-FWC-J-N1-3-20260912T095122103Z
[17:51:56 INF] Received HTTP response headers after 1.1153ms - 200
[17:51:56 INF] End processing HTTP request after 1.7241ms - 200
[17:51:56 INF] Executed DbCommand (1ms) [Parameters=[@p0='?' (Size = 36), @p1='?' (DbType = DateTimeOffset), @p2='?' (Size = 64), @p3='?' (DbType = DateTimeOffset), @p4='?' (DbType = DateTimeOffset), @p5='?' (DbType = DateTimeOffset), @p6='?' (Size = 8), @p7='?' (Size = 46)], CommandType='Text', CommandTimeout='30']
INSERT INTO "JourneyBacklog" ("DemandId", "AcceptedAt", "DecisionFingerprint", "DemandCreatedAt", "FirstSeenAt", "LastSeenAt", "ReasonCode", "TransportDemandKey")
VALUES (@p0, @p1, @p2, @p3, @p4, @p5, @p6, @p7);
[17:51:56 INF] Executed DbCommand (0ms) [Parameters=[@__runtimeOptions_VehicleKey_0='?' (Size = 15)], CommandType='Text', CommandTimeout='30']
SELECT EXISTS (
    SELECT 1
    FROM "VehicleDispatchLeases" AS "v"
    WHERE "v"."VehicleKey" = @__runtimeOptions_VehicleKey_0 AND "v"."ReleasedAt" IS NULL)
[17:51:56 INF] Executed DbCommand (0ms) [Parameters=[@__agvId_0='?' (Size = 10)], CommandType='Text', CommandTimeout='30']
SELECT "s"."AgvId", "s"."ActiveUnlockSlotsJson", "s"."CapabilityHash", "s"."CapabilityRevision", "s"."DepartureSafe", "s"."ForcedRecoveryGeneration", "s"."ManifestSha256", "s"."PendingAttemptIdsJson", "s"."PendingResultIdsJson", "s"."ProfileId", "s"."ProtocolCommit", "s"."ProtocolVersion", "s"."ProvenRecoveryCheckpoint", "s"."Readiness", "s"."ReasonCode", "s"."RecoveryReportId", "s"."ReportedForcedRecoveryGeneration", "s"."SafetyHash", "s"."SafetyReasonCodesJson", "s"."SafetyRevision", "s"."SafetyUnknownPresent", "s"."SessionGeneration", "s"."UnsettledSlotOperationAttemptId", "s"."UpdatedAt"
FROM "SessionRecoveries" AS "s"
WHERE "s"."AgvId" = @__agvId_0 AND "s"."Readiness" = 'Ready'
LIMIT 2
[17:51:56 INF] Executed DbCommand (0ms) [Parameters=[@__messageType_0='?' (Size = 18)], CommandType='Text', CommandTimeout='30']
SELECT "p"."MessageId", "p"."ContentHash", "p"."FirstResponseJson", "p"."MessageType", "p"."ReceivedAt", "p"."RequestJson"
FROM "ProtocolInbox" AS "p"
WHERE "p"."MessageType" = @__messageType_0
[17:51:56 INF] Executed DbCommand (0ms) [Parameters=[@__messageType_0='?' (Size = 19)], CommandType='Text', CommandTimeout='30']
SELECT "p"."MessageId", "p"."ContentHash", "p"."FirstResponseJson", "p"."MessageType", "p"."ReceivedAt", "p"."RequestJson"
FROM "ProtocolInbox" AS "p"
WHERE "p"."MessageType" = @__messageType_0
[17:51:56 INF] Executed DbCommand (0ms) [Parameters=[], CommandType='Text', CommandTimeout='30']
SELECT "p"."MessageId", "p"."ContentHash", "p"."FirstResponseJson", "p"."MessageType", "p"."ReceivedAt", "p"."RequestJson"
FROM "ProtocolInbox" AS "p"
WHERE "p"."MessageType" IN ('SafetyStateSnapshot', 'SafetyStateChanged')
[17:51:56 INF] Executed DbCommand (0ms) [Parameters=[], CommandType='Text', CommandTimeout='30']
SELECT "p"."MessageId", "p"."ContentHash", "p"."FirstResponseJson", "p"."MessageType", "p"."ReceivedAt", "p"."RequestJson"
FROM "ProtocolInbox" AS "p"
[17:51:56 INF] Start processing HTTP request GET http://127.0.0.1:58408/api/task/vehicles/getVehicleInfoByDeviceKey?key=BROKERX-L2-0001
[17:51:56 INF] Sending HTTP request GET http://127.0.0.1:58408/api/task/vehicles/getVehicleInfoByDeviceKey?key=BROKERX-L2-0001
[17:51:56 INF] Received HTTP response headers after 0.5133ms - 200
[17:51:56 INF] End processing HTTP request after 1.1454ms - 200
[17:51:56 INF] Start processing HTTP request GET http://127.0.0.1:58409/api/v2/contract
[17:51:56 INF] Sending HTTP request GET http://127.0.0.1:58409/api/v2/contract
[17:51:56 INF] Received HTTP response headers after 0.6997ms - 200
[17:51:56 INF] End processing HTTP request after 1.566ms - 200
[17:51:56 INF] Start processing HTTP request GET http://127.0.0.1:58409/api/v2/externally-readable-demand-catalog
[17:51:56 INF] Sending HTTP request GET http://127.0.0.1:58409/api/v2/externally-readable-demand-catalog
[17:51:56 INF] Received HTTP response headers after 0.6009ms - 200
[17:51:56 INF] End processing HTTP request after 1.2326ms - 200
[17:51:56 INF] Executed DbCommand (0ms) [Parameters=[@__agvId_0='?' (Size = 10)], CommandType='Text', CommandTimeout='30']
SELECT "s"."AgvId", "s"."ActiveUnlockSlotsJson", "s"."CapabilityHash", "s"."CapabilityRevision", "s"."DepartureSafe", "s"."ForcedRecoveryGeneration", "s"."ManifestSha256", "s"."PendingAttemptIdsJson", "s"."PendingResultIdsJson", "s"."ProfileId", "s"."ProtocolCommit", "s"."ProtocolVersion", "s"."ProvenRecoveryCheckpoint", "s"."Readiness", "s"."ReasonCode", "s"."RecoveryReportId", "s"."ReportedForcedRecoveryGeneration", "s"."SafetyHash", "s"."SafetyReasonCodesJson", "s"."SafetyRevision", "s"."SafetyUnknownPresent", "s"."SessionGeneration", "s"."UnsettledSlotOperationAttemptId", "s"."UpdatedAt"
FROM "SessionRecoveries" AS "s"
WHERE "s"."AgvId" = @__agvId_0 AND "s"."Readiness" = 'Ready'
LIMIT 2
[17:51:56 INF] Executed DbCommand (0ms) [Parameters=[@__messageType_0='?' (Size = 18)], CommandType='Text', CommandTimeout='30']
SELECT "p"."MessageId", "p"."ContentHash", "p"."FirstResponseJson", "p"."MessageType", "p"."ReceivedAt", "p"."RequestJson"
FROM "ProtocolInbox" AS "p"
WHERE "p"."MessageType" = @__messageType_0
[17:51:56 INF] Executed DbCommand (0ms) [Parameters=[@__messageType_0='?' (Size = 19)], CommandType='Text', CommandTimeout='30']
SELECT "p"."MessageId", "p"."ContentHash", "p"."FirstResponseJson", "p"."MessageType", "p"."ReceivedAt", "p"."RequestJson"
FROM "ProtocolInbox" AS "p"
WHERE "p"."MessageType" = @__messageType_0
[17:51:56 INF] Executed DbCommand (0ms) [Parameters=[], CommandType='Text', CommandTimeout='30']
SELECT "p"."MessageId", "p"."ContentHash", "p"."FirstResponseJson", "p"."MessageType", "p"."ReceivedAt", "p"."RequestJson"
FROM "ProtocolInbox" AS "p"
WHERE "p"."MessageType" IN ('SafetyStateSnapshot', 'SafetyStateChanged')
[17:51:56 INF] Executed DbCommand (0ms) [Parameters=[], CommandType='Text', CommandTimeout='30']
SELECT "p"."MessageId", "p"."ContentHash", "p"."FirstResponseJson", "p"."MessageType", "p"."ReceivedAt", "p"."RequestJson"
FROM "ProtocolInbox" AS "p"
[17:51:56 INF] Start processing HTTP request GET http://127.0.0.1:58408/api/task/vehicles/getVehicleInfoByDeviceKey?key=BROKERX-L2-0001
[17:51:56 INF] Sending HTTP request GET http://127.0.0.1:58408/api/task/vehicles/getVehicleInfoByDeviceKey?key=BROKERX-L2-0001
[17:51:56 INF] Received HTTP response headers after 0.541ms - 200
[17:51:56 INF] End processing HTTP request after 1.2027ms - 200
[17:51:56 INF] Executed DbCommand (0ms) [Parameters=[@__snapshot_DemandId_0='?' (Size = 36), @__snapshot_TransportDemandKey_1='?' (Size = 46)], CommandType='Text', CommandTimeout='30']
SELECT "a"."DemandId", "a"."AcceptedAt", "a"."CatalogRevision", "a"."CreatedAt", "a"."DemandRevision", "a"."Generation", "a"."HistoryEpoch", "a"."LiveMesFieldsJson", "a"."SeriesId", "a"."Status", "a"."Sublot", "a"."TransportDemandKey", "a"."ValueObservedAt", "a"."ValuePollTraceId", "a"."ValueProjectionCommitId", "a"."WorkType"
FROM "AcceptedDemands" AS "a"
WHERE "a"."DemandId" = @__snapshot_DemandId_0 OR "a"."TransportDemandKey" = @__snapshot_TransportDemandKey_1
LIMIT 2
[17:51:56 INF] Executed DbCommand (0ms) [Parameters=[@__orderIntent_VehicleKey_0='?' (Size = 15)], CommandType='Text', CommandTimeout='30']
SELECT "v"."JourneyId", "v"."AcquiredAt", "v"."ReleasedAt", "v"."VehicleKey"
FROM "VehicleDispatchLeases" AS "v"
WHERE "v"."VehicleKey" = @__orderIntent_VehicleKey_0 AND "v"."ReleasedAt" IS NULL
LIMIT 2
[17:51:56 INF] Executed DbCommand (0ms) [Parameters=[@__runtime_AgvId_0='?' (Size = 10)], CommandType='Text', CommandTimeout='30']
SELECT MAX("j"."VehicleBusinessRevision") AS "VehicleBusiness", MAX("j"."WorklistRevision") AS "Worklist", MAX("j"."PlanRevision") AS "Plan"
FROM "JourneyRuntimes" AS "j"
WHERE "j"."AgvId" = @__runtime_AgvId_0
GROUP BY "j"."AgvId"
LIMIT 2
[17:51:57 INF] Executed DbCommand (0ms) [Parameters=[@__snapshot_DemandId_0='?' (Size = 36)], CommandType='Text', CommandTimeout='30']
SELECT "j"."DemandId", "j"."AcceptedAt", "j"."DecisionFingerprint", "j"."DemandCreatedAt", "j"."FirstSeenAt", "j"."LastSeenAt", "j"."ReasonCode", "j"."TransportDemandKey"
FROM "JourneyBacklog" AS "j"
WHERE "j"."DemandId" = @__snapshot_DemandId_0
LIMIT 2
[17:51:57 INF] Executed DbCommand (0ms) [Parameters=[@p0='?' (Size = 36), @p1='?' (DbType = DateTimeOffset), @p2='?' (DbType = Int64), @p3='?' (DbType = DateTimeOffset), @p4='?' (DbType = Int64), @p5='?' (DbType = Int32), @p6='?' (Size = 36), @p7='?' (Size = 91), @p8='?' (Size = 39), @p9='?' (Size = 8), @p10='?' (Size = 33), @p11='?' (Size = 46), @p12='?' (DbType = DateTimeOffset), @p13='?' (Size = 38), @p14='?' (Size = 39), @p15='?' (Size = 12)], CommandType='Text', CommandTimeout='30']
INSERT INTO "AcceptedDemands" ("DemandId", "AcceptedAt", "CatalogRevision", "CreatedAt", "DemandRevision", "Generation", "HistoryEpoch", "LiveMesFieldsJson", "SeriesId", "Status", "Sublot", "TransportDemandKey", "ValueObservedAt", "ValuePollTraceId", "ValueProjectionCommitId", "WorkType")
VALUES (@p0, @p1, @p2, @p3, @p4, @p5, @p6, @p7, @p8, @p9, @p10, @p11, @p12, @p13, @p14, @p15);
[17:51:57 INF] Executed DbCommand (0ms) [Parameters=[@p3='?' (Size = 36), @p0='?' (DbType = DateTimeOffset), @p1='?' (DbType = DateTimeOffset), @p2='?' (Size = 8)], CommandType='Text', CommandTimeout='30']
UPDATE "JourneyBacklog" SET "AcceptedAt" = @p0, "LastSeenAt" = @p1, "ReasonCode" = @p2
WHERE "DemandId" = @p3
RETURNING 1;
[17:51:57 INF] Executed DbCommand (0ms) [Parameters=[@p0='?' (Size = 36), @p1='?' (Size = 36), @p2='?', @p3='?' (DbType = DateTimeOffset), @p4='?' (DbType = Int32), @p5='?' (Size = 36), @p6='?' (DbType = DateTimeOffset), @p7='?' (Size = 36), @p8='?' (DbType = DateTimeOffset), @p9='?' (Size = 7), @p10='?' (DbType = Int32), @p11='?' (Size = 3), @p12='?' (Size = 36), @p13='?' (DbType = DateTimeOffset), @p14='?' (Size = 36)], CommandType='Text', CommandTimeout='30']
INSERT INTO "JourneyDemands" ("DemandId", "JourneyId", "ConsumedSublotMessageId", "CreatedAt", "ExpectedBasketCount", "LoadCommandMessageId", "LoadCommandedAt", "LoadSlotOperationAttemptId", "LoadedAt", "State", "StopSequence", "TargetSlotsJson", "UnloadCommandMessageId", "UnloadCommandedAt", "UnloadSlotOperationAttemptId")
VALUES (@p0, @p1, @p2, @p3, @p4, @p5, @p6, @p7, @p8, @p9, @p10, @p11, @p12, @p13, @p14);
[17:51:57 INF] Executed DbCommand (0ms) [Parameters=[@p0='?' (Size = 36), @p1='?' (Size = 10), @p2='?' (DbType = Int64), @p3='?', @p4='?' (DbType = DateTimeOffset), @p5='?' (DbType = Int32), @p6='?' (DbType = Int64), @p7='?' (Size = 19), @p8='?' (Size = 2), @p9='?' (DbType = Int32), @p10='?' (DbType = DateTimeOffset), @p11='?', @p12='?' (DbType = Int32), @p13='?' (Size = 6), @p14='?' (DbType = Int32), @p15='?' (Size = 36), @p16='?' (DbType = Int64), @p17='?' (Size = 21), @p18='?' (DbType = DateTimeOffset), @p19='?' (DbType = Int64), @p20='?' (Size = 15), @p21='?' (DbType = Int64)], CommandType='Text', CommandTimeout='30']
INSERT INTO "JourneyRuntimes" ("JourneyId", "AgvId", "AgvLifecycleGeneration", "BlockReasonCode", "CreatedAt", "CurrentStopSequence", "DispatchGeneration", "DispatchZone", "GateStationId", "GateStationRiotId", "HoldingStartedAt", "LoadingClosedReason", "MapId", "MapIdentity", "NextStopSequence", "OperationSessionId", "PlanRevision", "Stage", "UpdatedAt", "VehicleBusinessRevision", "VehicleKey", "WorklistRevision")
VALUES (@p0, @p1, @p2, @p3, @p4, @p5, @p6, @p7, @p8, @p9, @p10, @p11, @p12, @p13, @p14, @p15, @p16, @p17, @p18, @p19, @p20, @p21);
[17:51:57 INF] Executed DbCommand (0ms) [Parameters=[@p0='?' (Size = 36), @p1='?' (DbType = Int32), @p2='?', @p3='?' (DbType = DateTimeOffset), @p4='?' (Size = 9), @p5='?' (DbType = Int32), @p6='?' (Size = 36), @p7='?' (Size = 36), @p8='?' (DbType = Int64), @p9='?' (Size = 36), @p10='?' (Size = 36), @p11='?' (Size = 6), @p12='?' (Size = 71), @p13='?' (Size = 7), @p14='?' (Size = 9), @p15='?' (DbType = Int32), @p16='?' (DbType = DateTimeOffset), @p17='?' (DbType = DateTimeOffset), @p18='?' (Size = 45), @p19='?' (Size = 36), @p20='?' (DbType = Int64), @p21='?' (DbType = Int64)], CommandType='Text', CommandTimeout='30']
INSERT INTO "JourneyStops" ("JourneyId", "Sequence", "ConsumedSafetyResultMessageId", "CreatedAt", "LegType", "LoadRound", "MovementLegId", "PlanMessageId", "PlanRevision", "PreDepartureSafetyCheckId", "PreDepartureSafetyCheckMessageId", "Role", "RouteEvidenceId", "State", "StationId", "StationRiotId", "SublotWaitStartedAt", "UpdatedAt", "UpperId", "VehicleBusinessMessageId", "VehicleBusinessRevision", "WorklistRevision")
VALUES (@p0, @p1, @p2, @p3, @p4, @p5, @p6, @p7, @p8, @p9, @p10, @p11, @p12, @p13, @p14, @p15, @p16, @p17, @p18, @p19, @p20, @p21);
[17:51:57 INF] Executed DbCommand (0ms) [Parameters=[@p0='?' (Size = 36), @p1='?' (DbType = Int32), @p2='?', @p3='?' (DbType = DateTimeOffset), @p4='?' (Size = 7), @p5='?' (DbType = Int32), @p6='?' (Size = 36), @p7='?' (Size = 36), @p8='?' (DbType = Int64), @p9='?' (Size = 36), @p10='?' (Size = 36), @p11='?' (Size = 4), @p12='?' (Size = 71), @p13='?' (Size = 7), @p14='?' (Size = 2), @p15='?' (DbType = Int32), @p16='?' (DbType = DateTimeOffset), @p17='?' (DbType = DateTimeOffset), @p18='?' (Size = 45), @p19='?' (Size = 36), @p20='?' (DbType = Int64), @p21='?' (DbType = Int64)], CommandType='Text', CommandTimeout='30']
INSERT INTO "JourneyStops" ("JourneyId", "Sequence", "ConsumedSafetyResultMessageId", "CreatedAt", "LegType", "LoadRound", "MovementLegId", "PlanMessageId", "PlanRevision", "PreDepartureSafetyCheckId", "PreDepartureSafetyCheckMessageId", "Role", "RouteEvidenceId", "State", "StationId", "StationRiotId", "SublotWaitStartedAt", "UpdatedAt", "UpperId", "VehicleBusinessMessageId", "VehicleBusinessRevision", "WorklistRevision")
VALUES (@p0, @p1, @p2, @p3, @p4, @p5, @p6, @p7, @p8, @p9, @p10, @p11, @p12, @p13, @p14, @p15, @p16, @p17, @p18, @p19, @p20, @p21);
[17:51:57 INF] Executed DbCommand (1ms) [Parameters=[@p0='?' (Size = 36), @p1='?' (DbType = Int64), @p2='?' (DbType = Int32), @p3='?', @p4='?' (DbType = DateTimeOffset), @p5='?' (DbType = DateTimeOffset), @p6='?' (Size = 36), @p7='?' (DbType = Int32), @p8='?' (DbType = Int64), @p9='?' (DbType = Int32), @p10='?' (DbType = Int64), @p11='?', @p12='?', @p13='?' (DbType = DateTimeOffset), @p14='?', @p15='?', @p16='?' (DbType = DateTimeOffset), @p17='?', @p18='?' (DbType = Int32), @p19='?', @p20='?' (Size = 9), @p21='?' (Size = 22), @p22='?' (Size = 9), @p23='?' (Size = 45), @p24='?' (Size = 15)], CommandType='Text', CommandTimeout='30']
INSERT INTO "OrderIntents" ("MovementLegId", "AgvLifecycleGeneration", "CreateAttemptCount", "CreateAttemptId", "CreateDispatchArmedAt", "CreatedAt", "DemandId", "DestinationStationId", "DispatchAuditSequence", "DispatchAuditVersion", "DispatchGeneration", "ExperimentalCreateAuthorizationId", "LastCreateOutcome", "LastCreateOutcomeAt", "LastCreateReceiptJson", "LastReconciliationOutcome", "LastReconciliationOutcomeAt", "LastReconciliationReceiptJson", "MapId", "OrderId", "Purpose", "Status", "TargetStationId", "UpperId", "VehicleKey")
VALUES (@p0, @p1, @p2, @p3, @p4, @p5, @p6, @p7, @p8, @p9, @p10, @p11, @p12, @p13, @p14, @p15, @p16, @p17, @p18, @p19, @p20, @p21, @p22, @p23, @p24);
[17:51:57 INF] Executed DbCommand (0ms) [Parameters=[@p0='?' (Size = 36), @p1='?' (DbType = DateTimeOffset), @p2='?' (DbType = DateTimeOffset), @p3='?' (Size = 15)], CommandType='Text', CommandTimeout='30']
INSERT INTO "VehicleDispatchLeases" ("JourneyId", "AcquiredAt", "ReleasedAt", "VehicleKey")
VALUES (@p0, @p1, @p2, @p3);
[17:51:57 INF] Executed DbCommand (0ms) [Parameters=[@__upperId_0='?' (Size = 45)], CommandType='Text', CommandTimeout='30']
SELECT "o"."MovementLegId", "o"."AgvLifecycleGeneration", "o"."CreateAttemptCount", "o"."CreateAttemptId", "o"."CreateDispatchArmedAt", "o"."CreatedAt", "o"."DemandId", "o"."DestinationStationId", "o"."DispatchAuditSequence", "o"."DispatchAuditVersion", "o"."DispatchGeneration", "o"."ExperimentalCreateAuthorizationId", "o"."LastCreateOutcome", "o"."LastCreateOutcomeAt", "o"."LastCreateReceiptJson", "o"."LastReconciliationOutcome", "o"."LastReconciliationOutcomeAt", "o"."LastReconciliationReceiptJson", "o"."MapId", "o"."OrderId", "o"."Purpose", "o"."Status", "o"."TargetStationId", "o"."UpperId", "o"."VehicleKey"
FROM "OrderIntents" AS "o"
WHERE "o"."UpperId" = @__upperId_0
LIMIT 2
[17:51:57 INF] Executed DbCommand (0ms) [Parameters=[], CommandType='Text', CommandTimeout='30']
SELECT "e"."AuthorizationId", "e"."AgvLifecycleGeneration", "e"."AuthorizationVersion", "e"."ConsumedAt", "e"."ConsumedByAttemptId", "e"."DemandId", "e"."DispatchGeneration", "e"."ExpiresAt", "e"."MovementLegId", "e"."PersistedAt", "e"."UpperId"
FROM "ExperimentalRiotCreateAuthorizations" AS "e"
WHERE 0
LIMIT 2
[17:51:57 INF] Start processing HTTP request GET http://127.0.0.1:58408/api/order/v1/orderRecord/detailByUpperId/W2G-63b5d126-d8cd-4453-b673-6cef7301ca3e-S1-1
[17:51:57 INF] Sending HTTP request GET http://127.0.0.1:58408/api/order/v1/orderRecord/detailByUpperId/W2G-63b5d126-d8cd-4453-b673-6cef7301ca3e-S1-1
[17:51:57 INF] Received HTTP response headers after 0.7524ms - 404
[17:51:57 INF] End processing HTTP request after 1.512ms - 404
[17:51:57 INF] Executed DbCommand (0ms) [Parameters=[@__upperId_0='?' (Size = 45)], CommandType='Text', CommandTimeout='30']
SELECT "o"."MovementLegId", "o"."AgvLifecycleGeneration", "o"."CreateAttemptCount", "o"."CreateAttemptId", "o"."CreateDispatchArmedAt", "o"."CreatedAt", "o"."DemandId", "o"."DestinationStationId", "o"."DispatchAuditSequence", "o"."DispatchAuditVersion", "o"."DispatchGeneration", "o"."ExperimentalCreateAuthorizationId", "o"."LastCreateOutcome", "o"."LastCreateOutcomeAt", "o"."LastCreateReceiptJson", "o"."LastReconciliationOutcome", "o"."LastReconciliationOutcomeAt", "o"."LastReconciliationReceiptJson", "o"."MapId", "o"."OrderId", "o"."Purpose", "o"."Status", "o"."TargetStationId", "o"."UpperId", "o"."VehicleKey"
FROM "OrderIntents" AS "o"
WHERE "o"."UpperId" = @__upperId_0
LIMIT 2
[17:51:57 INF] Executed DbCommand (0ms) [Parameters=[@p4='?' (Size = 36), @p5='?' (DbType = Int32), @p0='?' (DbType = Int64), @p6='?' (DbType = Int64), @p8='?', @p1='?' (Size = 31), @p2='?' (DbType = DateTimeOffset), @p3='?' (Size = 188), @p7='?' (Size = 22)], CommandType='Text', CommandTimeout='30']
UPDATE "OrderIntents" SET "DispatchAuditSequence" = @p0, "LastReconciliationOutcome" = @p1, "LastReconciliationOutcomeAt" = @p2, "LastReconciliationReceiptJson" = @p3
WHERE "MovementLegId" = @p4 AND "CreateAttemptCount" = @p5 AND "DispatchAuditSequence" = @p6 AND "ExperimentalCreateAuthorizationId" IS NULL AND "Status" = @p7
RETURNING 1;
[17:51:57 INF] Executed DbCommand (0ms) [Parameters=[@p0='?' (Size = 36), @p1='?', @p2='?' (DbType = Int32), @p3='?', @p4='?' (Size = 36), @p5='?' (DbType = Int64), @p6='?', @p7='?', @p8='?', @p9='?' (DbType = Int32), @p10='?' (Size = 36), @p11='?' (DbType = DateTimeOffset), @p12='?' (Size = 9), @p13='?' (Size = 25), @p14='?' (Size = 8), @p15='?' (DbType = DateTimeOffset), @p16='?' (Size = 9), @p17='?', @p18='?' (DbType = Boolean), @p19='?', @p20='?' (DbType = Int64), @p21='?' (Size = 45)], CommandType='Text', CommandTimeout='30']
INSERT INTO "RiotDispatchAuditEvents" ("AuditEventId", "AttemptId", "AttemptNumber", "BusinessCode", "DemandId", "DispatchGeneration", "EligibilityBasis", "ExperimentalAuthorizationId", "FailureCategory", "HttpStatusCode", "MovementLegId", "OccurredAt", "Outcome", "Phase", "ReceiptClassification", "ReceiptObservedAt", "ReceiptOperation", "RequestSemanticSha256", "ResultPresent", "ReturnedOrderId", "Sequence", "UpperId")
VALUES (@p0, @p1, @p2, @p3, @p4, @p5, @p6, @p7, @p8, @p9, @p10, @p11, @p12, @p13, @p14, @p15, @p16, @p17, @p18, @p19, @p20, @p21);
[17:51:57 INF] Executed DbCommand (0ms) [Parameters=[@__upperId_0='?' (Size = 45)], CommandType='Text', CommandTimeout='30']
SELECT "o"."MovementLegId", "o"."AgvLifecycleGeneration", "o"."CreateAttemptCount", "o"."CreateAttemptId", "o"."CreateDispatchArmedAt", "o"."CreatedAt", "o"."DemandId", "o"."DestinationStationId", "o"."DispatchAuditSequence", "o"."DispatchAuditVersion", "o"."DispatchGeneration", "o"."ExperimentalCreateAuthorizationId", "o"."LastCreateOutcome", "o"."LastCreateOutcomeAt", "o"."LastCreateReceiptJson", "o"."LastReconciliationOutcome", "o"."LastReconciliationOutcomeAt", "o"."LastReconciliationReceiptJson", "o"."MapId", "o"."OrderId", "o"."Purpose", "o"."Status", "o"."TargetStationId", "o"."UpperId", "o"."VehicleKey"
FROM "OrderIntents" AS "o"
WHERE "o"."UpperId" = @__upperId_0
LIMIT 2
[17:51:57 INF] Executed DbCommand (0ms) [Parameters=[@p7='?' (Size = 36), @p0='?' (DbType = Int32), @p8='?' (DbType = Int32), @p1='?' (Size = 36), @p2='?' (DbType = DateTimeOffset), @p3='?' (DbType = Int64), @p9='?' (DbType = Int64), @p11='?', @p4='?' (Size = 13), @p5='?' (DbType = DateTimeOffset), @p6='?' (Size = 16), @p10='?' (Size = 22)], CommandType='Text', CommandTimeout='30']
UPDATE "OrderIntents" SET "CreateAttemptCount" = @p0, "CreateAttemptId" = @p1, "CreateDispatchArmedAt" = @p2, "DispatchAuditSequence" = @p3, "LastCreateOutcome" = @p4, "LastCreateOutcomeAt" = @p5, "Status" = @p6
WHERE "MovementLegId" = @p7 AND "CreateAttemptCount" = @p8 AND "DispatchAuditSequence" = @p9 AND "ExperimentalCreateAuthorizationId" IS NULL AND "Status" = @p10
RETURNING 1;
[17:51:57 INF] Executed DbCommand (0ms) [Parameters=[@p0='?' (Size = 36), @p1='?' (Size = 36), @p2='?' (DbType = Int32), @p3='?', @p4='?' (Size = 36), @p5='?' (DbType = Int64), @p6='?', @p7='?', @p8='?', @p9='?' (DbType = Int32), @p10='?' (Size = 36), @p11='?' (DbType = DateTimeOffset), @p12='?' (Size = 5), @p13='?' (Size = 15), @p14='?', @p15='?' (DbType = DateTimeOffset), @p16='?', @p17='?' (Size = 64), @p18='?' (DbType = Boolean), @p19='?', @p20='?' (DbType = Int64), @p21='?' (Size = 45)], CommandType='Text', CommandTimeout='30']
INSERT INTO "RiotDispatchAuditEvents" ("AuditEventId", "AttemptId", "AttemptNumber", "BusinessCode", "DemandId", "DispatchGeneration", "EligibilityBasis", "ExperimentalAuthorizationId", "FailureCategory", "HttpStatusCode", "MovementLegId", "OccurredAt", "Outcome", "Phase", "ReceiptClassification", "ReceiptObservedAt", "ReceiptOperation", "RequestSemanticSha256", "ResultPresent", "ReturnedOrderId", "Sequence", "UpperId")
VALUES (@p0, @p1, @p2, @p3, @p4, @p5, @p6, @p7, @p8, @p9, @p10, @p11, @p12, @p13, @p14, @p15, @p16, @p17, @p18, @p19, @p20, @p21);
[17:51:57 INF] Executed DbCommand (0ms) [Parameters=[@__upperId_0='?' (Size = 45)], CommandType='Text', CommandTimeout='30']
SELECT "o"."MovementLegId", "o"."AgvLifecycleGeneration", "o"."CreateAttemptCount", "o"."CreateAttemptId", "o"."CreateDispatchArmedAt", "o"."CreatedAt", "o"."DemandId", "o"."DestinationStationId", "o"."DispatchAuditSequence", "o"."DispatchAuditVersion", "o"."DispatchGeneration", "o"."ExperimentalCreateAuthorizationId", "o"."LastCreateOutcome", "o"."LastCreateOutcomeAt", "o"."LastCreateReceiptJson", "o"."LastReconciliationOutcome", "o"."LastReconciliationOutcomeAt", "o"."LastReconciliationReceiptJson", "o"."MapId", "o"."OrderId", "o"."Purpose", "o"."Status", "o"."TargetStationId", "o"."UpperId", "o"."VehicleKey"
FROM "OrderIntents" AS "o"
WHERE "o"."UpperId" = @__upperId_0
LIMIT 2
[17:51:57 INF] Executed DbCommand (0ms) [Parameters=[@p3='?' (Size = 36), @p4='?' (DbType = Int32), @p0='?' (DbType = Int64), @p5='?' (DbType = Int64), @p7='?', @p1='?' (Size = 20), @p2='?' (DbType = DateTimeOffset), @p6='?' (Size = 16)], CommandType='Text', CommandTimeout='30']
UPDATE "OrderIntents" SET "DispatchAuditSequence" = @p0, "LastCreateOutcome" = @p1, "LastCreateOutcomeAt" = @p2
WHERE "MovementLegId" = @p3 AND "CreateAttemptCount" = @p4 AND "DispatchAuditSequence" = @p5 AND "ExperimentalCreateAuthorizationId" IS NULL AND "Status" = @p6
RETURNING 1;
[17:51:57 INF] Executed DbCommand (0ms) [Parameters=[@p0='?' (Size = 36), @p1='?' (Size = 36), @p2='?' (DbType = Int32), @p3='?', @p4='?' (Size = 36), @p5='?' (DbType = Int64), @p6='?', @p7='?', @p8='?', @p9='?' (DbType = Int32), @p10='?' (Size = 36), @p11='?' (DbType = DateTimeOffset), @p12='?' (Size = 7), @p13='?' (Size = 14), @p14='?', @p15='?' (DbType = DateTimeOffset), @p16='?', @p17='?' (Size = 64), @p18='?' (DbType = Boolean), @p19='?', @p20='?' (DbType = Int64), @p21='?' (Size = 45)], CommandType='Text', CommandTimeout='30']
INSERT INTO "RiotDispatchAuditEvents" ("AuditEventId", "AttemptId", "AttemptNumber", "BusinessCode", "DemandId", "DispatchGeneration", "EligibilityBasis", "ExperimentalAuthorizationId", "FailureCategory", "HttpStatusCode", "MovementLegId", "OccurredAt", "Outcome", "Phase", "ReceiptClassification", "ReceiptObservedAt", "ReceiptOperation", "RequestSemanticSha256", "ResultPresent", "ReturnedOrderId", "Sequence", "UpperId")
VALUES (@p0, @p1, @p2, @p3, @p4, @p5, @p6, @p7, @p8, @p9, @p10, @p11, @p12, @p13, @p14, @p15, @p16, @p17, @p18, @p19, @p20, @p21);
[17:51:57 INF] Start processing HTTP request POST http://127.0.0.1:58408/api/order/v1/add/byDefaultMissions
[17:51:57 INF] Sending HTTP request POST http://127.0.0.1:58408/api/order/v1/add/byDefaultMissions
[17:51:57 INF] Received HTTP response headers after 0.9703ms - 200
[17:51:57 INF] End processing HTTP request after 1.7874ms - 200
[17:51:57 INF] Executed DbCommand (0ms) [Parameters=[@__upperId_0='?' (Size = 45)], CommandType='Text', CommandTimeout='30']
SELECT "o"."MovementLegId", "o"."AgvLifecycleGeneration", "o"."CreateAttemptCount", "o"."CreateAttemptId", "o"."CreateDispatchArmedAt", "o"."CreatedAt", "o"."DemandId", "o"."DestinationStationId", "o"."DispatchAuditSequence", "o"."DispatchAuditVersion", "o"."DispatchGeneration", "o"."ExperimentalCreateAuthorizationId", "o"."LastCreateOutcome", "o"."LastCreateOutcomeAt", "o"."LastCreateReceiptJson", "o"."LastReconciliationOutcome", "o"."LastReconciliationOutcomeAt", "o"."LastReconciliationReceiptJson", "o"."MapId", "o"."OrderId", "o"."Purpose", "o"."Status", "o"."TargetStationId", "o"."UpperId", "o"."VehicleKey"
FROM "OrderIntents" AS "o"
WHERE "o"."UpperId" = @__upperId_0
LIMIT 2
[17:51:57 INF] Executed DbCommand (0ms) [Parameters=[@p4='?' (Size = 36), @p5='?' (DbType = Int32), @p0='?' (DbType = Int64), @p6='?' (DbType = Int64), @p8='?', @p1='?' (Size = 22), @p2='?' (DbType = DateTimeOffset), @p3='?' (Size = 188), @p7='?' (Size = 16)], CommandType='Text', CommandTimeout='30']
UPDATE "OrderIntents" SET "DispatchAuditSequence" = @p0, "LastCreateOutcome" = @p1, "LastCreateOutcomeAt" = @p2, "LastCreateReceiptJson" = @p3
WHERE "MovementLegId" = @p4 AND "CreateAttemptCount" = @p5 AND "DispatchAuditSequence" = @p6 AND "ExperimentalCreateAuthorizationId" IS NULL AND "Status" = @p7
RETURNING 1;
[17:51:57 INF] Executed DbCommand (0ms) [Parameters=[@p0='?' (Size = 36), @p1='?' (Size = 36), @p2='?' (DbType = Int32), @p3='?', @p4='?' (Size = 36), @p5='?' (DbType = Int64), @p6='?', @p7='?', @p8='?', @p9='?' (DbType = Int32), @p10='?' (Size = 36), @p11='?' (DbType = DateTimeOffset), @p12='?' (Size = 8), @p13='?' (Size = 15), @p14='?' (Size = 11), @p15='?' (DbType = DateTimeOffset), @p16='?' (Size = 6), @p17='?', @p18='?' (DbType = Boolean), @p19='?' (Size = 12), @p20='?' (DbType = Int64), @p21='?' (Size = 45)], CommandType='Text', CommandTimeout='30']
INSERT INTO "RiotDispatchAuditEvents" ("AuditEventId", "AttemptId", "AttemptNumber", "BusinessCode", "DemandId", "DispatchGeneration", "EligibilityBasis", "ExperimentalAuthorizationId", "FailureCategory", "HttpStatusCode", "MovementLegId", "OccurredAt", "Outcome", "Phase", "ReceiptClassification", "ReceiptObservedAt", "ReceiptOperation", "RequestSemanticSha256", "ResultPresent", "ReturnedOrderId", "Sequence", "UpperId")
VALUES (@p0, @p1, @p2, @p3, @p4, @p5, @p6, @p7, @p8, @p9, @p10, @p11, @p12, @p13, @p14, @p15, @p16, @p17, @p18, @p19, @p20, @p21);
[17:51:57 INF] Start processing HTTP request GET http://127.0.0.1:58408/api/order/v1/orderRecord/detailByUpperId/W2G-63b5d126-d8cd-4453-b673-6cef7301ca3e-S1-1
[17:51:57 INF] Sending HTTP request GET http://127.0.0.1:58408/api/order/v1/orderRecord/detailByUpperId/W2G-63b5d126-d8cd-4453-b673-6cef7301ca3e-S1-1
[17:51:57 INF] Received HTTP response headers after 0.6075ms - 200
[17:51:57 INF] End processing HTTP request after 1.4108ms - 200
[17:51:57 INF] Executed DbCommand (0ms) [Parameters=[@__upperId_0='?' (Size = 45)], CommandType='Text', CommandTimeout='30']
SELECT "o"."MovementLegId", "o"."AgvLifecycleGeneration", "o"."CreateAttemptCount", "o"."CreateAttemptId", "o"."CreateDispatchArmedAt", "o"."CreatedAt", "o"."DemandId", "o"."DestinationStationId", "o"."DispatchAuditSequence", "o"."DispatchAuditVersion", "o"."DispatchGeneration", "o"."ExperimentalCreateAuthorizationId", "o"."LastCreateOutcome", "o"."LastCreateOutcomeAt", "o"."LastCreateReceiptJson", "o"."LastReconciliationOutcome", "o"."LastReconciliationOutcomeAt", "o"."LastReconciliationReceiptJson", "o"."MapId", "o"."OrderId", "o"."Purpose", "o"."Status", "o"."TargetStationId", "o"."UpperId", "o"."VehicleKey"
FROM "OrderIntents" AS "o"
WHERE "o"."UpperId" = @__upperId_0
LIMIT 2
[17:51:57 INF] Executed DbCommand (0ms) [Parameters=[@p6='?' (Size = 36), @p7='?' (DbType = Int32), @p0='?' (DbType = Int64), @p8='?' (DbType = Int64), @p10='?', @p1='?' (Size = 33), @p2='?' (DbType = DateTimeOffset), @p3='?' (Size = 185), @p4='?' (Size = 12), @p5='?' (Size = 9), @p9='?' (Size = 16)], CommandType='Text', CommandTimeout='30']
UPDATE "OrderIntents" SET "DispatchAuditSequence" = @p0, "LastReconciliationOutcome" = @p1, "LastReconciliationOutcomeAt" = @p2, "LastReconciliationReceiptJson" = @p3, "OrderId" = @p4, "Status" = @p5
WHERE "MovementLegId" = @p6 AND "CreateAttemptCount" = @p7 AND "DispatchAuditSequence" = @p8 AND "ExperimentalCreateAuthorizationId" IS NULL AND "Status" = @p9
RETURNING 1;
[17:51:57 INF] Executed DbCommand (0ms) [Parameters=[@p0='?' (Size = 36), @p1='?' (Size = 36), @p2='?' (DbType = Int32), @p3='?', @p4='?' (Size = 36), @p5='?' (DbType = Int64), @p6='?', @p7='?', @p8='?', @p9='?' (DbType = Int32), @p10='?' (Size = 36), @p11='?' (DbType = DateTimeOffset), @p12='?' (Size = 9), @p13='?' (Size = 26), @p14='?' (Size = 5), @p15='?' (DbType = DateTimeOffset), @p16='?' (Size = 9), @p17='?', @p18='?' (DbType = Boolean), @p19='?' (Size = 12), @p20='?' (DbType = Int64), @p21='?' (Size = 45)], CommandType='Text', CommandTimeout='30']
INSERT INTO "RiotDispatchAuditEvents" ("AuditEventId", "AttemptId", "AttemptNumber", "BusinessCode", "DemandId", "DispatchGeneration", "EligibilityBasis", "ExperimentalAuthorizationId", "FailureCategory", "HttpStatusCode", "MovementLegId", "OccurredAt", "Outcome", "Phase", "ReceiptClassification", "ReceiptObservedAt", "ReceiptOperation", "RequestSemanticSha256", "ResultPresent", "ReturnedOrderId", "Sequence", "UpperId")
VALUES (@p0, @p1, @p2, @p3, @p4, @p5, @p6, @p7, @p8, @p9, @p10, @p11, @p12, @p13, @p14, @p15, @p16, @p17, @p18, @p19, @p20, @p21);
[17:51:57 INF] Start processing HTTP request GET http://127.0.0.1:58408/api/task/v1/task/getVehicleInfo/BROKERX-L2-0001
[17:51:57 INF] Sending HTTP request GET http://127.0.0.1:58408/api/task/v1/task/getVehicleInfo/BROKERX-L2-0001
[17:51:57 INF] Received HTTP response headers after 0.5146ms - 200
[17:51:57 INF] End processing HTTP request after 1.821ms - 200
[17:51:57 INF] Start processing HTTP request GET http://127.0.0.1:58408/api/order/v1/orderRecord?pageNum=1&pageSize=100&filterByState=1&filterByState=3&filterByState=7&filterByState=9
[17:51:57 INF] Sending HTTP request GET http://127.0.0.1:58408/api/order/v1/orderRecord?pageNum=1&pageSize=100&filterByState=1&filterByState=3&filterByState=7&filterByState=9
[17:51:57 INF] Received HTTP response headers after 0.5554ms - 200
[17:51:57 INF] End processing HTTP request after 1.2385ms - 200
[17:51:57 INF] HTTP GET /api/onboard/v1/vehicle-safety responded 200 in 4.4617 ms
[17:51:57 INF] Executed DbCommand (0ms) [Parameters=[@__messageId_0='?' (Size = 36)], CommandType='Text', CommandTimeout='30']
SELECT "p"."MessageId", "p"."ContentHash", "p"."FirstResponseJson", "p"."MessageType", "p"."ReceivedAt", "p"."RequestJson"
FROM "ProtocolInbox" AS "p"
WHERE "p"."MessageId" = @__messageId_0
LIMIT 2
[17:51:57 INF] Executed DbCommand (0ms) [Parameters=[@__agvId_0='?' (Size = 10)], CommandType='Text', CommandTimeout='30']
SELECT "s"."AgvId", "s"."ActiveUnlockSlotsJson", "s"."CapabilityHash", "s"."CapabilityRevision", "s"."DepartureSafe", "s"."ForcedRecoveryGeneration", "s"."ManifestSha256", "s"."PendingAttemptIdsJson", "s"."PendingResultIdsJson", "s"."ProfileId", "s"."ProtocolCommit", "s"."ProtocolVersion", "s"."ProvenRecoveryCheckpoint", "s"."Readiness", "s"."ReasonCode", "s"."RecoveryReportId", "s"."ReportedForcedRecoveryGeneration", "s"."SafetyHash", "s"."SafetyReasonCodesJson", "s"."SafetyRevision", "s"."SafetyUnknownPresent", "s"."SessionGeneration", "s"."UnsettledSlotOperationAttemptId", "s"."UpdatedAt"
FROM "SessionRecoveries" AS "s"
WHERE "s"."AgvId" = @__agvId_0
LIMIT 2
[17:51:57 INF] Executed DbCommand (0ms) [Parameters=[@p8='?' (Size = 10), @p0='?' (DbType = Boolean), @p1='?' (Size = 16), @p2='?' (Size = 20), @p3='?' (Size = 64), @p4='?' (Size = 21), @p5='?' (DbType = Int64), @p6='?' (DbType = Boolean), @p7='?' (DbType = DateTimeOffset)], CommandType='Text', CommandTimeout='30']
UPDATE "SessionRecoveries" SET "DepartureSafe" = @p0, "Readiness" = @p1, "ReasonCode" = @p2, "SafetyHash" = @p3, "SafetyReasonCodesJson" = @p4, "SafetyRevision" = @p5, "SafetyUnknownPresent" = @p6, "UpdatedAt" = @p7
WHERE "AgvId" = @p8
RETURNING 1;
[17:51:57 INF] Executed DbCommand (0ms) [Parameters=[@__agvId_0='?' (Size = 10)], CommandType='Text', CommandTimeout='30']
SELECT "s"."AgvId", "s"."ActiveUnlockSlotsJson", "s"."CapabilityHash", "s"."CapabilityRevision", "s"."DepartureSafe", "s"."ForcedRecoveryGeneration", "s"."ManifestSha256", "s"."PendingAttemptIdsJson", "s"."PendingResultIdsJson", "s"."ProfileId", "s"."ProtocolCommit", "s"."ProtocolVersion", "s"."ProvenRecoveryCheckpoint", "s"."Readiness", "s"."ReasonCode", "s"."RecoveryReportId", "s"."ReportedForcedRecoveryGeneration", "s"."SafetyHash", "s"."SafetyReasonCodesJson", "s"."SafetyRevision", "s"."SafetyUnknownPresent", "s"."SessionGeneration", "s"."UnsettledSlotOperationAttemptId", "s"."UpdatedAt"
FROM "SessionRecoveries" AS "s"
WHERE "s"."AgvId" = @__agvId_0
LIMIT 2
[17:51:57 INF] Executed DbCommand (0ms) [Parameters=[@__agvId_0='?' (Size = 10)], CommandType='Text', CommandTimeout='30']
SELECT EXISTS (
    SELECT 1
    FROM "StationOperations" AS "s"
    INNER JOIN "JourneyDemands" AS "j" ON "s"."DemandId" = "j"."DemandId"
    INNER JOIN "JourneyRuntimes" AS "j0" ON "j"."JourneyId" = "j0"."JourneyId"
    WHERE "j0"."AgvId" = @__agvId_0 AND "s"."Status" = 'RecoveryRequired')
[17:51:57 INF] Executed DbCommand (0ms) [Parameters=[@p2='?' (Size = 10), @p0='?' (Size = 26), @p1='?' (DbType = DateTimeOffset)], CommandType='Text', CommandTimeout='30']
UPDATE "SessionRecoveries" SET "ReasonCode" = @p0, "UpdatedAt" = @p1
WHERE "AgvId" = @p2
RETURNING 1;
[17:51:57 INF] Executed DbCommand (0ms) [Parameters=[@p0='?' (Size = 36), @p1='?' (Size = 64), @p2='?' (Size = 1265), @p3='?' (Size = 18), @p4='?' (DbType = DateTimeOffset), @p5='?' (Size = 673)], CommandType='Text', CommandTimeout='30']
INSERT INTO "ProtocolInbox" ("MessageId", "ContentHash", "FirstResponseJson", "MessageType", "ReceivedAt", "RequestJson")
VALUES (@p0, @p1, @p2, @p3, @p4, @p5);
[17:51:58 INF] Start processing HTTP request GET http://127.0.0.1:58408/api/task/v1/task/getVehicleInfo/BROKERX-L2-0001
[17:51:58 INF] Sending HTTP request GET http://127.0.0.1:58408/api/task/v1/task/getVehicleInfo/BROKERX-L2-0001
[17:51:58 INF] Received HTTP response headers after 0.538ms - 200
[17:51:58 INF] End processing HTTP request after 4.1385ms - 200
[17:51:58 INF] Start processing HTTP request GET http://127.0.0.1:58408/api/order/v1/orderRecord?pageNum=1&pageSize=100&filterByState=1&filterByState=3&filterByState=7&filterByState=9
[17:51:58 INF] Sending HTTP request GET http://127.0.0.1:58408/api/order/v1/orderRecord?pageNum=1&pageSize=100&filterByState=1&filterByState=3&filterByState=7&filterByState=9
[17:51:58 INF] Received HTTP response headers after 0.4575ms - 200
[17:51:58 INF] End processing HTTP request after 1.3457ms - 200
[17:51:58 INF] HTTP GET /api/onboard/v1/vehicle-safety responded 200 in 6.7187 ms
[17:51:58 INF] Executed DbCommand (0ms) [Parameters=[@__messageId_0='?' (Size = 36)], CommandType='Text', CommandTimeout='30']
SELECT "p"."MessageId", "p"."ContentHash", "p"."FirstResponseJson", "p"."MessageType", "p"."ReceivedAt", "p"."RequestJson"
FROM "ProtocolInbox" AS "p"
WHERE "p"."MessageId" = @__messageId_0
LIMIT 2
[17:51:58 INF] Executed DbCommand (0ms) [Parameters=[@__agvId_0='?' (Size = 10)], CommandType='Text', CommandTimeout='30']
SELECT "s"."AgvId", "s"."ActiveUnlockSlotsJson", "s"."CapabilityHash", "s"."CapabilityRevision", "s"."DepartureSafe", "s"."ForcedRecoveryGeneration", "s"."ManifestSha256", "s"."PendingAttemptIdsJson", "s"."PendingResultIdsJson", "s"."ProfileId", "s"."ProtocolCommit", "s"."ProtocolVersion", "s"."ProvenRecoveryCheckpoint", "s"."Readiness", "s"."ReasonCode", "s"."RecoveryReportId", "s"."ReportedForcedRecoveryGeneration", "s"."SafetyHash", "s"."SafetyReasonCodesJson", "s"."SafetyRevision", "s"."SafetyUnknownPresent", "s"."SessionGeneration", "s"."UnsettledSlotOperationAttemptId", "s"."UpdatedAt"
FROM "SessionRecoveries" AS "s"
WHERE "s"."AgvId" = @__agvId_0
LIMIT 2
[17:51:58 INF] Executed DbCommand (0ms) [Parameters=[@p7='?' (Size = 10), @p0='?' (DbType = Boolean), @p1='?' (Size = 20), @p2='?' (Size = 64), @p3='?' (Size = 2), @p4='?' (DbType = Int64), @p5='?' (DbType = Boolean), @p6='?' (DbType = DateTimeOffset)], CommandType='Text', CommandTimeout='30']
UPDATE "SessionRecoveries" SET "DepartureSafe" = @p0, "ReasonCode" = @p1, "SafetyHash" = @p2, "SafetyReasonCodesJson" = @p3, "SafetyRevision" = @p4, "SafetyUnknownPresent" = @p5, "UpdatedAt" = @p6
WHERE "AgvId" = @p7
RETURNING 1;
[17:51:58 INF] Executed DbCommand (0ms) [Parameters=[@__agvId_0='?' (Size = 10)], CommandType='Text', CommandTimeout='30']
SELECT "s"."AgvId", "s"."ActiveUnlockSlotsJson", "s"."CapabilityHash", "s"."CapabilityRevision", "s"."DepartureSafe", "s"."ForcedRecoveryGeneration", "s"."ManifestSha256", "s"."PendingAttemptIdsJson", "s"."PendingResultIdsJson", "s"."ProfileId", "s"."ProtocolCommit", "s"."ProtocolVersion", "s"."ProvenRecoveryCheckpoint", "s"."Readiness", "s"."ReasonCode", "s"."RecoveryReportId", "s"."ReportedForcedRecoveryGeneration", "s"."SafetyHash", "s"."SafetyReasonCodesJson", "s"."SafetyRevision", "s"."SafetyUnknownPresent", "s"."SessionGeneration", "s"."UnsettledSlotOperationAttemptId", "s"."UpdatedAt"
FROM "SessionRecoveries" AS "s"
WHERE "s"."AgvId" = @__agvId_0
LIMIT 2
[17:51:58 INF] Executed DbCommand (0ms) [Parameters=[@__agvId_0='?' (Size = 10)], CommandType='Text', CommandTimeout='30']
SELECT EXISTS (
    SELECT 1
    FROM "StationOperations" AS "s"
    INNER JOIN "JourneyDemands" AS "j" ON "s"."DemandId" = "j"."DemandId"
    INNER JOIN "JourneyRuntimes" AS "j0" ON "j"."JourneyId" = "j0"."JourneyId"
    WHERE "j0"."AgvId" = @__agvId_0 AND "s"."Status" = 'RecoveryRequired')
[17:51:58 INF] Executed DbCommand (0ms) [Parameters=[@p3='?' (Size = 10), @p0='?' (Size = 5), @p1='?' (Size = 5), @p2='?' (DbType = DateTimeOffset)], CommandType='Text', CommandTimeout='30']
UPDATE "SessionRecoveries" SET "Readiness" = @p0, "ReasonCode" = @p1, "UpdatedAt" = @p2
WHERE "AgvId" = @p3
RETURNING 1;
[17:51:58 INF] Executed DbCommand (0ms) [Parameters=[@p0='?' (Size = 36), @p1='?' (Size = 64), @p2='?' (Size = 1233), @p3='?' (Size = 18), @p4='?' (DbType = DateTimeOffset), @p5='?' (Size = 653)], CommandType='Text', CommandTimeout='30']
INSERT INTO "ProtocolInbox" ("MessageId", "ContentHash", "FirstResponseJson", "MessageType", "ReceivedAt", "RequestJson")
VALUES (@p0, @p1, @p2, @p3, @p4, @p5);
[17:51:58 INF] Start processing HTTP request GET http://127.0.0.1:58408/api/imap/v1/mapInfo/stations/25
[17:51:58 INF] Sending HTTP request GET http://127.0.0.1:58408/api/imap/v1/mapInfo/stations/25
[17:51:58 INF] Received HTTP response headers after 0.4994ms - 200
[17:51:58 INF] End processing HTTP request after 3.8101ms - 200
[17:51:58 INF] Executed DbCommand (0ms) [Parameters=[], CommandType='Text', CommandTimeout='30']
SELECT "a"."Id", "a"."ContentHash", "a"."DeploymentId", "a"."ImportedAt", "a"."Version"
FROM "AdmissionPolicyState" AS "a"
WHERE "a"."Id" = 1
LIMIT 2
[17:51:58 INF] Executed DbCommand (0ms) [Parameters=[], CommandType='Text', CommandTimeout='30']
SELECT "j"."JourneyId", "j"."AgvId", "j"."AgvLifecycleGeneration", "j"."BlockReasonCode", "j"."CreatedAt", "j"."CurrentStopSequence", "j"."DispatchGeneration", "j"."DispatchZone", "j"."GateStationId", "j"."GateStationRiotId", "j"."HoldingStartedAt", "j"."LoadingClosedReason", "j"."MapId", "j"."MapIdentity", "j"."NextStopSequence", "j"."OperationSessionId", "j"."PlanRevision", "j"."Stage", "j"."UpdatedAt", "j"."VehicleBusinessRevision", "j"."VehicleKey", "j"."WorklistRevision"
FROM "JourneyRuntimes" AS "j"
WHERE "j"."Stage" <> 'Completed'
[17:51:58 INF] Executed DbCommand (0ms) [Parameters=[@__runtime_JourneyId_0='?' (Size = 36)], CommandType='Text', CommandTimeout='30']
SELECT "j"."JourneyId", "j"."Sequence", "j"."ConsumedSafetyResultMessageId", "j"."CreatedAt", "j"."LegType", "j"."LoadRound", "j"."MovementLegId", "j"."PlanMessageId", "j"."PlanRevision", "j"."PreDepartureSafetyCheckId", "j"."PreDepartureSafetyCheckMessageId", "j"."Role", "j"."RouteEvidenceId", "j"."State", "j"."StationId", "j"."StationRiotId", "j"."SublotWaitStartedAt", "j"."UpdatedAt", "j"."UpperId", "j"."VehicleBusinessMessageId", "j"."VehicleBusinessRevision", "j"."WorklistRevision"
FROM "JourneyStops" AS "j"
WHERE "j"."JourneyId" = @__runtime_JourneyId_0
[17:51:58 INF] Executed DbCommand (0ms) [Parameters=[@__runtime_JourneyId_0='?' (Size = 36)], CommandType='Text', CommandTimeout='30']
SELECT "j"."JourneyId", "j"."DemandId", "j"."ConsumedSublotMessageId", "j"."CreatedAt", "j"."ExpectedBasketCount", "j"."LoadCommandMessageId", "j"."LoadCommandedAt", "j"."LoadSlotOperationAttemptId", "j"."LoadedAt", "j"."State", "j"."StopSequence", "j"."TargetSlotsJson", "j"."UnloadCommandMessageId", "j"."UnloadCommandedAt", "j"."UnloadSlotOperationAttemptId"
FROM "JourneyDemands" AS "j"
WHERE "j"."JourneyId" = @__runtime_JourneyId_0
[17:51:58 INF] Executed DbCommand (0ms) [Parameters=[@__agvId_0='?' (Size = 10)], CommandType='Text', CommandTimeout='30']
SELECT "s"."AgvId", "s"."ActiveUnlockSlotsJson", "s"."CapabilityHash", "s"."CapabilityRevision", "s"."DepartureSafe", "s"."ForcedRecoveryGeneration", "s"."ManifestSha256", "s"."PendingAttemptIdsJson", "s"."PendingResultIdsJson", "s"."ProfileId", "s"."ProtocolCommit", "s"."ProtocolVersion", "s"."ProvenRecoveryCheckpoint", "s"."Readiness", "s"."ReasonCode", "s"."RecoveryReportId", "s"."ReportedForcedRecoveryGeneration", "s"."SafetyHash", "s"."SafetyReasonCodesJson", "s"."SafetyRevision", "s"."SafetyUnknownPresent", "s"."SessionGeneration", "s"."UnsettledSlotOperationAttemptId", "s"."UpdatedAt"
FROM "SessionRecoveries" AS "s"
WHERE "s"."AgvId" = @__agvId_0 AND "s"."Readiness" = 'Ready'
LIMIT 2
[17:51:58 INF] Executed DbCommand (0ms) [Parameters=[], CommandType='Text', CommandTimeout='30']
SELECT "p"."MessageId", "p"."AcknowledgedAt", "p"."CreatedAt", "p"."FencedAt", "p"."MessageType", "p"."PayloadJson"
FROM "ProtocolOutbox" AS "p"
WHERE "p"."AcknowledgedAt" IS NULL AND "p"."FencedAt" IS NULL
[17:51:58 INF] Executed DbCommand (0ms) [Parameters=[@__upperId_0='?' (Size = 45)], CommandType='Text', CommandTimeout='30']
SELECT "o"."MovementLegId", "o"."AgvLifecycleGeneration", "o"."CreateAttemptCount", "o"."CreateAttemptId", "o"."CreateDispatchArmedAt", "o"."CreatedAt", "o"."DemandId", "o"."DestinationStationId", "o"."DispatchAuditSequence", "o"."DispatchAuditVersion", "o"."DispatchGeneration", "o"."ExperimentalCreateAuthorizationId", "o"."LastCreateOutcome", "o"."LastCreateOutcomeAt", "o"."LastCreateReceiptJson", "o"."LastReconciliationOutcome", "o"."LastReconciliationOutcomeAt", "o"."LastReconciliationReceiptJson", "o"."MapId", "o"."OrderId", "o"."Purpose", "o"."Status", "o"."TargetStationId", "o"."UpperId", "o"."VehicleKey"
FROM "OrderIntents" AS "o"
WHERE "o"."UpperId" = @__upperId_0
LIMIT 2
[17:51:58 INF] Executed DbCommand (0ms) [Parameters=[@__stop_MovementLegId_0='?' (Size = 36)], CommandType='Text', CommandTimeout='30']
SELECT "o"."MovementLegId", "o"."AgvLifecycleGeneration", "o"."CreateAttemptCount", "o"."CreateAttemptId", "o"."CreateDispatchArmedAt", "o"."CreatedAt", "o"."DemandId", "o"."DestinationStationId", "o"."DispatchAuditSequence", "o"."DispatchAuditVersion", "o"."DispatchGeneration", "o"."ExperimentalCreateAuthorizationId", "o"."LastCreateOutcome", "o"."LastCreateOutcomeAt", "o"."LastCreateReceiptJson", "o"."LastReconciliationOutcome", "o"."LastReconciliationOutcomeAt", "o"."LastReconciliationReceiptJson", "o"."MapId", "o"."OrderId", "o"."Purpose", "o"."Status", "o"."TargetStationId", "o"."UpperId", "o"."VehicleKey"
FROM "OrderIntents" AS "o"
WHERE "o"."MovementLegId" = @__stop_MovementLegId_0
LIMIT 2
[17:51:58 INF] Start processing HTTP request GET http://127.0.0.1:58408/api/order/v1/orderRecord/detailByUpperId/W2G-63b5d126-d8cd-4453-b673-6cef7301ca3e-S1-1
[17:51:58 INF] Sending HTTP request GET http://127.0.0.1:58408/api/order/v1/orderRecord/detailByUpperId/W2G-63b5d126-d8cd-4453-b673-6cef7301ca3e-S1-1
[17:51:58 INF] Received HTTP response headers after 0.5389ms - 200
[17:51:58 INF] End processing HTTP request after 1.2909ms - 200
[17:51:58 INF] Start processing HTTP request GET http://127.0.0.1:58408/api/task/vehicles/getVehicleInfoByDeviceKey?key=BROKERX-L2-0001
[17:51:58 INF] Sending HTTP request GET http://127.0.0.1:58408/api/task/vehicles/getVehicleInfoByDeviceKey?key=BROKERX-L2-0001
[17:51:58 INF] Received HTTP response headers after 0.3521ms - 200
[17:51:58 INF] End processing HTTP request after 1.0834ms - 200
[17:51:58 INF] Executed DbCommand (0ms) [Parameters=[@__agvId_0='?' (Size = 10)], CommandType='Text', CommandTimeout='30']
SELECT "s"."AgvId", "s"."ActiveUnlockSlotsJson", "s"."CapabilityHash", "s"."CapabilityRevision", "s"."DepartureSafe", "s"."ForcedRecoveryGeneration", "s"."ManifestSha256", "s"."PendingAttemptIdsJson", "s"."PendingResultIdsJson", "s"."ProfileId", "s"."ProtocolCommit", "s"."ProtocolVersion", "s"."ProvenRecoveryCheckpoint", "s"."Readiness", "s"."ReasonCode", "s"."RecoveryReportId", "s"."ReportedForcedRecoveryGeneration", "s"."SafetyHash", "s"."SafetyReasonCodesJson", "s"."SafetyRevision", "s"."SafetyUnknownPresent", "s"."SessionGeneration", "s"."UnsettledSlotOperationAttemptId", "s"."UpdatedAt"
FROM "SessionRecoveries" AS "s"
WHERE "s"."AgvId" = @__agvId_0 AND "s"."Readiness" = 'Ready'
LIMIT 2
[17:51:58 INF] Executed DbCommand (0ms) [Parameters=[@__messageType_0='?' (Size = 18)], CommandType='Text', CommandTimeout='30']
SELECT "p"."MessageId", "p"."ContentHash", "p"."FirstResponseJson", "p"."MessageType", "p"."ReceivedAt", "p"."RequestJson"
FROM "ProtocolInbox" AS "p"
WHERE "p"."MessageType" = @__messageType_0
[17:51:58 INF] Executed DbCommand (0ms) [Parameters=[@__messageType_0='?' (Size = 19)], CommandType='Text', CommandTimeout='30']
SELECT "p"."MessageId", "p"."ContentHash", "p"."FirstResponseJson", "p"."MessageType", "p"."ReceivedAt", "p"."RequestJson"
FROM "ProtocolInbox" AS "p"
WHERE "p"."MessageType" = @__messageType_0
[17:51:58 INF] Executed DbCommand (0ms) [Parameters=[], CommandType='Text', CommandTimeout='30']
SELECT "p"."MessageId", "p"."ContentHash", "p"."FirstResponseJson", "p"."MessageType", "p"."ReceivedAt", "p"."RequestJson"
FROM "ProtocolInbox" AS "p"
WHERE "p"."MessageType" IN ('SafetyStateSnapshot', 'SafetyStateChanged')
[17:51:58 INF] Executed DbCommand (0ms) [Parameters=[], CommandType='Text', CommandTimeout='30']
SELECT "p"."MessageId", "p"."ContentHash", "p"."FirstResponseJson", "p"."MessageType", "p"."ReceivedAt", "p"."RequestJson"
FROM "ProtocolInbox" AS "p"
[17:51:58 INF] Executed DbCommand (0ms) [Parameters=[@p1='?' (Size = 36), @p2='?' (DbType = Int32), @p0='?' (Size = 7)], CommandType='Text', CommandTimeout='30']
UPDATE "JourneyStops" SET "State" = @p0
WHERE "JourneyId" = @p1 AND "Sequence" = @p2
RETURNING 1;
[17:51:58 INF] Start processing HTTP request GET http://127.0.0.1:58409/api/v2/contract
[17:51:58 INF] Sending HTTP request GET http://127.0.0.1:58409/api/v2/contract
[17:51:58 INF] Received HTTP response headers after 0.9806ms - 200
[17:51:58 INF] End processing HTTP request after 1.7391ms - 200
[17:51:58 INF] Start processing HTTP request GET http://127.0.0.1:58409/api/v2/externally-readable-demand-catalog
[17:51:58 INF] Sending HTTP request GET http://127.0.0.1:58409/api/v2/externally-readable-demand-catalog
[17:51:58 INF] Received HTTP response headers after 0.7417ms - 200
[17:51:58 INF] End processing HTTP request after 1.4883ms - 200
[17:51:58 INF] Executed DbCommand (0ms) [Parameters=[@__agvId_0='?' (Size = 10)], CommandType='Text', CommandTimeout='30']
SELECT "s"."AgvId", "s"."ActiveUnlockSlotsJson", "s"."CapabilityHash", "s"."CapabilityRevision", "s"."DepartureSafe", "s"."ForcedRecoveryGeneration", "s"."ManifestSha256", "s"."PendingAttemptIdsJson", "s"."PendingResultIdsJson", "s"."ProfileId", "s"."ProtocolCommit", "s"."ProtocolVersion", "s"."ProvenRecoveryCheckpoint", "s"."Readiness", "s"."ReasonCode", "s"."RecoveryReportId", "s"."ReportedForcedRecoveryGeneration", "s"."SafetyHash", "s"."SafetyReasonCodesJson", "s"."SafetyRevision", "s"."SafetyUnknownPresent", "s"."SessionGeneration", "s"."UnsettledSlotOperationAttemptId", "s"."UpdatedAt"
FROM "SessionRecoveries" AS "s"
WHERE "s"."AgvId" = @__agvId_0 AND "s"."Readiness" = 'Ready'
LIMIT 2
[17:51:58 INF] Executed DbCommand (0ms) [Parameters=[@__messageType_0='?' (Size = 18)], CommandType='Text', CommandTimeout='30']
SELECT "p"."MessageId", "p"."ContentHash", "p"."FirstResponseJson", "p"."MessageType", "p"."ReceivedAt", "p"."RequestJson"
FROM "ProtocolInbox" AS "p"
WHERE "p"."MessageType" = @__messageType_0
[17:51:58 INF] Executed DbCommand (0ms) [Parameters=[@__messageType_0='?' (Size = 19)], CommandType='Text', CommandTimeout='30']
SELECT "p"."MessageId", "p"."ContentHash", "p"."FirstResponseJson", "p"."MessageType", "p"."ReceivedAt", "p"."RequestJson"
FROM "ProtocolInbox" AS "p"
WHERE "p"."MessageType" = @__messageType_0
[17:51:58 INF] Executed DbCommand (0ms) [Parameters=[], CommandType='Text', CommandTimeout='30']
SELECT "p"."MessageId", "p"."ContentHash", "p"."FirstResponseJson", "p"."MessageType", "p"."ReceivedAt", "p"."RequestJson"
FROM "ProtocolInbox" AS "p"
WHERE "p"."MessageType" IN ('SafetyStateSnapshot', 'SafetyStateChanged')
[17:51:58 INF] Executed DbCommand (0ms) [Parameters=[], CommandType='Text', CommandTimeout='30']
SELECT "p"."MessageId", "p"."ContentHash", "p"."FirstResponseJson", "p"."MessageType", "p"."ReceivedAt", "p"."RequestJson"
FROM "ProtocolInbox" AS "p"
[17:51:58 INF] Start processing HTTP request GET http://127.0.0.1:58408/api/task/vehicles/getVehicleInfoByDeviceKey?key=BROKERX-L2-0001
[17:51:58 INF] Sending HTTP request GET http://127.0.0.1:58408/api/task/vehicles/getVehicleInfoByDeviceKey?key=BROKERX-L2-0001
[17:51:58 INF] Received HTTP response headers after 0.3905ms - 200
[17:51:58 INF] End processing HTTP request after 1.3177ms - 200
[17:51:58 INF] Executed DbCommand (0ms) [Parameters=[], CommandType='Text', CommandTimeout='30']
SELECT "j"."DemandId", "j"."AcceptedAt", "j"."DecisionFingerprint", "j"."DemandCreatedAt", "j"."FirstSeenAt", "j"."LastSeenAt", "j"."ReasonCode", "j"."TransportDemandKey"
FROM "JourneyBacklog" AS "j"
[17:51:58 INF] Executed DbCommand (0ms) [Parameters=[], CommandType='Text', CommandTimeout='30']
SELECT "a"."DemandId"
FROM "AcceptedDemands" AS "a"
[17:51:58 INF] Executed DbCommand (0ms) [Parameters=[], CommandType='Text', CommandTimeout='30']
SELECT "t"."TransportDemandKey"
FROM "TransportDemandSuppressions" AS "t"
[17:51:58 INF] Executed DbCommand (0ms) [Parameters=[], CommandType='Text', CommandTimeout='30']
SELECT "p"."RuleId", "p"."EffectiveAt", "p"."MatchType", "p"."MaxBoxesPerBasket", "p"."Pattern", "p"."Source", "p"."SupersededAt", "p"."Version"
FROM "PackageCapacityRules" AS "p"
WHERE "p"."SupersededAt" IS NULL
[17:51:58 INF] Executed DbCommand (0ms) [Parameters=[@__package_0='?' (Size = 10)], CommandType='Text', CommandTimeout='30']
SELECT "m"."Package", "m"."FirstSeenAt", "m"."LastSeenAt", "m"."Status"
FROM "MissingPackages" AS "m"
WHERE "m"."Package" = @__package_0
LIMIT 2
[17:51:58 INF] Executed DbCommand (0ms) [Parameters=[@__stationId_0='?' (Size = 4), @__taskType_1='?' (Size = 12)], CommandType='Text', CommandTimeout='30']
SELECT EXISTS (
    SELECT 1
    FROM "StationTaskTypeAdmissions" AS "s"
    WHERE "s"."StationId" = @__stationId_0 AND "s"."TaskType" = @__taskType_1)
[17:51:58 INF] Start processing HTTP request GET http://127.0.0.1:58409/api/v2/sublot-box-count?sublot=L2-FWC-J-N2-6-20260912T095122103Z
[17:51:58 INF] Sending HTTP request GET http://127.0.0.1:58409/api/v2/sublot-box-count?sublot=L2-FWC-J-N2-6-20260912T095122103Z
[17:51:58 INF] Received HTTP response headers after 0.7327ms - 200
[17:51:58 INF] End processing HTTP request after 1.2824ms - 200
[17:51:58 INF] Executed DbCommand (0ms) [Parameters=[@p1='?' (Size = 36), @p0='?' (DbType = DateTimeOffset)], CommandType='Text', CommandTimeout='30']
UPDATE "JourneyBacklog" SET "LastSeenAt" = @p0
WHERE "DemandId" = @p1
RETURNING 1;
[17:51:58 INF] Executed DbCommand (0ms) [Parameters=[@p2='?' (Size = 36), @p0='?' (DbType = DateTimeOffset), @p1='?' (Size = 23)], CommandType='Text', CommandTimeout='30']
UPDATE "JourneyBacklog" SET "LastSeenAt" = @p0, "ReasonCode" = @p1
WHERE "DemandId" = @p2
RETURNING 1;
[17:51:58 INF] Start processing HTTP request GET http://127.0.0.1:58409/api/v2/contract
[17:51:58 INF] Sending HTTP request GET http://127.0.0.1:58409/api/v2/contract
[17:51:58 INF] Received HTTP response headers after 0.5704ms - 200
[17:51:58 INF] End processing HTTP request after 1.2691ms - 200
[17:51:58 INF] Start processing HTTP request GET http://127.0.0.1:58409/api/v2/externally-readable-demand-catalog
[17:51:58 INF] Sending HTTP request GET http://127.0.0.1:58409/api/v2/externally-readable-demand-catalog
[17:51:58 INF] Received HTTP response headers after 0.5695ms - 200
[17:51:58 INF] End processing HTTP request after 1.2106ms - 200
[17:51:58 INF] Executed DbCommand (0ms) [Parameters=[@__agvId_0='?' (Size = 10)], CommandType='Text', CommandTimeout='30']
SELECT "s"."AgvId", "s"."ActiveUnlockSlotsJson", "s"."CapabilityHash", "s"."CapabilityRevision", "s"."DepartureSafe", "s"."ForcedRecoveryGeneration", "s"."ManifestSha256", "s"."PendingAttemptIdsJson", "s"."PendingResultIdsJson", "s"."ProfileId", "s"."ProtocolCommit", "s"."ProtocolVersion", "s"."ProvenRecoveryCheckpoint", "s"."Readiness", "s"."ReasonCode", "s"."RecoveryReportId", "s"."ReportedForcedRecoveryGeneration", "s"."SafetyHash", "s"."SafetyReasonCodesJson", "s"."SafetyRevision", "s"."SafetyUnknownPresent", "s"."SessionGeneration", "s"."UnsettledSlotOperationAttemptId", "s"."UpdatedAt"
FROM "SessionRecoveries" AS "s"
WHERE "s"."AgvId" = @__agvId_0 AND "s"."Readiness" = 'Ready'
LIMIT 2
[17:51:58 INF] Executed DbCommand (0ms) [Parameters=[@__messageType_0='?' (Size = 18)], CommandType='Text', CommandTimeout='30']
SELECT "p"."MessageId", "p"."ContentHash", "p"."FirstResponseJson", "p"."MessageType", "p"."ReceivedAt", "p"."RequestJson"
FROM "ProtocolInbox" AS "p"
WHERE "p"."MessageType" = @__messageType_0
[17:51:58 INF] Executed DbCommand (0ms) [Parameters=[@__messageType_0='?' (Size = 19)], CommandType='Text', CommandTimeout='30']
SELECT "p"."MessageId", "p"."ContentHash", "p"."FirstResponseJson", "p"."MessageType", "p"."ReceivedAt", "p"."RequestJson"
FROM "ProtocolInbox" AS "p"
WHERE "p"."MessageType" = @__messageType_0
[17:51:58 INF] Executed DbCommand (0ms) [Parameters=[], CommandType='Text', CommandTimeout='30']
SELECT "p"."MessageId", "p"."ContentHash", "p"."FirstResponseJson", "p"."MessageType", "p"."ReceivedAt", "p"."RequestJson"
FROM "ProtocolInbox" AS "p"
WHERE "p"."MessageType" IN ('SafetyStateSnapshot', 'SafetyStateChanged')
[17:51:58 INF] Executed DbCommand (0ms) [Parameters=[], CommandType='Text', CommandTimeout='30']
SELECT "p"."MessageId", "p"."ContentHash", "p"."FirstResponseJson", "p"."MessageType", "p"."ReceivedAt", "p"."RequestJson"
FROM "ProtocolInbox" AS "p"
[17:51:58 INF] Start processing HTTP request GET http://127.0.0.1:58408/api/task/vehicles/getVehicleInfoByDeviceKey?key=BROKERX-L2-0001
[17:51:58 INF] Sending HTTP request GET http://127.0.0.1:58408/api/task/vehicles/getVehicleInfoByDeviceKey?key=BROKERX-L2-0001
[17:51:58 INF] Received HTTP response headers after 0.4666ms - 200
[17:51:58 INF] End processing HTTP request after 1.1277ms - 200
[17:51:58 INF] Executed DbCommand (0ms) [Parameters=[@__journeyId_0='?' (Size = 36)], CommandType='Text', CommandTimeout='30']
SELECT "j"."JourneyId", "j"."AgvId", "j"."AgvLifecycleGeneration", "j"."BlockReasonCode", "j"."CreatedAt", "j"."CurrentStopSequence", "j"."DispatchGeneration", "j"."DispatchZone", "j"."GateStationId", "j"."GateStationRiotId", "j"."HoldingStartedAt", "j"."LoadingClosedReason", "j"."MapId", "j"."MapIdentity", "j"."NextStopSequence", "j"."OperationSessionId", "j"."PlanRevision", "j"."Stage", "j"."UpdatedAt", "j"."VehicleBusinessRevision", "j"."VehicleKey", "j"."WorklistRevision"
FROM "JourneyRuntimes" AS "j"
WHERE "j"."JourneyId" = @__journeyId_0
LIMIT 2
[17:51:58 INF] Executed DbCommand (0ms) [Parameters=[@__demand_DemandId_0='?' (Size = 36)], CommandType='Text', CommandTimeout='30']
SELECT "j"."JourneyId", "j"."DemandId", "j"."ConsumedSublotMessageId", "j"."CreatedAt", "j"."ExpectedBasketCount", "j"."LoadCommandMessageId", "j"."LoadCommandedAt", "j"."LoadSlotOperationAttemptId", "j"."LoadedAt", "j"."State", "j"."StopSequence", "j"."TargetSlotsJson", "j"."UnloadCommandMessageId", "j"."UnloadCommandedAt", "j"."UnloadSlotOperationAttemptId"
FROM "JourneyDemands" AS "j"
WHERE "j"."DemandId" = @__demand_DemandId_0
LIMIT 2
[17:51:58 INF] Executed DbCommand (0ms) [Parameters=[@__snapshot_DemandId_0='?' (Size = 36)], CommandType='Text', CommandTimeout='30']
SELECT "j"."DemandId", "j"."AcceptedAt", "j"."DecisionFingerprint", "j"."DemandCreatedAt", "j"."FirstSeenAt", "j"."LastSeenAt", "j"."ReasonCode", "j"."TransportDemandKey"
FROM "JourneyBacklog" AS "j"
WHERE "j"."DemandId" = @__snapshot_DemandId_0
LIMIT 2
[17:51:58 INF] Executed DbCommand (0ms) [Parameters=[@p0='?' (Size = 36), @p1='?' (DbType = DateTimeOffset), @p2='?' (DbType = Int64), @p3='?' (DbType = DateTimeOffset), @p4='?' (DbType = Int64), @p5='?' (DbType = Int32), @p6='?' (Size = 36), @p7='?' (Size = 91), @p8='?' (Size = 39), @p9='?' (Size = 8), @p10='?' (Size = 33), @p11='?' (Size = 46), @p12='?' (DbType = DateTimeOffset), @p13='?' (Size = 38), @p14='?' (Size = 39), @p15='?' (Size = 12)], CommandType='Text', CommandTimeout='30']
INSERT INTO "AcceptedDemands" ("DemandId", "AcceptedAt", "CatalogRevision", "CreatedAt", "DemandRevision", "Generation", "HistoryEpoch", "LiveMesFieldsJson", "SeriesId", "Status", "Sublot", "TransportDemandKey", "ValueObservedAt", "ValuePollTraceId", "ValueProjectionCommitId", "WorkType")
VALUES (@p0, @p1, @p2, @p3, @p4, @p5, @p6, @p7, @p8, @p9, @p10, @p11, @p12, @p13, @p14, @p15);
[17:51:58 INF] Executed DbCommand (0ms) [Parameters=[@p3='?' (Size = 36), @p0='?' (DbType = DateTimeOffset), @p1='?' (DbType = DateTimeOffset), @p2='?' (Size = 8)], CommandType='Text', CommandTimeout='30']
UPDATE "JourneyBacklog" SET "AcceptedAt" = @p0, "LastSeenAt" = @p1, "ReasonCode" = @p2
WHERE "DemandId" = @p3
RETURNING 1;
[17:51:58 INF] Executed DbCommand (0ms) [Parameters=[@p0='?' (Size = 36), @p1='?' (Size = 36), @p2='?', @p3='?' (DbType = DateTimeOffset), @p4='?' (DbType = Int32), @p5='?' (Size = 36), @p6='?' (DbType = DateTimeOffset), @p7='?' (Size = 36), @p8='?' (DbType = DateTimeOffset), @p9='?' (Size = 7), @p10='?' (DbType = Int32), @p11='?' (Size = 3), @p12='?' (Size = 36), @p13='?' (DbType = DateTimeOffset), @p14='?' (Size = 36)], CommandType='Text', CommandTimeout='30']
INSERT INTO "JourneyDemands" ("DemandId", "JourneyId", "ConsumedSublotMessageId", "CreatedAt", "ExpectedBasketCount", "LoadCommandMessageId", "LoadCommandedAt", "LoadSlotOperationAttemptId", "LoadedAt", "State", "StopSequence", "TargetSlotsJson", "UnloadCommandMessageId", "UnloadCommandedAt", "UnloadSlotOperationAttemptId")
VALUES (@p0, @p1, @p2, @p3, @p4, @p5, @p6, @p7, @p8, @p9, @p10, @p11, @p12, @p13, @p14);
[17:51:58 INF] Executed DbCommand (0ms) [Parameters=[@p1='?' (Size = 36), @p0='?' (DbType = DateTimeOffset)], CommandType='Text', CommandTimeout='30']
UPDATE "JourneyRuntimes" SET "UpdatedAt" = @p0
WHERE "JourneyId" = @p1
RETURNING 1;
[17:51:58 INF] Executed DbCommand (0ms) [Parameters=[@p0='?' (Size = 36), @p1='?' (DbType = Int32), @p2='?', @p3='?' (DbType = DateTimeOffset), @p4='?' (Size = 9), @p5='?' (DbType = Int32), @p6='?' (Size = 36), @p7='?' (Size = 36), @p8='?' (DbType = Int64), @p9='?' (Size = 36), @p10='?' (Size = 36), @p11='?' (Size = 6), @p12='?' (Size = 71), @p13='?' (Size = 7), @p14='?' (Size = 4), @p15='?' (DbType = Int32), @p16='?' (DbType = DateTimeOffset), @p17='?' (DbType = DateTimeOffset), @p18='?' (Size = 45), @p19='?' (Size = 36), @p20='?' (DbType = Int64), @p21='?' (DbType = Int64)], CommandType='Text', CommandTimeout='30']
INSERT INTO "JourneyStops" ("JourneyId", "Sequence", "ConsumedSafetyResultMessageId", "CreatedAt", "LegType", "LoadRound", "MovementLegId", "PlanMessageId", "PlanRevision", "PreDepartureSafetyCheckId", "PreDepartureSafetyCheckMessageId", "Role", "RouteEvidenceId", "State", "StationId", "StationRiotId", "SublotWaitStartedAt", "UpdatedAt", "UpperId", "VehicleBusinessMessageId", "VehicleBusinessRevision", "WorklistRevision")
VALUES (@p0, @p1, @p2, @p3, @p4, @p5, @p6, @p7, @p8, @p9, @p10, @p11, @p12, @p13, @p14, @p15, @p16, @p17, @p18, @p19, @p20, @p21);
[17:51:58 INF] Executed DbCommand (0ms) [Parameters=[@__runtime_JourneyId_0='?' (Size = 36)], CommandType='Text', CommandTimeout='30']
SELECT "j"."JourneyId", "j"."Sequence", "j"."ConsumedSafetyResultMessageId", "j"."CreatedAt", "j"."LegType", "j"."LoadRound", "j"."MovementLegId", "j"."PlanMessageId", "j"."PlanRevision", "j"."PreDepartureSafetyCheckId", "j"."PreDepartureSafetyCheckMessageId", "j"."Role", "j"."RouteEvidenceId", "j"."State", "j"."StationId", "j"."StationRiotId", "j"."SublotWaitStartedAt", "j"."UpdatedAt", "j"."UpperId", "j"."VehicleBusinessMessageId", "j"."VehicleBusinessRevision", "j"."WorklistRevision"
FROM "JourneyStops" AS "j"
WHERE "j"."JourneyId" = @__runtime_JourneyId_0
[17:51:58 INF] Executed DbCommand (0ms) [Parameters=[@__runtime_JourneyId_0='?' (Size = 36)], CommandType='Text', CommandTimeout='30']
SELECT "j"."JourneyId", "j"."DemandId", "j"."ConsumedSublotMessageId", "j"."CreatedAt", "j"."ExpectedBasketCount", "j"."LoadCommandMessageId", "j"."LoadCommandedAt", "j"."LoadSlotOperationAttemptId", "j"."LoadedAt", "j"."State", "j"."StopSequence", "j"."TargetSlotsJson", "j"."UnloadCommandMessageId", "j"."UnloadCommandedAt", "j"."UnloadSlotOperationAttemptId"
FROM "JourneyDemands" AS "j"
WHERE "j"."JourneyId" = @__runtime_JourneyId_0
[17:51:58 INF] Start processing HTTP request GET http://127.0.0.1:58409/api/v2/contract
[17:51:58 INF] Sending HTTP request GET http://127.0.0.1:58409/api/v2/contract
[17:51:58 INF] Received HTTP response headers after 0.6823ms - 200
[17:51:58 INF] End processing HTTP request after 1.3701ms - 200
[17:51:58 INF] Start processing HTTP request GET http://127.0.0.1:58409/api/v2/externally-readable-demand-catalog
[17:51:58 INF] Sending HTTP request GET http://127.0.0.1:58409/api/v2/externally-readable-demand-catalog
[17:51:58 INF] Received HTTP response headers after 0.5183ms - 200
[17:51:58 INF] End processing HTTP request after 1.1184ms - 200
[17:51:58 INF] Executed DbCommand (0ms) [Parameters=[@__agvId_0='?' (Size = 10)], CommandType='Text', CommandTimeout='30']
SELECT "s"."AgvId", "s"."ActiveUnlockSlotsJson", "s"."CapabilityHash", "s"."CapabilityRevision", "s"."DepartureSafe", "s"."ForcedRecoveryGeneration", "s"."ManifestSha256", "s"."PendingAttemptIdsJson", "s"."PendingResultIdsJson", "s"."ProfileId", "s"."ProtocolCommit", "s"."ProtocolVersion", "s"."ProvenRecoveryCheckpoint", "s"."Readiness", "s"."ReasonCode", "s"."RecoveryReportId", "s"."ReportedForcedRecoveryGeneration", "s"."SafetyHash", "s"."SafetyReasonCodesJson", "s"."SafetyRevision", "s"."SafetyUnknownPresent", "s"."SessionGeneration", "s"."UnsettledSlotOperationAttemptId", "s"."UpdatedAt"
FROM "SessionRecoveries" AS "s"
WHERE "s"."AgvId" = @__agvId_0 AND "s"."Readiness" = 'Ready'
LIMIT 2
[17:51:58 INF] Executed DbCommand (0ms) [Parameters=[@__messageType_0='?' (Size = 18)], CommandType='Text', CommandTimeout='30']
SELECT "p"."MessageId", "p"."ContentHash", "p"."FirstResponseJson", "p"."MessageType", "p"."ReceivedAt", "p"."RequestJson"
FROM "ProtocolInbox" AS "p"
WHERE "p"."MessageType" = @__messageType_0
[17:51:58 INF] Executed DbCommand (0ms) [Parameters=[@__messageType_0='?' (Size = 19)], CommandType='Text', CommandTimeout='30']
SELECT "p"."MessageId", "p"."ContentHash", "p"."FirstResponseJson", "p"."MessageType", "p"."ReceivedAt", "p"."RequestJson"
FROM "ProtocolInbox" AS "p"
WHERE "p"."MessageType" = @__messageType_0
[17:51:58 INF] Executed DbCommand (0ms) [Parameters=[], CommandType='Text', CommandTimeout='30']
SELECT "p"."MessageId", "p"."ContentHash", "p"."FirstResponseJson", "p"."MessageType", "p"."ReceivedAt", "p"."RequestJson"
FROM "ProtocolInbox" AS "p"
WHERE "p"."MessageType" IN ('SafetyStateSnapshot', 'SafetyStateChanged')
[17:51:58 INF] Executed DbCommand (0ms) [Parameters=[], CommandType='Text', CommandTimeout='30']
SELECT "p"."MessageId", "p"."ContentHash", "p"."FirstResponseJson", "p"."MessageType", "p"."ReceivedAt", "p"."RequestJson"
FROM "ProtocolInbox" AS "p"
[17:51:58 INF] Start processing HTTP request GET http://127.0.0.1:58408/api/task/vehicles/getVehicleInfoByDeviceKey?key=BROKERX-L2-0001
[17:51:58 INF] Sending HTTP request GET http://127.0.0.1:58408/api/task/vehicles/getVehicleInfoByDeviceKey?key=BROKERX-L2-0001
[17:51:58 INF] Received HTTP response headers after 0.4712ms - 200
[17:51:58 INF] End processing HTTP request after 1.1195ms - 200
[17:51:58 INF] Executed DbCommand (0ms) [Parameters=[], CommandType='Text', CommandTimeout='30']
SELECT "j"."DemandId", "j"."AcceptedAt", "j"."DecisionFingerprint", "j"."DemandCreatedAt", "j"."FirstSeenAt", "j"."LastSeenAt", "j"."ReasonCode", "j"."TransportDemandKey"
FROM "JourneyBacklog" AS "j"
[17:51:58 INF] Executed DbCommand (0ms) [Parameters=[], CommandType='Text', CommandTimeout='30']
SELECT "a"."DemandId"
FROM "AcceptedDemands" AS "a"
[17:51:58 INF] Executed DbCommand (0ms) [Parameters=[], CommandType='Text', CommandTimeout='30']
SELECT "t"."TransportDemandKey"
FROM "TransportDemandSuppressions" AS "t"
[17:51:58 INF] Executed DbCommand (0ms) [Parameters=[@p2='?' (Size = 36), @p0='?' (DbType = DateTimeOffset), @p1='?' (Size = 23)], CommandType='Text', CommandTimeout='30']
UPDATE "JourneyBacklog" SET "LastSeenAt" = @p0, "ReasonCode" = @p1
WHERE "DemandId" = @p2
RETURNING 1;
[17:51:58 INF] Executed DbCommand (0ms) [Parameters=[@__messageId_0='?' (Size = 36)], CommandType='Text', CommandTimeout='30']
SELECT "p"."MessageId", "p"."AcknowledgedAt", "p"."CreatedAt", "p"."FencedAt", "p"."MessageType", "p"."PayloadJson"
FROM "ProtocolOutbox" AS "p"
WHERE "p"."MessageId" = @__messageId_0
LIMIT 2
[17:51:58 INF] Executed DbCommand (0ms) [Parameters=[@__messageId_0='?' (Size = 36)], CommandType='Text', CommandTimeout='30']
SELECT "p"."MessageId", "p"."AcknowledgedAt", "p"."CreatedAt", "p"."FencedAt", "p"."MessageType", "p"."PayloadJson"
FROM "ProtocolOutbox" AS "p"
WHERE "p"."MessageId" = @__messageId_0
LIMIT 2
[17:51:58 INF] Executed DbCommand (0ms) [Parameters=[@p3='?' (Size = 36), @p0='?' (DbType = Int64), @p1='?' (DbType = Int64), @p2='?' (DbType = Int64)], CommandType='Text', CommandTimeout='30']
UPDATE "JourneyRuntimes" SET "PlanRevision" = @p0, "VehicleBusinessRevision" = @p1, "WorklistRevision" = @p2
WHERE "JourneyId" = @p3
RETURNING 1;
[17:51:58 INF] Executed DbCommand (0ms) [Parameters=[@p3='?' (Size = 36), @p4='?' (DbType = Int32), @p0='?' (DbType = Int64), @p1='?' (DbType = Int64), @p2='?' (DbType = Int64)], CommandType='Text', CommandTimeout='30']
UPDATE "JourneyStops" SET "PlanRevision" = @p0, "VehicleBusinessRevision" = @p1, "WorklistRevision" = @p2
WHERE "JourneyId" = @p3 AND "Sequence" = @p4
RETURNING 1;
[17:51:58 INF] Executed DbCommand (0ms) [Parameters=[@p0='?' (Size = 36), @p1='?' (DbType = DateTimeOffset), @p2='?' (DbType = DateTimeOffset), @p3='?' (DbType = DateTimeOffset), @p4='?' (Size = 28), @p5='?' (Size = 582)], CommandType='Text', CommandTimeout='30']
INSERT INTO "ProtocolOutbox" ("MessageId", "AcknowledgedAt", "CreatedAt", "FencedAt", "MessageType", "PayloadJson")
VALUES (@p0, @p1, @p2, @p3, @p4, @p5);
[17:51:58 INF] Executed DbCommand (0ms) [Parameters=[@__messageId_0='?' (Size = 36)], CommandType='Text', CommandTimeout='30']
SELECT "p"."MessageId", "p"."AcknowledgedAt", "p"."CreatedAt", "p"."FencedAt", "p"."MessageType", "p"."PayloadJson"
FROM "ProtocolOutbox" AS "p"
WHERE "p"."MessageId" = @__messageId_0
LIMIT 2
[17:51:58 INF] Executed DbCommand (0ms) [Parameters=[@__messageId_0='?' (Size = 36)], CommandType='Text', CommandTimeout='30']
SELECT "p"."MessageId", "p"."AcknowledgedAt", "p"."CreatedAt", "p"."FencedAt", "p"."MessageType", "p"."PayloadJson"
FROM "ProtocolOutbox" AS "p"
WHERE "p"."MessageId" = @__messageId_0
LIMIT 2
[17:51:58 INF] Executed DbCommand (1ms) [Parameters=[@p0='?' (Size = 36), @p1='?' (DbType = DateTimeOffset), @p2='?' (DbType = DateTimeOffset), @p3='?' (DbType = DateTimeOffset), @p4='?' (Size = 24), @p5='?' (Size = 888)], CommandType='Text', CommandTimeout='30']
INSERT INTO "ProtocolOutbox" ("MessageId", "AcknowledgedAt", "CreatedAt", "FencedAt", "MessageType", "PayloadJson")
VALUES (@p0, @p1, @p2, @p3, @p4, @p5);
[17:51:58 INF] Executed DbCommand (0ms) [Parameters=[@__messageId_0='?' (Size = 36)], CommandType='Text', CommandTimeout='30']
SELECT "p"."MessageId", "p"."ContentHash", "p"."FirstResponseJson", "p"."MessageType", "p"."ReceivedAt", "p"."RequestJson"
FROM "ProtocolInbox" AS "p"
WHERE "p"."MessageId" = @__messageId_0
LIMIT 2
[17:51:58 INF] Executed DbCommand (0ms) [Parameters=[@__messageId_0='?' (Size = 36)], CommandType='Text', CommandTimeout='30']
SELECT "p"."MessageId", "p"."AcknowledgedAt", "p"."CreatedAt", "p"."FencedAt", "p"."MessageType", "p"."PayloadJson"
FROM "ProtocolOutbox" AS "p"
WHERE "p"."MessageId" = @__messageId_0
LIMIT 2
[17:51:58 INF] Executed DbCommand (0ms) [Parameters=[@p1='?' (Size = 36), @p0='?' (DbType = DateTimeOffset)], CommandType='Text', CommandTimeout='30']
UPDATE "ProtocolOutbox" SET "AcknowledgedAt" = @p0
WHERE "MessageId" = @p1
RETURNING 1;
[17:51:58 INF] Executed DbCommand (0ms) [Parameters=[@__ids_0='?' (Size = 79)], CommandType='Text', CommandTimeout='30']
SELECT "a"."DemandId", "a"."AcceptedAt", "a"."CatalogRevision", "a"."CreatedAt", "a"."DemandRevision", "a"."Generation", "a"."HistoryEpoch", "a"."LiveMesFieldsJson", "a"."SeriesId", "a"."Status", "a"."Sublot", "a"."TransportDemandKey", "a"."ValueObservedAt", "a"."ValuePollTraceId", "a"."ValueProjectionCommitId", "a"."WorkType"
FROM "AcceptedDemands" AS "a"
WHERE "a"."DemandId" IN (
    SELECT "i"."value"
    FROM json_each(@__ids_0) AS "i"
)
[17:51:58 INF] Executed DbCommand (0ms) [Parameters=[@p0='?' (Size = 36), @p1='?' (Size = 64), @p2='?', @p3='?' (Size = 18), @p4='?' (DbType = DateTimeOffset), @p5='?' (Size = 634)], CommandType='Text', CommandTimeout='30']
INSERT INTO "ProtocolInbox" ("MessageId", "ContentHash", "FirstResponseJson", "MessageType", "ReceivedAt", "RequestJson")
VALUES (@p0, @p1, @p2, @p3, @p4, @p5);
[17:51:58 INF] Executed DbCommand (0ms) [Parameters=[@__messageId_0='?' (Size = 36)], CommandType='Text', CommandTimeout='30']
SELECT "p"."MessageId", "p"."ContentHash", "p"."FirstResponseJson", "p"."MessageType", "p"."ReceivedAt", "p"."RequestJson"
FROM "ProtocolInbox" AS "p"
WHERE "p"."MessageId" = @__messageId_0
LIMIT 2
[17:51:58 INF] Executed DbCommand (0ms) [Parameters=[@__messageId_0='?' (Size = 36)], CommandType='Text', CommandTimeout='30']
SELECT "p"."MessageId", "p"."AcknowledgedAt", "p"."CreatedAt", "p"."FencedAt", "p"."MessageType", "p"."PayloadJson"
FROM "ProtocolOutbox" AS "p"
WHERE "p"."MessageId" = @__messageId_0
LIMIT 2
[17:51:58 INF] Executed DbCommand (0ms) [Parameters=[@p1='?' (Size = 36), @p0='?' (DbType = DateTimeOffset)], CommandType='Text', CommandTimeout='30']
UPDATE "ProtocolOutbox" SET "AcknowledgedAt" = @p0
WHERE "MessageId" = @p1
RETURNING 1;
[17:51:58 INF] Executed DbCommand (0ms) [Parameters=[@p0='?' (Size = 36), @p1='?' (Size = 64), @p2='?', @p3='?' (Size = 18), @p4='?' (DbType = DateTimeOffset), @p5='?' (Size = 630)], CommandType='Text', CommandTimeout='30']
INSERT INTO "ProtocolInbox" ("MessageId", "ContentHash", "FirstResponseJson", "MessageType", "ReceivedAt", "RequestJson")
VALUES (@p0, @p1, @p2, @p3, @p4, @p5);
[17:51:58 INF] Executed DbCommand (0ms) [Parameters=[@__messageId_0='?' (Size = 36)], CommandType='Text', CommandTimeout='30']
SELECT "p"."MessageId", "p"."AcknowledgedAt", "p"."CreatedAt", "p"."FencedAt", "p"."MessageType", "p"."PayloadJson"
FROM "ProtocolOutbox" AS "p"
WHERE "p"."MessageId" = @__messageId_0
LIMIT 2
[17:51:58 INF] Executed DbCommand (0ms) [Parameters=[@__messageId_0='?' (Size = 36)], CommandType='Text', CommandTimeout='30']
SELECT "p"."MessageId", "p"."AcknowledgedAt", "p"."CreatedAt", "p"."FencedAt", "p"."MessageType", "p"."PayloadJson"
FROM "ProtocolOutbox" AS "p"
WHERE "p"."MessageId" = @__messageId_0
LIMIT 2
[17:51:58 INF] Executed DbCommand (0ms) [Parameters=[@p2='?' (Size = 36), @p3='?' (DbType = Int32), @p0='?' (DbType = Int32), @p1='?' (DbType = DateTimeOffset)], CommandType='Text', CommandTimeout='30']
UPDATE "JourneyStops" SET "LoadRound" = @p0, "SublotWaitStartedAt" = @p1
WHERE "JourneyId" = @p2 AND "Sequence" = @p3
RETURNING 1;
[17:51:58 INF] Executed DbCommand (0ms) [Parameters=[@p0='?' (Size = 36), @p1='?' (DbType = DateTimeOffset), @p2='?' (DbType = DateTimeOffset), @p3='?' (DbType = DateTimeOffset), @p4='?' (Size = 27), @p5='?' (Size = 821)], CommandType='Text', CommandTimeout='30']
INSERT INTO "ProtocolOutbox" ("MessageId", "AcknowledgedAt", "CreatedAt", "FencedAt", "MessageType", "PayloadJson")
VALUES (@p0, @p1, @p2, @p3, @p4, @p5);
[17:51:58 INF] Executed DbCommand (0ms) [Parameters=[@__messageId_0='?' (Size = 36)], CommandType='Text', CommandTimeout='30']
SELECT "p"."MessageId", "p"."AcknowledgedAt", "p"."CreatedAt", "p"."FencedAt", "p"."MessageType", "p"."PayloadJson"
FROM "ProtocolOutbox" AS "p"
WHERE "p"."MessageId" = @__messageId_0
LIMIT 2
[17:51:58 INF] Executed DbCommand (0ms) [Parameters=[@__messageId_0='?' (Size = 36)], CommandType='Text', CommandTimeout='30']
SELECT "p"."MessageId", "p"."AcknowledgedAt", "p"."CreatedAt", "p"."FencedAt", "p"."MessageType", "p"."PayloadJson"
FROM "ProtocolOutbox" AS "p"
WHERE "p"."MessageId" = @__messageId_0
LIMIT 2
[17:51:58 INF] Executed DbCommand (1ms) [Parameters=[@p0='?' (Size = 36), @p1='?' (DbType = DateTimeOffset), @p2='?' (DbType = DateTimeOffset), @p3='?' (DbType = DateTimeOffset), @p4='?' (Size = 20), @p5='?' (Size = 708)], CommandType='Text', CommandTimeout='30']
INSERT INTO "ProtocolOutbox" ("MessageId", "AcknowledgedAt", "CreatedAt", "FencedAt", "MessageType", "PayloadJson")
VALUES (@p0, @p1, @p2, @p3, @p4, @p5);
[17:51:58 INF] Executed DbCommand (0ms) [Parameters=[@__messageId_0='?' (Size = 36)], CommandType='Text', CommandTimeout='30']
SELECT "p"."MessageId", "p"."ContentHash", "p"."FirstResponseJson", "p"."MessageType", "p"."ReceivedAt", "p"."RequestJson"
FROM "ProtocolInbox" AS "p"
WHERE "p"."MessageId" = @__messageId_0
LIMIT 2
[17:51:58 INF] Executed DbCommand (0ms) [Parameters=[@p2='?' (Size = 36), @p0='?' (Size = 14), @p1='?' (DbType = DateTimeOffset)], CommandType='Text', CommandTimeout='30']
UPDATE "JourneyRuntimes" SET "Stage" = @p0, "UpdatedAt" = @p1
WHERE "JourneyId" = @p2
RETURNING 1;
[17:51:58 INF] Executed DbCommand (0ms) [Parameters=[@p1='?' (Size = 36), @p2='?' (DbType = Int32), @p0='?' (DbType = DateTimeOffset)], CommandType='Text', CommandTimeout='30']
UPDATE "JourneyStops" SET "UpdatedAt" = @p0
WHERE "JourneyId" = @p1 AND "Sequence" = @p2
RETURNING 1;
[17:51:59 INF] Executed DbCommand (0ms) [Parameters=[@__messageId_0='?' (Size = 36)], CommandType='Text', CommandTimeout='30']
SELECT "p"."MessageId", "p"."AcknowledgedAt", "p"."CreatedAt", "p"."FencedAt", "p"."MessageType", "p"."PayloadJson"
FROM "ProtocolOutbox" AS "p"
WHERE "p"."MessageId" = @__messageId_0
LIMIT 2
[17:51:59 INF] Executed DbCommand (0ms) [Parameters=[@p1='?' (Size = 36), @p0='?' (DbType = DateTimeOffset)], CommandType='Text', CommandTimeout='30']
UPDATE "ProtocolOutbox" SET "AcknowledgedAt" = @p0
WHERE "MessageId" = @p1
RETURNING 1;
[17:51:59 INF] Executed DbCommand (0ms) [Parameters=[@p0='?' (Size = 36), @p1='?' (Size = 64), @p2='?', @p3='?' (Size = 18), @p4='?' (DbType = DateTimeOffset), @p5='?' (Size = 633)], CommandType='Text', CommandTimeout='30']
INSERT INTO "ProtocolInbox" ("MessageId", "ContentHash", "FirstResponseJson", "MessageType", "ReceivedAt", "RequestJson")
VALUES (@p0, @p1, @p2, @p3, @p4, @p5);
[17:51:59 INF] Executed DbCommand (0ms) [Parameters=[@__messageId_0='?' (Size = 36)], CommandType='Text', CommandTimeout='30']
SELECT "p"."MessageId", "p"."ContentHash", "p"."FirstResponseJson", "p"."MessageType", "p"."ReceivedAt", "p"."RequestJson"
FROM "ProtocolInbox" AS "p"
WHERE "p"."MessageId" = @__messageId_0
LIMIT 2
[17:51:59 INF] Executed DbCommand (0ms) [Parameters=[@p0='?' (Size = 36), @p1='?' (Size = 64), @p2='?' (Size = 663), @p3='?' (Size = 15), @p4='?' (DbType = DateTimeOffset), @p5='?' (Size = 737)], CommandType='Text', CommandTimeout='30']
INSERT INTO "ProtocolInbox" ("MessageId", "ContentHash", "FirstResponseJson", "MessageType", "ReceivedAt", "RequestJson")
VALUES (@p0, @p1, @p2, @p3, @p4, @p5);
[17:51:59 INF] Start processing HTTP request GET http://127.0.0.1:58408/api/task/v1/task/getVehicleInfo/BROKERX-L2-0001
[17:51:59 INF] Sending HTTP request GET http://127.0.0.1:58408/api/task/v1/task/getVehicleInfo/BROKERX-L2-0001
[17:51:59 INF] Received HTTP response headers after 0.5005ms - 200
[17:51:59 INF] End processing HTTP request after 1.7835ms - 200
[17:51:59 INF] Start processing HTTP request GET http://127.0.0.1:58408/api/order/v1/orderRecord?pageNum=1&pageSize=100&filterByState=1&filterByState=3&filterByState=7&filterByState=9
[17:51:59 INF] Sending HTTP request GET http://127.0.0.1:58408/api/order/v1/orderRecord?pageNum=1&pageSize=100&filterByState=1&filterByState=3&filterByState=7&filterByState=9
[17:51:59 INF] Received HTTP response headers after 0.4663ms - 200
[17:51:59 INF] End processing HTTP request after 1.4196ms - 200
[17:51:59 INF] HTTP GET /api/onboard/v1/vehicle-safety responded 200 in 4.5431 ms
[17:52:00 INF] Start processing HTTP request GET http://127.0.0.1:58408/api/task/v1/task/getVehicleInfo/BROKERX-L2-0001
[17:52:00 INF] Sending HTTP request GET http://127.0.0.1:58408/api/task/v1/task/getVehicleInfo/BROKERX-L2-0001
[17:52:00 INF] Received HTTP response headers after 0.5117ms - 200
[17:52:00 INF] End processing HTTP request after 3.7273ms - 200
[17:52:00 INF] Start processing HTTP request GET http://127.0.0.1:58408/api/order/v1/orderRecord?pageNum=1&pageSize=100&filterByState=1&filterByState=3&filterByState=7&filterByState=9
[17:52:00 INF] Sending HTTP request GET http://127.0.0.1:58408/api/order/v1/orderRecord?pageNum=1&pageSize=100&filterByState=1&filterByState=3&filterByState=7&filterByState=9
[17:52:00 INF] Received HTTP response headers after 0.399ms - 200
[17:52:00 INF] End processing HTTP request after 1.1702ms - 200
[17:52:00 INF] HTTP GET /api/onboard/v1/vehicle-safety responded 200 in 6.1375 ms
[17:52:00 INF] Start processing HTTP request GET http://127.0.0.1:58408/api/imap/v1/mapInfo/stations/25
[17:52:00 INF] Sending HTTP request GET http://127.0.0.1:58408/api/imap/v1/mapInfo/stations/25
[17:52:00 INF] Received HTTP response headers after 0.5343ms - 200
[17:52:00 INF] End processing HTTP request after 3.7878ms - 200
[17:52:00 INF] Executed DbCommand (0ms) [Parameters=[], CommandType='Text', CommandTimeout='30']
SELECT "a"."Id", "a"."ContentHash", "a"."DeploymentId", "a"."ImportedAt", "a"."Version"
FROM "AdmissionPolicyState" AS "a"
WHERE "a"."Id" = 1
LIMIT 2
[17:52:00 INF] Executed DbCommand (0ms) [Parameters=[], CommandType='Text', CommandTimeout='30']
SELECT "j"."JourneyId", "j"."AgvId", "j"."AgvLifecycleGeneration", "j"."BlockReasonCode", "j"."CreatedAt", "j"."CurrentStopSequence", "j"."DispatchGeneration", "j"."DispatchZone", "j"."GateStationId", "j"."GateStationRiotId", "j"."HoldingStartedAt", "j"."LoadingClosedReason", "j"."MapId", "j"."MapIdentity", "j"."NextStopSequence", "j"."OperationSessionId", "j"."PlanRevision", "j"."Stage", "j"."UpdatedAt", "j"."VehicleBusinessRevision", "j"."VehicleKey", "j"."WorklistRevision"
FROM "JourneyRuntimes" AS "j"
WHERE "j"."Stage" <> 'Completed'
[17:52:00 INF] Executed DbCommand (0ms) [Parameters=[@__runtime_JourneyId_0='?' (Size = 36)], CommandType='Text', CommandTimeout='30']
SELECT "j"."JourneyId", "j"."Sequence", "j"."ConsumedSafetyResultMessageId", "j"."CreatedAt", "j"."LegType", "j"."LoadRound", "j"."MovementLegId", "j"."PlanMessageId", "j"."PlanRevision", "j"."PreDepartureSafetyCheckId", "j"."PreDepartureSafetyCheckMessageId", "j"."Role", "j"."RouteEvidenceId", "j"."State", "j"."StationId", "j"."StationRiotId", "j"."SublotWaitStartedAt", "j"."UpdatedAt", "j"."UpperId", "j"."VehicleBusinessMessageId", "j"."VehicleBusinessRevision", "j"."WorklistRevision"
FROM "JourneyStops" AS "j"
WHERE "j"."JourneyId" = @__runtime_JourneyId_0
[17:52:00 INF] Executed DbCommand (0ms) [Parameters=[@__runtime_JourneyId_0='?' (Size = 36)], CommandType='Text', CommandTimeout='30']
SELECT "j"."JourneyId", "j"."DemandId", "j"."ConsumedSublotMessageId", "j"."CreatedAt", "j"."ExpectedBasketCount", "j"."LoadCommandMessageId", "j"."LoadCommandedAt", "j"."LoadSlotOperationAttemptId", "j"."LoadedAt", "j"."State", "j"."StopSequence", "j"."TargetSlotsJson", "j"."UnloadCommandMessageId", "j"."UnloadCommandedAt", "j"."UnloadSlotOperationAttemptId"
FROM "JourneyDemands" AS "j"
WHERE "j"."JourneyId" = @__runtime_JourneyId_0
[17:52:00 INF] Executed DbCommand (0ms) [Parameters=[@__agvId_0='?' (Size = 10)], CommandType='Text', CommandTimeout='30']
SELECT "s"."AgvId", "s"."ActiveUnlockSlotsJson", "s"."CapabilityHash", "s"."CapabilityRevision", "s"."DepartureSafe", "s"."ForcedRecoveryGeneration", "s"."ManifestSha256", "s"."PendingAttemptIdsJson", "s"."PendingResultIdsJson", "s"."ProfileId", "s"."ProtocolCommit", "s"."ProtocolVersion", "s"."ProvenRecoveryCheckpoint", "s"."Readiness", "s"."ReasonCode", "s"."RecoveryReportId", "s"."ReportedForcedRecoveryGeneration", "s"."SafetyHash", "s"."SafetyReasonCodesJson", "s"."SafetyRevision", "s"."SafetyUnknownPresent", "s"."SessionGeneration", "s"."UnsettledSlotOperationAttemptId", "s"."UpdatedAt"
FROM "SessionRecoveries" AS "s"
WHERE "s"."AgvId" = @__agvId_0 AND "s"."Readiness" = 'Ready'
LIMIT 2
[17:52:00 INF] Executed DbCommand (0ms) [Parameters=[], CommandType='Text', CommandTimeout='30']
SELECT "p"."MessageId", "p"."AcknowledgedAt", "p"."CreatedAt", "p"."FencedAt", "p"."MessageType", "p"."PayloadJson"
FROM "ProtocolOutbox" AS "p"
WHERE "p"."AcknowledgedAt" IS NULL AND "p"."FencedAt" IS NULL
[17:52:00 INF] Executed DbCommand (0ms) [Parameters=[@__ids_0='?' (Size = 79)], CommandType='Text', CommandTimeout='30']
SELECT "a"."DemandId", "a"."AcceptedAt", "a"."CatalogRevision", "a"."CreatedAt", "a"."DemandRevision", "a"."Generation", "a"."HistoryEpoch", "a"."LiveMesFieldsJson", "a"."SeriesId", "a"."Status", "a"."Sublot", "a"."TransportDemandKey", "a"."ValueObservedAt", "a"."ValuePollTraceId", "a"."ValueProjectionCommitId", "a"."WorkType"
FROM "AcceptedDemands" AS "a"
WHERE "a"."DemandId" IN (
    SELECT "i"."value"
    FROM json_each(@__ids_0) AS "i"
)
[17:52:00 INF] Executed DbCommand (0ms) [Parameters=[@__operationSessionId_0='?' (Size = 36)], CommandType='Text', CommandTimeout='30']
SELECT "p"."MessageId", "p"."ContentHash", "p"."FirstResponseJson", "p"."MessageType", "p"."ReceivedAt", "p"."RequestJson"
FROM "ProtocolInbox" AS "p"
WHERE "p"."MessageType" = 'SublotSubmitted' AND instr("p"."RequestJson", @__operationSessionId_0) > 0
[17:52:00 INF] Executed DbCommand (0ms) [Parameters=[@__stationId_0='?' (Size = 9), @__taskType_1='?' (Size = 12)], CommandType='Text', CommandTimeout='30']
SELECT EXISTS (
    SELECT 1
    FROM "StationTaskTypeAdmissions" AS "s"
    WHERE "s"."StationId" = @__stationId_0 AND "s"."TaskType" = @__taskType_1)
[17:52:00 INF] Executed DbCommand (0ms) [Parameters=[@__entered_DemandId_0='?' (Size = 36)], CommandType='Text', CommandTimeout='30']
SELECT "a"."DemandId", "a"."AcceptedAt", "a"."CatalogRevision", "a"."CreatedAt", "a"."DemandRevision", "a"."Generation", "a"."HistoryEpoch", "a"."LiveMesFieldsJson", "a"."SeriesId", "a"."Status", "a"."Sublot", "a"."TransportDemandKey", "a"."ValueObservedAt", "a"."ValuePollTraceId", "a"."ValueProjectionCommitId", "a"."WorkType"
FROM "AcceptedDemands" AS "a"
WHERE "a"."DemandId" = @__entered_DemandId_0
LIMIT 2
[17:52:00 INF] Executed DbCommand (0ms) [Parameters=[@__stationId_0='?' (Size = 9), @__taskType_1='?' (Size = 12)], CommandType='Text', CommandTimeout='30']
SELECT EXISTS (
    SELECT 1
    FROM "StationTaskTypeAdmissions" AS "s"
    WHERE "s"."StationId" = @__stationId_0 AND "s"."TaskType" = @__taskType_1)
[17:52:00 INF] Executed DbCommand (0ms) [Parameters=[], CommandType='Text', CommandTimeout='30']
SELECT "p"."RuleId", "p"."EffectiveAt", "p"."MatchType", "p"."MaxBoxesPerBasket", "p"."Pattern", "p"."Source", "p"."SupersededAt", "p"."Version"
FROM "PackageCapacityRules" AS "p"
WHERE "p"."SupersededAt" IS NULL
[17:52:00 INF] Executed DbCommand (0ms) [Parameters=[@__package_0='?' (Size = 10)], CommandType='Text', CommandTimeout='30']
SELECT "m"."Package", "m"."FirstSeenAt", "m"."LastSeenAt", "m"."Status"
FROM "MissingPackages" AS "m"
WHERE "m"."Package" = @__package_0
LIMIT 2
[17:52:00 INF] Start processing HTTP request GET http://127.0.0.1:58409/api/v2/sublot-box-count?sublot=L2-FWC-J-N1-3-20260912T095122103Z
[17:52:00 INF] Sending HTTP request GET http://127.0.0.1:58409/api/v2/sublot-box-count?sublot=L2-FWC-J-N1-3-20260912T095122103Z
[17:52:00 INF] Received HTTP response headers after 0.9586ms - 200
[17:52:00 INF] End processing HTTP request after 1.7645ms - 200
[17:52:00 INF] Executed DbCommand (0ms) [Parameters=[@__demand_DemandId_0='?' (Size = 36)], CommandType='Text', CommandTimeout='30']
SELECT "a"."DemandId", "a"."AcceptedAt", "a"."CatalogRevision", "a"."CreatedAt", "a"."DemandRevision", "a"."Generation", "a"."HistoryEpoch", "a"."LiveMesFieldsJson", "a"."SeriesId", "a"."Status", "a"."Sublot", "a"."TransportDemandKey", "a"."ValueObservedAt", "a"."ValuePollTraceId", "a"."ValueProjectionCommitId", "a"."WorkType"
FROM "AcceptedDemands" AS "a"
WHERE "a"."DemandId" = @__demand_DemandId_0
LIMIT 2
[17:52:00 INF] Executed DbCommand (0ms) [Parameters=[@__messageId_0='?' (Size = 36)], CommandType='Text', CommandTimeout='30']
SELECT "p"."MessageId", "p"."AcknowledgedAt", "p"."CreatedAt", "p"."FencedAt", "p"."MessageType", "p"."PayloadJson"
FROM "ProtocolOutbox" AS "p"
WHERE "p"."MessageId" = @__messageId_0
LIMIT 2
[17:52:00 INF] Executed DbCommand (0ms) [Parameters=[@__plan_SlotOperationAttemptId_0='?' (Size = 36)], CommandType='Text', CommandTimeout='30']
SELECT "s"."SlotOperationAttemptId", "s"."CommittedAt", "s"."ContentHash", "s"."CreatedAt", "s"."DemandId", "s"."EvidenceJson", "s"."ForcedRecoveryGeneration", "s"."OperationType", "s"."Status", "s"."SublotId", "s"."TargetSlotsJson"
FROM "StationOperations" AS "s"
WHERE "s"."SlotOperationAttemptId" = @__plan_SlotOperationAttemptId_0
LIMIT 2
[17:52:00 INF] Executed DbCommand (0ms) [Parameters=[@__messageId_0='?' (Size = 36)], CommandType='Text', CommandTimeout='30']
SELECT EXISTS (
    SELECT 1
    FROM "ProtocolOutbox" AS "p"
    WHERE "p"."MessageId" = @__messageId_0)
[17:52:00 INF] Executed DbCommand (0ms) [Parameters=[], CommandType='Text', CommandTimeout='30']
SELECT "a"."Id", "a"."ContentHash", "a"."DeploymentId", "a"."ImportedAt", "a"."Version"
FROM "AdmissionPolicyState" AS "a"
WHERE "a"."Id" = 1
LIMIT 2
[17:52:00 INF] Executed DbCommand (0ms) [Parameters=[@__plan_AdmissionStationId_0='?' (Size = 9), @__plan_AdmissionTaskType_1='?' (Size = 12)], CommandType='Text', CommandTimeout='30']
SELECT EXISTS (
    SELECT 1
    FROM "StationTaskTypeAdmissions" AS "s"
    WHERE "s"."StationId" = @__plan_AdmissionStationId_0 AND "s"."TaskType" = @__plan_AdmissionTaskType_1)
[17:52:00 INF] Executed DbCommand (0ms) [Parameters=[@__messageId_0='?' (Size = 36)], CommandType='Text', CommandTimeout='30']
SELECT "p"."MessageId", "p"."ContentHash", "p"."FirstResponseJson", "p"."MessageType", "p"."ReceivedAt", "p"."RequestJson"
FROM "ProtocolInbox" AS "p"
WHERE "p"."MessageId" = @__messageId_0
LIMIT 2
[17:52:00 INF] Executed DbCommand (0ms) [Parameters=[@p0='?' (Size = 36), @p1='?' (DbType = Int64), @p2='?' (DbType = DateTimeOffset), @p3='?' (DbType = Boolean), @p4='?' (Size = 9), @p5='?' (Size = 12)], CommandType='Text', CommandTimeout='30']
INSERT INTO "AdmissionDecisionSnapshots" ("SlotOperationAttemptId", "AdmissionPolicyVersion", "AdmittedAt", "Allowed", "StationId", "TaskType")
VALUES (@p0, @p1, @p2, @p3, @p4, @p5);
[17:52:00 INF] Executed DbCommand (0ms) [Parameters=[@p0='?' (Size = 36), @p1='?' (DbType = DateTimeOffset), @p2='?' (DbType = DateTimeOffset), @p3='?' (DbType = DateTimeOffset), @p4='?' (Size = 20), @p5='?' (Size = 790)], CommandType='Text', CommandTimeout='30']
INSERT INTO "ProtocolOutbox" ("MessageId", "AcknowledgedAt", "CreatedAt", "FencedAt", "MessageType", "PayloadJson")
VALUES (@p0, @p1, @p2, @p3, @p4, @p5);
[17:52:00 INF] Executed DbCommand (0ms) [Parameters=[@p0='?' (Size = 36), @p1='?' (DbType = DateTimeOffset), @p2='?' (Size = 64), @p3='?' (DbType = DateTimeOffset), @p4='?' (Size = 36), @p5='?', @p6='?' (DbType = Int64), @p7='?' (Size = 4), @p8='?' (Size = 8), @p9='?' (Size = 33), @p10='?' (Size = 3)], CommandType='Text', CommandTimeout='30']
INSERT INTO "StationOperations" ("SlotOperationAttemptId", "CommittedAt", "ContentHash", "CreatedAt", "DemandId", "EvidenceJson", "ForcedRecoveryGeneration", "OperationType", "Status", "SublotId", "TargetSlotsJson")
VALUES (@p0, @p1, @p2, @p3, @p4, @p5, @p6, @p7, @p8, @p9, @p10);
[17:52:00 INF] Executed DbCommand (0ms) [Parameters=[@__messageId_0='?' (Size = 36)], CommandType='Text', CommandTimeout='30']
SELECT "p"."MessageId", "p"."AcknowledgedAt", "p"."CreatedAt", "p"."FencedAt", "p"."MessageType", "p"."PayloadJson"
FROM "ProtocolOutbox" AS "p"
WHERE "p"."MessageId" = @__messageId_0
LIMIT 2
[17:52:00 INF] Executed DbCommand (0ms) [Parameters=[@p2='?' (Size = 36), @p3='?' (Size = 36), @p0='?' (Size = 36), @p1='?' (DbType = DateTimeOffset)], CommandType='Text', CommandTimeout='30']
UPDATE "JourneyDemands" SET "ConsumedSublotMessageId" = @p0, "LoadCommandedAt" = @p1
WHERE "DemandId" = @p2 AND "JourneyId" = @p3
RETURNING 1;
[17:52:00 INF] Executed DbCommand (0ms) [Parameters=[@p1='?' (Size = 36), @p0='?' (DbType = DateTimeOffset)], CommandType='Text', CommandTimeout='30']
UPDATE "ProtocolOutbox" SET "AcknowledgedAt" = @p0
WHERE "MessageId" = @p1
RETURNING 1;
[17:52:00 INF] Executed DbCommand (0ms) [Parameters=[@p2='?' (Size = 36), @p0='?' (Size = 18), @p1='?' (DbType = DateTimeOffset)], CommandType='Text', CommandTimeout='30']
UPDATE "JourneyRuntimes" SET "Stage" = @p0, "UpdatedAt" = @p1
WHERE "JourneyId" = @p2
RETURNING 1;
[17:52:00 INF] Executed DbCommand (0ms) [Parameters=[@p1='?' (Size = 36), @p2='?' (DbType = Int32), @p0='?' (DbType = DateTimeOffset)], CommandType='Text', CommandTimeout='30']
UPDATE "JourneyStops" SET "UpdatedAt" = @p0
WHERE "JourneyId" = @p1 AND "Sequence" = @p2
RETURNING 1;
[17:52:00 INF] Executed DbCommand (0ms) [Parameters=[@p0='?' (Size = 36), @p1='?' (Size = 64), @p2='?' (Size = 536), @p3='?' (Size = 9), @p4='?' (DbType = DateTimeOffset), @p5='?' (Size = 427)], CommandType='Text', CommandTimeout='30']
INSERT INTO "ProtocolInbox" ("MessageId", "ContentHash", "FirstResponseJson", "MessageType", "ReceivedAt", "RequestJson")
VALUES (@p0, @p1, @p2, @p3, @p4, @p5);
[17:52:00 INF] Executed DbCommand (0ms) [Parameters=[@__messageId_0='?' (Size = 36)], CommandType='Text', CommandTimeout='30']
SELECT "p"."MessageId", "p"."ContentHash", "p"."FirstResponseJson", "p"."MessageType", "p"."ReceivedAt", "p"."RequestJson"
FROM "ProtocolInbox" AS "p"
WHERE "p"."MessageId" = @__messageId_0
LIMIT 2
[17:52:00 INF] Executed DbCommand (0ms) [Parameters=[@p0='?' (Size = 36), @p1='?' (Size = 64), @p2='?' (Size = 665), @p3='?' (Size = 17), @p4='?' (DbType = DateTimeOffset), @p5='?' (Size = 571)], CommandType='Text', CommandTimeout='30']
INSERT INTO "ProtocolInbox" ("MessageId", "ContentHash", "FirstResponseJson", "MessageType", "ReceivedAt", "RequestJson")
VALUES (@p0, @p1, @p2, @p3, @p4, @p5);
[17:52:01 INF] Executed DbCommand (0ms) [Parameters=[@__messageId_0='?' (Size = 36)], CommandType='Text', CommandTimeout='30']
SELECT "p"."MessageId", "p"."ContentHash", "p"."FirstResponseJson", "p"."MessageType", "p"."ReceivedAt", "p"."RequestJson"
FROM "ProtocolInbox" AS "p"
WHERE "p"."MessageId" = @__messageId_0
LIMIT 2
[17:52:01 INF] Executed DbCommand (0ms) [Parameters=[@p0='?' (Size = 36), @p1='?' (Size = 64), @p2='?' (Size = 665), @p3='?' (Size = 17), @p4='?' (DbType = DateTimeOffset), @p5='?' (Size = 572)], CommandType='Text', CommandTimeout='30']
INSERT INTO "ProtocolInbox" ("MessageId", "ContentHash", "FirstResponseJson", "MessageType", "ReceivedAt", "RequestJson")
VALUES (@p0, @p1, @p2, @p3, @p4, @p5);
[17:52:01 INF] Executed DbCommand (0ms) [Parameters=[@__messageId_0='?' (Size = 36)], CommandType='Text', CommandTimeout='30']
SELECT "p"."MessageId", "p"."ContentHash", "p"."FirstResponseJson", "p"."MessageType", "p"."ReceivedAt", "p"."RequestJson"
FROM "ProtocolInbox" AS "p"
WHERE "p"."MessageId" = @__messageId_0
LIMIT 2
[17:52:01 INF] Executed DbCommand (0ms) [Parameters=[@__agvId_0='?' (Size = 10)], CommandType='Text', CommandTimeout='30']
SELECT "s"."AgvId", "s"."ActiveUnlockSlotsJson", "s"."CapabilityHash", "s"."CapabilityRevision", "s"."DepartureSafe", "s"."ForcedRecoveryGeneration", "s"."ManifestSha256", "s"."PendingAttemptIdsJson", "s"."PendingResultIdsJson", "s"."ProfileId", "s"."ProtocolCommit", "s"."ProtocolVersion", "s"."ProvenRecoveryCheckpoint", "s"."Readiness", "s"."ReasonCode", "s"."RecoveryReportId", "s"."ReportedForcedRecoveryGeneration", "s"."SafetyHash", "s"."SafetyReasonCodesJson", "s"."SafetyRevision", "s"."SafetyUnknownPresent", "s"."SessionGeneration", "s"."UnsettledSlotOperationAttemptId", "s"."UpdatedAt"
FROM "SessionRecoveries" AS "s"
WHERE "s"."AgvId" = @__agvId_0
LIMIT 2
[17:52:01 INF] Executed DbCommand (0ms) [Parameters=[@p7='?' (Size = 10), @p0='?' (DbType = Boolean), @p1='?' (Size = 16), @p2='?' (Size = 20), @p3='?' (Size = 64), @p4='?' (Size = 27), @p5='?' (DbType = Int64), @p6='?' (DbType = DateTimeOffset)], CommandType='Text', CommandTimeout='30']
UPDATE "SessionRecoveries" SET "DepartureSafe" = @p0, "Readiness" = @p1, "ReasonCode" = @p2, "SafetyHash" = @p3, "SafetyReasonCodesJson" = @p4, "SafetyRevision" = @p5, "UpdatedAt" = @p6
WHERE "AgvId" = @p7
RETURNING 1;
[17:52:01 INF] Executed DbCommand (0ms) [Parameters=[@__agvId_0='?' (Size = 10)], CommandType='Text', CommandTimeout='30']
SELECT "s"."AgvId", "s"."ActiveUnlockSlotsJson", "s"."CapabilityHash", "s"."CapabilityRevision", "s"."DepartureSafe", "s"."ForcedRecoveryGeneration", "s"."ManifestSha256", "s"."PendingAttemptIdsJson", "s"."PendingResultIdsJson", "s"."ProfileId", "s"."ProtocolCommit", "s"."ProtocolVersion", "s"."ProvenRecoveryCheckpoint", "s"."Readiness", "s"."ReasonCode", "s"."RecoveryReportId", "s"."ReportedForcedRecoveryGeneration", "s"."SafetyHash", "s"."SafetyReasonCodesJson", "s"."SafetyRevision", "s"."SafetyUnknownPresent", "s"."SessionGeneration", "s"."UnsettledSlotOperationAttemptId", "s"."UpdatedAt"
FROM "SessionRecoveries" AS "s"
WHERE "s"."AgvId" = @__agvId_0
LIMIT 2
[17:52:01 INF] Executed DbCommand (0ms) [Parameters=[@__row_AgvId_0='?' (Size = 10)], CommandType='Text', CommandTimeout='30']
SELECT EXISTS (
    SELECT 1
    FROM "StationOperations" AS "s"
    INNER JOIN "JourneyDemands" AS "j" ON "s"."DemandId" = "j"."DemandId"
    INNER JOIN "JourneyRuntimes" AS "j0" ON "j"."JourneyId" = "j0"."JourneyId"
    WHERE "j0"."AgvId" = @__row_AgvId_0 AND "s"."Status" = 'Prepared')
[17:52:01 INF] Executed DbCommand (0ms) [Parameters=[@__agvId_0='?' (Size = 10)], CommandType='Text', CommandTimeout='30']
SELECT EXISTS (
    SELECT 1
    FROM "StationOperations" AS "s"
    INNER JOIN "JourneyDemands" AS "j" ON "s"."DemandId" = "j"."DemandId"
    INNER JOIN "JourneyRuntimes" AS "j0" ON "j"."JourneyId" = "j0"."JourneyId"
    WHERE "j0"."AgvId" = @__agvId_0 AND "s"."Status" = 'RecoveryRequired')
[17:52:01 INF] Executed DbCommand (0ms) [Parameters=[@p3='?' (Size = 10), @p0='?' (Size = 5), @p1='?' (Size = 5), @p2='?' (DbType = DateTimeOffset)], CommandType='Text', CommandTimeout='30']
UPDATE "SessionRecoveries" SET "Readiness" = @p0, "ReasonCode" = @p1, "UpdatedAt" = @p2
WHERE "AgvId" = @p3
RETURNING 1;
[17:52:01 INF] Executed DbCommand (0ms) [Parameters=[@p0='?' (Size = 36), @p1='?' (Size = 64), @p2='?' (Size = 1235), @p3='?' (Size = 18), @p4='?' (DbType = DateTimeOffset), @p5='?' (Size = 680)], CommandType='Text', CommandTimeout='30']
INSERT INTO "ProtocolInbox" ("MessageId", "ContentHash", "FirstResponseJson", "MessageType", "ReceivedAt", "RequestJson")
VALUES (@p0, @p1, @p2, @p3, @p4, @p5);
[17:52:01 INF] Executed DbCommand (0ms) [Parameters=[@__messageId_0='?' (Size = 36)], CommandType='Text', CommandTimeout='30']
SELECT "p"."MessageId", "p"."ContentHash", "p"."FirstResponseJson", "p"."MessageType", "p"."ReceivedAt", "p"."RequestJson"
FROM "ProtocolInbox" AS "p"
WHERE "p"."MessageId" = @__messageId_0
LIMIT 2
[17:52:01 INF] Executed DbCommand (0ms) [Parameters=[@__agvId_0='?' (Size = 10)], CommandType='Text', CommandTimeout='30']
SELECT "s"."AgvId", "s"."ActiveUnlockSlotsJson", "s"."CapabilityHash", "s"."CapabilityRevision", "s"."DepartureSafe", "s"."ForcedRecoveryGeneration", "s"."ManifestSha256", "s"."PendingAttemptIdsJson", "s"."PendingResultIdsJson", "s"."ProfileId", "s"."ProtocolCommit", "s"."ProtocolVersion", "s"."ProvenRecoveryCheckpoint", "s"."Readiness", "s"."ReasonCode", "s"."RecoveryReportId", "s"."ReportedForcedRecoveryGeneration", "s"."SafetyHash", "s"."SafetyReasonCodesJson", "s"."SafetyRevision", "s"."SafetyUnknownPresent", "s"."SessionGeneration", "s"."UnsettledSlotOperationAttemptId", "s"."UpdatedAt"
FROM "SessionRecoveries" AS "s"
WHERE "s"."AgvId" = @__agvId_0
LIMIT 2
[17:52:01 INF] Executed DbCommand (0ms) [Parameters=[@p6='?' (Size = 10), @p0='?' (Size = 16), @p1='?' (Size = 20), @p2='?' (Size = 64), @p3='?' (Size = 45), @p4='?' (DbType = Int64), @p5='?' (DbType = DateTimeOffset)], CommandType='Text', CommandTimeout='30']
UPDATE "SessionRecoveries" SET "Readiness" = @p0, "ReasonCode" = @p1, "SafetyHash" = @p2, "SafetyReasonCodesJson" = @p3, "SafetyRevision" = @p4, "UpdatedAt" = @p5
WHERE "AgvId" = @p6
RETURNING 1;
[17:52:01 INF] Executed DbCommand (0ms) [Parameters=[@__agvId_0='?' (Size = 10)], CommandType='Text', CommandTimeout='30']
SELECT "s"."AgvId", "s"."ActiveUnlockSlotsJson", "s"."CapabilityHash", "s"."CapabilityRevision", "s"."DepartureSafe", "s"."ForcedRecoveryGeneration", "s"."ManifestSha256", "s"."PendingAttemptIdsJson", "s"."PendingResultIdsJson", "s"."ProfileId", "s"."ProtocolCommit", "s"."ProtocolVersion", "s"."ProvenRecoveryCheckpoint", "s"."Readiness", "s"."ReasonCode", "s"."RecoveryReportId", "s"."ReportedForcedRecoveryGeneration", "s"."SafetyHash", "s"."SafetyReasonCodesJson", "s"."SafetyRevision", "s"."SafetyUnknownPresent", "s"."SessionGeneration", "s"."UnsettledSlotOperationAttemptId", "s"."UpdatedAt"
FROM "SessionRecoveries" AS "s"
WHERE "s"."AgvId" = @__agvId_0
LIMIT 2
[17:52:01 INF] Executed DbCommand (0ms) [Parameters=[@__row_AgvId_0='?' (Size = 10)], CommandType='Text', CommandTimeout='30']
SELECT EXISTS (
    SELECT 1
    FROM "StationOperations" AS "s"
    INNER JOIN "JourneyDemands" AS "j" ON "s"."DemandId" = "j"."DemandId"
    INNER JOIN "JourneyRuntimes" AS "j0" ON "j"."JourneyId" = "j0"."JourneyId"
    WHERE "j0"."AgvId" = @__row_AgvId_0 AND "s"."Status" = 'Prepared')
[17:52:01 INF] Executed DbCommand (0ms) [Parameters=[@__agvId_0='?' (Size = 10)], CommandType='Text', CommandTimeout='30']
SELECT EXISTS (
    SELECT 1
    FROM "StationOperations" AS "s"
    INNER JOIN "JourneyDemands" AS "j" ON "s"."DemandId" = "j"."DemandId"
    INNER JOIN "JourneyRuntimes" AS "j0" ON "j"."JourneyId" = "j0"."JourneyId"
    WHERE "j0"."AgvId" = @__agvId_0 AND "s"."Status" = 'RecoveryRequired')
[17:52:01 INF] Executed DbCommand (0ms) [Parameters=[@p3='?' (Size = 10), @p0='?' (Size = 5), @p1='?' (Size = 5), @p2='?' (DbType = DateTimeOffset)], CommandType='Text', CommandTimeout='30']
UPDATE "SessionRecoveries" SET "Readiness" = @p0, "ReasonCode" = @p1, "UpdatedAt" = @p2
WHERE "AgvId" = @p3
RETURNING 1;
[17:52:01 INF] Executed DbCommand (0ms) [Parameters=[@p0='?' (Size = 36), @p1='?' (Size = 64), @p2='?' (Size = 1234), @p3='?' (Size = 18), @p4='?' (DbType = DateTimeOffset), @p5='?' (Size = 699)], CommandType='Text', CommandTimeout='30']
INSERT INTO "ProtocolInbox" ("MessageId", "ContentHash", "FirstResponseJson", "MessageType", "ReceivedAt", "RequestJson")
VALUES (@p0, @p1, @p2, @p3, @p4, @p5);
[17:52:01 INF] Start processing HTTP request GET http://127.0.0.1:58408/api/task/v1/task/getVehicleInfo/BROKERX-L2-0001
[17:52:01 INF] Sending HTTP request GET http://127.0.0.1:58408/api/task/v1/task/getVehicleInfo/BROKERX-L2-0001
[17:52:01 INF] Received HTTP response headers after 0.4561ms - 200
[17:52:01 INF] End processing HTTP request after 1.9071ms - 200
[17:52:01 INF] Start processing HTTP request GET http://127.0.0.1:58408/api/order/v1/orderRecord?pageNum=1&pageSize=100&filterByState=1&filterByState=3&filterByState=7&filterByState=9
[17:52:01 INF] Sending HTTP request GET http://127.0.0.1:58408/api/order/v1/orderRecord?pageNum=1&pageSize=100&filterByState=1&filterByState=3&filterByState=7&filterByState=9
[17:52:01 INF] Received HTTP response headers after 0.4759ms - 200
[17:52:01 INF] End processing HTTP request after 0.9797ms - 200
[17:52:01 INF] HTTP GET /api/onboard/v1/vehicle-safety responded 200 in 3.9070 ms
[17:52:01 INF] Executed DbCommand (0ms) [Parameters=[@__messageId_0='?' (Size = 36)], CommandType='Text', CommandTimeout='30']
SELECT "p"."MessageId", "p"."ContentHash", "p"."FirstResponseJson", "p"."MessageType", "p"."ReceivedAt", "p"."RequestJson"
FROM "ProtocolInbox" AS "p"
WHERE "p"."MessageId" = @__messageId_0
LIMIT 2
[17:52:01 INF] Executed DbCommand (0ms) [Parameters=[@__agvId_0='?' (Size = 10)], CommandType='Text', CommandTimeout='30']
SELECT "s"."AgvId", "s"."ActiveUnlockSlotsJson", "s"."CapabilityHash", "s"."CapabilityRevision", "s"."DepartureSafe", "s"."ForcedRecoveryGeneration", "s"."ManifestSha256", "s"."PendingAttemptIdsJson", "s"."PendingResultIdsJson", "s"."ProfileId", "s"."ProtocolCommit", "s"."ProtocolVersion", "s"."ProvenRecoveryCheckpoint", "s"."Readiness", "s"."ReasonCode", "s"."RecoveryReportId", "s"."ReportedForcedRecoveryGeneration", "s"."SafetyHash", "s"."SafetyReasonCodesJson", "s"."SafetyRevision", "s"."SafetyUnknownPresent", "s"."SessionGeneration", "s"."UnsettledSlotOperationAttemptId", "s"."UpdatedAt"
FROM "SessionRecoveries" AS "s"
WHERE "s"."AgvId" = @__agvId_0
LIMIT 2
[17:52:01 INF] Executed DbCommand (0ms) [Parameters=[@p6='?' (Size = 10), @p0='?' (Size = 16), @p1='?' (Size = 20), @p2='?' (Size = 64), @p3='?' (Size = 19), @p4='?' (DbType = Int64), @p5='?' (DbType = DateTimeOffset)], CommandType='Text', CommandTimeout='30']
UPDATE "SessionRecoveries" SET "Readiness" = @p0, "ReasonCode" = @p1, "SafetyHash" = @p2, "SafetyReasonCodesJson" = @p3, "SafetyRevision" = @p4, "UpdatedAt" = @p5
WHERE "AgvId" = @p6
RETURNING 1;
[17:52:01 INF] Executed DbCommand (0ms) [Parameters=[@__agvId_0='?' (Size = 10)], CommandType='Text', CommandTimeout='30']
SELECT "s"."AgvId", "s"."ActiveUnlockSlotsJson", "s"."CapabilityHash", "s"."CapabilityRevision", "s"."DepartureSafe", "s"."ForcedRecoveryGeneration", "s"."ManifestSha256", "s"."PendingAttemptIdsJson", "s"."PendingResultIdsJson", "s"."ProfileId", "s"."ProtocolCommit", "s"."ProtocolVersion", "s"."ProvenRecoveryCheckpoint", "s"."Readiness", "s"."ReasonCode", "s"."RecoveryReportId", "s"."ReportedForcedRecoveryGeneration", "s"."SafetyHash", "s"."SafetyReasonCodesJson", "s"."SafetyRevision", "s"."SafetyUnknownPresent", "s"."SessionGeneration", "s"."UnsettledSlotOperationAttemptId", "s"."UpdatedAt"
FROM "SessionRecoveries" AS "s"
WHERE "s"."AgvId" = @__agvId_0
LIMIT 2
[17:52:01 INF] Executed DbCommand (0ms) [Parameters=[@__row_AgvId_0='?' (Size = 10)], CommandType='Text', CommandTimeout='30']
SELECT EXISTS (
    SELECT 1
    FROM "StationOperations" AS "s"
    INNER JOIN "JourneyDemands" AS "j" ON "s"."DemandId" = "j"."DemandId"
    INNER JOIN "JourneyRuntimes" AS "j0" ON "j"."JourneyId" = "j0"."JourneyId"
    WHERE "j0"."AgvId" = @__row_AgvId_0 AND "s"."Status" = 'Prepared')
[17:52:01 INF] Executed DbCommand (0ms) [Parameters=[@__agvId_0='?' (Size = 10)], CommandType='Text', CommandTimeout='30']
SELECT EXISTS (
    SELECT 1
    FROM "StationOperations" AS "s"
    INNER JOIN "JourneyDemands" AS "j" ON "s"."DemandId" = "j"."DemandId"
    INNER JOIN "JourneyRuntimes" AS "j0" ON "j"."JourneyId" = "j0"."JourneyId"
    WHERE "j0"."AgvId" = @__agvId_0 AND "s"."Status" = 'RecoveryRequired')
[17:52:01 INF] Executed DbCommand (0ms) [Parameters=[@p3='?' (Size = 10), @p0='?' (Size = 5), @p1='?' (Size = 5), @p2='?' (DbType = DateTimeOffset)], CommandType='Text', CommandTimeout='30']
UPDATE "SessionRecoveries" SET "Readiness" = @p0, "ReasonCode" = @p1, "UpdatedAt" = @p2
WHERE "AgvId" = @p3
RETURNING 1;
[17:52:01 INF] Executed DbCommand (0ms) [Parameters=[@p0='?' (Size = 36), @p1='?' (Size = 64), @p2='?' (Size = 1234), @p3='?' (Size = 18), @p4='?' (DbType = DateTimeOffset), @p5='?' (Size = 672)], CommandType='Text', CommandTimeout='30']
INSERT INTO "ProtocolInbox" ("MessageId", "ContentHash", "FirstResponseJson", "MessageType", "ReceivedAt", "RequestJson")
VALUES (@p0, @p1, @p2, @p3, @p4, @p5);
[17:52:01 INF] Executed DbCommand (0ms) [Parameters=[@__messageId_0='?' (Size = 36)], CommandType='Text', CommandTimeout='30']
SELECT "p"."MessageId", "p"."ContentHash", "p"."FirstResponseJson", "p"."MessageType", "p"."ReceivedAt", "p"."RequestJson"
FROM "ProtocolInbox" AS "p"
WHERE "p"."MessageId" = @__messageId_0
LIMIT 2
[17:52:01 INF] Executed DbCommand (0ms) [Parameters=[@p0='?' (Size = 36), @p1='?' (Size = 64), @p2='?' (Size = 665), @p3='?' (Size = 17), @p4='?' (DbType = DateTimeOffset), @p5='?' (Size = 578)], CommandType='Text', CommandTimeout='30']
INSERT INTO "ProtocolInbox" ("MessageId", "ContentHash", "FirstResponseJson", "MessageType", "ReceivedAt", "RequestJson")
VALUES (@p0, @p1, @p2, @p3, @p4, @p5);
[17:52:02 INF] Start processing HTTP request GET http://127.0.0.1:58408/api/task/v1/task/getVehicleInfo/BROKERX-L2-0001
[17:52:02 INF] Sending HTTP request GET http://127.0.0.1:58408/api/task/v1/task/getVehicleInfo/BROKERX-L2-0001
[17:52:02 INF] Received HTTP response headers after 0.4532ms - 200
[17:52:02 INF] End processing HTTP request after 3.6765ms - 200
[17:52:02 INF] Start processing HTTP request GET http://127.0.0.1:58408/api/order/v1/orderRecord?pageNum=1&pageSize=100&filterByState=1&filterByState=3&filterByState=7&filterByState=9
[17:52:02 INF] Sending HTTP request GET http://127.0.0.1:58408/api/order/v1/orderRecord?pageNum=1&pageSize=100&filterByState=1&filterByState=3&filterByState=7&filterByState=9
[17:52:02 INF] Received HTTP response headers after 0.4302ms - 200
[17:52:02 INF] End processing HTTP request after 1.0279ms - 200
[17:52:02 INF] HTTP GET /api/onboard/v1/vehicle-safety responded 200 in 5.9082 ms
[17:52:02 INF] Executed DbCommand (0ms) [Parameters=[@__messageId_0='?' (Size = 36)], CommandType='Text', CommandTimeout='30']
SELECT "p"."MessageId", "p"."ContentHash", "p"."FirstResponseJson", "p"."MessageType", "p"."ReceivedAt", "p"."RequestJson"
FROM "ProtocolInbox" AS "p"
WHERE "p"."MessageId" = @__messageId_0
LIMIT 2
[17:52:02 INF] Executed DbCommand (0ms) [Parameters=[@__agvId_0='?' (Size = 10)], CommandType='Text', CommandTimeout='30']
SELECT "s"."AgvId", "s"."ActiveUnlockSlotsJson", "s"."CapabilityHash", "s"."CapabilityRevision", "s"."DepartureSafe", "s"."ForcedRecoveryGeneration", "s"."ManifestSha256", "s"."PendingAttemptIdsJson", "s"."PendingResultIdsJson", "s"."ProfileId", "s"."ProtocolCommit", "s"."ProtocolVersion", "s"."ProvenRecoveryCheckpoint", "s"."Readiness", "s"."ReasonCode", "s"."RecoveryReportId", "s"."ReportedForcedRecoveryGeneration", "s"."SafetyHash", "s"."SafetyReasonCodesJson", "s"."SafetyRevision", "s"."SafetyUnknownPresent", "s"."SessionGeneration", "s"."UnsettledSlotOperationAttemptId", "s"."UpdatedAt"
FROM "SessionRecoveries" AS "s"
WHERE "s"."AgvId" = @__agvId_0
LIMIT 2
[17:52:02 INF] Executed DbCommand (0ms) [Parameters=[@p5='?' (Size = 10), @p0='?' (Size = 16), @p1='?' (Size = 20), @p2='?' (Size = 64), @p3='?' (DbType = Int64), @p4='?' (DbType = DateTimeOffset)], CommandType='Text', CommandTimeout='30']
UPDATE "SessionRecoveries" SET "Readiness" = @p0, "ReasonCode" = @p1, "SafetyHash" = @p2, "SafetyRevision" = @p3, "UpdatedAt" = @p4
WHERE "AgvId" = @p5
RETURNING 1;
[17:52:02 INF] Executed DbCommand (0ms) [Parameters=[@__agvId_0='?' (Size = 10)], CommandType='Text', CommandTimeout='30']
SELECT "s"."AgvId", "s"."ActiveUnlockSlotsJson", "s"."CapabilityHash", "s"."CapabilityRevision", "s"."DepartureSafe", "s"."ForcedRecoveryGeneration", "s"."ManifestSha256", "s"."PendingAttemptIdsJson", "s"."PendingResultIdsJson", "s"."ProfileId", "s"."ProtocolCommit", "s"."ProtocolVersion", "s"."ProvenRecoveryCheckpoint", "s"."Readiness", "s"."ReasonCode", "s"."RecoveryReportId", "s"."ReportedForcedRecoveryGeneration", "s"."SafetyHash", "s"."SafetyReasonCodesJson", "s"."SafetyRevision", "s"."SafetyUnknownPresent", "s"."SessionGeneration", "s"."UnsettledSlotOperationAttemptId", "s"."UpdatedAt"
FROM "SessionRecoveries" AS "s"
WHERE "s"."AgvId" = @__agvId_0
LIMIT 2
[17:52:02 INF] Executed DbCommand (0ms) [Parameters=[@__row_AgvId_0='?' (Size = 10)], CommandType='Text', CommandTimeout='30']
SELECT EXISTS (
    SELECT 1
    FROM "StationOperations" AS "s"
    INNER JOIN "JourneyDemands" AS "j" ON "s"."DemandId" = "j"."DemandId"
    INNER JOIN "JourneyRuntimes" AS "j0" ON "j"."JourneyId" = "j0"."JourneyId"
    WHERE "j0"."AgvId" = @__row_AgvId_0 AND "s"."Status" = 'Prepared')
[17:52:02 INF] Executed DbCommand (0ms) [Parameters=[@__agvId_0='?' (Size = 10)], CommandType='Text', CommandTimeout='30']
SELECT EXISTS (
    SELECT 1
    FROM "StationOperations" AS "s"
    INNER JOIN "JourneyDemands" AS "j" ON "s"."DemandId" = "j"."DemandId"
    INNER JOIN "JourneyRuntimes" AS "j0" ON "j"."JourneyId" = "j0"."JourneyId"
    WHERE "j0"."AgvId" = @__agvId_0 AND "s"."Status" = 'RecoveryRequired')
[17:52:02 INF] Executed DbCommand (0ms) [Parameters=[@p3='?' (Size = 10), @p0='?' (Size = 5), @p1='?' (Size = 5), @p2='?' (DbType = DateTimeOffset)], CommandType='Text', CommandTimeout='30']
UPDATE "SessionRecoveries" SET "Readiness" = @p0, "ReasonCode" = @p1, "UpdatedAt" = @p2
WHERE "AgvId" = @p3
RETURNING 1;
[17:52:02 INF] Executed DbCommand (0ms) [Parameters=[@p0='?' (Size = 36), @p1='?' (Size = 64), @p2='?' (Size = 1235), @p3='?' (Size = 18), @p4='?' (DbType = DateTimeOffset), @p5='?' (Size = 673)], CommandType='Text', CommandTimeout='30']
INSERT INTO "ProtocolInbox" ("MessageId", "ContentHash", "FirstResponseJson", "MessageType", "ReceivedAt", "RequestJson")
VALUES (@p0, @p1, @p2, @p3, @p4, @p5);
[17:52:02 INF] Executed DbCommand (0ms) [Parameters=[@__messageId_0='?' (Size = 36)], CommandType='Text', CommandTimeout='30']
SELECT "p"."MessageId", "p"."ContentHash", "p"."FirstResponseJson", "p"."MessageType", "p"."ReceivedAt", "p"."RequestJson"
FROM "ProtocolInbox" AS "p"
WHERE "p"."MessageId" = @__messageId_0
LIMIT 2
[17:52:02 INF] Executed DbCommand (0ms) [Parameters=[@__agvId_0='?' (Size = 10)], CommandType='Text', CommandTimeout='30']
SELECT "s"."AgvId", "s"."ActiveUnlockSlotsJson", "s"."CapabilityHash", "s"."CapabilityRevision", "s"."DepartureSafe", "s"."ForcedRecoveryGeneration", "s"."ManifestSha256", "s"."PendingAttemptIdsJson", "s"."PendingResultIdsJson", "s"."ProfileId", "s"."ProtocolCommit", "s"."ProtocolVersion", "s"."ProvenRecoveryCheckpoint", "s"."Readiness", "s"."ReasonCode", "s"."RecoveryReportId", "s"."ReportedForcedRecoveryGeneration", "s"."SafetyHash", "s"."SafetyReasonCodesJson", "s"."SafetyRevision", "s"."SafetyUnknownPresent", "s"."SessionGeneration", "s"."UnsettledSlotOperationAttemptId", "s"."UpdatedAt"
FROM "SessionRecoveries" AS "s"
WHERE "s"."AgvId" = @__agvId_0
LIMIT 2
[17:52:02 INF] Executed DbCommand (0ms) [Parameters=[@p7='?' (Size = 10), @p0='?' (DbType = Boolean), @p1='?' (Size = 16), @p2='?' (Size = 20), @p3='?' (Size = 64), @p4='?' (Size = 2), @p5='?' (DbType = Int64), @p6='?' (DbType = DateTimeOffset)], CommandType='Text', CommandTimeout='30']
UPDATE "SessionRecoveries" SET "DepartureSafe" = @p0, "Readiness" = @p1, "ReasonCode" = @p2, "SafetyHash" = @p3, "SafetyReasonCodesJson" = @p4, "SafetyRevision" = @p5, "UpdatedAt" = @p6
WHERE "AgvId" = @p7
RETURNING 1;
[17:52:02 INF] Executed DbCommand (0ms) [Parameters=[@__agvId_0='?' (Size = 10)], CommandType='Text', CommandTimeout='30']
SELECT "s"."AgvId", "s"."ActiveUnlockSlotsJson", "s"."CapabilityHash", "s"."CapabilityRevision", "s"."DepartureSafe", "s"."ForcedRecoveryGeneration", "s"."ManifestSha256", "s"."PendingAttemptIdsJson", "s"."PendingResultIdsJson", "s"."ProfileId", "s"."ProtocolCommit", "s"."ProtocolVersion", "s"."ProvenRecoveryCheckpoint", "s"."Readiness", "s"."ReasonCode", "s"."RecoveryReportId", "s"."ReportedForcedRecoveryGeneration", "s"."SafetyHash", "s"."SafetyReasonCodesJson", "s"."SafetyRevision", "s"."SafetyUnknownPresent", "s"."SessionGeneration", "s"."UnsettledSlotOperationAttemptId", "s"."UpdatedAt"
FROM "SessionRecoveries" AS "s"
WHERE "s"."AgvId" = @__agvId_0
LIMIT 2
[17:52:02 INF] Executed DbCommand (0ms) [Parameters=[@__agvId_0='?' (Size = 10)], CommandType='Text', CommandTimeout='30']
SELECT EXISTS (
    SELECT 1
    FROM "StationOperations" AS "s"
    INNER JOIN "JourneyDemands" AS "j" ON "s"."DemandId" = "j"."DemandId"
    INNER JOIN "JourneyRuntimes" AS "j0" ON "j"."JourneyId" = "j0"."JourneyId"
    WHERE "j0"."AgvId" = @__agvId_0 AND "s"."Status" = 'RecoveryRequired')
[17:52:02 INF] Executed DbCommand (0ms) [Parameters=[@p3='?' (Size = 10), @p0='?' (Size = 5), @p1='?' (Size = 5), @p2='?' (DbType = DateTimeOffset)], CommandType='Text', CommandTimeout='30']
UPDATE "SessionRecoveries" SET "Readiness" = @p0, "ReasonCode" = @p1, "UpdatedAt" = @p2
WHERE "AgvId" = @p3
RETURNING 1;
[17:52:02 INF] Executed DbCommand (0ms) [Parameters=[@p0='?' (Size = 36), @p1='?' (Size = 64), @p2='?' (Size = 1234), @p3='?' (Size = 18), @p4='?' (DbType = DateTimeOffset), @p5='?' (Size = 654)], CommandType='Text', CommandTimeout='30']
INSERT INTO "ProtocolInbox" ("MessageId", "ContentHash", "FirstResponseJson", "MessageType", "ReceivedAt", "RequestJson")
VALUES (@p0, @p1, @p2, @p3, @p4, @p5);
[17:52:02 INF] Start processing HTTP request GET http://127.0.0.1:58408/api/imap/v1/mapInfo/stations/25
[17:52:02 INF] Sending HTTP request GET http://127.0.0.1:58408/api/imap/v1/mapInfo/stations/25
[17:52:02 INF] Received HTTP response headers after 0.4882ms - 200
[17:52:02 INF] End processing HTTP request after 1.6433ms - 200
[17:52:02 INF] Executed DbCommand (0ms) [Parameters=[], CommandType='Text', CommandTimeout='30']
SELECT "a"."Id", "a"."ContentHash", "a"."DeploymentId", "a"."ImportedAt", "a"."Version"
FROM "AdmissionPolicyState" AS "a"
WHERE "a"."Id" = 1
LIMIT 2
[17:52:02 INF] Executed DbCommand (0ms) [Parameters=[], CommandType='Text', CommandTimeout='30']
SELECT "j"."JourneyId", "j"."AgvId", "j"."AgvLifecycleGeneration", "j"."BlockReasonCode", "j"."CreatedAt", "j"."CurrentStopSequence", "j"."DispatchGeneration", "j"."DispatchZone", "j"."GateStationId", "j"."GateStationRiotId", "j"."HoldingStartedAt", "j"."LoadingClosedReason", "j"."MapId", "j"."MapIdentity", "j"."NextStopSequence", "j"."OperationSessionId", "j"."PlanRevision", "j"."Stage", "j"."UpdatedAt", "j"."VehicleBusinessRevision", "j"."VehicleKey", "j"."WorklistRevision"
FROM "JourneyRuntimes" AS "j"
WHERE "j"."Stage" <> 'Completed'
[17:52:02 INF] Executed DbCommand (0ms) [Parameters=[@__runtime_JourneyId_0='?' (Size = 36)], CommandType='Text', CommandTimeout='30']
SELECT "j"."JourneyId", "j"."Sequence", "j"."ConsumedSafetyResultMessageId", "j"."CreatedAt", "j"."LegType", "j"."LoadRound", "j"."MovementLegId", "j"."PlanMessageId", "j"."PlanRevision", "j"."PreDepartureSafetyCheckId", "j"."PreDepartureSafetyCheckMessageId", "j"."Role", "j"."RouteEvidenceId", "j"."State", "j"."StationId", "j"."StationRiotId", "j"."SublotWaitStartedAt", "j"."UpdatedAt", "j"."UpperId", "j"."VehicleBusinessMessageId", "j"."VehicleBusinessRevision", "j"."WorklistRevision"
FROM "JourneyStops" AS "j"
WHERE "j"."JourneyId" = @__runtime_JourneyId_0
[17:52:02 INF] Executed DbCommand (0ms) [Parameters=[@__runtime_JourneyId_0='?' (Size = 36)], CommandType='Text', CommandTimeout='30']
SELECT "j"."JourneyId", "j"."DemandId", "j"."ConsumedSublotMessageId", "j"."CreatedAt", "j"."ExpectedBasketCount", "j"."LoadCommandMessageId", "j"."LoadCommandedAt", "j"."LoadSlotOperationAttemptId", "j"."LoadedAt", "j"."State", "j"."StopSequence", "j"."TargetSlotsJson", "j"."UnloadCommandMessageId", "j"."UnloadCommandedAt", "j"."UnloadSlotOperationAttemptId"
FROM "JourneyDemands" AS "j"
WHERE "j"."JourneyId" = @__runtime_JourneyId_0
[17:52:02 INF] Executed DbCommand (0ms) [Parameters=[@__agvId_0='?' (Size = 10)], CommandType='Text', CommandTimeout='30']
SELECT "s"."AgvId", "s"."ActiveUnlockSlotsJson", "s"."CapabilityHash", "s"."CapabilityRevision", "s"."DepartureSafe", "s"."ForcedRecoveryGeneration", "s"."ManifestSha256", "s"."PendingAttemptIdsJson", "s"."PendingResultIdsJson", "s"."ProfileId", "s"."ProtocolCommit", "s"."ProtocolVersion", "s"."ProvenRecoveryCheckpoint", "s"."Readiness", "s"."ReasonCode", "s"."RecoveryReportId", "s"."ReportedForcedRecoveryGeneration", "s"."SafetyHash", "s"."SafetyReasonCodesJson", "s"."SafetyRevision", "s"."SafetyUnknownPresent", "s"."SessionGeneration", "s"."UnsettledSlotOperationAttemptId", "s"."UpdatedAt"
FROM "SessionRecoveries" AS "s"
WHERE "s"."AgvId" = @__agvId_0 AND "s"."Readiness" = 'Ready'
LIMIT 2
[17:52:02 INF] Executed DbCommand (0ms) [Parameters=[], CommandType='Text', CommandTimeout='30']
SELECT "p"."MessageId", "p"."AcknowledgedAt", "p"."CreatedAt", "p"."FencedAt", "p"."MessageType", "p"."PayloadJson"
FROM "ProtocolOutbox" AS "p"
WHERE "p"."AcknowledgedAt" IS NULL AND "p"."FencedAt" IS NULL
[17:52:02 INF] Executed DbCommand (0ms) [Parameters=[@__loading_LoadSlotOperationAttemptId_0='?' (Size = 36)], CommandType='Text', CommandTimeout='30']
SELECT "s"."SlotOperationAttemptId", "s"."CommittedAt", "s"."ContentHash", "s"."CreatedAt", "s"."DemandId", "s"."EvidenceJson", "s"."ForcedRecoveryGeneration", "s"."OperationType", "s"."Status", "s"."SublotId", "s"."TargetSlotsJson"
FROM "StationOperations" AS "s"
WHERE "s"."SlotOperationAttemptId" = @__loading_LoadSlotOperationAttemptId_0
LIMIT 2
[17:52:03 INF] Executed DbCommand (0ms) [Parameters=[@__messageId_0='?' (Size = 36)], CommandType='Text', CommandTimeout='30']
SELECT "p"."MessageId", "p"."ContentHash", "p"."FirstResponseJson", "p"."MessageType", "p"."ReceivedAt", "p"."RequestJson"
FROM "ProtocolInbox" AS "p"
WHERE "p"."MessageId" = @__messageId_0
LIMIT 2
[17:52:03 INF] Executed DbCommand (0ms) [Parameters=[@p0='?' (Size = 36), @p1='?' (Size = 64), @p2='?' (Size = 665), @p3='?' (Size = 17), @p4='?' (DbType = DateTimeOffset), @p5='?' (Size = 572)], CommandType='Text', CommandTimeout='30']
INSERT INTO "ProtocolInbox" ("MessageId", "ContentHash", "FirstResponseJson", "MessageType", "ReceivedAt", "RequestJson")
VALUES (@p0, @p1, @p2, @p3, @p4, @p5);
[17:52:03 INF] Executed DbCommand (0ms) [Parameters=[@__messageId_0='?' (Size = 36)], CommandType='Text', CommandTimeout='30']
SELECT "p"."MessageId", "p"."ContentHash", "p"."FirstResponseJson", "p"."MessageType", "p"."ReceivedAt", "p"."RequestJson"
FROM "ProtocolInbox" AS "p"
WHERE "p"."MessageId" = @__messageId_0
LIMIT 2
[17:52:03 INF] Executed DbCommand (0ms) [Parameters=[@p0='?' (Size = 36), @p1='?' (Size = 64), @p2='?' (Size = 665), @p3='?' (Size = 17), @p4='?' (DbType = DateTimeOffset), @p5='?' (Size = 574)], CommandType='Text', CommandTimeout='30']
INSERT INTO "ProtocolInbox" ("MessageId", "ContentHash", "FirstResponseJson", "MessageType", "ReceivedAt", "RequestJson")
VALUES (@p0, @p1, @p2, @p3, @p4, @p5);
[17:52:03 INF] Executed DbCommand (0ms) [Parameters=[@__messageId_0='?' (Size = 36)], CommandType='Text', CommandTimeout='30']
SELECT "p"."MessageId", "p"."ContentHash", "p"."FirstResponseJson", "p"."MessageType", "p"."ReceivedAt", "p"."RequestJson"
FROM "ProtocolInbox" AS "p"
WHERE "p"."MessageId" = @__messageId_0
LIMIT 2
[17:52:03 INF] Executed DbCommand (0ms) [Parameters=[@__slotOperationAttemptId_0='?' (Size = 36)], CommandType='Text', CommandTimeout='30']
SELECT "s"."ForcedRecoveryGeneration"
FROM "StationOperations" AS "s"
WHERE "s"."SlotOperationAttemptId" = @__slotOperationAttemptId_0
LIMIT 2
[17:52:03 INF] Executed DbCommand (0ms) [Parameters=[@__result_ResultId_0='?' (Size = 36)], CommandType='Text', CommandTimeout='30']
SELECT "o"."ResultId", "o"."AgvId", "o"."ContentHash", "o"."EvidenceJson", "o"."ForcedRecoveryGeneration", "o"."HistoricalOnly", "o"."ObservedAt", "o"."OverallOutcome", "o"."ReceivedAt", "o"."ResultContentSha256", "o"."SlotOperationAttemptId", "o"."SupersededByResultId"
FROM "OperationResults" AS "o"
WHERE "o"."ResultId" = @__result_ResultId_0
LIMIT 2
[17:52:03 INF] Executed DbCommand (0ms) [Parameters=[@__result_SlotOperationAttemptId_0='?' (Size = 36), @__forcedRecoveryGeneration_1='?' (DbType = Int64)], CommandType='Text', CommandTimeout='30']
SELECT "o"."ResultId", "o"."AgvId", "o"."ContentHash", "o"."EvidenceJson", "o"."ForcedRecoveryGeneration", "o"."HistoricalOnly", "o"."ObservedAt", "o"."OverallOutcome", "o"."ReceivedAt", "o"."ResultContentSha256", "o"."SlotOperationAttemptId", "o"."SupersededByResultId"
FROM "OperationResults" AS "o"
WHERE "o"."SlotOperationAttemptId" = @__result_SlotOperationAttemptId_0 AND "o"."ForcedRecoveryGeneration" = @__forcedRecoveryGeneration_1 AND "o"."SupersededByResultId" IS NULL
[17:52:03 INF] Executed DbCommand (0ms) [Parameters=[@__agvId_0='?' (Size = 10)], CommandType='Text', CommandTimeout='30']
SELECT "v"."ForcedRecoveryGeneration"
FROM "VehicleRecoveryGenerations" AS "v"
WHERE "v"."AgvId" = @__agvId_0
LIMIT 2
[17:52:03 INF] Executed DbCommand (0ms) [Parameters=[@__result_SlotOperationAttemptId_0='?' (Size = 36)], CommandType='Text', CommandTimeout='30']
SELECT "s"."SlotOperationAttemptId", "s"."CommittedAt", "s"."ContentHash", "s"."CreatedAt", "s"."DemandId", "s"."EvidenceJson", "s"."ForcedRecoveryGeneration", "s"."OperationType", "s"."Status", "s"."SublotId", "s"."TargetSlotsJson"
FROM "StationOperations" AS "s"
WHERE "s"."SlotOperationAttemptId" = @__result_SlotOperationAttemptId_0
LIMIT 2
[17:52:03 INF] Executed DbCommand (0ms) [Parameters=[@p0='?' (Size = 36), @p1='?' (Size = 10), @p2='?' (Size = 64), @p3='?' (Size = 71), @p4='?' (DbType = Int64), @p5='?' (DbType = Boolean), @p6='?' (DbType = DateTimeOffset), @p7='?' (Size = 9), @p8='?' (DbType = DateTimeOffset), @p9='?' (Size = 64), @p10='?' (Size = 36), @p11='?'], CommandType='Text', CommandTimeout='30']
INSERT INTO "OperationResults" ("ResultId", "AgvId", "ContentHash", "EvidenceJson", "ForcedRecoveryGeneration", "HistoricalOnly", "ObservedAt", "OverallOutcome", "ReceivedAt", "ResultContentSha256", "SlotOperationAttemptId", "SupersededByResultId")
VALUES (@p0, @p1, @p2, @p3, @p4, @p5, @p6, @p7, @p8, @p9, @p10, @p11);
[17:52:03 INF] Executed DbCommand (0ms) [Parameters=[@p3='?' (Size = 36), @p0='?' (DbType = DateTimeOffset), @p1='?' (Size = 71), @p2='?' (Size = 9)], CommandType='Text', CommandTimeout='30']
UPDATE "StationOperations" SET "CommittedAt" = @p0, "EvidenceJson" = @p1, "Status" = @p2
WHERE "SlotOperationAttemptId" = @p3
RETURNING 1;
[17:52:03 INF] Executed DbCommand (0ms) [Parameters=[@__slotOperationAttemptId_0='?' (Size = 36)], CommandType='Text', CommandTimeout='30']
SELECT "r"."WorkflowId", "r"."AgvId", "r"."CommandContentHash", "r"."CommandMessageId", "r"."CommandMessageType", "r"."CreatedAt", "r"."DemandId", "r"."ExceptionRecoverySessionId", "r"."ForcedRecoveryGeneration", "r"."HandoffId", "r"."Outcome", "r"."RequestContentHash", "r"."RequestMessageId", "r"."ResultContentHash", "r"."ResultMessageId", "r"."SlotOperationAttemptId", "r"."SlotsJson", "r"."State", "r"."UpdatedAt", "r"."WorkflowType"
FROM "RecoveryWorkflows" AS "r"
WHERE "r"."WorkflowType" = 'RESUME_AFTER_REPAIR' AND "r"."SlotOperationAttemptId" = @__slotOperationAttemptId_0 AND "r"."State" <> 'Reconciled' AND "r"."State" <> 'HistoricalOnly'
LIMIT 2
[17:52:03 INF] Executed DbCommand (0ms) [Parameters=[@__agvId_0='?' (Size = 10)], CommandType='Text', CommandTimeout='30']
SELECT "s"."AgvId", "s"."ActiveUnlockSlotsJson", "s"."CapabilityHash", "s"."CapabilityRevision", "s"."DepartureSafe", "s"."ForcedRecoveryGeneration", "s"."ManifestSha256", "s"."PendingAttemptIdsJson", "s"."PendingResultIdsJson", "s"."ProfileId", "s"."ProtocolCommit", "s"."ProtocolVersion", "s"."ProvenRecoveryCheckpoint", "s"."Readiness", "s"."ReasonCode", "s"."RecoveryReportId", "s"."ReportedForcedRecoveryGeneration", "s"."SafetyHash", "s"."SafetyReasonCodesJson", "s"."SafetyRevision", "s"."SafetyUnknownPresent", "s"."SessionGeneration", "s"."UnsettledSlotOperationAttemptId", "s"."UpdatedAt"
FROM "SessionRecoveries" AS "s"
WHERE "s"."AgvId" = @__agvId_0
LIMIT 2
[17:52:03 INF] Executed DbCommand (0ms) [Parameters=[@__agvId_0='?' (Size = 10)], CommandType='Text', CommandTimeout='30']
SELECT EXISTS (
    SELECT 1
    FROM "StationOperations" AS "s"
    INNER JOIN "JourneyDemands" AS "j" ON "s"."DemandId" = "j"."DemandId"
    INNER JOIN "JourneyRuntimes" AS "j0" ON "j"."JourneyId" = "j0"."JourneyId"
    WHERE "j0"."AgvId" = @__agvId_0 AND "s"."Status" = 'RecoveryRequired')
[17:52:03 INF] Executed DbCommand (0ms) [Parameters=[@p1='?' (Size = 10), @p0='?' (DbType = DateTimeOffset)], CommandType='Text', CommandTimeout='30']
UPDATE "SessionRecoveries" SET "UpdatedAt" = @p0
WHERE "AgvId" = @p1
RETURNING 1;
[17:52:03 INF] Executed DbCommand (0ms) [Parameters=[@p0='?' (Size = 36), @p1='?' (Size = 64), @p2='?' (Size = 663), @p3='?' (Size = 15), @p4='?' (DbType = DateTimeOffset), @p5='?' (Size = 888)], CommandType='Text', CommandTimeout='30']
INSERT INTO "ProtocolInbox" ("MessageId", "ContentHash", "FirstResponseJson", "MessageType", "ReceivedAt", "RequestJson")
VALUES (@p0, @p1, @p2, @p3, @p4, @p5);
[17:52:03 INF] Executed DbCommand (0ms) [Parameters=[], CommandType='Text', CommandTimeout='30']
SELECT "p"."MessageId", "p"."AcknowledgedAt", "p"."CreatedAt", "p"."FencedAt", "p"."MessageType", "p"."PayloadJson"
FROM "ProtocolOutbox" AS "p"
WHERE "p"."MessageType" = 'ExceptionRecoverySessionSnapshot' AND "p"."AcknowledgedAt" IS NULL AND "p"."FencedAt" IS NULL
[17:52:03 INF] Start processing HTTP request GET http://127.0.0.1:58408/api/task/v1/task/getVehicleInfo/BROKERX-L2-0001
[17:52:03 INF] Sending HTTP request GET http://127.0.0.1:58408/api/task/v1/task/getVehicleInfo/BROKERX-L2-0001
[17:52:03 INF] Received HTTP response headers after 0.4989ms - 200
[17:52:03 INF] End processing HTTP request after 1.9609ms - 200
[17:52:03 INF] Start processing HTTP request GET http://127.0.0.1:58408/api/order/v1/orderRecord?pageNum=1&pageSize=100&filterByState=1&filterByState=3&filterByState=7&filterByState=9
[17:52:03 INF] Sending HTTP request GET http://127.0.0.1:58408/api/order/v1/orderRecord?pageNum=1&pageSize=100&filterByState=1&filterByState=3&filterByState=7&filterByState=9
[17:52:03 INF] Received HTTP response headers after 0.3745ms - 200
[17:52:03 INF] End processing HTTP request after 1.2914ms - 200
[17:52:03 INF] HTTP GET /api/onboard/v1/vehicle-safety responded 200 in 4.4830 ms
[17:52:04 INF] Start processing HTTP request GET http://127.0.0.1:58408/api/task/v1/task/getVehicleInfo/BROKERX-L2-0001
[17:52:04 INF] Sending HTTP request GET http://127.0.0.1:58408/api/task/v1/task/getVehicleInfo/BROKERX-L2-0001
[17:52:04 INF] Received HTTP response headers after 0.5589ms - 200
[17:52:04 INF] End processing HTTP request after 4.1136ms - 200
[17:52:04 INF] Start processing HTTP request GET http://127.0.0.1:58408/api/order/v1/orderRecord?pageNum=1&pageSize=100&filterByState=1&filterByState=3&filterByState=7&filterByState=9
[17:52:04 INF] Sending HTTP request GET http://127.0.0.1:58408/api/order/v1/orderRecord?pageNum=1&pageSize=100&filterByState=1&filterByState=3&filterByState=7&filterByState=9
[17:52:04 INF] Received HTTP response headers after 0.3978ms - 200
[17:52:04 INF] End processing HTTP request after 1.1037ms - 200
[17:52:04 INF] HTTP GET /api/onboard/v1/vehicle-safety responded 200 in 6.2714 ms
[17:52:04 INF] Start processing HTTP request GET http://127.0.0.1:58408/api/imap/v1/mapInfo/stations/25
[17:52:04 INF] Sending HTTP request GET http://127.0.0.1:58408/api/imap/v1/mapInfo/stations/25
[17:52:04 INF] Received HTTP response headers after 0.5196ms - 200
[17:52:04 INF] End processing HTTP request after 2.0076ms - 200
[17:52:04 INF] Executed DbCommand (0ms) [Parameters=[], CommandType='Text', CommandTimeout='30']
SELECT "a"."Id", "a"."ContentHash", "a"."DeploymentId", "a"."ImportedAt", "a"."Version"
FROM "AdmissionPolicyState" AS "a"
WHERE "a"."Id" = 1
LIMIT 2
[17:52:04 INF] Executed DbCommand (0ms) [Parameters=[], CommandType='Text', CommandTimeout='30']
SELECT "j"."JourneyId", "j"."AgvId", "j"."AgvLifecycleGeneration", "j"."BlockReasonCode", "j"."CreatedAt", "j"."CurrentStopSequence", "j"."DispatchGeneration", "j"."DispatchZone", "j"."GateStationId", "j"."GateStationRiotId", "j"."HoldingStartedAt", "j"."LoadingClosedReason", "j"."MapId", "j"."MapIdentity", "j"."NextStopSequence", "j"."OperationSessionId", "j"."PlanRevision", "j"."Stage", "j"."UpdatedAt", "j"."VehicleBusinessRevision", "j"."VehicleKey", "j"."WorklistRevision"
FROM "JourneyRuntimes" AS "j"
WHERE "j"."Stage" <> 'Completed'
[17:52:04 INF] Executed DbCommand (0ms) [Parameters=[@__runtime_JourneyId_0='?' (Size = 36)], CommandType='Text', CommandTimeout='30']
SELECT "j"."JourneyId", "j"."Sequence", "j"."ConsumedSafetyResultMessageId", "j"."CreatedAt", "j"."LegType", "j"."LoadRound", "j"."MovementLegId", "j"."PlanMessageId", "j"."PlanRevision", "j"."PreDepartureSafetyCheckId", "j"."PreDepartureSafetyCheckMessageId", "j"."Role", "j"."RouteEvidenceId", "j"."State", "j"."StationId", "j"."StationRiotId", "j"."SublotWaitStartedAt", "j"."UpdatedAt", "j"."UpperId", "j"."VehicleBusinessMessageId", "j"."VehicleBusinessRevision", "j"."WorklistRevision"
FROM "JourneyStops" AS "j"
WHERE "j"."JourneyId" = @__runtime_JourneyId_0
[17:52:04 INF] Executed DbCommand (0ms) [Parameters=[@__runtime_JourneyId_0='?' (Size = 36)], CommandType='Text', CommandTimeout='30']
SELECT "j"."JourneyId", "j"."DemandId", "j"."ConsumedSublotMessageId", "j"."CreatedAt", "j"."ExpectedBasketCount", "j"."LoadCommandMessageId", "j"."LoadCommandedAt", "j"."LoadSlotOperationAttemptId", "j"."LoadedAt", "j"."State", "j"."StopSequence", "j"."TargetSlotsJson", "j"."UnloadCommandMessageId", "j"."UnloadCommandedAt", "j"."UnloadSlotOperationAttemptId"
FROM "JourneyDemands" AS "j"
WHERE "j"."JourneyId" = @__runtime_JourneyId_0
[17:52:04 INF] Executed DbCommand (0ms) [Parameters=[@__agvId_0='?' (Size = 10)], CommandType='Text', CommandTimeout='30']
SELECT "s"."AgvId", "s"."ActiveUnlockSlotsJson", "s"."CapabilityHash", "s"."CapabilityRevision", "s"."DepartureSafe", "s"."ForcedRecoveryGeneration", "s"."ManifestSha256", "s"."PendingAttemptIdsJson", "s"."PendingResultIdsJson", "s"."ProfileId", "s"."ProtocolCommit", "s"."ProtocolVersion", "s"."ProvenRecoveryCheckpoint", "s"."Readiness", "s"."ReasonCode", "s"."RecoveryReportId", "s"."ReportedForcedRecoveryGeneration", "s"."SafetyHash", "s"."SafetyReasonCodesJson", "s"."SafetyRevision", "s"."SafetyUnknownPresent", "s"."SessionGeneration", "s"."UnsettledSlotOperationAttemptId", "s"."UpdatedAt"
FROM "SessionRecoveries" AS "s"
WHERE "s"."AgvId" = @__agvId_0 AND "s"."Readiness" = 'Ready'
LIMIT 2
[17:52:04 INF] Executed DbCommand (0ms) [Parameters=[], CommandType='Text', CommandTimeout='30']
SELECT "p"."MessageId", "p"."AcknowledgedAt", "p"."CreatedAt", "p"."FencedAt", "p"."MessageType", "p"."PayloadJson"
FROM "ProtocolOutbox" AS "p"
WHERE "p"."AcknowledgedAt" IS NULL AND "p"."FencedAt" IS NULL
[17:52:04 INF] Executed DbCommand (0ms) [Parameters=[@__loading_LoadSlotOperationAttemptId_0='?' (Size = 36)], CommandType='Text', CommandTimeout='30']
SELECT "s"."SlotOperationAttemptId", "s"."CommittedAt", "s"."ContentHash", "s"."CreatedAt", "s"."DemandId", "s"."EvidenceJson", "s"."ForcedRecoveryGeneration", "s"."OperationType", "s"."Status", "s"."SublotId", "s"."TargetSlotsJson"
FROM "StationOperations" AS "s"
WHERE "s"."SlotOperationAttemptId" = @__loading_LoadSlotOperationAttemptId_0
LIMIT 2
[17:52:04 INF] Executed DbCommand (0ms) [Parameters=[@__messageId_0='?' (Size = 36)], CommandType='Text', CommandTimeout='30']
SELECT "p"."MessageId", "p"."AcknowledgedAt", "p"."CreatedAt", "p"."FencedAt", "p"."MessageType", "p"."PayloadJson"
FROM "ProtocolOutbox" AS "p"
WHERE "p"."MessageId" = @__messageId_0
LIMIT 2
[17:52:04 INF] Executed DbCommand (0ms) [Parameters=[@p1='?' (Size = 36), @p0='?' (DbType = DateTimeOffset)], CommandType='Text', CommandTimeout='30']
UPDATE "ProtocolOutbox" SET "AcknowledgedAt" = @p0
WHERE "MessageId" = @p1
RETURNING 1;
[17:52:04 INF] Executed DbCommand (0ms) [Parameters=[@p2='?' (Size = 36), @p3='?' (Size = 36), @p0='?' (DbType = DateTimeOffset), @p1='?' (Size = 6)], CommandType='Text', CommandTimeout='30']
UPDATE "JourneyDemands" SET "LoadedAt" = @p0, "State" = @p1
WHERE "DemandId" = @p2 AND "JourneyId" = @p3
RETURNING 1;
[17:52:04 INF] Executed DbCommand (0ms) [Parameters=[@p1='?' (Size = 36), @p0='?' (DbType = DateTimeOffset)], CommandType='Text', CommandTimeout='30']
UPDATE "JourneyRuntimes" SET "HoldingStartedAt" = @p0
WHERE "JourneyId" = @p1
RETURNING 1;
[17:52:04 INF] Start processing HTTP request GET http://127.0.0.1:58409/api/v2/contract
[17:52:04 INF] Sending HTTP request GET http://127.0.0.1:58409/api/v2/contract
[17:52:04 INF] Received HTTP response headers after 0.825ms - 200
[17:52:04 INF] End processing HTTP request after 1.5641ms - 200
[17:52:04 INF] Start processing HTTP request GET http://127.0.0.1:58409/api/v2/externally-readable-demand-catalog
[17:52:04 INF] Sending HTTP request GET http://127.0.0.1:58409/api/v2/externally-readable-demand-catalog
[17:52:04 INF] Received HTTP response headers after 0.6045ms - 200
[17:52:04 INF] End processing HTTP request after 1.2843ms - 200
[17:52:04 INF] Executed DbCommand (0ms) [Parameters=[@__agvId_0='?' (Size = 10)], CommandType='Text', CommandTimeout='30']
SELECT "s"."AgvId", "s"."ActiveUnlockSlotsJson", "s"."CapabilityHash", "s"."CapabilityRevision", "s"."DepartureSafe", "s"."ForcedRecoveryGeneration", "s"."ManifestSha256", "s"."PendingAttemptIdsJson", "s"."PendingResultIdsJson", "s"."ProfileId", "s"."ProtocolCommit", "s"."ProtocolVersion", "s"."ProvenRecoveryCheckpoint", "s"."Readiness", "s"."ReasonCode", "s"."RecoveryReportId", "s"."ReportedForcedRecoveryGeneration", "s"."SafetyHash", "s"."SafetyReasonCodesJson", "s"."SafetyRevision", "s"."SafetyUnknownPresent", "s"."SessionGeneration", "s"."UnsettledSlotOperationAttemptId", "s"."UpdatedAt"
FROM "SessionRecoveries" AS "s"
WHERE "s"."AgvId" = @__agvId_0 AND "s"."Readiness" = 'Ready'
LIMIT 2
[17:52:04 INF] Executed DbCommand (0ms) [Parameters=[@__messageType_0='?' (Size = 18)], CommandType='Text', CommandTimeout='30']
SELECT "p"."MessageId", "p"."ContentHash", "p"."FirstResponseJson", "p"."MessageType", "p"."ReceivedAt", "p"."RequestJson"
FROM "ProtocolInbox" AS "p"
WHERE "p"."MessageType" = @__messageType_0
[17:52:04 INF] Executed DbCommand (0ms) [Parameters=[@__messageType_0='?' (Size = 19)], CommandType='Text', CommandTimeout='30']
SELECT "p"."MessageId", "p"."ContentHash", "p"."FirstResponseJson", "p"."MessageType", "p"."ReceivedAt", "p"."RequestJson"
FROM "ProtocolInbox" AS "p"
WHERE "p"."MessageType" = @__messageType_0
[17:52:04 INF] Executed DbCommand (0ms) [Parameters=[], CommandType='Text', CommandTimeout='30']
SELECT "p"."MessageId", "p"."ContentHash", "p"."FirstResponseJson", "p"."MessageType", "p"."ReceivedAt", "p"."RequestJson"
FROM "ProtocolInbox" AS "p"
WHERE "p"."MessageType" IN ('SafetyStateSnapshot', 'SafetyStateChanged')
[17:52:04 INF] Executed DbCommand (0ms) [Parameters=[], CommandType='Text', CommandTimeout='30']
SELECT "p"."MessageId", "p"."ContentHash", "p"."FirstResponseJson", "p"."MessageType", "p"."ReceivedAt", "p"."RequestJson"
FROM "ProtocolInbox" AS "p"
[17:52:04 INF] Start processing HTTP request GET http://127.0.0.1:58408/api/task/vehicles/getVehicleInfoByDeviceKey?key=BROKERX-L2-0001
[17:52:04 INF] Sending HTTP request GET http://127.0.0.1:58408/api/task/vehicles/getVehicleInfoByDeviceKey?key=BROKERX-L2-0001
[17:52:04 INF] Received HTTP response headers after 0.5049ms - 200
[17:52:04 INF] End processing HTTP request after 1.3765ms - 200
[17:52:04 INF] Executed DbCommand (0ms) [Parameters=[], CommandType='Text', CommandTimeout='30']
SELECT "j"."DemandId", "j"."AcceptedAt", "j"."DecisionFingerprint", "j"."DemandCreatedAt", "j"."FirstSeenAt", "j"."LastSeenAt", "j"."ReasonCode", "j"."TransportDemandKey"
FROM "JourneyBacklog" AS "j"
[17:52:04 INF] Executed DbCommand (0ms) [Parameters=[], CommandType='Text', CommandTimeout='30']
SELECT "a"."DemandId"
FROM "AcceptedDemands" AS "a"
[17:52:04 INF] Executed DbCommand (0ms) [Parameters=[], CommandType='Text', CommandTimeout='30']
SELECT "t"."TransportDemandKey"
FROM "TransportDemandSuppressions" AS "t"
[17:52:04 INF] Executed DbCommand (0ms) [Parameters=[@p1='?' (Size = 36), @p0='?' (DbType = DateTimeOffset)], CommandType='Text', CommandTimeout='30']
UPDATE "JourneyBacklog" SET "LastSeenAt" = @p0
WHERE "DemandId" = @p1
RETURNING 1;
[17:52:04 INF] Executed DbCommand (0ms) [Parameters=[@p1='?' (Size = 36), @p0='?' (DbType = DateTimeOffset)], CommandType='Text', CommandTimeout='30']
UPDATE "JourneyBacklog" SET "LastSeenAt" = @p0
WHERE "DemandId" = @p1
RETURNING 1;
[17:52:04 INF] Executed DbCommand (0ms) [Parameters=[@__messageId_0='?' (Size = 36)], CommandType='Text', CommandTimeout='30']
SELECT "p"."MessageId", "p"."AcknowledgedAt", "p"."CreatedAt", "p"."FencedAt", "p"."MessageType", "p"."PayloadJson"
FROM "ProtocolOutbox" AS "p"
WHERE "p"."MessageId" = @__messageId_0
LIMIT 2
[17:52:04 INF] Executed DbCommand (0ms) [Parameters=[@__messageId_0='?' (Size = 36)], CommandType='Text', CommandTimeout='30']
SELECT "p"."MessageId", "p"."AcknowledgedAt", "p"."CreatedAt", "p"."FencedAt", "p"."MessageType", "p"."PayloadJson"
FROM "ProtocolOutbox" AS "p"
WHERE "p"."MessageId" = @__messageId_0
LIMIT 2
[17:52:04 INF] Executed DbCommand (1ms) [Parameters=[@p0='?' (Size = 36), @p1='?' (DbType = DateTimeOffset), @p2='?' (DbType = DateTimeOffset), @p3='?' (DbType = DateTimeOffset), @p4='?' (Size = 23), @p5='?' (Size = 623)], CommandType='Text', CommandTimeout='30']
INSERT INTO "ProtocolOutbox" ("MessageId", "AcknowledgedAt", "CreatedAt", "FencedAt", "MessageType", "PayloadJson")
VALUES (@p0, @p1, @p2, @p3, @p4, @p5);
[17:52:04 INF] Executed DbCommand (0ms) [Parameters=[@p3='?' (Size = 36), @p0='?' (DbType = Int32), @p1='?' (Size = 23), @p2='?' (DbType = DateTimeOffset)], CommandType='Text', CommandTimeout='30']
UPDATE "JourneyRuntimes" SET "NextStopSequence" = @p0, "Stage" = @p1, "UpdatedAt" = @p2
WHERE "JourneyId" = @p3
RETURNING 1;
[17:52:04 INF] Executed DbCommand (0ms) [Parameters=[@p1='?' (Size = 36), @p2='?' (DbType = Int32), @p0='?' (DbType = DateTimeOffset)], CommandType='Text', CommandTimeout='30']
UPDATE "JourneyStops" SET "UpdatedAt" = @p0
WHERE "JourneyId" = @p1 AND "Sequence" = @p2
RETURNING 1;
[17:52:04 INF] Executed DbCommand (0ms) [Parameters=[], CommandType='Text', CommandTimeout='30']
SELECT "p"."MessageId", "p"."ContentHash", "p"."FirstResponseJson", "p"."MessageType", "p"."ReceivedAt", "p"."RequestJson"
FROM "ProtocolInbox" AS "p"
WHERE "p"."MessageType" = 'PreDepartureSafetyCheckResult'
[17:52:04 INF] Executed DbCommand (0ms) [Parameters=[@__messageId_0='?' (Size = 36)], CommandType='Text', CommandTimeout='30']
SELECT "p"."MessageId", "p"."ContentHash", "p"."FirstResponseJson", "p"."MessageType", "p"."ReceivedAt", "p"."RequestJson"
FROM "ProtocolInbox" AS "p"
WHERE "p"."MessageId" = @__messageId_0
LIMIT 2
[17:52:04 INF] Executed DbCommand (0ms) [Parameters=[@p0='?' (Size = 36), @p1='?' (Size = 64), @p2='?' (Size = 677), @p3='?' (Size = 29), @p4='?' (DbType = DateTimeOffset), @p5='?' (Size = 803)], CommandType='Text', CommandTimeout='30']
INSERT INTO "ProtocolInbox" ("MessageId", "ContentHash", "FirstResponseJson", "MessageType", "ReceivedAt", "RequestJson")
VALUES (@p0, @p1, @p2, @p3, @p4, @p5);
[17:52:04 INF] Executed DbCommand (0ms) [Parameters=[], CommandType='Text', CommandTimeout='30']
SELECT "p"."MessageId", "p"."ContentHash", "p"."FirstResponseJson", "p"."MessageType", "p"."ReceivedAt", "p"."RequestJson"
FROM "ProtocolInbox" AS "p"
WHERE "p"."MessageType" = 'PreDepartureSafetyCheckResult'
[17:52:04 INF] Executed DbCommand (0ms) [Parameters=[@__intent_MovementLegId_0='?' (Size = 36), @__intent_UpperId_1='?' (Size = 45)], CommandType='Text', CommandTimeout='30']
SELECT "o"."MovementLegId", "o"."AgvLifecycleGeneration", "o"."CreateAttemptCount", "o"."CreateAttemptId", "o"."CreateDispatchArmedAt", "o"."CreatedAt", "o"."DemandId", "o"."DestinationStationId", "o"."DispatchAuditSequence", "o"."DispatchAuditVersion", "o"."DispatchGeneration", "o"."ExperimentalCreateAuthorizationId", "o"."LastCreateOutcome", "o"."LastCreateOutcomeAt", "o"."LastCreateReceiptJson", "o"."LastReconciliationOutcome", "o"."LastReconciliationOutcomeAt", "o"."LastReconciliationReceiptJson", "o"."MapId", "o"."OrderId", "o"."Purpose", "o"."Status", "o"."TargetStationId", "o"."UpperId", "o"."VehicleKey"
FROM "OrderIntents" AS "o"
WHERE "o"."MovementLegId" = @__intent_MovementLegId_0 OR "o"."UpperId" = @__intent_UpperId_1
LIMIT 2
[17:52:04 INF] Executed DbCommand (1ms) [Parameters=[@p0='?' (Size = 36), @p1='?' (DbType = Int64), @p2='?' (DbType = Int32), @p3='?', @p4='?' (DbType = DateTimeOffset), @p5='?' (DbType = DateTimeOffset), @p6='?' (Size = 36), @p7='?' (DbType = Int32), @p8='?' (DbType = Int64), @p9='?' (DbType = Int32), @p10='?' (DbType = Int64), @p11='?', @p12='?', @p13='?' (DbType = DateTimeOffset), @p14='?', @p15='?', @p16='?' (DbType = DateTimeOffset), @p17='?', @p18='?' (DbType = Int32), @p19='?', @p20='?' (Size = 9), @p21='?' (Size = 22), @p22='?' (Size = 4), @p23='?' (Size = 45), @p24='?' (Size = 15)], CommandType='Text', CommandTimeout='30']
INSERT INTO "OrderIntents" ("MovementLegId", "AgvLifecycleGeneration", "CreateAttemptCount", "CreateAttemptId", "CreateDispatchArmedAt", "CreatedAt", "DemandId", "DestinationStationId", "DispatchAuditSequence", "DispatchAuditVersion", "DispatchGeneration", "ExperimentalCreateAuthorizationId", "LastCreateOutcome", "LastCreateOutcomeAt", "LastCreateReceiptJson", "LastReconciliationOutcome", "LastReconciliationOutcomeAt", "LastReconciliationReceiptJson", "MapId", "OrderId", "Purpose", "Status", "TargetStationId", "UpperId", "VehicleKey")
VALUES (@p0, @p1, @p2, @p3, @p4, @p5, @p6, @p7, @p8, @p9, @p10, @p11, @p12, @p13, @p14, @p15, @p16, @p17, @p18, @p19, @p20, @p21, @p22, @p23, @p24);
[17:52:04 INF] Executed DbCommand (0ms) [Parameters=[@__upperId_0='?' (Size = 45)], CommandType='Text', CommandTimeout='30']
SELECT "o"."MovementLegId", "o"."AgvLifecycleGeneration", "o"."CreateAttemptCount", "o"."CreateAttemptId", "o"."CreateDispatchArmedAt", "o"."CreatedAt", "o"."DemandId", "o"."DestinationStationId", "o"."DispatchAuditSequence", "o"."DispatchAuditVersion", "o"."DispatchGeneration", "o"."ExperimentalCreateAuthorizationId", "o"."LastCreateOutcome", "o"."LastCreateOutcomeAt", "o"."LastCreateReceiptJson", "o"."LastReconciliationOutcome", "o"."LastReconciliationOutcomeAt", "o"."LastReconciliationReceiptJson", "o"."MapId", "o"."OrderId", "o"."Purpose", "o"."Status", "o"."TargetStationId", "o"."UpperId", "o"."VehicleKey"
FROM "OrderIntents" AS "o"
WHERE "o"."UpperId" = @__upperId_0
LIMIT 2
[17:52:04 INF] Executed DbCommand (0ms) [Parameters=[], CommandType='Text', CommandTimeout='30']
SELECT "e"."AuthorizationId", "e"."AgvLifecycleGeneration", "e"."AuthorizationVersion", "e"."ConsumedAt", "e"."ConsumedByAttemptId", "e"."DemandId", "e"."DispatchGeneration", "e"."ExpiresAt", "e"."MovementLegId", "e"."PersistedAt", "e"."UpperId"
FROM "ExperimentalRiotCreateAuthorizations" AS "e"
WHERE 0
LIMIT 2
[17:52:04 INF] Start processing HTTP request GET http://127.0.0.1:58408/api/order/v1/orderRecord/detailByUpperId/W2G-63b5d126-d8cd-4453-b673-6cef7301ca3e-S2-1
[17:52:04 INF] Sending HTTP request GET http://127.0.0.1:58408/api/order/v1/orderRecord/detailByUpperId/W2G-63b5d126-d8cd-4453-b673-6cef7301ca3e-S2-1
[17:52:04 INF] Received HTTP response headers after 0.4881ms - 404
[17:52:04 INF] End processing HTTP request after 1.1003ms - 404
[17:52:04 INF] Executed DbCommand (0ms) [Parameters=[@__upperId_0='?' (Size = 45)], CommandType='Text', CommandTimeout='30']
SELECT "o"."MovementLegId", "o"."AgvLifecycleGeneration", "o"."CreateAttemptCount", "o"."CreateAttemptId", "o"."CreateDispatchArmedAt", "o"."CreatedAt", "o"."DemandId", "o"."DestinationStationId", "o"."DispatchAuditSequence", "o"."DispatchAuditVersion", "o"."DispatchGeneration", "o"."ExperimentalCreateAuthorizationId", "o"."LastCreateOutcome", "o"."LastCreateOutcomeAt", "o"."LastCreateReceiptJson", "o"."LastReconciliationOutcome", "o"."LastReconciliationOutcomeAt", "o"."LastReconciliationReceiptJson", "o"."MapId", "o"."OrderId", "o"."Purpose", "o"."Status", "o"."TargetStationId", "o"."UpperId", "o"."VehicleKey"
FROM "OrderIntents" AS "o"
WHERE "o"."UpperId" = @__upperId_0
LIMIT 2
[17:52:04 INF] Executed DbCommand (0ms) [Parameters=[@p4='?' (Size = 36), @p5='?' (DbType = Int32), @p0='?' (DbType = Int64), @p6='?' (DbType = Int64), @p8='?', @p1='?' (Size = 31), @p2='?' (DbType = DateTimeOffset), @p3='?' (Size = 188), @p7='?' (Size = 22)], CommandType='Text', CommandTimeout='30']
UPDATE "OrderIntents" SET "DispatchAuditSequence" = @p0, "LastReconciliationOutcome" = @p1, "LastReconciliationOutcomeAt" = @p2, "LastReconciliationReceiptJson" = @p3
WHERE "MovementLegId" = @p4 AND "CreateAttemptCount" = @p5 AND "DispatchAuditSequence" = @p6 AND "ExperimentalCreateAuthorizationId" IS NULL AND "Status" = @p7
RETURNING 1;
[17:52:04 INF] Executed DbCommand (0ms) [Parameters=[@p0='?' (Size = 36), @p1='?', @p2='?' (DbType = Int32), @p3='?', @p4='?' (Size = 36), @p5='?' (DbType = Int64), @p6='?', @p7='?', @p8='?', @p9='?' (DbType = Int32), @p10='?' (Size = 36), @p11='?' (DbType = DateTimeOffset), @p12='?' (Size = 9), @p13='?' (Size = 25), @p14='?' (Size = 8), @p15='?' (DbType = DateTimeOffset), @p16='?' (Size = 9), @p17='?', @p18='?' (DbType = Boolean), @p19='?', @p20='?' (DbType = Int64), @p21='?' (Size = 45)], CommandType='Text', CommandTimeout='30']
INSERT INTO "RiotDispatchAuditEvents" ("AuditEventId", "AttemptId", "AttemptNumber", "BusinessCode", "DemandId", "DispatchGeneration", "EligibilityBasis", "ExperimentalAuthorizationId", "FailureCategory", "HttpStatusCode", "MovementLegId", "OccurredAt", "Outcome", "Phase", "ReceiptClassification", "ReceiptObservedAt", "ReceiptOperation", "RequestSemanticSha256", "ResultPresent", "ReturnedOrderId", "Sequence", "UpperId")
VALUES (@p0, @p1, @p2, @p3, @p4, @p5, @p6, @p7, @p8, @p9, @p10, @p11, @p12, @p13, @p14, @p15, @p16, @p17, @p18, @p19, @p20, @p21);
[17:52:04 INF] Executed DbCommand (0ms) [Parameters=[@__upperId_0='?' (Size = 45)], CommandType='Text', CommandTimeout='30']
SELECT "o"."MovementLegId", "o"."AgvLifecycleGeneration", "o"."CreateAttemptCount", "o"."CreateAttemptId", "o"."CreateDispatchArmedAt", "o"."CreatedAt", "o"."DemandId", "o"."DestinationStationId", "o"."DispatchAuditSequence", "o"."DispatchAuditVersion", "o"."DispatchGeneration", "o"."ExperimentalCreateAuthorizationId", "o"."LastCreateOutcome", "o"."LastCreateOutcomeAt", "o"."LastCreateReceiptJson", "o"."LastReconciliationOutcome", "o"."LastReconciliationOutcomeAt", "o"."LastReconciliationReceiptJson", "o"."MapId", "o"."OrderId", "o"."Purpose", "o"."Status", "o"."TargetStationId", "o"."UpperId", "o"."VehicleKey"
FROM "OrderIntents" AS "o"
WHERE "o"."UpperId" = @__upperId_0
LIMIT 2
[17:52:04 INF] Executed DbCommand (0ms) [Parameters=[@p7='?' (Size = 36), @p0='?' (DbType = Int32), @p8='?' (DbType = Int32), @p1='?' (Size = 36), @p2='?' (DbType = DateTimeOffset), @p3='?' (DbType = Int64), @p9='?' (DbType = Int64), @p11='?', @p4='?' (Size = 13), @p5='?' (DbType = DateTimeOffset), @p6='?' (Size = 16), @p10='?' (Size = 22)], CommandType='Text', CommandTimeout='30']
UPDATE "OrderIntents" SET "CreateAttemptCount" = @p0, "CreateAttemptId" = @p1, "CreateDispatchArmedAt" = @p2, "DispatchAuditSequence" = @p3, "LastCreateOutcome" = @p4, "LastCreateOutcomeAt" = @p5, "Status" = @p6
WHERE "MovementLegId" = @p7 AND "CreateAttemptCount" = @p8 AND "DispatchAuditSequence" = @p9 AND "ExperimentalCreateAuthorizationId" IS NULL AND "Status" = @p10
RETURNING 1;
[17:52:04 INF] Executed DbCommand (0ms) [Parameters=[@p0='?' (Size = 36), @p1='?' (Size = 36), @p2='?' (DbType = Int32), @p3='?', @p4='?' (Size = 36), @p5='?' (DbType = Int64), @p6='?', @p7='?', @p8='?', @p9='?' (DbType = Int32), @p10='?' (Size = 36), @p11='?' (DbType = DateTimeOffset), @p12='?' (Size = 5), @p13='?' (Size = 15), @p14='?', @p15='?' (DbType = DateTimeOffset), @p16='?', @p17='?' (Size = 64), @p18='?' (DbType = Boolean), @p19='?', @p20='?' (DbType = Int64), @p21='?' (Size = 45)], CommandType='Text', CommandTimeout='30']
INSERT INTO "RiotDispatchAuditEvents" ("AuditEventId", "AttemptId", "AttemptNumber", "BusinessCode", "DemandId", "DispatchGeneration", "EligibilityBasis", "ExperimentalAuthorizationId", "FailureCategory", "HttpStatusCode", "MovementLegId", "OccurredAt", "Outcome", "Phase", "ReceiptClassification", "ReceiptObservedAt", "ReceiptOperation", "RequestSemanticSha256", "ResultPresent", "ReturnedOrderId", "Sequence", "UpperId")
VALUES (@p0, @p1, @p2, @p3, @p4, @p5, @p6, @p7, @p8, @p9, @p10, @p11, @p12, @p13, @p14, @p15, @p16, @p17, @p18, @p19, @p20, @p21);
[17:52:04 INF] Executed DbCommand (0ms) [Parameters=[@__upperId_0='?' (Size = 45)], CommandType='Text', CommandTimeout='30']
SELECT "o"."MovementLegId", "o"."AgvLifecycleGeneration", "o"."CreateAttemptCount", "o"."CreateAttemptId", "o"."CreateDispatchArmedAt", "o"."CreatedAt", "o"."DemandId", "o"."DestinationStationId", "o"."DispatchAuditSequence", "o"."DispatchAuditVersion", "o"."DispatchGeneration", "o"."ExperimentalCreateAuthorizationId", "o"."LastCreateOutcome", "o"."LastCreateOutcomeAt", "o"."LastCreateReceiptJson", "o"."LastReconciliationOutcome", "o"."LastReconciliationOutcomeAt", "o"."LastReconciliationReceiptJson", "o"."MapId", "o"."OrderId", "o"."Purpose", "o"."Status", "o"."TargetStationId", "o"."UpperId", "o"."VehicleKey"
FROM "OrderIntents" AS "o"
WHERE "o"."UpperId" = @__upperId_0
LIMIT 2
[17:52:04 INF] Executed DbCommand (0ms) [Parameters=[@p3='?' (Size = 36), @p4='?' (DbType = Int32), @p0='?' (DbType = Int64), @p5='?' (DbType = Int64), @p7='?', @p1='?' (Size = 20), @p2='?' (DbType = DateTimeOffset), @p6='?' (Size = 16)], CommandType='Text', CommandTimeout='30']
UPDATE "OrderIntents" SET "DispatchAuditSequence" = @p0, "LastCreateOutcome" = @p1, "LastCreateOutcomeAt" = @p2
WHERE "MovementLegId" = @p3 AND "CreateAttemptCount" = @p4 AND "DispatchAuditSequence" = @p5 AND "ExperimentalCreateAuthorizationId" IS NULL AND "Status" = @p6
RETURNING 1;
[17:52:04 INF] Executed DbCommand (0ms) [Parameters=[@p0='?' (Size = 36), @p1='?' (Size = 36), @p2='?' (DbType = Int32), @p3='?', @p4='?' (Size = 36), @p5='?' (DbType = Int64), @p6='?', @p7='?', @p8='?', @p9='?' (DbType = Int32), @p10='?' (Size = 36), @p11='?' (DbType = DateTimeOffset), @p12='?' (Size = 7), @p13='?' (Size = 14), @p14='?', @p15='?' (DbType = DateTimeOffset), @p16='?', @p17='?' (Size = 64), @p18='?' (DbType = Boolean), @p19='?', @p20='?' (DbType = Int64), @p21='?' (Size = 45)], CommandType='Text', CommandTimeout='30']
INSERT INTO "RiotDispatchAuditEvents" ("AuditEventId", "AttemptId", "AttemptNumber", "BusinessCode", "DemandId", "DispatchGeneration", "EligibilityBasis", "ExperimentalAuthorizationId", "FailureCategory", "HttpStatusCode", "MovementLegId", "OccurredAt", "Outcome", "Phase", "ReceiptClassification", "ReceiptObservedAt", "ReceiptOperation", "RequestSemanticSha256", "ResultPresent", "ReturnedOrderId", "Sequence", "UpperId")
VALUES (@p0, @p1, @p2, @p3, @p4, @p5, @p6, @p7, @p8, @p9, @p10, @p11, @p12, @p13, @p14, @p15, @p16, @p17, @p18, @p19, @p20, @p21);
[17:52:04 INF] Start processing HTTP request POST http://127.0.0.1:58408/api/order/v1/add/byDefaultMissions
[17:52:04 INF] Sending HTTP request POST http://127.0.0.1:58408/api/order/v1/add/byDefaultMissions
[17:52:04 INF] Received HTTP response headers after 0.6689ms - 200
[17:52:04 INF] End processing HTTP request after 1.261ms - 200
[17:52:04 INF] Executed DbCommand (0ms) [Parameters=[@__upperId_0='?' (Size = 45)], CommandType='Text', CommandTimeout='30']
SELECT "o"."MovementLegId", "o"."AgvLifecycleGeneration", "o"."CreateAttemptCount", "o"."CreateAttemptId", "o"."CreateDispatchArmedAt", "o"."CreatedAt", "o"."DemandId", "o"."DestinationStationId", "o"."DispatchAuditSequence", "o"."DispatchAuditVersion", "o"."DispatchGeneration", "o"."ExperimentalCreateAuthorizationId", "o"."LastCreateOutcome", "o"."LastCreateOutcomeAt", "o"."LastCreateReceiptJson", "o"."LastReconciliationOutcome", "o"."LastReconciliationOutcomeAt", "o"."LastReconciliationReceiptJson", "o"."MapId", "o"."OrderId", "o"."Purpose", "o"."Status", "o"."TargetStationId", "o"."UpperId", "o"."VehicleKey"
FROM "OrderIntents" AS "o"
WHERE "o"."UpperId" = @__upperId_0
LIMIT 2
[17:52:04 INF] Executed DbCommand (0ms) [Parameters=[@p4='?' (Size = 36), @p5='?' (DbType = Int32), @p0='?' (DbType = Int64), @p6='?' (DbType = Int64), @p8='?', @p1='?' (Size = 22), @p2='?' (DbType = DateTimeOffset), @p3='?' (Size = 188), @p7='?' (Size = 16)], CommandType='Text', CommandTimeout='30']
UPDATE "OrderIntents" SET "DispatchAuditSequence" = @p0, "LastCreateOutcome" = @p1, "LastCreateOutcomeAt" = @p2, "LastCreateReceiptJson" = @p3
WHERE "MovementLegId" = @p4 AND "CreateAttemptCount" = @p5 AND "DispatchAuditSequence" = @p6 AND "ExperimentalCreateAuthorizationId" IS NULL AND "Status" = @p7
RETURNING 1;
[17:52:04 INF] Executed DbCommand (0ms) [Parameters=[@p0='?' (Size = 36), @p1='?' (Size = 36), @p2='?' (DbType = Int32), @p3='?', @p4='?' (Size = 36), @p5='?' (DbType = Int64), @p6='?', @p7='?', @p8='?', @p9='?' (DbType = Int32), @p10='?' (Size = 36), @p11='?' (DbType = DateTimeOffset), @p12='?' (Size = 8), @p13='?' (Size = 15), @p14='?' (Size = 11), @p15='?' (DbType = DateTimeOffset), @p16='?' (Size = 6), @p17='?', @p18='?' (DbType = Boolean), @p19='?' (Size = 12), @p20='?' (DbType = Int64), @p21='?' (Size = 45)], CommandType='Text', CommandTimeout='30']
INSERT INTO "RiotDispatchAuditEvents" ("AuditEventId", "AttemptId", "AttemptNumber", "BusinessCode", "DemandId", "DispatchGeneration", "EligibilityBasis", "ExperimentalAuthorizationId", "FailureCategory", "HttpStatusCode", "MovementLegId", "OccurredAt", "Outcome", "Phase", "ReceiptClassification", "ReceiptObservedAt", "ReceiptOperation", "RequestSemanticSha256", "ResultPresent", "ReturnedOrderId", "Sequence", "UpperId")
VALUES (@p0, @p1, @p2, @p3, @p4, @p5, @p6, @p7, @p8, @p9, @p10, @p11, @p12, @p13, @p14, @p15, @p16, @p17, @p18, @p19, @p20, @p21);
[17:52:04 INF] Start processing HTTP request GET http://127.0.0.1:58408/api/order/v1/orderRecord/detailByUpperId/W2G-63b5d126-d8cd-4453-b673-6cef7301ca3e-S2-1
[17:52:04 INF] Sending HTTP request GET http://127.0.0.1:58408/api/order/v1/orderRecord/detailByUpperId/W2G-63b5d126-d8cd-4453-b673-6cef7301ca3e-S2-1
[17:52:04 INF] Received HTTP response headers after 0.4204ms - 200
[17:52:04 INF] End processing HTTP request after 1.0011ms - 200
[17:52:04 INF] Executed DbCommand (0ms) [Parameters=[@__upperId_0='?' (Size = 45)], CommandType='Text', CommandTimeout='30']
SELECT "o"."MovementLegId", "o"."AgvLifecycleGeneration", "o"."CreateAttemptCount", "o"."CreateAttemptId", "o"."CreateDispatchArmedAt", "o"."CreatedAt", "o"."DemandId", "o"."DestinationStationId", "o"."DispatchAuditSequence", "o"."DispatchAuditVersion", "o"."DispatchGeneration", "o"."ExperimentalCreateAuthorizationId", "o"."LastCreateOutcome", "o"."LastCreateOutcomeAt", "o"."LastCreateReceiptJson", "o"."LastReconciliationOutcome", "o"."LastReconciliationOutcomeAt", "o"."LastReconciliationReceiptJson", "o"."MapId", "o"."OrderId", "o"."Purpose", "o"."Status", "o"."TargetStationId", "o"."UpperId", "o"."VehicleKey"
FROM "OrderIntents" AS "o"
WHERE "o"."UpperId" = @__upperId_0
LIMIT 2
[17:52:04 INF] Executed DbCommand (0ms) [Parameters=[@p6='?' (Size = 36), @p7='?' (DbType = Int32), @p0='?' (DbType = Int64), @p8='?' (DbType = Int64), @p10='?', @p1='?' (Size = 33), @p2='?' (DbType = DateTimeOffset), @p3='?' (Size = 185), @p4='?' (Size = 12), @p5='?' (Size = 9), @p9='?' (Size = 16)], CommandType='Text', CommandTimeout='30']
UPDATE "OrderIntents" SET "DispatchAuditSequence" = @p0, "LastReconciliationOutcome" = @p1, "LastReconciliationOutcomeAt" = @p2, "LastReconciliationReceiptJson" = @p3, "OrderId" = @p4, "Status" = @p5
WHERE "MovementLegId" = @p6 AND "CreateAttemptCount" = @p7 AND "DispatchAuditSequence" = @p8 AND "ExperimentalCreateAuthorizationId" IS NULL AND "Status" = @p9
RETURNING 1;
[17:52:04 INF] Executed DbCommand (0ms) [Parameters=[@p0='?' (Size = 36), @p1='?' (Size = 36), @p2='?' (DbType = Int32), @p3='?', @p4='?' (Size = 36), @p5='?' (DbType = Int64), @p6='?', @p7='?', @p8='?', @p9='?' (DbType = Int32), @p10='?' (Size = 36), @p11='?' (DbType = DateTimeOffset), @p12='?' (Size = 9), @p13='?' (Size = 26), @p14='?' (Size = 5), @p15='?' (DbType = DateTimeOffset), @p16='?' (Size = 9), @p17='?', @p18='?' (DbType = Boolean), @p19='?' (Size = 12), @p20='?' (DbType = Int64), @p21='?' (Size = 45)], CommandType='Text', CommandTimeout='30']
INSERT INTO "RiotDispatchAuditEvents" ("AuditEventId", "AttemptId", "AttemptNumber", "BusinessCode", "DemandId", "DispatchGeneration", "EligibilityBasis", "ExperimentalAuthorizationId", "FailureCategory", "HttpStatusCode", "MovementLegId", "OccurredAt", "Outcome", "Phase", "ReceiptClassification", "ReceiptObservedAt", "ReceiptOperation", "RequestSemanticSha256", "ResultPresent", "ReturnedOrderId", "Sequence", "UpperId")
VALUES (@p0, @p1, @p2, @p3, @p4, @p5, @p6, @p7, @p8, @p9, @p10, @p11, @p12, @p13, @p14, @p15, @p16, @p17, @p18, @p19, @p20, @p21);
[17:52:04 INF] Executed DbCommand (0ms) [Parameters=[], CommandType='Text', CommandTimeout='30']
SELECT "p"."MessageId", "p"."ContentHash", "p"."FirstResponseJson", "p"."MessageType", "p"."ReceivedAt", "p"."RequestJson"
FROM "ProtocolInbox" AS "p"
WHERE "p"."MessageType" = 'PreDepartureSafetyCheckResult'
[17:52:04 INF] Executed DbCommand (0ms) [Parameters=[@__messageId_0='?' (Size = 36)], CommandType='Text', CommandTimeout='30']
SELECT "p"."MessageId", "p"."AcknowledgedAt", "p"."CreatedAt", "p"."FencedAt", "p"."MessageType", "p"."PayloadJson"
FROM "ProtocolOutbox" AS "p"
WHERE "p"."MessageId" = @__messageId_0
LIMIT 2
[17:52:04 INF] Executed DbCommand (0ms) [Parameters=[@p1='?' (Size = 36), @p2='?' (DbType = Int32), @p0='?' (Size = 36)], CommandType='Text', CommandTimeout='30']
UPDATE "JourneyStops" SET "ConsumedSafetyResultMessageId" = @p0
WHERE "JourneyId" = @p1 AND "Sequence" = @p2
RETURNING 1;
[17:52:04 INF] Executed DbCommand (0ms) [Parameters=[@p1='?' (Size = 36), @p0='?' (DbType = DateTimeOffset)], CommandType='Text', CommandTimeout='30']
UPDATE "ProtocolOutbox" SET "AcknowledgedAt" = @p0
WHERE "MessageId" = @p1
RETURNING 1;
[17:52:04 INF] Executed DbCommand (0ms) [Parameters=[@p4='?' (Size = 36), @p0='?' (DbType = Int32), @p1='?' (DbType = Int32), @p2='?' (Size = 21), @p3='?' (DbType = DateTimeOffset)], CommandType='Text', CommandTimeout='30']
UPDATE "JourneyRuntimes" SET "CurrentStopSequence" = @p0, "NextStopSequence" = @p1, "Stage" = @p2, "UpdatedAt" = @p3
WHERE "JourneyId" = @p4
RETURNING 1;
[17:52:04 INF] Executed DbCommand (0ms) [Parameters=[@p2='?' (Size = 36), @p3='?' (DbType = Int32), @p0='?' (Size = 9), @p1='?' (DbType = DateTimeOffset)], CommandType='Text', CommandTimeout='30']
UPDATE "JourneyStops" SET "State" = @p0, "UpdatedAt" = @p1
WHERE "JourneyId" = @p2 AND "Sequence" = @p3
RETURNING 1;
[17:52:04 INF] Executed DbCommand (0ms) [Parameters=[@p1='?' (Size = 36), @p2='?' (DbType = Int32), @p0='?' (DbType = DateTimeOffset)], CommandType='Text', CommandTimeout='30']
UPDATE "JourneyStops" SET "UpdatedAt" = @p0
WHERE "JourneyId" = @p1 AND "Sequence" = @p2
RETURNING 1;
[17:52:05 INF] Start processing HTTP request GET http://127.0.0.1:58408/api/task/v1/task/getVehicleInfo/BROKERX-L2-0001
[17:52:05 INF] Sending HTTP request GET http://127.0.0.1:58408/api/task/v1/task/getVehicleInfo/BROKERX-L2-0001
[17:52:05 INF] Received HTTP response headers after 0.5797ms - 200
[17:52:05 INF] End processing HTTP request after 1.9609ms - 200
[17:52:05 INF] Start processing HTTP request GET http://127.0.0.1:58408/api/order/v1/orderRecord?pageNum=1&pageSize=100&filterByState=1&filterByState=3&filterByState=7&filterByState=9
[17:52:05 INF] Sending HTTP request GET http://127.0.0.1:58408/api/order/v1/orderRecord?pageNum=1&pageSize=100&filterByState=1&filterByState=3&filterByState=7&filterByState=9
[17:52:05 INF] Received HTTP response headers after 0.4872ms - 200
[17:52:05 INF] End processing HTTP request after 1.2207ms - 200
[17:52:05 INF] HTTP GET /api/onboard/v1/vehicle-safety responded 200 in 4.1537 ms
[17:52:05 INF] Executed DbCommand (0ms) [Parameters=[@__messageId_0='?' (Size = 36)], CommandType='Text', CommandTimeout='30']
SELECT "p"."MessageId", "p"."ContentHash", "p"."FirstResponseJson", "p"."MessageType", "p"."ReceivedAt", "p"."RequestJson"
FROM "ProtocolInbox" AS "p"
WHERE "p"."MessageId" = @__messageId_0
LIMIT 2
[17:52:05 INF] Executed DbCommand (0ms) [Parameters=[@p0='?' (Size = 36), @p1='?' (Size = 64), @p2='?' (Size = 536), @p3='?' (Size = 9), @p4='?' (DbType = DateTimeOffset), @p5='?' (Size = 428)], CommandType='Text', CommandTimeout='30']
INSERT INTO "ProtocolInbox" ("MessageId", "ContentHash", "FirstResponseJson", "MessageType", "ReceivedAt", "RequestJson")
VALUES (@p0, @p1, @p2, @p3, @p4, @p5);
[17:52:06 INF] Start processing HTTP request GET http://127.0.0.1:58408/api/task/v1/task/getVehicleInfo/BROKERX-L2-0001
[17:52:06 INF] Sending HTTP request GET http://127.0.0.1:58408/api/task/v1/task/getVehicleInfo/BROKERX-L2-0001
[17:52:06 INF] Received HTTP response headers after 0.4031ms - 200
[17:52:06 INF] End processing HTTP request after 3.5308ms - 200
[17:52:06 INF] Start processing HTTP request GET http://127.0.0.1:58408/api/order/v1/orderRecord?pageNum=1&pageSize=100&filterByState=1&filterByState=3&filterByState=7&filterByState=9
[17:52:06 INF] Sending HTTP request GET http://127.0.0.1:58408/api/order/v1/orderRecord?pageNum=1&pageSize=100&filterByState=1&filterByState=3&filterByState=7&filterByState=9
[17:52:06 INF] Received HTTP response headers after 0.4015ms - 200
[17:52:06 INF] End processing HTTP request after 1.1883ms - 200
[17:52:06 INF] HTTP GET /api/onboard/v1/vehicle-safety responded 200 in 5.8880 ms
[17:52:06 INF] Start processing HTTP request GET http://127.0.0.1:58408/api/imap/v1/mapInfo/stations/25
[17:52:06 INF] Sending HTTP request GET http://127.0.0.1:58408/api/imap/v1/mapInfo/stations/25
[17:52:06 INF] Received HTTP response headers after 0.5076ms - 200
[17:52:06 INF] End processing HTTP request after 3.6632ms - 200
[17:52:06 INF] Executed DbCommand (0ms) [Parameters=[], CommandType='Text', CommandTimeout='30']
SELECT "a"."Id", "a"."ContentHash", "a"."DeploymentId", "a"."ImportedAt", "a"."Version"
FROM "AdmissionPolicyState" AS "a"
WHERE "a"."Id" = 1
LIMIT 2
[17:52:06 INF] Executed DbCommand (0ms) [Parameters=[], CommandType='Text', CommandTimeout='30']
SELECT "j"."JourneyId", "j"."AgvId", "j"."AgvLifecycleGeneration", "j"."BlockReasonCode", "j"."CreatedAt", "j"."CurrentStopSequence", "j"."DispatchGeneration", "j"."DispatchZone", "j"."GateStationId", "j"."GateStationRiotId", "j"."HoldingStartedAt", "j"."LoadingClosedReason", "j"."MapId", "j"."MapIdentity", "j"."NextStopSequence", "j"."OperationSessionId", "j"."PlanRevision", "j"."Stage", "j"."UpdatedAt", "j"."VehicleBusinessRevision", "j"."VehicleKey", "j"."WorklistRevision"
FROM "JourneyRuntimes" AS "j"
WHERE "j"."Stage" <> 'Completed'
[17:52:06 INF] Executed DbCommand (0ms) [Parameters=[@__runtime_JourneyId_0='?' (Size = 36)], CommandType='Text', CommandTimeout='30']
SELECT "j"."JourneyId", "j"."Sequence", "j"."ConsumedSafetyResultMessageId", "j"."CreatedAt", "j"."LegType", "j"."LoadRound", "j"."MovementLegId", "j"."PlanMessageId", "j"."PlanRevision", "j"."PreDepartureSafetyCheckId", "j"."PreDepartureSafetyCheckMessageId", "j"."Role", "j"."RouteEvidenceId", "j"."State", "j"."StationId", "j"."StationRiotId", "j"."SublotWaitStartedAt", "j"."UpdatedAt", "j"."UpperId", "j"."VehicleBusinessMessageId", "j"."VehicleBusinessRevision", "j"."WorklistRevision"
FROM "JourneyStops" AS "j"
WHERE "j"."JourneyId" = @__runtime_JourneyId_0
[17:52:06 INF] Executed DbCommand (0ms) [Parameters=[@__runtime_JourneyId_0='?' (Size = 36)], CommandType='Text', CommandTimeout='30']
SELECT "j"."JourneyId", "j"."DemandId", "j"."ConsumedSublotMessageId", "j"."CreatedAt", "j"."ExpectedBasketCount", "j"."LoadCommandMessageId", "j"."LoadCommandedAt", "j"."LoadSlotOperationAttemptId", "j"."LoadedAt", "j"."State", "j"."StopSequence", "j"."TargetSlotsJson", "j"."UnloadCommandMessageId", "j"."UnloadCommandedAt", "j"."UnloadSlotOperationAttemptId"
FROM "JourneyDemands" AS "j"
WHERE "j"."JourneyId" = @__runtime_JourneyId_0
[17:52:06 INF] Executed DbCommand (0ms) [Parameters=[@__agvId_0='?' (Size = 10)], CommandType='Text', CommandTimeout='30']
SELECT "s"."AgvId", "s"."ActiveUnlockSlotsJson", "s"."CapabilityHash", "s"."CapabilityRevision", "s"."DepartureSafe", "s"."ForcedRecoveryGeneration", "s"."ManifestSha256", "s"."PendingAttemptIdsJson", "s"."PendingResultIdsJson", "s"."ProfileId", "s"."ProtocolCommit", "s"."ProtocolVersion", "s"."ProvenRecoveryCheckpoint", "s"."Readiness", "s"."ReasonCode", "s"."RecoveryReportId", "s"."ReportedForcedRecoveryGeneration", "s"."SafetyHash", "s"."SafetyReasonCodesJson", "s"."SafetyRevision", "s"."SafetyUnknownPresent", "s"."SessionGeneration", "s"."UnsettledSlotOperationAttemptId", "s"."UpdatedAt"
FROM "SessionRecoveries" AS "s"
WHERE "s"."AgvId" = @__agvId_0 AND "s"."Readiness" = 'Ready'
LIMIT 2
[17:52:06 INF] Executed DbCommand (0ms) [Parameters=[], CommandType='Text', CommandTimeout='30']
SELECT "p"."MessageId", "p"."AcknowledgedAt", "p"."CreatedAt", "p"."FencedAt", "p"."MessageType", "p"."PayloadJson"
FROM "ProtocolOutbox" AS "p"
WHERE "p"."AcknowledgedAt" IS NULL AND "p"."FencedAt" IS NULL
[17:52:06 INF] Executed DbCommand (0ms) [Parameters=[@__upperId_0='?' (Size = 45)], CommandType='Text', CommandTimeout='30']
SELECT "o"."MovementLegId", "o"."AgvLifecycleGeneration", "o"."CreateAttemptCount", "o"."CreateAttemptId", "o"."CreateDispatchArmedAt", "o"."CreatedAt", "o"."DemandId", "o"."DestinationStationId", "o"."DispatchAuditSequence", "o"."DispatchAuditVersion", "o"."DispatchGeneration", "o"."ExperimentalCreateAuthorizationId", "o"."LastCreateOutcome", "o"."LastCreateOutcomeAt", "o"."LastCreateReceiptJson", "o"."LastReconciliationOutcome", "o"."LastReconciliationOutcomeAt", "o"."LastReconciliationReceiptJson", "o"."MapId", "o"."OrderId", "o"."Purpose", "o"."Status", "o"."TargetStationId", "o"."UpperId", "o"."VehicleKey"
FROM "OrderIntents" AS "o"
WHERE "o"."UpperId" = @__upperId_0
LIMIT 2
[17:52:06 INF] Executed DbCommand (0ms) [Parameters=[@__stop_MovementLegId_0='?' (Size = 36)], CommandType='Text', CommandTimeout='30']
SELECT "o"."MovementLegId", "o"."AgvLifecycleGeneration", "o"."CreateAttemptCount", "o"."CreateAttemptId", "o"."CreateDispatchArmedAt", "o"."CreatedAt", "o"."DemandId", "o"."DestinationStationId", "o"."DispatchAuditSequence", "o"."DispatchAuditVersion", "o"."DispatchGeneration", "o"."ExperimentalCreateAuthorizationId", "o"."LastCreateOutcome", "o"."LastCreateOutcomeAt", "o"."LastCreateReceiptJson", "o"."LastReconciliationOutcome", "o"."LastReconciliationOutcomeAt", "o"."LastReconciliationReceiptJson", "o"."MapId", "o"."OrderId", "o"."Purpose", "o"."Status", "o"."TargetStationId", "o"."UpperId", "o"."VehicleKey"
FROM "OrderIntents" AS "o"
WHERE "o"."MovementLegId" = @__stop_MovementLegId_0
LIMIT 2
[17:52:06 INF] Start processing HTTP request GET http://127.0.0.1:58408/api/order/v1/orderRecord/detailByUpperId/W2G-63b5d126-d8cd-4453-b673-6cef7301ca3e-S2-1
[17:52:06 INF] Sending HTTP request GET http://127.0.0.1:58408/api/order/v1/orderRecord/detailByUpperId/W2G-63b5d126-d8cd-4453-b673-6cef7301ca3e-S2-1
[17:52:06 INF] Received HTTP response headers after 0.4759ms - 200
[17:52:06 INF] End processing HTTP request after 1.1939ms - 200
[17:52:06 INF] Start processing HTTP request GET http://127.0.0.1:58408/api/task/vehicles/getVehicleInfoByDeviceKey?key=BROKERX-L2-0001
[17:52:06 INF] Sending HTTP request GET http://127.0.0.1:58408/api/task/vehicles/getVehicleInfoByDeviceKey?key=BROKERX-L2-0001
[17:52:06 INF] Received HTTP response headers after 0.3232ms - 200
[17:52:06 INF] End processing HTTP request after 1.093ms - 200
[17:52:06 INF] Executed DbCommand (0ms) [Parameters=[@__agvId_0='?' (Size = 10)], CommandType='Text', CommandTimeout='30']
SELECT "s"."AgvId", "s"."ActiveUnlockSlotsJson", "s"."CapabilityHash", "s"."CapabilityRevision", "s"."DepartureSafe", "s"."ForcedRecoveryGeneration", "s"."ManifestSha256", "s"."PendingAttemptIdsJson", "s"."PendingResultIdsJson", "s"."ProfileId", "s"."ProtocolCommit", "s"."ProtocolVersion", "s"."ProvenRecoveryCheckpoint", "s"."Readiness", "s"."ReasonCode", "s"."RecoveryReportId", "s"."ReportedForcedRecoveryGeneration", "s"."SafetyHash", "s"."SafetyReasonCodesJson", "s"."SafetyRevision", "s"."SafetyUnknownPresent", "s"."SessionGeneration", "s"."UnsettledSlotOperationAttemptId", "s"."UpdatedAt"
FROM "SessionRecoveries" AS "s"
WHERE "s"."AgvId" = @__agvId_0 AND "s"."Readiness" = 'Ready'
LIMIT 2
[17:52:06 INF] Executed DbCommand (0ms) [Parameters=[@__messageType_0='?' (Size = 18)], CommandType='Text', CommandTimeout='30']
SELECT "p"."MessageId", "p"."ContentHash", "p"."FirstResponseJson", "p"."MessageType", "p"."ReceivedAt", "p"."RequestJson"
FROM "ProtocolInbox" AS "p"
WHERE "p"."MessageType" = @__messageType_0
[17:52:06 INF] Executed DbCommand (0ms) [Parameters=[@__messageType_0='?' (Size = 19)], CommandType='Text', CommandTimeout='30']
SELECT "p"."MessageId", "p"."ContentHash", "p"."FirstResponseJson", "p"."MessageType", "p"."ReceivedAt", "p"."RequestJson"
FROM "ProtocolInbox" AS "p"
WHERE "p"."MessageType" = @__messageType_0
[17:52:06 INF] Executed DbCommand (0ms) [Parameters=[], CommandType='Text', CommandTimeout='30']
SELECT "p"."MessageId", "p"."ContentHash", "p"."FirstResponseJson", "p"."MessageType", "p"."ReceivedAt", "p"."RequestJson"
FROM "ProtocolInbox" AS "p"
WHERE "p"."MessageType" IN ('SafetyStateSnapshot', 'SafetyStateChanged')
[17:52:06 INF] Executed DbCommand (0ms) [Parameters=[], CommandType='Text', CommandTimeout='30']
SELECT "p"."MessageId", "p"."ContentHash", "p"."FirstResponseJson", "p"."MessageType", "p"."ReceivedAt", "p"."RequestJson"
FROM "ProtocolInbox" AS "p"
[17:52:06 INF] Executed DbCommand (0ms) [Parameters=[@p1='?' (Size = 36), @p2='?' (DbType = Int32), @p0='?' (Size = 7)], CommandType='Text', CommandTimeout='30']
UPDATE "JourneyStops" SET "State" = @p0
WHERE "JourneyId" = @p1 AND "Sequence" = @p2
RETURNING 1;
[17:52:06 INF] Start processing HTTP request GET http://127.0.0.1:58409/api/v2/contract
[17:52:06 INF] Sending HTTP request GET http://127.0.0.1:58409/api/v2/contract
[17:52:06 INF] Received HTTP response headers after 0.7656ms - 200
[17:52:06 INF] End processing HTTP request after 1.3404ms - 200
[17:52:06 INF] Start processing HTTP request GET http://127.0.0.1:58409/api/v2/externally-readable-demand-catalog
[17:52:06 INF] Sending HTTP request GET http://127.0.0.1:58409/api/v2/externally-readable-demand-catalog
[17:52:06 INF] Received HTTP response headers after 0.4853ms - 200
[17:52:06 INF] End processing HTTP request after 1.2473ms - 200
[17:52:06 INF] Executed DbCommand (0ms) [Parameters=[@__agvId_0='?' (Size = 10)], CommandType='Text', CommandTimeout='30']
SELECT "s"."AgvId", "s"."ActiveUnlockSlotsJson", "s"."CapabilityHash", "s"."CapabilityRevision", "s"."DepartureSafe", "s"."ForcedRecoveryGeneration", "s"."ManifestSha256", "s"."PendingAttemptIdsJson", "s"."PendingResultIdsJson", "s"."ProfileId", "s"."ProtocolCommit", "s"."ProtocolVersion", "s"."ProvenRecoveryCheckpoint", "s"."Readiness", "s"."ReasonCode", "s"."RecoveryReportId", "s"."ReportedForcedRecoveryGeneration", "s"."SafetyHash", "s"."SafetyReasonCodesJson", "s"."SafetyRevision", "s"."SafetyUnknownPresent", "s"."SessionGeneration", "s"."UnsettledSlotOperationAttemptId", "s"."UpdatedAt"
FROM "SessionRecoveries" AS "s"
WHERE "s"."AgvId" = @__agvId_0 AND "s"."Readiness" = 'Ready'
LIMIT 2
[17:52:06 INF] Executed DbCommand (0ms) [Parameters=[@__messageType_0='?' (Size = 18)], CommandType='Text', CommandTimeout='30']
SELECT "p"."MessageId", "p"."ContentHash", "p"."FirstResponseJson", "p"."MessageType", "p"."ReceivedAt", "p"."RequestJson"
FROM "ProtocolInbox" AS "p"
WHERE "p"."MessageType" = @__messageType_0
[17:52:06 INF] Executed DbCommand (0ms) [Parameters=[@__messageType_0='?' (Size = 19)], CommandType='Text', CommandTimeout='30']
SELECT "p"."MessageId", "p"."ContentHash", "p"."FirstResponseJson", "p"."MessageType", "p"."ReceivedAt", "p"."RequestJson"
FROM "ProtocolInbox" AS "p"
WHERE "p"."MessageType" = @__messageType_0
[17:52:06 INF] Executed DbCommand (0ms) [Parameters=[], CommandType='Text', CommandTimeout='30']
SELECT "p"."MessageId", "p"."ContentHash", "p"."FirstResponseJson", "p"."MessageType", "p"."ReceivedAt", "p"."RequestJson"
FROM "ProtocolInbox" AS "p"
WHERE "p"."MessageType" IN ('SafetyStateSnapshot', 'SafetyStateChanged')
[17:52:06 INF] Executed DbCommand (0ms) [Parameters=[], CommandType='Text', CommandTimeout='30']
SELECT "p"."MessageId", "p"."ContentHash", "p"."FirstResponseJson", "p"."MessageType", "p"."ReceivedAt", "p"."RequestJson"
FROM "ProtocolInbox" AS "p"
[17:52:06 INF] Start processing HTTP request GET http://127.0.0.1:58408/api/task/vehicles/getVehicleInfoByDeviceKey?key=BROKERX-L2-0001
[17:52:06 INF] Sending HTTP request GET http://127.0.0.1:58408/api/task/vehicles/getVehicleInfoByDeviceKey?key=BROKERX-L2-0001
[17:52:06 INF] Received HTTP response headers after 0.4622ms - 200
[17:52:06 INF] End processing HTTP request after 1.2689ms - 200
[17:52:06 INF] Executed DbCommand (0ms) [Parameters=[], CommandType='Text', CommandTimeout='30']
SELECT "j"."DemandId", "j"."AcceptedAt", "j"."DecisionFingerprint", "j"."DemandCreatedAt", "j"."FirstSeenAt", "j"."LastSeenAt", "j"."ReasonCode", "j"."TransportDemandKey"
FROM "JourneyBacklog" AS "j"
[17:52:06 INF] Executed DbCommand (0ms) [Parameters=[], CommandType='Text', CommandTimeout='30']
SELECT "a"."DemandId"
FROM "AcceptedDemands" AS "a"
[17:52:06 INF] Executed DbCommand (0ms) [Parameters=[], CommandType='Text', CommandTimeout='30']
SELECT "t"."TransportDemandKey"
FROM "TransportDemandSuppressions" AS "t"
[17:52:06 INF] Executed DbCommand (0ms) [Parameters=[@p1='?' (Size = 36), @p0='?' (DbType = DateTimeOffset)], CommandType='Text', CommandTimeout='30']
UPDATE "JourneyBacklog" SET "LastSeenAt" = @p0
WHERE "DemandId" = @p1
RETURNING 1;
[17:52:06 INF] Executed DbCommand (0ms) [Parameters=[@p1='?' (Size = 36), @p0='?' (DbType = DateTimeOffset)], CommandType='Text', CommandTimeout='30']
UPDATE "JourneyBacklog" SET "LastSeenAt" = @p0
WHERE "DemandId" = @p1
RETURNING 1;
[17:52:06 INF] Executed DbCommand (0ms) [Parameters=[@__messageId_0='?' (Size = 36)], CommandType='Text', CommandTimeout='30']
SELECT "p"."MessageId", "p"."AcknowledgedAt", "p"."CreatedAt", "p"."FencedAt", "p"."MessageType", "p"."PayloadJson"
FROM "ProtocolOutbox" AS "p"
WHERE "p"."MessageId" = @__messageId_0
LIMIT 2
[17:52:06 INF] Executed DbCommand (0ms) [Parameters=[@__messageId_0='?' (Size = 36)], CommandType='Text', CommandTimeout='30']
SELECT "p"."MessageId", "p"."AcknowledgedAt", "p"."CreatedAt", "p"."FencedAt", "p"."MessageType", "p"."PayloadJson"
FROM "ProtocolOutbox" AS "p"
WHERE "p"."MessageId" = @__messageId_0
LIMIT 2
[17:52:06 INF] Executed DbCommand (0ms) [Parameters=[@p3='?' (Size = 36), @p0='?' (DbType = Int64), @p1='?' (DbType = Int64), @p2='?' (DbType = Int64)], CommandType='Text', CommandTimeout='30']
UPDATE "JourneyRuntimes" SET "PlanRevision" = @p0, "VehicleBusinessRevision" = @p1, "WorklistRevision" = @p2
WHERE "JourneyId" = @p3
RETURNING 1;
[17:52:06 INF] Executed DbCommand (0ms) [Parameters=[@p3='?' (Size = 36), @p4='?' (DbType = Int32), @p0='?' (DbType = Int64), @p1='?' (DbType = Int64), @p2='?' (DbType = Int64)], CommandType='Text', CommandTimeout='30']
UPDATE "JourneyStops" SET "PlanRevision" = @p0, "VehicleBusinessRevision" = @p1, "WorklistRevision" = @p2
WHERE "JourneyId" = @p3 AND "Sequence" = @p4
RETURNING 1;
[17:52:06 INF] Executed DbCommand (0ms) [Parameters=[@p0='?' (Size = 36), @p1='?' (DbType = DateTimeOffset), @p2='?' (DbType = DateTimeOffset), @p3='?' (DbType = DateTimeOffset), @p4='?' (Size = 28), @p5='?' (Size = 582)], CommandType='Text', CommandTimeout='30']
INSERT INTO "ProtocolOutbox" ("MessageId", "AcknowledgedAt", "CreatedAt", "FencedAt", "MessageType", "PayloadJson")
VALUES (@p0, @p1, @p2, @p3, @p4, @p5);
[17:52:06 INF] Executed DbCommand (0ms) [Parameters=[@__messageId_0='?' (Size = 36)], CommandType='Text', CommandTimeout='30']
SELECT "p"."MessageId", "p"."AcknowledgedAt", "p"."CreatedAt", "p"."FencedAt", "p"."MessageType", "p"."PayloadJson"
FROM "ProtocolOutbox" AS "p"
WHERE "p"."MessageId" = @__messageId_0
LIMIT 2
[17:52:06 INF] Executed DbCommand (0ms) [Parameters=[@__messageId_0='?' (Size = 36)], CommandType='Text', CommandTimeout='30']
SELECT "p"."MessageId", "p"."AcknowledgedAt", "p"."CreatedAt", "p"."FencedAt", "p"."MessageType", "p"."PayloadJson"
FROM "ProtocolOutbox" AS "p"
WHERE "p"."MessageId" = @__messageId_0
LIMIT 2
[17:52:06 INF] Executed DbCommand (1ms) [Parameters=[@p0='?' (Size = 36), @p1='?' (DbType = DateTimeOffset), @p2='?' (DbType = DateTimeOffset), @p3='?' (DbType = DateTimeOffset), @p4='?' (Size = 24), @p5='?' (Size = 889)], CommandType='Text', CommandTimeout='30']
INSERT INTO "ProtocolOutbox" ("MessageId", "AcknowledgedAt", "CreatedAt", "FencedAt", "MessageType", "PayloadJson")
VALUES (@p0, @p1, @p2, @p3, @p4, @p5);
[17:52:06 INF] Executed DbCommand (0ms) [Parameters=[@__ids_0='?' (Size = 79)], CommandType='Text', CommandTimeout='30']
SELECT "a"."DemandId", "a"."AcceptedAt", "a"."CatalogRevision", "a"."CreatedAt", "a"."DemandRevision", "a"."Generation", "a"."HistoryEpoch", "a"."LiveMesFieldsJson", "a"."SeriesId", "a"."Status", "a"."Sublot", "a"."TransportDemandKey", "a"."ValueObservedAt", "a"."ValuePollTraceId", "a"."ValueProjectionCommitId", "a"."WorkType"
FROM "AcceptedDemands" AS "a"
WHERE "a"."DemandId" IN (
    SELECT "i"."value"
    FROM json_each(@__ids_0) AS "i"
)
[17:52:06 INF] Executed DbCommand (0ms) [Parameters=[@__messageId_0='?' (Size = 36)], CommandType='Text', CommandTimeout='30']
SELECT "p"."MessageId", "p"."AcknowledgedAt", "p"."CreatedAt", "p"."FencedAt", "p"."MessageType", "p"."PayloadJson"
FROM "ProtocolOutbox" AS "p"
WHERE "p"."MessageId" = @__messageId_0
LIMIT 2
[17:52:06 INF] Executed DbCommand (0ms) [Parameters=[@__messageId_0='?' (Size = 36)], CommandType='Text', CommandTimeout='30']
SELECT "p"."MessageId", "p"."AcknowledgedAt", "p"."CreatedAt", "p"."FencedAt", "p"."MessageType", "p"."PayloadJson"
FROM "ProtocolOutbox" AS "p"
WHERE "p"."MessageId" = @__messageId_0
LIMIT 2
[17:52:06 INF] Executed DbCommand (0ms) [Parameters=[@p2='?' (Size = 36), @p3='?' (DbType = Int32), @p0='?' (DbType = Int32), @p1='?' (DbType = DateTimeOffset)], CommandType='Text', CommandTimeout='30']
UPDATE "JourneyStops" SET "LoadRound" = @p0, "SublotWaitStartedAt" = @p1
WHERE "JourneyId" = @p2 AND "Sequence" = @p3
RETURNING 1;
[17:52:06 INF] Executed DbCommand (0ms) [Parameters=[@__messageId_0='?' (Size = 36)], CommandType='Text', CommandTimeout='30']
SELECT "p"."MessageId", "p"."ContentHash", "p"."FirstResponseJson", "p"."MessageType", "p"."ReceivedAt", "p"."RequestJson"
FROM "ProtocolInbox" AS "p"
WHERE "p"."MessageId" = @__messageId_0
LIMIT 2
[17:52:06 INF] Executed DbCommand (0ms) [Parameters=[@p0='?' (Size = 36), @p1='?' (DbType = DateTimeOffset), @p2='?' (DbType = DateTimeOffset), @p3='?' (DbType = DateTimeOffset), @p4='?' (Size = 27), @p5='?' (Size = 817)], CommandType='Text', CommandTimeout='30']
INSERT INTO "ProtocolOutbox" ("MessageId", "AcknowledgedAt", "CreatedAt", "FencedAt", "MessageType", "PayloadJson")
VALUES (@p0, @p1, @p2, @p3, @p4, @p5);
[17:52:06 INF] Executed DbCommand (0ms) [Parameters=[@__messageId_0='?' (Size = 36)], CommandType='Text', CommandTimeout='30']
SELECT "p"."MessageId", "p"."AcknowledgedAt", "p"."CreatedAt", "p"."FencedAt", "p"."MessageType", "p"."PayloadJson"
FROM "ProtocolOutbox" AS "p"
WHERE "p"."MessageId" = @__messageId_0
LIMIT 2
[17:52:06 INF] Executed DbCommand (0ms) [Parameters=[@__messageId_0='?' (Size = 36)], CommandType='Text', CommandTimeout='30']
SELECT "p"."MessageId", "p"."AcknowledgedAt", "p"."CreatedAt", "p"."FencedAt", "p"."MessageType", "p"."PayloadJson"
FROM "ProtocolOutbox" AS "p"
WHERE "p"."MessageId" = @__messageId_0
LIMIT 2
[17:52:06 INF] Executed DbCommand (1ms) [Parameters=[@p0='?' (Size = 36), @p1='?' (DbType = DateTimeOffset), @p2='?' (DbType = DateTimeOffset), @p3='?' (DbType = DateTimeOffset), @p4='?' (Size = 20), @p5='?' (Size = 668)], CommandType='Text', CommandTimeout='30']
INSERT INTO "ProtocolOutbox" ("MessageId", "AcknowledgedAt", "CreatedAt", "FencedAt", "MessageType", "PayloadJson")
VALUES (@p0, @p1, @p2, @p3, @p4, @p5);
[17:52:06 INF] Executed DbCommand (0ms) [Parameters=[@p2='?' (Size = 36), @p0='?' (Size = 14), @p1='?' (DbType = DateTimeOffset)], CommandType='Text', CommandTimeout='30']
UPDATE "JourneyRuntimes" SET "Stage" = @p0, "UpdatedAt" = @p1
WHERE "JourneyId" = @p2
RETURNING 1;
[17:52:06 INF] Executed DbCommand (0ms) [Parameters=[@p1='?' (Size = 36), @p2='?' (DbType = Int32), @p0='?' (DbType = DateTimeOffset)], CommandType='Text', CommandTimeout='30']
UPDATE "JourneyStops" SET "UpdatedAt" = @p0
WHERE "JourneyId" = @p1 AND "Sequence" = @p2
RETURNING 1;
[17:52:06 INF] Executed DbCommand (0ms) [Parameters=[@__messageId_0='?' (Size = 36)], CommandType='Text', CommandTimeout='30']
SELECT "p"."MessageId", "p"."AcknowledgedAt", "p"."CreatedAt", "p"."FencedAt", "p"."MessageType", "p"."PayloadJson"
FROM "ProtocolOutbox" AS "p"
WHERE "p"."MessageId" = @__messageId_0
LIMIT 2
[17:52:06 INF] Executed DbCommand (0ms) [Parameters=[@p1='?' (Size = 36), @p0='?' (DbType = DateTimeOffset)], CommandType='Text', CommandTimeout='30']
UPDATE "ProtocolOutbox" SET "AcknowledgedAt" = @p0
WHERE "MessageId" = @p1
RETURNING 1;
[17:52:06 INF] Executed DbCommand (0ms) [Parameters=[@p0='?' (Size = 36), @p1='?' (Size = 64), @p2='?', @p3='?' (Size = 18), @p4='?' (DbType = DateTimeOffset), @p5='?' (Size = 634)], CommandType='Text', CommandTimeout='30']
INSERT INTO "ProtocolInbox" ("MessageId", "ContentHash", "FirstResponseJson", "MessageType", "ReceivedAt", "RequestJson")
VALUES (@p0, @p1, @p2, @p3, @p4, @p5);
[17:52:06 INF] Executed DbCommand (0ms) [Parameters=[@__messageId_0='?' (Size = 36)], CommandType='Text', CommandTimeout='30']
SELECT "p"."MessageId", "p"."ContentHash", "p"."FirstResponseJson", "p"."MessageType", "p"."ReceivedAt", "p"."RequestJson"
FROM "ProtocolInbox" AS "p"
WHERE "p"."MessageId" = @__messageId_0
LIMIT 2
[17:52:06 INF] Executed DbCommand (0ms) [Parameters=[@__messageId_0='?' (Size = 36)], CommandType='Text', CommandTimeout='30']
SELECT "p"."MessageId", "p"."AcknowledgedAt", "p"."CreatedAt", "p"."FencedAt", "p"."MessageType", "p"."PayloadJson"
FROM "ProtocolOutbox" AS "p"
WHERE "p"."MessageId" = @__messageId_0
LIMIT 2
[17:52:06 INF] Executed DbCommand (0ms) [Parameters=[@p1='?' (Size = 36), @p0='?' (DbType = DateTimeOffset)], CommandType='Text', CommandTimeout='30']
UPDATE "ProtocolOutbox" SET "AcknowledgedAt" = @p0
WHERE "MessageId" = @p1
RETURNING 1;
[17:52:06 INF] Executed DbCommand (0ms) [Parameters=[@p0='?' (Size = 36), @p1='?' (Size = 64), @p2='?', @p3='?' (Size = 18), @p4='?' (DbType = DateTimeOffset), @p5='?' (Size = 630)], CommandType='Text', CommandTimeout='30']
INSERT INTO "ProtocolInbox" ("MessageId", "ContentHash", "FirstResponseJson", "MessageType", "ReceivedAt", "RequestJson")
VALUES (@p0, @p1, @p2, @p3, @p4, @p5);
[17:52:06 INF] Executed DbCommand (0ms) [Parameters=[@__messageId_0='?' (Size = 36)], CommandType='Text', CommandTimeout='30']
SELECT "p"."MessageId", "p"."ContentHash", "p"."FirstResponseJson", "p"."MessageType", "p"."ReceivedAt", "p"."RequestJson"
FROM "ProtocolInbox" AS "p"
WHERE "p"."MessageId" = @__messageId_0
LIMIT 2
[17:52:06 INF] Executed DbCommand (0ms) [Parameters=[@__messageId_0='?' (Size = 36)], CommandType='Text', CommandTimeout='30']
SELECT "p"."MessageId", "p"."AcknowledgedAt", "p"."CreatedAt", "p"."FencedAt", "p"."MessageType", "p"."PayloadJson"
FROM "ProtocolOutbox" AS "p"
WHERE "p"."MessageId" = @__messageId_0
LIMIT 2
[17:52:06 INF] Executed DbCommand (0ms) [Parameters=[@p1='?' (Size = 36), @p0='?' (DbType = DateTimeOffset)], CommandType='Text', CommandTimeout='30']
UPDATE "ProtocolOutbox" SET "AcknowledgedAt" = @p0
WHERE "MessageId" = @p1
RETURNING 1;
[17:52:06 INF] Executed DbCommand (0ms) [Parameters=[@p0='?' (Size = 36), @p1='?' (Size = 64), @p2='?', @p3='?' (Size = 18), @p4='?' (DbType = DateTimeOffset), @p5='?' (Size = 633)], CommandType='Text', CommandTimeout='30']
INSERT INTO "ProtocolInbox" ("MessageId", "ContentHash", "FirstResponseJson", "MessageType", "ReceivedAt", "RequestJson")
VALUES (@p0, @p1, @p2, @p3, @p4, @p5);
[17:52:06 INF] Executed DbCommand (0ms) [Parameters=[@__messageId_0='?' (Size = 36)], CommandType='Text', CommandTimeout='30']
SELECT "p"."MessageId", "p"."ContentHash", "p"."FirstResponseJson", "p"."MessageType", "p"."ReceivedAt", "p"."RequestJson"
FROM "ProtocolInbox" AS "p"
WHERE "p"."MessageId" = @__messageId_0
LIMIT 2
[17:52:06 INF] Executed DbCommand (0ms) [Parameters=[@p0='?' (Size = 36), @p1='?' (Size = 64), @p2='?' (Size = 663), @p3='?' (Size = 15), @p4='?' (DbType = DateTimeOffset), @p5='?' (Size = 732)], CommandType='Text', CommandTimeout='30']
INSERT INTO "ProtocolInbox" ("MessageId", "ContentHash", "FirstResponseJson", "MessageType", "ReceivedAt", "RequestJson")
VALUES (@p0, @p1, @p2, @p3, @p4, @p5);
[17:52:07 INF] Start processing HTTP request GET http://127.0.0.1:58408/api/task/v1/task/getVehicleInfo/BROKERX-L2-0001
[17:52:07 INF] Sending HTTP request GET http://127.0.0.1:58408/api/task/v1/task/getVehicleInfo/BROKERX-L2-0001
[17:52:07 INF] Received HTTP response headers after 0.4925ms - 200
[17:52:07 INF] End processing HTTP request after 3.786ms - 200
[17:52:07 INF] Start processing HTTP request GET http://127.0.0.1:58408/api/order/v1/orderRecord?pageNum=1&pageSize=100&filterByState=1&filterByState=3&filterByState=7&filterByState=9
[17:52:07 INF] Sending HTTP request GET http://127.0.0.1:58408/api/order/v1/orderRecord?pageNum=1&pageSize=100&filterByState=1&filterByState=3&filterByState=7&filterByState=9
[17:52:07 INF] Received HTTP response headers after 0.3673ms - 200
[17:52:07 INF] End processing HTTP request after 1.0911ms - 200
[17:52:07 INF] HTTP GET /api/onboard/v1/vehicle-safety responded 200 in 6.0968 ms
[17:52:08 INF] Start processing HTTP request GET http://127.0.0.1:58408/api/task/v1/task/getVehicleInfo/BROKERX-L2-0001
[17:52:08 INF] Sending HTTP request GET http://127.0.0.1:58408/api/task/v1/task/getVehicleInfo/BROKERX-L2-0001
[17:52:08 INF] Received HTTP response headers after 0.5467ms - 200
[17:52:08 INF] End processing HTTP request after 4.0343ms - 200
[17:52:08 INF] Start processing HTTP request GET http://127.0.0.1:58408/api/order/v1/orderRecord?pageNum=1&pageSize=100&filterByState=1&filterByState=3&filterByState=7&filterByState=9
[17:52:08 INF] Sending HTTP request GET http://127.0.0.1:58408/api/order/v1/orderRecord?pageNum=1&pageSize=100&filterByState=1&filterByState=3&filterByState=7&filterByState=9
[17:52:08 INF] Received HTTP response headers after 0.3966ms - 200
[17:52:08 INF] End processing HTTP request after 1.0187ms - 200
[17:52:08 INF] HTTP GET /api/onboard/v1/vehicle-safety responded 200 in 6.1625 ms
[17:52:08 INF] Start processing HTTP request GET http://127.0.0.1:58408/api/imap/v1/mapInfo/stations/25
[17:52:08 INF] Sending HTTP request GET http://127.0.0.1:58408/api/imap/v1/mapInfo/stations/25
[17:52:08 INF] Received HTTP response headers after 0.586ms - 200
[17:52:08 INF] End processing HTTP request after 4.0764ms - 200
[17:52:08 INF] Executed DbCommand (0ms) [Parameters=[], CommandType='Text', CommandTimeout='30']
SELECT "a"."Id", "a"."ContentHash", "a"."DeploymentId", "a"."ImportedAt", "a"."Version"
FROM "AdmissionPolicyState" AS "a"
WHERE "a"."Id" = 1
LIMIT 2
[17:52:08 INF] Executed DbCommand (0ms) [Parameters=[], CommandType='Text', CommandTimeout='30']
SELECT "j"."JourneyId", "j"."AgvId", "j"."AgvLifecycleGeneration", "j"."BlockReasonCode", "j"."CreatedAt", "j"."CurrentStopSequence", "j"."DispatchGeneration", "j"."DispatchZone", "j"."GateStationId", "j"."GateStationRiotId", "j"."HoldingStartedAt", "j"."LoadingClosedReason", "j"."MapId", "j"."MapIdentity", "j"."NextStopSequence", "j"."OperationSessionId", "j"."PlanRevision", "j"."Stage", "j"."UpdatedAt", "j"."VehicleBusinessRevision", "j"."VehicleKey", "j"."WorklistRevision"
FROM "JourneyRuntimes" AS "j"
WHERE "j"."Stage" <> 'Completed'
[17:52:08 INF] Executed DbCommand (0ms) [Parameters=[@__runtime_JourneyId_0='?' (Size = 36)], CommandType='Text', CommandTimeout='30']
SELECT "j"."JourneyId", "j"."Sequence", "j"."ConsumedSafetyResultMessageId", "j"."CreatedAt", "j"."LegType", "j"."LoadRound", "j"."MovementLegId", "j"."PlanMessageId", "j"."PlanRevision", "j"."PreDepartureSafetyCheckId", "j"."PreDepartureSafetyCheckMessageId", "j"."Role", "j"."RouteEvidenceId", "j"."State", "j"."StationId", "j"."StationRiotId", "j"."SublotWaitStartedAt", "j"."UpdatedAt", "j"."UpperId", "j"."VehicleBusinessMessageId", "j"."VehicleBusinessRevision", "j"."WorklistRevision"
FROM "JourneyStops" AS "j"
WHERE "j"."JourneyId" = @__runtime_JourneyId_0
[17:52:08 INF] Executed DbCommand (0ms) [Parameters=[@__runtime_JourneyId_0='?' (Size = 36)], CommandType='Text', CommandTimeout='30']
SELECT "j"."JourneyId", "j"."DemandId", "j"."ConsumedSublotMessageId", "j"."CreatedAt", "j"."ExpectedBasketCount", "j"."LoadCommandMessageId", "j"."LoadCommandedAt", "j"."LoadSlotOperationAttemptId", "j"."LoadedAt", "j"."State", "j"."StopSequence", "j"."TargetSlotsJson", "j"."UnloadCommandMessageId", "j"."UnloadCommandedAt", "j"."UnloadSlotOperationAttemptId"
FROM "JourneyDemands" AS "j"
WHERE "j"."JourneyId" = @__runtime_JourneyId_0
[17:52:08 INF] Executed DbCommand (0ms) [Parameters=[@__agvId_0='?' (Size = 10)], CommandType='Text', CommandTimeout='30']
SELECT "s"."AgvId", "s"."ActiveUnlockSlotsJson", "s"."CapabilityHash", "s"."CapabilityRevision", "s"."DepartureSafe", "s"."ForcedRecoveryGeneration", "s"."ManifestSha256", "s"."PendingAttemptIdsJson", "s"."PendingResultIdsJson", "s"."ProfileId", "s"."ProtocolCommit", "s"."ProtocolVersion", "s"."ProvenRecoveryCheckpoint", "s"."Readiness", "s"."ReasonCode", "s"."RecoveryReportId", "s"."ReportedForcedRecoveryGeneration", "s"."SafetyHash", "s"."SafetyReasonCodesJson", "s"."SafetyRevision", "s"."SafetyUnknownPresent", "s"."SessionGeneration", "s"."UnsettledSlotOperationAttemptId", "s"."UpdatedAt"
FROM "SessionRecoveries" AS "s"
WHERE "s"."AgvId" = @__agvId_0 AND "s"."Readiness" = 'Ready'
LIMIT 2
[17:52:08 INF] Executed DbCommand (0ms) [Parameters=[], CommandType='Text', CommandTimeout='30']
SELECT "p"."MessageId", "p"."AcknowledgedAt", "p"."CreatedAt", "p"."FencedAt", "p"."MessageType", "p"."PayloadJson"
FROM "ProtocolOutbox" AS "p"
WHERE "p"."AcknowledgedAt" IS NULL AND "p"."FencedAt" IS NULL
[17:52:08 INF] Executed DbCommand (0ms) [Parameters=[@__ids_0='?' (Size = 40)], CommandType='Text', CommandTimeout='30']
SELECT "a"."DemandId", "a"."AcceptedAt", "a"."CatalogRevision", "a"."CreatedAt", "a"."DemandRevision", "a"."Generation", "a"."HistoryEpoch", "a"."LiveMesFieldsJson", "a"."SeriesId", "a"."Status", "a"."Sublot", "a"."TransportDemandKey", "a"."ValueObservedAt", "a"."ValuePollTraceId", "a"."ValueProjectionCommitId", "a"."WorkType"
FROM "AcceptedDemands" AS "a"
WHERE "a"."DemandId" IN (
    SELECT "i"."value"
    FROM json_each(@__ids_0) AS "i"
)
[17:52:08 INF] Executed DbCommand (0ms) [Parameters=[@__operationSessionId_0='?' (Size = 36)], CommandType='Text', CommandTimeout='30']
SELECT "p"."MessageId", "p"."ContentHash", "p"."FirstResponseJson", "p"."MessageType", "p"."ReceivedAt", "p"."RequestJson"
FROM "ProtocolInbox" AS "p"
WHERE "p"."MessageType" = 'SublotSubmitted' AND instr("p"."RequestJson", @__operationSessionId_0) > 0
[17:52:08 INF] Executed DbCommand (0ms) [Parameters=[@__stationId_0='?' (Size = 4), @__taskType_1='?' (Size = 12)], CommandType='Text', CommandTimeout='30']
SELECT EXISTS (
    SELECT 1
    FROM "StationTaskTypeAdmissions" AS "s"
    WHERE "s"."StationId" = @__stationId_0 AND "s"."TaskType" = @__taskType_1)
[17:52:08 INF] Executed DbCommand (0ms) [Parameters=[@__entered_DemandId_0='?' (Size = 36)], CommandType='Text', CommandTimeout='30']
SELECT "a"."DemandId", "a"."AcceptedAt", "a"."CatalogRevision", "a"."CreatedAt", "a"."DemandRevision", "a"."Generation", "a"."HistoryEpoch", "a"."LiveMesFieldsJson", "a"."SeriesId", "a"."Status", "a"."Sublot", "a"."TransportDemandKey", "a"."ValueObservedAt", "a"."ValuePollTraceId", "a"."ValueProjectionCommitId", "a"."WorkType"
FROM "AcceptedDemands" AS "a"
WHERE "a"."DemandId" = @__entered_DemandId_0
LIMIT 2
[17:52:08 INF] Executed DbCommand (0ms) [Parameters=[@__stationId_0='?' (Size = 4), @__taskType_1='?' (Size = 12)], CommandType='Text', CommandTimeout='30']
SELECT EXISTS (
    SELECT 1
    FROM "StationTaskTypeAdmissions" AS "s"
    WHERE "s"."StationId" = @__stationId_0 AND "s"."TaskType" = @__taskType_1)
[17:52:08 INF] Executed DbCommand (0ms) [Parameters=[], CommandType='Text', CommandTimeout='30']
SELECT "p"."RuleId", "p"."EffectiveAt", "p"."MatchType", "p"."MaxBoxesPerBasket", "p"."Pattern", "p"."Source", "p"."SupersededAt", "p"."Version"
FROM "PackageCapacityRules" AS "p"
WHERE "p"."SupersededAt" IS NULL
[17:52:08 INF] Executed DbCommand (0ms) [Parameters=[@__package_0='?' (Size = 10)], CommandType='Text', CommandTimeout='30']
SELECT "m"."Package", "m"."FirstSeenAt", "m"."LastSeenAt", "m"."Status"
FROM "MissingPackages" AS "m"
WHERE "m"."Package" = @__package_0
LIMIT 2
[17:52:08 INF] Start processing HTTP request GET http://127.0.0.1:58409/api/v2/sublot-box-count?sublot=L2-FWC-J-N2-6-20260912T095122103Z
[17:52:08 INF] Sending HTTP request GET http://127.0.0.1:58409/api/v2/sublot-box-count?sublot=L2-FWC-J-N2-6-20260912T095122103Z
[17:52:08 INF] Received HTTP response headers after 0.8231ms - 200
[17:52:08 INF] End processing HTTP request after 1.5115ms - 200
[17:52:08 INF] Executed DbCommand (0ms) [Parameters=[@__demand_DemandId_0='?' (Size = 36)], CommandType='Text', CommandTimeout='30']
SELECT "a"."DemandId", "a"."AcceptedAt", "a"."CatalogRevision", "a"."CreatedAt", "a"."DemandRevision", "a"."Generation", "a"."HistoryEpoch", "a"."LiveMesFieldsJson", "a"."SeriesId", "a"."Status", "a"."Sublot", "a"."TransportDemandKey", "a"."ValueObservedAt", "a"."ValuePollTraceId", "a"."ValueProjectionCommitId", "a"."WorkType"
FROM "AcceptedDemands" AS "a"
WHERE "a"."DemandId" = @__demand_DemandId_0
LIMIT 2
[17:52:08 INF] Executed DbCommand (0ms) [Parameters=[@__messageId_0='?' (Size = 36)], CommandType='Text', CommandTimeout='30']
SELECT "p"."MessageId", "p"."AcknowledgedAt", "p"."CreatedAt", "p"."FencedAt", "p"."MessageType", "p"."PayloadJson"
FROM "ProtocolOutbox" AS "p"
WHERE "p"."MessageId" = @__messageId_0
LIMIT 2
[17:52:08 INF] Executed DbCommand (0ms) [Parameters=[@__plan_SlotOperationAttemptId_0='?' (Size = 36)], CommandType='Text', CommandTimeout='30']
SELECT "s"."SlotOperationAttemptId", "s"."CommittedAt", "s"."ContentHash", "s"."CreatedAt", "s"."DemandId", "s"."EvidenceJson", "s"."ForcedRecoveryGeneration", "s"."OperationType", "s"."Status", "s"."SublotId", "s"."TargetSlotsJson"
FROM "StationOperations" AS "s"
WHERE "s"."SlotOperationAttemptId" = @__plan_SlotOperationAttemptId_0
LIMIT 2
[17:52:08 INF] Executed DbCommand (0ms) [Parameters=[@__messageId_0='?' (Size = 36)], CommandType='Text', CommandTimeout='30']
SELECT EXISTS (
    SELECT 1
    FROM "ProtocolOutbox" AS "p"
    WHERE "p"."MessageId" = @__messageId_0)
[17:52:08 INF] Executed DbCommand (0ms) [Parameters=[], CommandType='Text', CommandTimeout='30']
SELECT "a"."Id", "a"."ContentHash", "a"."DeploymentId", "a"."ImportedAt", "a"."Version"
FROM "AdmissionPolicyState" AS "a"
WHERE "a"."Id" = 1
LIMIT 2
[17:52:08 INF] Executed DbCommand (0ms) [Parameters=[@__plan_AdmissionStationId_0='?' (Size = 4), @__plan_AdmissionTaskType_1='?' (Size = 12)], CommandType='Text', CommandTimeout='30']
SELECT EXISTS (
    SELECT 1
    FROM "StationTaskTypeAdmissions" AS "s"
    WHERE "s"."StationId" = @__plan_AdmissionStationId_0 AND "s"."TaskType" = @__plan_AdmissionTaskType_1)
[17:52:08 INF] Executed DbCommand (0ms) [Parameters=[@p0='?' (Size = 36), @p1='?' (DbType = Int64), @p2='?' (DbType = DateTimeOffset), @p3='?' (DbType = Boolean), @p4='?' (Size = 4), @p5='?' (Size = 12)], CommandType='Text', CommandTimeout='30']
INSERT INTO "AdmissionDecisionSnapshots" ("SlotOperationAttemptId", "AdmissionPolicyVersion", "AdmittedAt", "Allowed", "StationId", "TaskType")
VALUES (@p0, @p1, @p2, @p3, @p4, @p5);
[17:52:08 INF] Executed DbCommand (0ms) [Parameters=[@p0='?' (Size = 36), @p1='?' (DbType = DateTimeOffset), @p2='?' (DbType = DateTimeOffset), @p3='?' (DbType = DateTimeOffset), @p4='?' (Size = 20), @p5='?' (Size = 790)], CommandType='Text', CommandTimeout='30']
INSERT INTO "ProtocolOutbox" ("MessageId", "AcknowledgedAt", "CreatedAt", "FencedAt", "MessageType", "PayloadJson")
VALUES (@p0, @p1, @p2, @p3, @p4, @p5);
[17:52:08 INF] Executed DbCommand (0ms) [Parameters=[@p0='?' (Size = 36), @p1='?' (DbType = DateTimeOffset), @p2='?' (Size = 64), @p3='?' (DbType = DateTimeOffset), @p4='?' (Size = 36), @p5='?', @p6='?' (DbType = Int64), @p7='?' (Size = 4), @p8='?' (Size = 8), @p9='?' (Size = 33), @p10='?' (Size = 3)], CommandType='Text', CommandTimeout='30']
INSERT INTO "StationOperations" ("SlotOperationAttemptId", "CommittedAt", "ContentHash", "CreatedAt", "DemandId", "EvidenceJson", "ForcedRecoveryGeneration", "OperationType", "Status", "SublotId", "TargetSlotsJson")
VALUES (@p0, @p1, @p2, @p3, @p4, @p5, @p6, @p7, @p8, @p9, @p10);
[17:52:08 INF] Executed DbCommand (0ms) [Parameters=[@__messageId_0='?' (Size = 36)], CommandType='Text', CommandTimeout='30']
SELECT "p"."MessageId", "p"."AcknowledgedAt", "p"."CreatedAt", "p"."FencedAt", "p"."MessageType", "p"."PayloadJson"
FROM "ProtocolOutbox" AS "p"
WHERE "p"."MessageId" = @__messageId_0
LIMIT 2
[17:52:08 INF] Executed DbCommand (0ms) [Parameters=[@p2='?' (Size = 36), @p3='?' (Size = 36), @p0='?' (Size = 36), @p1='?' (DbType = DateTimeOffset)], CommandType='Text', CommandTimeout='30']
UPDATE "JourneyDemands" SET "ConsumedSublotMessageId" = @p0, "LoadCommandedAt" = @p1
WHERE "DemandId" = @p2 AND "JourneyId" = @p3
RETURNING 1;
[17:52:08 INF] Executed DbCommand (0ms) [Parameters=[@p1='?' (Size = 36), @p0='?' (DbType = DateTimeOffset)], CommandType='Text', CommandTimeout='30']
UPDATE "ProtocolOutbox" SET "AcknowledgedAt" = @p0
WHERE "MessageId" = @p1
RETURNING 1;
[17:52:08 INF] Executed DbCommand (0ms) [Parameters=[@p2='?' (Size = 36), @p0='?' (Size = 18), @p1='?' (DbType = DateTimeOffset)], CommandType='Text', CommandTimeout='30']
UPDATE "JourneyRuntimes" SET "Stage" = @p0, "UpdatedAt" = @p1
WHERE "JourneyId" = @p2
RETURNING 1;
[17:52:08 INF] Executed DbCommand (0ms) [Parameters=[@p1='?' (Size = 36), @p2='?' (DbType = Int32), @p0='?' (DbType = DateTimeOffset)], CommandType='Text', CommandTimeout='30']
UPDATE "JourneyStops" SET "UpdatedAt" = @p0
WHERE "JourneyId" = @p1 AND "Sequence" = @p2
RETURNING 1;
[17:52:08 INF] Executed DbCommand (0ms) [Parameters=[@__messageId_0='?' (Size = 36)], CommandType='Text', CommandTimeout='30']
SELECT "p"."MessageId", "p"."ContentHash", "p"."FirstResponseJson", "p"."MessageType", "p"."ReceivedAt", "p"."RequestJson"
FROM "ProtocolInbox" AS "p"
WHERE "p"."MessageId" = @__messageId_0
LIMIT 2
[17:52:08 INF] Executed DbCommand (0ms) [Parameters=[@p0='?' (Size = 36), @p1='?' (Size = 64), @p2='?' (Size = 665), @p3='?' (Size = 17), @p4='?' (DbType = DateTimeOffset), @p5='?' (Size = 570)], CommandType='Text', CommandTimeout='30']
INSERT INTO "ProtocolInbox" ("MessageId", "ContentHash", "FirstResponseJson", "MessageType", "ReceivedAt", "RequestJson")
VALUES (@p0, @p1, @p2, @p3, @p4, @p5);
[17:52:08 INF] Executed DbCommand (0ms) [Parameters=[@__messageId_0='?' (Size = 36)], CommandType='Text', CommandTimeout='30']
SELECT "p"."MessageId", "p"."ContentHash", "p"."FirstResponseJson", "p"."MessageType", "p"."ReceivedAt", "p"."RequestJson"
FROM "ProtocolInbox" AS "p"
WHERE "p"."MessageId" = @__messageId_0
LIMIT 2
[17:52:08 INF] Executed DbCommand (0ms) [Parameters=[@p0='?' (Size = 36), @p1='?' (Size = 64), @p2='?' (Size = 665), @p3='?' (Size = 17), @p4='?' (DbType = DateTimeOffset), @p5='?' (Size = 572)], CommandType='Text', CommandTimeout='30']
INSERT INTO "ProtocolInbox" ("MessageId", "ContentHash", "FirstResponseJson", "MessageType", "ReceivedAt", "RequestJson")
VALUES (@p0, @p1, @p2, @p3, @p4, @p5);
[17:52:08 INF] Executed DbCommand (0ms) [Parameters=[@__messageId_0='?' (Size = 36)], CommandType='Text', CommandTimeout='30']
SELECT "p"."MessageId", "p"."ContentHash", "p"."FirstResponseJson", "p"."MessageType", "p"."ReceivedAt", "p"."RequestJson"
FROM "ProtocolInbox" AS "p"
WHERE "p"."MessageId" = @__messageId_0
LIMIT 2
[17:52:08 INF] Executed DbCommand (0ms) [Parameters=[@__agvId_0='?' (Size = 10)], CommandType='Text', CommandTimeout='30']
SELECT "s"."AgvId", "s"."ActiveUnlockSlotsJson", "s"."CapabilityHash", "s"."CapabilityRevision", "s"."DepartureSafe", "s"."ForcedRecoveryGeneration", "s"."ManifestSha256", "s"."PendingAttemptIdsJson", "s"."PendingResultIdsJson", "s"."ProfileId", "s"."ProtocolCommit", "s"."ProtocolVersion", "s"."ProvenRecoveryCheckpoint", "s"."Readiness", "s"."ReasonCode", "s"."RecoveryReportId", "s"."ReportedForcedRecoveryGeneration", "s"."SafetyHash", "s"."SafetyReasonCodesJson", "s"."SafetyRevision", "s"."SafetyUnknownPresent", "s"."SessionGeneration", "s"."UnsettledSlotOperationAttemptId", "s"."UpdatedAt"
FROM "SessionRecoveries" AS "s"
WHERE "s"."AgvId" = @__agvId_0
LIMIT 2
[17:52:08 INF] Executed DbCommand (0ms) [Parameters=[@p7='?' (Size = 10), @p0='?' (DbType = Boolean), @p1='?' (Size = 16), @p2='?' (Size = 20), @p3='?' (Size = 64), @p4='?' (Size = 27), @p5='?' (DbType = Int64), @p6='?' (DbType = DateTimeOffset)], CommandType='Text', CommandTimeout='30']
UPDATE "SessionRecoveries" SET "DepartureSafe" = @p0, "Readiness" = @p1, "ReasonCode" = @p2, "SafetyHash" = @p3, "SafetyReasonCodesJson" = @p4, "SafetyRevision" = @p5, "UpdatedAt" = @p6
WHERE "AgvId" = @p7
RETURNING 1;
[17:52:08 INF] Executed DbCommand (0ms) [Parameters=[@__agvId_0='?' (Size = 10)], CommandType='Text', CommandTimeout='30']
SELECT "s"."AgvId", "s"."ActiveUnlockSlotsJson", "s"."CapabilityHash", "s"."CapabilityRevision", "s"."DepartureSafe", "s"."ForcedRecoveryGeneration", "s"."ManifestSha256", "s"."PendingAttemptIdsJson", "s"."PendingResultIdsJson", "s"."ProfileId", "s"."ProtocolCommit", "s"."ProtocolVersion", "s"."ProvenRecoveryCheckpoint", "s"."Readiness", "s"."ReasonCode", "s"."RecoveryReportId", "s"."ReportedForcedRecoveryGeneration", "s"."SafetyHash", "s"."SafetyReasonCodesJson", "s"."SafetyRevision", "s"."SafetyUnknownPresent", "s"."SessionGeneration", "s"."UnsettledSlotOperationAttemptId", "s"."UpdatedAt"
FROM "SessionRecoveries" AS "s"
WHERE "s"."AgvId" = @__agvId_0
LIMIT 2
[17:52:08 INF] Executed DbCommand (0ms) [Parameters=[@__row_AgvId_0='?' (Size = 10)], CommandType='Text', CommandTimeout='30']
SELECT EXISTS (
    SELECT 1
    FROM "StationOperations" AS "s"
    INNER JOIN "JourneyDemands" AS "j" ON "s"."DemandId" = "j"."DemandId"
    INNER JOIN "JourneyRuntimes" AS "j0" ON "j"."JourneyId" = "j0"."JourneyId"
    WHERE "j0"."AgvId" = @__row_AgvId_0 AND "s"."Status" = 'Prepared')
[17:52:08 INF] Executed DbCommand (0ms) [Parameters=[@__agvId_0='?' (Size = 10)], CommandType='Text', CommandTimeout='30']
SELECT EXISTS (
    SELECT 1
    FROM "StationOperations" AS "s"
    INNER JOIN "JourneyDemands" AS "j" ON "s"."DemandId" = "j"."DemandId"
    INNER JOIN "JourneyRuntimes" AS "j0" ON "j"."JourneyId" = "j0"."JourneyId"
    WHERE "j0"."AgvId" = @__agvId_0 AND "s"."Status" = 'RecoveryRequired')
[17:52:08 INF] Executed DbCommand (0ms) [Parameters=[@p3='?' (Size = 10), @p0='?' (Size = 5), @p1='?' (Size = 5), @p2='?' (DbType = DateTimeOffset)], CommandType='Text', CommandTimeout='30']
UPDATE "SessionRecoveries" SET "Readiness" = @p0, "ReasonCode" = @p1, "UpdatedAt" = @p2
WHERE "AgvId" = @p3
RETURNING 1;
[17:52:08 INF] Executed DbCommand (0ms) [Parameters=[@p0='?' (Size = 36), @p1='?' (Size = 64), @p2='?' (Size = 1236), @p3='?' (Size = 18), @p4='?' (DbType = DateTimeOffset), @p5='?' (Size = 681)], CommandType='Text', CommandTimeout='30']
INSERT INTO "ProtocolInbox" ("MessageId", "ContentHash", "FirstResponseJson", "MessageType", "ReceivedAt", "RequestJson")
VALUES (@p0, @p1, @p2, @p3, @p4, @p5);
[17:52:08 INF] Executed DbCommand (0ms) [Parameters=[@__messageId_0='?' (Size = 36)], CommandType='Text', CommandTimeout='30']
SELECT "p"."MessageId", "p"."ContentHash", "p"."FirstResponseJson", "p"."MessageType", "p"."ReceivedAt", "p"."RequestJson"
FROM "ProtocolInbox" AS "p"
WHERE "p"."MessageId" = @__messageId_0
LIMIT 2
[17:52:08 INF] Executed DbCommand (0ms) [Parameters=[@__agvId_0='?' (Size = 10)], CommandType='Text', CommandTimeout='30']
SELECT "s"."AgvId", "s"."ActiveUnlockSlotsJson", "s"."CapabilityHash", "s"."CapabilityRevision", "s"."DepartureSafe", "s"."ForcedRecoveryGeneration", "s"."ManifestSha256", "s"."PendingAttemptIdsJson", "s"."PendingResultIdsJson", "s"."ProfileId", "s"."ProtocolCommit", "s"."ProtocolVersion", "s"."ProvenRecoveryCheckpoint", "s"."Readiness", "s"."ReasonCode", "s"."RecoveryReportId", "s"."ReportedForcedRecoveryGeneration", "s"."SafetyHash", "s"."SafetyReasonCodesJson", "s"."SafetyRevision", "s"."SafetyUnknownPresent", "s"."SessionGeneration", "s"."UnsettledSlotOperationAttemptId", "s"."UpdatedAt"
FROM "SessionRecoveries" AS "s"
WHERE "s"."AgvId" = @__agvId_0
LIMIT 2
[17:52:08 INF] Executed DbCommand (0ms) [Parameters=[@p6='?' (Size = 10), @p0='?' (Size = 16), @p1='?' (Size = 20), @p2='?' (Size = 64), @p3='?' (Size = 45), @p4='?' (DbType = Int64), @p5='?' (DbType = DateTimeOffset)], CommandType='Text', CommandTimeout='30']
UPDATE "SessionRecoveries" SET "Readiness" = @p0, "ReasonCode" = @p1, "SafetyHash" = @p2, "SafetyReasonCodesJson" = @p3, "SafetyRevision" = @p4, "UpdatedAt" = @p5
WHERE "AgvId" = @p6
RETURNING 1;
[17:52:08 INF] Executed DbCommand (0ms) [Parameters=[@__agvId_0='?' (Size = 10)], CommandType='Text', CommandTimeout='30']
SELECT "s"."AgvId", "s"."ActiveUnlockSlotsJson", "s"."CapabilityHash", "s"."CapabilityRevision", "s"."DepartureSafe", "s"."ForcedRecoveryGeneration", "s"."ManifestSha256", "s"."PendingAttemptIdsJson", "s"."PendingResultIdsJson", "s"."ProfileId", "s"."ProtocolCommit", "s"."ProtocolVersion", "s"."ProvenRecoveryCheckpoint", "s"."Readiness", "s"."ReasonCode", "s"."RecoveryReportId", "s"."ReportedForcedRecoveryGeneration", "s"."SafetyHash", "s"."SafetyReasonCodesJson", "s"."SafetyRevision", "s"."SafetyUnknownPresent", "s"."SessionGeneration", "s"."UnsettledSlotOperationAttemptId", "s"."UpdatedAt"
FROM "SessionRecoveries" AS "s"
WHERE "s"."AgvId" = @__agvId_0
LIMIT 2
[17:52:08 INF] Executed DbCommand (0ms) [Parameters=[@__row_AgvId_0='?' (Size = 10)], CommandType='Text', CommandTimeout='30']
SELECT EXISTS (
    SELECT 1
    FROM "StationOperations" AS "s"
    INNER JOIN "JourneyDemands" AS "j" ON "s"."DemandId" = "j"."DemandId"
    INNER JOIN "JourneyRuntimes" AS "j0" ON "j"."JourneyId" = "j0"."JourneyId"
    WHERE "j0"."AgvId" = @__row_AgvId_0 AND "s"."Status" = 'Prepared')
[17:52:08 INF] Executed DbCommand (0ms) [Parameters=[@__agvId_0='?' (Size = 10)], CommandType='Text', CommandTimeout='30']
SELECT EXISTS (
    SELECT 1
    FROM "StationOperations" AS "s"
    INNER JOIN "JourneyDemands" AS "j" ON "s"."DemandId" = "j"."DemandId"
    INNER JOIN "JourneyRuntimes" AS "j0" ON "j"."JourneyId" = "j0"."JourneyId"
    WHERE "j0"."AgvId" = @__agvId_0 AND "s"."Status" = 'RecoveryRequired')
[17:52:08 INF] Executed DbCommand (0ms) [Parameters=[@p3='?' (Size = 10), @p0='?' (Size = 5), @p1='?' (Size = 5), @p2='?' (DbType = DateTimeOffset)], CommandType='Text', CommandTimeout='30']
UPDATE "SessionRecoveries" SET "Readiness" = @p0, "ReasonCode" = @p1, "UpdatedAt" = @p2
WHERE "AgvId" = @p3
RETURNING 1;
[17:52:08 INF] Executed DbCommand (0ms) [Parameters=[@p0='?' (Size = 36), @p1='?' (Size = 64), @p2='?' (Size = 1235), @p3='?' (Size = 18), @p4='?' (DbType = DateTimeOffset), @p5='?' (Size = 698)], CommandType='Text', CommandTimeout='30']
INSERT INTO "ProtocolInbox" ("MessageId", "ContentHash", "FirstResponseJson", "MessageType", "ReceivedAt", "RequestJson")
VALUES (@p0, @p1, @p2, @p3, @p4, @p5);
[17:52:09 INF] Start processing HTTP request GET http://127.0.0.1:58408/api/task/v1/task/getVehicleInfo/BROKERX-L2-0001
[17:52:09 INF] Sending HTTP request GET http://127.0.0.1:58408/api/task/v1/task/getVehicleInfo/BROKERX-L2-0001
[17:52:09 INF] Received HTTP response headers after 0.5277ms - 200
[17:52:09 INF] End processing HTTP request after 1.9765ms - 200
[17:52:09 INF] Start processing HTTP request GET http://127.0.0.1:58408/api/order/v1/orderRecord?pageNum=1&pageSize=100&filterByState=1&filterByState=3&filterByState=7&filterByState=9
[17:52:09 INF] Sending HTTP request GET http://127.0.0.1:58408/api/order/v1/orderRecord?pageNum=1&pageSize=100&filterByState=1&filterByState=3&filterByState=7&filterByState=9
[17:52:09 INF] Received HTTP response headers after 0.4257ms - 200
[17:52:09 INF] End processing HTTP request after 1.2464ms - 200
[17:52:09 INF] HTTP GET /api/onboard/v1/vehicle-safety responded 200 in 4.4237 ms
[17:52:09 INF] Executed DbCommand (0ms) [Parameters=[@__messageId_0='?' (Size = 36)], CommandType='Text', CommandTimeout='30']
SELECT "p"."MessageId", "p"."ContentHash", "p"."FirstResponseJson", "p"."MessageType", "p"."ReceivedAt", "p"."RequestJson"
FROM "ProtocolInbox" AS "p"
WHERE "p"."MessageId" = @__messageId_0
LIMIT 2
[17:52:09 INF] Executed DbCommand (0ms) [Parameters=[@__agvId_0='?' (Size = 10)], CommandType='Text', CommandTimeout='30']
SELECT "s"."AgvId", "s"."ActiveUnlockSlotsJson", "s"."CapabilityHash", "s"."CapabilityRevision", "s"."DepartureSafe", "s"."ForcedRecoveryGeneration", "s"."ManifestSha256", "s"."PendingAttemptIdsJson", "s"."PendingResultIdsJson", "s"."ProfileId", "s"."ProtocolCommit", "s"."ProtocolVersion", "s"."ProvenRecoveryCheckpoint", "s"."Readiness", "s"."ReasonCode", "s"."RecoveryReportId", "s"."ReportedForcedRecoveryGeneration", "s"."SafetyHash", "s"."SafetyReasonCodesJson", "s"."SafetyRevision", "s"."SafetyUnknownPresent", "s"."SessionGeneration", "s"."UnsettledSlotOperationAttemptId", "s"."UpdatedAt"
FROM "SessionRecoveries" AS "s"
WHERE "s"."AgvId" = @__agvId_0
LIMIT 2
[17:52:09 INF] Executed DbCommand (0ms) [Parameters=[@p6='?' (Size = 10), @p0='?' (Size = 16), @p1='?' (Size = 20), @p2='?' (Size = 64), @p3='?' (Size = 19), @p4='?' (DbType = Int64), @p5='?' (DbType = DateTimeOffset)], CommandType='Text', CommandTimeout='30']
UPDATE "SessionRecoveries" SET "Readiness" = @p0, "ReasonCode" = @p1, "SafetyHash" = @p2, "SafetyReasonCodesJson" = @p3, "SafetyRevision" = @p4, "UpdatedAt" = @p5
WHERE "AgvId" = @p6
RETURNING 1;
[17:52:09 INF] Executed DbCommand (0ms) [Parameters=[@__agvId_0='?' (Size = 10)], CommandType='Text', CommandTimeout='30']
SELECT "s"."AgvId", "s"."ActiveUnlockSlotsJson", "s"."CapabilityHash", "s"."CapabilityRevision", "s"."DepartureSafe", "s"."ForcedRecoveryGeneration", "s"."ManifestSha256", "s"."PendingAttemptIdsJson", "s"."PendingResultIdsJson", "s"."ProfileId", "s"."ProtocolCommit", "s"."ProtocolVersion", "s"."ProvenRecoveryCheckpoint", "s"."Readiness", "s"."ReasonCode", "s"."RecoveryReportId", "s"."ReportedForcedRecoveryGeneration", "s"."SafetyHash", "s"."SafetyReasonCodesJson", "s"."SafetyRevision", "s"."SafetyUnknownPresent", "s"."SessionGeneration", "s"."UnsettledSlotOperationAttemptId", "s"."UpdatedAt"
FROM "SessionRecoveries" AS "s"
WHERE "s"."AgvId" = @__agvId_0
LIMIT 2
[17:52:09 INF] Executed DbCommand (0ms) [Parameters=[@__row_AgvId_0='?' (Size = 10)], CommandType='Text', CommandTimeout='30']
SELECT EXISTS (
    SELECT 1
    FROM "StationOperations" AS "s"
    INNER JOIN "JourneyDemands" AS "j" ON "s"."DemandId" = "j"."DemandId"
    INNER JOIN "JourneyRuntimes" AS "j0" ON "j"."JourneyId" = "j0"."JourneyId"
    WHERE "j0"."AgvId" = @__row_AgvId_0 AND "s"."Status" = 'Prepared')
[17:52:09 INF] Executed DbCommand (0ms) [Parameters=[@__agvId_0='?' (Size = 10)], CommandType='Text', CommandTimeout='30']
SELECT EXISTS (
    SELECT 1
    FROM "StationOperations" AS "s"
    INNER JOIN "JourneyDemands" AS "j" ON "s"."DemandId" = "j"."DemandId"
    INNER JOIN "JourneyRuntimes" AS "j0" ON "j"."JourneyId" = "j0"."JourneyId"
    WHERE "j0"."AgvId" = @__agvId_0 AND "s"."Status" = 'RecoveryRequired')
[17:52:09 INF] Executed DbCommand (0ms) [Parameters=[@p3='?' (Size = 10), @p0='?' (Size = 5), @p1='?' (Size = 5), @p2='?' (DbType = DateTimeOffset)], CommandType='Text', CommandTimeout='30']
UPDATE "SessionRecoveries" SET "Readiness" = @p0, "ReasonCode" = @p1, "UpdatedAt" = @p2
WHERE "AgvId" = @p3
RETURNING 1;
[17:52:09 INF] Executed DbCommand (0ms) [Parameters=[@p0='?' (Size = 36), @p1='?' (Size = 64), @p2='?' (Size = 1236), @p3='?' (Size = 18), @p4='?' (DbType = DateTimeOffset), @p5='?' (Size = 673)], CommandType='Text', CommandTimeout='30']
INSERT INTO "ProtocolInbox" ("MessageId", "ContentHash", "FirstResponseJson", "MessageType", "ReceivedAt", "RequestJson")
VALUES (@p0, @p1, @p2, @p3, @p4, @p5);
[17:52:09 INF] Executed DbCommand (0ms) [Parameters=[@__messageId_0='?' (Size = 36)], CommandType='Text', CommandTimeout='30']
SELECT "p"."MessageId", "p"."ContentHash", "p"."FirstResponseJson", "p"."MessageType", "p"."ReceivedAt", "p"."RequestJson"
FROM "ProtocolInbox" AS "p"
WHERE "p"."MessageId" = @__messageId_0
LIMIT 2
[17:52:09 INF] Executed DbCommand (0ms) [Parameters=[@p0='?' (Size = 36), @p1='?' (Size = 64), @p2='?' (Size = 665), @p3='?' (Size = 17), @p4='?' (DbType = DateTimeOffset), @p5='?' (Size = 579)], CommandType='Text', CommandTimeout='30']
INSERT INTO "ProtocolInbox" ("MessageId", "ContentHash", "FirstResponseJson", "MessageType", "ReceivedAt", "RequestJson")
VALUES (@p0, @p1, @p2, @p3, @p4, @p5);
[17:52:09 INF] Executed DbCommand (0ms) [Parameters=[@__messageId_0='?' (Size = 36)], CommandType='Text', CommandTimeout='30']
SELECT "p"."MessageId", "p"."ContentHash", "p"."FirstResponseJson", "p"."MessageType", "p"."ReceivedAt", "p"."RequestJson"
FROM "ProtocolInbox" AS "p"
WHERE "p"."MessageId" = @__messageId_0
LIMIT 2
[17:52:09 INF] Executed DbCommand (0ms) [Parameters=[@__agvId_0='?' (Size = 10)], CommandType='Text', CommandTimeout='30']
SELECT "s"."AgvId", "s"."ActiveUnlockSlotsJson", "s"."CapabilityHash", "s"."CapabilityRevision", "s"."DepartureSafe", "s"."ForcedRecoveryGeneration", "s"."ManifestSha256", "s"."PendingAttemptIdsJson", "s"."PendingResultIdsJson", "s"."ProfileId", "s"."ProtocolCommit", "s"."ProtocolVersion", "s"."ProvenRecoveryCheckpoint", "s"."Readiness", "s"."ReasonCode", "s"."RecoveryReportId", "s"."ReportedForcedRecoveryGeneration", "s"."SafetyHash", "s"."SafetyReasonCodesJson", "s"."SafetyRevision", "s"."SafetyUnknownPresent", "s"."SessionGeneration", "s"."UnsettledSlotOperationAttemptId", "s"."UpdatedAt"
FROM "SessionRecoveries" AS "s"
WHERE "s"."AgvId" = @__agvId_0
LIMIT 2
[17:52:09 INF] Executed DbCommand (0ms) [Parameters=[@p5='?' (Size = 10), @p0='?' (Size = 16), @p1='?' (Size = 20), @p2='?' (Size = 64), @p3='?' (DbType = Int64), @p4='?' (DbType = DateTimeOffset)], CommandType='Text', CommandTimeout='30']
UPDATE "SessionRecoveries" SET "Readiness" = @p0, "ReasonCode" = @p1, "SafetyHash" = @p2, "SafetyRevision" = @p3, "UpdatedAt" = @p4
WHERE "AgvId" = @p5
RETURNING 1;
[17:52:09 INF] Executed DbCommand (0ms) [Parameters=[@__agvId_0='?' (Size = 10)], CommandType='Text', CommandTimeout='30']
SELECT "s"."AgvId", "s"."ActiveUnlockSlotsJson", "s"."CapabilityHash", "s"."CapabilityRevision", "s"."DepartureSafe", "s"."ForcedRecoveryGeneration", "s"."ManifestSha256", "s"."PendingAttemptIdsJson", "s"."PendingResultIdsJson", "s"."ProfileId", "s"."ProtocolCommit", "s"."ProtocolVersion", "s"."ProvenRecoveryCheckpoint", "s"."Readiness", "s"."ReasonCode", "s"."RecoveryReportId", "s"."ReportedForcedRecoveryGeneration", "s"."SafetyHash", "s"."SafetyReasonCodesJson", "s"."SafetyRevision", "s"."SafetyUnknownPresent", "s"."SessionGeneration", "s"."UnsettledSlotOperationAttemptId", "s"."UpdatedAt"
FROM "SessionRecoveries" AS "s"
WHERE "s"."AgvId" = @__agvId_0
LIMIT 2
[17:52:10 INF] Executed DbCommand (0ms) [Parameters=[@__row_AgvId_0='?' (Size = 10)], CommandType='Text', CommandTimeout='30']
SELECT EXISTS (
    SELECT 1
    FROM "StationOperations" AS "s"
    INNER JOIN "JourneyDemands" AS "j" ON "s"."DemandId" = "j"."DemandId"
    INNER JOIN "JourneyRuntimes" AS "j0" ON "j"."JourneyId" = "j0"."JourneyId"
    WHERE "j0"."AgvId" = @__row_AgvId_0 AND "s"."Status" = 'Prepared')
[17:52:10 INF] Executed DbCommand (0ms) [Parameters=[@__agvId_0='?' (Size = 10)], CommandType='Text', CommandTimeout='30']
SELECT EXISTS (
    SELECT 1
    FROM "StationOperations" AS "s"
    INNER JOIN "JourneyDemands" AS "j" ON "s"."DemandId" = "j"."DemandId"
    INNER JOIN "JourneyRuntimes" AS "j0" ON "j"."JourneyId" = "j0"."JourneyId"
    WHERE "j0"."AgvId" = @__agvId_0 AND "s"."Status" = 'RecoveryRequired')
[17:52:10 INF] Executed DbCommand (0ms) [Parameters=[@p3='?' (Size = 10), @p0='?' (Size = 5), @p1='?' (Size = 5), @p2='?' (DbType = DateTimeOffset)], CommandType='Text', CommandTimeout='30']
UPDATE "SessionRecoveries" SET "Readiness" = @p0, "ReasonCode" = @p1, "UpdatedAt" = @p2
WHERE "AgvId" = @p3
RETURNING 1;
[17:52:10 INF] Executed DbCommand (0ms) [Parameters=[@p0='?' (Size = 36), @p1='?' (Size = 64), @p2='?' (Size = 1236), @p3='?' (Size = 18), @p4='?' (DbType = DateTimeOffset), @p5='?' (Size = 672)], CommandType='Text', CommandTimeout='30']
INSERT INTO "ProtocolInbox" ("MessageId", "ContentHash", "FirstResponseJson", "MessageType", "ReceivedAt", "RequestJson")
VALUES (@p0, @p1, @p2, @p3, @p4, @p5);
[17:52:10 INF] Start processing HTTP request GET http://127.0.0.1:58408/api/task/v1/task/getVehicleInfo/BROKERX-L2-0001
[17:52:10 INF] Sending HTTP request GET http://127.0.0.1:58408/api/task/v1/task/getVehicleInfo/BROKERX-L2-0001
[17:52:10 INF] Received HTTP response headers after 0.5042ms - 200
[17:52:10 INF] End processing HTTP request after 1.8302ms - 200
[17:52:10 INF] Start processing HTTP request GET http://127.0.0.1:58408/api/order/v1/orderRecord?pageNum=1&pageSize=100&filterByState=1&filterByState=3&filterByState=7&filterByState=9
[17:52:10 INF] Sending HTTP request GET http://127.0.0.1:58408/api/order/v1/orderRecord?pageNum=1&pageSize=100&filterByState=1&filterByState=3&filterByState=7&filterByState=9
[17:52:10 INF] Executed DbCommand (0ms) [Parameters=[@__messageId_0='?' (Size = 36)], CommandType='Text', CommandTimeout='30']
SELECT "p"."MessageId", "p"."ContentHash", "p"."FirstResponseJson", "p"."MessageType", "p"."ReceivedAt", "p"."RequestJson"
FROM "ProtocolInbox" AS "p"
WHERE "p"."MessageId" = @__messageId_0
LIMIT 2
[17:52:10 INF] Received HTTP response headers after 0.8027ms - 200
[17:52:10 INF] Executed DbCommand (0ms) [Parameters=[@__agvId_0='?' (Size = 10)], CommandType='Text', CommandTimeout='30']
SELECT "s"."AgvId", "s"."ActiveUnlockSlotsJson", "s"."CapabilityHash", "s"."CapabilityRevision", "s"."DepartureSafe", "s"."ForcedRecoveryGeneration", "s"."ManifestSha256", "s"."PendingAttemptIdsJson", "s"."PendingResultIdsJson", "s"."ProfileId", "s"."ProtocolCommit", "s"."ProtocolVersion", "s"."ProvenRecoveryCheckpoint", "s"."Readiness", "s"."ReasonCode", "s"."RecoveryReportId", "s"."ReportedForcedRecoveryGeneration", "s"."SafetyHash", "s"."SafetyReasonCodesJson", "s"."SafetyRevision", "s"."SafetyUnknownPresent", "s"."SessionGeneration", "s"."UnsettledSlotOperationAttemptId", "s"."UpdatedAt"
FROM "SessionRecoveries" AS "s"
WHERE "s"."AgvId" = @__agvId_0
LIMIT 2
[17:52:10 INF] End processing HTTP request after 1.6842ms - 200
[17:52:10 INF] HTTP GET /api/onboard/v1/vehicle-safety responded 200 in 5.7869 ms
[17:52:10 INF] Executed DbCommand (0ms) [Parameters=[@p7='?' (Size = 10), @p0='?' (DbType = Boolean), @p1='?' (Size = 16), @p2='?' (Size = 20), @p3='?' (Size = 64), @p4='?' (Size = 2), @p5='?' (DbType = Int64), @p6='?' (DbType = DateTimeOffset)], CommandType='Text', CommandTimeout='30']
UPDATE "SessionRecoveries" SET "DepartureSafe" = @p0, "Readiness" = @p1, "ReasonCode" = @p2, "SafetyHash" = @p3, "SafetyReasonCodesJson" = @p4, "SafetyRevision" = @p5, "UpdatedAt" = @p6
WHERE "AgvId" = @p7
RETURNING 1;
[17:52:10 INF] Executed DbCommand (0ms) [Parameters=[@__agvId_0='?' (Size = 10)], CommandType='Text', CommandTimeout='30']
SELECT "s"."AgvId", "s"."ActiveUnlockSlotsJson", "s"."CapabilityHash", "s"."CapabilityRevision", "s"."DepartureSafe", "s"."ForcedRecoveryGeneration", "s"."ManifestSha256", "s"."PendingAttemptIdsJson", "s"."PendingResultIdsJson", "s"."ProfileId", "s"."ProtocolCommit", "s"."ProtocolVersion", "s"."ProvenRecoveryCheckpoint", "s"."Readiness", "s"."ReasonCode", "s"."RecoveryReportId", "s"."ReportedForcedRecoveryGeneration", "s"."SafetyHash", "s"."SafetyReasonCodesJson", "s"."SafetyRevision", "s"."SafetyUnknownPresent", "s"."SessionGeneration", "s"."UnsettledSlotOperationAttemptId", "s"."UpdatedAt"
FROM "SessionRecoveries" AS "s"
WHERE "s"."AgvId" = @__agvId_0
LIMIT 2
[17:52:10 INF] Executed DbCommand (0ms) [Parameters=[@__agvId_0='?' (Size = 10)], CommandType='Text', CommandTimeout='30']
SELECT EXISTS (
    SELECT 1
    FROM "StationOperations" AS "s"
    INNER JOIN "JourneyDemands" AS "j" ON "s"."DemandId" = "j"."DemandId"
    INNER JOIN "JourneyRuntimes" AS "j0" ON "j"."JourneyId" = "j0"."JourneyId"
    WHERE "j0"."AgvId" = @__agvId_0 AND "s"."Status" = 'RecoveryRequired')
[17:52:10 INF] Executed DbCommand (0ms) [Parameters=[@p3='?' (Size = 10), @p0='?' (Size = 5), @p1='?' (Size = 5), @p2='?' (DbType = DateTimeOffset)], CommandType='Text', CommandTimeout='30']
UPDATE "SessionRecoveries" SET "Readiness" = @p0, "ReasonCode" = @p1, "UpdatedAt" = @p2
WHERE "AgvId" = @p3
RETURNING 1;
[17:52:10 INF] Executed DbCommand (0ms) [Parameters=[@p0='?' (Size = 36), @p1='?' (Size = 64), @p2='?' (Size = 1236), @p3='?' (Size = 18), @p4='?' (DbType = DateTimeOffset), @p5='?' (Size = 654)], CommandType='Text', CommandTimeout='30']
INSERT INTO "ProtocolInbox" ("MessageId", "ContentHash", "FirstResponseJson", "MessageType", "ReceivedAt", "RequestJson")
VALUES (@p0, @p1, @p2, @p3, @p4, @p5);
[17:52:10 INF] Executed DbCommand (0ms) [Parameters=[@__messageId_0='?' (Size = 36)], CommandType='Text', CommandTimeout='30']
SELECT "p"."MessageId", "p"."ContentHash", "p"."FirstResponseJson", "p"."MessageType", "p"."ReceivedAt", "p"."RequestJson"
FROM "ProtocolInbox" AS "p"
WHERE "p"."MessageId" = @__messageId_0
LIMIT 2
[17:52:10 INF] Executed DbCommand (0ms) [Parameters=[@p0='?' (Size = 36), @p1='?' (Size = 64), @p2='?' (Size = 665), @p3='?' (Size = 17), @p4='?' (DbType = DateTimeOffset), @p5='?' (Size = 572)], CommandType='Text', CommandTimeout='30']
INSERT INTO "ProtocolInbox" ("MessageId", "ContentHash", "FirstResponseJson", "MessageType", "ReceivedAt", "RequestJson")
VALUES (@p0, @p1, @p2, @p3, @p4, @p5);
[17:52:10 INF] Executed DbCommand (0ms) [Parameters=[@__messageId_0='?' (Size = 36)], CommandType='Text', CommandTimeout='30']
SELECT "p"."MessageId", "p"."ContentHash", "p"."FirstResponseJson", "p"."MessageType", "p"."ReceivedAt", "p"."RequestJson"
FROM "ProtocolInbox" AS "p"
WHERE "p"."MessageId" = @__messageId_0
LIMIT 2
[17:52:10 INF] Executed DbCommand (0ms) [Parameters=[@p0='?' (Size = 36), @p1='?' (Size = 64), @p2='?' (Size = 665), @p3='?' (Size = 17), @p4='?' (DbType = DateTimeOffset), @p5='?' (Size = 574)], CommandType='Text', CommandTimeout='30']
INSERT INTO "ProtocolInbox" ("MessageId", "ContentHash", "FirstResponseJson", "MessageType", "ReceivedAt", "RequestJson")
VALUES (@p0, @p1, @p2, @p3, @p4, @p5);
[17:52:10 INF] Executed DbCommand (0ms) [Parameters=[@__messageId_0='?' (Size = 36)], CommandType='Text', CommandTimeout='30']
SELECT "p"."MessageId", "p"."ContentHash", "p"."FirstResponseJson", "p"."MessageType", "p"."ReceivedAt", "p"."RequestJson"
FROM "ProtocolInbox" AS "p"
WHERE "p"."MessageId" = @__messageId_0
LIMIT 2
[17:52:10 INF] Executed DbCommand (0ms) [Parameters=[@__slotOperationAttemptId_0='?' (Size = 36)], CommandType='Text', CommandTimeout='30']
SELECT "s"."ForcedRecoveryGeneration"
FROM "StationOperations" AS "s"
WHERE "s"."SlotOperationAttemptId" = @__slotOperationAttemptId_0
LIMIT 2
[17:52:10 INF] Executed DbCommand (0ms) [Parameters=[@__result_ResultId_0='?' (Size = 36)], CommandType='Text', CommandTimeout='30']
SELECT "o"."ResultId", "o"."AgvId", "o"."ContentHash", "o"."EvidenceJson", "o"."ForcedRecoveryGeneration", "o"."HistoricalOnly", "o"."ObservedAt", "o"."OverallOutcome", "o"."ReceivedAt", "o"."ResultContentSha256", "o"."SlotOperationAttemptId", "o"."SupersededByResultId"
FROM "OperationResults" AS "o"
WHERE "o"."ResultId" = @__result_ResultId_0
LIMIT 2
[17:52:10 INF] Executed DbCommand (0ms) [Parameters=[@__result_SlotOperationAttemptId_0='?' (Size = 36), @__forcedRecoveryGeneration_1='?' (DbType = Int64)], CommandType='Text', CommandTimeout='30']
SELECT "o"."ResultId", "o"."AgvId", "o"."ContentHash", "o"."EvidenceJson", "o"."ForcedRecoveryGeneration", "o"."HistoricalOnly", "o"."ObservedAt", "o"."OverallOutcome", "o"."ReceivedAt", "o"."ResultContentSha256", "o"."SlotOperationAttemptId", "o"."SupersededByResultId"
FROM "OperationResults" AS "o"
WHERE "o"."SlotOperationAttemptId" = @__result_SlotOperationAttemptId_0 AND "o"."ForcedRecoveryGeneration" = @__forcedRecoveryGeneration_1 AND "o"."SupersededByResultId" IS NULL
[17:52:10 INF] Executed DbCommand (0ms) [Parameters=[@__agvId_0='?' (Size = 10)], CommandType='Text', CommandTimeout='30']
SELECT "v"."ForcedRecoveryGeneration"
FROM "VehicleRecoveryGenerations" AS "v"
WHERE "v"."AgvId" = @__agvId_0
LIMIT 2
[17:52:10 INF] Executed DbCommand (0ms) [Parameters=[@__result_SlotOperationAttemptId_0='?' (Size = 36)], CommandType='Text', CommandTimeout='30']
SELECT "s"."SlotOperationAttemptId", "s"."CommittedAt", "s"."ContentHash", "s"."CreatedAt", "s"."DemandId", "s"."EvidenceJson", "s"."ForcedRecoveryGeneration", "s"."OperationType", "s"."Status", "s"."SublotId", "s"."TargetSlotsJson"
FROM "StationOperations" AS "s"
WHERE "s"."SlotOperationAttemptId" = @__result_SlotOperationAttemptId_0
LIMIT 2
[17:52:10 INF] Executed DbCommand (0ms) [Parameters=[@p0='?' (Size = 36), @p1='?' (Size = 10), @p2='?' (Size = 64), @p3='?' (Size = 71), @p4='?' (DbType = Int64), @p5='?' (DbType = Boolean), @p6='?' (DbType = DateTimeOffset), @p7='?' (Size = 9), @p8='?' (DbType = DateTimeOffset), @p9='?' (Size = 64), @p10='?' (Size = 36), @p11='?'], CommandType='Text', CommandTimeout='30']
INSERT INTO "OperationResults" ("ResultId", "AgvId", "ContentHash", "EvidenceJson", "ForcedRecoveryGeneration", "HistoricalOnly", "ObservedAt", "OverallOutcome", "ReceivedAt", "ResultContentSha256", "SlotOperationAttemptId", "SupersededByResultId")
VALUES (@p0, @p1, @p2, @p3, @p4, @p5, @p6, @p7, @p8, @p9, @p10, @p11);
[17:52:10 INF] Executed DbCommand (0ms) [Parameters=[@p3='?' (Size = 36), @p0='?' (DbType = DateTimeOffset), @p1='?' (Size = 71), @p2='?' (Size = 9)], CommandType='Text', CommandTimeout='30']
UPDATE "StationOperations" SET "CommittedAt" = @p0, "EvidenceJson" = @p1, "Status" = @p2
WHERE "SlotOperationAttemptId" = @p3
RETURNING 1;
[17:52:10 INF] Executed DbCommand (0ms) [Parameters=[@__slotOperationAttemptId_0='?' (Size = 36)], CommandType='Text', CommandTimeout='30']
SELECT "r"."WorkflowId", "r"."AgvId", "r"."CommandContentHash", "r"."CommandMessageId", "r"."CommandMessageType", "r"."CreatedAt", "r"."DemandId", "r"."ExceptionRecoverySessionId", "r"."ForcedRecoveryGeneration", "r"."HandoffId", "r"."Outcome", "r"."RequestContentHash", "r"."RequestMessageId", "r"."ResultContentHash", "r"."ResultMessageId", "r"."SlotOperationAttemptId", "r"."SlotsJson", "r"."State", "r"."UpdatedAt", "r"."WorkflowType"
FROM "RecoveryWorkflows" AS "r"
WHERE "r"."WorkflowType" = 'RESUME_AFTER_REPAIR' AND "r"."SlotOperationAttemptId" = @__slotOperationAttemptId_0 AND "r"."State" <> 'Reconciled' AND "r"."State" <> 'HistoricalOnly'
LIMIT 2
[17:52:10 INF] Executed DbCommand (0ms) [Parameters=[@__agvId_0='?' (Size = 10)], CommandType='Text', CommandTimeout='30']
SELECT "s"."AgvId", "s"."ActiveUnlockSlotsJson", "s"."CapabilityHash", "s"."CapabilityRevision", "s"."DepartureSafe", "s"."ForcedRecoveryGeneration", "s"."ManifestSha256", "s"."PendingAttemptIdsJson", "s"."PendingResultIdsJson", "s"."ProfileId", "s"."ProtocolCommit", "s"."ProtocolVersion", "s"."ProvenRecoveryCheckpoint", "s"."Readiness", "s"."ReasonCode", "s"."RecoveryReportId", "s"."ReportedForcedRecoveryGeneration", "s"."SafetyHash", "s"."SafetyReasonCodesJson", "s"."SafetyRevision", "s"."SafetyUnknownPresent", "s"."SessionGeneration", "s"."UnsettledSlotOperationAttemptId", "s"."UpdatedAt"
FROM "SessionRecoveries" AS "s"
WHERE "s"."AgvId" = @__agvId_0
LIMIT 2
[17:52:10 INF] Executed DbCommand (0ms) [Parameters=[@__agvId_0='?' (Size = 10)], CommandType='Text', CommandTimeout='30']
SELECT EXISTS (
    SELECT 1
    FROM "StationOperations" AS "s"
    INNER JOIN "JourneyDemands" AS "j" ON "s"."DemandId" = "j"."DemandId"
    INNER JOIN "JourneyRuntimes" AS "j0" ON "j"."JourneyId" = "j0"."JourneyId"
    WHERE "j0"."AgvId" = @__agvId_0 AND "s"."Status" = 'RecoveryRequired')
[17:52:10 INF] Executed DbCommand (0ms) [Parameters=[@p1='?' (Size = 10), @p0='?' (DbType = DateTimeOffset)], CommandType='Text', CommandTimeout='30']
UPDATE "SessionRecoveries" SET "UpdatedAt" = @p0
WHERE "AgvId" = @p1
RETURNING 1;
[17:52:10 INF] Executed DbCommand (0ms) [Parameters=[@p0='?' (Size = 36), @p1='?' (Size = 64), @p2='?' (Size = 663), @p3='?' (Size = 15), @p4='?' (DbType = DateTimeOffset), @p5='?' (Size = 888)], CommandType='Text', CommandTimeout='30']
INSERT INTO "ProtocolInbox" ("MessageId", "ContentHash", "FirstResponseJson", "MessageType", "ReceivedAt", "RequestJson")
VALUES (@p0, @p1, @p2, @p3, @p4, @p5);
[17:52:10 INF] Executed DbCommand (0ms) [Parameters=[], CommandType='Text', CommandTimeout='30']
SELECT "p"."MessageId", "p"."AcknowledgedAt", "p"."CreatedAt", "p"."FencedAt", "p"."MessageType", "p"."PayloadJson"
FROM "ProtocolOutbox" AS "p"
WHERE "p"."MessageType" = 'ExceptionRecoverySessionSnapshot' AND "p"."AcknowledgedAt" IS NULL AND "p"."FencedAt" IS NULL
[17:52:10 INF] Start processing HTTP request GET http://127.0.0.1:58408/api/imap/v1/mapInfo/stations/25
[17:52:10 INF] Sending HTTP request GET http://127.0.0.1:58408/api/imap/v1/mapInfo/stations/25
[17:52:10 INF] Received HTTP response headers after 0.5412ms - 200
[17:52:10 INF] End processing HTTP request after 1.9416ms - 200
[17:52:10 INF] Executed DbCommand (0ms) [Parameters=[], CommandType='Text', CommandTimeout='30']
SELECT "a"."Id", "a"."ContentHash", "a"."DeploymentId", "a"."ImportedAt", "a"."Version"
FROM "AdmissionPolicyState" AS "a"
WHERE "a"."Id" = 1
LIMIT 2
[17:52:10 INF] Executed DbCommand (0ms) [Parameters=[], CommandType='Text', CommandTimeout='30']
SELECT "j"."JourneyId", "j"."AgvId", "j"."AgvLifecycleGeneration", "j"."BlockReasonCode", "j"."CreatedAt", "j"."CurrentStopSequence", "j"."DispatchGeneration", "j"."DispatchZone", "j"."GateStationId", "j"."GateStationRiotId", "j"."HoldingStartedAt", "j"."LoadingClosedReason", "j"."MapId", "j"."MapIdentity", "j"."NextStopSequence", "j"."OperationSessionId", "j"."PlanRevision", "j"."Stage", "j"."UpdatedAt", "j"."VehicleBusinessRevision", "j"."VehicleKey", "j"."WorklistRevision"
FROM "JourneyRuntimes" AS "j"
WHERE "j"."Stage" <> 'Completed'
[17:52:10 INF] Executed DbCommand (0ms) [Parameters=[@__runtime_JourneyId_0='?' (Size = 36)], CommandType='Text', CommandTimeout='30']
SELECT "j"."JourneyId", "j"."Sequence", "j"."ConsumedSafetyResultMessageId", "j"."CreatedAt", "j"."LegType", "j"."LoadRound", "j"."MovementLegId", "j"."PlanMessageId", "j"."PlanRevision", "j"."PreDepartureSafetyCheckId", "j"."PreDepartureSafetyCheckMessageId", "j"."Role", "j"."RouteEvidenceId", "j"."State", "j"."StationId", "j"."StationRiotId", "j"."SublotWaitStartedAt", "j"."UpdatedAt", "j"."UpperId", "j"."VehicleBusinessMessageId", "j"."VehicleBusinessRevision", "j"."WorklistRevision"
FROM "JourneyStops" AS "j"
WHERE "j"."JourneyId" = @__runtime_JourneyId_0
[17:52:10 INF] Executed DbCommand (0ms) [Parameters=[@__runtime_JourneyId_0='?' (Size = 36)], CommandType='Text', CommandTimeout='30']
SELECT "j"."JourneyId", "j"."DemandId", "j"."ConsumedSublotMessageId", "j"."CreatedAt", "j"."ExpectedBasketCount", "j"."LoadCommandMessageId", "j"."LoadCommandedAt", "j"."LoadSlotOperationAttemptId", "j"."LoadedAt", "j"."State", "j"."StopSequence", "j"."TargetSlotsJson", "j"."UnloadCommandMessageId", "j"."UnloadCommandedAt", "j"."UnloadSlotOperationAttemptId"
FROM "JourneyDemands" AS "j"
WHERE "j"."JourneyId" = @__runtime_JourneyId_0
[17:52:10 INF] Executed DbCommand (0ms) [Parameters=[@__agvId_0='?' (Size = 10)], CommandType='Text', CommandTimeout='30']
SELECT "s"."AgvId", "s"."ActiveUnlockSlotsJson", "s"."CapabilityHash", "s"."CapabilityRevision", "s"."DepartureSafe", "s"."ForcedRecoveryGeneration", "s"."ManifestSha256", "s"."PendingAttemptIdsJson", "s"."PendingResultIdsJson", "s"."ProfileId", "s"."ProtocolCommit", "s"."ProtocolVersion", "s"."ProvenRecoveryCheckpoint", "s"."Readiness", "s"."ReasonCode", "s"."RecoveryReportId", "s"."ReportedForcedRecoveryGeneration", "s"."SafetyHash", "s"."SafetyReasonCodesJson", "s"."SafetyRevision", "s"."SafetyUnknownPresent", "s"."SessionGeneration", "s"."UnsettledSlotOperationAttemptId", "s"."UpdatedAt"
FROM "SessionRecoveries" AS "s"
WHERE "s"."AgvId" = @__agvId_0 AND "s"."Readiness" = 'Ready'
LIMIT 2
[17:52:10 INF] Executed DbCommand (0ms) [Parameters=[], CommandType='Text', CommandTimeout='30']
SELECT "p"."MessageId", "p"."AcknowledgedAt", "p"."CreatedAt", "p"."FencedAt", "p"."MessageType", "p"."PayloadJson"
FROM "ProtocolOutbox" AS "p"
WHERE "p"."AcknowledgedAt" IS NULL AND "p"."FencedAt" IS NULL
[17:52:10 INF] Executed DbCommand (0ms) [Parameters=[@__loading_LoadSlotOperationAttemptId_0='?' (Size = 36)], CommandType='Text', CommandTimeout='30']
SELECT "s"."SlotOperationAttemptId", "s"."CommittedAt", "s"."ContentHash", "s"."CreatedAt", "s"."DemandId", "s"."EvidenceJson", "s"."ForcedRecoveryGeneration", "s"."OperationType", "s"."Status", "s"."SublotId", "s"."TargetSlotsJson"
FROM "StationOperations" AS "s"
WHERE "s"."SlotOperationAttemptId" = @__loading_LoadSlotOperationAttemptId_0
LIMIT 2
[17:52:10 INF] Executed DbCommand (0ms) [Parameters=[@__messageId_0='?' (Size = 36)], CommandType='Text', CommandTimeout='30']
SELECT "p"."MessageId", "p"."AcknowledgedAt", "p"."CreatedAt", "p"."FencedAt", "p"."MessageType", "p"."PayloadJson"
FROM "ProtocolOutbox" AS "p"
WHERE "p"."MessageId" = @__messageId_0
LIMIT 2
[17:52:10 INF] Executed DbCommand (0ms) [Parameters=[@p1='?' (Size = 36), @p0='?' (DbType = DateTimeOffset)], CommandType='Text', CommandTimeout='30']
UPDATE "ProtocolOutbox" SET "AcknowledgedAt" = @p0
WHERE "MessageId" = @p1
RETURNING 1;
[17:52:10 INF] Executed DbCommand (0ms) [Parameters=[@p2='?' (Size = 36), @p3='?' (Size = 36), @p0='?' (DbType = DateTimeOffset), @p1='?' (Size = 6)], CommandType='Text', CommandTimeout='30']
UPDATE "JourneyDemands" SET "LoadedAt" = @p0, "State" = @p1
WHERE "DemandId" = @p2 AND "JourneyId" = @p3
RETURNING 1;
[17:52:10 INF] Start processing HTTP request GET http://127.0.0.1:58409/api/v2/contract
[17:52:10 INF] Sending HTTP request GET http://127.0.0.1:58409/api/v2/contract
[17:52:10 INF] Received HTTP response headers after 0.8495ms - 200
[17:52:10 INF] End processing HTTP request after 1.7594ms - 200
[17:52:10 INF] Start processing HTTP request GET http://127.0.0.1:58409/api/v2/externally-readable-demand-catalog
[17:52:10 INF] Sending HTTP request GET http://127.0.0.1:58409/api/v2/externally-readable-demand-catalog
[17:52:10 INF] Received HTTP response headers after 0.5763ms - 200
[17:52:10 INF] End processing HTTP request after 1.3006ms - 200
[17:52:10 INF] Executed DbCommand (0ms) [Parameters=[@__agvId_0='?' (Size = 10)], CommandType='Text', CommandTimeout='30']
SELECT "s"."AgvId", "s"."ActiveUnlockSlotsJson", "s"."CapabilityHash", "s"."CapabilityRevision", "s"."DepartureSafe", "s"."ForcedRecoveryGeneration", "s"."ManifestSha256", "s"."PendingAttemptIdsJson", "s"."PendingResultIdsJson", "s"."ProfileId", "s"."ProtocolCommit", "s"."ProtocolVersion", "s"."ProvenRecoveryCheckpoint", "s"."Readiness", "s"."ReasonCode", "s"."RecoveryReportId", "s"."ReportedForcedRecoveryGeneration", "s"."SafetyHash", "s"."SafetyReasonCodesJson", "s"."SafetyRevision", "s"."SafetyUnknownPresent", "s"."SessionGeneration", "s"."UnsettledSlotOperationAttemptId", "s"."UpdatedAt"
FROM "SessionRecoveries" AS "s"
WHERE "s"."AgvId" = @__agvId_0 AND "s"."Readiness" = 'Ready'
LIMIT 2
[17:52:10 INF] Executed DbCommand (0ms) [Parameters=[@__messageType_0='?' (Size = 18)], CommandType='Text', CommandTimeout='30']
SELECT "p"."MessageId", "p"."ContentHash", "p"."FirstResponseJson", "p"."MessageType", "p"."ReceivedAt", "p"."RequestJson"
FROM "ProtocolInbox" AS "p"
WHERE "p"."MessageType" = @__messageType_0
[17:52:10 INF] Executed DbCommand (0ms) [Parameters=[@__messageType_0='?' (Size = 19)], CommandType='Text', CommandTimeout='30']
SELECT "p"."MessageId", "p"."ContentHash", "p"."FirstResponseJson", "p"."MessageType", "p"."ReceivedAt", "p"."RequestJson"
FROM "ProtocolInbox" AS "p"
WHERE "p"."MessageType" = @__messageType_0
[17:52:10 INF] Executed DbCommand (0ms) [Parameters=[], CommandType='Text', CommandTimeout='30']
SELECT "p"."MessageId", "p"."ContentHash", "p"."FirstResponseJson", "p"."MessageType", "p"."ReceivedAt", "p"."RequestJson"
FROM "ProtocolInbox" AS "p"
WHERE "p"."MessageType" IN ('SafetyStateSnapshot', 'SafetyStateChanged')
[17:52:10 INF] Executed DbCommand (0ms) [Parameters=[], CommandType='Text', CommandTimeout='30']
SELECT "p"."MessageId", "p"."ContentHash", "p"."FirstResponseJson", "p"."MessageType", "p"."ReceivedAt", "p"."RequestJson"
FROM "ProtocolInbox" AS "p"
[17:52:10 INF] Start processing HTTP request GET http://127.0.0.1:58408/api/task/vehicles/getVehicleInfoByDeviceKey?key=BROKERX-L2-0001
[17:52:10 INF] Sending HTTP request GET http://127.0.0.1:58408/api/task/vehicles/getVehicleInfoByDeviceKey?key=BROKERX-L2-0001
[17:52:10 INF] Received HTTP response headers after 0.5265ms - 200
[17:52:10 INF] End processing HTTP request after 1.2208ms - 200
[17:52:10 INF] Executed DbCommand (0ms) [Parameters=[], CommandType='Text', CommandTimeout='30']
SELECT "j"."DemandId", "j"."AcceptedAt", "j"."DecisionFingerprint", "j"."DemandCreatedAt", "j"."FirstSeenAt", "j"."LastSeenAt", "j"."ReasonCode", "j"."TransportDemandKey"
FROM "JourneyBacklog" AS "j"
[17:52:10 INF] Executed DbCommand (0ms) [Parameters=[], CommandType='Text', CommandTimeout='30']
SELECT "a"."DemandId"
FROM "AcceptedDemands" AS "a"
[17:52:10 INF] Executed DbCommand (0ms) [Parameters=[], CommandType='Text', CommandTimeout='30']
SELECT "t"."TransportDemandKey"
FROM "TransportDemandSuppressions" AS "t"
[17:52:10 INF] Executed DbCommand (0ms) [Parameters=[@p1='?' (Size = 36), @p0='?' (DbType = DateTimeOffset)], CommandType='Text', CommandTimeout='30']
UPDATE "JourneyBacklog" SET "LastSeenAt" = @p0
WHERE "DemandId" = @p1
RETURNING 1;
[17:52:10 INF] Executed DbCommand (0ms) [Parameters=[@p1='?' (Size = 36), @p0='?' (DbType = DateTimeOffset)], CommandType='Text', CommandTimeout='30']
UPDATE "JourneyBacklog" SET "LastSeenAt" = @p0
WHERE "DemandId" = @p1
RETURNING 1;
[17:52:10 INF] Executed DbCommand (0ms) [Parameters=[@__messageId_0='?' (Size = 36)], CommandType='Text', CommandTimeout='30']
SELECT "p"."MessageId", "p"."AcknowledgedAt", "p"."CreatedAt", "p"."FencedAt", "p"."MessageType", "p"."PayloadJson"
FROM "ProtocolOutbox" AS "p"
WHERE "p"."MessageId" = @__messageId_0
LIMIT 2
[17:52:10 INF] Executed DbCommand (0ms) [Parameters=[@__messageId_0='?' (Size = 36)], CommandType='Text', CommandTimeout='30']
SELECT "p"."MessageId", "p"."AcknowledgedAt", "p"."CreatedAt", "p"."FencedAt", "p"."MessageType", "p"."PayloadJson"
FROM "ProtocolOutbox" AS "p"
WHERE "p"."MessageId" = @__messageId_0
LIMIT 2
[17:52:10 INF] Executed DbCommand (0ms) [Parameters=[@p1='?' (Size = 36), @p0='?' (Size = 16)], CommandType='Text', CommandTimeout='30']
UPDATE "JourneyRuntimes" SET "LoadingClosedReason" = @p0
WHERE "JourneyId" = @p1
RETURNING 1;
[17:52:10 INF] Executed DbCommand (0ms) [Parameters=[@p0='?' (Size = 36), @p1='?' (DbType = DateTimeOffset), @p2='?' (DbType = DateTimeOffset), @p3='?' (DbType = DateTimeOffset), @p4='?' (Size = 23), @p5='?' (Size = 633)], CommandType='Text', CommandTimeout='30']
INSERT INTO "ProtocolOutbox" ("MessageId", "AcknowledgedAt", "CreatedAt", "FencedAt", "MessageType", "PayloadJson")
VALUES (@p0, @p1, @p2, @p3, @p4, @p5);
[17:52:10 INF] Executed DbCommand (0ms) [Parameters=[@p3='?' (Size = 36), @p0='?' (DbType = Int32), @p1='?' (Size = 23), @p2='?' (DbType = DateTimeOffset)], CommandType='Text', CommandTimeout='30']
UPDATE "JourneyRuntimes" SET "NextStopSequence" = @p0, "Stage" = @p1, "UpdatedAt" = @p2
WHERE "JourneyId" = @p3
RETURNING 1;
[17:52:10 INF] Executed DbCommand (0ms) [Parameters=[@p1='?' (Size = 36), @p2='?' (DbType = Int32), @p0='?' (DbType = DateTimeOffset)], CommandType='Text', CommandTimeout='30']
UPDATE "JourneyStops" SET "UpdatedAt" = @p0
WHERE "JourneyId" = @p1 AND "Sequence" = @p2
RETURNING 1;
[17:52:10 INF] Executed DbCommand (0ms) [Parameters=[], CommandType='Text', CommandTimeout='30']
SELECT "p"."MessageId", "p"."ContentHash", "p"."FirstResponseJson", "p"."MessageType", "p"."ReceivedAt", "p"."RequestJson"
FROM "ProtocolInbox" AS "p"
WHERE "p"."MessageType" = 'PreDepartureSafetyCheckResult'
[17:52:10 INF] Executed DbCommand (0ms) [Parameters=[@__messageId_0='?' (Size = 36)], CommandType='Text', CommandTimeout='30']
SELECT "p"."MessageId", "p"."ContentHash", "p"."FirstResponseJson", "p"."MessageType", "p"."ReceivedAt", "p"."RequestJson"
FROM "ProtocolInbox" AS "p"
WHERE "p"."MessageId" = @__messageId_0
LIMIT 2
[17:52:10 INF] Executed DbCommand (0ms) [Parameters=[@p0='?' (Size = 36), @p1='?' (Size = 64), @p2='?' (Size = 677), @p3='?' (Size = 29), @p4='?' (DbType = DateTimeOffset), @p5='?' (Size = 801)], CommandType='Text', CommandTimeout='30']
INSERT INTO "ProtocolInbox" ("MessageId", "ContentHash", "FirstResponseJson", "MessageType", "ReceivedAt", "RequestJson")
VALUES (@p0, @p1, @p2, @p3, @p4, @p5);
[17:52:10 INF] Executed DbCommand (0ms) [Parameters=[], CommandType='Text', CommandTimeout='30']
SELECT "p"."MessageId", "p"."ContentHash", "p"."FirstResponseJson", "p"."MessageType", "p"."ReceivedAt", "p"."RequestJson"
FROM "ProtocolInbox" AS "p"
WHERE "p"."MessageType" = 'PreDepartureSafetyCheckResult'
[17:52:10 INF] Executed DbCommand (0ms) [Parameters=[@__intent_MovementLegId_0='?' (Size = 36), @__intent_UpperId_1='?' (Size = 45)], CommandType='Text', CommandTimeout='30']
SELECT "o"."MovementLegId", "o"."AgvLifecycleGeneration", "o"."CreateAttemptCount", "o"."CreateAttemptId", "o"."CreateDispatchArmedAt", "o"."CreatedAt", "o"."DemandId", "o"."DestinationStationId", "o"."DispatchAuditSequence", "o"."DispatchAuditVersion", "o"."DispatchGeneration", "o"."ExperimentalCreateAuthorizationId", "o"."LastCreateOutcome", "o"."LastCreateOutcomeAt", "o"."LastCreateReceiptJson", "o"."LastReconciliationOutcome", "o"."LastReconciliationOutcomeAt", "o"."LastReconciliationReceiptJson", "o"."MapId", "o"."OrderId", "o"."Purpose", "o"."Status", "o"."TargetStationId", "o"."UpperId", "o"."VehicleKey"
FROM "OrderIntents" AS "o"
WHERE "o"."MovementLegId" = @__intent_MovementLegId_0 OR "o"."UpperId" = @__intent_UpperId_1
LIMIT 2
[17:52:10 INF] Executed DbCommand (1ms) [Parameters=[@p0='?' (Size = 36), @p1='?' (DbType = Int64), @p2='?' (DbType = Int32), @p3='?', @p4='?' (DbType = DateTimeOffset), @p5='?' (DbType = DateTimeOffset), @p6='?' (Size = 36), @p7='?' (DbType = Int32), @p8='?' (DbType = Int64), @p9='?' (DbType = Int32), @p10='?' (DbType = Int64), @p11='?', @p12='?', @p13='?' (DbType = DateTimeOffset), @p14='?', @p15='?', @p16='?' (DbType = DateTimeOffset), @p17='?', @p18='?' (DbType = Int32), @p19='?', @p20='?' (Size = 7), @p21='?' (Size = 22), @p22='?' (Size = 2), @p23='?' (Size = 45), @p24='?' (Size = 15)], CommandType='Text', CommandTimeout='30']
INSERT INTO "OrderIntents" ("MovementLegId", "AgvLifecycleGeneration", "CreateAttemptCount", "CreateAttemptId", "CreateDispatchArmedAt", "CreatedAt", "DemandId", "DestinationStationId", "DispatchAuditSequence", "DispatchAuditVersion", "DispatchGeneration", "ExperimentalCreateAuthorizationId", "LastCreateOutcome", "LastCreateOutcomeAt", "LastCreateReceiptJson", "LastReconciliationOutcome", "LastReconciliationOutcomeAt", "LastReconciliationReceiptJson", "MapId", "OrderId", "Purpose", "Status", "TargetStationId", "UpperId", "VehicleKey")
VALUES (@p0, @p1, @p2, @p3, @p4, @p5, @p6, @p7, @p8, @p9, @p10, @p11, @p12, @p13, @p14, @p15, @p16, @p17, @p18, @p19, @p20, @p21, @p22, @p23, @p24);
[17:52:10 INF] Executed DbCommand (0ms) [Parameters=[@__upperId_0='?' (Size = 45)], CommandType='Text', CommandTimeout='30']
SELECT "o"."MovementLegId", "o"."AgvLifecycleGeneration", "o"."CreateAttemptCount", "o"."CreateAttemptId", "o"."CreateDispatchArmedAt", "o"."CreatedAt", "o"."DemandId", "o"."DestinationStationId", "o"."DispatchAuditSequence", "o"."DispatchAuditVersion", "o"."DispatchGeneration", "o"."ExperimentalCreateAuthorizationId", "o"."LastCreateOutcome", "o"."LastCreateOutcomeAt", "o"."LastCreateReceiptJson", "o"."LastReconciliationOutcome", "o"."LastReconciliationOutcomeAt", "o"."LastReconciliationReceiptJson", "o"."MapId", "o"."OrderId", "o"."Purpose", "o"."Status", "o"."TargetStationId", "o"."UpperId", "o"."VehicleKey"
FROM "OrderIntents" AS "o"
WHERE "o"."UpperId" = @__upperId_0
LIMIT 2
[17:52:10 INF] Executed DbCommand (0ms) [Parameters=[], CommandType='Text', CommandTimeout='30']
SELECT "e"."AuthorizationId", "e"."AgvLifecycleGeneration", "e"."AuthorizationVersion", "e"."ConsumedAt", "e"."ConsumedByAttemptId", "e"."DemandId", "e"."DispatchGeneration", "e"."ExpiresAt", "e"."MovementLegId", "e"."PersistedAt", "e"."UpperId"
FROM "ExperimentalRiotCreateAuthorizations" AS "e"
WHERE 0
LIMIT 2
[17:52:10 INF] Start processing HTTP request GET http://127.0.0.1:58408/api/order/v1/orderRecord/detailByUpperId/W2G-63b5d126-d8cd-4453-b673-6cef7301ca3e-S9-1
[17:52:10 INF] Sending HTTP request GET http://127.0.0.1:58408/api/order/v1/orderRecord/detailByUpperId/W2G-63b5d126-d8cd-4453-b673-6cef7301ca3e-S9-1
[17:52:10 INF] Received HTTP response headers after 0.4993ms - 404
[17:52:10 INF] End processing HTTP request after 1.0717ms - 404
[17:52:10 INF] Executed DbCommand (0ms) [Parameters=[@__upperId_0='?' (Size = 45)], CommandType='Text', CommandTimeout='30']
SELECT "o"."MovementLegId", "o"."AgvLifecycleGeneration", "o"."CreateAttemptCount", "o"."CreateAttemptId", "o"."CreateDispatchArmedAt", "o"."CreatedAt", "o"."DemandId", "o"."DestinationStationId", "o"."DispatchAuditSequence", "o"."DispatchAuditVersion", "o"."DispatchGeneration", "o"."ExperimentalCreateAuthorizationId", "o"."LastCreateOutcome", "o"."LastCreateOutcomeAt", "o"."LastCreateReceiptJson", "o"."LastReconciliationOutcome", "o"."LastReconciliationOutcomeAt", "o"."LastReconciliationReceiptJson", "o"."MapId", "o"."OrderId", "o"."Purpose", "o"."Status", "o"."TargetStationId", "o"."UpperId", "o"."VehicleKey"
FROM "OrderIntents" AS "o"
WHERE "o"."UpperId" = @__upperId_0
LIMIT 2
[17:52:10 INF] Executed DbCommand (0ms) [Parameters=[@p4='?' (Size = 36), @p5='?' (DbType = Int32), @p0='?' (DbType = Int64), @p6='?' (DbType = Int64), @p8='?', @p1='?' (Size = 31), @p2='?' (DbType = DateTimeOffset), @p3='?' (Size = 188), @p7='?' (Size = 22)], CommandType='Text', CommandTimeout='30']
UPDATE "OrderIntents" SET "DispatchAuditSequence" = @p0, "LastReconciliationOutcome" = @p1, "LastReconciliationOutcomeAt" = @p2, "LastReconciliationReceiptJson" = @p3
WHERE "MovementLegId" = @p4 AND "CreateAttemptCount" = @p5 AND "DispatchAuditSequence" = @p6 AND "ExperimentalCreateAuthorizationId" IS NULL AND "Status" = @p7
RETURNING 1;
[17:52:10 INF] Executed DbCommand (0ms) [Parameters=[@p0='?' (Size = 36), @p1='?', @p2='?' (DbType = Int32), @p3='?', @p4='?' (Size = 36), @p5='?' (DbType = Int64), @p6='?', @p7='?', @p8='?', @p9='?' (DbType = Int32), @p10='?' (Size = 36), @p11='?' (DbType = DateTimeOffset), @p12='?' (Size = 9), @p13='?' (Size = 25), @p14='?' (Size = 8), @p15='?' (DbType = DateTimeOffset), @p16='?' (Size = 9), @p17='?', @p18='?' (DbType = Boolean), @p19='?', @p20='?' (DbType = Int64), @p21='?' (Size = 45)], CommandType='Text', CommandTimeout='30']
INSERT INTO "RiotDispatchAuditEvents" ("AuditEventId", "AttemptId", "AttemptNumber", "BusinessCode", "DemandId", "DispatchGeneration", "EligibilityBasis", "ExperimentalAuthorizationId", "FailureCategory", "HttpStatusCode", "MovementLegId", "OccurredAt", "Outcome", "Phase", "ReceiptClassification", "ReceiptObservedAt", "ReceiptOperation", "RequestSemanticSha256", "ResultPresent", "ReturnedOrderId", "Sequence", "UpperId")
VALUES (@p0, @p1, @p2, @p3, @p4, @p5, @p6, @p7, @p8, @p9, @p10, @p11, @p12, @p13, @p14, @p15, @p16, @p17, @p18, @p19, @p20, @p21);
[17:52:10 INF] Executed DbCommand (0ms) [Parameters=[@__upperId_0='?' (Size = 45)], CommandType='Text', CommandTimeout='30']
SELECT "o"."MovementLegId", "o"."AgvLifecycleGeneration", "o"."CreateAttemptCount", "o"."CreateAttemptId", "o"."CreateDispatchArmedAt", "o"."CreatedAt", "o"."DemandId", "o"."DestinationStationId", "o"."DispatchAuditSequence", "o"."DispatchAuditVersion", "o"."DispatchGeneration", "o"."ExperimentalCreateAuthorizationId", "o"."LastCreateOutcome", "o"."LastCreateOutcomeAt", "o"."LastCreateReceiptJson", "o"."LastReconciliationOutcome", "o"."LastReconciliationOutcomeAt", "o"."LastReconciliationReceiptJson", "o"."MapId", "o"."OrderId", "o"."Purpose", "o"."Status", "o"."TargetStationId", "o"."UpperId", "o"."VehicleKey"
FROM "OrderIntents" AS "o"
WHERE "o"."UpperId" = @__upperId_0
LIMIT 2
[17:52:10 INF] Executed DbCommand (0ms) [Parameters=[@p7='?' (Size = 36), @p0='?' (DbType = Int32), @p8='?' (DbType = Int32), @p1='?' (Size = 36), @p2='?' (DbType = DateTimeOffset), @p3='?' (DbType = Int64), @p9='?' (DbType = Int64), @p11='?', @p4='?' (Size = 13), @p5='?' (DbType = DateTimeOffset), @p6='?' (Size = 16), @p10='?' (Size = 22)], CommandType='Text', CommandTimeout='30']
UPDATE "OrderIntents" SET "CreateAttemptCount" = @p0, "CreateAttemptId" = @p1, "CreateDispatchArmedAt" = @p2, "DispatchAuditSequence" = @p3, "LastCreateOutcome" = @p4, "LastCreateOutcomeAt" = @p5, "Status" = @p6
WHERE "MovementLegId" = @p7 AND "CreateAttemptCount" = @p8 AND "DispatchAuditSequence" = @p9 AND "ExperimentalCreateAuthorizationId" IS NULL AND "Status" = @p10
RETURNING 1;
[17:52:10 INF] Executed DbCommand (0ms) [Parameters=[@p0='?' (Size = 36), @p1='?' (Size = 36), @p2='?' (DbType = Int32), @p3='?', @p4='?' (Size = 36), @p5='?' (DbType = Int64), @p6='?', @p7='?', @p8='?', @p9='?' (DbType = Int32), @p10='?' (Size = 36), @p11='?' (DbType = DateTimeOffset), @p12='?' (Size = 5), @p13='?' (Size = 15), @p14='?', @p15='?' (DbType = DateTimeOffset), @p16='?', @p17='?' (Size = 64), @p18='?' (DbType = Boolean), @p19='?', @p20='?' (DbType = Int64), @p21='?' (Size = 45)], CommandType='Text', CommandTimeout='30']
INSERT INTO "RiotDispatchAuditEvents" ("AuditEventId", "AttemptId", "AttemptNumber", "BusinessCode", "DemandId", "DispatchGeneration", "EligibilityBasis", "ExperimentalAuthorizationId", "FailureCategory", "HttpStatusCode", "MovementLegId", "OccurredAt", "Outcome", "Phase", "ReceiptClassification", "ReceiptObservedAt", "ReceiptOperation", "RequestSemanticSha256", "ResultPresent", "ReturnedOrderId", "Sequence", "UpperId")
VALUES (@p0, @p1, @p2, @p3, @p4, @p5, @p6, @p7, @p8, @p9, @p10, @p11, @p12, @p13, @p14, @p15, @p16, @p17, @p18, @p19, @p20, @p21);
[17:52:10 INF] Executed DbCommand (0ms) [Parameters=[@__upperId_0='?' (Size = 45)], CommandType='Text', CommandTimeout='30']
SELECT "o"."MovementLegId", "o"."AgvLifecycleGeneration", "o"."CreateAttemptCount", "o"."CreateAttemptId", "o"."CreateDispatchArmedAt", "o"."CreatedAt", "o"."DemandId", "o"."DestinationStationId", "o"."DispatchAuditSequence", "o"."DispatchAuditVersion", "o"."DispatchGeneration", "o"."ExperimentalCreateAuthorizationId", "o"."LastCreateOutcome", "o"."LastCreateOutcomeAt", "o"."LastCreateReceiptJson", "o"."LastReconciliationOutcome", "o"."LastReconciliationOutcomeAt", "o"."LastReconciliationReceiptJson", "o"."MapId", "o"."OrderId", "o"."Purpose", "o"."Status", "o"."TargetStationId", "o"."UpperId", "o"."VehicleKey"
FROM "OrderIntents" AS "o"
WHERE "o"."UpperId" = @__upperId_0
LIMIT 2
[17:52:10 INF] Executed DbCommand (0ms) [Parameters=[@p3='?' (Size = 36), @p4='?' (DbType = Int32), @p0='?' (DbType = Int64), @p5='?' (DbType = Int64), @p7='?', @p1='?' (Size = 20), @p2='?' (DbType = DateTimeOffset), @p6='?' (Size = 16)], CommandType='Text', CommandTimeout='30']
UPDATE "OrderIntents" SET "DispatchAuditSequence" = @p0, "LastCreateOutcome" = @p1, "LastCreateOutcomeAt" = @p2
WHERE "MovementLegId" = @p3 AND "CreateAttemptCount" = @p4 AND "DispatchAuditSequence" = @p5 AND "ExperimentalCreateAuthorizationId" IS NULL AND "Status" = @p6
RETURNING 1;
[17:52:10 INF] Executed DbCommand (0ms) [Parameters=[@p0='?' (Size = 36), @p1='?' (Size = 36), @p2='?' (DbType = Int32), @p3='?', @p4='?' (Size = 36), @p5='?' (DbType = Int64), @p6='?', @p7='?', @p8='?', @p9='?' (DbType = Int32), @p10='?' (Size = 36), @p11='?' (DbType = DateTimeOffset), @p12='?' (Size = 7), @p13='?' (Size = 14), @p14='?', @p15='?' (DbType = DateTimeOffset), @p16='?', @p17='?' (Size = 64), @p18='?' (DbType = Boolean), @p19='?', @p20='?' (DbType = Int64), @p21='?' (Size = 45)], CommandType='Text', CommandTimeout='30']
INSERT INTO "RiotDispatchAuditEvents" ("AuditEventId", "AttemptId", "AttemptNumber", "BusinessCode", "DemandId", "DispatchGeneration", "EligibilityBasis", "ExperimentalAuthorizationId", "FailureCategory", "HttpStatusCode", "MovementLegId", "OccurredAt", "Outcome", "Phase", "ReceiptClassification", "ReceiptObservedAt", "ReceiptOperation", "RequestSemanticSha256", "ResultPresent", "ReturnedOrderId", "Sequence", "UpperId")
VALUES (@p0, @p1, @p2, @p3, @p4, @p5, @p6, @p7, @p8, @p9, @p10, @p11, @p12, @p13, @p14, @p15, @p16, @p17, @p18, @p19, @p20, @p21);
[17:52:10 INF] Start processing HTTP request POST http://127.0.0.1:58408/api/order/v1/add/byDefaultMissions
[17:52:10 INF] Sending HTTP request POST http://127.0.0.1:58408/api/order/v1/add/byDefaultMissions
[17:52:10 INF] Received HTTP response headers after 0.6216ms - 200
[17:52:10 INF] End processing HTTP request after 1.2058ms - 200
[17:52:10 INF] Executed DbCommand (0ms) [Parameters=[@__upperId_0='?' (Size = 45)], CommandType='Text', CommandTimeout='30']
SELECT "o"."MovementLegId", "o"."AgvLifecycleGeneration", "o"."CreateAttemptCount", "o"."CreateAttemptId", "o"."CreateDispatchArmedAt", "o"."CreatedAt", "o"."DemandId", "o"."DestinationStationId", "o"."DispatchAuditSequence", "o"."DispatchAuditVersion", "o"."DispatchGeneration", "o"."ExperimentalCreateAuthorizationId", "o"."LastCreateOutcome", "o"."LastCreateOutcomeAt", "o"."LastCreateReceiptJson", "o"."LastReconciliationOutcome", "o"."LastReconciliationOutcomeAt", "o"."LastReconciliationReceiptJson", "o"."MapId", "o"."OrderId", "o"."Purpose", "o"."Status", "o"."TargetStationId", "o"."UpperId", "o"."VehicleKey"
FROM "OrderIntents" AS "o"
WHERE "o"."UpperId" = @__upperId_0
LIMIT 2
[17:52:10 INF] Executed DbCommand (0ms) [Parameters=[@p4='?' (Size = 36), @p5='?' (DbType = Int32), @p0='?' (DbType = Int64), @p6='?' (DbType = Int64), @p8='?', @p1='?' (Size = 22), @p2='?' (DbType = DateTimeOffset), @p3='?' (Size = 188), @p7='?' (Size = 16)], CommandType='Text', CommandTimeout='30']
UPDATE "OrderIntents" SET "DispatchAuditSequence" = @p0, "LastCreateOutcome" = @p1, "LastCreateOutcomeAt" = @p2, "LastCreateReceiptJson" = @p3
WHERE "MovementLegId" = @p4 AND "CreateAttemptCount" = @p5 AND "DispatchAuditSequence" = @p6 AND "ExperimentalCreateAuthorizationId" IS NULL AND "Status" = @p7
RETURNING 1;
[17:52:10 INF] Executed DbCommand (0ms) [Parameters=[@p0='?' (Size = 36), @p1='?' (Size = 36), @p2='?' (DbType = Int32), @p3='?', @p4='?' (Size = 36), @p5='?' (DbType = Int64), @p6='?', @p7='?', @p8='?', @p9='?' (DbType = Int32), @p10='?' (Size = 36), @p11='?' (DbType = DateTimeOffset), @p12='?' (Size = 8), @p13='?' (Size = 15), @p14='?' (Size = 11), @p15='?' (DbType = DateTimeOffset), @p16='?' (Size = 6), @p17='?', @p18='?' (DbType = Boolean), @p19='?' (Size = 12), @p20='?' (DbType = Int64), @p21='?' (Size = 45)], CommandType='Text', CommandTimeout='30']
INSERT INTO "RiotDispatchAuditEvents" ("AuditEventId", "AttemptId", "AttemptNumber", "BusinessCode", "DemandId", "DispatchGeneration", "EligibilityBasis", "ExperimentalAuthorizationId", "FailureCategory", "HttpStatusCode", "MovementLegId", "OccurredAt", "Outcome", "Phase", "ReceiptClassification", "ReceiptObservedAt", "ReceiptOperation", "RequestSemanticSha256", "ResultPresent", "ReturnedOrderId", "Sequence", "UpperId")
VALUES (@p0, @p1, @p2, @p3, @p4, @p5, @p6, @p7, @p8, @p9, @p10, @p11, @p12, @p13, @p14, @p15, @p16, @p17, @p18, @p19, @p20, @p21);
[17:52:10 INF] Start processing HTTP request GET http://127.0.0.1:58408/api/order/v1/orderRecord/detailByUpperId/W2G-63b5d126-d8cd-4453-b673-6cef7301ca3e-S9-1
[17:52:10 INF] Sending HTTP request GET http://127.0.0.1:58408/api/order/v1/orderRecord/detailByUpperId/W2G-63b5d126-d8cd-4453-b673-6cef7301ca3e-S9-1
[17:52:10 INF] Received HTTP response headers after 0.3215ms - 200
[17:52:10 INF] End processing HTTP request after 0.9455ms - 200
[17:52:10 INF] Executed DbCommand (0ms) [Parameters=[@__upperId_0='?' (Size = 45)], CommandType='Text', CommandTimeout='30']
SELECT "o"."MovementLegId", "o"."AgvLifecycleGeneration", "o"."CreateAttemptCount", "o"."CreateAttemptId", "o"."CreateDispatchArmedAt", "o"."CreatedAt", "o"."DemandId", "o"."DestinationStationId", "o"."DispatchAuditSequence", "o"."DispatchAuditVersion", "o"."DispatchGeneration", "o"."ExperimentalCreateAuthorizationId", "o"."LastCreateOutcome", "o"."LastCreateOutcomeAt", "o"."LastCreateReceiptJson", "o"."LastReconciliationOutcome", "o"."LastReconciliationOutcomeAt", "o"."LastReconciliationReceiptJson", "o"."MapId", "o"."OrderId", "o"."Purpose", "o"."Status", "o"."TargetStationId", "o"."UpperId", "o"."VehicleKey"
FROM "OrderIntents" AS "o"
WHERE "o"."UpperId" = @__upperId_0
LIMIT 2
[17:52:10 INF] Executed DbCommand (0ms) [Parameters=[@p6='?' (Size = 36), @p7='?' (DbType = Int32), @p0='?' (DbType = Int64), @p8='?' (DbType = Int64), @p10='?', @p1='?' (Size = 33), @p2='?' (DbType = DateTimeOffset), @p3='?' (Size = 185), @p4='?' (Size = 12), @p5='?' (Size = 9), @p9='?' (Size = 16)], CommandType='Text', CommandTimeout='30']
UPDATE "OrderIntents" SET "DispatchAuditSequence" = @p0, "LastReconciliationOutcome" = @p1, "LastReconciliationOutcomeAt" = @p2, "LastReconciliationReceiptJson" = @p3, "OrderId" = @p4, "Status" = @p5
WHERE "MovementLegId" = @p6 AND "CreateAttemptCount" = @p7 AND "DispatchAuditSequence" = @p8 AND "ExperimentalCreateAuthorizationId" IS NULL AND "Status" = @p9
RETURNING 1;
[17:52:10 INF] Executed DbCommand (0ms) [Parameters=[@p0='?' (Size = 36), @p1='?' (Size = 36), @p2='?' (DbType = Int32), @p3='?', @p4='?' (Size = 36), @p5='?' (DbType = Int64), @p6='?', @p7='?', @p8='?', @p9='?' (DbType = Int32), @p10='?' (Size = 36), @p11='?' (DbType = DateTimeOffset), @p12='?' (Size = 9), @p13='?' (Size = 26), @p14='?' (Size = 5), @p15='?' (DbType = DateTimeOffset), @p16='?' (Size = 9), @p17='?', @p18='?' (DbType = Boolean), @p19='?' (Size = 12), @p20='?' (DbType = Int64), @p21='?' (Size = 45)], CommandType='Text', CommandTimeout='30']
INSERT INTO "RiotDispatchAuditEvents" ("AuditEventId", "AttemptId", "AttemptNumber", "BusinessCode", "DemandId", "DispatchGeneration", "EligibilityBasis", "ExperimentalAuthorizationId", "FailureCategory", "HttpStatusCode", "MovementLegId", "OccurredAt", "Outcome", "Phase", "ReceiptClassification", "ReceiptObservedAt", "ReceiptOperation", "RequestSemanticSha256", "ResultPresent", "ReturnedOrderId", "Sequence", "UpperId")
VALUES (@p0, @p1, @p2, @p3, @p4, @p5, @p6, @p7, @p8, @p9, @p10, @p11, @p12, @p13, @p14, @p15, @p16, @p17, @p18, @p19, @p20, @p21);
[17:52:10 INF] Executed DbCommand (0ms) [Parameters=[], CommandType='Text', CommandTimeout='30']
SELECT "p"."MessageId", "p"."ContentHash", "p"."FirstResponseJson", "p"."MessageType", "p"."ReceivedAt", "p"."RequestJson"
FROM "ProtocolInbox" AS "p"
WHERE "p"."MessageType" = 'PreDepartureSafetyCheckResult'
[17:52:10 INF] Executed DbCommand (0ms) [Parameters=[@__messageId_0='?' (Size = 36)], CommandType='Text', CommandTimeout='30']
SELECT "p"."MessageId", "p"."AcknowledgedAt", "p"."CreatedAt", "p"."FencedAt", "p"."MessageType", "p"."PayloadJson"
FROM "ProtocolOutbox" AS "p"
WHERE "p"."MessageId" = @__messageId_0
LIMIT 2
[17:52:10 INF] Executed DbCommand (0ms) [Parameters=[@p1='?' (Size = 36), @p2='?' (DbType = Int32), @p0='?' (Size = 36)], CommandType='Text', CommandTimeout='30']
UPDATE "JourneyStops" SET "ConsumedSafetyResultMessageId" = @p0
WHERE "JourneyId" = @p1 AND "Sequence" = @p2
RETURNING 1;
[17:52:10 INF] Executed DbCommand (0ms) [Parameters=[@p1='?' (Size = 36), @p0='?' (DbType = DateTimeOffset)], CommandType='Text', CommandTimeout='30']
UPDATE "ProtocolOutbox" SET "AcknowledgedAt" = @p0
WHERE "MessageId" = @p1
RETURNING 1;
[17:52:10 INF] Executed DbCommand (0ms) [Parameters=[@p4='?' (Size = 36), @p0='?' (DbType = Int32), @p1='?' (DbType = Int32), @p2='?' (Size = 19), @p3='?' (DbType = DateTimeOffset)], CommandType='Text', CommandTimeout='30']
UPDATE "JourneyRuntimes" SET "CurrentStopSequence" = @p0, "NextStopSequence" = @p1, "Stage" = @p2, "UpdatedAt" = @p3
WHERE "JourneyId" = @p4
RETURNING 1;
[17:52:10 INF] Executed DbCommand (0ms) [Parameters=[@p2='?' (Size = 36), @p3='?' (DbType = Int32), @p0='?' (Size = 9), @p1='?' (DbType = DateTimeOffset)], CommandType='Text', CommandTimeout='30']
UPDATE "JourneyStops" SET "State" = @p0, "UpdatedAt" = @p1
WHERE "JourneyId" = @p2 AND "Sequence" = @p3
RETURNING 1;
[17:52:10 INF] Executed DbCommand (0ms) [Parameters=[@p1='?' (Size = 36), @p2='?' (DbType = Int32), @p0='?' (DbType = DateTimeOffset)], CommandType='Text', CommandTimeout='30']
UPDATE "JourneyStops" SET "UpdatedAt" = @p0
WHERE "JourneyId" = @p1 AND "Sequence" = @p2
RETURNING 1;
[17:52:10 INF] Executed DbCommand (0ms) [Parameters=[@__messageId_0='?' (Size = 36)], CommandType='Text', CommandTimeout='30']
SELECT "p"."MessageId", "p"."ContentHash", "p"."FirstResponseJson", "p"."MessageType", "p"."ReceivedAt", "p"."RequestJson"
FROM "ProtocolInbox" AS "p"
WHERE "p"."MessageId" = @__messageId_0
LIMIT 2
[17:52:10 INF] Executed DbCommand (0ms) [Parameters=[@p0='?' (Size = 36), @p1='?' (Size = 64), @p2='?' (Size = 536), @p3='?' (Size = 9), @p4='?' (DbType = DateTimeOffset), @p5='?' (Size = 428)], CommandType='Text', CommandTimeout='30']
INSERT INTO "ProtocolInbox" ("MessageId", "ContentHash", "FirstResponseJson", "MessageType", "ReceivedAt", "RequestJson")
VALUES (@p0, @p1, @p2, @p3, @p4, @p5);
[17:52:11 INF] Start processing HTTP request GET http://127.0.0.1:58408/api/task/v1/task/getVehicleInfo/BROKERX-L2-0001
[17:52:11 INF] Sending HTTP request GET http://127.0.0.1:58408/api/task/v1/task/getVehicleInfo/BROKERX-L2-0001
[17:52:11 INF] Received HTTP response headers after 0.5017ms - 200
[17:52:11 INF] End processing HTTP request after 3.6264ms - 200
[17:52:11 INF] Start processing HTTP request GET http://127.0.0.1:58408/api/order/v1/orderRecord?pageNum=1&pageSize=100&filterByState=1&filterByState=3&filterByState=7&filterByState=9
[17:52:11 INF] Sending HTTP request GET http://127.0.0.1:58408/api/order/v1/orderRecord?pageNum=1&pageSize=100&filterByState=1&filterByState=3&filterByState=7&filterByState=9
[17:52:11 INF] Received HTTP response headers after 0.4054ms - 200
[17:52:11 INF] End processing HTTP request after 0.985ms - 200
[17:52:11 INF] HTTP GET /api/onboard/v1/vehicle-safety responded 200 in 5.6425 ms
[17:52:12 INF] Start processing HTTP request GET http://127.0.0.1:58408/api/task/v1/task/getVehicleInfo/BROKERX-L2-0001
[17:52:12 INF] Sending HTTP request GET http://127.0.0.1:58408/api/task/v1/task/getVehicleInfo/BROKERX-L2-0001
[17:52:12 INF] Received HTTP response headers after 0.5387ms - 200
[17:52:12 INF] End processing HTTP request after 4.0346ms - 200
[17:52:12 INF] Start processing HTTP request GET http://127.0.0.1:58408/api/order/v1/orderRecord?pageNum=1&pageSize=100&filterByState=1&filterByState=3&filterByState=7&filterByState=9
[17:52:12 INF] Sending HTTP request GET http://127.0.0.1:58408/api/order/v1/orderRecord?pageNum=1&pageSize=100&filterByState=1&filterByState=3&filterByState=7&filterByState=9
[17:52:12 INF] Received HTTP response headers after 0.2828ms - 200
[17:52:12 INF] End processing HTTP request after 0.8378ms - 200
[17:52:12 INF] HTTP GET /api/onboard/v1/vehicle-safety responded 200 in 5.8832 ms
[17:52:12 INF] Start processing HTTP request GET http://127.0.0.1:58408/api/imap/v1/mapInfo/stations/25
[17:52:12 INF] Sending HTTP request GET http://127.0.0.1:58408/api/imap/v1/mapInfo/stations/25
[17:52:12 INF] Received HTTP response headers after 0.478ms - 200
[17:52:12 INF] End processing HTTP request after 3.6295ms - 200
[17:52:12 INF] Executed DbCommand (0ms) [Parameters=[], CommandType='Text', CommandTimeout='30']
SELECT "a"."Id", "a"."ContentHash", "a"."DeploymentId", "a"."ImportedAt", "a"."Version"
FROM "AdmissionPolicyState" AS "a"
WHERE "a"."Id" = 1
LIMIT 2
[17:52:12 INF] Executed DbCommand (0ms) [Parameters=[], CommandType='Text', CommandTimeout='30']
SELECT "j"."JourneyId", "j"."AgvId", "j"."AgvLifecycleGeneration", "j"."BlockReasonCode", "j"."CreatedAt", "j"."CurrentStopSequence", "j"."DispatchGeneration", "j"."DispatchZone", "j"."GateStationId", "j"."GateStationRiotId", "j"."HoldingStartedAt", "j"."LoadingClosedReason", "j"."MapId", "j"."MapIdentity", "j"."NextStopSequence", "j"."OperationSessionId", "j"."PlanRevision", "j"."Stage", "j"."UpdatedAt", "j"."VehicleBusinessRevision", "j"."VehicleKey", "j"."WorklistRevision"
FROM "JourneyRuntimes" AS "j"
WHERE "j"."Stage" <> 'Completed'
[17:52:12 INF] Executed DbCommand (0ms) [Parameters=[@__runtime_JourneyId_0='?' (Size = 36)], CommandType='Text', CommandTimeout='30']
SELECT "j"."JourneyId", "j"."Sequence", "j"."ConsumedSafetyResultMessageId", "j"."CreatedAt", "j"."LegType", "j"."LoadRound", "j"."MovementLegId", "j"."PlanMessageId", "j"."PlanRevision", "j"."PreDepartureSafetyCheckId", "j"."PreDepartureSafetyCheckMessageId", "j"."Role", "j"."RouteEvidenceId", "j"."State", "j"."StationId", "j"."StationRiotId", "j"."SublotWaitStartedAt", "j"."UpdatedAt", "j"."UpperId", "j"."VehicleBusinessMessageId", "j"."VehicleBusinessRevision", "j"."WorklistRevision"
FROM "JourneyStops" AS "j"
WHERE "j"."JourneyId" = @__runtime_JourneyId_0
[17:52:12 INF] Executed DbCommand (0ms) [Parameters=[@__runtime_JourneyId_0='?' (Size = 36)], CommandType='Text', CommandTimeout='30']
SELECT "j"."JourneyId", "j"."DemandId", "j"."ConsumedSublotMessageId", "j"."CreatedAt", "j"."ExpectedBasketCount", "j"."LoadCommandMessageId", "j"."LoadCommandedAt", "j"."LoadSlotOperationAttemptId", "j"."LoadedAt", "j"."State", "j"."StopSequence", "j"."TargetSlotsJson", "j"."UnloadCommandMessageId", "j"."UnloadCommandedAt", "j"."UnloadSlotOperationAttemptId"
FROM "JourneyDemands" AS "j"
WHERE "j"."JourneyId" = @__runtime_JourneyId_0
[17:52:12 INF] Executed DbCommand (0ms) [Parameters=[@__agvId_0='?' (Size = 10)], CommandType='Text', CommandTimeout='30']
SELECT "s"."AgvId", "s"."ActiveUnlockSlotsJson", "s"."CapabilityHash", "s"."CapabilityRevision", "s"."DepartureSafe", "s"."ForcedRecoveryGeneration", "s"."ManifestSha256", "s"."PendingAttemptIdsJson", "s"."PendingResultIdsJson", "s"."ProfileId", "s"."ProtocolCommit", "s"."ProtocolVersion", "s"."ProvenRecoveryCheckpoint", "s"."Readiness", "s"."ReasonCode", "s"."RecoveryReportId", "s"."ReportedForcedRecoveryGeneration", "s"."SafetyHash", "s"."SafetyReasonCodesJson", "s"."SafetyRevision", "s"."SafetyUnknownPresent", "s"."SessionGeneration", "s"."UnsettledSlotOperationAttemptId", "s"."UpdatedAt"
FROM "SessionRecoveries" AS "s"
WHERE "s"."AgvId" = @__agvId_0 AND "s"."Readiness" = 'Ready'
LIMIT 2
[17:52:12 INF] Executed DbCommand (0ms) [Parameters=[], CommandType='Text', CommandTimeout='30']
SELECT "p"."MessageId", "p"."AcknowledgedAt", "p"."CreatedAt", "p"."FencedAt", "p"."MessageType", "p"."PayloadJson"
FROM "ProtocolOutbox" AS "p"
WHERE "p"."AcknowledgedAt" IS NULL AND "p"."FencedAt" IS NULL
[17:52:12 INF] Executed DbCommand (0ms) [Parameters=[@__upperId_0='?' (Size = 45)], CommandType='Text', CommandTimeout='30']
SELECT "o"."MovementLegId", "o"."AgvLifecycleGeneration", "o"."CreateAttemptCount", "o"."CreateAttemptId", "o"."CreateDispatchArmedAt", "o"."CreatedAt", "o"."DemandId", "o"."DestinationStationId", "o"."DispatchAuditSequence", "o"."DispatchAuditVersion", "o"."DispatchGeneration", "o"."ExperimentalCreateAuthorizationId", "o"."LastCreateOutcome", "o"."LastCreateOutcomeAt", "o"."LastCreateReceiptJson", "o"."LastReconciliationOutcome", "o"."LastReconciliationOutcomeAt", "o"."LastReconciliationReceiptJson", "o"."MapId", "o"."OrderId", "o"."Purpose", "o"."Status", "o"."TargetStationId", "o"."UpperId", "o"."VehicleKey"
FROM "OrderIntents" AS "o"
WHERE "o"."UpperId" = @__upperId_0
LIMIT 2
[17:52:12 INF] Executed DbCommand (0ms) [Parameters=[@__stop_MovementLegId_0='?' (Size = 36)], CommandType='Text', CommandTimeout='30']
SELECT "o"."MovementLegId", "o"."AgvLifecycleGeneration", "o"."CreateAttemptCount", "o"."CreateAttemptId", "o"."CreateDispatchArmedAt", "o"."CreatedAt", "o"."DemandId", "o"."DestinationStationId", "o"."DispatchAuditSequence", "o"."DispatchAuditVersion", "o"."DispatchGeneration", "o"."ExperimentalCreateAuthorizationId", "o"."LastCreateOutcome", "o"."LastCreateOutcomeAt", "o"."LastCreateReceiptJson", "o"."LastReconciliationOutcome", "o"."LastReconciliationOutcomeAt", "o"."LastReconciliationReceiptJson", "o"."MapId", "o"."OrderId", "o"."Purpose", "o"."Status", "o"."TargetStationId", "o"."UpperId", "o"."VehicleKey"
FROM "OrderIntents" AS "o"
WHERE "o"."MovementLegId" = @__stop_MovementLegId_0
LIMIT 2
[17:52:12 INF] Start processing HTTP request GET http://127.0.0.1:58408/api/order/v1/orderRecord/detailByUpperId/W2G-63b5d126-d8cd-4453-b673-6cef7301ca3e-S9-1
[17:52:12 INF] Sending HTTP request GET http://127.0.0.1:58408/api/order/v1/orderRecord/detailByUpperId/W2G-63b5d126-d8cd-4453-b673-6cef7301ca3e-S9-1
[17:52:12 INF] Received HTTP response headers after 0.3871ms - 200
[17:52:12 INF] End processing HTTP request after 0.982ms - 200
[17:52:12 INF] Start processing HTTP request GET http://127.0.0.1:58408/api/task/vehicles/getVehicleInfoByDeviceKey?key=BROKERX-L2-0001
[17:52:12 INF] Sending HTTP request GET http://127.0.0.1:58408/api/task/vehicles/getVehicleInfoByDeviceKey?key=BROKERX-L2-0001
[17:52:12 INF] Received HTTP response headers after 0.3133ms - 200
[17:52:12 INF] End processing HTTP request after 1.0003ms - 200
[17:52:12 INF] Executed DbCommand (0ms) [Parameters=[@__agvId_0='?' (Size = 10)], CommandType='Text', CommandTimeout='30']
SELECT "s"."AgvId", "s"."ActiveUnlockSlotsJson", "s"."CapabilityHash", "s"."CapabilityRevision", "s"."DepartureSafe", "s"."ForcedRecoveryGeneration", "s"."ManifestSha256", "s"."PendingAttemptIdsJson", "s"."PendingResultIdsJson", "s"."ProfileId", "s"."ProtocolCommit", "s"."ProtocolVersion", "s"."ProvenRecoveryCheckpoint", "s"."Readiness", "s"."ReasonCode", "s"."RecoveryReportId", "s"."ReportedForcedRecoveryGeneration", "s"."SafetyHash", "s"."SafetyReasonCodesJson", "s"."SafetyRevision", "s"."SafetyUnknownPresent", "s"."SessionGeneration", "s"."UnsettledSlotOperationAttemptId", "s"."UpdatedAt"
FROM "SessionRecoveries" AS "s"
WHERE "s"."AgvId" = @__agvId_0 AND "s"."Readiness" = 'Ready'
LIMIT 2
[17:52:12 INF] Executed DbCommand (0ms) [Parameters=[@__messageType_0='?' (Size = 18)], CommandType='Text', CommandTimeout='30']
SELECT "p"."MessageId", "p"."ContentHash", "p"."FirstResponseJson", "p"."MessageType", "p"."ReceivedAt", "p"."RequestJson"
FROM "ProtocolInbox" AS "p"
WHERE "p"."MessageType" = @__messageType_0
[17:52:12 INF] Executed DbCommand (0ms) [Parameters=[@__messageType_0='?' (Size = 19)], CommandType='Text', CommandTimeout='30']
SELECT "p"."MessageId", "p"."ContentHash", "p"."FirstResponseJson", "p"."MessageType", "p"."ReceivedAt", "p"."RequestJson"
FROM "ProtocolInbox" AS "p"
WHERE "p"."MessageType" = @__messageType_0
[17:52:12 INF] Executed DbCommand (0ms) [Parameters=[], CommandType='Text', CommandTimeout='30']
SELECT "p"."MessageId", "p"."ContentHash", "p"."FirstResponseJson", "p"."MessageType", "p"."ReceivedAt", "p"."RequestJson"
FROM "ProtocolInbox" AS "p"
WHERE "p"."MessageType" IN ('SafetyStateSnapshot', 'SafetyStateChanged')
[17:52:12 INF] Executed DbCommand (0ms) [Parameters=[], CommandType='Text', CommandTimeout='30']
SELECT "p"."MessageId", "p"."ContentHash", "p"."FirstResponseJson", "p"."MessageType", "p"."ReceivedAt", "p"."RequestJson"
FROM "ProtocolInbox" AS "p"
[17:52:12 INF] Executed DbCommand (0ms) [Parameters=[@__ids_0='?' (Size = 79)], CommandType='Text', CommandTimeout='30']
SELECT "a"."DemandId", "a"."AcceptedAt", "a"."CatalogRevision", "a"."CreatedAt", "a"."DemandRevision", "a"."Generation", "a"."HistoryEpoch", "a"."LiveMesFieldsJson", "a"."SeriesId", "a"."Status", "a"."Sublot", "a"."TransportDemandKey", "a"."ValueObservedAt", "a"."ValuePollTraceId", "a"."ValueProjectionCommitId", "a"."WorkType"
FROM "AcceptedDemands" AS "a"
WHERE "a"."DemandId" IN (
    SELECT "i"."value"
    FROM json_each(@__ids_0) AS "i"
)
[17:52:12 INF] Executed DbCommand (0ms) [Parameters=[@__messageId_0='?' (Size = 36)], CommandType='Text', CommandTimeout='30']
SELECT "p"."MessageId", "p"."AcknowledgedAt", "p"."CreatedAt", "p"."FencedAt", "p"."MessageType", "p"."PayloadJson"
FROM "ProtocolOutbox" AS "p"
WHERE "p"."MessageId" = @__messageId_0
LIMIT 2
[17:52:12 INF] Executed DbCommand (0ms) [Parameters=[@__messageId_0='?' (Size = 36)], CommandType='Text', CommandTimeout='30']
SELECT "p"."MessageId", "p"."AcknowledgedAt", "p"."CreatedAt", "p"."FencedAt", "p"."MessageType", "p"."PayloadJson"
FROM "ProtocolOutbox" AS "p"
WHERE "p"."MessageId" = @__messageId_0
LIMIT 2
[17:52:12 INF] Executed DbCommand (0ms) [Parameters=[@p3='?' (Size = 36), @p0='?' (DbType = Int64), @p1='?' (DbType = Int64), @p2='?' (DbType = Int64)], CommandType='Text', CommandTimeout='30']
UPDATE "JourneyRuntimes" SET "PlanRevision" = @p0, "VehicleBusinessRevision" = @p1, "WorklistRevision" = @p2
WHERE "JourneyId" = @p3
RETURNING 1;
[17:52:12 INF] Executed DbCommand (0ms) [Parameters=[@p5='?' (Size = 36), @p6='?' (DbType = Int32), @p0='?' (DbType = Int32), @p1='?' (DbType = Int64), @p2='?' (Size = 7), @p3='?' (DbType = Int64), @p4='?' (DbType = Int64)], CommandType='Text', CommandTimeout='30']
UPDATE "JourneyStops" SET "LoadRound" = @p0, "PlanRevision" = @p1, "State" = @p2, "VehicleBusinessRevision" = @p3, "WorklistRevision" = @p4
WHERE "JourneyId" = @p5 AND "Sequence" = @p6
RETURNING 1;
[17:52:12 INF] Executed DbCommand (0ms) [Parameters=[@p0='?' (Size = 36), @p1='?' (DbType = DateTimeOffset), @p2='?' (DbType = DateTimeOffset), @p3='?' (DbType = DateTimeOffset), @p4='?' (Size = 28), @p5='?' (Size = 582)], CommandType='Text', CommandTimeout='30']
INSERT INTO "ProtocolOutbox" ("MessageId", "AcknowledgedAt", "CreatedAt", "FencedAt", "MessageType", "PayloadJson")
VALUES (@p0, @p1, @p2, @p3, @p4, @p5);
[17:52:12 INF] Executed DbCommand (0ms) [Parameters=[@__messageId_0='?' (Size = 36)], CommandType='Text', CommandTimeout='30']
SELECT "p"."MessageId", "p"."AcknowledgedAt", "p"."CreatedAt", "p"."FencedAt", "p"."MessageType", "p"."PayloadJson"
FROM "ProtocolOutbox" AS "p"
WHERE "p"."MessageId" = @__messageId_0
LIMIT 2
[17:52:12 INF] Executed DbCommand (0ms) [Parameters=[@__messageId_0='?' (Size = 36)], CommandType='Text', CommandTimeout='30']
SELECT "p"."MessageId", "p"."AcknowledgedAt", "p"."CreatedAt", "p"."FencedAt", "p"."MessageType", "p"."PayloadJson"
FROM "ProtocolOutbox" AS "p"
WHERE "p"."MessageId" = @__messageId_0
LIMIT 2
[17:52:12 INF] Executed DbCommand (1ms) [Parameters=[@p0='?' (Size = 36), @p1='?' (DbType = DateTimeOffset), @p2='?' (DbType = DateTimeOffset), @p3='?' (DbType = DateTimeOffset), @p4='?' (Size = 27), @p5='?' (Size = 1022)], CommandType='Text', CommandTimeout='30']
INSERT INTO "ProtocolOutbox" ("MessageId", "AcknowledgedAt", "CreatedAt", "FencedAt", "MessageType", "PayloadJson")
VALUES (@p0, @p1, @p2, @p3, @p4, @p5);
[17:52:12 INF] Executed DbCommand (0ms) [Parameters=[@__messageId_0='?' (Size = 36)], CommandType='Text', CommandTimeout='30']
SELECT "p"."MessageId", "p"."AcknowledgedAt", "p"."CreatedAt", "p"."FencedAt", "p"."MessageType", "p"."PayloadJson"
FROM "ProtocolOutbox" AS "p"
WHERE "p"."MessageId" = @__messageId_0
LIMIT 2
[17:52:12 INF] Executed DbCommand (0ms) [Parameters=[@__messageId_0='?' (Size = 36)], CommandType='Text', CommandTimeout='30']
SELECT "p"."MessageId", "p"."AcknowledgedAt", "p"."CreatedAt", "p"."FencedAt", "p"."MessageType", "p"."PayloadJson"
FROM "ProtocolOutbox" AS "p"
WHERE "p"."MessageId" = @__messageId_0
LIMIT 2
[17:52:12 INF] Executed DbCommand (1ms) [Parameters=[@p0='?' (Size = 36), @p1='?' (DbType = DateTimeOffset), @p2='?' (DbType = DateTimeOffset), @p3='?' (DbType = DateTimeOffset), @p4='?' (Size = 24), @p5='?' (Size = 892)], CommandType='Text', CommandTimeout='30']
INSERT INTO "ProtocolOutbox" ("MessageId", "AcknowledgedAt", "CreatedAt", "FencedAt", "MessageType", "PayloadJson")
VALUES (@p0, @p1, @p2, @p3, @p4, @p5);
[17:52:12 INF] Executed DbCommand (0ms) [Parameters=[@__demand_DemandId_0='?' (Size = 36)], CommandType='Text', CommandTimeout='30']
SELECT "a"."DemandId", "a"."AcceptedAt", "a"."CatalogRevision", "a"."CreatedAt", "a"."DemandRevision", "a"."Generation", "a"."HistoryEpoch", "a"."LiveMesFieldsJson", "a"."SeriesId", "a"."Status", "a"."Sublot", "a"."TransportDemandKey", "a"."ValueObservedAt", "a"."ValuePollTraceId", "a"."ValueProjectionCommitId", "a"."WorkType"
FROM "AcceptedDemands" AS "a"
WHERE "a"."DemandId" = @__demand_DemandId_0
LIMIT 2
[17:52:12 INF] Executed DbCommand (0ms) [Parameters=[@__messageId_0='?' (Size = 36)], CommandType='Text', CommandTimeout='30']
SELECT "p"."MessageId", "p"."AcknowledgedAt", "p"."CreatedAt", "p"."FencedAt", "p"."MessageType", "p"."PayloadJson"
FROM "ProtocolOutbox" AS "p"
WHERE "p"."MessageId" = @__messageId_0
LIMIT 2
[17:52:12 INF] Executed DbCommand (0ms) [Parameters=[@__plan_SlotOperationAttemptId_0='?' (Size = 36)], CommandType='Text', CommandTimeout='30']
SELECT "s"."SlotOperationAttemptId", "s"."CommittedAt", "s"."ContentHash", "s"."CreatedAt", "s"."DemandId", "s"."EvidenceJson", "s"."ForcedRecoveryGeneration", "s"."OperationType", "s"."Status", "s"."SublotId", "s"."TargetSlotsJson"
FROM "StationOperations" AS "s"
WHERE "s"."SlotOperationAttemptId" = @__plan_SlotOperationAttemptId_0
LIMIT 2
[17:52:12 INF] Executed DbCommand (0ms) [Parameters=[@__messageId_0='?' (Size = 36)], CommandType='Text', CommandTimeout='30']
SELECT "p"."MessageId", "p"."ContentHash", "p"."FirstResponseJson", "p"."MessageType", "p"."ReceivedAt", "p"."RequestJson"
FROM "ProtocolInbox" AS "p"
WHERE "p"."MessageId" = @__messageId_0
LIMIT 2
[17:52:12 INF] Executed DbCommand (0ms) [Parameters=[@__messageId_0='?' (Size = 36)], CommandType='Text', CommandTimeout='30']
SELECT EXISTS (
    SELECT 1
    FROM "ProtocolOutbox" AS "p"
    WHERE "p"."MessageId" = @__messageId_0)
[17:52:12 INF] Executed DbCommand (0ms) [Parameters=[@__messageId_0='?' (Size = 36)], CommandType='Text', CommandTimeout='30']
SELECT "p"."MessageId", "p"."AcknowledgedAt", "p"."CreatedAt", "p"."FencedAt", "p"."MessageType", "p"."PayloadJson"
FROM "ProtocolOutbox" AS "p"
WHERE "p"."MessageId" = @__messageId_0
LIMIT 2
[17:52:12 INF] Executed DbCommand (0ms) [Parameters=[@p1='?' (Size = 36), @p0='?' (DbType = DateTimeOffset)], CommandType='Text', CommandTimeout='30']
UPDATE "ProtocolOutbox" SET "AcknowledgedAt" = @p0
WHERE "MessageId" = @p1
RETURNING 1;
[17:52:12 INF] Executed DbCommand (0ms) [Parameters=[@p0='?' (Size = 36), @p1='?' (Size = 64), @p2='?', @p3='?' (Size = 18), @p4='?' (DbType = DateTimeOffset), @p5='?' (Size = 634)], CommandType='Text', CommandTimeout='30']
INSERT INTO "ProtocolInbox" ("MessageId", "ContentHash", "FirstResponseJson", "MessageType", "ReceivedAt", "RequestJson")
VALUES (@p0, @p1, @p2, @p3, @p4, @p5);
[17:52:12 INF] Executed DbCommand (0ms) [Parameters=[@__messageId_0='?' (Size = 36)], CommandType='Text', CommandTimeout='30']
SELECT "p"."MessageId", "p"."ContentHash", "p"."FirstResponseJson", "p"."MessageType", "p"."ReceivedAt", "p"."RequestJson"
FROM "ProtocolInbox" AS "p"
WHERE "p"."MessageId" = @__messageId_0
LIMIT 2
[17:52:12 INF] Executed DbCommand (0ms) [Parameters=[@__messageId_0='?' (Size = 36)], CommandType='Text', CommandTimeout='30']
SELECT "p"."MessageId", "p"."AcknowledgedAt", "p"."CreatedAt", "p"."FencedAt", "p"."MessageType", "p"."PayloadJson"
FROM "ProtocolOutbox" AS "p"
WHERE "p"."MessageId" = @__messageId_0
LIMIT 2
[17:52:12 INF] Executed DbCommand (0ms) [Parameters=[@p1='?' (Size = 36), @p0='?' (DbType = DateTimeOffset)], CommandType='Text', CommandTimeout='30']
UPDATE "ProtocolOutbox" SET "AcknowledgedAt" = @p0
WHERE "MessageId" = @p1
RETURNING 1;
[17:52:12 INF] Executed DbCommand (0ms) [Parameters=[@p0='?' (Size = 36), @p1='?' (Size = 64), @p2='?', @p3='?' (Size = 18), @p4='?' (DbType = DateTimeOffset), @p5='?' (Size = 633)], CommandType='Text', CommandTimeout='30']
INSERT INTO "ProtocolInbox" ("MessageId", "ContentHash", "FirstResponseJson", "MessageType", "ReceivedAt", "RequestJson")
VALUES (@p0, @p1, @p2, @p3, @p4, @p5);
[17:52:12 INF] Executed DbCommand (0ms) [Parameters=[@__messageId_0='?' (Size = 36)], CommandType='Text', CommandTimeout='30']
SELECT "p"."MessageId", "p"."ContentHash", "p"."FirstResponseJson", "p"."MessageType", "p"."ReceivedAt", "p"."RequestJson"
FROM "ProtocolInbox" AS "p"
WHERE "p"."MessageId" = @__messageId_0
LIMIT 2
[17:52:12 INF] Executed DbCommand (0ms) [Parameters=[@__messageId_0='?' (Size = 36)], CommandType='Text', CommandTimeout='30']
SELECT "p"."MessageId", "p"."AcknowledgedAt", "p"."CreatedAt", "p"."FencedAt", "p"."MessageType", "p"."PayloadJson"
FROM "ProtocolOutbox" AS "p"
WHERE "p"."MessageId" = @__messageId_0
LIMIT 2
[17:52:12 INF] Executed DbCommand (0ms) [Parameters=[@p1='?' (Size = 36), @p0='?' (DbType = DateTimeOffset)], CommandType='Text', CommandTimeout='30']
UPDATE "ProtocolOutbox" SET "AcknowledgedAt" = @p0
WHERE "MessageId" = @p1
RETURNING 1;
[17:52:12 INF] Executed DbCommand (0ms) [Parameters=[@p0='?' (Size = 36), @p1='?' (Size = 64), @p2='?', @p3='?' (Size = 18), @p4='?' (DbType = DateTimeOffset), @p5='?' (Size = 629)], CommandType='Text', CommandTimeout='30']
INSERT INTO "ProtocolInbox" ("MessageId", "ContentHash", "FirstResponseJson", "MessageType", "ReceivedAt", "RequestJson")
VALUES (@p0, @p1, @p2, @p3, @p4, @p5);
[17:52:12 INF] Executed DbCommand (0ms) [Parameters=[@p1='?' (Size = 36), @p2='?' (Size = 36), @p0='?' (DbType = DateTimeOffset)], CommandType='Text', CommandTimeout='30']
UPDATE "JourneyDemands" SET "UnloadCommandedAt" = @p0
WHERE "DemandId" = @p1 AND "JourneyId" = @p2
RETURNING 1;
[17:52:12 INF] Executed DbCommand (0ms) [Parameters=[@p0='?' (Size = 36), @p1='?' (DbType = DateTimeOffset), @p2='?' (DbType = DateTimeOffset), @p3='?' (DbType = DateTimeOffset), @p4='?' (Size = 20), @p5='?' (Size = 755)], CommandType='Text', CommandTimeout='30']
INSERT INTO "ProtocolOutbox" ("MessageId", "AcknowledgedAt", "CreatedAt", "FencedAt", "MessageType", "PayloadJson")
VALUES (@p0, @p1, @p2, @p3, @p4, @p5);
[17:52:12 INF] Executed DbCommand (0ms) [Parameters=[@p0='?' (Size = 36), @p1='?' (DbType = DateTimeOffset), @p2='?' (Size = 64), @p3='?' (DbType = DateTimeOffset), @p4='?' (Size = 36), @p5='?', @p6='?' (DbType = Int64), @p7='?' (Size = 6), @p8='?' (Size = 8), @p9='?' (Size = 33), @p10='?' (Size = 3)], CommandType='Text', CommandTimeout='30']
INSERT INTO "StationOperations" ("SlotOperationAttemptId", "CommittedAt", "ContentHash", "CreatedAt", "DemandId", "EvidenceJson", "ForcedRecoveryGeneration", "OperationType", "Status", "SublotId", "TargetSlotsJson")
VALUES (@p0, @p1, @p2, @p3, @p4, @p5, @p6, @p7, @p8, @p9, @p10);
[17:52:12 INF] Executed DbCommand (0ms) [Parameters=[@p2='?' (Size = 36), @p0='?' (Size = 20), @p1='?' (DbType = DateTimeOffset)], CommandType='Text', CommandTimeout='30']
UPDATE "JourneyRuntimes" SET "Stage" = @p0, "UpdatedAt" = @p1
WHERE "JourneyId" = @p2
RETURNING 1;
[17:52:12 INF] Executed DbCommand (0ms) [Parameters=[@p1='?' (Size = 36), @p2='?' (DbType = Int32), @p0='?' (DbType = DateTimeOffset)], CommandType='Text', CommandTimeout='30']
UPDATE "JourneyStops" SET "UpdatedAt" = @p0
WHERE "JourneyId" = @p1 AND "Sequence" = @p2
RETURNING 1;
[17:52:12 INF] Executed DbCommand (0ms) [Parameters=[@__messageId_0='?' (Size = 36)], CommandType='Text', CommandTimeout='30']
SELECT "p"."MessageId", "p"."ContentHash", "p"."FirstResponseJson", "p"."MessageType", "p"."ReceivedAt", "p"."RequestJson"
FROM "ProtocolInbox" AS "p"
WHERE "p"."MessageId" = @__messageId_0
LIMIT 2
[17:52:12 INF] Executed DbCommand (0ms) [Parameters=[@p0='?' (Size = 36), @p1='?' (Size = 64), @p2='?' (Size = 665), @p3='?' (Size = 17), @p4='?' (DbType = DateTimeOffset), @p5='?' (Size = 571)], CommandType='Text', CommandTimeout='30']
INSERT INTO "ProtocolInbox" ("MessageId", "ContentHash", "FirstResponseJson", "MessageType", "ReceivedAt", "RequestJson")
VALUES (@p0, @p1, @p2, @p3, @p4, @p5);
[17:52:12 INF] Executed DbCommand (0ms) [Parameters=[@__messageId_0='?' (Size = 36)], CommandType='Text', CommandTimeout='30']
SELECT "p"."MessageId", "p"."ContentHash", "p"."FirstResponseJson", "p"."MessageType", "p"."ReceivedAt", "p"."RequestJson"
FROM "ProtocolInbox" AS "p"
WHERE "p"."MessageId" = @__messageId_0
LIMIT 2
[17:52:12 INF] Executed DbCommand (0ms) [Parameters=[@p0='?' (Size = 36), @p1='?' (Size = 64), @p2='?' (Size = 665), @p3='?' (Size = 17), @p4='?' (DbType = DateTimeOffset), @p5='?' (Size = 572)], CommandType='Text', CommandTimeout='30']
INSERT INTO "ProtocolInbox" ("MessageId", "ContentHash", "FirstResponseJson", "MessageType", "ReceivedAt", "RequestJson")
VALUES (@p0, @p1, @p2, @p3, @p4, @p5);
[17:52:13 INF] Executed DbCommand (0ms) [Parameters=[@__messageId_0='?' (Size = 36)], CommandType='Text', CommandTimeout='30']
SELECT "p"."MessageId", "p"."ContentHash", "p"."FirstResponseJson", "p"."MessageType", "p"."ReceivedAt", "p"."RequestJson"
FROM "ProtocolInbox" AS "p"
WHERE "p"."MessageId" = @__messageId_0
LIMIT 2
[17:52:13 INF] Executed DbCommand (0ms) [Parameters=[@__agvId_0='?' (Size = 10)], CommandType='Text', CommandTimeout='30']
SELECT "s"."AgvId", "s"."ActiveUnlockSlotsJson", "s"."CapabilityHash", "s"."CapabilityRevision", "s"."DepartureSafe", "s"."ForcedRecoveryGeneration", "s"."ManifestSha256", "s"."PendingAttemptIdsJson", "s"."PendingResultIdsJson", "s"."ProfileId", "s"."ProtocolCommit", "s"."ProtocolVersion", "s"."ProvenRecoveryCheckpoint", "s"."Readiness", "s"."ReasonCode", "s"."RecoveryReportId", "s"."ReportedForcedRecoveryGeneration", "s"."SafetyHash", "s"."SafetyReasonCodesJson", "s"."SafetyRevision", "s"."SafetyUnknownPresent", "s"."SessionGeneration", "s"."UnsettledSlotOperationAttemptId", "s"."UpdatedAt"
FROM "SessionRecoveries" AS "s"
WHERE "s"."AgvId" = @__agvId_0
LIMIT 2
[17:52:13 INF] Executed DbCommand (0ms) [Parameters=[@p7='?' (Size = 10), @p0='?' (DbType = Boolean), @p1='?' (Size = 16), @p2='?' (Size = 20), @p3='?' (Size = 64), @p4='?' (Size = 27), @p5='?' (DbType = Int64), @p6='?' (DbType = DateTimeOffset)], CommandType='Text', CommandTimeout='30']
UPDATE "SessionRecoveries" SET "DepartureSafe" = @p0, "Readiness" = @p1, "ReasonCode" = @p2, "SafetyHash" = @p3, "SafetyReasonCodesJson" = @p4, "SafetyRevision" = @p5, "UpdatedAt" = @p6
WHERE "AgvId" = @p7
RETURNING 1;
[17:52:13 INF] Executed DbCommand (0ms) [Parameters=[@__agvId_0='?' (Size = 10)], CommandType='Text', CommandTimeout='30']
SELECT "s"."AgvId", "s"."ActiveUnlockSlotsJson", "s"."CapabilityHash", "s"."CapabilityRevision", "s"."DepartureSafe", "s"."ForcedRecoveryGeneration", "s"."ManifestSha256", "s"."PendingAttemptIdsJson", "s"."PendingResultIdsJson", "s"."ProfileId", "s"."ProtocolCommit", "s"."ProtocolVersion", "s"."ProvenRecoveryCheckpoint", "s"."Readiness", "s"."ReasonCode", "s"."RecoveryReportId", "s"."ReportedForcedRecoveryGeneration", "s"."SafetyHash", "s"."SafetyReasonCodesJson", "s"."SafetyRevision", "s"."SafetyUnknownPresent", "s"."SessionGeneration", "s"."UnsettledSlotOperationAttemptId", "s"."UpdatedAt"
FROM "SessionRecoveries" AS "s"
WHERE "s"."AgvId" = @__agvId_0
LIMIT 2
[17:52:13 INF] Executed DbCommand (0ms) [Parameters=[@__row_AgvId_0='?' (Size = 10)], CommandType='Text', CommandTimeout='30']
SELECT EXISTS (
    SELECT 1
    FROM "StationOperations" AS "s"
    INNER JOIN "JourneyDemands" AS "j" ON "s"."DemandId" = "j"."DemandId"
    INNER JOIN "JourneyRuntimes" AS "j0" ON "j"."JourneyId" = "j0"."JourneyId"
    WHERE "j0"."AgvId" = @__row_AgvId_0 AND "s"."Status" = 'Prepared')
[17:52:13 INF] Executed DbCommand (0ms) [Parameters=[@__agvId_0='?' (Size = 10)], CommandType='Text', CommandTimeout='30']
SELECT EXISTS (
    SELECT 1
    FROM "StationOperations" AS "s"
    INNER JOIN "JourneyDemands" AS "j" ON "s"."DemandId" = "j"."DemandId"
    INNER JOIN "JourneyRuntimes" AS "j0" ON "j"."JourneyId" = "j0"."JourneyId"
    WHERE "j0"."AgvId" = @__agvId_0 AND "s"."Status" = 'RecoveryRequired')
[17:52:13 INF] Executed DbCommand (0ms) [Parameters=[@p3='?' (Size = 10), @p0='?' (Size = 5), @p1='?' (Size = 5), @p2='?' (DbType = DateTimeOffset)], CommandType='Text', CommandTimeout='30']
UPDATE "SessionRecoveries" SET "Readiness" = @p0, "ReasonCode" = @p1, "UpdatedAt" = @p2
WHERE "AgvId" = @p3
RETURNING 1;
[17:52:13 INF] Executed DbCommand (0ms) [Parameters=[@p0='?' (Size = 36), @p1='?' (Size = 64), @p2='?' (Size = 1236), @p3='?' (Size = 18), @p4='?' (DbType = DateTimeOffset), @p5='?' (Size = 681)], CommandType='Text', CommandTimeout='30']
INSERT INTO "ProtocolInbox" ("MessageId", "ContentHash", "FirstResponseJson", "MessageType", "ReceivedAt", "RequestJson")
VALUES (@p0, @p1, @p2, @p3, @p4, @p5);
[17:52:13 INF] Executed DbCommand (0ms) [Parameters=[@__messageId_0='?' (Size = 36)], CommandType='Text', CommandTimeout='30']
SELECT "p"."MessageId", "p"."ContentHash", "p"."FirstResponseJson", "p"."MessageType", "p"."ReceivedAt", "p"."RequestJson"
FROM "ProtocolInbox" AS "p"
WHERE "p"."MessageId" = @__messageId_0
LIMIT 2
[17:52:13 INF] Executed DbCommand (0ms) [Parameters=[@__agvId_0='?' (Size = 10)], CommandType='Text', CommandTimeout='30']
SELECT "s"."AgvId", "s"."ActiveUnlockSlotsJson", "s"."CapabilityHash", "s"."CapabilityRevision", "s"."DepartureSafe", "s"."ForcedRecoveryGeneration", "s"."ManifestSha256", "s"."PendingAttemptIdsJson", "s"."PendingResultIdsJson", "s"."ProfileId", "s"."ProtocolCommit", "s"."ProtocolVersion", "s"."ProvenRecoveryCheckpoint", "s"."Readiness", "s"."ReasonCode", "s"."RecoveryReportId", "s"."ReportedForcedRecoveryGeneration", "s"."SafetyHash", "s"."SafetyReasonCodesJson", "s"."SafetyRevision", "s"."SafetyUnknownPresent", "s"."SessionGeneration", "s"."UnsettledSlotOperationAttemptId", "s"."UpdatedAt"
FROM "SessionRecoveries" AS "s"
WHERE "s"."AgvId" = @__agvId_0
LIMIT 2
[17:52:13 INF] Executed DbCommand (0ms) [Parameters=[@p6='?' (Size = 10), @p0='?' (Size = 16), @p1='?' (Size = 20), @p2='?' (Size = 64), @p3='?' (Size = 45), @p4='?' (DbType = Int64), @p5='?' (DbType = DateTimeOffset)], CommandType='Text', CommandTimeout='30']
UPDATE "SessionRecoveries" SET "Readiness" = @p0, "ReasonCode" = @p1, "SafetyHash" = @p2, "SafetyReasonCodesJson" = @p3, "SafetyRevision" = @p4, "UpdatedAt" = @p5
WHERE "AgvId" = @p6
RETURNING 1;
[17:52:13 INF] Executed DbCommand (0ms) [Parameters=[@__agvId_0='?' (Size = 10)], CommandType='Text', CommandTimeout='30']
SELECT "s"."AgvId", "s"."ActiveUnlockSlotsJson", "s"."CapabilityHash", "s"."CapabilityRevision", "s"."DepartureSafe", "s"."ForcedRecoveryGeneration", "s"."ManifestSha256", "s"."PendingAttemptIdsJson", "s"."PendingResultIdsJson", "s"."ProfileId", "s"."ProtocolCommit", "s"."ProtocolVersion", "s"."ProvenRecoveryCheckpoint", "s"."Readiness", "s"."ReasonCode", "s"."RecoveryReportId", "s"."ReportedForcedRecoveryGeneration", "s"."SafetyHash", "s"."SafetyReasonCodesJson", "s"."SafetyRevision", "s"."SafetyUnknownPresent", "s"."SessionGeneration", "s"."UnsettledSlotOperationAttemptId", "s"."UpdatedAt"
FROM "SessionRecoveries" AS "s"
WHERE "s"."AgvId" = @__agvId_0
LIMIT 2
[17:52:13 INF] Executed DbCommand (0ms) [Parameters=[@__row_AgvId_0='?' (Size = 10)], CommandType='Text', CommandTimeout='30']
SELECT EXISTS (
    SELECT 1
    FROM "StationOperations" AS "s"
    INNER JOIN "JourneyDemands" AS "j" ON "s"."DemandId" = "j"."DemandId"
    INNER JOIN "JourneyRuntimes" AS "j0" ON "j"."JourneyId" = "j0"."JourneyId"
    WHERE "j0"."AgvId" = @__row_AgvId_0 AND "s"."Status" = 'Prepared')
[17:52:13 INF] Executed DbCommand (0ms) [Parameters=[@__agvId_0='?' (Size = 10)], CommandType='Text', CommandTimeout='30']
SELECT EXISTS (
    SELECT 1
    FROM "StationOperations" AS "s"
    INNER JOIN "JourneyDemands" AS "j" ON "s"."DemandId" = "j"."DemandId"
    INNER JOIN "JourneyRuntimes" AS "j0" ON "j"."JourneyId" = "j0"."JourneyId"
    WHERE "j0"."AgvId" = @__agvId_0 AND "s"."Status" = 'RecoveryRequired')
[17:52:13 INF] Executed DbCommand (0ms) [Parameters=[@p3='?' (Size = 10), @p0='?' (Size = 5), @p1='?' (Size = 5), @p2='?' (DbType = DateTimeOffset)], CommandType='Text', CommandTimeout='30']
UPDATE "SessionRecoveries" SET "Readiness" = @p0, "ReasonCode" = @p1, "UpdatedAt" = @p2
WHERE "AgvId" = @p3
RETURNING 1;
[17:52:13 INF] Executed DbCommand (0ms) [Parameters=[@p0='?' (Size = 36), @p1='?' (Size = 64), @p2='?' (Size = 1235), @p3='?' (Size = 18), @p4='?' (DbType = DateTimeOffset), @p5='?' (Size = 700)], CommandType='Text', CommandTimeout='30']
INSERT INTO "ProtocolInbox" ("MessageId", "ContentHash", "FirstResponseJson", "MessageType", "ReceivedAt", "RequestJson")
VALUES (@p0, @p1, @p2, @p3, @p4, @p5);
[17:52:13 INF] Start processing HTTP request GET http://127.0.0.1:58408/api/task/v1/task/getVehicleInfo/BROKERX-L2-0001
[17:52:13 INF] Sending HTTP request GET http://127.0.0.1:58408/api/task/v1/task/getVehicleInfo/BROKERX-L2-0001
[17:52:13 INF] Received HTTP response headers after 0.4343ms - 200
[17:52:13 INF] End processing HTTP request after 1.698ms - 200
[17:52:13 INF] Start processing HTTP request GET http://127.0.0.1:58408/api/order/v1/orderRecord?pageNum=1&pageSize=100&filterByState=1&filterByState=3&filterByState=7&filterByState=9
[17:52:13 INF] Sending HTTP request GET http://127.0.0.1:58408/api/order/v1/orderRecord?pageNum=1&pageSize=100&filterByState=1&filterByState=3&filterByState=7&filterByState=9
[17:52:13 INF] Received HTTP response headers after 0.395ms - 200
[17:52:13 INF] End processing HTTP request after 1.0609ms - 200
[17:52:13 INF] HTTP GET /api/onboard/v1/vehicle-safety responded 200 in 3.7962 ms
[17:52:13 INF] Executed DbCommand (0ms) [Parameters=[@__messageId_0='?' (Size = 36)], CommandType='Text', CommandTimeout='30']
SELECT "p"."MessageId", "p"."ContentHash", "p"."FirstResponseJson", "p"."MessageType", "p"."ReceivedAt", "p"."RequestJson"
FROM "ProtocolInbox" AS "p"
WHERE "p"."MessageId" = @__messageId_0
LIMIT 2
[17:52:13 INF] Executed DbCommand (0ms) [Parameters=[@__agvId_0='?' (Size = 10)], CommandType='Text', CommandTimeout='30']
SELECT "s"."AgvId", "s"."ActiveUnlockSlotsJson", "s"."CapabilityHash", "s"."CapabilityRevision", "s"."DepartureSafe", "s"."ForcedRecoveryGeneration", "s"."ManifestSha256", "s"."PendingAttemptIdsJson", "s"."PendingResultIdsJson", "s"."ProfileId", "s"."ProtocolCommit", "s"."ProtocolVersion", "s"."ProvenRecoveryCheckpoint", "s"."Readiness", "s"."ReasonCode", "s"."RecoveryReportId", "s"."ReportedForcedRecoveryGeneration", "s"."SafetyHash", "s"."SafetyReasonCodesJson", "s"."SafetyRevision", "s"."SafetyUnknownPresent", "s"."SessionGeneration", "s"."UnsettledSlotOperationAttemptId", "s"."UpdatedAt"
FROM "SessionRecoveries" AS "s"
WHERE "s"."AgvId" = @__agvId_0
LIMIT 2
[17:52:13 INF] Executed DbCommand (0ms) [Parameters=[@p6='?' (Size = 10), @p0='?' (Size = 16), @p1='?' (Size = 20), @p2='?' (Size = 64), @p3='?' (Size = 19), @p4='?' (DbType = Int64), @p5='?' (DbType = DateTimeOffset)], CommandType='Text', CommandTimeout='30']
UPDATE "SessionRecoveries" SET "Readiness" = @p0, "ReasonCode" = @p1, "SafetyHash" = @p2, "SafetyReasonCodesJson" = @p3, "SafetyRevision" = @p4, "UpdatedAt" = @p5
WHERE "AgvId" = @p6
RETURNING 1;
[17:52:13 INF] Executed DbCommand (0ms) [Parameters=[@__agvId_0='?' (Size = 10)], CommandType='Text', CommandTimeout='30']
SELECT "s"."AgvId", "s"."ActiveUnlockSlotsJson", "s"."CapabilityHash", "s"."CapabilityRevision", "s"."DepartureSafe", "s"."ForcedRecoveryGeneration", "s"."ManifestSha256", "s"."PendingAttemptIdsJson", "s"."PendingResultIdsJson", "s"."ProfileId", "s"."ProtocolCommit", "s"."ProtocolVersion", "s"."ProvenRecoveryCheckpoint", "s"."Readiness", "s"."ReasonCode", "s"."RecoveryReportId", "s"."ReportedForcedRecoveryGeneration", "s"."SafetyHash", "s"."SafetyReasonCodesJson", "s"."SafetyRevision", "s"."SafetyUnknownPresent", "s"."SessionGeneration", "s"."UnsettledSlotOperationAttemptId", "s"."UpdatedAt"
FROM "SessionRecoveries" AS "s"
WHERE "s"."AgvId" = @__agvId_0
LIMIT 2
[17:52:13 INF] Executed DbCommand (0ms) [Parameters=[@__row_AgvId_0='?' (Size = 10)], CommandType='Text', CommandTimeout='30']
SELECT EXISTS (
    SELECT 1
    FROM "StationOperations" AS "s"
    INNER JOIN "JourneyDemands" AS "j" ON "s"."DemandId" = "j"."DemandId"
    INNER JOIN "JourneyRuntimes" AS "j0" ON "j"."JourneyId" = "j0"."JourneyId"
    WHERE "j0"."AgvId" = @__row_AgvId_0 AND "s"."Status" = 'Prepared')
[17:52:13 INF] Executed DbCommand (0ms) [Parameters=[@__agvId_0='?' (Size = 10)], CommandType='Text', CommandTimeout='30']
SELECT EXISTS (
    SELECT 1
    FROM "StationOperations" AS "s"
    INNER JOIN "JourneyDemands" AS "j" ON "s"."DemandId" = "j"."DemandId"
    INNER JOIN "JourneyRuntimes" AS "j0" ON "j"."JourneyId" = "j0"."JourneyId"
    WHERE "j0"."AgvId" = @__agvId_0 AND "s"."Status" = 'RecoveryRequired')
[17:52:13 INF] Executed DbCommand (0ms) [Parameters=[@p3='?' (Size = 10), @p0='?' (Size = 5), @p1='?' (Size = 5), @p2='?' (DbType = DateTimeOffset)], CommandType='Text', CommandTimeout='30']
UPDATE "SessionRecoveries" SET "Readiness" = @p0, "ReasonCode" = @p1, "UpdatedAt" = @p2
WHERE "AgvId" = @p3
RETURNING 1;
[17:52:13 INF] Executed DbCommand (0ms) [Parameters=[@p0='?' (Size = 36), @p1='?' (Size = 64), @p2='?' (Size = 1235), @p3='?' (Size = 18), @p4='?' (DbType = DateTimeOffset), @p5='?' (Size = 673)], CommandType='Text', CommandTimeout='30']
INSERT INTO "ProtocolInbox" ("MessageId", "ContentHash", "FirstResponseJson", "MessageType", "ReceivedAt", "RequestJson")
VALUES (@p0, @p1, @p2, @p3, @p4, @p5);
[17:52:13 INF] Executed DbCommand (0ms) [Parameters=[@__messageId_0='?' (Size = 36)], CommandType='Text', CommandTimeout='30']
SELECT "p"."MessageId", "p"."ContentHash", "p"."FirstResponseJson", "p"."MessageType", "p"."ReceivedAt", "p"."RequestJson"
FROM "ProtocolInbox" AS "p"
WHERE "p"."MessageId" = @__messageId_0
LIMIT 2
[17:52:13 INF] Executed DbCommand (0ms) [Parameters=[@p0='?' (Size = 36), @p1='?' (Size = 64), @p2='?' (Size = 665), @p3='?' (Size = 17), @p4='?' (DbType = DateTimeOffset), @p5='?' (Size = 579)], CommandType='Text', CommandTimeout='30']
INSERT INTO "ProtocolInbox" ("MessageId", "ContentHash", "FirstResponseJson", "MessageType", "ReceivedAt", "RequestJson")
VALUES (@p0, @p1, @p2, @p3, @p4, @p5);
[17:52:14 INF] Executed DbCommand (0ms) [Parameters=[@__messageId_0='?' (Size = 36)], CommandType='Text', CommandTimeout='30']
SELECT "p"."MessageId", "p"."ContentHash", "p"."FirstResponseJson", "p"."MessageType", "p"."ReceivedAt", "p"."RequestJson"
FROM "ProtocolInbox" AS "p"
WHERE "p"."MessageId" = @__messageId_0
LIMIT 2
[17:52:14 INF] Executed DbCommand (0ms) [Parameters=[@__agvId_0='?' (Size = 10)], CommandType='Text', CommandTimeout='30']
SELECT "s"."AgvId", "s"."ActiveUnlockSlotsJson", "s"."CapabilityHash", "s"."CapabilityRevision", "s"."DepartureSafe", "s"."ForcedRecoveryGeneration", "s"."ManifestSha256", "s"."PendingAttemptIdsJson", "s"."PendingResultIdsJson", "s"."ProfileId", "s"."ProtocolCommit", "s"."ProtocolVersion", "s"."ProvenRecoveryCheckpoint", "s"."Readiness", "s"."ReasonCode", "s"."RecoveryReportId", "s"."ReportedForcedRecoveryGeneration", "s"."SafetyHash", "s"."SafetyReasonCodesJson", "s"."SafetyRevision", "s"."SafetyUnknownPresent", "s"."SessionGeneration", "s"."UnsettledSlotOperationAttemptId", "s"."UpdatedAt"
FROM "SessionRecoveries" AS "s"
WHERE "s"."AgvId" = @__agvId_0
LIMIT 2
[17:52:14 INF] Executed DbCommand (0ms) [Parameters=[@p5='?' (Size = 10), @p0='?' (Size = 16), @p1='?' (Size = 20), @p2='?' (Size = 64), @p3='?' (DbType = Int64), @p4='?' (DbType = DateTimeOffset)], CommandType='Text', CommandTimeout='30']
UPDATE "SessionRecoveries" SET "Readiness" = @p0, "ReasonCode" = @p1, "SafetyHash" = @p2, "SafetyRevision" = @p3, "UpdatedAt" = @p4
WHERE "AgvId" = @p5
RETURNING 1;
[17:52:14 INF] Executed DbCommand (0ms) [Parameters=[@__agvId_0='?' (Size = 10)], CommandType='Text', CommandTimeout='30']
SELECT "s"."AgvId", "s"."ActiveUnlockSlotsJson", "s"."CapabilityHash", "s"."CapabilityRevision", "s"."DepartureSafe", "s"."ForcedRecoveryGeneration", "s"."ManifestSha256", "s"."PendingAttemptIdsJson", "s"."PendingResultIdsJson", "s"."ProfileId", "s"."ProtocolCommit", "s"."ProtocolVersion", "s"."ProvenRecoveryCheckpoint", "s"."Readiness", "s"."ReasonCode", "s"."RecoveryReportId", "s"."ReportedForcedRecoveryGeneration", "s"."SafetyHash", "s"."SafetyReasonCodesJson", "s"."SafetyRevision", "s"."SafetyUnknownPresent", "s"."SessionGeneration", "s"."UnsettledSlotOperationAttemptId", "s"."UpdatedAt"
FROM "SessionRecoveries" AS "s"
WHERE "s"."AgvId" = @__agvId_0
LIMIT 2
[17:52:14 INF] Executed DbCommand (0ms) [Parameters=[@__row_AgvId_0='?' (Size = 10)], CommandType='Text', CommandTimeout='30']
SELECT EXISTS (
    SELECT 1
    FROM "StationOperations" AS "s"
    INNER JOIN "JourneyDemands" AS "j" ON "s"."DemandId" = "j"."DemandId"
    INNER JOIN "JourneyRuntimes" AS "j0" ON "j"."JourneyId" = "j0"."JourneyId"
    WHERE "j0"."AgvId" = @__row_AgvId_0 AND "s"."Status" = 'Prepared')
[17:52:14 INF] Executed DbCommand (0ms) [Parameters=[@__agvId_0='?' (Size = 10)], CommandType='Text', CommandTimeout='30']
SELECT EXISTS (
    SELECT 1
    FROM "StationOperations" AS "s"
    INNER JOIN "JourneyDemands" AS "j" ON "s"."DemandId" = "j"."DemandId"
    INNER JOIN "JourneyRuntimes" AS "j0" ON "j"."JourneyId" = "j0"."JourneyId"
    WHERE "j0"."AgvId" = @__agvId_0 AND "s"."Status" = 'RecoveryRequired')
[17:52:14 INF] Executed DbCommand (0ms) [Parameters=[@p3='?' (Size = 10), @p0='?' (Size = 5), @p1='?' (Size = 5), @p2='?' (DbType = DateTimeOffset)], CommandType='Text', CommandTimeout='30']
UPDATE "SessionRecoveries" SET "Readiness" = @p0, "ReasonCode" = @p1, "UpdatedAt" = @p2
WHERE "AgvId" = @p3
RETURNING 1;
[17:52:14 INF] Executed DbCommand (0ms) [Parameters=[@p0='?' (Size = 36), @p1='?' (Size = 64), @p2='?' (Size = 1236), @p3='?' (Size = 18), @p4='?' (DbType = DateTimeOffset), @p5='?' (Size = 672)], CommandType='Text', CommandTimeout='30']
INSERT INTO "ProtocolInbox" ("MessageId", "ContentHash", "FirstResponseJson", "MessageType", "ReceivedAt", "RequestJson")
VALUES (@p0, @p1, @p2, @p3, @p4, @p5);
[17:52:14 INF] Start processing HTTP request GET http://127.0.0.1:58408/api/task/v1/task/getVehicleInfo/BROKERX-L2-0001
[17:52:14 INF] Sending HTTP request GET http://127.0.0.1:58408/api/task/v1/task/getVehicleInfo/BROKERX-L2-0001
[17:52:14 INF] Received HTTP response headers after 0.5791ms - 200
[17:52:14 INF] End processing HTTP request after 4.1764ms - 200
[17:52:14 INF] Start processing HTTP request GET http://127.0.0.1:58408/api/order/v1/orderRecord?pageNum=1&pageSize=100&filterByState=1&filterByState=3&filterByState=7&filterByState=9
[17:52:14 INF] Sending HTTP request GET http://127.0.0.1:58408/api/order/v1/orderRecord?pageNum=1&pageSize=100&filterByState=1&filterByState=3&filterByState=7&filterByState=9
[17:52:14 INF] Received HTTP response headers after 0.3575ms - 200
[17:52:14 INF] End processing HTTP request after 0.8397ms - 200
[17:52:14 INF] HTTP GET /api/onboard/v1/vehicle-safety responded 200 in 6.1846 ms
[17:52:14 INF] Executed DbCommand (0ms) [Parameters=[@__messageId_0='?' (Size = 36)], CommandType='Text', CommandTimeout='30']
SELECT "p"."MessageId", "p"."ContentHash", "p"."FirstResponseJson", "p"."MessageType", "p"."ReceivedAt", "p"."RequestJson"
FROM "ProtocolInbox" AS "p"
WHERE "p"."MessageId" = @__messageId_0
LIMIT 2
[17:52:14 INF] Executed DbCommand (0ms) [Parameters=[@__agvId_0='?' (Size = 10)], CommandType='Text', CommandTimeout='30']
SELECT "s"."AgvId", "s"."ActiveUnlockSlotsJson", "s"."CapabilityHash", "s"."CapabilityRevision", "s"."DepartureSafe", "s"."ForcedRecoveryGeneration", "s"."ManifestSha256", "s"."PendingAttemptIdsJson", "s"."PendingResultIdsJson", "s"."ProfileId", "s"."ProtocolCommit", "s"."ProtocolVersion", "s"."ProvenRecoveryCheckpoint", "s"."Readiness", "s"."ReasonCode", "s"."RecoveryReportId", "s"."ReportedForcedRecoveryGeneration", "s"."SafetyHash", "s"."SafetyReasonCodesJson", "s"."SafetyRevision", "s"."SafetyUnknownPresent", "s"."SessionGeneration", "s"."UnsettledSlotOperationAttemptId", "s"."UpdatedAt"
FROM "SessionRecoveries" AS "s"
WHERE "s"."AgvId" = @__agvId_0
LIMIT 2
[17:52:14 INF] Executed DbCommand (0ms) [Parameters=[@p7='?' (Size = 10), @p0='?' (DbType = Boolean), @p1='?' (Size = 16), @p2='?' (Size = 20), @p3='?' (Size = 64), @p4='?' (Size = 2), @p5='?' (DbType = Int64), @p6='?' (DbType = DateTimeOffset)], CommandType='Text', CommandTimeout='30']
UPDATE "SessionRecoveries" SET "DepartureSafe" = @p0, "Readiness" = @p1, "ReasonCode" = @p2, "SafetyHash" = @p3, "SafetyReasonCodesJson" = @p4, "SafetyRevision" = @p5, "UpdatedAt" = @p6
WHERE "AgvId" = @p7
RETURNING 1;
[17:52:14 INF] Executed DbCommand (0ms) [Parameters=[@__agvId_0='?' (Size = 10)], CommandType='Text', CommandTimeout='30']
SELECT "s"."AgvId", "s"."ActiveUnlockSlotsJson", "s"."CapabilityHash", "s"."CapabilityRevision", "s"."DepartureSafe", "s"."ForcedRecoveryGeneration", "s"."ManifestSha256", "s"."PendingAttemptIdsJson", "s"."PendingResultIdsJson", "s"."ProfileId", "s"."ProtocolCommit", "s"."ProtocolVersion", "s"."ProvenRecoveryCheckpoint", "s"."Readiness", "s"."ReasonCode", "s"."RecoveryReportId", "s"."ReportedForcedRecoveryGeneration", "s"."SafetyHash", "s"."SafetyReasonCodesJson", "s"."SafetyRevision", "s"."SafetyUnknownPresent", "s"."SessionGeneration", "s"."UnsettledSlotOperationAttemptId", "s"."UpdatedAt"
FROM "SessionRecoveries" AS "s"
WHERE "s"."AgvId" = @__agvId_0
LIMIT 2
[17:52:14 INF] Executed DbCommand (0ms) [Parameters=[@__agvId_0='?' (Size = 10)], CommandType='Text', CommandTimeout='30']
SELECT EXISTS (
    SELECT 1
    FROM "StationOperations" AS "s"
    INNER JOIN "JourneyDemands" AS "j" ON "s"."DemandId" = "j"."DemandId"
    INNER JOIN "JourneyRuntimes" AS "j0" ON "j"."JourneyId" = "j0"."JourneyId"
    WHERE "j0"."AgvId" = @__agvId_0 AND "s"."Status" = 'RecoveryRequired')
[17:52:14 INF] Executed DbCommand (0ms) [Parameters=[@p3='?' (Size = 10), @p0='?' (Size = 5), @p1='?' (Size = 5), @p2='?' (DbType = DateTimeOffset)], CommandType='Text', CommandTimeout='30']
UPDATE "SessionRecoveries" SET "Readiness" = @p0, "ReasonCode" = @p1, "UpdatedAt" = @p2
WHERE "AgvId" = @p3
RETURNING 1;
[17:52:14 INF] Executed DbCommand (0ms) [Parameters=[@p0='?' (Size = 36), @p1='?' (Size = 64), @p2='?' (Size = 1236), @p3='?' (Size = 18), @p4='?' (DbType = DateTimeOffset), @p5='?' (Size = 654)], CommandType='Text', CommandTimeout='30']
INSERT INTO "ProtocolInbox" ("MessageId", "ContentHash", "FirstResponseJson", "MessageType", "ReceivedAt", "RequestJson")
VALUES (@p0, @p1, @p2, @p3, @p4, @p5);
[17:52:14 INF] Executed DbCommand (0ms) [Parameters=[@__messageId_0='?' (Size = 36)], CommandType='Text', CommandTimeout='30']
SELECT "p"."MessageId", "p"."ContentHash", "p"."FirstResponseJson", "p"."MessageType", "p"."ReceivedAt", "p"."RequestJson"
FROM "ProtocolInbox" AS "p"
WHERE "p"."MessageId" = @__messageId_0
LIMIT 2
[17:52:14 INF] Executed DbCommand (0ms) [Parameters=[@p0='?' (Size = 36), @p1='?' (Size = 64), @p2='?' (Size = 665), @p3='?' (Size = 17), @p4='?' (DbType = DateTimeOffset), @p5='?' (Size = 572)], CommandType='Text', CommandTimeout='30']
INSERT INTO "ProtocolInbox" ("MessageId", "ContentHash", "FirstResponseJson", "MessageType", "ReceivedAt", "RequestJson")
VALUES (@p0, @p1, @p2, @p3, @p4, @p5);
[17:52:14 INF] Executed DbCommand (0ms) [Parameters=[@__messageId_0='?' (Size = 36)], CommandType='Text', CommandTimeout='30']
SELECT "p"."MessageId", "p"."ContentHash", "p"."FirstResponseJson", "p"."MessageType", "p"."ReceivedAt", "p"."RequestJson"
FROM "ProtocolInbox" AS "p"
WHERE "p"."MessageId" = @__messageId_0
LIMIT 2
[17:52:14 INF] Executed DbCommand (0ms) [Parameters=[@p0='?' (Size = 36), @p1='?' (Size = 64), @p2='?' (Size = 665), @p3='?' (Size = 17), @p4='?' (DbType = DateTimeOffset), @p5='?' (Size = 574)], CommandType='Text', CommandTimeout='30']
INSERT INTO "ProtocolInbox" ("MessageId", "ContentHash", "FirstResponseJson", "MessageType", "ReceivedAt", "RequestJson")
VALUES (@p0, @p1, @p2, @p3, @p4, @p5);
[17:52:14 INF] Start processing HTTP request GET http://127.0.0.1:58408/api/imap/v1/mapInfo/stations/25
[17:52:14 INF] Sending HTTP request GET http://127.0.0.1:58408/api/imap/v1/mapInfo/stations/25
[17:52:14 INF] Received HTTP response headers after 0.6785ms - 200
[17:52:14 INF] End processing HTTP request after 1.7101ms - 200
[17:52:14 INF] Executed DbCommand (0ms) [Parameters=[], CommandType='Text', CommandTimeout='30']
SELECT "a"."Id", "a"."ContentHash", "a"."DeploymentId", "a"."ImportedAt", "a"."Version"
FROM "AdmissionPolicyState" AS "a"
WHERE "a"."Id" = 1
LIMIT 2
[17:52:14 INF] Executed DbCommand (0ms) [Parameters=[], CommandType='Text', CommandTimeout='30']
SELECT "j"."JourneyId", "j"."AgvId", "j"."AgvLifecycleGeneration", "j"."BlockReasonCode", "j"."CreatedAt", "j"."CurrentStopSequence", "j"."DispatchGeneration", "j"."DispatchZone", "j"."GateStationId", "j"."GateStationRiotId", "j"."HoldingStartedAt", "j"."LoadingClosedReason", "j"."MapId", "j"."MapIdentity", "j"."NextStopSequence", "j"."OperationSessionId", "j"."PlanRevision", "j"."Stage", "j"."UpdatedAt", "j"."VehicleBusinessRevision", "j"."VehicleKey", "j"."WorklistRevision"
FROM "JourneyRuntimes" AS "j"
WHERE "j"."Stage" <> 'Completed'
[17:52:14 INF] Executed DbCommand (0ms) [Parameters=[@__runtime_JourneyId_0='?' (Size = 36)], CommandType='Text', CommandTimeout='30']
SELECT "j"."JourneyId", "j"."Sequence", "j"."ConsumedSafetyResultMessageId", "j"."CreatedAt", "j"."LegType", "j"."LoadRound", "j"."MovementLegId", "j"."PlanMessageId", "j"."PlanRevision", "j"."PreDepartureSafetyCheckId", "j"."PreDepartureSafetyCheckMessageId", "j"."Role", "j"."RouteEvidenceId", "j"."State", "j"."StationId", "j"."StationRiotId", "j"."SublotWaitStartedAt", "j"."UpdatedAt", "j"."UpperId", "j"."VehicleBusinessMessageId", "j"."VehicleBusinessRevision", "j"."WorklistRevision"
FROM "JourneyStops" AS "j"
WHERE "j"."JourneyId" = @__runtime_JourneyId_0
[17:52:14 INF] Executed DbCommand (0ms) [Parameters=[@__runtime_JourneyId_0='?' (Size = 36)], CommandType='Text', CommandTimeout='30']
SELECT "j"."JourneyId", "j"."DemandId", "j"."ConsumedSublotMessageId", "j"."CreatedAt", "j"."ExpectedBasketCount", "j"."LoadCommandMessageId", "j"."LoadCommandedAt", "j"."LoadSlotOperationAttemptId", "j"."LoadedAt", "j"."State", "j"."StopSequence", "j"."TargetSlotsJson", "j"."UnloadCommandMessageId", "j"."UnloadCommandedAt", "j"."UnloadSlotOperationAttemptId"
FROM "JourneyDemands" AS "j"
WHERE "j"."JourneyId" = @__runtime_JourneyId_0
[17:52:14 INF] Executed DbCommand (0ms) [Parameters=[@__agvId_0='?' (Size = 10)], CommandType='Text', CommandTimeout='30']
SELECT "s"."AgvId", "s"."ActiveUnlockSlotsJson", "s"."CapabilityHash", "s"."CapabilityRevision", "s"."DepartureSafe", "s"."ForcedRecoveryGeneration", "s"."ManifestSha256", "s"."PendingAttemptIdsJson", "s"."PendingResultIdsJson", "s"."ProfileId", "s"."ProtocolCommit", "s"."ProtocolVersion", "s"."ProvenRecoveryCheckpoint", "s"."Readiness", "s"."ReasonCode", "s"."RecoveryReportId", "s"."ReportedForcedRecoveryGeneration", "s"."SafetyHash", "s"."SafetyReasonCodesJson", "s"."SafetyRevision", "s"."SafetyUnknownPresent", "s"."SessionGeneration", "s"."UnsettledSlotOperationAttemptId", "s"."UpdatedAt"
FROM "SessionRecoveries" AS "s"
WHERE "s"."AgvId" = @__agvId_0 AND "s"."Readiness" = 'Ready'
LIMIT 2
[17:52:14 INF] Executed DbCommand (0ms) [Parameters=[@__messageId_0='?' (Size = 36)], CommandType='Text', CommandTimeout='30']
SELECT "p"."MessageId", "p"."ContentHash", "p"."FirstResponseJson", "p"."MessageType", "p"."ReceivedAt", "p"."RequestJson"
FROM "ProtocolInbox" AS "p"
WHERE "p"."MessageId" = @__messageId_0
LIMIT 2
[17:52:14 INF] Executed DbCommand (0ms) [Parameters=[], CommandType='Text', CommandTimeout='30']
SELECT "p"."MessageId", "p"."AcknowledgedAt", "p"."CreatedAt", "p"."FencedAt", "p"."MessageType", "p"."PayloadJson"
FROM "ProtocolOutbox" AS "p"
WHERE "p"."AcknowledgedAt" IS NULL AND "p"."FencedAt" IS NULL
[17:52:14 INF] Executed DbCommand (0ms) [Parameters=[@__slotOperationAttemptId_0='?' (Size = 36)], CommandType='Text', CommandTimeout='30']
SELECT "s"."ForcedRecoveryGeneration"
FROM "StationOperations" AS "s"
WHERE "s"."SlotOperationAttemptId" = @__slotOperationAttemptId_0
LIMIT 2
[17:52:14 INF] Executed DbCommand (0ms) [Parameters=[@__result_ResultId_0='?' (Size = 36)], CommandType='Text', CommandTimeout='30']
SELECT "o"."ResultId", "o"."AgvId", "o"."ContentHash", "o"."EvidenceJson", "o"."ForcedRecoveryGeneration", "o"."HistoricalOnly", "o"."ObservedAt", "o"."OverallOutcome", "o"."ReceivedAt", "o"."ResultContentSha256", "o"."SlotOperationAttemptId", "o"."SupersededByResultId"
FROM "OperationResults" AS "o"
WHERE "o"."ResultId" = @__result_ResultId_0
LIMIT 2
[17:52:14 INF] Executed DbCommand (0ms) [Parameters=[@__result_SlotOperationAttemptId_0='?' (Size = 36), @__forcedRecoveryGeneration_1='?' (DbType = Int64)], CommandType='Text', CommandTimeout='30']
SELECT "o"."ResultId", "o"."AgvId", "o"."ContentHash", "o"."EvidenceJson", "o"."ForcedRecoveryGeneration", "o"."HistoricalOnly", "o"."ObservedAt", "o"."OverallOutcome", "o"."ReceivedAt", "o"."ResultContentSha256", "o"."SlotOperationAttemptId", "o"."SupersededByResultId"
FROM "OperationResults" AS "o"
WHERE "o"."SlotOperationAttemptId" = @__result_SlotOperationAttemptId_0 AND "o"."ForcedRecoveryGeneration" = @__forcedRecoveryGeneration_1 AND "o"."SupersededByResultId" IS NULL
[17:52:14 INF] Executed DbCommand (0ms) [Parameters=[@__agvId_0='?' (Size = 10)], CommandType='Text', CommandTimeout='30']
SELECT "v"."ForcedRecoveryGeneration"
FROM "VehicleRecoveryGenerations" AS "v"
WHERE "v"."AgvId" = @__agvId_0
LIMIT 2
[17:52:14 INF] Executed DbCommand (0ms) [Parameters=[@__result_SlotOperationAttemptId_0='?' (Size = 36)], CommandType='Text', CommandTimeout='30']
SELECT "s"."SlotOperationAttemptId", "s"."CommittedAt", "s"."ContentHash", "s"."CreatedAt", "s"."DemandId", "s"."EvidenceJson", "s"."ForcedRecoveryGeneration", "s"."OperationType", "s"."Status", "s"."SublotId", "s"."TargetSlotsJson"
FROM "StationOperations" AS "s"
WHERE "s"."SlotOperationAttemptId" = @__result_SlotOperationAttemptId_0
LIMIT 2
[17:52:14 INF] Executed DbCommand (0ms) [Parameters=[@__unloading_UnloadSlotOperationAttemptId_0='?' (Size = 36)], CommandType='Text', CommandTimeout='30']
SELECT "s"."SlotOperationAttemptId", "s"."CommittedAt", "s"."ContentHash", "s"."CreatedAt", "s"."DemandId", "s"."EvidenceJson", "s"."ForcedRecoveryGeneration", "s"."OperationType", "s"."Status", "s"."SublotId", "s"."TargetSlotsJson"
FROM "StationOperations" AS "s"
WHERE "s"."SlotOperationAttemptId" = @__unloading_UnloadSlotOperationAttemptId_0
LIMIT 2
[17:52:14 INF] Executed DbCommand (0ms) [Parameters=[@__result_DemandId_0='?' (Size = 36)], CommandType='Text', CommandTimeout='30']
SELECT "a"."DemandId", "a"."AcceptedAt", "a"."CatalogRevision", "a"."CreatedAt", "a"."DemandRevision", "a"."Generation", "a"."HistoryEpoch", "a"."LiveMesFieldsJson", "a"."SeriesId", "a"."Status", "a"."Sublot", "a"."TransportDemandKey", "a"."ValueObservedAt", "a"."ValuePollTraceId", "a"."ValueProjectionCommitId", "a"."WorkType"
FROM "AcceptedDemands" AS "a"
WHERE "a"."DemandId" = @__result_DemandId_0
LIMIT 2
[17:52:14 INF] Executed DbCommand (0ms) [Parameters=[@__unloading_DemandId_0='?' (Size = 36)], CommandType='Text', CommandTimeout='30']
SELECT "a"."DemandId", "a"."AcceptedAt", "a"."CatalogRevision", "a"."CreatedAt", "a"."DemandRevision", "a"."Generation", "a"."HistoryEpoch", "a"."LiveMesFieldsJson", "a"."SeriesId", "a"."Status", "a"."Sublot", "a"."TransportDemandKey", "a"."ValueObservedAt", "a"."ValuePollTraceId", "a"."ValueProjectionCommitId", "a"."WorkType"
FROM "AcceptedDemands" AS "a"
WHERE "a"."DemandId" = @__unloading_DemandId_0
LIMIT 2
[17:52:14 INF] Executed DbCommand (0ms) [Parameters=[@__demand_TransportDemandKey_0='?' (Size = 46)], CommandType='Text', CommandTimeout='30']
SELECT "t"."TransportDemandKey", "t"."CompletedAt", "t"."DemandId", "t"."DemandRevision", "t"."Evidence"
FROM "TransportDemandCompletions" AS "t"
WHERE "t"."TransportDemandKey" = @__demand_TransportDemandKey_0
LIMIT 2
[17:52:14 INF] Executed DbCommand (0ms) [Parameters=[@__demandId_0='?' (Size = 36)], CommandType='Text', CommandTimeout='30']
SELECT "j"."JourneyId", "j"."DemandId", "j"."ConsumedSublotMessageId", "j"."CreatedAt", "j"."ExpectedBasketCount", "j"."LoadCommandMessageId", "j"."LoadCommandedAt", "j"."LoadSlotOperationAttemptId", "j"."LoadedAt", "j"."State", "j"."StopSequence", "j"."TargetSlotsJson", "j"."UnloadCommandMessageId", "j"."UnloadCommandedAt", "j"."UnloadSlotOperationAttemptId"
FROM "JourneyDemands" AS "j"
WHERE "j"."DemandId" = @__demandId_0
LIMIT 2
[17:52:14 INF] Executed DbCommand (0ms) [Parameters=[@__journeyId_0='?' (Size = 36), @__demandId_1='?' (Size = 36)], CommandType='Text', CommandTimeout='30']
SELECT EXISTS (
    SELECT 1
    FROM "JourneyDemands" AS "j"
    WHERE "j"."JourneyId" = @__journeyId_0 AND "j"."DemandId" <> @__demandId_1 AND "j"."State" IN ('Planned', 'Loaded'))
[17:52:14 INF] Executed DbCommand (0ms) [Parameters=[@p1='?' (Size = 36), @p0='?' (Size = 9)], CommandType='Text', CommandTimeout='30']
UPDATE "AcceptedDemands" SET "Status" = @p0
WHERE "DemandId" = @p1
RETURNING 1;
[17:52:14 INF] Executed DbCommand (0ms) [Parameters=[@p1='?' (Size = 36), @p2='?' (Size = 36), @p0='?' (Size = 8)], CommandType='Text', CommandTimeout='30']
UPDATE "JourneyDemands" SET "State" = @p0
WHERE "DemandId" = @p1 AND "JourneyId" = @p2
RETURNING 1;
[17:52:14 INF] Executed DbCommand (0ms) [Parameters=[@p0='?' (Size = 36), @p1='?' (Size = 10), @p2='?' (Size = 64), @p3='?' (Size = 71), @p4='?' (DbType = Int64), @p5='?' (DbType = Boolean), @p6='?' (DbType = DateTimeOffset), @p7='?' (Size = 9), @p8='?' (DbType = DateTimeOffset), @p9='?' (Size = 64), @p10='?' (Size = 36), @p11='?'], CommandType='Text', CommandTimeout='30']
INSERT INTO "OperationResults" ("ResultId", "AgvId", "ContentHash", "EvidenceJson", "ForcedRecoveryGeneration", "HistoricalOnly", "ObservedAt", "OverallOutcome", "ReceivedAt", "ResultContentSha256", "SlotOperationAttemptId", "SupersededByResultId")
VALUES (@p0, @p1, @p2, @p3, @p4, @p5, @p6, @p7, @p8, @p9, @p10, @p11);
[17:52:14 INF] Executed DbCommand (0ms) [Parameters=[@p3='?' (Size = 36), @p0='?' (DbType = DateTimeOffset), @p1='?' (Size = 71), @p2='?' (Size = 9)], CommandType='Text', CommandTimeout='30']
UPDATE "StationOperations" SET "CommittedAt" = @p0, "EvidenceJson" = @p1, "Status" = @p2
WHERE "SlotOperationAttemptId" = @p3
RETURNING 1;
[17:52:14 INF] Executed DbCommand (0ms) [Parameters=[@p0='?' (Size = 36), @p1='?' (DbType = DateTimeOffset)], CommandType='Text', CommandTimeout='30']
INSERT INTO "StopClosures" ("DemandId", "CommittedAt")
VALUES (@p0, @p1);
[17:52:14 INF] Executed DbCommand (0ms) [Parameters=[@p0='?' (Size = 46), @p1='?' (DbType = DateTimeOffset), @p2='?' (Size = 36), @p3='?' (DbType = Int64), @p4='?' (Size = 64)], CommandType='Text', CommandTimeout='30']
INSERT INTO "TransportDemandCompletions" ("TransportDemandKey", "CompletedAt", "DemandId", "DemandRevision", "Evidence")
VALUES (@p0, @p1, @p2, @p3, @p4);
[17:52:14 INF] Executed DbCommand (0ms) [Parameters=[@p0='?' (Size = 36), @p1='?' (DbType = DateTimeOffset), @p2='?' (Size = 36), @p3='?' (Size = 71)], CommandType='Text', CommandTimeout='30']
INSERT INTO "UnloadBatches" ("UnloadBatchId", "CompletedAt", "DemandId", "EvidenceJson")
VALUES (@p0, @p1, @p2, @p3);
[17:52:14 INF] Executed DbCommand (0ms) [Parameters=[@__slotOperationAttemptId_0='?' (Size = 36)], CommandType='Text', CommandTimeout='30']
SELECT "r"."WorkflowId", "r"."AgvId", "r"."CommandContentHash", "r"."CommandMessageId", "r"."CommandMessageType", "r"."CreatedAt", "r"."DemandId", "r"."ExceptionRecoverySessionId", "r"."ForcedRecoveryGeneration", "r"."HandoffId", "r"."Outcome", "r"."RequestContentHash", "r"."RequestMessageId", "r"."ResultContentHash", "r"."ResultMessageId", "r"."SlotOperationAttemptId", "r"."SlotsJson", "r"."State", "r"."UpdatedAt", "r"."WorkflowType"
FROM "RecoveryWorkflows" AS "r"
WHERE "r"."WorkflowType" = 'RESUME_AFTER_REPAIR' AND "r"."SlotOperationAttemptId" = @__slotOperationAttemptId_0 AND "r"."State" <> 'Reconciled' AND "r"."State" <> 'HistoricalOnly'
LIMIT 2
[17:52:14 INF] Executed DbCommand (0ms) [Parameters=[@__agvId_0='?' (Size = 10)], CommandType='Text', CommandTimeout='30']
SELECT "s"."AgvId", "s"."ActiveUnlockSlotsJson", "s"."CapabilityHash", "s"."CapabilityRevision", "s"."DepartureSafe", "s"."ForcedRecoveryGeneration", "s"."ManifestSha256", "s"."PendingAttemptIdsJson", "s"."PendingResultIdsJson", "s"."ProfileId", "s"."ProtocolCommit", "s"."ProtocolVersion", "s"."ProvenRecoveryCheckpoint", "s"."Readiness", "s"."ReasonCode", "s"."RecoveryReportId", "s"."ReportedForcedRecoveryGeneration", "s"."SafetyHash", "s"."SafetyReasonCodesJson", "s"."SafetyRevision", "s"."SafetyUnknownPresent", "s"."SessionGeneration", "s"."UnsettledSlotOperationAttemptId", "s"."UpdatedAt"
FROM "SessionRecoveries" AS "s"
WHERE "s"."AgvId" = @__agvId_0
LIMIT 2
[17:52:14 INF] Executed DbCommand (0ms) [Parameters=[@__agvId_0='?' (Size = 10)], CommandType='Text', CommandTimeout='30']
SELECT EXISTS (
    SELECT 1
    FROM "StationOperations" AS "s"
    INNER JOIN "JourneyDemands" AS "j" ON "s"."DemandId" = "j"."DemandId"
    INNER JOIN "JourneyRuntimes" AS "j0" ON "j"."JourneyId" = "j0"."JourneyId"
    WHERE "j0"."AgvId" = @__agvId_0 AND "s"."Status" = 'RecoveryRequired')
[17:52:14 INF] Executed DbCommand (0ms) [Parameters=[@p1='?' (Size = 10), @p0='?' (DbType = DateTimeOffset)], CommandType='Text', CommandTimeout='30']
UPDATE "SessionRecoveries" SET "UpdatedAt" = @p0
WHERE "AgvId" = @p1
RETURNING 1;
[17:52:14 INF] Executed DbCommand (0ms) [Parameters=[@p0='?' (Size = 36), @p1='?' (Size = 64), @p2='?' (Size = 663), @p3='?' (Size = 15), @p4='?' (DbType = DateTimeOffset), @p5='?' (Size = 887)], CommandType='Text', CommandTimeout='30']
INSERT INTO "ProtocolInbox" ("MessageId", "ContentHash", "FirstResponseJson", "MessageType", "ReceivedAt", "RequestJson")
VALUES (@p0, @p1, @p2, @p3, @p4, @p5);
[17:52:14 INF] Executed DbCommand (0ms) [Parameters=[], CommandType='Text', CommandTimeout='30']
SELECT "p"."MessageId", "p"."AcknowledgedAt", "p"."CreatedAt", "p"."FencedAt", "p"."MessageType", "p"."PayloadJson"
FROM "ProtocolOutbox" AS "p"
WHERE "p"."MessageType" = 'ExceptionRecoverySessionSnapshot' AND "p"."AcknowledgedAt" IS NULL AND "p"."FencedAt" IS NULL
[17:52:15 INF] Start processing HTTP request GET http://127.0.0.1:58408/api/task/v1/task/getVehicleInfo/BROKERX-L2-0001
[17:52:15 INF] Sending HTTP request GET http://127.0.0.1:58408/api/task/v1/task/getVehicleInfo/BROKERX-L2-0001
[17:52:15 INF] Received HTTP response headers after 0.528ms - 200
[17:52:15 INF] End processing HTTP request after 3.6969ms - 200
[17:52:15 INF] Start processing HTTP request GET http://127.0.0.1:58408/api/order/v1/orderRecord?pageNum=1&pageSize=100&filterByState=1&filterByState=3&filterByState=7&filterByState=9
[17:52:15 INF] Sending HTTP request GET http://127.0.0.1:58408/api/order/v1/orderRecord?pageNum=1&pageSize=100&filterByState=1&filterByState=3&filterByState=7&filterByState=9
[17:52:15 INF] Received HTTP response headers after 0.3988ms - 200
[17:52:15 INF] End processing HTTP request after 1.0456ms - 200
[17:52:15 INF] HTTP GET /api/onboard/v1/vehicle-safety responded 200 in 5.7927 ms
[17:52:15 INF] Executed DbCommand (0ms) [Parameters=[@__messageId_0='?' (Size = 36)], CommandType='Text', CommandTimeout='30']
SELECT "p"."MessageId", "p"."ContentHash", "p"."FirstResponseJson", "p"."MessageType", "p"."ReceivedAt", "p"."RequestJson"
FROM "ProtocolInbox" AS "p"
WHERE "p"."MessageId" = @__messageId_0
LIMIT 2
[17:52:15 INF] Executed DbCommand (0ms) [Parameters=[@p0='?' (Size = 36), @p1='?' (Size = 64), @p2='?' (Size = 536), @p3='?' (Size = 9), @p4='?' (DbType = DateTimeOffset), @p5='?' (Size = 428)], CommandType='Text', CommandTimeout='30']
INSERT INTO "ProtocolInbox" ("MessageId", "ContentHash", "FirstResponseJson", "MessageType", "ReceivedAt", "RequestJson")
VALUES (@p0, @p1, @p2, @p3, @p4, @p5);
[17:52:16 INF] Start processing HTTP request GET http://127.0.0.1:58408/api/task/v1/task/getVehicleInfo/BROKERX-L2-0001
[17:52:16 INF] Sending HTTP request GET http://127.0.0.1:58408/api/task/v1/task/getVehicleInfo/BROKERX-L2-0001
[17:52:16 INF] Received HTTP response headers after 0.4573ms - 200
[17:52:16 INF] End processing HTTP request after 3.7503ms - 200
[17:52:16 INF] Start processing HTTP request GET http://127.0.0.1:58408/api/order/v1/orderRecord?pageNum=1&pageSize=100&filterByState=1&filterByState=3&filterByState=7&filterByState=9
[17:52:16 INF] Sending HTTP request GET http://127.0.0.1:58408/api/order/v1/orderRecord?pageNum=1&pageSize=100&filterByState=1&filterByState=3&filterByState=7&filterByState=9
[17:52:16 INF] Received HTTP response headers after 0.4085ms - 200
[17:52:16 INF] End processing HTTP request after 1.2086ms - 200
[17:52:16 INF] HTTP GET /api/onboard/v1/vehicle-safety responded 200 in 6.0364 ms
[17:52:16 INF] Start processing HTTP request GET http://127.0.0.1:58408/api/imap/v1/mapInfo/stations/25
[17:52:16 INF] Sending HTTP request GET http://127.0.0.1:58408/api/imap/v1/mapInfo/stations/25
[17:52:16 INF] Received HTTP response headers after 0.5698ms - 200
[17:52:16 INF] End processing HTTP request after 3.9834ms - 200
[17:52:16 INF] Executed DbCommand (0ms) [Parameters=[], CommandType='Text', CommandTimeout='30']
SELECT "a"."Id", "a"."ContentHash", "a"."DeploymentId", "a"."ImportedAt", "a"."Version"
FROM "AdmissionPolicyState" AS "a"
WHERE "a"."Id" = 1
LIMIT 2
[17:52:16 INF] Executed DbCommand (0ms) [Parameters=[], CommandType='Text', CommandTimeout='30']
SELECT "j"."JourneyId", "j"."AgvId", "j"."AgvLifecycleGeneration", "j"."BlockReasonCode", "j"."CreatedAt", "j"."CurrentStopSequence", "j"."DispatchGeneration", "j"."DispatchZone", "j"."GateStationId", "j"."GateStationRiotId", "j"."HoldingStartedAt", "j"."LoadingClosedReason", "j"."MapId", "j"."MapIdentity", "j"."NextStopSequence", "j"."OperationSessionId", "j"."PlanRevision", "j"."Stage", "j"."UpdatedAt", "j"."VehicleBusinessRevision", "j"."VehicleKey", "j"."WorklistRevision"
FROM "JourneyRuntimes" AS "j"
WHERE "j"."Stage" <> 'Completed'
[17:52:16 INF] Executed DbCommand (0ms) [Parameters=[@__runtime_JourneyId_0='?' (Size = 36)], CommandType='Text', CommandTimeout='30']
SELECT "j"."JourneyId", "j"."Sequence", "j"."ConsumedSafetyResultMessageId", "j"."CreatedAt", "j"."LegType", "j"."LoadRound", "j"."MovementLegId", "j"."PlanMessageId", "j"."PlanRevision", "j"."PreDepartureSafetyCheckId", "j"."PreDepartureSafetyCheckMessageId", "j"."Role", "j"."RouteEvidenceId", "j"."State", "j"."StationId", "j"."StationRiotId", "j"."SublotWaitStartedAt", "j"."UpdatedAt", "j"."UpperId", "j"."VehicleBusinessMessageId", "j"."VehicleBusinessRevision", "j"."WorklistRevision"
FROM "JourneyStops" AS "j"
WHERE "j"."JourneyId" = @__runtime_JourneyId_0
[17:52:16 INF] Executed DbCommand (0ms) [Parameters=[@__runtime_JourneyId_0='?' (Size = 36)], CommandType='Text', CommandTimeout='30']
SELECT "j"."JourneyId", "j"."DemandId", "j"."ConsumedSublotMessageId", "j"."CreatedAt", "j"."ExpectedBasketCount", "j"."LoadCommandMessageId", "j"."LoadCommandedAt", "j"."LoadSlotOperationAttemptId", "j"."LoadedAt", "j"."State", "j"."StopSequence", "j"."TargetSlotsJson", "j"."UnloadCommandMessageId", "j"."UnloadCommandedAt", "j"."UnloadSlotOperationAttemptId"
FROM "JourneyDemands" AS "j"
WHERE "j"."JourneyId" = @__runtime_JourneyId_0
[17:52:16 INF] Executed DbCommand (0ms) [Parameters=[@__agvId_0='?' (Size = 10)], CommandType='Text', CommandTimeout='30']
SELECT "s"."AgvId", "s"."ActiveUnlockSlotsJson", "s"."CapabilityHash", "s"."CapabilityRevision", "s"."DepartureSafe", "s"."ForcedRecoveryGeneration", "s"."ManifestSha256", "s"."PendingAttemptIdsJson", "s"."PendingResultIdsJson", "s"."ProfileId", "s"."ProtocolCommit", "s"."ProtocolVersion", "s"."ProvenRecoveryCheckpoint", "s"."Readiness", "s"."ReasonCode", "s"."RecoveryReportId", "s"."ReportedForcedRecoveryGeneration", "s"."SafetyHash", "s"."SafetyReasonCodesJson", "s"."SafetyRevision", "s"."SafetyUnknownPresent", "s"."SessionGeneration", "s"."UnsettledSlotOperationAttemptId", "s"."UpdatedAt"
FROM "SessionRecoveries" AS "s"
WHERE "s"."AgvId" = @__agvId_0 AND "s"."Readiness" = 'Ready'
LIMIT 2
[17:52:16 INF] Executed DbCommand (0ms) [Parameters=[], CommandType='Text', CommandTimeout='30']
SELECT "p"."MessageId", "p"."AcknowledgedAt", "p"."CreatedAt", "p"."FencedAt", "p"."MessageType", "p"."PayloadJson"
FROM "ProtocolOutbox" AS "p"
WHERE "p"."AcknowledgedAt" IS NULL AND "p"."FencedAt" IS NULL
[17:52:16 INF] Executed DbCommand (0ms) [Parameters=[@__messageId_0='?' (Size = 36)], CommandType='Text', CommandTimeout='30']
SELECT "p"."MessageId", "p"."AcknowledgedAt", "p"."CreatedAt", "p"."FencedAt", "p"."MessageType", "p"."PayloadJson"
FROM "ProtocolOutbox" AS "p"
WHERE "p"."MessageId" = @__messageId_0
LIMIT 2
[17:52:16 INF] Executed DbCommand (0ms) [Parameters=[@p1='?' (Size = 36), @p0='?' (DbType = DateTimeOffset)], CommandType='Text', CommandTimeout='30']
UPDATE "ProtocolOutbox" SET "AcknowledgedAt" = @p0
WHERE "MessageId" = @p1
RETURNING 1;
[17:52:16 INF] Executed DbCommand (0ms) [Parameters=[@__demand_DemandId_0='?' (Size = 36)], CommandType='Text', CommandTimeout='30']
SELECT "a"."DemandId", "a"."AcceptedAt", "a"."CatalogRevision", "a"."CreatedAt", "a"."DemandRevision", "a"."Generation", "a"."HistoryEpoch", "a"."LiveMesFieldsJson", "a"."SeriesId", "a"."Status", "a"."Sublot", "a"."TransportDemandKey", "a"."ValueObservedAt", "a"."ValuePollTraceId", "a"."ValueProjectionCommitId", "a"."WorkType"
FROM "AcceptedDemands" AS "a"
WHERE "a"."DemandId" = @__demand_DemandId_0
LIMIT 2
[17:52:16 INF] Executed DbCommand (0ms) [Parameters=[@__messageId_0='?' (Size = 36)], CommandType='Text', CommandTimeout='30']
SELECT "p"."MessageId", "p"."AcknowledgedAt", "p"."CreatedAt", "p"."FencedAt", "p"."MessageType", "p"."PayloadJson"
FROM "ProtocolOutbox" AS "p"
WHERE "p"."MessageId" = @__messageId_0
LIMIT 2
[17:52:16 INF] Executed DbCommand (0ms) [Parameters=[@__plan_SlotOperationAttemptId_0='?' (Size = 36)], CommandType='Text', CommandTimeout='30']
SELECT "s"."SlotOperationAttemptId", "s"."CommittedAt", "s"."ContentHash", "s"."CreatedAt", "s"."DemandId", "s"."EvidenceJson", "s"."ForcedRecoveryGeneration", "s"."OperationType", "s"."Status", "s"."SublotId", "s"."TargetSlotsJson"
FROM "StationOperations" AS "s"
WHERE "s"."SlotOperationAttemptId" = @__plan_SlotOperationAttemptId_0
LIMIT 2
[17:52:16 INF] Executed DbCommand (0ms) [Parameters=[@__messageId_0='?' (Size = 36)], CommandType='Text', CommandTimeout='30']
SELECT EXISTS (
    SELECT 1
    FROM "ProtocolOutbox" AS "p"
    WHERE "p"."MessageId" = @__messageId_0)
[17:52:16 INF] Executed DbCommand (0ms) [Parameters=[@p1='?' (Size = 36), @p2='?' (Size = 36), @p0='?' (DbType = DateTimeOffset)], CommandType='Text', CommandTimeout='30']
UPDATE "JourneyDemands" SET "UnloadCommandedAt" = @p0
WHERE "DemandId" = @p1 AND "JourneyId" = @p2
RETURNING 1;
[17:52:16 INF] Executed DbCommand (0ms) [Parameters=[@p0='?' (Size = 36), @p1='?' (DbType = DateTimeOffset), @p2='?' (DbType = DateTimeOffset), @p3='?' (DbType = DateTimeOffset), @p4='?' (Size = 20), @p5='?' (Size = 755)], CommandType='Text', CommandTimeout='30']
INSERT INTO "ProtocolOutbox" ("MessageId", "AcknowledgedAt", "CreatedAt", "FencedAt", "MessageType", "PayloadJson")
VALUES (@p0, @p1, @p2, @p3, @p4, @p5);
[17:52:16 INF] Executed DbCommand (0ms) [Parameters=[@p0='?' (Size = 36), @p1='?' (DbType = DateTimeOffset), @p2='?' (Size = 64), @p3='?' (DbType = DateTimeOffset), @p4='?' (Size = 36), @p5='?', @p6='?' (DbType = Int64), @p7='?' (Size = 6), @p8='?' (Size = 8), @p9='?' (Size = 33), @p10='?' (Size = 3)], CommandType='Text', CommandTimeout='30']
INSERT INTO "StationOperations" ("SlotOperationAttemptId", "CommittedAt", "ContentHash", "CreatedAt", "DemandId", "EvidenceJson", "ForcedRecoveryGeneration", "OperationType", "Status", "SublotId", "TargetSlotsJson")
VALUES (@p0, @p1, @p2, @p3, @p4, @p5, @p6, @p7, @p8, @p9, @p10);
[17:52:16 INF] Executed DbCommand (0ms) [Parameters=[@p1='?' (Size = 36), @p0='?' (DbType = DateTimeOffset)], CommandType='Text', CommandTimeout='30']
UPDATE "JourneyRuntimes" SET "UpdatedAt" = @p0
WHERE "JourneyId" = @p1
RETURNING 1;
[17:52:16 INF] Executed DbCommand (0ms) [Parameters=[@p1='?' (Size = 36), @p2='?' (DbType = Int32), @p0='?' (DbType = DateTimeOffset)], CommandType='Text', CommandTimeout='30']
UPDATE "JourneyStops" SET "UpdatedAt" = @p0
WHERE "JourneyId" = @p1 AND "Sequence" = @p2
RETURNING 1;
[17:52:16 INF] Executed DbCommand (0ms) [Parameters=[@__messageId_0='?' (Size = 36)], CommandType='Text', CommandTimeout='30']
SELECT "p"."MessageId", "p"."ContentHash", "p"."FirstResponseJson", "p"."MessageType", "p"."ReceivedAt", "p"."RequestJson"
FROM "ProtocolInbox" AS "p"
WHERE "p"."MessageId" = @__messageId_0
LIMIT 2
[17:52:16 INF] Executed DbCommand (0ms) [Parameters=[@p0='?' (Size = 36), @p1='?' (Size = 64), @p2='?' (Size = 665), @p3='?' (Size = 17), @p4='?' (DbType = DateTimeOffset), @p5='?' (Size = 571)], CommandType='Text', CommandTimeout='30']
INSERT INTO "ProtocolInbox" ("MessageId", "ContentHash", "FirstResponseJson", "MessageType", "ReceivedAt", "RequestJson")
VALUES (@p0, @p1, @p2, @p3, @p4, @p5);
[17:52:16 INF] Executed DbCommand (0ms) [Parameters=[@__messageId_0='?' (Size = 36)], CommandType='Text', CommandTimeout='30']
SELECT "p"."MessageId", "p"."ContentHash", "p"."FirstResponseJson", "p"."MessageType", "p"."ReceivedAt", "p"."RequestJson"
FROM "ProtocolInbox" AS "p"
WHERE "p"."MessageId" = @__messageId_0
LIMIT 2
[17:52:16 INF] Executed DbCommand (0ms) [Parameters=[@p0='?' (Size = 36), @p1='?' (Size = 64), @p2='?' (Size = 665), @p3='?' (Size = 17), @p4='?' (DbType = DateTimeOffset), @p5='?' (Size = 572)], CommandType='Text', CommandTimeout='30']
INSERT INTO "ProtocolInbox" ("MessageId", "ContentHash", "FirstResponseJson", "MessageType", "ReceivedAt", "RequestJson")
VALUES (@p0, @p1, @p2, @p3, @p4, @p5);
[17:52:16 INF] Executed DbCommand (0ms) [Parameters=[@__messageId_0='?' (Size = 36)], CommandType='Text', CommandTimeout='30']
SELECT "p"."MessageId", "p"."ContentHash", "p"."FirstResponseJson", "p"."MessageType", "p"."ReceivedAt", "p"."RequestJson"
FROM "ProtocolInbox" AS "p"
WHERE "p"."MessageId" = @__messageId_0
LIMIT 2
[17:52:16 INF] Executed DbCommand (0ms) [Parameters=[@__agvId_0='?' (Size = 10)], CommandType='Text', CommandTimeout='30']
SELECT "s"."AgvId", "s"."ActiveUnlockSlotsJson", "s"."CapabilityHash", "s"."CapabilityRevision", "s"."DepartureSafe", "s"."ForcedRecoveryGeneration", "s"."ManifestSha256", "s"."PendingAttemptIdsJson", "s"."PendingResultIdsJson", "s"."ProfileId", "s"."ProtocolCommit", "s"."ProtocolVersion", "s"."ProvenRecoveryCheckpoint", "s"."Readiness", "s"."ReasonCode", "s"."RecoveryReportId", "s"."ReportedForcedRecoveryGeneration", "s"."SafetyHash", "s"."SafetyReasonCodesJson", "s"."SafetyRevision", "s"."SafetyUnknownPresent", "s"."SessionGeneration", "s"."UnsettledSlotOperationAttemptId", "s"."UpdatedAt"
FROM "SessionRecoveries" AS "s"
WHERE "s"."AgvId" = @__agvId_0
LIMIT 2
[17:52:16 INF] Executed DbCommand (0ms) [Parameters=[@p7='?' (Size = 10), @p0='?' (DbType = Boolean), @p1='?' (Size = 16), @p2='?' (Size = 20), @p3='?' (Size = 64), @p4='?' (Size = 27), @p5='?' (DbType = Int64), @p6='?' (DbType = DateTimeOffset)], CommandType='Text', CommandTimeout='30']
UPDATE "SessionRecoveries" SET "DepartureSafe" = @p0, "Readiness" = @p1, "ReasonCode" = @p2, "SafetyHash" = @p3, "SafetyReasonCodesJson" = @p4, "SafetyRevision" = @p5, "UpdatedAt" = @p6
WHERE "AgvId" = @p7
RETURNING 1;
[17:52:16 INF] Executed DbCommand (0ms) [Parameters=[@__agvId_0='?' (Size = 10)], CommandType='Text', CommandTimeout='30']
SELECT "s"."AgvId", "s"."ActiveUnlockSlotsJson", "s"."CapabilityHash", "s"."CapabilityRevision", "s"."DepartureSafe", "s"."ForcedRecoveryGeneration", "s"."ManifestSha256", "s"."PendingAttemptIdsJson", "s"."PendingResultIdsJson", "s"."ProfileId", "s"."ProtocolCommit", "s"."ProtocolVersion", "s"."ProvenRecoveryCheckpoint", "s"."Readiness", "s"."ReasonCode", "s"."RecoveryReportId", "s"."ReportedForcedRecoveryGeneration", "s"."SafetyHash", "s"."SafetyReasonCodesJson", "s"."SafetyRevision", "s"."SafetyUnknownPresent", "s"."SessionGeneration", "s"."UnsettledSlotOperationAttemptId", "s"."UpdatedAt"
FROM "SessionRecoveries" AS "s"
WHERE "s"."AgvId" = @__agvId_0
LIMIT 2
[17:52:16 INF] Executed DbCommand (0ms) [Parameters=[@__row_AgvId_0='?' (Size = 10)], CommandType='Text', CommandTimeout='30']
SELECT EXISTS (
    SELECT 1
    FROM "StationOperations" AS "s"
    INNER JOIN "JourneyDemands" AS "j" ON "s"."DemandId" = "j"."DemandId"
    INNER JOIN "JourneyRuntimes" AS "j0" ON "j"."JourneyId" = "j0"."JourneyId"
    WHERE "j0"."AgvId" = @__row_AgvId_0 AND "s"."Status" = 'Prepared')
[17:52:16 INF] Executed DbCommand (0ms) [Parameters=[@__agvId_0='?' (Size = 10)], CommandType='Text', CommandTimeout='30']
SELECT EXISTS (
    SELECT 1
    FROM "StationOperations" AS "s"
    INNER JOIN "JourneyDemands" AS "j" ON "s"."DemandId" = "j"."DemandId"
    INNER JOIN "JourneyRuntimes" AS "j0" ON "j"."JourneyId" = "j0"."JourneyId"
    WHERE "j0"."AgvId" = @__agvId_0 AND "s"."Status" = 'RecoveryRequired')
[17:52:16 INF] Executed DbCommand (0ms) [Parameters=[@p3='?' (Size = 10), @p0='?' (Size = 5), @p1='?' (Size = 5), @p2='?' (DbType = DateTimeOffset)], CommandType='Text', CommandTimeout='30']
UPDATE "SessionRecoveries" SET "Readiness" = @p0, "ReasonCode" = @p1, "UpdatedAt" = @p2
WHERE "AgvId" = @p3
RETURNING 1;
[17:52:16 INF] Executed DbCommand (0ms) [Parameters=[@p0='?' (Size = 36), @p1='?' (Size = 64), @p2='?' (Size = 1236), @p3='?' (Size = 18), @p4='?' (DbType = DateTimeOffset), @p5='?' (Size = 681)], CommandType='Text', CommandTimeout='30']
INSERT INTO "ProtocolInbox" ("MessageId", "ContentHash", "FirstResponseJson", "MessageType", "ReceivedAt", "RequestJson")
VALUES (@p0, @p1, @p2, @p3, @p4, @p5);
[17:52:17 INF] Executed DbCommand (0ms) [Parameters=[@__messageId_0='?' (Size = 36)], CommandType='Text', CommandTimeout='30']
SELECT "p"."MessageId", "p"."ContentHash", "p"."FirstResponseJson", "p"."MessageType", "p"."ReceivedAt", "p"."RequestJson"
FROM "ProtocolInbox" AS "p"
WHERE "p"."MessageId" = @__messageId_0
LIMIT 2
[17:52:17 INF] Executed DbCommand (0ms) [Parameters=[@__agvId_0='?' (Size = 10)], CommandType='Text', CommandTimeout='30']
SELECT "s"."AgvId", "s"."ActiveUnlockSlotsJson", "s"."CapabilityHash", "s"."CapabilityRevision", "s"."DepartureSafe", "s"."ForcedRecoveryGeneration", "s"."ManifestSha256", "s"."PendingAttemptIdsJson", "s"."PendingResultIdsJson", "s"."ProfileId", "s"."ProtocolCommit", "s"."ProtocolVersion", "s"."ProvenRecoveryCheckpoint", "s"."Readiness", "s"."ReasonCode", "s"."RecoveryReportId", "s"."ReportedForcedRecoveryGeneration", "s"."SafetyHash", "s"."SafetyReasonCodesJson", "s"."SafetyRevision", "s"."SafetyUnknownPresent", "s"."SessionGeneration", "s"."UnsettledSlotOperationAttemptId", "s"."UpdatedAt"
FROM "SessionRecoveries" AS "s"
WHERE "s"."AgvId" = @__agvId_0
LIMIT 2
[17:52:17 INF] Executed DbCommand (0ms) [Parameters=[@p6='?' (Size = 10), @p0='?' (Size = 16), @p1='?' (Size = 20), @p2='?' (Size = 64), @p3='?' (Size = 45), @p4='?' (DbType = Int64), @p5='?' (DbType = DateTimeOffset)], CommandType='Text', CommandTimeout='30']
UPDATE "SessionRecoveries" SET "Readiness" = @p0, "ReasonCode" = @p1, "SafetyHash" = @p2, "SafetyReasonCodesJson" = @p3, "SafetyRevision" = @p4, "UpdatedAt" = @p5
WHERE "AgvId" = @p6
RETURNING 1;
[17:52:17 INF] Executed DbCommand (0ms) [Parameters=[@__agvId_0='?' (Size = 10)], CommandType='Text', CommandTimeout='30']
SELECT "s"."AgvId", "s"."ActiveUnlockSlotsJson", "s"."CapabilityHash", "s"."CapabilityRevision", "s"."DepartureSafe", "s"."ForcedRecoveryGeneration", "s"."ManifestSha256", "s"."PendingAttemptIdsJson", "s"."PendingResultIdsJson", "s"."ProfileId", "s"."ProtocolCommit", "s"."ProtocolVersion", "s"."ProvenRecoveryCheckpoint", "s"."Readiness", "s"."ReasonCode", "s"."RecoveryReportId", "s"."ReportedForcedRecoveryGeneration", "s"."SafetyHash", "s"."SafetyReasonCodesJson", "s"."SafetyRevision", "s"."SafetyUnknownPresent", "s"."SessionGeneration", "s"."UnsettledSlotOperationAttemptId", "s"."UpdatedAt"
FROM "SessionRecoveries" AS "s"
WHERE "s"."AgvId" = @__agvId_0
LIMIT 2
[17:52:17 INF] Executed DbCommand (0ms) [Parameters=[@__row_AgvId_0='?' (Size = 10)], CommandType='Text', CommandTimeout='30']
SELECT EXISTS (
    SELECT 1
    FROM "StationOperations" AS "s"
    INNER JOIN "JourneyDemands" AS "j" ON "s"."DemandId" = "j"."DemandId"
    INNER JOIN "JourneyRuntimes" AS "j0" ON "j"."JourneyId" = "j0"."JourneyId"
    WHERE "j0"."AgvId" = @__row_AgvId_0 AND "s"."Status" = 'Prepared')
[17:52:17 INF] Executed DbCommand (0ms) [Parameters=[@__agvId_0='?' (Size = 10)], CommandType='Text', CommandTimeout='30']
SELECT EXISTS (
    SELECT 1
    FROM "StationOperations" AS "s"
    INNER JOIN "JourneyDemands" AS "j" ON "s"."DemandId" = "j"."DemandId"
    INNER JOIN "JourneyRuntimes" AS "j0" ON "j"."JourneyId" = "j0"."JourneyId"
    WHERE "j0"."AgvId" = @__agvId_0 AND "s"."Status" = 'RecoveryRequired')
[17:52:17 INF] Executed DbCommand (0ms) [Parameters=[@p3='?' (Size = 10), @p0='?' (Size = 5), @p1='?' (Size = 5), @p2='?' (DbType = DateTimeOffset)], CommandType='Text', CommandTimeout='30']
UPDATE "SessionRecoveries" SET "Readiness" = @p0, "ReasonCode" = @p1, "UpdatedAt" = @p2
WHERE "AgvId" = @p3
RETURNING 1;
[17:52:17 INF] Executed DbCommand (0ms) [Parameters=[@p0='?' (Size = 36), @p1='?' (Size = 64), @p2='?' (Size = 1236), @p3='?' (Size = 18), @p4='?' (DbType = DateTimeOffset), @p5='?' (Size = 699)], CommandType='Text', CommandTimeout='30']
INSERT INTO "ProtocolInbox" ("MessageId", "ContentHash", "FirstResponseJson", "MessageType", "ReceivedAt", "RequestJson")
VALUES (@p0, @p1, @p2, @p3, @p4, @p5);
[17:52:17 INF] Executed DbCommand (0ms) [Parameters=[@__messageId_0='?' (Size = 36)], CommandType='Text', CommandTimeout='30']
SELECT "p"."MessageId", "p"."ContentHash", "p"."FirstResponseJson", "p"."MessageType", "p"."ReceivedAt", "p"."RequestJson"
FROM "ProtocolInbox" AS "p"
WHERE "p"."MessageId" = @__messageId_0
LIMIT 2
[17:52:17 INF] Executed DbCommand (0ms) [Parameters=[@__agvId_0='?' (Size = 10)], CommandType='Text', CommandTimeout='30']
SELECT "s"."AgvId", "s"."ActiveUnlockSlotsJson", "s"."CapabilityHash", "s"."CapabilityRevision", "s"."DepartureSafe", "s"."ForcedRecoveryGeneration", "s"."ManifestSha256", "s"."PendingAttemptIdsJson", "s"."PendingResultIdsJson", "s"."ProfileId", "s"."ProtocolCommit", "s"."ProtocolVersion", "s"."ProvenRecoveryCheckpoint", "s"."Readiness", "s"."ReasonCode", "s"."RecoveryReportId", "s"."ReportedForcedRecoveryGeneration", "s"."SafetyHash", "s"."SafetyReasonCodesJson", "s"."SafetyRevision", "s"."SafetyUnknownPresent", "s"."SessionGeneration", "s"."UnsettledSlotOperationAttemptId", "s"."UpdatedAt"
FROM "SessionRecoveries" AS "s"
WHERE "s"."AgvId" = @__agvId_0
LIMIT 2
[17:52:17 INF] Executed DbCommand (0ms) [Parameters=[@p6='?' (Size = 10), @p0='?' (Size = 16), @p1='?' (Size = 20), @p2='?' (Size = 64), @p3='?' (Size = 19), @p4='?' (DbType = Int64), @p5='?' (DbType = DateTimeOffset)], CommandType='Text', CommandTimeout='30']
UPDATE "SessionRecoveries" SET "Readiness" = @p0, "ReasonCode" = @p1, "SafetyHash" = @p2, "SafetyReasonCodesJson" = @p3, "SafetyRevision" = @p4, "UpdatedAt" = @p5
WHERE "AgvId" = @p6
RETURNING 1;
[17:52:17 INF] Executed DbCommand (0ms) [Parameters=[@__agvId_0='?' (Size = 10)], CommandType='Text', CommandTimeout='30']
SELECT "s"."AgvId", "s"."ActiveUnlockSlotsJson", "s"."CapabilityHash", "s"."CapabilityRevision", "s"."DepartureSafe", "s"."ForcedRecoveryGeneration", "s"."ManifestSha256", "s"."PendingAttemptIdsJson", "s"."PendingResultIdsJson", "s"."ProfileId", "s"."ProtocolCommit", "s"."ProtocolVersion", "s"."ProvenRecoveryCheckpoint", "s"."Readiness", "s"."ReasonCode", "s"."RecoveryReportId", "s"."ReportedForcedRecoveryGeneration", "s"."SafetyHash", "s"."SafetyReasonCodesJson", "s"."SafetyRevision", "s"."SafetyUnknownPresent", "s"."SessionGeneration", "s"."UnsettledSlotOperationAttemptId", "s"."UpdatedAt"
FROM "SessionRecoveries" AS "s"
WHERE "s"."AgvId" = @__agvId_0
LIMIT 2
[17:52:17 INF] Executed DbCommand (0ms) [Parameters=[@__row_AgvId_0='?' (Size = 10)], CommandType='Text', CommandTimeout='30']
SELECT EXISTS (
    SELECT 1
    FROM "StationOperations" AS "s"
    INNER JOIN "JourneyDemands" AS "j" ON "s"."DemandId" = "j"."DemandId"
    INNER JOIN "JourneyRuntimes" AS "j0" ON "j"."JourneyId" = "j0"."JourneyId"
    WHERE "j0"."AgvId" = @__row_AgvId_0 AND "s"."Status" = 'Prepared')
[17:52:17 INF] Executed DbCommand (0ms) [Parameters=[@__agvId_0='?' (Size = 10)], CommandType='Text', CommandTimeout='30']
SELECT EXISTS (
    SELECT 1
    FROM "StationOperations" AS "s"
    INNER JOIN "JourneyDemands" AS "j" ON "s"."DemandId" = "j"."DemandId"
    INNER JOIN "JourneyRuntimes" AS "j0" ON "j"."JourneyId" = "j0"."JourneyId"
    WHERE "j0"."AgvId" = @__agvId_0 AND "s"."Status" = 'RecoveryRequired')
[17:52:17 INF] Executed DbCommand (0ms) [Parameters=[@p3='?' (Size = 10), @p0='?' (Size = 5), @p1='?' (Size = 5), @p2='?' (DbType = DateTimeOffset)], CommandType='Text', CommandTimeout='30']
UPDATE "SessionRecoveries" SET "Readiness" = @p0, "ReasonCode" = @p1, "UpdatedAt" = @p2
WHERE "AgvId" = @p3
RETURNING 1;
[17:52:17 INF] Executed DbCommand (0ms) [Parameters=[@p0='?' (Size = 36), @p1='?' (Size = 64), @p2='?' (Size = 1236), @p3='?' (Size = 18), @p4='?' (DbType = DateTimeOffset), @p5='?' (Size = 673)], CommandType='Text', CommandTimeout='30']
INSERT INTO "ProtocolInbox" ("MessageId", "ContentHash", "FirstResponseJson", "MessageType", "ReceivedAt", "RequestJson")
VALUES (@p0, @p1, @p2, @p3, @p4, @p5);
[17:52:17 INF] Start processing HTTP request GET http://127.0.0.1:58408/api/task/v1/task/getVehicleInfo/BROKERX-L2-0001
[17:52:17 INF] Sending HTTP request GET http://127.0.0.1:58408/api/task/v1/task/getVehicleInfo/BROKERX-L2-0001
[17:52:17 INF] Received HTTP response headers after 0.4541ms - 200
[17:52:17 INF] End processing HTTP request after 1.6004ms - 200
[17:52:17 INF] Start processing HTTP request GET http://127.0.0.1:58408/api/order/v1/orderRecord?pageNum=1&pageSize=100&filterByState=1&filterByState=3&filterByState=7&filterByState=9
[17:52:17 INF] Sending HTTP request GET http://127.0.0.1:58408/api/order/v1/orderRecord?pageNum=1&pageSize=100&filterByState=1&filterByState=3&filterByState=7&filterByState=9
[17:52:17 INF] Received HTTP response headers after 0.3732ms - 200
[17:52:17 INF] End processing HTTP request after 1.045ms - 200
[17:52:17 INF] HTTP GET /api/onboard/v1/vehicle-safety responded 200 in 3.7061 ms
[17:52:17 INF] Executed DbCommand (0ms) [Parameters=[@__messageId_0='?' (Size = 36)], CommandType='Text', CommandTimeout='30']
SELECT "p"."MessageId", "p"."ContentHash", "p"."FirstResponseJson", "p"."MessageType", "p"."ReceivedAt", "p"."RequestJson"
FROM "ProtocolInbox" AS "p"
WHERE "p"."MessageId" = @__messageId_0
LIMIT 2
[17:52:17 INF] Executed DbCommand (0ms) [Parameters=[@p0='?' (Size = 36), @p1='?' (Size = 64), @p2='?' (Size = 665), @p3='?' (Size = 17), @p4='?' (DbType = DateTimeOffset), @p5='?' (Size = 579)], CommandType='Text', CommandTimeout='30']
INSERT INTO "ProtocolInbox" ("MessageId", "ContentHash", "FirstResponseJson", "MessageType", "ReceivedAt", "RequestJson")
VALUES (@p0, @p1, @p2, @p3, @p4, @p5);
[17:52:18 INF] Executed DbCommand (0ms) [Parameters=[@__messageId_0='?' (Size = 36)], CommandType='Text', CommandTimeout='30']
SELECT "p"."MessageId", "p"."ContentHash", "p"."FirstResponseJson", "p"."MessageType", "p"."ReceivedAt", "p"."RequestJson"
FROM "ProtocolInbox" AS "p"
WHERE "p"."MessageId" = @__messageId_0
LIMIT 2
[17:52:18 INF] Executed DbCommand (0ms) [Parameters=[@__agvId_0='?' (Size = 10)], CommandType='Text', CommandTimeout='30']
SELECT "s"."AgvId", "s"."ActiveUnlockSlotsJson", "s"."CapabilityHash", "s"."CapabilityRevision", "s"."DepartureSafe", "s"."ForcedRecoveryGeneration", "s"."ManifestSha256", "s"."PendingAttemptIdsJson", "s"."PendingResultIdsJson", "s"."ProfileId", "s"."ProtocolCommit", "s"."ProtocolVersion", "s"."ProvenRecoveryCheckpoint", "s"."Readiness", "s"."ReasonCode", "s"."RecoveryReportId", "s"."ReportedForcedRecoveryGeneration", "s"."SafetyHash", "s"."SafetyReasonCodesJson", "s"."SafetyRevision", "s"."SafetyUnknownPresent", "s"."SessionGeneration", "s"."UnsettledSlotOperationAttemptId", "s"."UpdatedAt"
FROM "SessionRecoveries" AS "s"
WHERE "s"."AgvId" = @__agvId_0
LIMIT 2
[17:52:18 INF] Executed DbCommand (0ms) [Parameters=[@p5='?' (Size = 10), @p0='?' (Size = 16), @p1='?' (Size = 20), @p2='?' (Size = 64), @p3='?' (DbType = Int64), @p4='?' (DbType = DateTimeOffset)], CommandType='Text', CommandTimeout='30']
UPDATE "SessionRecoveries" SET "Readiness" = @p0, "ReasonCode" = @p1, "SafetyHash" = @p2, "SafetyRevision" = @p3, "UpdatedAt" = @p4
WHERE "AgvId" = @p5
RETURNING 1;
[17:52:18 INF] Executed DbCommand (0ms) [Parameters=[@__agvId_0='?' (Size = 10)], CommandType='Text', CommandTimeout='30']
SELECT "s"."AgvId", "s"."ActiveUnlockSlotsJson", "s"."CapabilityHash", "s"."CapabilityRevision", "s"."DepartureSafe", "s"."ForcedRecoveryGeneration", "s"."ManifestSha256", "s"."PendingAttemptIdsJson", "s"."PendingResultIdsJson", "s"."ProfileId", "s"."ProtocolCommit", "s"."ProtocolVersion", "s"."ProvenRecoveryCheckpoint", "s"."Readiness", "s"."ReasonCode", "s"."RecoveryReportId", "s"."ReportedForcedRecoveryGeneration", "s"."SafetyHash", "s"."SafetyReasonCodesJson", "s"."SafetyRevision", "s"."SafetyUnknownPresent", "s"."SessionGeneration", "s"."UnsettledSlotOperationAttemptId", "s"."UpdatedAt"
FROM "SessionRecoveries" AS "s"
WHERE "s"."AgvId" = @__agvId_0
LIMIT 2
[17:52:18 INF] Executed DbCommand (0ms) [Parameters=[@__row_AgvId_0='?' (Size = 10)], CommandType='Text', CommandTimeout='30']
SELECT EXISTS (
    SELECT 1
    FROM "StationOperations" AS "s"
    INNER JOIN "JourneyDemands" AS "j" ON "s"."DemandId" = "j"."DemandId"
    INNER JOIN "JourneyRuntimes" AS "j0" ON "j"."JourneyId" = "j0"."JourneyId"
    WHERE "j0"."AgvId" = @__row_AgvId_0 AND "s"."Status" = 'Prepared')
[17:52:18 INF] Executed DbCommand (0ms) [Parameters=[@__agvId_0='?' (Size = 10)], CommandType='Text', CommandTimeout='30']
SELECT EXISTS (
    SELECT 1
    FROM "StationOperations" AS "s"
    INNER JOIN "JourneyDemands" AS "j" ON "s"."DemandId" = "j"."DemandId"
    INNER JOIN "JourneyRuntimes" AS "j0" ON "j"."JourneyId" = "j0"."JourneyId"
    WHERE "j0"."AgvId" = @__agvId_0 AND "s"."Status" = 'RecoveryRequired')
[17:52:18 INF] Executed DbCommand (0ms) [Parameters=[@p3='?' (Size = 10), @p0='?' (Size = 5), @p1='?' (Size = 5), @p2='?' (DbType = DateTimeOffset)], CommandType='Text', CommandTimeout='30']
UPDATE "SessionRecoveries" SET "Readiness" = @p0, "ReasonCode" = @p1, "UpdatedAt" = @p2
WHERE "AgvId" = @p3
RETURNING 1;
[17:52:18 INF] Executed DbCommand (0ms) [Parameters=[@p0='?' (Size = 36), @p1='?' (Size = 64), @p2='?' (Size = 1236), @p3='?' (Size = 18), @p4='?' (DbType = DateTimeOffset), @p5='?' (Size = 673)], CommandType='Text', CommandTimeout='30']
INSERT INTO "ProtocolInbox" ("MessageId", "ContentHash", "FirstResponseJson", "MessageType", "ReceivedAt", "RequestJson")
VALUES (@p0, @p1, @p2, @p3, @p4, @p5);
[17:52:18 INF] Start processing HTTP request GET http://127.0.0.1:58408/api/task/v1/task/getVehicleInfo/BROKERX-L2-0001
[17:52:18 INF] Sending HTTP request GET http://127.0.0.1:58408/api/task/v1/task/getVehicleInfo/BROKERX-L2-0001
[17:52:18 INF] Received HTTP response headers after 0.4886ms - 200
[17:52:18 INF] End processing HTTP request after 1.8126ms - 200
[17:52:18 INF] Start processing HTTP request GET http://127.0.0.1:58408/api/order/v1/orderRecord?pageNum=1&pageSize=100&filterByState=1&filterByState=3&filterByState=7&filterByState=9
[17:52:18 INF] Sending HTTP request GET http://127.0.0.1:58408/api/order/v1/orderRecord?pageNum=1&pageSize=100&filterByState=1&filterByState=3&filterByState=7&filterByState=9
[17:52:18 INF] Received HTTP response headers after 0.401ms - 200
[17:52:18 INF] End processing HTTP request after 1.2114ms - 200
[17:52:18 INF] HTTP GET /api/onboard/v1/vehicle-safety responded 200 in 4.0588 ms
[17:52:18 INF] Executed DbCommand (0ms) [Parameters=[@__messageId_0='?' (Size = 36)], CommandType='Text', CommandTimeout='30']
SELECT "p"."MessageId", "p"."ContentHash", "p"."FirstResponseJson", "p"."MessageType", "p"."ReceivedAt", "p"."RequestJson"
FROM "ProtocolInbox" AS "p"
WHERE "p"."MessageId" = @__messageId_0
LIMIT 2
[17:52:18 INF] Executed DbCommand (0ms) [Parameters=[@__agvId_0='?' (Size = 10)], CommandType='Text', CommandTimeout='30']
SELECT "s"."AgvId", "s"."ActiveUnlockSlotsJson", "s"."CapabilityHash", "s"."CapabilityRevision", "s"."DepartureSafe", "s"."ForcedRecoveryGeneration", "s"."ManifestSha256", "s"."PendingAttemptIdsJson", "s"."PendingResultIdsJson", "s"."ProfileId", "s"."ProtocolCommit", "s"."ProtocolVersion", "s"."ProvenRecoveryCheckpoint", "s"."Readiness", "s"."ReasonCode", "s"."RecoveryReportId", "s"."ReportedForcedRecoveryGeneration", "s"."SafetyHash", "s"."SafetyReasonCodesJson", "s"."SafetyRevision", "s"."SafetyUnknownPresent", "s"."SessionGeneration", "s"."UnsettledSlotOperationAttemptId", "s"."UpdatedAt"
FROM "SessionRecoveries" AS "s"
WHERE "s"."AgvId" = @__agvId_0
LIMIT 2
[17:52:18 INF] Executed DbCommand (0ms) [Parameters=[@p7='?' (Size = 10), @p0='?' (DbType = Boolean), @p1='?' (Size = 16), @p2='?' (Size = 20), @p3='?' (Size = 64), @p4='?' (Size = 2), @p5='?' (DbType = Int64), @p6='?' (DbType = DateTimeOffset)], CommandType='Text', CommandTimeout='30']
UPDATE "SessionRecoveries" SET "DepartureSafe" = @p0, "Readiness" = @p1, "ReasonCode" = @p2, "SafetyHash" = @p3, "SafetyReasonCodesJson" = @p4, "SafetyRevision" = @p5, "UpdatedAt" = @p6
WHERE "AgvId" = @p7
RETURNING 1;
[17:52:18 INF] Executed DbCommand (0ms) [Parameters=[@__agvId_0='?' (Size = 10)], CommandType='Text', CommandTimeout='30']
SELECT "s"."AgvId", "s"."ActiveUnlockSlotsJson", "s"."CapabilityHash", "s"."CapabilityRevision", "s"."DepartureSafe", "s"."ForcedRecoveryGeneration", "s"."ManifestSha256", "s"."PendingAttemptIdsJson", "s"."PendingResultIdsJson", "s"."ProfileId", "s"."ProtocolCommit", "s"."ProtocolVersion", "s"."ProvenRecoveryCheckpoint", "s"."Readiness", "s"."ReasonCode", "s"."RecoveryReportId", "s"."ReportedForcedRecoveryGeneration", "s"."SafetyHash", "s"."SafetyReasonCodesJson", "s"."SafetyRevision", "s"."SafetyUnknownPresent", "s"."SessionGeneration", "s"."UnsettledSlotOperationAttemptId", "s"."UpdatedAt"
FROM "SessionRecoveries" AS "s"
WHERE "s"."AgvId" = @__agvId_0
LIMIT 2
[17:52:18 INF] Executed DbCommand (0ms) [Parameters=[@__agvId_0='?' (Size = 10)], CommandType='Text', CommandTimeout='30']
SELECT EXISTS (
    SELECT 1
    FROM "StationOperations" AS "s"
    INNER JOIN "JourneyDemands" AS "j" ON "s"."DemandId" = "j"."DemandId"
    INNER JOIN "JourneyRuntimes" AS "j0" ON "j"."JourneyId" = "j0"."JourneyId"
    WHERE "j0"."AgvId" = @__agvId_0 AND "s"."Status" = 'RecoveryRequired')
[17:52:18 INF] Executed DbCommand (0ms) [Parameters=[@p3='?' (Size = 10), @p0='?' (Size = 5), @p1='?' (Size = 5), @p2='?' (DbType = DateTimeOffset)], CommandType='Text', CommandTimeout='30']
UPDATE "SessionRecoveries" SET "Readiness" = @p0, "ReasonCode" = @p1, "UpdatedAt" = @p2
WHERE "AgvId" = @p3
RETURNING 1;
[17:52:18 INF] Executed DbCommand (0ms) [Parameters=[@p0='?' (Size = 36), @p1='?' (Size = 64), @p2='?' (Size = 1236), @p3='?' (Size = 18), @p4='?' (DbType = DateTimeOffset), @p5='?' (Size = 654)], CommandType='Text', CommandTimeout='30']
INSERT INTO "ProtocolInbox" ("MessageId", "ContentHash", "FirstResponseJson", "MessageType", "ReceivedAt", "RequestJson")
VALUES (@p0, @p1, @p2, @p3, @p4, @p5);
[17:52:18 INF] Start processing HTTP request GET http://127.0.0.1:58408/api/imap/v1/mapInfo/stations/25
[17:52:18 INF] Sending HTTP request GET http://127.0.0.1:58408/api/imap/v1/mapInfo/stations/25
[17:52:18 INF] Received HTTP response headers after 0.5949ms - 200
[17:52:18 INF] End processing HTTP request after 2.0609ms - 200
[17:52:18 INF] Executed DbCommand (0ms) [Parameters=[], CommandType='Text', CommandTimeout='30']
SELECT "a"."Id", "a"."ContentHash", "a"."DeploymentId", "a"."ImportedAt", "a"."Version"
FROM "AdmissionPolicyState" AS "a"
WHERE "a"."Id" = 1
LIMIT 2
[17:52:18 INF] Executed DbCommand (0ms) [Parameters=[], CommandType='Text', CommandTimeout='30']
SELECT "j"."JourneyId", "j"."AgvId", "j"."AgvLifecycleGeneration", "j"."BlockReasonCode", "j"."CreatedAt", "j"."CurrentStopSequence", "j"."DispatchGeneration", "j"."DispatchZone", "j"."GateStationId", "j"."GateStationRiotId", "j"."HoldingStartedAt", "j"."LoadingClosedReason", "j"."MapId", "j"."MapIdentity", "j"."NextStopSequence", "j"."OperationSessionId", "j"."PlanRevision", "j"."Stage", "j"."UpdatedAt", "j"."VehicleBusinessRevision", "j"."VehicleKey", "j"."WorklistRevision"
FROM "JourneyRuntimes" AS "j"
WHERE "j"."Stage" <> 'Completed'
[17:52:18 INF] Executed DbCommand (0ms) [Parameters=[@__runtime_JourneyId_0='?' (Size = 36)], CommandType='Text', CommandTimeout='30']
SELECT "j"."JourneyId", "j"."Sequence", "j"."ConsumedSafetyResultMessageId", "j"."CreatedAt", "j"."LegType", "j"."LoadRound", "j"."MovementLegId", "j"."PlanMessageId", "j"."PlanRevision", "j"."PreDepartureSafetyCheckId", "j"."PreDepartureSafetyCheckMessageId", "j"."Role", "j"."RouteEvidenceId", "j"."State", "j"."StationId", "j"."StationRiotId", "j"."SublotWaitStartedAt", "j"."UpdatedAt", "j"."UpperId", "j"."VehicleBusinessMessageId", "j"."VehicleBusinessRevision", "j"."WorklistRevision"
FROM "JourneyStops" AS "j"
WHERE "j"."JourneyId" = @__runtime_JourneyId_0
[17:52:18 INF] Executed DbCommand (0ms) [Parameters=[@__runtime_JourneyId_0='?' (Size = 36)], CommandType='Text', CommandTimeout='30']
SELECT "j"."JourneyId", "j"."DemandId", "j"."ConsumedSublotMessageId", "j"."CreatedAt", "j"."ExpectedBasketCount", "j"."LoadCommandMessageId", "j"."LoadCommandedAt", "j"."LoadSlotOperationAttemptId", "j"."LoadedAt", "j"."State", "j"."StopSequence", "j"."TargetSlotsJson", "j"."UnloadCommandMessageId", "j"."UnloadCommandedAt", "j"."UnloadSlotOperationAttemptId"
FROM "JourneyDemands" AS "j"
WHERE "j"."JourneyId" = @__runtime_JourneyId_0
[17:52:18 INF] Executed DbCommand (0ms) [Parameters=[@__agvId_0='?' (Size = 10)], CommandType='Text', CommandTimeout='30']
SELECT "s"."AgvId", "s"."ActiveUnlockSlotsJson", "s"."CapabilityHash", "s"."CapabilityRevision", "s"."DepartureSafe", "s"."ForcedRecoveryGeneration", "s"."ManifestSha256", "s"."PendingAttemptIdsJson", "s"."PendingResultIdsJson", "s"."ProfileId", "s"."ProtocolCommit", "s"."ProtocolVersion", "s"."ProvenRecoveryCheckpoint", "s"."Readiness", "s"."ReasonCode", "s"."RecoveryReportId", "s"."ReportedForcedRecoveryGeneration", "s"."SafetyHash", "s"."SafetyReasonCodesJson", "s"."SafetyRevision", "s"."SafetyUnknownPresent", "s"."SessionGeneration", "s"."UnsettledSlotOperationAttemptId", "s"."UpdatedAt"
FROM "SessionRecoveries" AS "s"
WHERE "s"."AgvId" = @__agvId_0 AND "s"."Readiness" = 'Ready'
LIMIT 2
[17:52:18 INF] Executed DbCommand (0ms) [Parameters=[], CommandType='Text', CommandTimeout='30']
SELECT "p"."MessageId", "p"."AcknowledgedAt", "p"."CreatedAt", "p"."FencedAt", "p"."MessageType", "p"."PayloadJson"
FROM "ProtocolOutbox" AS "p"
WHERE "p"."AcknowledgedAt" IS NULL AND "p"."FencedAt" IS NULL
[17:52:18 INF] Executed DbCommand (0ms) [Parameters=[@__unloading_UnloadSlotOperationAttemptId_0='?' (Size = 36)], CommandType='Text', CommandTimeout='30']
SELECT "s"."SlotOperationAttemptId", "s"."CommittedAt", "s"."ContentHash", "s"."CreatedAt", "s"."DemandId", "s"."EvidenceJson", "s"."ForcedRecoveryGeneration", "s"."OperationType", "s"."Status", "s"."SublotId", "s"."TargetSlotsJson"
FROM "StationOperations" AS "s"
WHERE "s"."SlotOperationAttemptId" = @__unloading_UnloadSlotOperationAttemptId_0
LIMIT 2
[17:52:18 INF] Executed DbCommand (0ms) [Parameters=[@__unloading_DemandId_0='?' (Size = 36)], CommandType='Text', CommandTimeout='30']
SELECT "a"."DemandId", "a"."AcceptedAt", "a"."CatalogRevision", "a"."CreatedAt", "a"."DemandRevision", "a"."Generation", "a"."HistoryEpoch", "a"."LiveMesFieldsJson", "a"."SeriesId", "a"."Status", "a"."Sublot", "a"."TransportDemandKey", "a"."ValueObservedAt", "a"."ValuePollTraceId", "a"."ValueProjectionCommitId", "a"."WorkType"
FROM "AcceptedDemands" AS "a"
WHERE "a"."DemandId" = @__unloading_DemandId_0
LIMIT 2
[17:52:18 INF] Executed DbCommand (0ms) [Parameters=[@__messageId_0='?' (Size = 36)], CommandType='Text', CommandTimeout='30']
SELECT "p"."MessageId", "p"."ContentHash", "p"."FirstResponseJson", "p"."MessageType", "p"."ReceivedAt", "p"."RequestJson"
FROM "ProtocolInbox" AS "p"
WHERE "p"."MessageId" = @__messageId_0
LIMIT 2
[17:52:18 INF] Executed DbCommand (0ms) [Parameters=[@p0='?' (Size = 36), @p1='?' (Size = 64), @p2='?' (Size = 665), @p3='?' (Size = 17), @p4='?' (DbType = DateTimeOffset), @p5='?' (Size = 572)], CommandType='Text', CommandTimeout='30']
INSERT INTO "ProtocolInbox" ("MessageId", "ContentHash", "FirstResponseJson", "MessageType", "ReceivedAt", "RequestJson")
VALUES (@p0, @p1, @p2, @p3, @p4, @p5);
[17:52:18 INF] Executed DbCommand (0ms) [Parameters=[@__messageId_0='?' (Size = 36)], CommandType='Text', CommandTimeout='30']
SELECT "p"."MessageId", "p"."ContentHash", "p"."FirstResponseJson", "p"."MessageType", "p"."ReceivedAt", "p"."RequestJson"
FROM "ProtocolInbox" AS "p"
WHERE "p"."MessageId" = @__messageId_0
LIMIT 2
[17:52:18 INF] Executed DbCommand (0ms) [Parameters=[@p0='?' (Size = 36), @p1='?' (Size = 64), @p2='?' (Size = 665), @p3='?' (Size = 17), @p4='?' (DbType = DateTimeOffset), @p5='?' (Size = 574)], CommandType='Text', CommandTimeout='30']
INSERT INTO "ProtocolInbox" ("MessageId", "ContentHash", "FirstResponseJson", "MessageType", "ReceivedAt", "RequestJson")
VALUES (@p0, @p1, @p2, @p3, @p4, @p5);
[17:52:18 INF] Executed DbCommand (0ms) [Parameters=[@__messageId_0='?' (Size = 36)], CommandType='Text', CommandTimeout='30']
SELECT "p"."MessageId", "p"."ContentHash", "p"."FirstResponseJson", "p"."MessageType", "p"."ReceivedAt", "p"."RequestJson"
FROM "ProtocolInbox" AS "p"
WHERE "p"."MessageId" = @__messageId_0
LIMIT 2
[17:52:18 INF] Executed DbCommand (0ms) [Parameters=[@__slotOperationAttemptId_0='?' (Size = 36)], CommandType='Text', CommandTimeout='30']
SELECT "s"."ForcedRecoveryGeneration"
FROM "StationOperations" AS "s"
WHERE "s"."SlotOperationAttemptId" = @__slotOperationAttemptId_0
LIMIT 2
[17:52:18 INF] Executed DbCommand (0ms) [Parameters=[@__result_ResultId_0='?' (Size = 36)], CommandType='Text', CommandTimeout='30']
SELECT "o"."ResultId", "o"."AgvId", "o"."ContentHash", "o"."EvidenceJson", "o"."ForcedRecoveryGeneration", "o"."HistoricalOnly", "o"."ObservedAt", "o"."OverallOutcome", "o"."ReceivedAt", "o"."ResultContentSha256", "o"."SlotOperationAttemptId", "o"."SupersededByResultId"
FROM "OperationResults" AS "o"
WHERE "o"."ResultId" = @__result_ResultId_0
LIMIT 2
[17:52:18 INF] Executed DbCommand (0ms) [Parameters=[@__result_SlotOperationAttemptId_0='?' (Size = 36), @__forcedRecoveryGeneration_1='?' (DbType = Int64)], CommandType='Text', CommandTimeout='30']
SELECT "o"."ResultId", "o"."AgvId", "o"."ContentHash", "o"."EvidenceJson", "o"."ForcedRecoveryGeneration", "o"."HistoricalOnly", "o"."ObservedAt", "o"."OverallOutcome", "o"."ReceivedAt", "o"."ResultContentSha256", "o"."SlotOperationAttemptId", "o"."SupersededByResultId"
FROM "OperationResults" AS "o"
WHERE "o"."SlotOperationAttemptId" = @__result_SlotOperationAttemptId_0 AND "o"."ForcedRecoveryGeneration" = @__forcedRecoveryGeneration_1 AND "o"."SupersededByResultId" IS NULL
[17:52:18 INF] Executed DbCommand (0ms) [Parameters=[@__agvId_0='?' (Size = 10)], CommandType='Text', CommandTimeout='30']
SELECT "v"."ForcedRecoveryGeneration"
FROM "VehicleRecoveryGenerations" AS "v"
WHERE "v"."AgvId" = @__agvId_0
LIMIT 2
[17:52:18 INF] Executed DbCommand (0ms) [Parameters=[@__result_SlotOperationAttemptId_0='?' (Size = 36)], CommandType='Text', CommandTimeout='30']
SELECT "s"."SlotOperationAttemptId", "s"."CommittedAt", "s"."ContentHash", "s"."CreatedAt", "s"."DemandId", "s"."EvidenceJson", "s"."ForcedRecoveryGeneration", "s"."OperationType", "s"."Status", "s"."SublotId", "s"."TargetSlotsJson"
FROM "StationOperations" AS "s"
WHERE "s"."SlotOperationAttemptId" = @__result_SlotOperationAttemptId_0
LIMIT 2
[17:52:18 INF] Executed DbCommand (0ms) [Parameters=[@__result_DemandId_0='?' (Size = 36)], CommandType='Text', CommandTimeout='30']
SELECT "a"."DemandId", "a"."AcceptedAt", "a"."CatalogRevision", "a"."CreatedAt", "a"."DemandRevision", "a"."Generation", "a"."HistoryEpoch", "a"."LiveMesFieldsJson", "a"."SeriesId", "a"."Status", "a"."Sublot", "a"."TransportDemandKey", "a"."ValueObservedAt", "a"."ValuePollTraceId", "a"."ValueProjectionCommitId", "a"."WorkType"
FROM "AcceptedDemands" AS "a"
WHERE "a"."DemandId" = @__result_DemandId_0
LIMIT 2
[17:52:18 INF] Executed DbCommand (0ms) [Parameters=[@__demand_TransportDemandKey_0='?' (Size = 46)], CommandType='Text', CommandTimeout='30']
SELECT "t"."TransportDemandKey", "t"."CompletedAt", "t"."DemandId", "t"."DemandRevision", "t"."Evidence"
FROM "TransportDemandCompletions" AS "t"
WHERE "t"."TransportDemandKey" = @__demand_TransportDemandKey_0
LIMIT 2
[17:52:18 INF] Executed DbCommand (0ms) [Parameters=[@__demandId_0='?' (Size = 36)], CommandType='Text', CommandTimeout='30']
SELECT "j"."JourneyId", "j"."DemandId", "j"."ConsumedSublotMessageId", "j"."CreatedAt", "j"."ExpectedBasketCount", "j"."LoadCommandMessageId", "j"."LoadCommandedAt", "j"."LoadSlotOperationAttemptId", "j"."LoadedAt", "j"."State", "j"."StopSequence", "j"."TargetSlotsJson", "j"."UnloadCommandMessageId", "j"."UnloadCommandedAt", "j"."UnloadSlotOperationAttemptId"
FROM "JourneyDemands" AS "j"
WHERE "j"."DemandId" = @__demandId_0
LIMIT 2
[17:52:18 INF] Executed DbCommand (0ms) [Parameters=[@__journeyId_0='?' (Size = 36), @__demandId_1='?' (Size = 36)], CommandType='Text', CommandTimeout='30']
SELECT EXISTS (
    SELECT 1
    FROM "JourneyDemands" AS "j"
    WHERE "j"."JourneyId" = @__journeyId_0 AND "j"."DemandId" <> @__demandId_1 AND "j"."State" IN ('Planned', 'Loaded'))
[17:52:18 INF] Executed DbCommand (0ms) [Parameters=[@__journeyId_0='?' (Size = 36)], CommandType='Text', CommandTimeout='30']
SELECT "v"."JourneyId", "v"."AcquiredAt", "v"."ReleasedAt", "v"."VehicleKey"
FROM "VehicleDispatchLeases" AS "v"
WHERE "v"."JourneyId" = @__journeyId_0
LIMIT 2
[17:52:18 INF] Executed DbCommand (0ms) [Parameters=[@p1='?' (Size = 36), @p0='?' (Size = 9)], CommandType='Text', CommandTimeout='30']
UPDATE "AcceptedDemands" SET "Status" = @p0
WHERE "DemandId" = @p1
RETURNING 1;
[17:52:18 INF] Executed DbCommand (0ms) [Parameters=[@p1='?' (Size = 36), @p2='?' (Size = 36), @p0='?' (Size = 8)], CommandType='Text', CommandTimeout='30']
UPDATE "JourneyDemands" SET "State" = @p0
WHERE "DemandId" = @p1 AND "JourneyId" = @p2
RETURNING 1;
[17:52:18 INF] Executed DbCommand (0ms) [Parameters=[@p0='?' (Size = 36), @p1='?' (Size = 10), @p2='?' (Size = 64), @p3='?' (Size = 71), @p4='?' (DbType = Int64), @p5='?' (DbType = Boolean), @p6='?' (DbType = DateTimeOffset), @p7='?' (Size = 9), @p8='?' (DbType = DateTimeOffset), @p9='?' (Size = 64), @p10='?' (Size = 36), @p11='?'], CommandType='Text', CommandTimeout='30']
INSERT INTO "OperationResults" ("ResultId", "AgvId", "ContentHash", "EvidenceJson", "ForcedRecoveryGeneration", "HistoricalOnly", "ObservedAt", "OverallOutcome", "ReceivedAt", "ResultContentSha256", "SlotOperationAttemptId", "SupersededByResultId")
VALUES (@p0, @p1, @p2, @p3, @p4, @p5, @p6, @p7, @p8, @p9, @p10, @p11);
[17:52:18 INF] Executed DbCommand (0ms) [Parameters=[@p3='?' (Size = 36), @p0='?' (DbType = DateTimeOffset), @p1='?' (Size = 71), @p2='?' (Size = 9)], CommandType='Text', CommandTimeout='30']
UPDATE "StationOperations" SET "CommittedAt" = @p0, "EvidenceJson" = @p1, "Status" = @p2
WHERE "SlotOperationAttemptId" = @p3
RETURNING 1;
[17:52:18 INF] Executed DbCommand (0ms) [Parameters=[@p0='?' (Size = 36), @p1='?' (DbType = DateTimeOffset)], CommandType='Text', CommandTimeout='30']
INSERT INTO "StopClosures" ("DemandId", "CommittedAt")
VALUES (@p0, @p1);
[17:52:18 INF] Executed DbCommand (0ms) [Parameters=[@p0='?' (Size = 46), @p1='?' (DbType = DateTimeOffset), @p2='?' (Size = 36), @p3='?' (DbType = Int64), @p4='?' (Size = 64)], CommandType='Text', CommandTimeout='30']
INSERT INTO "TransportDemandCompletions" ("TransportDemandKey", "CompletedAt", "DemandId", "DemandRevision", "Evidence")
VALUES (@p0, @p1, @p2, @p3, @p4);
[17:52:18 INF] Executed DbCommand (0ms) [Parameters=[@p0='?' (Size = 36), @p1='?' (DbType = DateTimeOffset), @p2='?' (Size = 36), @p3='?' (Size = 71)], CommandType='Text', CommandTimeout='30']
INSERT INTO "UnloadBatches" ("UnloadBatchId", "CompletedAt", "DemandId", "EvidenceJson")
VALUES (@p0, @p1, @p2, @p3);
[17:52:18 INF] Executed DbCommand (0ms) [Parameters=[@p1='?' (Size = 36), @p0='?' (DbType = DateTimeOffset)], CommandType='Text', CommandTimeout='30']
UPDATE "VehicleDispatchLeases" SET "ReleasedAt" = @p0
WHERE "JourneyId" = @p1
RETURNING 1;
[17:52:18 INF] Executed DbCommand (0ms) [Parameters=[@__slotOperationAttemptId_0='?' (Size = 36)], CommandType='Text', CommandTimeout='30']
SELECT "r"."WorkflowId", "r"."AgvId", "r"."CommandContentHash", "r"."CommandMessageId", "r"."CommandMessageType", "r"."CreatedAt", "r"."DemandId", "r"."ExceptionRecoverySessionId", "r"."ForcedRecoveryGeneration", "r"."HandoffId", "r"."Outcome", "r"."RequestContentHash", "r"."RequestMessageId", "r"."ResultContentHash", "r"."ResultMessageId", "r"."SlotOperationAttemptId", "r"."SlotsJson", "r"."State", "r"."UpdatedAt", "r"."WorkflowType"
FROM "RecoveryWorkflows" AS "r"
WHERE "r"."WorkflowType" = 'RESUME_AFTER_REPAIR' AND "r"."SlotOperationAttemptId" = @__slotOperationAttemptId_0 AND "r"."State" <> 'Reconciled' AND "r"."State" <> 'HistoricalOnly'
LIMIT 2
[17:52:18 INF] Executed DbCommand (0ms) [Parameters=[@__agvId_0='?' (Size = 10)], CommandType='Text', CommandTimeout='30']
SELECT "s"."AgvId", "s"."ActiveUnlockSlotsJson", "s"."CapabilityHash", "s"."CapabilityRevision", "s"."DepartureSafe", "s"."ForcedRecoveryGeneration", "s"."ManifestSha256", "s"."PendingAttemptIdsJson", "s"."PendingResultIdsJson", "s"."ProfileId", "s"."ProtocolCommit", "s"."ProtocolVersion", "s"."ProvenRecoveryCheckpoint", "s"."Readiness", "s"."ReasonCode", "s"."RecoveryReportId", "s"."ReportedForcedRecoveryGeneration", "s"."SafetyHash", "s"."SafetyReasonCodesJson", "s"."SafetyRevision", "s"."SafetyUnknownPresent", "s"."SessionGeneration", "s"."UnsettledSlotOperationAttemptId", "s"."UpdatedAt"
FROM "SessionRecoveries" AS "s"
WHERE "s"."AgvId" = @__agvId_0
LIMIT 2
[17:52:18 INF] Executed DbCommand (0ms) [Parameters=[@__agvId_0='?' (Size = 10)], CommandType='Text', CommandTimeout='30']
SELECT EXISTS (
    SELECT 1
    FROM "StationOperations" AS "s"
    INNER JOIN "JourneyDemands" AS "j" ON "s"."DemandId" = "j"."DemandId"
    INNER JOIN "JourneyRuntimes" AS "j0" ON "j"."JourneyId" = "j0"."JourneyId"
    WHERE "j0"."AgvId" = @__agvId_0 AND "s"."Status" = 'RecoveryRequired')
[17:52:18 INF] Executed DbCommand (0ms) [Parameters=[@p1='?' (Size = 10), @p0='?' (DbType = DateTimeOffset)], CommandType='Text', CommandTimeout='30']
UPDATE "SessionRecoveries" SET "UpdatedAt" = @p0
WHERE "AgvId" = @p1
RETURNING 1;
[17:52:18 INF] Executed DbCommand (0ms) [Parameters=[@p0='?' (Size = 36), @p1='?' (Size = 64), @p2='?' (Size = 663), @p3='?' (Size = 15), @p4='?' (DbType = DateTimeOffset), @p5='?' (Size = 887)], CommandType='Text', CommandTimeout='30']
INSERT INTO "ProtocolInbox" ("MessageId", "ContentHash", "FirstResponseJson", "MessageType", "ReceivedAt", "RequestJson")
VALUES (@p0, @p1, @p2, @p3, @p4, @p5);
[17:52:18 INF] Executed DbCommand (0ms) [Parameters=[], CommandType='Text', CommandTimeout='30']
SELECT "p"."MessageId", "p"."AcknowledgedAt", "p"."CreatedAt", "p"."FencedAt", "p"."MessageType", "p"."PayloadJson"
FROM "ProtocolOutbox" AS "p"
WHERE "p"."MessageType" = 'ExceptionRecoverySessionSnapshot' AND "p"."AcknowledgedAt" IS NULL AND "p"."FencedAt" IS NULL
[17:52:19 INF] Start processing HTTP request GET http://127.0.0.1:58408/api/task/v1/task/getVehicleInfo/BROKERX-L2-0001
[17:52:19 INF] Sending HTTP request GET http://127.0.0.1:58408/api/task/v1/task/getVehicleInfo/BROKERX-L2-0001
[17:52:19 INF] Received HTTP response headers after 0.4537ms - 200
[17:52:19 INF] End processing HTTP request after 3.708ms - 200
[17:52:19 INF] Start processing HTTP request GET http://127.0.0.1:58408/api/order/v1/orderRecord?pageNum=1&pageSize=100&filterByState=1&filterByState=3&filterByState=7&filterByState=9
[17:52:19 INF] Sending HTTP request GET http://127.0.0.1:58408/api/order/v1/orderRecord?pageNum=1&pageSize=100&filterByState=1&filterByState=3&filterByState=7&filterByState=9
[17:52:19 INF] Received HTTP response headers after 0.3653ms - 200
[17:52:19 INF] End processing HTTP request after 1.0483ms - 200
[17:52:19 INF] HTTP GET /api/onboard/v1/vehicle-safety responded 200 in 5.9672 ms
[17:52:20 INF] Start processing HTTP request GET http://127.0.0.1:58408/api/task/v1/task/getVehicleInfo/BROKERX-L2-0001
[17:52:20 INF] Sending HTTP request GET http://127.0.0.1:58408/api/task/v1/task/getVehicleInfo/BROKERX-L2-0001
[17:52:20 INF] Received HTTP response headers after 0.4474ms - 200
[17:52:20 INF] End processing HTTP request after 1.7292ms - 200
[17:52:20 INF] Start processing HTTP request GET http://127.0.0.1:58408/api/order/v1/orderRecord?pageNum=1&pageSize=100&filterByState=1&filterByState=3&filterByState=7&filterByState=9
[17:52:20 INF] Sending HTTP request GET http://127.0.0.1:58408/api/order/v1/orderRecord?pageNum=1&pageSize=100&filterByState=1&filterByState=3&filterByState=7&filterByState=9
[17:52:20 INF] Received HTTP response headers after 0.363ms - 200
[17:52:20 INF] End processing HTTP request after 1.0878ms - 200
[17:52:20 INF] HTTP GET /api/onboard/v1/vehicle-safety responded 200 in 3.7220 ms
[17:52:20 INF] Start processing HTTP request GET http://127.0.0.1:58408/api/imap/v1/mapInfo/stations/25
[17:52:20 INF] Sending HTTP request GET http://127.0.0.1:58408/api/imap/v1/mapInfo/stations/25
[17:52:20 INF] Received HTTP response headers after 0.5503ms - 200
[17:52:20 INF] End processing HTTP request after 3.8648ms - 200
[17:52:20 INF] Executed DbCommand (0ms) [Parameters=[], CommandType='Text', CommandTimeout='30']
SELECT "a"."Id", "a"."ContentHash", "a"."DeploymentId", "a"."ImportedAt", "a"."Version"
FROM "AdmissionPolicyState" AS "a"
WHERE "a"."Id" = 1
LIMIT 2
[17:52:20 INF] Executed DbCommand (0ms) [Parameters=[], CommandType='Text', CommandTimeout='30']
SELECT "j"."JourneyId", "j"."AgvId", "j"."AgvLifecycleGeneration", "j"."BlockReasonCode", "j"."CreatedAt", "j"."CurrentStopSequence", "j"."DispatchGeneration", "j"."DispatchZone", "j"."GateStationId", "j"."GateStationRiotId", "j"."HoldingStartedAt", "j"."LoadingClosedReason", "j"."MapId", "j"."MapIdentity", "j"."NextStopSequence", "j"."OperationSessionId", "j"."PlanRevision", "j"."Stage", "j"."UpdatedAt", "j"."VehicleBusinessRevision", "j"."VehicleKey", "j"."WorklistRevision"
FROM "JourneyRuntimes" AS "j"
WHERE "j"."Stage" <> 'Completed'
[17:52:20 INF] Executed DbCommand (0ms) [Parameters=[@__runtime_JourneyId_0='?' (Size = 36)], CommandType='Text', CommandTimeout='30']
SELECT "j"."JourneyId", "j"."Sequence", "j"."ConsumedSafetyResultMessageId", "j"."CreatedAt", "j"."LegType", "j"."LoadRound", "j"."MovementLegId", "j"."PlanMessageId", "j"."PlanRevision", "j"."PreDepartureSafetyCheckId", "j"."PreDepartureSafetyCheckMessageId", "j"."Role", "j"."RouteEvidenceId", "j"."State", "j"."StationId", "j"."StationRiotId", "j"."SublotWaitStartedAt", "j"."UpdatedAt", "j"."UpperId", "j"."VehicleBusinessMessageId", "j"."VehicleBusinessRevision", "j"."WorklistRevision"
FROM "JourneyStops" AS "j"
WHERE "j"."JourneyId" = @__runtime_JourneyId_0
[17:52:20 INF] Executed DbCommand (0ms) [Parameters=[@__runtime_JourneyId_0='?' (Size = 36)], CommandType='Text', CommandTimeout='30']
SELECT "j"."JourneyId", "j"."DemandId", "j"."ConsumedSublotMessageId", "j"."CreatedAt", "j"."ExpectedBasketCount", "j"."LoadCommandMessageId", "j"."LoadCommandedAt", "j"."LoadSlotOperationAttemptId", "j"."LoadedAt", "j"."State", "j"."StopSequence", "j"."TargetSlotsJson", "j"."UnloadCommandMessageId", "j"."UnloadCommandedAt", "j"."UnloadSlotOperationAttemptId"
FROM "JourneyDemands" AS "j"
WHERE "j"."JourneyId" = @__runtime_JourneyId_0
[17:52:20 INF] Executed DbCommand (0ms) [Parameters=[@__agvId_0='?' (Size = 10)], CommandType='Text', CommandTimeout='30']
SELECT "s"."AgvId", "s"."ActiveUnlockSlotsJson", "s"."CapabilityHash", "s"."CapabilityRevision", "s"."DepartureSafe", "s"."ForcedRecoveryGeneration", "s"."ManifestSha256", "s"."PendingAttemptIdsJson", "s"."PendingResultIdsJson", "s"."ProfileId", "s"."ProtocolCommit", "s"."ProtocolVersion", "s"."ProvenRecoveryCheckpoint", "s"."Readiness", "s"."ReasonCode", "s"."RecoveryReportId", "s"."ReportedForcedRecoveryGeneration", "s"."SafetyHash", "s"."SafetyReasonCodesJson", "s"."SafetyRevision", "s"."SafetyUnknownPresent", "s"."SessionGeneration", "s"."UnsettledSlotOperationAttemptId", "s"."UpdatedAt"
FROM "SessionRecoveries" AS "s"
WHERE "s"."AgvId" = @__agvId_0 AND "s"."Readiness" = 'Ready'
LIMIT 2
[17:52:20 INF] Executed DbCommand (0ms) [Parameters=[], CommandType='Text', CommandTimeout='30']
SELECT "p"."MessageId", "p"."AcknowledgedAt", "p"."CreatedAt", "p"."FencedAt", "p"."MessageType", "p"."PayloadJson"
FROM "ProtocolOutbox" AS "p"
WHERE "p"."AcknowledgedAt" IS NULL AND "p"."FencedAt" IS NULL
[17:52:20 INF] Executed DbCommand (0ms) [Parameters=[@__messageId_0='?' (Size = 36)], CommandType='Text', CommandTimeout='30']
SELECT "p"."MessageId", "p"."AcknowledgedAt", "p"."CreatedAt", "p"."FencedAt", "p"."MessageType", "p"."PayloadJson"
FROM "ProtocolOutbox" AS "p"
WHERE "p"."MessageId" = @__messageId_0
LIMIT 2
[17:52:20 INF] Executed DbCommand (0ms) [Parameters=[@p1='?' (Size = 36), @p0='?' (DbType = DateTimeOffset)], CommandType='Text', CommandTimeout='30']
UPDATE "ProtocolOutbox" SET "AcknowledgedAt" = @p0
WHERE "MessageId" = @p1
RETURNING 1;
[17:52:20 INF] Executed DbCommand (0ms) [Parameters=[@p2='?' (Size = 36), @p0='?' (Size = 9), @p1='?' (DbType = DateTimeOffset)], CommandType='Text', CommandTimeout='30']
UPDATE "JourneyRuntimes" SET "Stage" = @p0, "UpdatedAt" = @p1
WHERE "JourneyId" = @p2
RETURNING 1;
[17:52:20 INF] Executed DbCommand (0ms) [Parameters=[@p2='?' (Size = 36), @p3='?' (DbType = Int32), @p0='?' (Size = 9), @p1='?' (DbType = DateTimeOffset)], CommandType='Text', CommandTimeout='30']
UPDATE "JourneyStops" SET "State" = @p0, "UpdatedAt" = @p1
WHERE "JourneyId" = @p2 AND "Sequence" = @p3
RETURNING 1;
[17:52:21 INF] Executed DbCommand (0ms) [Parameters=[@__messageId_0='?' (Size = 36)], CommandType='Text', CommandTimeout='30']
SELECT "p"."MessageId", "p"."ContentHash", "p"."FirstResponseJson", "p"."MessageType", "p"."ReceivedAt", "p"."RequestJson"
FROM "ProtocolInbox" AS "p"
WHERE "p"."MessageId" = @__messageId_0
LIMIT 2
[17:52:21 INF] Executed DbCommand (0ms) [Parameters=[@p0='?' (Size = 36), @p1='?' (Size = 64), @p2='?' (Size = 535), @p3='?' (Size = 9), @p4='?' (DbType = DateTimeOffset), @p5='?' (Size = 428)], CommandType='Text', CommandTimeout='30']
INSERT INTO "ProtocolInbox" ("MessageId", "ContentHash", "FirstResponseJson", "MessageType", "ReceivedAt", "RequestJson")
VALUES (@p0, @p1, @p2, @p3, @p4, @p5);
