round	scenario	relativePath	bytes	sha256
5f3adc42	g3-automatic-charging-cycle	scenarios/g3-automatic-charging-cycle/logs/build.log	2464	dce4a7ea6250f3f11dfbe3ff74730494404e7f3d4db71c0ba64711074f00dc33
5f3adc42	g3-automatic-charging-cycle	scenarios/g3-automatic-charging-cycle/logs/control-server.err.log	0	e3b0c44298fc1c149afbf4c8996fb92427ae41e4649b934ca495991b7852b855
5f3adc42	g3-automatic-charging-cycle	scenarios/g3-automatic-charging-cycle/logs/control-server.out.log	5499112	322321a8f3d9bf9b190959aa2969cc7cd183c15979a193d179f59f714af6dfc8
5f3adc42	g3-automatic-charging-cycle	scenarios/g3-automatic-charging-cycle/logs/fake-mes-ingest.err.log	0	e3b0c44298fc1c149afbf4c8996fb92427ae41e4649b934ca495991b7852b855
5f3adc42	g3-automatic-charging-cycle	scenarios/g3-automatic-charging-cycle/logs/fake-mes-ingest.out.log	87513	989900fc5db31a37bf6cd18971b9adbcc44f3bfa30f1726fcd3155cfd71d9c21
5f3adc42	g3-automatic-charging-cycle	scenarios/g3-automatic-charging-cycle/logs/fake-riot.err.log	0	e3b0c44298fc1c149afbf4c8996fb92427ae41e4649b934ca495991b7852b855
5f3adc42	g3-automatic-charging-cycle	scenarios/g3-automatic-charging-cycle/logs/fake-riot.out.log	986245	5bb683ea3cf7bbd22bc612846cf8ee99b5c1a0b0b9863e21dd373a5dd23aa344
5f3adc42	g3-automatic-charging-cycle	scenarios/g3-automatic-charging-cycle/logs/onboard-hmi.err.log	0	e3b0c44298fc1c149afbf4c8996fb92427ae41e4649b934ca495991b7852b855
5f3adc42	g3-automatic-charging-cycle	scenarios/g3-automatic-charging-cycle/logs/onboard-hmi.out.log	0	e3b0c44298fc1c149afbf4c8996fb92427ae41e4649b934ca495991b7852b855
5f3adc42	g3-automatic-charging-cycle	scenarios/g3-automatic-charging-cycle/logs/package-capacity-import.err.log	0	e3b0c44298fc1c149afbf4c8996fb92427ae41e4649b934ca495991b7852b855
5f3adc42	g3-automatic-charging-cycle	scenarios/g3-automatic-charging-cycle/logs/package-capacity-import.out.log	162552	844da21096063b6c75634489b3efe310cc298c7d2469b6e2b74a4bf28768e615
5f3adc42	g3-automatic-charging-cycle	scenarios/g3-automatic-charging-cycle/logs/slots-simulator.err.log	0	e3b0c44298fc1c149afbf4c8996fb92427ae41e4649b934ca495991b7852b855
5f3adc42	g3-automatic-charging-cycle	scenarios/g3-automatic-charging-cycle/logs/slots-simulator.out.log	0	e3b0c44298fc1c149afbf4c8996fb92427ae41e4649b934ca495991b7852b855
5f3adc42	g3-automatic-charging-cycle	scenarios/g3-automatic-charging-cycle/logs/onboard-app/agv-20261010.log	13746	187c76105daf39f166f5fd52d215e992a69fe331b495c3458878143db7768e62
5f3adc42	g3-automatic-charging-cycle	scenarios/g3-automatic-charging-cycle/snapshots/charger-roster-open-catalog-25.json	332	ccb2b9e7f5c60ca2262a319256b6c189c1367488c4870e083bc996efa7fb3ef3
5f3adc42	g3-automatic-charging-cycle	scenarios/g3-automatic-charging-cycle/snapshots/charger-roster-open.json	402	1dd081a80e55282b17a5fd259484cdc226aabafcd6bc3966b93442b1a8753fd5
5f3adc42	g3-automatic-charging-cycle	scenarios/g3-automatic-charging-cycle/snapshots/db-AcceptedDemands.json	851	c7d9cf2560e0c85fe640c632b96320bdfd8f93d846c59940a3488782df032142
5f3adc42	g3-automatic-charging-cycle	scenarios/g3-automatic-charging-cycle/snapshots/db-ActiveSlotConfigurations.json	0	e3b0c44298fc1c149afbf4c8996fb92427ae41e4649b934ca495991b7852b855
5f3adc42	g3-automatic-charging-cycle	scenarios/g3-automatic-charging-cycle/snapshots/db-BusinessAuditRecords.json	7186	bc0d860bdffda2d4a3bedbb36c570796f1f31ec6bcf3769003f0a41908ce78ff
5f3adc42	g3-automatic-charging-cycle	scenarios/g3-automatic-charging-cycle/snapshots/db-ChargerRosterEntries.json	142	15ef77fd33e3610d9265eb31d5c5e18df63502ab47e7a4eb7dee827f423cc729
5f3adc42	g3-automatic-charging-cycle	scenarios/g3-automatic-charging-cycle/snapshots/db-ChargerRosterVersions.json	439	2b57c988c77d8ca95bb2c17e0449ff5f4667c4eefcf3ee24afb4351d4c210aa5
5f3adc42	g3-automatic-charging-cycle	scenarios/g3-automatic-charging-cycle/snapshots/db-ChargingPolicyActivations.json	189	324a8413cbcfecd94848ca7e9ad03e2e167688d639aae1aeadd95379e0a85905
5f3adc42	g3-automatic-charging-cycle	scenarios/g3-automatic-charging-cycle/snapshots/db-ChargingPolicyApprovals.json	282	aa09ced116b152aee63b65775e48ccc68ba634e7f0e09635d9b802c1b1ceb147
5f3adc42	g3-automatic-charging-cycle	scenarios/g3-automatic-charging-cycle/snapshots/db-ChargingPolicyVehicleScopes.json	0	e3b0c44298fc1c149afbf4c8996fb92427ae41e4649b934ca495991b7852b855
5f3adc42	g3-automatic-charging-cycle	scenarios/g3-automatic-charging-cycle/snapshots/db-ChargingPolicyVersions.json	632	034b3146eb0cf58c10b03e38ea2b7755a91dfd20ec35b5794c5bee56df1fc6b7
5f3adc42	g3-automatic-charging-cycle	scenarios/g3-automatic-charging-cycle/snapshots/db-CreateGateAudit.json	447	b459946593439406e653eb93992c4f32b022ae42dcd1982eae599cb025da8b4a
5f3adc42	g3-automatic-charging-cycle	scenarios/g3-automatic-charging-cycle/snapshots/db-DispatchZoneAreaAssignments.json	377	ffd7aa7365bc86efef17a319718d4204d0b1a59ba4472d7aa02a7a181ceaee9c
5f3adc42	g3-automatic-charging-cycle	scenarios/g3-automatic-charging-cycle/snapshots/db-DispatchZoneAreaAssignmentVersions.json	234	b4605f915d690926ea201f4587e9264f9786d172f7ac9ab4bd270b3f308094f7
5f3adc42	g3-automatic-charging-cycle	scenarios/g3-automatic-charging-cycle/snapshots/db-DispatchZoneParameters.json	0	e3b0c44298fc1c149afbf4c8996fb92427ae41e4649b934ca495991b7852b855
5f3adc42	g3-automatic-charging-cycle	scenarios/g3-automatic-charging-cycle/snapshots/db-DispatchZoneParameterVersions.json	0	e3b0c44298fc1c149afbf4c8996fb92427ae41e4649b934ca495991b7852b855
5f3adc42	g3-automatic-charging-cycle	scenarios/g3-automatic-charging-cycle/snapshots/db-ExceptionRecoverySessions.json	0	e3b0c44298fc1c149afbf4c8996fb92427ae41e4649b934ca495991b7852b855
5f3adc42	g3-automatic-charging-cycle	scenarios/g3-automatic-charging-cycle/snapshots/db-FrozenDemandStations.json	668	6441e001180aa6ec3c9189b227d258b1894789b2451bf827214ec9a408709572
5f3adc42	g3-automatic-charging-cycle	scenarios/g3-automatic-charging-cycle/snapshots/db-JourneyBacklog.json	570	4d1fabdba88dadfffb26a2a80b5f85cb40208849d64cd96ee219aa974027f046
5f3adc42	g3-automatic-charging-cycle	scenarios/g3-automatic-charging-cycle/snapshots/db-JourneyDemands.json	875	d39ddd1132a3e8bfb6245b94da7f980afa1f29db2e425d932595cf1a044c0ec4
5f3adc42	g3-automatic-charging-cycle	scenarios/g3-automatic-charging-cycle/snapshots/db-JourneyRuntimes.json	5349	dd7df3940b313d60c228b0a73bd8c3d8c396f2e2a151d8ca7d5863aaf963765b
5f3adc42	g3-automatic-charging-cycle	scenarios/g3-automatic-charging-cycle/snapshots/db-JourneyStops.json	2854	b9beebdf9d19c39bb2fd702e4fc1e194b25b5b3d7c2827919b288242e281290b
5f3adc42	g3-automatic-charging-cycle	scenarios/g3-automatic-charging-cycle/snapshots/db-MapStationCatalogStates.json	370	53a6d808dc41fa10517b5757c82bf1fe580bcc7ed64a2c4c5c638dfbfadb7e22
5f3adc42	g3-automatic-charging-cycle	scenarios/g3-automatic-charging-cycle/snapshots/db-OnboardAlarmSnapshots.json	213	471f2f6794867275c6b2f4cd90623050842426639fe88f97581bca925ea98747
5f3adc42	g3-automatic-charging-cycle	scenarios/g3-automatic-charging-cycle/snapshots/db-OperationResults.json	1401	98f8eb53f27c80daeffec7527ab8724913cc55f523106a6956b07cd3536e9ac8
5f3adc42	g3-automatic-charging-cycle	scenarios/g3-automatic-charging-cycle/snapshots/db-OrderIntents.json	4725	084bf105f1225d808e63b17a1ed807c9aecc95ed15a28b74f714954f7032ac0f
5f3adc42	g3-automatic-charging-cycle	scenarios/g3-automatic-charging-cycle/snapshots/db-OwnOrderRebuilds.json	0	e3b0c44298fc1c149afbf4c8996fb92427ae41e4649b934ca495991b7852b855
5f3adc42	g3-automatic-charging-cycle	scenarios/g3-automatic-charging-cycle/snapshots/db-RecoveryWorkflows.json	0	e3b0c44298fc1c149afbf4c8996fb92427ae41e4649b934ca495991b7852b855
5f3adc42	g3-automatic-charging-cycle	scenarios/g3-automatic-charging-cycle/snapshots/db-RiotDispatchAuditEvents.json	13469	531b4859df6e4c5765f371097124d811328301b0546f609173132145468c266d
5f3adc42	g3-automatic-charging-cycle	scenarios/g3-automatic-charging-cycle/snapshots/db-RiotOrderCommandAudit.json	0	e3b0c44298fc1c149afbf4c8996fb92427ae41e4649b934ca495991b7852b855
5f3adc42	g3-automatic-charging-cycle	scenarios/g3-automatic-charging-cycle/snapshots/db-RouteGraphSnapshots.json	567	4ad587369238b3e34d6be735d9e776ecd1737363f4eba3a5af7a16c7044f57fc
5f3adc42	g3-automatic-charging-cycle	scenarios/g3-automatic-charging-cycle/snapshots/db-SessionRecoveries.json	1123	96c90d949fd2b2eee45093bd9359e88dc65f8f589cd7aef33601edcd868c173b
5f3adc42	g3-automatic-charging-cycle	scenarios/g3-automatic-charging-cycle/snapshots/db-SlotConfigurationActivations.json	0	e3b0c44298fc1c149afbf4c8996fb92427ae41e4649b934ca495991b7852b855
5f3adc42	g3-automatic-charging-cycle	scenarios/g3-automatic-charging-cycle/snapshots/db-SlotFaultDeclarations.json	0	e3b0c44298fc1c149afbf4c8996fb92427ae41e4649b934ca495991b7852b855
5f3adc42	g3-automatic-charging-cycle	scenarios/g3-automatic-charging-cycle/snapshots/db-SlotIoBindings.json	4258	22f6a76abca6b88926bf0e7f031c8c2c776993fe82f50552874144edc7546502
5f3adc42	g3-automatic-charging-cycle	scenarios/g3-automatic-charging-cycle/snapshots/db-SlotModelVersions.json	321	1faf4d8a982aa79629c3ccc7561a82c2fc201982ae3c0835f029f38962c81265
5f3adc42	g3-automatic-charging-cycle	scenarios/g3-automatic-charging-cycle/snapshots/db-StationExclusivities.json	378	9b9acda5a5df60eb107f09fcd64e8cc868f7a86f6b6de2b51529d1367ea596dc
5f3adc42	g3-automatic-charging-cycle	scenarios/g3-automatic-charging-cycle/snapshots/db-StationExclusivityRecords.json	1023	c65514dbbb70a7530cf31a75d26979b77450cf2d0793eb141082349010271718
5f3adc42	g3-automatic-charging-cycle	scenarios/g3-automatic-charging-cycle/snapshots/db-StationOperations.json	1235	216e556f4af2f456a61b7cdc8097022ad9657bf5c71854c95c5fa218ad7f0dc5
5f3adc42	g3-automatic-charging-cycle	scenarios/g3-automatic-charging-cycle/snapshots/db-StructuralDispatchBlocks.json	0	e3b0c44298fc1c149afbf4c8996fb92427ae41e4649b934ca495991b7852b855
5f3adc42	g3-automatic-charging-cycle	scenarios/g3-automatic-charging-cycle/snapshots/db-TaskTypeStationActiveBindingSets.json	143	2f0a9cf59e28eb5e767f141defda6e6f54626d6bde36d8d1f33eb7c486bdb7f6
5f3adc42	g3-automatic-charging-cycle	scenarios/g3-automatic-charging-cycle/snapshots/db-TaskTypeStationBindings.json	173	b412006843f62c50e682598812b9f1746f67a659a3a2ddcff12221d6be0bbc28
5f3adc42	g3-automatic-charging-cycle	scenarios/g3-automatic-charging-cycle/snapshots/db-TaskTypeStationBindingSetVersions.json	395	72a261ec53f2e8d4513e7cb9d3d9c351e9b556bf1a424f5555201c04c17c31b6
5f3adc42	g3-automatic-charging-cycle	scenarios/g3-automatic-charging-cycle/snapshots/db-TaskTypeStationRuleVersions.json	330	6ad29be9f515f9a4e1b75212c306b52a37f412090a68bc010468c8729f9a3f52
5f3adc42	g3-automatic-charging-cycle	scenarios/g3-automatic-charging-cycle/snapshots/db-VehiclePurposeClaimRecords.json	715	2fe6b0adca7d5ae26a8fe65249bc1e22cd56d3bc95fdca59bb176db50463f022
5f3adc42	g3-automatic-charging-cycle	scenarios/g3-automatic-charging-cycle/snapshots/db-VehiclePurposeClaims.json	0	e3b0c44298fc1c149afbf4c8996fb92427ae41e4649b934ca495991b7852b855
5f3adc42	g3-automatic-charging-cycle	scenarios/g3-automatic-charging-cycle/snapshots/db-WaitingPoints.json	0	e3b0c44298fc1c149afbf4c8996fb92427ae41e4649b934ca495991b7852b855
5f3adc42	g3-automatic-charging-cycle	scenarios/g3-automatic-charging-cycle/snapshots/db-WaitingPointVehicleScopes.json	0	e3b0c44298fc1c149afbf4c8996fb92427ae41e4649b934ca495991b7852b855
5f3adc42	g3-automatic-charging-cycle	scenarios/g3-automatic-charging-cycle/snapshots/db-WaitingPointVersions.json	0	e3b0c44298fc1c149afbf4c8996fb92427ae41e4649b934ca495991b7852b855
5f3adc42	g3-automatic-charging-cycle	scenarios/g3-automatic-charging-cycle/snapshots/fake-mes-ingest.json	1041	4f4b2fc1e9c8b340ca08bf61cab9f7a134836f3f2398d6f9a914e87c5f53ea9d
5f3adc42	g3-automatic-charging-cycle	scenarios/g3-automatic-charging-cycle/snapshots/fake-riot.json	5453	29b66234abf5452e4be412f1920581b72d3dd6f64482c94eccd4915945adbc60
5f3adc42	g3-automatic-charging-cycle	scenarios/g3-automatic-charging-cycle/snapshots/preseed-area-assignments.csv	128	9906e26d53df2e02e2cb2da976840b5764419d03f3d724097fe4bf7ce36ec8af
5f3adc42	g3-automatic-charging-cycle	scenarios/g3-automatic-charging-cycle/snapshots/preseed-charging-policy.json	444	c9cff5e4ecf1d832d52d74154c81f43961075a5ca9d96150e9f079ea0afc2bfa
5f3adc42	g3-automatic-charging-cycle	scenarios/g3-automatic-charging-cycle/snapshots/slots-simulator.json	3030	f0d75615942b4647f1e3fea2363dcaff9ab6cc8bafb4580c3f1eab155eae2bf8
5f3adc42	g3-automatic-charging-cycle	scenarios/g3-automatic-charging-cycle/snapshots/task-type-stations.settings.json	894	d69ededa82fcf5dad3cdcc83b1682ae1f2ca0ce41be15f438c179105d114cc4f
5f3adc42	g3-exception-compensate	scenarios/g3-exception-compensate/logs/build.log	2464	dc57c1f20a2457db22859a106a07f14e19d83b5d0d1ce859f465c8ca525d94c7
5f3adc42	g3-exception-compensate	scenarios/g3-exception-compensate/logs/control-server.err.log	0	e3b0c44298fc1c149afbf4c8996fb92427ae41e4649b934ca495991b7852b855
5f3adc42	g3-exception-compensate	scenarios/g3-exception-compensate/logs/control-server.out.log	1436739	adb401fdd7501e4091ac570cf31ec509bfc241e580af6deeb9897f7fe495e7af
5f3adc42	g3-exception-compensate	scenarios/g3-exception-compensate/logs/fake-mes-ingest.err.log	0	e3b0c44298fc1c149afbf4c8996fb92427ae41e4649b934ca495991b7852b855
5f3adc42	g3-exception-compensate	scenarios/g3-exception-compensate/logs/fake-mes-ingest.out.log	47582	627c394330ac9d7f5f91b03ab7543a81958891506291a6aa59d964f3aef46c93
5f3adc42	g3-exception-compensate	scenarios/g3-exception-compensate/logs/fake-riot.err.log	0	e3b0c44298fc1c149afbf4c8996fb92427ae41e4649b934ca495991b7852b855
5f3adc42	g3-exception-compensate	scenarios/g3-exception-compensate/logs/fake-riot.out.log	188176	71efab968ab28362d33ad4cc98dbee181949bf6ea4e8407c8f55c61f6aac75fb
5f3adc42	g3-exception-compensate	scenarios/g3-exception-compensate/logs/onboard-hmi.before-restart-1.err.log	0	e3b0c44298fc1c149afbf4c8996fb92427ae41e4649b934ca495991b7852b855
5f3adc42	g3-exception-compensate	scenarios/g3-exception-compensate/logs/onboard-hmi.before-restart-1.out.log	0	e3b0c44298fc1c149afbf4c8996fb92427ae41e4649b934ca495991b7852b855
5f3adc42	g3-exception-compensate	scenarios/g3-exception-compensate/logs/onboard-hmi.err.log	0	e3b0c44298fc1c149afbf4c8996fb92427ae41e4649b934ca495991b7852b855
5f3adc42	g3-exception-compensate	scenarios/g3-exception-compensate/logs/onboard-hmi.out.log	0	e3b0c44298fc1c149afbf4c8996fb92427ae41e4649b934ca495991b7852b855
5f3adc42	g3-exception-compensate	scenarios/g3-exception-compensate/logs/package-capacity-import.err.log	0	e3b0c44298fc1c149afbf4c8996fb92427ae41e4649b934ca495991b7852b855
5f3adc42	g3-exception-compensate	scenarios/g3-exception-compensate/logs/package-capacity-import.out.log	162553	8c9e8d369d84dfc7aa10721f3731d4dee7cd05a70d174894ab7c5a814261849c
5f3adc42	g3-exception-compensate	scenarios/g3-exception-compensate/logs/slots-simulator.err.log	0	e3b0c44298fc1c149afbf4c8996fb92427ae41e4649b934ca495991b7852b855
5f3adc42	g3-exception-compensate	scenarios/g3-exception-compensate/logs/slots-simulator.out.log	0	e3b0c44298fc1c149afbf4c8996fb92427ae41e4649b934ca495991b7852b855
5f3adc42	g3-exception-compensate	scenarios/g3-exception-compensate/logs/onboard-app/agv-20261010.log	10586	5140f99fd0b7777db121ccf3c9808425c7657d0991ff1f8b09f6963c9076419b
5f3adc42	g3-exception-compensate	scenarios/g3-exception-compensate/snapshots/db-AcceptedDemands.json	1786	72d1b88bf615ba86ce829a040c431645e468d4aaf49c1cdf78e79808c3c68b22
5f3adc42	g3-exception-compensate	scenarios/g3-exception-compensate/snapshots/db-ActiveSlotConfigurations.json	0	e3b0c44298fc1c149afbf4c8996fb92427ae41e4649b934ca495991b7852b855
5f3adc42	g3-exception-compensate	scenarios/g3-exception-compensate/snapshots/db-BusinessAuditRecords.json	6503	a3f7b05085a3f129a6012a8eeca0e55a52d7482b5e9cc5af6d2118e137cd8778
5f3adc42	g3-exception-compensate	scenarios/g3-exception-compensate/snapshots/db-ChargerRosterEntries.json	0	e3b0c44298fc1c149afbf4c8996fb92427ae41e4649b934ca495991b7852b855
5f3adc42	g3-exception-compensate	scenarios/g3-exception-compensate/snapshots/db-ChargerRosterVersions.json	0	e3b0c44298fc1c149afbf4c8996fb92427ae41e4649b934ca495991b7852b855
5f3adc42	g3-exception-compensate	scenarios/g3-exception-compensate/snapshots/db-ChargingPolicyActivations.json	189	fb87657f7605ed19a989d743a1004ee4b0577acd09dbbd7f41358fd03cd52873
5f3adc42	g3-exception-compensate	scenarios/g3-exception-compensate/snapshots/db-ChargingPolicyApprovals.json	282	388c4b1a955b1e786c67318f56a756708095b7c941c9e4e4140d4b6a82183b27
5f3adc42	g3-exception-compensate	scenarios/g3-exception-compensate/snapshots/db-ChargingPolicyVehicleScopes.json	0	e3b0c44298fc1c149afbf4c8996fb92427ae41e4649b934ca495991b7852b855
5f3adc42	g3-exception-compensate	scenarios/g3-exception-compensate/snapshots/db-ChargingPolicyVersions.json	632	95ce98e7e7cb6d462ff2a9e77365a06081421a5616a884036cb1cc6eea2498e3
5f3adc42	g3-exception-compensate	scenarios/g3-exception-compensate/snapshots/db-CreateGateAudit.json	960	00602d8ffb5eeb505034ce67105491aa58cd2c6f5a5ec49a0cc41d6098e7ec41
5f3adc42	g3-exception-compensate	scenarios/g3-exception-compensate/snapshots/db-DispatchZoneAreaAssignments.json	377	ffd7aa7365bc86efef17a319718d4204d0b1a59ba4472d7aa02a7a181ceaee9c
5f3adc42	g3-exception-compensate	scenarios/g3-exception-compensate/snapshots/db-DispatchZoneAreaAssignmentVersions.json	235	3ff68e83a4e8588464d1bf6cc78582820bed72390e8f3774e42b8e632031c2a5
5f3adc42	g3-exception-compensate	scenarios/g3-exception-compensate/snapshots/db-DispatchZoneParameters.json	0	e3b0c44298fc1c149afbf4c8996fb92427ae41e4649b934ca495991b7852b855
5f3adc42	g3-exception-compensate	scenarios/g3-exception-compensate/snapshots/db-DispatchZoneParameterVersions.json	0	e3b0c44298fc1c149afbf4c8996fb92427ae41e4649b934ca495991b7852b855
5f3adc42	g3-exception-compensate	scenarios/g3-exception-compensate/snapshots/db-ExceptionRecoverySessions.json	810	d9c5e6525cc2afc9d11db16c4673d90168171893c0a8eabfa3310eec9a242274
5f3adc42	g3-exception-compensate	scenarios/g3-exception-compensate/snapshots/db-FrozenDemandStations.json	1339	f888908d9ecfec93ed0df7fd982432162449fc10e184bc0452ab99a1648fdacc
5f3adc42	g3-exception-compensate	scenarios/g3-exception-compensate/snapshots/db-JourneyBacklog.json	1184	ccc2e2a8ee8941e27545c6deeed7e5cd32a69673141a2fe2eb87002a33b0cc9f
5f3adc42	g3-exception-compensate	scenarios/g3-exception-compensate/snapshots/db-JourneyDemands.json	1845	d258e04433f254c79f277edadcef61f14036e442a3ae970463601d5bae1c2bc9
5f3adc42	g3-exception-compensate	scenarios/g3-exception-compensate/snapshots/db-JourneyRuntimes.json	5776	5a0ae0c0a77c6453d620719979d2349ec335ecea3192345a998a153db60e276a
5f3adc42	g3-exception-compensate	scenarios/g3-exception-compensate/snapshots/db-JourneyStops.json	3875	1d0dabcc1a7e5a4820ddbaff2b9966d2dc23fc304943f8a5075fbe05fe38180c
5f3adc42	g3-exception-compensate	scenarios/g3-exception-compensate/snapshots/db-MapStationCatalogStates.json	370	df7c9437a793f0e385545cf6b6ef47ef259d9746e40b85a3425d9f46ee727214
5f3adc42	g3-exception-compensate	scenarios/g3-exception-compensate/snapshots/db-OnboardAlarmSnapshots.json	213	b54ff820f0dff75cd1407f501af6ac3c2cbd257b205db208d36754701c4c7af6
5f3adc42	g3-exception-compensate	scenarios/g3-exception-compensate/snapshots/db-OperationResults.json	666	eeded29c57b467230b180ae2a92cab1284f49326d5e3236b2d06065d239de368
5f3adc42	g3-exception-compensate	scenarios/g3-exception-compensate/snapshots/db-OrderIntents.json	3181	b6d6239794a18c17953a68850bcfb1478db0c3b4893ac7c721fbed21f1c5a012
5f3adc42	g3-exception-compensate	scenarios/g3-exception-compensate/snapshots/db-OwnOrderRebuilds.json	0	e3b0c44298fc1c149afbf4c8996fb92427ae41e4649b934ca495991b7852b855
5f3adc42	g3-exception-compensate	scenarios/g3-exception-compensate/snapshots/db-RecoveryWorkflows.json	1170	bd74de1468c5009cb8e6f4ea56cafbad3ebaf7552f103296f8a38e9e9d4ecbbf
5f3adc42	g3-exception-compensate	scenarios/g3-exception-compensate/snapshots/db-RiotDispatchAuditEvents.json	9109	f533ffc525fcae6b14e5ef1a5f0a2f9733d9d93c0a144a82a8d855652ab2f884
5f3adc42	g3-exception-compensate	scenarios/g3-exception-compensate/snapshots/db-RiotOrderCommandAudit.json	0	e3b0c44298fc1c149afbf4c8996fb92427ae41e4649b934ca495991b7852b855
5f3adc42	g3-exception-compensate	scenarios/g3-exception-compensate/snapshots/db-RouteGraphSnapshots.json	0	e3b0c44298fc1c149afbf4c8996fb92427ae41e4649b934ca495991b7852b855
5f3adc42	g3-exception-compensate	scenarios/g3-exception-compensate/snapshots/db-SessionRecoveries.json	1136	dc130f6bb676ed8a4ba28bb42954880a6b44eb327d9ece9117639b574c04a570
5f3adc42	g3-exception-compensate	scenarios/g3-exception-compensate/snapshots/db-SlotConfigurationActivations.json	0	e3b0c44298fc1c149afbf4c8996fb92427ae41e4649b934ca495991b7852b855
5f3adc42	g3-exception-compensate	scenarios/g3-exception-compensate/snapshots/db-SlotFaultDeclarations.json	0	e3b0c44298fc1c149afbf4c8996fb92427ae41e4649b934ca495991b7852b855
5f3adc42	g3-exception-compensate	scenarios/g3-exception-compensate/snapshots/db-SlotIoBindings.json	4258	d70c242cef1254e9b95538f56f8a22a369019970475cdbaff3bf96a834ad788b
5f3adc42	g3-exception-compensate	scenarios/g3-exception-compensate/snapshots/db-SlotModelVersions.json	321	d41b505fedd76720132bbab5908d1bddd6398cc7340d7f368500d3e0a03979d1
5f3adc42	g3-exception-compensate	scenarios/g3-exception-compensate/snapshots/db-StationExclusivities.json	0	e3b0c44298fc1c149afbf4c8996fb92427ae41e4649b934ca495991b7852b855
5f3adc42	g3-exception-compensate	scenarios/g3-exception-compensate/snapshots/db-StationExclusivityRecords.json	471	101a9654a2f2e73011f5534a9e5e858885ecbc5fcc2bdc8bec7ef0c1606da3f3
5f3adc42	g3-exception-compensate	scenarios/g3-exception-compensate/snapshots/db-StationOperations.json	477	67542622b1acc1d121bd56be79b3eeb3dac842168d75990e5e1ffe0768b52577
5f3adc42	g3-exception-compensate	scenarios/g3-exception-compensate/snapshots/db-StructuralDispatchBlocks.json	0	e3b0c44298fc1c149afbf4c8996fb92427ae41e4649b934ca495991b7852b855
5f3adc42	g3-exception-compensate	scenarios/g3-exception-compensate/snapshots/db-TaskTypeStationActiveBindingSets.json	144	69daf5ec1e92d1bbb166af906ac69b47e1c03b32ebd130755fc9a67160c48354
5f3adc42	g3-exception-compensate	scenarios/g3-exception-compensate/snapshots/db-TaskTypeStationBindings.json	173	b412006843f62c50e682598812b9f1746f67a659a3a2ddcff12221d6be0bbc28
5f3adc42	g3-exception-compensate	scenarios/g3-exception-compensate/snapshots/db-TaskTypeStationBindingSetVersions.json	396	d15b34e16c97b3f23141dda74719bf212e2641d11bbef9c5100bf6f3ab0ca215
5f3adc42	g3-exception-compensate	scenarios/g3-exception-compensate/snapshots/db-TaskTypeStationRuleVersions.json	331	fbccb2dccc3c9cd1f79360d5b220ee80ff98284c81ab994bf3828dad5c94772d
5f3adc42	g3-exception-compensate	scenarios/g3-exception-compensate/snapshots/db-VehiclePurposeClaimRecords.json	680	c3170d353c1ed514c810efd06aaeb88225c9c34eacba3dae044bca1eeeee8dba
5f3adc42	g3-exception-compensate	scenarios/g3-exception-compensate/snapshots/db-VehiclePurposeClaims.json	183	2bb2209745a1fcea7628b3e7d6319c874f637b5ffacd3663e521e1de74bf9bde
5f3adc42	g3-exception-compensate	scenarios/g3-exception-compensate/snapshots/db-WaitingPoints.json	0	e3b0c44298fc1c149afbf4c8996fb92427ae41e4649b934ca495991b7852b855
5f3adc42	g3-exception-compensate	scenarios/g3-exception-compensate/snapshots/db-WaitingPointVehicleScopes.json	0	e3b0c44298fc1c149afbf4c8996fb92427ae41e4649b934ca495991b7852b855
5f3adc42	g3-exception-compensate	scenarios/g3-exception-compensate/snapshots/db-WaitingPointVersions.json	0	e3b0c44298fc1c149afbf4c8996fb92427ae41e4649b934ca495991b7852b855
5f3adc42	g3-exception-compensate	scenarios/g3-exception-compensate/snapshots/fake-mes-ingest.json	1768	7a1624e226e9ec61efb0081b62f5a82007eff8855ce45d560e227db291d2fc9c
5f3adc42	g3-exception-compensate	scenarios/g3-exception-compensate/snapshots/fake-riot.json	3386	0e52d7261252a201c04b3bea90ef0d33b466c896c3c32dc0871cc12acd79044c
5f3adc42	g3-exception-compensate	scenarios/g3-exception-compensate/snapshots/preseed-area-assignments.csv	128	9906e26d53df2e02e2cb2da976840b5764419d03f3d724097fe4bf7ce36ec8af
5f3adc42	g3-exception-compensate	scenarios/g3-exception-compensate/snapshots/preseed-charging-policy.json	444	c9cff5e4ecf1d832d52d74154c81f43961075a5ca9d96150e9f079ea0afc2bfa
5f3adc42	g3-exception-compensate	scenarios/g3-exception-compensate/snapshots/slots-simulator.json	3029	85a823caf01a0ef8638b94a4648905a42c05f168bc76cdf50110948e97ce3d9c
5f3adc42	g3-exception-compensate	scenarios/g3-exception-compensate/snapshots/task-type-stations.settings.json	894	d69ededa82fcf5dad3cdcc83b1682ae1f2ca0ce41be15f438c179105d114cc4f
5f3adc42	g3-exception-resume	scenarios/g3-exception-resume/logs/build.log	2464	57b37fd1f3d167b07b91f8d7823f354696952a1c78c0ae76bff3a9f24c015276
5f3adc42	g3-exception-resume	scenarios/g3-exception-resume/logs/control-server.err.log	0	e3b0c44298fc1c149afbf4c8996fb92427ae41e4649b934ca495991b7852b855
5f3adc42	g3-exception-resume	scenarios/g3-exception-resume/logs/control-server.out.log	1723552	4d28280eb14948b9837028edc9a58d996a1851e7ca270480cda3b4031ac525ee
5f3adc42	g3-exception-resume	scenarios/g3-exception-resume/logs/fake-mes-ingest.err.log	0	e3b0c44298fc1c149afbf4c8996fb92427ae41e4649b934ca495991b7852b855
5f3adc42	g3-exception-resume	scenarios/g3-exception-resume/logs/fake-mes-ingest.out.log	42581	f369b5357bf6f515cd86b56a9f9503c5d860a321cbd294eebc8fd7a9423b21bd
5f3adc42	g3-exception-resume	scenarios/g3-exception-resume/logs/fake-riot.err.log	0	e3b0c44298fc1c149afbf4c8996fb92427ae41e4649b934ca495991b7852b855
5f3adc42	g3-exception-resume	scenarios/g3-exception-resume/logs/fake-riot.out.log	234176	7b7bf1713ec966a1d0836293a5b675443565564a25d4f1a0d97c6c45602c10f5
5f3adc42	g3-exception-resume	scenarios/g3-exception-resume/logs/onboard-hmi.before-restart-1.err.log	0	e3b0c44298fc1c149afbf4c8996fb92427ae41e4649b934ca495991b7852b855
5f3adc42	g3-exception-resume	scenarios/g3-exception-resume/logs/onboard-hmi.before-restart-1.out.log	0	e3b0c44298fc1c149afbf4c8996fb92427ae41e4649b934ca495991b7852b855
5f3adc42	g3-exception-resume	scenarios/g3-exception-resume/logs/onboard-hmi.before-restart-2.err.log	0	e3b0c44298fc1c149afbf4c8996fb92427ae41e4649b934ca495991b7852b855
5f3adc42	g3-exception-resume	scenarios/g3-exception-resume/logs/onboard-hmi.before-restart-2.out.log	0	e3b0c44298fc1c149afbf4c8996fb92427ae41e4649b934ca495991b7852b855
5f3adc42	g3-exception-resume	scenarios/g3-exception-resume/logs/onboard-hmi.err.log	0	e3b0c44298fc1c149afbf4c8996fb92427ae41e4649b934ca495991b7852b855
5f3adc42	g3-exception-resume	scenarios/g3-exception-resume/logs/onboard-hmi.out.log	0	e3b0c44298fc1c149afbf4c8996fb92427ae41e4649b934ca495991b7852b855
5f3adc42	g3-exception-resume	scenarios/g3-exception-resume/logs/package-capacity-import.err.log	0	e3b0c44298fc1c149afbf4c8996fb92427ae41e4649b934ca495991b7852b855
5f3adc42	g3-exception-resume	scenarios/g3-exception-resume/logs/package-capacity-import.out.log	162551	66d44f48f9a7e5ea8a7c46d7fab34de4229402348b89056ef46db1d1e2b646b6
5f3adc42	g3-exception-resume	scenarios/g3-exception-resume/logs/slots-simulator.err.log	0	e3b0c44298fc1c149afbf4c8996fb92427ae41e4649b934ca495991b7852b855
5f3adc42	g3-exception-resume	scenarios/g3-exception-resume/logs/slots-simulator.out.log	0	e3b0c44298fc1c149afbf4c8996fb92427ae41e4649b934ca495991b7852b855
5f3adc42	g3-exception-resume	scenarios/g3-exception-resume/logs/onboard-app/agv-20261010.log	20639	dab5a91a311894c2515080c2def65a8b108ac02f6b94c001207dd89ee4d0fa0a
5f3adc42	g3-exception-resume	scenarios/g3-exception-resume/snapshots/db-AcceptedDemands.json	846	7a23f6821c37c9b76ee58b3c3e9534a973f5faf5239f3aef1ac8354512312d14
5f3adc42	g3-exception-resume	scenarios/g3-exception-resume/snapshots/db-ActiveSlotConfigurations.json	0	e3b0c44298fc1c149afbf4c8996fb92427ae41e4649b934ca495991b7852b855
5f3adc42	g3-exception-resume	scenarios/g3-exception-resume/snapshots/db-BusinessAuditRecords.json	6500	7de21baee52d054be4aaafbc2faec2e64b56bde891e69fc4e8d81fb7bebdf8fb
5f3adc42	g3-exception-resume	scenarios/g3-exception-resume/snapshots/db-ChargerRosterEntries.json	0	e3b0c44298fc1c149afbf4c8996fb92427ae41e4649b934ca495991b7852b855
5f3adc42	g3-exception-resume	scenarios/g3-exception-resume/snapshots/db-ChargerRosterVersions.json	0	e3b0c44298fc1c149afbf4c8996fb92427ae41e4649b934ca495991b7852b855
5f3adc42	g3-exception-resume	scenarios/g3-exception-resume/snapshots/db-ChargingPolicyActivations.json	189	2d16fa70d2153c6cb0cd0579d34a6a6e21a954acbd53ea5685541e338e0f0685
5f3adc42	g3-exception-resume	scenarios/g3-exception-resume/snapshots/db-ChargingPolicyApprovals.json	281	de4055f0e2ea686c8229a23c5810547c5d77953715f2781da906f9dbd230a6c7
5f3adc42	g3-exception-resume	scenarios/g3-exception-resume/snapshots/db-ChargingPolicyVehicleScopes.json	0	e3b0c44298fc1c149afbf4c8996fb92427ae41e4649b934ca495991b7852b855
5f3adc42	g3-exception-resume	scenarios/g3-exception-resume/snapshots/db-ChargingPolicyVersions.json	632	e9994f2d958d8720ecca33f18a752fe2f737e250d009c08c81ffbc8efbe33725
5f3adc42	g3-exception-resume	scenarios/g3-exception-resume/snapshots/db-CreateGateAudit.json	445	2fd87073a03936b487194754511b0d1b785e56894d5d3c77e23e747d69f2a9e0
5f3adc42	g3-exception-resume	scenarios/g3-exception-resume/snapshots/db-DispatchZoneAreaAssignments.json	377	ffd7aa7365bc86efef17a319718d4204d0b1a59ba4472d7aa02a7a181ceaee9c
5f3adc42	g3-exception-resume	scenarios/g3-exception-resume/snapshots/db-DispatchZoneAreaAssignmentVersions.json	235	616f7e4ba87544631c85b1151d06e3a825f13dbe0c588164645507cbd8660eb1
5f3adc42	g3-exception-resume	scenarios/g3-exception-resume/snapshots/db-DispatchZoneParameters.json	0	e3b0c44298fc1c149afbf4c8996fb92427ae41e4649b934ca495991b7852b855
5f3adc42	g3-exception-resume	scenarios/g3-exception-resume/snapshots/db-DispatchZoneParameterVersions.json	0	e3b0c44298fc1c149afbf4c8996fb92427ae41e4649b934ca495991b7852b855
5f3adc42	g3-exception-resume	scenarios/g3-exception-resume/snapshots/db-ExceptionRecoverySessions.json	789	e24576545db483221e6f0afec51522144f2ec82b4f74d57dd00738058968e3ea
5f3adc42	g3-exception-resume	scenarios/g3-exception-resume/snapshots/db-FrozenDemandStations.json	666	9c6e9893b859259d68955c9ef27ac9ec7c12a8ec5285268bcb4ce2c317abc1e9
5f3adc42	g3-exception-resume	scenarios/g3-exception-resume/snapshots/db-JourneyBacklog.json	567	a197657a1b89554c6617526e70d9c0f47fdc727b532645a5a244716507e89e9f
5f3adc42	g3-exception-resume	scenarios/g3-exception-resume/snapshots/db-JourneyDemands.json	873	3b4a2f56a7c8bb426fd6dd47b929e3a64fb4c59d4368bc340a98c52ed8292e11
5f3adc42	g3-exception-resume	scenarios/g3-exception-resume/snapshots/db-JourneyRuntimes.json	2892	8d7b20388b636d0f62bf6ae5067c443260e3ef5831dc6a8329bd3d5f39b200f1
5f3adc42	g3-exception-resume	scenarios/g3-exception-resume/snapshots/db-JourneyStops.json	1939	cc4c1b47e358bbcf1fd32e36b6c2ceec0a5b21aa65eb56749ee6fefc09664ce9
5f3adc42	g3-exception-resume	scenarios/g3-exception-resume/snapshots/db-MapStationCatalogStates.json	370	75af3d3ef969a311d7946d523f623d3e8ab91b301556bd7e563f73d2f4ba3254
5f3adc42	g3-exception-resume	scenarios/g3-exception-resume/snapshots/db-OnboardAlarmSnapshots.json	213	24b5105be16a9aa557d60c7b615eb824babf274261562b96c9620fbc3ee1de4a
5f3adc42	g3-exception-resume	scenarios/g3-exception-resume/snapshots/db-OperationResults.json	1433	735ec6040e2134cd8a679cce3f61c8f394d5729732d44a94fc97b10131fb56bc
5f3adc42	g3-exception-resume	scenarios/g3-exception-resume/snapshots/db-OrderIntents.json	1531	8126b84268d5ad48065fc0b5eb946fdd0cfa738cf1539d9bf84c710a640f5157
5f3adc42	g3-exception-resume	scenarios/g3-exception-resume/snapshots/db-OwnOrderRebuilds.json	0	e3b0c44298fc1c149afbf4c8996fb92427ae41e4649b934ca495991b7852b855
5f3adc42	g3-exception-resume	scenarios/g3-exception-resume/snapshots/db-RecoveryWorkflows.json	1064	4aad8415d652fa0c43996e57ca8053679cc3a2b8815332816e68178bed48a16f
5f3adc42	g3-exception-resume	scenarios/g3-exception-resume/snapshots/db-RiotDispatchAuditEvents.json	4558	3c8e26ed6c6e9f26f6367e23c46284e0ccbe51918d2703e9bdd793250c5c9478
5f3adc42	g3-exception-resume	scenarios/g3-exception-resume/snapshots/db-RiotOrderCommandAudit.json	0	e3b0c44298fc1c149afbf4c8996fb92427ae41e4649b934ca495991b7852b855
5f3adc42	g3-exception-resume	scenarios/g3-exception-resume/snapshots/db-RouteGraphSnapshots.json	0	e3b0c44298fc1c149afbf4c8996fb92427ae41e4649b934ca495991b7852b855
5f3adc42	g3-exception-resume	scenarios/g3-exception-resume/snapshots/db-SessionRecoveries.json	1137	b91b9ba8ba388e861e4bb94a2c1ce88aa1e81243e90b0d9be86a79a1e516d690
5f3adc42	g3-exception-resume	scenarios/g3-exception-resume/snapshots/db-SlotConfigurationActivations.json	0	e3b0c44298fc1c149afbf4c8996fb92427ae41e4649b934ca495991b7852b855
5f3adc42	g3-exception-resume	scenarios/g3-exception-resume/snapshots/db-SlotFaultDeclarations.json	0	e3b0c44298fc1c149afbf4c8996fb92427ae41e4649b934ca495991b7852b855
5f3adc42	g3-exception-resume	scenarios/g3-exception-resume/snapshots/db-SlotIoBindings.json	4258	b63dab13affbfb632441a2f9fc70b529b650689215615afbd5e5d4f173f9df33
5f3adc42	g3-exception-resume	scenarios/g3-exception-resume/snapshots/db-SlotModelVersions.json	319	8fee598c0ae83bf3de16399ecdef072791fb818759b249c3772a5337f5a1e6dc
5f3adc42	g3-exception-resume	scenarios/g3-exception-resume/snapshots/db-StationExclusivities.json	378	8c2123d074c0412e0aae48df7538ea1f48f13a9c92c6efa6867b9212b5642f0a
5f3adc42	g3-exception-resume	scenarios/g3-exception-resume/snapshots/db-StationExclusivityRecords.json	426	e26847844a4d581714307613a67f30c875549f33582fd0a86822f281a8d0e374
5f3adc42	g3-exception-resume	scenarios/g3-exception-resume/snapshots/db-StationOperations.json	585	e91ba9daa446125a8b4875230d4b45d1c523596e93bd92a0c8ceee1792be6977
5f3adc42	g3-exception-resume	scenarios/g3-exception-resume/snapshots/db-StructuralDispatchBlocks.json	0	e3b0c44298fc1c149afbf4c8996fb92427ae41e4649b934ca495991b7852b855
5f3adc42	g3-exception-resume	scenarios/g3-exception-resume/snapshots/db-TaskTypeStationActiveBindingSets.json	144	2c252b8d362816663de3a2ef3b1e642d478c2663822d2ef509f4d068106a782c
5f3adc42	g3-exception-resume	scenarios/g3-exception-resume/snapshots/db-TaskTypeStationBindings.json	173	b412006843f62c50e682598812b9f1746f67a659a3a2ddcff12221d6be0bbc28
5f3adc42	g3-exception-resume	scenarios/g3-exception-resume/snapshots/db-TaskTypeStationBindingSetVersions.json	396	9cbaff90bbbb756a15f4be02114d5b1be6830ba667114838654134124157fafb
5f3adc42	g3-exception-resume	scenarios/g3-exception-resume/snapshots/db-TaskTypeStationRuleVersions.json	331	6e28ce5c3042ee7181a19a83e997ff172cebb64d0437038d985be732f03541db
5f3adc42	g3-exception-resume	scenarios/g3-exception-resume/snapshots/db-VehiclePurposeClaimRecords.json	288	3ed56b7d9d0913dabdb3c0e65bf2f84a3d6c67930987ef10d7cdf35e5ff7d1bf
5f3adc42	g3-exception-resume	scenarios/g3-exception-resume/snapshots/db-VehiclePurposeClaims.json	183	8e4b1e0da4bfd4a789bb4c0fea6582954c2652899d5fba3fb8498587676b5a30
5f3adc42	g3-exception-resume	scenarios/g3-exception-resume/snapshots/db-WaitingPoints.json	0	e3b0c44298fc1c149afbf4c8996fb92427ae41e4649b934ca495991b7852b855
5f3adc42	g3-exception-resume	scenarios/g3-exception-resume/snapshots/db-WaitingPointVehicleScopes.json	0	e3b0c44298fc1c149afbf4c8996fb92427ae41e4649b934ca495991b7852b855
5f3adc42	g3-exception-resume	scenarios/g3-exception-resume/snapshots/db-WaitingPointVersions.json	0	e3b0c44298fc1c149afbf4c8996fb92427ae41e4649b934ca495991b7852b855
5f3adc42	g3-exception-resume	scenarios/g3-exception-resume/snapshots/fake-mes-ingest.json	1038	af1339633c803b2f726b2c21788f36fcaa78d992fab4a38e5ce2a1ca2b7673b3
5f3adc42	g3-exception-resume	scenarios/g3-exception-resume/snapshots/fake-riot.json	2949	231d0f874141470e68d067ae084ba781c009f6b3b7737fa7bd8eb301aecc6bc8
5f3adc42	g3-exception-resume	scenarios/g3-exception-resume/snapshots/preseed-area-assignments.csv	128	9906e26d53df2e02e2cb2da976840b5764419d03f3d724097fe4bf7ce36ec8af
5f3adc42	g3-exception-resume	scenarios/g3-exception-resume/snapshots/preseed-charging-policy.json	444	c9cff5e4ecf1d832d52d74154c81f43961075a5ca9d96150e9f079ea0afc2bfa
5f3adc42	g3-exception-resume	scenarios/g3-exception-resume/snapshots/slots-simulator.json	3033	351a77c6ef345efbc55bad2409efba35824747f09b8cd22e13413ee0c3e2f5f4
5f3adc42	g3-exception-resume	scenarios/g3-exception-resume/snapshots/task-type-stations.settings.json	894	d69ededa82fcf5dad3cdcc83b1682ae1f2ca0ce41be15f438c179105d114cc4f
5f3adc42	g3-fault-cargo-handoff	scenarios/g3-fault-cargo-handoff/logs/build.log	2464	178cfdaa6b3915d5cceacd3370d662494e388bb4f7709fe46a37d93066c8e647
5f3adc42	g3-fault-cargo-handoff	scenarios/g3-fault-cargo-handoff/logs/control-server.err.log	0	e3b0c44298fc1c149afbf4c8996fb92427ae41e4649b934ca495991b7852b855
5f3adc42	g3-fault-cargo-handoff	scenarios/g3-fault-cargo-handoff/logs/control-server.out.log	1346170	003b4177fe9d2239617450abcefe90bcc8c6288efddb41ee04524c49e7f2df74
5f3adc42	g3-fault-cargo-handoff	scenarios/g3-fault-cargo-handoff/logs/fake-mes-ingest.err.log	0	e3b0c44298fc1c149afbf4c8996fb92427ae41e4649b934ca495991b7852b855
5f3adc42	g3-fault-cargo-handoff	scenarios/g3-fault-cargo-handoff/logs/fake-mes-ingest.out.log	43371	5673ee904c0bcc32067b05d9f7e214cf0412c122d195c0378193190f37a5f08e
5f3adc42	g3-fault-cargo-handoff	scenarios/g3-fault-cargo-handoff/logs/fake-riot.err.log	0	e3b0c44298fc1c149afbf4c8996fb92427ae41e4649b934ca495991b7852b855
5f3adc42	g3-fault-cargo-handoff	scenarios/g3-fault-cargo-handoff/logs/fake-riot.out.log	173797	7af6946e5b26dd7635b341bd899ad9a3a51df05e644423dbe660dfc49bf3d831
5f3adc42	g3-fault-cargo-handoff	scenarios/g3-fault-cargo-handoff/logs/onboard-hmi.before-restart-1.err.log	0	e3b0c44298fc1c149afbf4c8996fb92427ae41e4649b934ca495991b7852b855
5f3adc42	g3-fault-cargo-handoff	scenarios/g3-fault-cargo-handoff/logs/onboard-hmi.before-restart-1.out.log	0	e3b0c44298fc1c149afbf4c8996fb92427ae41e4649b934ca495991b7852b855
5f3adc42	g3-fault-cargo-handoff	scenarios/g3-fault-cargo-handoff/logs/onboard-hmi.err.log	0	e3b0c44298fc1c149afbf4c8996fb92427ae41e4649b934ca495991b7852b855
5f3adc42	g3-fault-cargo-handoff	scenarios/g3-fault-cargo-handoff/logs/onboard-hmi.out.log	0	e3b0c44298fc1c149afbf4c8996fb92427ae41e4649b934ca495991b7852b855
5f3adc42	g3-fault-cargo-handoff	scenarios/g3-fault-cargo-handoff/logs/package-capacity-import.err.log	0	e3b0c44298fc1c149afbf4c8996fb92427ae41e4649b934ca495991b7852b855
5f3adc42	g3-fault-cargo-handoff	scenarios/g3-fault-cargo-handoff/logs/package-capacity-import.out.log	162553	e2c4e3a09ae02938b1d5a0b7b02409e20dea33ad17221896671e2325f04ceaba
5f3adc42	g3-fault-cargo-handoff	scenarios/g3-fault-cargo-handoff/logs/slots-simulator.err.log	0	e3b0c44298fc1c149afbf4c8996fb92427ae41e4649b934ca495991b7852b855
5f3adc42	g3-fault-cargo-handoff	scenarios/g3-fault-cargo-handoff/logs/slots-simulator.out.log	0	e3b0c44298fc1c149afbf4c8996fb92427ae41e4649b934ca495991b7852b855
5f3adc42	g3-fault-cargo-handoff	scenarios/g3-fault-cargo-handoff/logs/onboard-app/agv-20261010.log	10587	e397340193c3f6cc29b354bf4bd05426bdfcbc2c26100a4008724403d54836ac
5f3adc42	g3-fault-cargo-handoff	scenarios/g3-fault-cargo-handoff/snapshots/db-AcceptedDemands.json	1788	969fa6f7b2272e2f748244d738ad642acf248a76b185310427ff264328350ae7
5f3adc42	g3-fault-cargo-handoff	scenarios/g3-fault-cargo-handoff/snapshots/db-ActiveSlotConfigurations.json	0	e3b0c44298fc1c149afbf4c8996fb92427ae41e4649b934ca495991b7852b855
5f3adc42	g3-fault-cargo-handoff	scenarios/g3-fault-cargo-handoff/snapshots/db-BusinessAuditRecords.json	6503	a1cda5287b9e1f558bfb5844040e5596ae3c0bbdb6df60dec4a941fa83fa8ff3
5f3adc42	g3-fault-cargo-handoff	scenarios/g3-fault-cargo-handoff/snapshots/db-ChargerRosterEntries.json	0	e3b0c44298fc1c149afbf4c8996fb92427ae41e4649b934ca495991b7852b855
5f3adc42	g3-fault-cargo-handoff	scenarios/g3-fault-cargo-handoff/snapshots/db-ChargerRosterVersions.json	0	e3b0c44298fc1c149afbf4c8996fb92427ae41e4649b934ca495991b7852b855
5f3adc42	g3-fault-cargo-handoff	scenarios/g3-fault-cargo-handoff/snapshots/db-ChargingPolicyActivations.json	189	2473cddb96c9be5e5fa6d8513e1a652719b5cf48c55c6a8d1a6d9112ceef6fcd
5f3adc42	g3-fault-cargo-handoff	scenarios/g3-fault-cargo-handoff/snapshots/db-ChargingPolicyApprovals.json	282	bd2bc33ac884a84afb8eb95cbc80cac1d222d687c243b66bb2369c6bde001ffe
5f3adc42	g3-fault-cargo-handoff	scenarios/g3-fault-cargo-handoff/snapshots/db-ChargingPolicyVehicleScopes.json	0	e3b0c44298fc1c149afbf4c8996fb92427ae41e4649b934ca495991b7852b855
5f3adc42	g3-fault-cargo-handoff	scenarios/g3-fault-cargo-handoff/snapshots/db-ChargingPolicyVersions.json	632	6684f775388f242b84c16137ed0bba4582061d20ce6ea60910a6911efb868b93
5f3adc42	g3-fault-cargo-handoff	scenarios/g3-fault-cargo-handoff/snapshots/db-CreateGateAudit.json	960	eb50b1ac90ddb018114f84da2620095af171bed647a42952293289d43bd648b8
5f3adc42	g3-fault-cargo-handoff	scenarios/g3-fault-cargo-handoff/snapshots/db-DispatchZoneAreaAssignments.json	377	ffd7aa7365bc86efef17a319718d4204d0b1a59ba4472d7aa02a7a181ceaee9c
5f3adc42	g3-fault-cargo-handoff	scenarios/g3-fault-cargo-handoff/snapshots/db-DispatchZoneAreaAssignmentVersions.json	235	f8285b17948056a307c0797c1f63759d898020dddc93fb4a83eb4490c689f582
5f3adc42	g3-fault-cargo-handoff	scenarios/g3-fault-cargo-handoff/snapshots/db-DispatchZoneParameters.json	0	e3b0c44298fc1c149afbf4c8996fb92427ae41e4649b934ca495991b7852b855
5f3adc42	g3-fault-cargo-handoff	scenarios/g3-fault-cargo-handoff/snapshots/db-DispatchZoneParameterVersions.json	0	e3b0c44298fc1c149afbf4c8996fb92427ae41e4649b934ca495991b7852b855
5f3adc42	g3-fault-cargo-handoff	scenarios/g3-fault-cargo-handoff/snapshots/db-ExceptionRecoverySessions.json	786	b1030bf500216edd5e1249dc53486df9e157b9361ff8fcf273168ccc0c26657c
5f3adc42	g3-fault-cargo-handoff	scenarios/g3-fault-cargo-handoff/snapshots/db-FrozenDemandStations.json	1339	7f035324a70ce69bbdd66aaba7e4b95653fb20d14ae7221c2fca147038515fef
5f3adc42	g3-fault-cargo-handoff	scenarios/g3-fault-cargo-handoff/snapshots/db-JourneyBacklog.json	1185	73bb8240a6f66d0a66663c87dfbce5a2fa0a3c136490d252fbe52a456cbb4664
5f3adc42	g3-fault-cargo-handoff	scenarios/g3-fault-cargo-handoff/snapshots/db-JourneyDemands.json	1844	751edfb2f0b6e210d83d3c478fd7754705660c0d90abf7a3e55ed7674c4272df
5f3adc42	g3-fault-cargo-handoff	scenarios/g3-fault-cargo-handoff/snapshots/db-JourneyRuntimes.json	5775	1ff8179eb7b079a1b246e828ee5d5343f1b72b28013e03a1537f210ee8bb9bd3
5f3adc42	g3-fault-cargo-handoff	scenarios/g3-fault-cargo-handoff/snapshots/db-JourneyStops.json	3873	0c8fca5d891aca47ed87792543cfdaec070af6c874154a5c4f1429c016ac6f2d
5f3adc42	g3-fault-cargo-handoff	scenarios/g3-fault-cargo-handoff/snapshots/db-MapStationCatalogStates.json	370	0f3a930846416112b9884623afb3f311f49a0d71b4cf3f019c175d6c61b839c2
5f3adc42	g3-fault-cargo-handoff	scenarios/g3-fault-cargo-handoff/snapshots/db-OnboardAlarmSnapshots.json	213	5caa3aeffa14fe7d7048661ba33913e6c3ceafb4fd86ab48f182986c2d1481d4
5f3adc42	g3-fault-cargo-handoff	scenarios/g3-fault-cargo-handoff/snapshots/db-OperationResults.json	666	e62d9acd38c67c9f63212cb213ca057064c21c410d19c6981dea5198f14a362d
5f3adc42	g3-fault-cargo-handoff	scenarios/g3-fault-cargo-handoff/snapshots/db-OrderIntents.json	3182	27311bc0b7b8120daea357c7874a9b647e656a31a00e6bf167fae75cf169b6c2
5f3adc42	g3-fault-cargo-handoff	scenarios/g3-fault-cargo-handoff/snapshots/db-OwnOrderRebuilds.json	0	e3b0c44298fc1c149afbf4c8996fb92427ae41e4649b934ca495991b7852b855
5f3adc42	g3-fault-cargo-handoff	scenarios/g3-fault-cargo-handoff/snapshots/db-RecoveryWorkflows.json	1201	34bd78e6eee4eb983576307c2fd912daab97f3e5795a06bdb08f4b27a9bbd3c8
5f3adc42	g3-fault-cargo-handoff	scenarios/g3-fault-cargo-handoff/snapshots/db-RiotDispatchAuditEvents.json	9112	c42d0a6acc6367c284c367adfe2d221a92cc9a6b06845c2109711ba0f49a69dd
5f3adc42	g3-fault-cargo-handoff	scenarios/g3-fault-cargo-handoff/snapshots/db-RiotOrderCommandAudit.json	0	e3b0c44298fc1c149afbf4c8996fb92427ae41e4649b934ca495991b7852b855
5f3adc42	g3-fault-cargo-handoff	scenarios/g3-fault-cargo-handoff/snapshots/db-RouteGraphSnapshots.json	0	e3b0c44298fc1c149afbf4c8996fb92427ae41e4649b934ca495991b7852b855
5f3adc42	g3-fault-cargo-handoff	scenarios/g3-fault-cargo-handoff/snapshots/db-SessionRecoveries.json	1136	d7297d7ff4cc4bc2ab681308b5101c566de94a34496076fbe6df6dabfdf90837
5f3adc42	g3-fault-cargo-handoff	scenarios/g3-fault-cargo-handoff/snapshots/db-SlotConfigurationActivations.json	0	e3b0c44298fc1c149afbf4c8996fb92427ae41e4649b934ca495991b7852b855
5f3adc42	g3-fault-cargo-handoff	scenarios/g3-fault-cargo-handoff/snapshots/db-SlotFaultDeclarations.json	0	e3b0c44298fc1c149afbf4c8996fb92427ae41e4649b934ca495991b7852b855
5f3adc42	g3-fault-cargo-handoff	scenarios/g3-fault-cargo-handoff/snapshots/db-SlotIoBindings.json	4258	287c0afb91dc16bcffe53c452c1d74ad98d1787e47e61222404911a00fb07499
5f3adc42	g3-fault-cargo-handoff	scenarios/g3-fault-cargo-handoff/snapshots/db-SlotModelVersions.json	321	58ad1f6660cfa313fcd492ebc9a4f1dc49d9d9a5ac073d99fa822c0ecd4ee310
5f3adc42	g3-fault-cargo-handoff	scenarios/g3-fault-cargo-handoff/snapshots/db-StationExclusivities.json	0	e3b0c44298fc1c149afbf4c8996fb92427ae41e4649b934ca495991b7852b855
5f3adc42	g3-fault-cargo-handoff	scenarios/g3-fault-cargo-handoff/snapshots/db-StationExclusivityRecords.json	471	a3ceb0e5d2d98cfc18f8fb2ac3ebb048a5dd85ae2075e3d0bab95c0ddbc00480
5f3adc42	g3-fault-cargo-handoff	scenarios/g3-fault-cargo-handoff/snapshots/db-StationOperations.json	477	46be30dfc50d063841d81a93da4f85690bb594f8c6013fbe7bef349a98c8b864
5f3adc42	g3-fault-cargo-handoff	scenarios/g3-fault-cargo-handoff/snapshots/db-StructuralDispatchBlocks.json	0	e3b0c44298fc1c149afbf4c8996fb92427ae41e4649b934ca495991b7852b855
5f3adc42	g3-fault-cargo-handoff	scenarios/g3-fault-cargo-handoff/snapshots/db-TaskTypeStationActiveBindingSets.json	144	b13ef2c24f1a3299039e54fc447e326c36a7bf65190af5857a0c0a1e468b8bc5
5f3adc42	g3-fault-cargo-handoff	scenarios/g3-fault-cargo-handoff/snapshots/db-TaskTypeStationBindings.json	173	b412006843f62c50e682598812b9f1746f67a659a3a2ddcff12221d6be0bbc28
5f3adc42	g3-fault-cargo-handoff	scenarios/g3-fault-cargo-handoff/snapshots/db-TaskTypeStationBindingSetVersions.json	396	a1142f4ba089cfe74692a6540f06ddad6dbd51b0a0891ecd2c90e483e6687b8a
5f3adc42	g3-fault-cargo-handoff	scenarios/g3-fault-cargo-handoff/snapshots/db-TaskTypeStationRuleVersions.json	331	4e92690948b4182570d9ac887457fc9112693219e1ee77013f434aab3c3f937b
5f3adc42	g3-fault-cargo-handoff	scenarios/g3-fault-cargo-handoff/snapshots/db-VehiclePurposeClaimRecords.json	682	10c522b67bfcdf8509b16c68e37a18e909e7feb3b5bb558b833a4d0dd6ec762d
5f3adc42	g3-fault-cargo-handoff	scenarios/g3-fault-cargo-handoff/snapshots/db-VehiclePurposeClaims.json	183	9eaef0c9b95d3bda0c71df17b7601c174bf01516659ddcaf4eb710573d72ae43
5f3adc42	g3-fault-cargo-handoff	scenarios/g3-fault-cargo-handoff/snapshots/db-WaitingPoints.json	0	e3b0c44298fc1c149afbf4c8996fb92427ae41e4649b934ca495991b7852b855
5f3adc42	g3-fault-cargo-handoff	scenarios/g3-fault-cargo-handoff/snapshots/db-WaitingPointVehicleScopes.json	0	e3b0c44298fc1c149afbf4c8996fb92427ae41e4649b934ca495991b7852b855
5f3adc42	g3-fault-cargo-handoff	scenarios/g3-fault-cargo-handoff/snapshots/db-WaitingPointVersions.json	0	e3b0c44298fc1c149afbf4c8996fb92427ae41e4649b934ca495991b7852b855
5f3adc42	g3-fault-cargo-handoff	scenarios/g3-fault-cargo-handoff/snapshots/fake-mes-ingest.json	1770	8fc1c5e88c66100ae4e9fcf0ba99399d87b65d48ef558af46fcd6215365a478c
5f3adc42	g3-fault-cargo-handoff	scenarios/g3-fault-cargo-handoff/snapshots/fake-riot.json	3386	9c63527fb9ddefa25d24951f4f7c5e47a5d60086265bf5632dab45ac5868dae6
5f3adc42	g3-fault-cargo-handoff	scenarios/g3-fault-cargo-handoff/snapshots/preseed-area-assignments.csv	128	9906e26d53df2e02e2cb2da976840b5764419d03f3d724097fe4bf7ce36ec8af
5f3adc42	g3-fault-cargo-handoff	scenarios/g3-fault-cargo-handoff/snapshots/preseed-charging-policy.json	444	c9cff5e4ecf1d832d52d74154c81f43961075a5ca9d96150e9f079ea0afc2bfa
5f3adc42	g3-fault-cargo-handoff	scenarios/g3-fault-cargo-handoff/snapshots/slots-simulator.json	3029	f3c9cbdf8489398c61d5fa9e52a17307415ff7e6a4670ed4f2701d8271a6c508
5f3adc42	g3-fault-cargo-handoff	scenarios/g3-fault-cargo-handoff/snapshots/task-type-stations.settings.json	894	d69ededa82fcf5dad3cdcc83b1682ae1f2ca0ce41be15f438c179105d114cc4f
5f3adc42	g3-journey-demand-to-pickup	scenarios/g3-journey-demand-to-pickup/logs/build-onboard-hmi.log	2690	0c3d167d494d826e5e475a3cf2275056d675285fd90deed417f155b66bb00b7d
5f3adc42	g3-journey-demand-to-pickup	scenarios/g3-journey-demand-to-pickup/logs/build-slots-simulator.log	1290	32cd358bd9091194d770948cf3cf96267a7c22ebdbcfa5a6b68982b126aa8ca1
5f3adc42	g3-journey-demand-to-pickup	scenarios/g3-journey-demand-to-pickup/logs/build.log	4257	ff2d5df4fb33898cb0a0a1083ccb216ab0b4521e7b90c896d40a4ee2811020db
5f3adc42	g3-journey-demand-to-pickup	scenarios/g3-journey-demand-to-pickup/logs/control-server.err.log	0	e3b0c44298fc1c149afbf4c8996fb92427ae41e4649b934ca495991b7852b855
5f3adc42	g3-journey-demand-to-pickup	scenarios/g3-journey-demand-to-pickup/logs/control-server.out.log	809612	49c9341156569cf161cde98dc404bf6d1521c051a143aa3598ff32f5a39eaec0
5f3adc42	g3-journey-demand-to-pickup	scenarios/g3-journey-demand-to-pickup/logs/fake-mes-ingest.err.log	0	e3b0c44298fc1c149afbf4c8996fb92427ae41e4649b934ca495991b7852b855
5f3adc42	g3-journey-demand-to-pickup	scenarios/g3-journey-demand-to-pickup/logs/fake-mes-ingest.out.log	34809	3f1bb209d00f12044ae07f5a60fd3ca0697cfb36afbde33eb07f0533a73d70d8
5f3adc42	g3-journey-demand-to-pickup	scenarios/g3-journey-demand-to-pickup/logs/fake-riot.err.log	0	e3b0c44298fc1c149afbf4c8996fb92427ae41e4649b934ca495991b7852b855
5f3adc42	g3-journey-demand-to-pickup	scenarios/g3-journey-demand-to-pickup/logs/fake-riot.out.log	118422	c84bbfb01d6f3432a50c0de7da892e37c1885bed1f30c4703ee21c4f0a796000
5f3adc42	g3-journey-demand-to-pickup	scenarios/g3-journey-demand-to-pickup/logs/onboard-hmi.err.log	0	e3b0c44298fc1c149afbf4c8996fb92427ae41e4649b934ca495991b7852b855
5f3adc42	g3-journey-demand-to-pickup	scenarios/g3-journey-demand-to-pickup/logs/onboard-hmi.out.log	0	e3b0c44298fc1c149afbf4c8996fb92427ae41e4649b934ca495991b7852b855
5f3adc42	g3-journey-demand-to-pickup	scenarios/g3-journey-demand-to-pickup/logs/package-capacity-import.err.log	0	e3b0c44298fc1c149afbf4c8996fb92427ae41e4649b934ca495991b7852b855
5f3adc42	g3-journey-demand-to-pickup	scenarios/g3-journey-demand-to-pickup/logs/package-capacity-import.out.log	162553	ac7cfcffd362f169ac3af1507216b3512a43c58b7ae3dc60b027a5b08cbbd41e
5f3adc42	g3-journey-demand-to-pickup	scenarios/g3-journey-demand-to-pickup/logs/slots-simulator.err.log	0	e3b0c44298fc1c149afbf4c8996fb92427ae41e4649b934ca495991b7852b855
5f3adc42	g3-journey-demand-to-pickup	scenarios/g3-journey-demand-to-pickup/logs/slots-simulator.out.log	0	e3b0c44298fc1c149afbf4c8996fb92427ae41e4649b934ca495991b7852b855
5f3adc42	g3-journey-demand-to-pickup	scenarios/g3-journey-demand-to-pickup/logs/onboard-app/agv-20261010.log	3335	6d05d69f5007bb7410b11b5507e3c6c57174c5693c2c61791d80e84ab25b1bf3
5f3adc42	g3-journey-demand-to-pickup	scenarios/g3-journey-demand-to-pickup/snapshots/db-AcceptedDemands.json	846	a11c75f82dcdd794be16a08c482c5d111b7266ddcc25da05d0d3b9ff53bd4cbe
5f3adc42	g3-journey-demand-to-pickup	scenarios/g3-journey-demand-to-pickup/snapshots/db-ActiveSlotConfigurations.json	0	e3b0c44298fc1c149afbf4c8996fb92427ae41e4649b934ca495991b7852b855
5f3adc42	g3-journey-demand-to-pickup	scenarios/g3-journey-demand-to-pickup/snapshots/db-BusinessAuditRecords.json	6501	662e38fda32b1dedc5364f03c29072401edcf67842d78c7a7f6d92cafa4747ed
5f3adc42	g3-journey-demand-to-pickup	scenarios/g3-journey-demand-to-pickup/snapshots/db-ChargerRosterEntries.json	0	e3b0c44298fc1c149afbf4c8996fb92427ae41e4649b934ca495991b7852b855
5f3adc42	g3-journey-demand-to-pickup	scenarios/g3-journey-demand-to-pickup/snapshots/db-ChargerRosterVersions.json	0	e3b0c44298fc1c149afbf4c8996fb92427ae41e4649b934ca495991b7852b855
5f3adc42	g3-journey-demand-to-pickup	scenarios/g3-journey-demand-to-pickup/snapshots/db-ChargingPolicyActivations.json	188	72174666816bfed741334226ce92befc0170535c106984a9d8bbfb50b336f544
5f3adc42	g3-journey-demand-to-pickup	scenarios/g3-journey-demand-to-pickup/snapshots/db-ChargingPolicyApprovals.json	282	8698ba9f1f672a51e0ae028f7ab81f2d47a6cb0b940fa4e4a964ae11ca567901
5f3adc42	g3-journey-demand-to-pickup	scenarios/g3-journey-demand-to-pickup/snapshots/db-ChargingPolicyVehicleScopes.json	0	e3b0c44298fc1c149afbf4c8996fb92427ae41e4649b934ca495991b7852b855
5f3adc42	g3-journey-demand-to-pickup	scenarios/g3-journey-demand-to-pickup/snapshots/db-ChargingPolicyVersions.json	632	4fe6b68c90c324d4cd4cd3d5a15f4d2864b7e37e4a1bd8143971964aff249f6b
5f3adc42	g3-journey-demand-to-pickup	scenarios/g3-journey-demand-to-pickup/snapshots/db-CreateGateAudit.json	444	c5f530ed26a7826fb8a95cbe93d82ea514e911c2dd791f4adb984f88fcb01a5d
5f3adc42	g3-journey-demand-to-pickup	scenarios/g3-journey-demand-to-pickup/snapshots/db-DispatchZoneAreaAssignments.json	377	ffd7aa7365bc86efef17a319718d4204d0b1a59ba4472d7aa02a7a181ceaee9c
5f3adc42	g3-journey-demand-to-pickup	scenarios/g3-journey-demand-to-pickup/snapshots/db-DispatchZoneAreaAssignmentVersions.json	234	f5f0def26d577ff1e0d8765cf8d34d68a0764ae69717cde3deab58922b838dac
5f3adc42	g3-journey-demand-to-pickup	scenarios/g3-journey-demand-to-pickup/snapshots/db-DispatchZoneParameters.json	0	e3b0c44298fc1c149afbf4c8996fb92427ae41e4649b934ca495991b7852b855
5f3adc42	g3-journey-demand-to-pickup	scenarios/g3-journey-demand-to-pickup/snapshots/db-DispatchZoneParameterVersions.json	0	e3b0c44298fc1c149afbf4c8996fb92427ae41e4649b934ca495991b7852b855
5f3adc42	g3-journey-demand-to-pickup	scenarios/g3-journey-demand-to-pickup/snapshots/db-ExceptionRecoverySessions.json	0	e3b0c44298fc1c149afbf4c8996fb92427ae41e4649b934ca495991b7852b855
5f3adc42	g3-journey-demand-to-pickup	scenarios/g3-journey-demand-to-pickup/snapshots/db-FrozenDemandStations.json	664	9c02bfb1844f96832945c3e721e256075449edeadec606e5346aace969afa473
5f3adc42	g3-journey-demand-to-pickup	scenarios/g3-journey-demand-to-pickup/snapshots/db-JourneyBacklog.json	568	43ee8e7a0b4c0fdccf242cb690fdf76d31e3e8c2028e64d947a1a5ea124787c2
5f3adc42	g3-journey-demand-to-pickup	scenarios/g3-journey-demand-to-pickup/snapshots/db-JourneyDemands.json	879	0ff15700b741fde9475e31e7cf56e194e821ab3c02d0ca52a3b559cf8ed068d5
5f3adc42	g3-journey-demand-to-pickup	scenarios/g3-journey-demand-to-pickup/snapshots/db-JourneyRuntimes.json	2786	0471fc96901c4a70ffd3a0a37e0947ac1529ebcefdb3e929a3509c9ea8241e16
5f3adc42	g3-journey-demand-to-pickup	scenarios/g3-journey-demand-to-pickup/snapshots/db-JourneyStops.json	1939	a7bc122e5f1c0ddec81bbbbfe2e8eb91ce9dab302c688b18bd32bfd08fa2e306
5f3adc42	g3-journey-demand-to-pickup	scenarios/g3-journey-demand-to-pickup/snapshots/db-MapStationCatalogStates.json	370	0017814dc986048337118cea59bd4590908b33230b3f5d2b4c1362bb51d892a4
5f3adc42	g3-journey-demand-to-pickup	scenarios/g3-journey-demand-to-pickup/snapshots/db-OnboardAlarmSnapshots.json	213	4118cd39390f905fe27efc1840c4cd91be2c71d2224e727a8b58467a298e0fc4
5f3adc42	g3-journey-demand-to-pickup	scenarios/g3-journey-demand-to-pickup/snapshots/db-OperationResults.json	0	e3b0c44298fc1c149afbf4c8996fb92427ae41e4649b934ca495991b7852b855
5f3adc42	g3-journey-demand-to-pickup	scenarios/g3-journey-demand-to-pickup/snapshots/db-OrderIntents.json	1531	5b4daae7cc750b82bc70464c9bb197e46a349c7c48e07540e3d3346b595799e4
5f3adc42	g3-journey-demand-to-pickup	scenarios/g3-journey-demand-to-pickup/snapshots/db-OwnOrderRebuilds.json	0	e3b0c44298fc1c149afbf4c8996fb92427ae41e4649b934ca495991b7852b855
5f3adc42	g3-journey-demand-to-pickup	scenarios/g3-journey-demand-to-pickup/snapshots/db-RecoveryWorkflows.json	0	e3b0c44298fc1c149afbf4c8996fb92427ae41e4649b934ca495991b7852b855
5f3adc42	g3-journey-demand-to-pickup	scenarios/g3-journey-demand-to-pickup/snapshots/db-RiotDispatchAuditEvents.json	4558	e583d6107fd9cafa9ed0f40e512589e7afddb74474bf17ab7793c27c644aa355
5f3adc42	g3-journey-demand-to-pickup	scenarios/g3-journey-demand-to-pickup/snapshots/db-RiotOrderCommandAudit.json	0	e3b0c44298fc1c149afbf4c8996fb92427ae41e4649b934ca495991b7852b855
5f3adc42	g3-journey-demand-to-pickup	scenarios/g3-journey-demand-to-pickup/snapshots/db-RouteGraphSnapshots.json	0	e3b0c44298fc1c149afbf4c8996fb92427ae41e4649b934ca495991b7852b855
5f3adc42	g3-journey-demand-to-pickup	scenarios/g3-journey-demand-to-pickup/snapshots/db-SessionRecoveries.json	1122	13552001aeb65a90f7c0f1a9e86744007a6739479d682ed94b7737892ee781e6
5f3adc42	g3-journey-demand-to-pickup	scenarios/g3-journey-demand-to-pickup/snapshots/db-SlotConfigurationActivations.json	0	e3b0c44298fc1c149afbf4c8996fb92427ae41e4649b934ca495991b7852b855
5f3adc42	g3-journey-demand-to-pickup	scenarios/g3-journey-demand-to-pickup/snapshots/db-SlotFaultDeclarations.json	0	e3b0c44298fc1c149afbf4c8996fb92427ae41e4649b934ca495991b7852b855
5f3adc42	g3-journey-demand-to-pickup	scenarios/g3-journey-demand-to-pickup/snapshots/db-SlotIoBindings.json	4258	19dffe8c36927e41dd73a9e8dbf9d164e81fb47ffb55bfc357be38083201400a
5f3adc42	g3-journey-demand-to-pickup	scenarios/g3-journey-demand-to-pickup/snapshots/db-SlotModelVersions.json	321	631ebbf874b0f46ba1cf35e2364356316d8ddb468c91fc9c290bacc597f250bf
5f3adc42	g3-journey-demand-to-pickup	scenarios/g3-journey-demand-to-pickup/snapshots/db-StationExclusivities.json	0	e3b0c44298fc1c149afbf4c8996fb92427ae41e4649b934ca495991b7852b855
5f3adc42	g3-journey-demand-to-pickup	scenarios/g3-journey-demand-to-pickup/snapshots/db-StationExclusivityRecords.json	0	e3b0c44298fc1c149afbf4c8996fb92427ae41e4649b934ca495991b7852b855
5f3adc42	g3-journey-demand-to-pickup	scenarios/g3-journey-demand-to-pickup/snapshots/db-StationOperations.json	0	e3b0c44298fc1c149afbf4c8996fb92427ae41e4649b934ca495991b7852b855
5f3adc42	g3-journey-demand-to-pickup	scenarios/g3-journey-demand-to-pickup/snapshots/db-StructuralDispatchBlocks.json	0	e3b0c44298fc1c149afbf4c8996fb92427ae41e4649b934ca495991b7852b855
5f3adc42	g3-journey-demand-to-pickup	scenarios/g3-journey-demand-to-pickup/snapshots/db-TaskTypeStationActiveBindingSets.json	144	be382724f6be8fcbb0766c356d4bb866596d376eb50c565cf07685186b8ad8d7
5f3adc42	g3-journey-demand-to-pickup	scenarios/g3-journey-demand-to-pickup/snapshots/db-TaskTypeStationBindings.json	173	b412006843f62c50e682598812b9f1746f67a659a3a2ddcff12221d6be0bbc28
5f3adc42	g3-journey-demand-to-pickup	scenarios/g3-journey-demand-to-pickup/snapshots/db-TaskTypeStationBindingSetVersions.json	396	3dbd144e45b407e379ef405b8708af465e2a7183ee5e618430fec0a22733db03
5f3adc42	g3-journey-demand-to-pickup	scenarios/g3-journey-demand-to-pickup/snapshots/db-TaskTypeStationRuleVersions.json	331	b93c2de1221bf882e43ecdc01964e51918e37a5029160a1b96b14b220bc2390d
5f3adc42	g3-journey-demand-to-pickup	scenarios/g3-journey-demand-to-pickup/snapshots/db-VehiclePurposeClaimRecords.json	288	2fcacb3e2e06f11a05af476ea42a9450c6ae9aeda988ffcaca3986c259df192c
5f3adc42	g3-journey-demand-to-pickup	scenarios/g3-journey-demand-to-pickup/snapshots/db-VehiclePurposeClaims.json	183	9b4f2ad46eefa66272e5f45f12b1715fcbdf8428d3b23d0e59f5fe49afc3ad23
5f3adc42	g3-journey-demand-to-pickup	scenarios/g3-journey-demand-to-pickup/snapshots/db-WaitingPoints.json	0	e3b0c44298fc1c149afbf4c8996fb92427ae41e4649b934ca495991b7852b855
5f3adc42	g3-journey-demand-to-pickup	scenarios/g3-journey-demand-to-pickup/snapshots/db-WaitingPointVehicleScopes.json	0	e3b0c44298fc1c149afbf4c8996fb92427ae41e4649b934ca495991b7852b855
5f3adc42	g3-journey-demand-to-pickup	scenarios/g3-journey-demand-to-pickup/snapshots/db-WaitingPointVersions.json	0	e3b0c44298fc1c149afbf4c8996fb92427ae41e4649b934ca495991b7852b855
5f3adc42	g3-journey-demand-to-pickup	scenarios/g3-journey-demand-to-pickup/snapshots/fake-mes-ingest.json	1038	e35783ade0ed99fd7e905161d0094e4c2ba31703ce9d73c2a30ed7ce44d61713
5f3adc42	g3-journey-demand-to-pickup	scenarios/g3-journey-demand-to-pickup/snapshots/fake-riot.json	2949	44e83c45375db54261d3987010dabece88799fb4733542e55f0e57a56cea5c92
5f3adc42	g3-journey-demand-to-pickup	scenarios/g3-journey-demand-to-pickup/snapshots/preseed-area-assignments.csv	128	9906e26d53df2e02e2cb2da976840b5764419d03f3d724097fe4bf7ce36ec8af
5f3adc42	g3-journey-demand-to-pickup	scenarios/g3-journey-demand-to-pickup/snapshots/preseed-charging-policy.json	444	c9cff5e4ecf1d832d52d74154c81f43961075a5ca9d96150e9f079ea0afc2bfa
5f3adc42	g3-journey-demand-to-pickup	scenarios/g3-journey-demand-to-pickup/snapshots/slots-simulator.json	3029	36563815cba2708eecf127a822e1f8a782c21a72de0c6c8cb1d6419867ce9683
5f3adc42	g3-journey-demand-to-pickup	scenarios/g3-journey-demand-to-pickup/snapshots/task-type-stations.settings.json	894	d69ededa82fcf5dad3cdcc83b1682ae1f2ca0ce41be15f438c179105d114cc4f
5f3adc42	g3-load-cancellation	scenarios/g3-load-cancellation/logs/build.log	2464	cba4cd14c535008fdd83a2677114d385fb2ed485ba585eeb77844935d4d5c983
5f3adc42	g3-load-cancellation	scenarios/g3-load-cancellation/logs/control-server.err.log	0	e3b0c44298fc1c149afbf4c8996fb92427ae41e4649b934ca495991b7852b855
5f3adc42	g3-load-cancellation	scenarios/g3-load-cancellation/logs/control-server.out.log	4458260	1860cc2ea74ae4732a6d8bb0d93744c15b08ab5afa17335e89bfe5a45dbab6cf
5f3adc42	g3-load-cancellation	scenarios/g3-load-cancellation/logs/fake-mes-ingest.err.log	0	e3b0c44298fc1c149afbf4c8996fb92427ae41e4649b934ca495991b7852b855
5f3adc42	g3-load-cancellation	scenarios/g3-load-cancellation/logs/fake-mes-ingest.out.log	176749	f30e23d450cad934f04ce091f6f1e3a7e99c49831c759f510965ec355a24ca1d
5f3adc42	g3-load-cancellation	scenarios/g3-load-cancellation/logs/fake-riot.err.log	0	e3b0c44298fc1c149afbf4c8996fb92427ae41e4649b934ca495991b7852b855
5f3adc42	g3-load-cancellation	scenarios/g3-load-cancellation/logs/fake-riot.out.log	622107	5d9e95e871d5ea7f80ceb6e310bc6e343771daf4eda6eee649ef85beb5c83778
5f3adc42	g3-load-cancellation	scenarios/g3-load-cancellation/logs/onboard-hmi.err.log	0	e3b0c44298fc1c149afbf4c8996fb92427ae41e4649b934ca495991b7852b855
5f3adc42	g3-load-cancellation	scenarios/g3-load-cancellation/logs/onboard-hmi.out.log	0	e3b0c44298fc1c149afbf4c8996fb92427ae41e4649b934ca495991b7852b855
5f3adc42	g3-load-cancellation	scenarios/g3-load-cancellation/logs/package-capacity-import.err.log	0	e3b0c44298fc1c149afbf4c8996fb92427ae41e4649b934ca495991b7852b855
5f3adc42	g3-load-cancellation	scenarios/g3-load-cancellation/logs/package-capacity-import.out.log	162552	98a0437dbe9e5a8c132110a91adeb53fed905140ab6d8aac356fa2d6bcc33fb5
5f3adc42	g3-load-cancellation	scenarios/g3-load-cancellation/logs/slots-simulator.err.log	0	e3b0c44298fc1c149afbf4c8996fb92427ae41e4649b934ca495991b7852b855
5f3adc42	g3-load-cancellation	scenarios/g3-load-cancellation/logs/slots-simulator.out.log	0	e3b0c44298fc1c149afbf4c8996fb92427ae41e4649b934ca495991b7852b855
5f3adc42	g3-load-cancellation	scenarios/g3-load-cancellation/logs/onboard-app/agv-20261010.log	9230	68a2d34a46d8f5e8837b36f2a91b90592aa4ff742d65f8f975dfc81ef543c86d
5f3adc42	g3-load-cancellation	scenarios/g3-load-cancellation/snapshots/db-AcceptedDemands.json	1785	72c08cfd909c97e23fe563bd2f601425451ffef4a790428fcaca8a18d7698cc4
5f3adc42	g3-load-cancellation	scenarios/g3-load-cancellation/snapshots/db-ActiveSlotConfigurations.json	0	e3b0c44298fc1c149afbf4c8996fb92427ae41e4649b934ca495991b7852b855
5f3adc42	g3-load-cancellation	scenarios/g3-load-cancellation/snapshots/db-BusinessAuditRecords.json	6501	2e04f2028716751dac63ea06446b264c12d6b82fc90a2a725e366dc1d6cefb5e
5f3adc42	g3-load-cancellation	scenarios/g3-load-cancellation/snapshots/db-ChargerRosterEntries.json	0	e3b0c44298fc1c149afbf4c8996fb92427ae41e4649b934ca495991b7852b855
5f3adc42	g3-load-cancellation	scenarios/g3-load-cancellation/snapshots/db-ChargerRosterVersions.json	0	e3b0c44298fc1c149afbf4c8996fb92427ae41e4649b934ca495991b7852b855
5f3adc42	g3-load-cancellation	scenarios/g3-load-cancellation/snapshots/db-ChargingPolicyActivations.json	189	6244e97180613da0b819ca221c22224b48fd01039ffc0d6914425935a4ac0287
5f3adc42	g3-load-cancellation	scenarios/g3-load-cancellation/snapshots/db-ChargingPolicyApprovals.json	282	42e349eab77671df6d134eaa85f8b4ef30c022727fbb857a5c97e057011feee3
5f3adc42	g3-load-cancellation	scenarios/g3-load-cancellation/snapshots/db-ChargingPolicyVehicleScopes.json	0	e3b0c44298fc1c149afbf4c8996fb92427ae41e4649b934ca495991b7852b855
5f3adc42	g3-load-cancellation	scenarios/g3-load-cancellation/snapshots/db-ChargingPolicyVersions.json	632	8560cb113e10b6fe9aba89b9e73c29e3372ccc15aaafb3dc6d22818e9ad293a0
5f3adc42	g3-load-cancellation	scenarios/g3-load-cancellation/snapshots/db-CreateGateAudit.json	960	3331660f45c68e4c60fe7e1be3b984496ee518d131061784db6b0e1ddea4ea62
5f3adc42	g3-load-cancellation	scenarios/g3-load-cancellation/snapshots/db-DispatchZoneAreaAssignments.json	377	ffd7aa7365bc86efef17a319718d4204d0b1a59ba4472d7aa02a7a181ceaee9c
5f3adc42	g3-load-cancellation	scenarios/g3-load-cancellation/snapshots/db-DispatchZoneAreaAssignmentVersions.json	233	708b8c9ae5984033c8256ebea428a7bc43b94a2ed0c819dafb42742ae0f4903d
5f3adc42	g3-load-cancellation	scenarios/g3-load-cancellation/snapshots/db-DispatchZoneParameters.json	0	e3b0c44298fc1c149afbf4c8996fb92427ae41e4649b934ca495991b7852b855
5f3adc42	g3-load-cancellation	scenarios/g3-load-cancellation/snapshots/db-DispatchZoneParameterVersions.json	0	e3b0c44298fc1c149afbf4c8996fb92427ae41e4649b934ca495991b7852b855
5f3adc42	g3-load-cancellation	scenarios/g3-load-cancellation/snapshots/db-ExceptionRecoverySessions.json	0	e3b0c44298fc1c149afbf4c8996fb92427ae41e4649b934ca495991b7852b855
5f3adc42	g3-load-cancellation	scenarios/g3-load-cancellation/snapshots/db-FrozenDemandStations.json	1337	dbe53188c0b1c2805b0e1eb4b2224bfdcc92db81f5e373d5279376e88c594e17
5f3adc42	g3-load-cancellation	scenarios/g3-load-cancellation/snapshots/db-JourneyBacklog.json	1183	6dc7a329bff5a046d14f4c955afc5ae7f998376df7086ca0b5dd11a09d99b94e
5f3adc42	g3-load-cancellation	scenarios/g3-load-cancellation/snapshots/db-JourneyDemands.json	1846	ac354fd1a71cef3d30eaf1dcf43d79dad33c96a5ad4d1719703dac9c25c6c0fd
5f3adc42	g3-load-cancellation	scenarios/g3-load-cancellation/snapshots/db-JourneyRuntimes.json	5767	278204b11ad0180596df5037a423516ad57a3cf98031e40fae0d5758999352bf
5f3adc42	g3-load-cancellation	scenarios/g3-load-cancellation/snapshots/db-JourneyStops.json	3873	1fc5ad879ad71c6df9f776aad09930f8e2f49716be8a71b33a04a5d9d91b2ee5
5f3adc42	g3-load-cancellation	scenarios/g3-load-cancellation/snapshots/db-MapStationCatalogStates.json	370	d0a5c8f72b6d2f6eb672597b498f2b1083d931e4657ce338759e5f6ccce3f726
5f3adc42	g3-load-cancellation	scenarios/g3-load-cancellation/snapshots/db-OnboardAlarmSnapshots.json	212	96d91fb465d2f1621c020b2e435d5909c0e2f76bd829aa955a8437104d8a9d31
5f3adc42	g3-load-cancellation	scenarios/g3-load-cancellation/snapshots/db-OperationResults.json	0	e3b0c44298fc1c149afbf4c8996fb92427ae41e4649b934ca495991b7852b855
5f3adc42	g3-load-cancellation	scenarios/g3-load-cancellation/snapshots/db-OrderIntents.json	3182	823c0660190dfbe01e8c7bbf235de14b4797398ef4bb80c610b092097bbc26b2
5f3adc42	g3-load-cancellation	scenarios/g3-load-cancellation/snapshots/db-OwnOrderRebuilds.json	0	e3b0c44298fc1c149afbf4c8996fb92427ae41e4649b934ca495991b7852b855
5f3adc42	g3-load-cancellation	scenarios/g3-load-cancellation/snapshots/db-RecoveryWorkflows.json	1013	8466c24dbc037257ce468807a4b793909eab87578ed022b8cd265792e87b527f
5f3adc42	g3-load-cancellation	scenarios/g3-load-cancellation/snapshots/db-RiotDispatchAuditEvents.json	9113	ed5f2fe6c97c4e2d3cf0b498985fadbc3a0e708226ba1e4985b5f06f3fbd50c7
5f3adc42	g3-load-cancellation	scenarios/g3-load-cancellation/snapshots/db-RiotOrderCommandAudit.json	0	e3b0c44298fc1c149afbf4c8996fb92427ae41e4649b934ca495991b7852b855
5f3adc42	g3-load-cancellation	scenarios/g3-load-cancellation/snapshots/db-RouteGraphSnapshots.json	0	e3b0c44298fc1c149afbf4c8996fb92427ae41e4649b934ca495991b7852b855
5f3adc42	g3-load-cancellation	scenarios/g3-load-cancellation/snapshots/db-SessionRecoveries.json	1122	97fe3435282e684abf0660a2fb24af312eeabb060065eac7d345f44bca6b8115
5f3adc42	g3-load-cancellation	scenarios/g3-load-cancellation/snapshots/db-SlotConfigurationActivations.json	0	e3b0c44298fc1c149afbf4c8996fb92427ae41e4649b934ca495991b7852b855
5f3adc42	g3-load-cancellation	scenarios/g3-load-cancellation/snapshots/db-SlotFaultDeclarations.json	0	e3b0c44298fc1c149afbf4c8996fb92427ae41e4649b934ca495991b7852b855
5f3adc42	g3-load-cancellation	scenarios/g3-load-cancellation/snapshots/db-SlotIoBindings.json	4258	c9312d1bce3fa541e8c16803e7e9556e0b066bade58121856df1149526256c04
5f3adc42	g3-load-cancellation	scenarios/g3-load-cancellation/snapshots/db-SlotModelVersions.json	321	4537f03922c71fd823967e4c13a3731da5f5658f028983efd2c87426c6dbfa7f
5f3adc42	g3-load-cancellation	scenarios/g3-load-cancellation/snapshots/db-StationExclusivities.json	0	e3b0c44298fc1c149afbf4c8996fb92427ae41e4649b934ca495991b7852b855
5f3adc42	g3-load-cancellation	scenarios/g3-load-cancellation/snapshots/db-StationExclusivityRecords.json	471	5ce8ac0e87776f6409f6ac8ca4dd55b4c6adf2e16b1c714092260467eaeedd6b
5f3adc42	g3-load-cancellation	scenarios/g3-load-cancellation/snapshots/db-StationOperations.json	479	7515c1a183469da67ab0b1968b304d7817325ea555dcb2fb3c00cc3dcb06c24a
5f3adc42	g3-load-cancellation	scenarios/g3-load-cancellation/snapshots/db-StructuralDispatchBlocks.json	0	e3b0c44298fc1c149afbf4c8996fb92427ae41e4649b934ca495991b7852b855
5f3adc42	g3-load-cancellation	scenarios/g3-load-cancellation/snapshots/db-TaskTypeStationActiveBindingSets.json	144	6664f43f2add8b07866f210eb7694744872a8e437784b7725c23d0ddd1471f5a
5f3adc42	g3-load-cancellation	scenarios/g3-load-cancellation/snapshots/db-TaskTypeStationBindings.json	173	b412006843f62c50e682598812b9f1746f67a659a3a2ddcff12221d6be0bbc28
5f3adc42	g3-load-cancellation	scenarios/g3-load-cancellation/snapshots/db-TaskTypeStationBindingSetVersions.json	396	2e23cbb9c18302b26e1ce96c6f17b0d3321ddc9355d2f12996d409eaa63fff17
5f3adc42	g3-load-cancellation	scenarios/g3-load-cancellation/snapshots/db-TaskTypeStationRuleVersions.json	331	76266bdafa33eb45d881024cc63d9e9b91f336c946fc439c47c1e9a9be674a24
5f3adc42	g3-load-cancellation	scenarios/g3-load-cancellation/snapshots/db-VehiclePurposeClaimRecords.json	670	58d26965be0e4f24490ba87ed280da5c871e69947b8a4a29ee935a6b1efbde52
5f3adc42	g3-load-cancellation	scenarios/g3-load-cancellation/snapshots/db-VehiclePurposeClaims.json	183	e18b9fcddffcb10b61946b1301a251932d454ed76ddd99af09475f703be8601f
5f3adc42	g3-load-cancellation	scenarios/g3-load-cancellation/snapshots/db-WaitingPoints.json	0	e3b0c44298fc1c149afbf4c8996fb92427ae41e4649b934ca495991b7852b855
5f3adc42	g3-load-cancellation	scenarios/g3-load-cancellation/snapshots/db-WaitingPointVehicleScopes.json	0	e3b0c44298fc1c149afbf4c8996fb92427ae41e4649b934ca495991b7852b855
5f3adc42	g3-load-cancellation	scenarios/g3-load-cancellation/snapshots/db-WaitingPointVersions.json	0	e3b0c44298fc1c149afbf4c8996fb92427ae41e4649b934ca495991b7852b855
5f3adc42	g3-load-cancellation	scenarios/g3-load-cancellation/snapshots/fake-mes-ingest.json	1767	46cbb00392195fbdde2e27020dfd801c474599515c4432475ed2703ca96e9a9f
5f3adc42	g3-load-cancellation	scenarios/g3-load-cancellation/snapshots/fake-riot.json	3388	9081e8e96c10df551ebe9d10a6ab1ef494c727dea934c99165b5ef9ff5118153
5f3adc42	g3-load-cancellation	scenarios/g3-load-cancellation/snapshots/preseed-area-assignments.csv	128	9906e26d53df2e02e2cb2da976840b5764419d03f3d724097fe4bf7ce36ec8af
5f3adc42	g3-load-cancellation	scenarios/g3-load-cancellation/snapshots/preseed-charging-policy.json	444	c9cff5e4ecf1d832d52d74154c81f43961075a5ca9d96150e9f079ea0afc2bfa
5f3adc42	g3-load-cancellation	scenarios/g3-load-cancellation/snapshots/slots-simulator.json	3028	150255fb405f77878cf284ab9bee436539a5ae0b64658ea742a3c77cc8a10311
5f3adc42	g3-load-cancellation	scenarios/g3-load-cancellation/snapshots/task-type-stations.settings.json	894	d69ededa82fcf5dad3cdcc83b1682ae1f2ca0ce41be15f438c179105d114cc4f
5f3adc42	g3-load-cancellation-before-load	scenarios/g3-load-cancellation-before-load/logs/build.log	2464	c0ff9fd4bb692637f3dcb8ee304496ffbec9a786f32bd75ca6d34d20dd1de71b
5f3adc42	g3-load-cancellation-before-load	scenarios/g3-load-cancellation-before-load/logs/control-server.err.log	0	e3b0c44298fc1c149afbf4c8996fb92427ae41e4649b934ca495991b7852b855
5f3adc42	g3-load-cancellation-before-load	scenarios/g3-load-cancellation-before-load/logs/control-server.out.log	1214080	544e15a420ac4814c4fa37ccc643d879eff2a8495766e73b2ce9c9f7f3f03d48
5f3adc42	g3-load-cancellation-before-load	scenarios/g3-load-cancellation-before-load/logs/fake-mes-ingest.err.log	0	e3b0c44298fc1c149afbf4c8996fb92427ae41e4649b934ca495991b7852b855
5f3adc42	g3-load-cancellation-before-load	scenarios/g3-load-cancellation-before-load/logs/fake-mes-ingest.out.log	48852	480fa78395b5dc0205cf6081cbded6171b85637a2472bedb596c4d13de7d1a14
5f3adc42	g3-load-cancellation-before-load	scenarios/g3-load-cancellation-before-load/logs/fake-riot.err.log	0	e3b0c44298fc1c149afbf4c8996fb92427ae41e4649b934ca495991b7852b855
5f3adc42	g3-load-cancellation-before-load	scenarios/g3-load-cancellation-before-load/logs/fake-riot.out.log	180888	8ef130e38c0420e9b168a567274b8d2fc469bfa990d6bbaa2b3fcafad50333e8
5f3adc42	g3-load-cancellation-before-load	scenarios/g3-load-cancellation-before-load/logs/onboard-hmi.err.log	0	e3b0c44298fc1c149afbf4c8996fb92427ae41e4649b934ca495991b7852b855
5f3adc42	g3-load-cancellation-before-load	scenarios/g3-load-cancellation-before-load/logs/onboard-hmi.out.log	0	e3b0c44298fc1c149afbf4c8996fb92427ae41e4649b934ca495991b7852b855
5f3adc42	g3-load-cancellation-before-load	scenarios/g3-load-cancellation-before-load/logs/package-capacity-import.err.log	0	e3b0c44298fc1c149afbf4c8996fb92427ae41e4649b934ca495991b7852b855
5f3adc42	g3-load-cancellation-before-load	scenarios/g3-load-cancellation-before-load/logs/package-capacity-import.out.log	162553	6300ea0dfbc78143b121e473ac4c14baa68599b88e31e3ba5c39562711338ad2
5f3adc42	g3-load-cancellation-before-load	scenarios/g3-load-cancellation-before-load/logs/slots-simulator.err.log	0	e3b0c44298fc1c149afbf4c8996fb92427ae41e4649b934ca495991b7852b855
5f3adc42	g3-load-cancellation-before-load	scenarios/g3-load-cancellation-before-load/logs/slots-simulator.out.log	0	e3b0c44298fc1c149afbf4c8996fb92427ae41e4649b934ca495991b7852b855
5f3adc42	g3-load-cancellation-before-load	scenarios/g3-load-cancellation-before-load/logs/onboard-app/agv-20261010.log	3758	c134ac7a75862cb754972c6d260a96fbba1d14bfe00da558c76e2ce2ed84df9b
5f3adc42	g3-load-cancellation-before-load	scenarios/g3-load-cancellation-before-load/snapshots/db-AcceptedDemands.json	848	2aaf8f7362b7d4abe790b755205cbfcb14c669f23afb86ca937e0ca6270b7456
5f3adc42	g3-load-cancellation-before-load	scenarios/g3-load-cancellation-before-load/snapshots/db-ActiveSlotConfigurations.json	0	e3b0c44298fc1c149afbf4c8996fb92427ae41e4649b934ca495991b7852b855
5f3adc42	g3-load-cancellation-before-load	scenarios/g3-load-cancellation-before-load/snapshots/db-BusinessAuditRecords.json	6501	8680bb2db5ce9be81c8e9b4521a9605b46ac41bd316ddbbdcc070fbcce005cdf
5f3adc42	g3-load-cancellation-before-load	scenarios/g3-load-cancellation-before-load/snapshots/db-ChargerRosterEntries.json	0	e3b0c44298fc1c149afbf4c8996fb92427ae41e4649b934ca495991b7852b855
5f3adc42	g3-load-cancellation-before-load	scenarios/g3-load-cancellation-before-load/snapshots/db-ChargerRosterVersions.json	0	e3b0c44298fc1c149afbf4c8996fb92427ae41e4649b934ca495991b7852b855
5f3adc42	g3-load-cancellation-before-load	scenarios/g3-load-cancellation-before-load/snapshots/db-ChargingPolicyActivations.json	189	4bfa828e50b79081ff26896ef165a085fda9160c2dcf61dc1dd12ebba9becc12
5f3adc42	g3-load-cancellation-before-load	scenarios/g3-load-cancellation-before-load/snapshots/db-ChargingPolicyApprovals.json	282	39cd4fbdf738000e42b968a47dbb42f61b0f393aab53b08a997ea852df946529
5f3adc42	g3-load-cancellation-before-load	scenarios/g3-load-cancellation-before-load/snapshots/db-ChargingPolicyVehicleScopes.json	0	e3b0c44298fc1c149afbf4c8996fb92427ae41e4649b934ca495991b7852b855
5f3adc42	g3-load-cancellation-before-load	scenarios/g3-load-cancellation-before-load/snapshots/db-ChargingPolicyVersions.json	632	880db7d8b76a8fe822e171b9b29ea440d657fe71f0f49ca06804a4c4579181ad
5f3adc42	g3-load-cancellation-before-load	scenarios/g3-load-cancellation-before-load/snapshots/db-CreateGateAudit.json	445	f5e7538213b6928a0331b90b78e9cfc5b0aa76521fb65d4329d56d37aee83128
5f3adc42	g3-load-cancellation-before-load	scenarios/g3-load-cancellation-before-load/snapshots/db-DispatchZoneAreaAssignments.json	377	ffd7aa7365bc86efef17a319718d4204d0b1a59ba4472d7aa02a7a181ceaee9c
5f3adc42	g3-load-cancellation-before-load	scenarios/g3-load-cancellation-before-load/snapshots/db-DispatchZoneAreaAssignmentVersions.json	235	7eb1d9d3d204217cb1cf0a57272147d7f52b2c8f6c3b3ce9d7a67fc0f84d78e7
5f3adc42	g3-load-cancellation-before-load	scenarios/g3-load-cancellation-before-load/snapshots/db-DispatchZoneParameters.json	0	e3b0c44298fc1c149afbf4c8996fb92427ae41e4649b934ca495991b7852b855
5f3adc42	g3-load-cancellation-before-load	scenarios/g3-load-cancellation-before-load/snapshots/db-DispatchZoneParameterVersions.json	0	e3b0c44298fc1c149afbf4c8996fb92427ae41e4649b934ca495991b7852b855
5f3adc42	g3-load-cancellation-before-load	scenarios/g3-load-cancellation-before-load/snapshots/db-ExceptionRecoverySessions.json	0	e3b0c44298fc1c149afbf4c8996fb92427ae41e4649b934ca495991b7852b855
5f3adc42	g3-load-cancellation-before-load	scenarios/g3-load-cancellation-before-load/snapshots/db-FrozenDemandStations.json	664	8b9d135b3bdf02fd8565a0347359b26e656dd4bd0eac16412d2c55b3a939d79b
5f3adc42	g3-load-cancellation-before-load	scenarios/g3-load-cancellation-before-load/snapshots/db-JourneyBacklog.json	568	4837759a164d0d2c809e02101b331f480e518c982b615b94057b60d3c5aec268
5f3adc42	g3-load-cancellation-before-load	scenarios/g3-load-cancellation-before-load/snapshots/db-JourneyDemands.json	877	2d1caabd738165d0babc5e9bae4f2479431e8bc12dc3593513523c52eda87835
5f3adc42	g3-load-cancellation-before-load	scenarios/g3-load-cancellation-before-load/snapshots/db-JourneyRuntimes.json	2773	187659d7ab084479518e9368cfd97bd506ec6fccf5ed97498e3363257c519e12
5f3adc42	g3-load-cancellation-before-load	scenarios/g3-load-cancellation-before-load/snapshots/db-JourneyStops.json	1939	7362e69a88d8099e617118ae4caab6a2b75ac678328b57ff4168f631e23573d1
5f3adc42	g3-load-cancellation-before-load	scenarios/g3-load-cancellation-before-load/snapshots/db-MapStationCatalogStates.json	370	3bfa3be7940f1ce447a5cf559b1a7ba20e55ce43915124387dd376ea5d51676d
5f3adc42	g3-load-cancellation-before-load	scenarios/g3-load-cancellation-before-load/snapshots/db-OnboardAlarmSnapshots.json	213	fe3722793bb52272c58c770475e375b7935b105f59d0b56cf061c766ceba4c35
5f3adc42	g3-load-cancellation-before-load	scenarios/g3-load-cancellation-before-load/snapshots/db-OperationResults.json	0	e3b0c44298fc1c149afbf4c8996fb92427ae41e4649b934ca495991b7852b855
5f3adc42	g3-load-cancellation-before-load	scenarios/g3-load-cancellation-before-load/snapshots/db-OrderIntents.json	1531	a145ff165821b3e9bf01d4e1cb3928e00f9558a35112567e39e1c06d9917ef19
5f3adc42	g3-load-cancellation-before-load	scenarios/g3-load-cancellation-before-load/snapshots/db-OwnOrderRebuilds.json	0	e3b0c44298fc1c149afbf4c8996fb92427ae41e4649b934ca495991b7852b855
5f3adc42	g3-load-cancellation-before-load	scenarios/g3-load-cancellation-before-load/snapshots/db-RecoveryWorkflows.json	976	84e3a3c45e511fce00c49e56c65572c1f978f9c959321cd1c15f18a06ea84261
5f3adc42	g3-load-cancellation-before-load	scenarios/g3-load-cancellation-before-load/snapshots/db-RiotDispatchAuditEvents.json	4558	4353a2bb48469693b6622b470a2cfc31fa7dd2b85ec6f56a7a58c65eb46c2ff5
5f3adc42	g3-load-cancellation-before-load	scenarios/g3-load-cancellation-before-load/snapshots/db-RiotOrderCommandAudit.json	0	e3b0c44298fc1c149afbf4c8996fb92427ae41e4649b934ca495991b7852b855
5f3adc42	g3-load-cancellation-before-load	scenarios/g3-load-cancellation-before-load/snapshots/db-RouteGraphSnapshots.json	0	e3b0c44298fc1c149afbf4c8996fb92427ae41e4649b934ca495991b7852b855
5f3adc42	g3-load-cancellation-before-load	scenarios/g3-load-cancellation-before-load/snapshots/db-SessionRecoveries.json	1122	cbd31a506d546ee4d967b8be17ee72a4976e0caaaf337be50e0cdd6aff37116b
5f3adc42	g3-load-cancellation-before-load	scenarios/g3-load-cancellation-before-load/snapshots/db-SlotConfigurationActivations.json	0	e3b0c44298fc1c149afbf4c8996fb92427ae41e4649b934ca495991b7852b855
5f3adc42	g3-load-cancellation-before-load	scenarios/g3-load-cancellation-before-load/snapshots/db-SlotFaultDeclarations.json	0	e3b0c44298fc1c149afbf4c8996fb92427ae41e4649b934ca495991b7852b855
5f3adc42	g3-load-cancellation-before-load	scenarios/g3-load-cancellation-before-load/snapshots/db-SlotIoBindings.json	4258	760a1d60fa3cd1470e115a73eee0ca6c51998f983e41831a1cbd9e2c8b45cc75
5f3adc42	g3-load-cancellation-before-load	scenarios/g3-load-cancellation-before-load/snapshots/db-SlotModelVersions.json	319	30d3850efeb2c4f86d644a681a48f0f3a64d4f3aed0dda657c9825fac7348dc2
5f3adc42	g3-load-cancellation-before-load	scenarios/g3-load-cancellation-before-load/snapshots/db-StationExclusivities.json	0	e3b0c44298fc1c149afbf4c8996fb92427ae41e4649b934ca495991b7852b855
5f3adc42	g3-load-cancellation-before-load	scenarios/g3-load-cancellation-before-load/snapshots/db-StationExclusivityRecords.json	471	f5300afaaf4f919cfc383d3deb67dbd4908cb46307126ff61addfeda793f611d
5f3adc42	g3-load-cancellation-before-load	scenarios/g3-load-cancellation-before-load/snapshots/db-StationOperations.json	0	e3b0c44298fc1c149afbf4c8996fb92427ae41e4649b934ca495991b7852b855
5f3adc42	g3-load-cancellation-before-load	scenarios/g3-load-cancellation-before-load/snapshots/db-StructuralDispatchBlocks.json	0	e3b0c44298fc1c149afbf4c8996fb92427ae41e4649b934ca495991b7852b855
5f3adc42	g3-load-cancellation-before-load	scenarios/g3-load-cancellation-before-load/snapshots/db-TaskTypeStationActiveBindingSets.json	144	1458e35da2314a7c5ce5ee1559f3e32096d44b2f77f183370713ad5b8c9690a4
5f3adc42	g3-load-cancellation-before-load	scenarios/g3-load-cancellation-before-load/snapshots/db-TaskTypeStationBindings.json	173	b412006843f62c50e682598812b9f1746f67a659a3a2ddcff12221d6be0bbc28
5f3adc42	g3-load-cancellation-before-load	scenarios/g3-load-cancellation-before-load/snapshots/db-TaskTypeStationBindingSetVersions.json	396	93ead156b376fe66384c36440200fb16f83bbd068557f2a7792f7a4b3e65a9d4
5f3adc42	g3-load-cancellation-before-load	scenarios/g3-load-cancellation-before-load/snapshots/db-TaskTypeStationRuleVersions.json	331	96963ae08f1bf6d180d54dcc6567ddd62215aac75428000ce21ce4cb9ffe4309
5f3adc42	g3-load-cancellation-before-load	scenarios/g3-load-cancellation-before-load/snapshots/db-VehiclePurposeClaimRecords.json	337	6ea05eb001f06744c7b68e1bdf0d9e385b3cc4d0f598552b353dcf2efdc823d6
5f3adc42	g3-load-cancellation-before-load	scenarios/g3-load-cancellation-before-load/snapshots/db-VehiclePurposeClaims.json	0	e3b0c44298fc1c149afbf4c8996fb92427ae41e4649b934ca495991b7852b855
5f3adc42	g3-load-cancellation-before-load	scenarios/g3-load-cancellation-before-load/snapshots/db-WaitingPoints.json	0	e3b0c44298fc1c149afbf4c8996fb92427ae41e4649b934ca495991b7852b855
5f3adc42	g3-load-cancellation-before-load	scenarios/g3-load-cancellation-before-load/snapshots/db-WaitingPointVehicleScopes.json	0	e3b0c44298fc1c149afbf4c8996fb92427ae41e4649b934ca495991b7852b855
5f3adc42	g3-load-cancellation-before-load	scenarios/g3-load-cancellation-before-load/snapshots/db-WaitingPointVersions.json	0	e3b0c44298fc1c149afbf4c8996fb92427ae41e4649b934ca495991b7852b855
5f3adc42	g3-load-cancellation-before-load	scenarios/g3-load-cancellation-before-load/snapshots/fake-mes-ingest.json	1040	e1492d08f6d3c2406719a68a9f40582dcb9e58fc478af1e50b0b65626cba9f28
5f3adc42	g3-load-cancellation-before-load	scenarios/g3-load-cancellation-before-load/snapshots/fake-riot.json	2949	4cdbc68f6dce29ec0e164324da0a89f7fd67ea2e96ef9ebd258ef2913243a786
5f3adc42	g3-load-cancellation-before-load	scenarios/g3-load-cancellation-before-load/snapshots/preseed-area-assignments.csv	128	9906e26d53df2e02e2cb2da976840b5764419d03f3d724097fe4bf7ce36ec8af
5f3adc42	g3-load-cancellation-before-load	scenarios/g3-load-cancellation-before-load/snapshots/preseed-charging-policy.json	444	c9cff5e4ecf1d832d52d74154c81f43961075a5ca9d96150e9f079ea0afc2bfa
5f3adc42	g3-load-cancellation-before-load	scenarios/g3-load-cancellation-before-load/snapshots/slots-simulator.json	3029	d4574d98063faf19cd04197f557b337c4a21954e0aa26237c044d4245a3999e3
5f3adc42	g3-load-cancellation-before-load	scenarios/g3-load-cancellation-before-load/snapshots/task-type-stations.settings.json	894	d69ededa82fcf5dad3cdcc83b1682ae1f2ca0ce41be15f438c179105d114cc4f
5f3adc42	g3-manual-charging-return	scenarios/g3-manual-charging-return/logs/build.log	2464	d882dd9da87ec122e0035b34da8860afbe4b9c427b83047b6b65e0f69ecdc408
5f3adc42	g3-manual-charging-return	scenarios/g3-manual-charging-return/logs/control-server.err.log	0	e3b0c44298fc1c149afbf4c8996fb92427ae41e4649b934ca495991b7852b855
5f3adc42	g3-manual-charging-return	scenarios/g3-manual-charging-return/logs/control-server.out.log	896898	867ba4f415195c3f3e6444ff5d268788631dde83f688b384aebbf5c58519a5e8
5f3adc42	g3-manual-charging-return	scenarios/g3-manual-charging-return/logs/fake-mes-ingest.err.log	0	e3b0c44298fc1c149afbf4c8996fb92427ae41e4649b934ca495991b7852b855
5f3adc42	g3-manual-charging-return	scenarios/g3-manual-charging-return/logs/fake-mes-ingest.out.log	38243	806b50fbccec4114cde5610c769c9639bd1a228859a2cdea156557d57f626435
5f3adc42	g3-manual-charging-return	scenarios/g3-manual-charging-return/logs/fake-riot.err.log	0	e3b0c44298fc1c149afbf4c8996fb92427ae41e4649b934ca495991b7852b855
5f3adc42	g3-manual-charging-return	scenarios/g3-manual-charging-return/logs/fake-riot.out.log	136406	9de486c9e758e3920d99e528745e95abc195114c558c71774df5680c83982b89
5f3adc42	g3-manual-charging-return	scenarios/g3-manual-charging-return/logs/onboard-hmi.err.log	0	e3b0c44298fc1c149afbf4c8996fb92427ae41e4649b934ca495991b7852b855
5f3adc42	g3-manual-charging-return	scenarios/g3-manual-charging-return/logs/onboard-hmi.out.log	0	e3b0c44298fc1c149afbf4c8996fb92427ae41e4649b934ca495991b7852b855
5f3adc42	g3-manual-charging-return	scenarios/g3-manual-charging-return/logs/package-capacity-import.err.log	0	e3b0c44298fc1c149afbf4c8996fb92427ae41e4649b934ca495991b7852b855
5f3adc42	g3-manual-charging-return	scenarios/g3-manual-charging-return/logs/package-capacity-import.out.log	162552	0c6734ff89d45ff4b3d7d3d56f0cd708419f567abc0b53054733946bb50fef1f
5f3adc42	g3-manual-charging-return	scenarios/g3-manual-charging-return/logs/slots-simulator.err.log	0	e3b0c44298fc1c149afbf4c8996fb92427ae41e4649b934ca495991b7852b855
5f3adc42	g3-manual-charging-return	scenarios/g3-manual-charging-return/logs/slots-simulator.out.log	0	e3b0c44298fc1c149afbf4c8996fb92427ae41e4649b934ca495991b7852b855
5f3adc42	g3-manual-charging-return	scenarios/g3-manual-charging-return/logs/onboard-app/agv-20261010.log	5493	5fad35c3b7443203b2ae9c365270230759db85016e1000b4da23f28e8654b939
5f3adc42	g3-manual-charging-return	scenarios/g3-manual-charging-return/snapshots/db-AcceptedDemands.json	0	e3b0c44298fc1c149afbf4c8996fb92427ae41e4649b934ca495991b7852b855
5f3adc42	g3-manual-charging-return	scenarios/g3-manual-charging-return/snapshots/db-ActiveSlotConfigurations.json	0	e3b0c44298fc1c149afbf4c8996fb92427ae41e4649b934ca495991b7852b855
5f3adc42	g3-manual-charging-return	scenarios/g3-manual-charging-return/snapshots/db-BusinessAuditRecords.json	6503	b32dcdc3f29829a88a852da3cede144a96b333d6a04c1e58252f1edb44119102
5f3adc42	g3-manual-charging-return	scenarios/g3-manual-charging-return/snapshots/db-ChargerRosterEntries.json	0	e3b0c44298fc1c149afbf4c8996fb92427ae41e4649b934ca495991b7852b855
5f3adc42	g3-manual-charging-return	scenarios/g3-manual-charging-return/snapshots/db-ChargerRosterVersions.json	0	e3b0c44298fc1c149afbf4c8996fb92427ae41e4649b934ca495991b7852b855
5f3adc42	g3-manual-charging-return	scenarios/g3-manual-charging-return/snapshots/db-ChargingPolicyActivations.json	189	94dc60ea75c39c027deb791b83c200f9d8a307d6e4ebd68a4c5aa84f4995fe47
5f3adc42	g3-manual-charging-return	scenarios/g3-manual-charging-return/snapshots/db-ChargingPolicyApprovals.json	282	978ac15e37a67c6509d0fde13a18e60ca061a8bfa31668ba6e8bb4433591c9ae
5f3adc42	g3-manual-charging-return	scenarios/g3-manual-charging-return/snapshots/db-ChargingPolicyVehicleScopes.json	0	e3b0c44298fc1c149afbf4c8996fb92427ae41e4649b934ca495991b7852b855
5f3adc42	g3-manual-charging-return	scenarios/g3-manual-charging-return/snapshots/db-ChargingPolicyVersions.json	632	f09dd177b8c6f6dc86093b7ed69fc61db6ec5bb0d0984b0a8dd0990b487e503f
5f3adc42	g3-manual-charging-return	scenarios/g3-manual-charging-return/snapshots/db-CreateGateAudit.json	0	e3b0c44298fc1c149afbf4c8996fb92427ae41e4649b934ca495991b7852b855
5f3adc42	g3-manual-charging-return	scenarios/g3-manual-charging-return/snapshots/db-DispatchZoneAreaAssignments.json	377	ffd7aa7365bc86efef17a319718d4204d0b1a59ba4472d7aa02a7a181ceaee9c
5f3adc42	g3-manual-charging-return	scenarios/g3-manual-charging-return/snapshots/db-DispatchZoneAreaAssignmentVersions.json	235	425d2e191130d76fe310fd52c9c7a1176a95f65057a2213825c680e125238793
5f3adc42	g3-manual-charging-return	scenarios/g3-manual-charging-return/snapshots/db-DispatchZoneParameters.json	0	e3b0c44298fc1c149afbf4c8996fb92427ae41e4649b934ca495991b7852b855
5f3adc42	g3-manual-charging-return	scenarios/g3-manual-charging-return/snapshots/db-DispatchZoneParameterVersions.json	0	e3b0c44298fc1c149afbf4c8996fb92427ae41e4649b934ca495991b7852b855
5f3adc42	g3-manual-charging-return	scenarios/g3-manual-charging-return/snapshots/db-ExceptionRecoverySessions.json	0	e3b0c44298fc1c149afbf4c8996fb92427ae41e4649b934ca495991b7852b855
5f3adc42	g3-manual-charging-return	scenarios/g3-manual-charging-return/snapshots/db-FrozenDemandStations.json	0	e3b0c44298fc1c149afbf4c8996fb92427ae41e4649b934ca495991b7852b855
5f3adc42	g3-manual-charging-return	scenarios/g3-manual-charging-return/snapshots/db-JourneyBacklog.json	0	e3b0c44298fc1c149afbf4c8996fb92427ae41e4649b934ca495991b7852b855
5f3adc42	g3-manual-charging-return	scenarios/g3-manual-charging-return/snapshots/db-JourneyDemands.json	0	e3b0c44298fc1c149afbf4c8996fb92427ae41e4649b934ca495991b7852b855
5f3adc42	g3-manual-charging-return	scenarios/g3-manual-charging-return/snapshots/db-JourneyRuntimes.json	0	e3b0c44298fc1c149afbf4c8996fb92427ae41e4649b934ca495991b7852b855
5f3adc42	g3-manual-charging-return	scenarios/g3-manual-charging-return/snapshots/db-JourneyStops.json	0	e3b0c44298fc1c149afbf4c8996fb92427ae41e4649b934ca495991b7852b855
5f3adc42	g3-manual-charging-return	scenarios/g3-manual-charging-return/snapshots/db-MapStationCatalogStates.json	370	8465bbd6c12b086cbb4612bbd207457e8a8a564122c9e0f8bbc1ed367cceadbf
5f3adc42	g3-manual-charging-return	scenarios/g3-manual-charging-return/snapshots/db-OnboardAlarmSnapshots.json	213	80814236ce4808160f8c6c09f2a70550fc7a3cbc0a7ffd7fb7454ae8bb8357f7
5f3adc42	g3-manual-charging-return	scenarios/g3-manual-charging-return/snapshots/db-OperationResults.json	0	e3b0c44298fc1c149afbf4c8996fb92427ae41e4649b934ca495991b7852b855
5f3adc42	g3-manual-charging-return	scenarios/g3-manual-charging-return/snapshots/db-OrderIntents.json	0	e3b0c44298fc1c149afbf4c8996fb92427ae41e4649b934ca495991b7852b855
5f3adc42	g3-manual-charging-return	scenarios/g3-manual-charging-return/snapshots/db-OwnOrderRebuilds.json	0	e3b0c44298fc1c149afbf4c8996fb92427ae41e4649b934ca495991b7852b855
5f3adc42	g3-manual-charging-return	scenarios/g3-manual-charging-return/snapshots/db-RecoveryWorkflows.json	0	e3b0c44298fc1c149afbf4c8996fb92427ae41e4649b934ca495991b7852b855
5f3adc42	g3-manual-charging-return	scenarios/g3-manual-charging-return/snapshots/db-RiotDispatchAuditEvents.json	0	e3b0c44298fc1c149afbf4c8996fb92427ae41e4649b934ca495991b7852b855
5f3adc42	g3-manual-charging-return	scenarios/g3-manual-charging-return/snapshots/db-RiotOrderCommandAudit.json	0	e3b0c44298fc1c149afbf4c8996fb92427ae41e4649b934ca495991b7852b855
5f3adc42	g3-manual-charging-return	scenarios/g3-manual-charging-return/snapshots/db-RouteGraphSnapshots.json	0	e3b0c44298fc1c149afbf4c8996fb92427ae41e4649b934ca495991b7852b855
5f3adc42	g3-manual-charging-return	scenarios/g3-manual-charging-return/snapshots/db-SessionRecoveries.json	1122	1180bfd5bc08aa2066bae2ff5a3355872baefba927c2621fab460043b2421d78
5f3adc42	g3-manual-charging-return	scenarios/g3-manual-charging-return/snapshots/db-SlotConfigurationActivations.json	0	e3b0c44298fc1c149afbf4c8996fb92427ae41e4649b934ca495991b7852b855
5f3adc42	g3-manual-charging-return	scenarios/g3-manual-charging-return/snapshots/db-SlotFaultDeclarations.json	0	e3b0c44298fc1c149afbf4c8996fb92427ae41e4649b934ca495991b7852b855
5f3adc42	g3-manual-charging-return	scenarios/g3-manual-charging-return/snapshots/db-SlotIoBindings.json	4258	7c7202e6c110eee27744cb562bf8747b83dc6c2bc6b1b08270167c5622a966c7
5f3adc42	g3-manual-charging-return	scenarios/g3-manual-charging-return/snapshots/db-SlotModelVersions.json	321	0ce2a757c2d8b2faf1eefbcf72e9f3ece8c466bf288c5a30b952a2be67e06d22
5f3adc42	g3-manual-charging-return	scenarios/g3-manual-charging-return/snapshots/db-StationExclusivities.json	0	e3b0c44298fc1c149afbf4c8996fb92427ae41e4649b934ca495991b7852b855
5f3adc42	g3-manual-charging-return	scenarios/g3-manual-charging-return/snapshots/db-StationExclusivityRecords.json	0	e3b0c44298fc1c149afbf4c8996fb92427ae41e4649b934ca495991b7852b855
5f3adc42	g3-manual-charging-return	scenarios/g3-manual-charging-return/snapshots/db-StationOperations.json	0	e3b0c44298fc1c149afbf4c8996fb92427ae41e4649b934ca495991b7852b855
5f3adc42	g3-manual-charging-return	scenarios/g3-manual-charging-return/snapshots/db-StructuralDispatchBlocks.json	0	e3b0c44298fc1c149afbf4c8996fb92427ae41e4649b934ca495991b7852b855
5f3adc42	g3-manual-charging-return	scenarios/g3-manual-charging-return/snapshots/db-TaskTypeStationActiveBindingSets.json	144	7844d0e2df212ebf0518f1499dd81a54bdf739656908d7fb8d9f820adf23e9bf
5f3adc42	g3-manual-charging-return	scenarios/g3-manual-charging-return/snapshots/db-TaskTypeStationBindings.json	173	b412006843f62c50e682598812b9f1746f67a659a3a2ddcff12221d6be0bbc28
5f3adc42	g3-manual-charging-return	scenarios/g3-manual-charging-return/snapshots/db-TaskTypeStationBindingSetVersions.json	396	88aef2d470b3552a2f245d87d6c24aacb297f221c9793c8bdcf0aacfd3ce6287
5f3adc42	g3-manual-charging-return	scenarios/g3-manual-charging-return/snapshots/db-TaskTypeStationRuleVersions.json	331	aa02d9d2b774c917faa9f5b15a787030902e619dea1f704d6a912da107d421ca
5f3adc42	g3-manual-charging-return	scenarios/g3-manual-charging-return/snapshots/db-VehiclePurposeClaimRecords.json	0	e3b0c44298fc1c149afbf4c8996fb92427ae41e4649b934ca495991b7852b855
5f3adc42	g3-manual-charging-return	scenarios/g3-manual-charging-return/snapshots/db-VehiclePurposeClaims.json	0	e3b0c44298fc1c149afbf4c8996fb92427ae41e4649b934ca495991b7852b855
5f3adc42	g3-manual-charging-return	scenarios/g3-manual-charging-return/snapshots/db-WaitingPoints.json	0	e3b0c44298fc1c149afbf4c8996fb92427ae41e4649b934ca495991b7852b855
5f3adc42	g3-manual-charging-return	scenarios/g3-manual-charging-return/snapshots/db-WaitingPointVehicleScopes.json	0	e3b0c44298fc1c149afbf4c8996fb92427ae41e4649b934ca495991b7852b855
5f3adc42	g3-manual-charging-return	scenarios/g3-manual-charging-return/snapshots/db-WaitingPointVersions.json	0	e3b0c44298fc1c149afbf4c8996fb92427ae41e4649b934ca495991b7852b855
5f3adc42	g3-manual-charging-return	scenarios/g3-manual-charging-return/snapshots/fake-mes-ingest.json	310	8d8599e7cd7e160111452b473a4ebe193ff2376f12f9343b24b7619ab1f2f582
5f3adc42	g3-manual-charging-return	scenarios/g3-manual-charging-return/snapshots/fake-riot.json	2495	fb576de18f16f96cad94d25a0fe00b0e22c1498730e6d767bbe245bb3d68a415
5f3adc42	g3-manual-charging-return	scenarios/g3-manual-charging-return/snapshots/preseed-area-assignments.csv	128	9906e26d53df2e02e2cb2da976840b5764419d03f3d724097fe4bf7ce36ec8af
5f3adc42	g3-manual-charging-return	scenarios/g3-manual-charging-return/snapshots/preseed-charging-policy.json	444	c9cff5e4ecf1d832d52d74154c81f43961075a5ca9d96150e9f079ea0afc2bfa
5f3adc42	g3-manual-charging-return	scenarios/g3-manual-charging-return/snapshots/slots-simulator.json	3028	5a430d08904235ae7a23bdc28e3713591231e7072f0354351d4df5b832e46988
5f3adc42	g3-manual-charging-return	scenarios/g3-manual-charging-return/snapshots/task-type-stations.settings.json	894	d69ededa82fcf5dad3cdcc83b1682ae1f2ca0ce41be15f438c179105d114cc4f
5f3adc42	g3-manual-station-clearance	scenarios/g3-manual-station-clearance/field-operator-roles.json	122	8058b620d95484f04b01e5aa316b529d3cc990b140ca0ba8062de14316c0271e
5f3adc42	g3-manual-station-clearance	scenarios/g3-manual-station-clearance/logs/build.log	2464	0c549ae87bee96844838352b1a60ebaca0edfbb034fb88b626c29ee508bef17c
5f3adc42	g3-manual-station-clearance	scenarios/g3-manual-station-clearance/logs/control-server.err.log	0	e3b0c44298fc1c149afbf4c8996fb92427ae41e4649b934ca495991b7852b855
5f3adc42	g3-manual-station-clearance	scenarios/g3-manual-station-clearance/logs/control-server.out.log	1186078	b5c743579598c55aa5ec468c9ec06f14010457208d90b41c4d3d691c7b187b2c
5f3adc42	g3-manual-station-clearance	scenarios/g3-manual-station-clearance/logs/fake-mes-ingest.err.log	0	e3b0c44298fc1c149afbf4c8996fb92427ae41e4649b934ca495991b7852b855
5f3adc42	g3-manual-station-clearance	scenarios/g3-manual-station-clearance/logs/fake-mes-ingest.out.log	29820	0c837e121dcf8fea2ed6bdc538531fb42a4a9c3318ff7b0bfdd3e204f66f2158
5f3adc42	g3-manual-station-clearance	scenarios/g3-manual-station-clearance/logs/fake-riot.err.log	0	e3b0c44298fc1c149afbf4c8996fb92427ae41e4649b934ca495991b7852b855
5f3adc42	g3-manual-station-clearance	scenarios/g3-manual-station-clearance/logs/fake-riot.out.log	237946	7ca4eb4e0247963b9c3e2ffd0ff35e163e2180ed777aef94fbdd8979e7480e51
5f3adc42	g3-manual-station-clearance	scenarios/g3-manual-station-clearance/logs/onboard-hmi.err.log	0	e3b0c44298fc1c149afbf4c8996fb92427ae41e4649b934ca495991b7852b855
5f3adc42	g3-manual-station-clearance	scenarios/g3-manual-station-clearance/logs/onboard-hmi.out.log	0	e3b0c44298fc1c149afbf4c8996fb92427ae41e4649b934ca495991b7852b855
5f3adc42	g3-manual-station-clearance	scenarios/g3-manual-station-clearance/logs/package-capacity-import.err.log	0	e3b0c44298fc1c149afbf4c8996fb92427ae41e4649b934ca495991b7852b855
5f3adc42	g3-manual-station-clearance	scenarios/g3-manual-station-clearance/logs/package-capacity-import.out.log	162552	3afa90f07de66a68e0af595a0dba68dd7f79f99986e139d49545754769b4afb1
5f3adc42	g3-manual-station-clearance	scenarios/g3-manual-station-clearance/logs/slots-simulator.err.log	0	e3b0c44298fc1c149afbf4c8996fb92427ae41e4649b934ca495991b7852b855
5f3adc42	g3-manual-station-clearance	scenarios/g3-manual-station-clearance/logs/slots-simulator.out.log	0	e3b0c44298fc1c149afbf4c8996fb92427ae41e4649b934ca495991b7852b855
5f3adc42	g3-manual-station-clearance	scenarios/g3-manual-station-clearance/logs/onboard-app/agv-20261010.log	5508	f73fd5051f2a16a6490be3b727976646e50c916a0f48d49ca83574c8ebb55ac1
5f3adc42	g3-manual-station-clearance	scenarios/g3-manual-station-clearance/snapshots/charger-roster-open-catalog-25.json	332	ccb2b9e7f5c60ca2262a319256b6c189c1367488c4870e083bc996efa7fb3ef3
5f3adc42	g3-manual-station-clearance	scenarios/g3-manual-station-clearance/snapshots/charger-roster-open.json	402	e1f3a805fbd728c1ef076ca51f9cec4c0388c79084e659d145c48819ca4f8fac
5f3adc42	g3-manual-station-clearance	scenarios/g3-manual-station-clearance/snapshots/db-AcceptedDemands.json	0	e3b0c44298fc1c149afbf4c8996fb92427ae41e4649b934ca495991b7852b855
5f3adc42	g3-manual-station-clearance	scenarios/g3-manual-station-clearance/snapshots/db-ActiveSlotConfigurations.json	0	e3b0c44298fc1c149afbf4c8996fb92427ae41e4649b934ca495991b7852b855
5f3adc42	g3-manual-station-clearance	scenarios/g3-manual-station-clearance/snapshots/db-BusinessAuditRecords.json	7189	2e17019ba0f76ac6f8aef69f9f2e38fd35ff30d013e2637a872095c8fdec799d
5f3adc42	g3-manual-station-clearance	scenarios/g3-manual-station-clearance/snapshots/db-ChargerRosterEntries.json	142	15ef77fd33e3610d9265eb31d5c5e18df63502ab47e7a4eb7dee827f423cc729
5f3adc42	g3-manual-station-clearance	scenarios/g3-manual-station-clearance/snapshots/db-ChargerRosterVersions.json	439	125aa2d15dd10b9f1f81c2f5dc41462fbd0aecc427a09cad064d210e7f3b8f38
5f3adc42	g3-manual-station-clearance	scenarios/g3-manual-station-clearance/snapshots/db-ChargingPolicyActivations.json	189	dabd52a9eed8ac1655c142cc0c5708fbc6b42ad5dbd1896b53139e56fffdafbe
5f3adc42	g3-manual-station-clearance	scenarios/g3-manual-station-clearance/snapshots/db-ChargingPolicyApprovals.json	282	ad76164ccc2d4ea6bffe5f29d55e80373e728e6292bc80df852710fd21ff331c
5f3adc42	g3-manual-station-clearance	scenarios/g3-manual-station-clearance/snapshots/db-ChargingPolicyVehicleScopes.json	0	e3b0c44298fc1c149afbf4c8996fb92427ae41e4649b934ca495991b7852b855
5f3adc42	g3-manual-station-clearance	scenarios/g3-manual-station-clearance/snapshots/db-ChargingPolicyVersions.json	632	8b073338d17ab8cf7095cf2970631850bacbdbf713dab3ffbdd063767017c454
5f3adc42	g3-manual-station-clearance	scenarios/g3-manual-station-clearance/snapshots/db-CreateGateAudit.json	0	e3b0c44298fc1c149afbf4c8996fb92427ae41e4649b934ca495991b7852b855
5f3adc42	g3-manual-station-clearance	scenarios/g3-manual-station-clearance/snapshots/db-DispatchZoneAreaAssignments.json	377	ffd7aa7365bc86efef17a319718d4204d0b1a59ba4472d7aa02a7a181ceaee9c
5f3adc42	g3-manual-station-clearance	scenarios/g3-manual-station-clearance/snapshots/db-DispatchZoneAreaAssignmentVersions.json	235	29b633f7f07b7907f54a1057e6209ced1ded28f9ac2dd8d00476fcf5ee04d0ce
5f3adc42	g3-manual-station-clearance	scenarios/g3-manual-station-clearance/snapshots/db-DispatchZoneParameters.json	0	e3b0c44298fc1c149afbf4c8996fb92427ae41e4649b934ca495991b7852b855
5f3adc42	g3-manual-station-clearance	scenarios/g3-manual-station-clearance/snapshots/db-DispatchZoneParameterVersions.json	0	e3b0c44298fc1c149afbf4c8996fb92427ae41e4649b934ca495991b7852b855
5f3adc42	g3-manual-station-clearance	scenarios/g3-manual-station-clearance/snapshots/db-ExceptionRecoverySessions.json	0	e3b0c44298fc1c149afbf4c8996fb92427ae41e4649b934ca495991b7852b855
5f3adc42	g3-manual-station-clearance	scenarios/g3-manual-station-clearance/snapshots/db-FrozenDemandStations.json	0	e3b0c44298fc1c149afbf4c8996fb92427ae41e4649b934ca495991b7852b855
5f3adc42	g3-manual-station-clearance	scenarios/g3-manual-station-clearance/snapshots/db-JourneyBacklog.json	0	e3b0c44298fc1c149afbf4c8996fb92427ae41e4649b934ca495991b7852b855
5f3adc42	g3-manual-station-clearance	scenarios/g3-manual-station-clearance/snapshots/db-JourneyDemands.json	0	e3b0c44298fc1c149afbf4c8996fb92427ae41e4649b934ca495991b7852b855
5f3adc42	g3-manual-station-clearance	scenarios/g3-manual-station-clearance/snapshots/db-JourneyRuntimes.json	2292	d2248cb0ad5a35a7c3b4ef07267c70acd04d4a7aab64aee37c5907ce74444c77
5f3adc42	g3-manual-station-clearance	scenarios/g3-manual-station-clearance/snapshots/db-JourneyStops.json	866	2ed699bc3923068ba08cc79e1dfcb966de1b0b7cdd13f5b8815747202522b20c
5f3adc42	g3-manual-station-clearance	scenarios/g3-manual-station-clearance/snapshots/db-MapStationCatalogStates.json	370	9558d52d6c496195041aee7fed7d001758be1c806d31896bcee83848f7ffe95e
5f3adc42	g3-manual-station-clearance	scenarios/g3-manual-station-clearance/snapshots/db-OnboardAlarmSnapshots.json	213	56681bf5c9e32bf0697844531dbe2dc0b86e14065314a4e787fbf45f115189cd
5f3adc42	g3-manual-station-clearance	scenarios/g3-manual-station-clearance/snapshots/db-OperationResults.json	0	e3b0c44298fc1c149afbf4c8996fb92427ae41e4649b934ca495991b7852b855
5f3adc42	g3-manual-station-clearance	scenarios/g3-manual-station-clearance/snapshots/db-OrderIntents.json	1492	43325671b52ae20362c8ef65d0951a38c0679317a13c78bafb562b14092880fc
5f3adc42	g3-manual-station-clearance	scenarios/g3-manual-station-clearance/snapshots/db-OwnOrderRebuilds.json	0	e3b0c44298fc1c149afbf4c8996fb92427ae41e4649b934ca495991b7852b855
5f3adc42	g3-manual-station-clearance	scenarios/g3-manual-station-clearance/snapshots/db-RecoveryWorkflows.json	0	e3b0c44298fc1c149afbf4c8996fb92427ae41e4649b934ca495991b7852b855
5f3adc42	g3-manual-station-clearance	scenarios/g3-manual-station-clearance/snapshots/db-RiotDispatchAuditEvents.json	4372	d28f174a74905c0cfa2fe63d6ba75647d977112bdd91e8350683cfea748ae9e5
5f3adc42	g3-manual-station-clearance	scenarios/g3-manual-station-clearance/snapshots/db-RiotOrderCommandAudit.json	0	e3b0c44298fc1c149afbf4c8996fb92427ae41e4649b934ca495991b7852b855
5f3adc42	g3-manual-station-clearance	scenarios/g3-manual-station-clearance/snapshots/db-RouteGraphSnapshots.json	567	6241b7470e60886a498f1325e9e934da6882b60a4f845dcbb27c59eeb3b6c4fc
5f3adc42	g3-manual-station-clearance	scenarios/g3-manual-station-clearance/snapshots/db-SessionRecoveries.json	1122	ea394df0e0160355ba0ec46ae2777f68634381bf3acfd0decffb522b4fdb1214
5f3adc42	g3-manual-station-clearance	scenarios/g3-manual-station-clearance/snapshots/db-SlotConfigurationActivations.json	0	e3b0c44298fc1c149afbf4c8996fb92427ae41e4649b934ca495991b7852b855
5f3adc42	g3-manual-station-clearance	scenarios/g3-manual-station-clearance/snapshots/db-SlotFaultDeclarations.json	0	e3b0c44298fc1c149afbf4c8996fb92427ae41e4649b934ca495991b7852b855
5f3adc42	g3-manual-station-clearance	scenarios/g3-manual-station-clearance/snapshots/db-SlotIoBindings.json	4258	3fe6236972911f5fadbcafe25e11dac3ad23486587b8aa29f3c22128bbc74610
5f3adc42	g3-manual-station-clearance	scenarios/g3-manual-station-clearance/snapshots/db-SlotModelVersions.json	321	0fa460f09622cac1e2bff984eda2b8b28f08faee80dc82c7acc66a0c2e2d8e8e
5f3adc42	g3-manual-station-clearance	scenarios/g3-manual-station-clearance/snapshots/db-StationExclusivities.json	0	e3b0c44298fc1c149afbf4c8996fb92427ae41e4649b934ca495991b7852b855
5f3adc42	g3-manual-station-clearance	scenarios/g3-manual-station-clearance/snapshots/db-StationExclusivityRecords.json	477	c7a32b06a3611e2f9689e7bc5b2256bd95e7294537e68cc4419cb30a15c6ff33
5f3adc42	g3-manual-station-clearance	scenarios/g3-manual-station-clearance/snapshots/db-StationOperations.json	0	e3b0c44298fc1c149afbf4c8996fb92427ae41e4649b934ca495991b7852b855
5f3adc42	g3-manual-station-clearance	scenarios/g3-manual-station-clearance/snapshots/db-StructuralDispatchBlocks.json	0	e3b0c44298fc1c149afbf4c8996fb92427ae41e4649b934ca495991b7852b855
5f3adc42	g3-manual-station-clearance	scenarios/g3-manual-station-clearance/snapshots/db-TaskTypeStationActiveBindingSets.json	144	8e1a95d81707ae1c35b8999566d805439f7d4aa91daaa717c55b4d3b908d4981
5f3adc42	g3-manual-station-clearance	scenarios/g3-manual-station-clearance/snapshots/db-TaskTypeStationBindings.json	173	b412006843f62c50e682598812b9f1746f67a659a3a2ddcff12221d6be0bbc28
5f3adc42	g3-manual-station-clearance	scenarios/g3-manual-station-clearance/snapshots/db-TaskTypeStationBindingSetVersions.json	396	f7b3f7accd09189c57bd1047f9d46310eacaf964523166e5db48b7f883cf2335
5f3adc42	g3-manual-station-clearance	scenarios/g3-manual-station-clearance/snapshots/db-TaskTypeStationRuleVersions.json	331	24e16053e806144c65148869a2765066580e9055275defc98314e56f4d4c8c8a
5f3adc42	g3-manual-station-clearance	scenarios/g3-manual-station-clearance/snapshots/db-VehiclePurposeClaimRecords.json	746	312d4bf67c7a3b2b94e41d18e7344b6295f4e000850e4555ba44ad09930f7966
5f3adc42	g3-manual-station-clearance	scenarios/g3-manual-station-clearance/snapshots/db-VehiclePurposeClaims.json	0	e3b0c44298fc1c149afbf4c8996fb92427ae41e4649b934ca495991b7852b855
5f3adc42	g3-manual-station-clearance	scenarios/g3-manual-station-clearance/snapshots/db-WaitingPoints.json	0	e3b0c44298fc1c149afbf4c8996fb92427ae41e4649b934ca495991b7852b855
5f3adc42	g3-manual-station-clearance	scenarios/g3-manual-station-clearance/snapshots/db-WaitingPointVehicleScopes.json	0	e3b0c44298fc1c149afbf4c8996fb92427ae41e4649b934ca495991b7852b855
5f3adc42	g3-manual-station-clearance	scenarios/g3-manual-station-clearance/snapshots/db-WaitingPointVersions.json	0	e3b0c44298fc1c149afbf4c8996fb92427ae41e4649b934ca495991b7852b855
5f3adc42	g3-manual-station-clearance	scenarios/g3-manual-station-clearance/snapshots/fake-mes-ingest.json	310	750424c67cadcbe39b09fceb940a70266c90df6d9beacb3eb79a32115b414e16
5f3adc42	g3-manual-station-clearance	scenarios/g3-manual-station-clearance/snapshots/fake-riot.json	3942	a86fcb7859d37c651effbf1a1f765d3dd96e40c8da99e9258f8bda5e48be6ae8
5f3adc42	g3-manual-station-clearance	scenarios/g3-manual-station-clearance/snapshots/preseed-area-assignments.csv	128	9906e26d53df2e02e2cb2da976840b5764419d03f3d724097fe4bf7ce36ec8af
5f3adc42	g3-manual-station-clearance	scenarios/g3-manual-station-clearance/snapshots/preseed-charging-policy.json	444	c9cff5e4ecf1d832d52d74154c81f43961075a5ca9d96150e9f079ea0afc2bfa
5f3adc42	g3-manual-station-clearance	scenarios/g3-manual-station-clearance/snapshots/slots-simulator.json	3029	c3e45475a410e46bd1a434e61d51ad5746da2098b839462e796f3e8d73594f49
5f3adc42	g3-manual-station-clearance	scenarios/g3-manual-station-clearance/snapshots/task-type-stations.settings.json	894	d69ededa82fcf5dad3cdcc83b1682ae1f2ca0ce41be15f438c179105d114cc4f
5f3adc42	g3-multi-stop-plan	scenarios/g3-multi-stop-plan/logs/build.log	2464	0919717ca1da3c8e35eb84965523a09a9f51dc0d833df5a266ea4d3f8c7456fa
5f3adc42	g3-multi-stop-plan	scenarios/g3-multi-stop-plan/logs/control-server.err.log	0	e3b0c44298fc1c149afbf4c8996fb92427ae41e4649b934ca495991b7852b855
5f3adc42	g3-multi-stop-plan	scenarios/g3-multi-stop-plan/logs/control-server.out.log	8085028	ac0f5817773c4dfb3ee49ac332638c0055ee57f55e91db54fa5ff4317506a8f9
5f3adc42	g3-multi-stop-plan	scenarios/g3-multi-stop-plan/logs/fake-mes-ingest.err.log	0	e3b0c44298fc1c149afbf4c8996fb92427ae41e4649b934ca495991b7852b855
5f3adc42	g3-multi-stop-plan	scenarios/g3-multi-stop-plan/logs/fake-mes-ingest.out.log	177499	17adad2d4d7e4ee12b15e6fe66bffa0f5124a83948d0637a8de598f5b6deae0c
5f3adc42	g3-multi-stop-plan	scenarios/g3-multi-stop-plan/logs/fake-riot.err.log	0	e3b0c44298fc1c149afbf4c8996fb92427ae41e4649b934ca495991b7852b855
5f3adc42	g3-multi-stop-plan	scenarios/g3-multi-stop-plan/logs/fake-riot.out.log	1080721	523ea3043acf940289b644191b98bc50a2f0f82cac1cdd0b60b2544b81ad3f21
5f3adc42	g3-multi-stop-plan	scenarios/g3-multi-stop-plan/logs/onboard-hmi.err.log	0	e3b0c44298fc1c149afbf4c8996fb92427ae41e4649b934ca495991b7852b855
5f3adc42	g3-multi-stop-plan	scenarios/g3-multi-stop-plan/logs/onboard-hmi.out.log	0	e3b0c44298fc1c149afbf4c8996fb92427ae41e4649b934ca495991b7852b855
5f3adc42	g3-multi-stop-plan	scenarios/g3-multi-stop-plan/logs/package-capacity-import.err.log	0	e3b0c44298fc1c149afbf4c8996fb92427ae41e4649b934ca495991b7852b855
5f3adc42	g3-multi-stop-plan	scenarios/g3-multi-stop-plan/logs/package-capacity-import.out.log	162552	3d4b85364262a5b7f99b91f39618b4106131f94ef92d3182a5837976262be5f2
5f3adc42	g3-multi-stop-plan	scenarios/g3-multi-stop-plan/logs/slots-simulator.err.log	0	e3b0c44298fc1c149afbf4c8996fb92427ae41e4649b934ca495991b7852b855
5f3adc42	g3-multi-stop-plan	scenarios/g3-multi-stop-plan/logs/slots-simulator.out.log	0	e3b0c44298fc1c149afbf4c8996fb92427ae41e4649b934ca495991b7852b855
5f3adc42	g3-multi-stop-plan	scenarios/g3-multi-stop-plan/logs/onboard-app/agv-20261010.log	22523	d0b824562b399a816fe24b48c9214c308617b235d084c1910d98f0473fb56a76
5f3adc42	g3-multi-stop-plan	scenarios/g3-multi-stop-plan/snapshots/db-AcceptedDemands.json	1785	938ed2892995ca1ad821cc286c882ed143dae4076c46bacc045624e0cc354e02
5f3adc42	g3-multi-stop-plan	scenarios/g3-multi-stop-plan/snapshots/db-ActiveSlotConfigurations.json	0	e3b0c44298fc1c149afbf4c8996fb92427ae41e4649b934ca495991b7852b855
5f3adc42	g3-multi-stop-plan	scenarios/g3-multi-stop-plan/snapshots/db-BusinessAuditRecords.json	6503	78e5f2fca30da7e13a6d6ea560c0a8eb5eb09465461eba5c59085f109af9b333
5f3adc42	g3-multi-stop-plan	scenarios/g3-multi-stop-plan/snapshots/db-ChargerRosterEntries.json	0	e3b0c44298fc1c149afbf4c8996fb92427ae41e4649b934ca495991b7852b855
5f3adc42	g3-multi-stop-plan	scenarios/g3-multi-stop-plan/snapshots/db-ChargerRosterVersions.json	0	e3b0c44298fc1c149afbf4c8996fb92427ae41e4649b934ca495991b7852b855
5f3adc42	g3-multi-stop-plan	scenarios/g3-multi-stop-plan/snapshots/db-ChargingPolicyActivations.json	189	4b06fb106dd3f677b886324afe09f447c3d046b987bf409423c82861bcaecb2e
5f3adc42	g3-multi-stop-plan	scenarios/g3-multi-stop-plan/snapshots/db-ChargingPolicyApprovals.json	282	0174db0bf4e816725d821361d51b243e464c109fc0b625fc266cbe4059feffe5
5f3adc42	g3-multi-stop-plan	scenarios/g3-multi-stop-plan/snapshots/db-ChargingPolicyVehicleScopes.json	0	e3b0c44298fc1c149afbf4c8996fb92427ae41e4649b934ca495991b7852b855
5f3adc42	g3-multi-stop-plan	scenarios/g3-multi-stop-plan/snapshots/db-ChargingPolicyVersions.json	632	db6e4f13de876c76b239ec774694b4c9b319e922ed651f1e962bff7ed138a415
5f3adc42	g3-multi-stop-plan	scenarios/g3-multi-stop-plan/snapshots/db-CreateGateAudit.json	959	b7b3ec5aedc39d51a5fb225931d8aaa216578327a8161443312815cf9001056a
5f3adc42	g3-multi-stop-plan	scenarios/g3-multi-stop-plan/snapshots/db-DispatchZoneAreaAssignments.json	377	ffd7aa7365bc86efef17a319718d4204d0b1a59ba4472d7aa02a7a181ceaee9c
5f3adc42	g3-multi-stop-plan	scenarios/g3-multi-stop-plan/snapshots/db-DispatchZoneAreaAssignmentVersions.json	235	4b4c9b16e3e260209f07011bf31d7438827da8c7dffc593902021fb1c25eb16f
5f3adc42	g3-multi-stop-plan	scenarios/g3-multi-stop-plan/snapshots/db-DispatchZoneParameters.json	150	1a5a27c7b4ee4019994ab2195c1773052caabdf736d9184f5a7ec17737d1f1d4
5f3adc42	g3-multi-stop-plan	scenarios/g3-multi-stop-plan/snapshots/db-DispatchZoneParameterVersions.json	207	9fe5621cf426ba6c7331cdf7e8e98d0835046be728adee3b5d74de526cdf0e80
5f3adc42	g3-multi-stop-plan	scenarios/g3-multi-stop-plan/snapshots/db-ExceptionRecoverySessions.json	0	e3b0c44298fc1c149afbf4c8996fb92427ae41e4649b934ca495991b7852b855
5f3adc42	g3-multi-stop-plan	scenarios/g3-multi-stop-plan/snapshots/db-FrozenDemandStations.json	1330	e011a8b47e8845ee951e4866cd49797273a8778048957f6dd1d6f842b6413b9a
5f3adc42	g3-multi-stop-plan	scenarios/g3-multi-stop-plan/snapshots/db-JourneyBacklog.json	1197	c3e281f6278c30cdad05c64fc2bfbb7089437c0f907024266a98ea7a1aa4c241
5f3adc42	g3-multi-stop-plan	scenarios/g3-multi-stop-plan/snapshots/db-JourneyDemands.json	1836	a004287d2b7ed0b665e6ddd08cd88837c3a7c95425ada6dbd3cb35a8262605f8
5f3adc42	g3-multi-stop-plan	scenarios/g3-multi-stop-plan/snapshots/db-JourneyRuntimes.json	2847	e10428bb0ff05cae5d992f3413e998152d95c1883d35725555b0832056e14abe
5f3adc42	g3-multi-stop-plan	scenarios/g3-multi-stop-plan/snapshots/db-JourneyStops.json	2963	e1e3fd07891b38b2f0880a0be6b5628ca069a22cea24b05e2b9d522b0f26a8de
5f3adc42	g3-multi-stop-plan	scenarios/g3-multi-stop-plan/snapshots/db-MapStationCatalogStates.json	370	09b9a06968fe10ab686f2a462aa0e03bfe01c908644f9bcf878b378d3aac2cdf
5f3adc42	g3-multi-stop-plan	scenarios/g3-multi-stop-plan/snapshots/db-OnboardAlarmSnapshots.json	212	62a6c99f51d60b76d2399ed9d6d50b950784e52d7fe4835a2b94ae8b2981f945
5f3adc42	g3-multi-stop-plan	scenarios/g3-multi-stop-plan/snapshots/db-OperationResults.json	2799	d937dda0539b897b2939e0749ece29c0264bd02e4776cb9c21817f1a65fc2fbb
5f3adc42	g3-multi-stop-plan	scenarios/g3-multi-stop-plan/snapshots/db-OrderIntents.json	4760	0eabd882fe434e9acaba95e993ca97db92b3361024e6cda9698d2ede4dcf1560
5f3adc42	g3-multi-stop-plan	scenarios/g3-multi-stop-plan/snapshots/db-OwnOrderRebuilds.json	0	e3b0c44298fc1c149afbf4c8996fb92427ae41e4649b934ca495991b7852b855
5f3adc42	g3-multi-stop-plan	scenarios/g3-multi-stop-plan/snapshots/db-RecoveryWorkflows.json	0	e3b0c44298fc1c149afbf4c8996fb92427ae41e4649b934ca495991b7852b855
5f3adc42	g3-multi-stop-plan	scenarios/g3-multi-stop-plan/snapshots/db-RiotDispatchAuditEvents.json	13654	1b13d319ab34c688773a0ae9211b954dd8be60c99bda36cf898896942c61ac44
5f3adc42	g3-multi-stop-plan	scenarios/g3-multi-stop-plan/snapshots/db-RiotOrderCommandAudit.json	0	e3b0c44298fc1c149afbf4c8996fb92427ae41e4649b934ca495991b7852b855
5f3adc42	g3-multi-stop-plan	scenarios/g3-multi-stop-plan/snapshots/db-RouteGraphSnapshots.json	567	990f7dca99fb10a99b833c14eec20012df6d7eb03f6b30e6c3ee456f5d7e9313
5f3adc42	g3-multi-stop-plan	scenarios/g3-multi-stop-plan/snapshots/db-SessionRecoveries.json	1123	984e42845639bec2af29cbe1f4b36198f0ba38ffd16aaa86ff932420f0482991
5f3adc42	g3-multi-stop-plan	scenarios/g3-multi-stop-plan/snapshots/db-SlotConfigurationActivations.json	0	e3b0c44298fc1c149afbf4c8996fb92427ae41e4649b934ca495991b7852b855
5f3adc42	g3-multi-stop-plan	scenarios/g3-multi-stop-plan/snapshots/db-SlotFaultDeclarations.json	0	e3b0c44298fc1c149afbf4c8996fb92427ae41e4649b934ca495991b7852b855
5f3adc42	g3-multi-stop-plan	scenarios/g3-multi-stop-plan/snapshots/db-SlotIoBindings.json	4258	ee7b40e7b0e34b090d8605aecf637dcbc5bb86591a130b1de06b53aa176a7271
5f3adc42	g3-multi-stop-plan	scenarios/g3-multi-stop-plan/snapshots/db-SlotModelVersions.json	321	28d01bc71df04f286cc315c2802f6c2142f7eb8c84c1bf2fb4bafab7c990cef3
5f3adc42	g3-multi-stop-plan	scenarios/g3-multi-stop-plan/snapshots/db-StationExclusivities.json	378	fb1d855b4cc424baa439fe7098a7e7b2af3225447f4a428c2597ef22a82d4160
5f3adc42	g3-multi-stop-plan	scenarios/g3-multi-stop-plan/snapshots/db-StationExclusivityRecords.json	457	97c8a5799207e206d167c7c85efc5c30dca66e5bc8a9e88b1e58b4c70a6ddd75
5f3adc42	g3-multi-stop-plan	scenarios/g3-multi-stop-plan/snapshots/db-StationOperations.json	2467	07be5e486a0eddff9a68ba3e95f65a60b43e6d1f40d5dcce3be8e1b2145be5ee
5f3adc42	g3-multi-stop-plan	scenarios/g3-multi-stop-plan/snapshots/db-StructuralDispatchBlocks.json	0	e3b0c44298fc1c149afbf4c8996fb92427ae41e4649b934ca495991b7852b855
5f3adc42	g3-multi-stop-plan	scenarios/g3-multi-stop-plan/snapshots/db-TaskTypeStationActiveBindingSets.json	144	6c92881ddc36bb521ec778fbd9750dfd1ee1c1626de85d45f2b51678be67a597
5f3adc42	g3-multi-stop-plan	scenarios/g3-multi-stop-plan/snapshots/db-TaskTypeStationBindings.json	173	b412006843f62c50e682598812b9f1746f67a659a3a2ddcff12221d6be0bbc28
5f3adc42	g3-multi-stop-plan	scenarios/g3-multi-stop-plan/snapshots/db-TaskTypeStationBindingSetVersions.json	396	1a88d780b6369e912127a5ac59deb280b578e2a8db95cc5b21370225a65da3f5
5f3adc42	g3-multi-stop-plan	scenarios/g3-multi-stop-plan/snapshots/db-TaskTypeStationRuleVersions.json	331	95d5ca616558d38302100f899f7c3d19bc04005b5bb1914c665e940188ab137e
5f3adc42	g3-multi-stop-plan	scenarios/g3-multi-stop-plan/snapshots/db-VehiclePurposeClaimRecords.json	337	ba01f57d6ade598f6b34c2bdec192c71487de32e2e33f883568edff09996974c
5f3adc42	g3-multi-stop-plan	scenarios/g3-multi-stop-plan/snapshots/db-VehiclePurposeClaims.json	0	e3b0c44298fc1c149afbf4c8996fb92427ae41e4649b934ca495991b7852b855
5f3adc42	g3-multi-stop-plan	scenarios/g3-multi-stop-plan/snapshots/db-WaitingPoints.json	0	e3b0c44298fc1c149afbf4c8996fb92427ae41e4649b934ca495991b7852b855
5f3adc42	g3-multi-stop-plan	scenarios/g3-multi-stop-plan/snapshots/db-WaitingPointVehicleScopes.json	0	e3b0c44298fc1c149afbf4c8996fb92427ae41e4649b934ca495991b7852b855
5f3adc42	g3-multi-stop-plan	scenarios/g3-multi-stop-plan/snapshots/db-WaitingPointVersions.json	0	e3b0c44298fc1c149afbf4c8996fb92427ae41e4649b934ca495991b7852b855
5f3adc42	g3-multi-stop-plan	scenarios/g3-multi-stop-plan/snapshots/fake-mes-ingest.json	1769	39df6d61620fdf76711f3e5083ce24c75251c0074c2a327ce1690976e754d346
5f3adc42	g3-multi-stop-plan	scenarios/g3-multi-stop-plan/snapshots/fake-riot.json	3853	1ecce02bd05034a8900ef54d5af71980a697548af1197a21c74af9b2381be419
5f3adc42	g3-multi-stop-plan	scenarios/g3-multi-stop-plan/snapshots/preseed-area-assignments.csv	128	9906e26d53df2e02e2cb2da976840b5764419d03f3d724097fe4bf7ce36ec8af
5f3adc42	g3-multi-stop-plan	scenarios/g3-multi-stop-plan/snapshots/preseed-charging-policy.json	444	c9cff5e4ecf1d832d52d74154c81f43961075a5ca9d96150e9f079ea0afc2bfa
5f3adc42	g3-multi-stop-plan	scenarios/g3-multi-stop-plan/snapshots/preseed-dispatch-zone-parameters.json	128	529298468af875cef190776b9690725d43994971e44cb06beb0b33da58694c97
5f3adc42	g3-multi-stop-plan	scenarios/g3-multi-stop-plan/snapshots/slots-simulator.json	3030	7e1752c2964bf32522514a77bec776139d1b68284d777156740ed6efc4f8e3b0
5f3adc42	g3-multi-stop-plan	scenarios/g3-multi-stop-plan/snapshots/task-type-stations.settings.json	894	d69ededa82fcf5dad3cdcc83b1682ae1f2ca0ce41be15f438c179105d114cc4f
5f3adc42	g3-operation-result-unknown-reconcile	scenarios/g3-operation-result-unknown-reconcile/logs/build.log	2464	267ce8a31eead0e888941316414853d0c6b36def8473137ae9e5dd661af49c9c
5f3adc42	g3-operation-result-unknown-reconcile	scenarios/g3-operation-result-unknown-reconcile/logs/control-server.err.log	0	e3b0c44298fc1c149afbf4c8996fb92427ae41e4649b934ca495991b7852b855
5f3adc42	g3-operation-result-unknown-reconcile	scenarios/g3-operation-result-unknown-reconcile/logs/control-server.out.log	1221692	4c9c2df1869a1416b1db3842ad97175bf4cce8763fe9818f3504299cf917d464
5f3adc42	g3-operation-result-unknown-reconcile	scenarios/g3-operation-result-unknown-reconcile/logs/fake-mes-ingest.err.log	0	e3b0c44298fc1c149afbf4c8996fb92427ae41e4649b934ca495991b7852b855
5f3adc42	g3-operation-result-unknown-reconcile	scenarios/g3-operation-result-unknown-reconcile/logs/fake-mes-ingest.out.log	34157	20af4db6f7a83965acd2945bbbf6d078a1540cc1b3fa148e114c92c311cc243b
5f3adc42	g3-operation-result-unknown-reconcile	scenarios/g3-operation-result-unknown-reconcile/logs/fake-riot.err.log	0	e3b0c44298fc1c149afbf4c8996fb92427ae41e4649b934ca495991b7852b855
5f3adc42	g3-operation-result-unknown-reconcile	scenarios/g3-operation-result-unknown-reconcile/logs/fake-riot.out.log	171235	c7af13ce48b18e8f914d4c894ed39d31fbaf9667de18442cdb8a2526fb0934c6
5f3adc42	g3-operation-result-unknown-reconcile	scenarios/g3-operation-result-unknown-reconcile/logs/onboard-hmi.before-restart-1.err.log	0	e3b0c44298fc1c149afbf4c8996fb92427ae41e4649b934ca495991b7852b855
5f3adc42	g3-operation-result-unknown-reconcile	scenarios/g3-operation-result-unknown-reconcile/logs/onboard-hmi.before-restart-1.out.log	0	e3b0c44298fc1c149afbf4c8996fb92427ae41e4649b934ca495991b7852b855
5f3adc42	g3-operation-result-unknown-reconcile	scenarios/g3-operation-result-unknown-reconcile/logs/onboard-hmi.before-restart-2.err.log	0	e3b0c44298fc1c149afbf4c8996fb92427ae41e4649b934ca495991b7852b855
5f3adc42	g3-operation-result-unknown-reconcile	scenarios/g3-operation-result-unknown-reconcile/logs/onboard-hmi.before-restart-2.out.log	0	e3b0c44298fc1c149afbf4c8996fb92427ae41e4649b934ca495991b7852b855
5f3adc42	g3-operation-result-unknown-reconcile	scenarios/g3-operation-result-unknown-reconcile/logs/onboard-hmi.err.log	0	e3b0c44298fc1c149afbf4c8996fb92427ae41e4649b934ca495991b7852b855
5f3adc42	g3-operation-result-unknown-reconcile	scenarios/g3-operation-result-unknown-reconcile/logs/onboard-hmi.out.log	0	e3b0c44298fc1c149afbf4c8996fb92427ae41e4649b934ca495991b7852b855
5f3adc42	g3-operation-result-unknown-reconcile	scenarios/g3-operation-result-unknown-reconcile/logs/package-capacity-import.err.log	0	e3b0c44298fc1c149afbf4c8996fb92427ae41e4649b934ca495991b7852b855
5f3adc42	g3-operation-result-unknown-reconcile	scenarios/g3-operation-result-unknown-reconcile/logs/package-capacity-import.out.log	162552	c8b681300bf43f8aaa21c5f2f1a58dccceabb7094b3d4905893f51549d845ce7
5f3adc42	g3-operation-result-unknown-reconcile	scenarios/g3-operation-result-unknown-reconcile/logs/slots-simulator.err.log	0	e3b0c44298fc1c149afbf4c8996fb92427ae41e4649b934ca495991b7852b855
5f3adc42	g3-operation-result-unknown-reconcile	scenarios/g3-operation-result-unknown-reconcile/logs/slots-simulator.out.log	0	e3b0c44298fc1c149afbf4c8996fb92427ae41e4649b934ca495991b7852b855
5f3adc42	g3-operation-result-unknown-reconcile	scenarios/g3-operation-result-unknown-reconcile/logs/onboard-app/agv-20261010.log	13216	73ef57adbc2c2b0bee17207c5320e96ceb56390957008c7a35d7512c0cb5858f
5f3adc42	g3-operation-result-unknown-reconcile	scenarios/g3-operation-result-unknown-reconcile/snapshots/db-AcceptedDemands.json	856	91d6f57d3bd9cc9cdd7f7cde84a013d9572899d9eb9ca97a0be9c20cdad1af12
5f3adc42	g3-operation-result-unknown-reconcile	scenarios/g3-operation-result-unknown-reconcile/snapshots/db-ActiveSlotConfigurations.json	0	e3b0c44298fc1c149afbf4c8996fb92427ae41e4649b934ca495991b7852b855
5f3adc42	g3-operation-result-unknown-reconcile	scenarios/g3-operation-result-unknown-reconcile/snapshots/db-BusinessAuditRecords.json	6502	6cbde171104db705ab7836c4fe4d788080116a0577d95c554c3fd75ed5a9ce6e
5f3adc42	g3-operation-result-unknown-reconcile	scenarios/g3-operation-result-unknown-reconcile/snapshots/db-ChargerRosterEntries.json	0	e3b0c44298fc1c149afbf4c8996fb92427ae41e4649b934ca495991b7852b855
5f3adc42	g3-operation-result-unknown-reconcile	scenarios/g3-operation-result-unknown-reconcile/snapshots/db-ChargerRosterVersions.json	0	e3b0c44298fc1c149afbf4c8996fb92427ae41e4649b934ca495991b7852b855
5f3adc42	g3-operation-result-unknown-reconcile	scenarios/g3-operation-result-unknown-reconcile/snapshots/db-ChargingPolicyActivations.json	189	b88a6300046d3d181c8a23dad2bc863a9eddc35d2032ee22e7e00f1108be456c
5f3adc42	g3-operation-result-unknown-reconcile	scenarios/g3-operation-result-unknown-reconcile/snapshots/db-ChargingPolicyApprovals.json	282	e763ef8e03db6c1c16825aafe613bb68f31bf61eb470fafef7d9313eb028327a
5f3adc42	g3-operation-result-unknown-reconcile	scenarios/g3-operation-result-unknown-reconcile/snapshots/db-ChargingPolicyVehicleScopes.json	0	e3b0c44298fc1c149afbf4c8996fb92427ae41e4649b934ca495991b7852b855
5f3adc42	g3-operation-result-unknown-reconcile	scenarios/g3-operation-result-unknown-reconcile/snapshots/db-ChargingPolicyVersions.json	632	6ae185a58e4ce20d303837afeecc35aafb675f3ba28418d7368efdf3a944b30c
5f3adc42	g3-operation-result-unknown-reconcile	scenarios/g3-operation-result-unknown-reconcile/snapshots/db-CreateGateAudit.json	445	a8f4abdce3f25008040e9e67d05a622f60b3d61aaf552da6cb182f0adb80696b
5f3adc42	g3-operation-result-unknown-reconcile	scenarios/g3-operation-result-unknown-reconcile/snapshots/db-DispatchZoneAreaAssignments.json	377	ffd7aa7365bc86efef17a319718d4204d0b1a59ba4472d7aa02a7a181ceaee9c
5f3adc42	g3-operation-result-unknown-reconcile	scenarios/g3-operation-result-unknown-reconcile/snapshots/db-DispatchZoneAreaAssignmentVersions.json	235	9178fd2d0e51089e9f8e52c43637ad710d70ad7215dab9fd62e47d0bcda499ad
5f3adc42	g3-operation-result-unknown-reconcile	scenarios/g3-operation-result-unknown-reconcile/snapshots/db-DispatchZoneParameters.json	0	e3b0c44298fc1c149afbf4c8996fb92427ae41e4649b934ca495991b7852b855
5f3adc42	g3-operation-result-unknown-reconcile	scenarios/g3-operation-result-unknown-reconcile/snapshots/db-DispatchZoneParameterVersions.json	0	e3b0c44298fc1c149afbf4c8996fb92427ae41e4649b934ca495991b7852b855
5f3adc42	g3-operation-result-unknown-reconcile	scenarios/g3-operation-result-unknown-reconcile/snapshots/db-ExceptionRecoverySessions.json	0	e3b0c44298fc1c149afbf4c8996fb92427ae41e4649b934ca495991b7852b855
5f3adc42	g3-operation-result-unknown-reconcile	scenarios/g3-operation-result-unknown-reconcile/snapshots/db-FrozenDemandStations.json	666	5316e19aa595dfa8c6f8d7c7a88acb596ebe0a24d8cbe75ba26598cd41f815e8
5f3adc42	g3-operation-result-unknown-reconcile	scenarios/g3-operation-result-unknown-reconcile/snapshots/db-JourneyBacklog.json	569	96daef19a50a862c418b8afa554e1fc9492f0e7ce870ce0d7b284af9630bdf01
5f3adc42	g3-operation-result-unknown-reconcile	scenarios/g3-operation-result-unknown-reconcile/snapshots/db-JourneyDemands.json	874	0d51b5998c1ce2766d164b86efc1d0c0524aaa7ef845e074b2ace87a0baadd2c
5f3adc42	g3-operation-result-unknown-reconcile	scenarios/g3-operation-result-unknown-reconcile/snapshots/db-JourneyRuntimes.json	2845	406114db3c6f9f1c9e591f91b2874338609306c37978d6f840448d120b918330
5f3adc42	g3-operation-result-unknown-reconcile	scenarios/g3-operation-result-unknown-reconcile/snapshots/db-JourneyStops.json	1939	616eace1e9a0f8cdf9ca2fa6ae6b122708cf497d1ebd750421e456fead445821
5f3adc42	g3-operation-result-unknown-reconcile	scenarios/g3-operation-result-unknown-reconcile/snapshots/db-MapStationCatalogStates.json	370	e528fa0e6c417b7a86b49b4bad82feb43be515ea2b6f79a752eccc1b58783c2b
5f3adc42	g3-operation-result-unknown-reconcile	scenarios/g3-operation-result-unknown-reconcile/snapshots/db-OnboardAlarmSnapshots.json	683	80bdd97ef9aff1413e189a18e08460c7645b94d3b326042a4f98f467d0e29ff5
5f3adc42	g3-operation-result-unknown-reconcile	scenarios/g3-operation-result-unknown-reconcile/snapshots/db-OperationResults.json	666	63de9e012efa204141026ca93fb51d5e0156504fca48f17fdb9ba410dd7cc598
5f3adc42	g3-operation-result-unknown-reconcile	scenarios/g3-operation-result-unknown-reconcile/snapshots/db-OrderIntents.json	1531	50f38a0d55cbc5a0262a8a060063c1c4b8cbe5815372bfd19377e9bda81fd980
5f3adc42	g3-operation-result-unknown-reconcile	scenarios/g3-operation-result-unknown-reconcile/snapshots/db-OwnOrderRebuilds.json	0	e3b0c44298fc1c149afbf4c8996fb92427ae41e4649b934ca495991b7852b855
5f3adc42	g3-operation-result-unknown-reconcile	scenarios/g3-operation-result-unknown-reconcile/snapshots/db-RecoveryWorkflows.json	0	e3b0c44298fc1c149afbf4c8996fb92427ae41e4649b934ca495991b7852b855
5f3adc42	g3-operation-result-unknown-reconcile	scenarios/g3-operation-result-unknown-reconcile/snapshots/db-RiotDispatchAuditEvents.json	4558	e08ddfc22b34d22688ada3fb5f718f19a5e23a0d9ecb610b84fd68142d24d44e
5f3adc42	g3-operation-result-unknown-reconcile	scenarios/g3-operation-result-unknown-reconcile/snapshots/db-RiotOrderCommandAudit.json	0	e3b0c44298fc1c149afbf4c8996fb92427ae41e4649b934ca495991b7852b855
5f3adc42	g3-operation-result-unknown-reconcile	scenarios/g3-operation-result-unknown-reconcile/snapshots/db-RouteGraphSnapshots.json	0	e3b0c44298fc1c149afbf4c8996fb92427ae41e4649b934ca495991b7852b855
5f3adc42	g3-operation-result-unknown-reconcile	scenarios/g3-operation-result-unknown-reconcile/snapshots/db-SessionRecoveries.json	1253	ba48ee7a7239225025d7e36b5920b5aa4016450d5c0c056e77583b2a00330bf2
5f3adc42	g3-operation-result-unknown-reconcile	scenarios/g3-operation-result-unknown-reconcile/snapshots/db-SlotConfigurationActivations.json	0	e3b0c44298fc1c149afbf4c8996fb92427ae41e4649b934ca495991b7852b855
5f3adc42	g3-operation-result-unknown-reconcile	scenarios/g3-operation-result-unknown-reconcile/snapshots/db-SlotFaultDeclarations.json	0	e3b0c44298fc1c149afbf4c8996fb92427ae41e4649b934ca495991b7852b855
5f3adc42	g3-operation-result-unknown-reconcile	scenarios/g3-operation-result-unknown-reconcile/snapshots/db-SlotIoBindings.json	4250	c1bf3f5129cc7e58a510cc1fce40cc2b2d11b256573a8031c97b990fc04ce01b
5f3adc42	g3-operation-result-unknown-reconcile	scenarios/g3-operation-result-unknown-reconcile/snapshots/db-SlotModelVersions.json	321	e5feffbceb7e3cda4ded293d02ac22fc49a4d8bf68956f3ed19204f05f6ea591
5f3adc42	g3-operation-result-unknown-reconcile	scenarios/g3-operation-result-unknown-reconcile/snapshots/db-StationExclusivities.json	378	5b22df67ee6f5a5a74a848c8c5b8ef6a8f4d3b24d97f4838807845e24b67d59c
5f3adc42	g3-operation-result-unknown-reconcile	scenarios/g3-operation-result-unknown-reconcile/snapshots/db-StationExclusivityRecords.json	426	c5169ee436999f10b2ce473b9c07b3089b83ad0b55b9673354d6318204687519
5f3adc42	g3-operation-result-unknown-reconcile	scenarios/g3-operation-result-unknown-reconcile/snapshots/db-StationOperations.json	484	e26cfeee074c4f8d616fb4070add7d1d6dcb45b7370058d8389d1de0de207ce8
5f3adc42	g3-operation-result-unknown-reconcile	scenarios/g3-operation-result-unknown-reconcile/snapshots/db-StructuralDispatchBlocks.json	0	e3b0c44298fc1c149afbf4c8996fb92427ae41e4649b934ca495991b7852b855
5f3adc42	g3-operation-result-unknown-reconcile	scenarios/g3-operation-result-unknown-reconcile/snapshots/db-TaskTypeStationActiveBindingSets.json	144	3359be1d34fbc3a56f113edcba13da1798cf6720c4c7c283f274362f08939f13
5f3adc42	g3-operation-result-unknown-reconcile	scenarios/g3-operation-result-unknown-reconcile/snapshots/db-TaskTypeStationBindings.json	173	b412006843f62c50e682598812b9f1746f67a659a3a2ddcff12221d6be0bbc28
5f3adc42	g3-operation-result-unknown-reconcile	scenarios/g3-operation-result-unknown-reconcile/snapshots/db-TaskTypeStationBindingSetVersions.json	396	1e4cbc16cfdb0838146ca2ad6062b966cd9a2872dd37b8ddfc1138bd60c774f9
5f3adc42	g3-operation-result-unknown-reconcile	scenarios/g3-operation-result-unknown-reconcile/snapshots/db-TaskTypeStationRuleVersions.json	331	f313c568331e582b06eb5ec757274434279017c92d03457ff1158c658a67812c
5f3adc42	g3-operation-result-unknown-reconcile	scenarios/g3-operation-result-unknown-reconcile/snapshots/db-VehiclePurposeClaimRecords.json	288	a209b9f5a73fbe04d4e3e8622bc515a56c56f5a200539f669726ba7adb02baec
5f3adc42	g3-operation-result-unknown-reconcile	scenarios/g3-operation-result-unknown-reconcile/snapshots/db-VehiclePurposeClaims.json	183	3f45a16f58fa7268d89a083185826b25640c7ed1a9d1387902ac7658ae723f80
5f3adc42	g3-operation-result-unknown-reconcile	scenarios/g3-operation-result-unknown-reconcile/snapshots/db-WaitingPoints.json	0	e3b0c44298fc1c149afbf4c8996fb92427ae41e4649b934ca495991b7852b855
5f3adc42	g3-operation-result-unknown-reconcile	scenarios/g3-operation-result-unknown-reconcile/snapshots/db-WaitingPointVehicleScopes.json	0	e3b0c44298fc1c149afbf4c8996fb92427ae41e4649b934ca495991b7852b855
5f3adc42	g3-operation-result-unknown-reconcile	scenarios/g3-operation-result-unknown-reconcile/snapshots/db-WaitingPointVersions.json	0	e3b0c44298fc1c149afbf4c8996fb92427ae41e4649b934ca495991b7852b855
5f3adc42	g3-operation-result-unknown-reconcile	scenarios/g3-operation-result-unknown-reconcile/snapshots/fake-mes-ingest.json	1038	eb758a36ee9021c6d098abcb60881ef8fd7d8f093c5816918901adc6444bf7b1
5f3adc42	g3-operation-result-unknown-reconcile	scenarios/g3-operation-result-unknown-reconcile/snapshots/fake-riot.json	2949	f28cc3d32027bb1aa54ba60aec6ed257102cce2869e49893a56cc7df8bdaf26e
5f3adc42	g3-operation-result-unknown-reconcile	scenarios/g3-operation-result-unknown-reconcile/snapshots/preseed-area-assignments.csv	128	9906e26d53df2e02e2cb2da976840b5764419d03f3d724097fe4bf7ce36ec8af
5f3adc42	g3-operation-result-unknown-reconcile	scenarios/g3-operation-result-unknown-reconcile/snapshots/preseed-charging-policy.json	444	c9cff5e4ecf1d832d52d74154c81f43961075a5ca9d96150e9f079ea0afc2bfa
5f3adc42	g3-operation-result-unknown-reconcile	scenarios/g3-operation-result-unknown-reconcile/snapshots/slots-simulator.json	3029	a370eed6d03836ec1f602c44968ddd38a0857edd09d5e1a516f8c56af19393a4
5f3adc42	g3-operation-result-unknown-reconcile	scenarios/g3-operation-result-unknown-reconcile/snapshots/task-type-stations.settings.json	894	d69ededa82fcf5dad3cdcc83b1682ae1f2ca0ce41be15f438c179105d114cc4f
5f3adc42	g3-pickup-load-and-correction	scenarios/g3-pickup-load-and-correction/logs/build.log	2464	621cf5f94355c82b99a8265928004b1400e2f5a8be7a62d8392ed7ba38fded33
5f3adc42	g3-pickup-load-and-correction	scenarios/g3-pickup-load-and-correction/logs/control-server.err.log	0	e3b0c44298fc1c149afbf4c8996fb92427ae41e4649b934ca495991b7852b855
5f3adc42	g3-pickup-load-and-correction	scenarios/g3-pickup-load-and-correction/logs/control-server.out.log	2822990	61f74f0cb364989d2b75c37d602d4777e8c4a7e957abcf0afceb950fb88401c4
5f3adc42	g3-pickup-load-and-correction	scenarios/g3-pickup-load-and-correction/logs/fake-mes-ingest.err.log	0	e3b0c44298fc1c149afbf4c8996fb92427ae41e4649b934ca495991b7852b855
5f3adc42	g3-pickup-load-and-correction	scenarios/g3-pickup-load-and-correction/logs/fake-mes-ingest.out.log	84697	9fe6f30abb65910bc0404550f5c1448cbba1b15c09af24539d4f362d28a41a98
5f3adc42	g3-pickup-load-and-correction	scenarios/g3-pickup-load-and-correction/logs/fake-riot.err.log	0	e3b0c44298fc1c149afbf4c8996fb92427ae41e4649b934ca495991b7852b855
5f3adc42	g3-pickup-load-and-correction	scenarios/g3-pickup-load-and-correction/logs/fake-riot.out.log	325574	02d6db4907f0d3de448ab6538b2b3f6f3b973c89a75c63a337027ac75db6e015
5f3adc42	g3-pickup-load-and-correction	scenarios/g3-pickup-load-and-correction/logs/onboard-hmi.err.log	0	e3b0c44298fc1c149afbf4c8996fb92427ae41e4649b934ca495991b7852b855
5f3adc42	g3-pickup-load-and-correction	scenarios/g3-pickup-load-and-correction/logs/onboard-hmi.out.log	0	e3b0c44298fc1c149afbf4c8996fb92427ae41e4649b934ca495991b7852b855
5f3adc42	g3-pickup-load-and-correction	scenarios/g3-pickup-load-and-correction/logs/package-capacity-import.err.log	0	e3b0c44298fc1c149afbf4c8996fb92427ae41e4649b934ca495991b7852b855
5f3adc42	g3-pickup-load-and-correction	scenarios/g3-pickup-load-and-correction/logs/package-capacity-import.out.log	162553	c0477563068e3e48402f04b285790b87ec8438b9fd736e55af427c63e3ca3145
5f3adc42	g3-pickup-load-and-correction	scenarios/g3-pickup-load-and-correction/logs/slots-simulator.err.log	0	e3b0c44298fc1c149afbf4c8996fb92427ae41e4649b934ca495991b7852b855
5f3adc42	g3-pickup-load-and-correction	scenarios/g3-pickup-load-and-correction/logs/slots-simulator.out.log	0	e3b0c44298fc1c149afbf4c8996fb92427ae41e4649b934ca495991b7852b855
5f3adc42	g3-pickup-load-and-correction	scenarios/g3-pickup-load-and-correction/logs/onboard-app/agv-20261010.log	25343	23ce678d289b01b63935939071a769053fd56c9117470620feb6f027a144a2b0
5f3adc42	g3-pickup-load-and-correction	scenarios/g3-pickup-load-and-correction/snapshots/db-AcceptedDemands.json	844	6e5d48748e0fc1f03d59877f6c2dfbf9500481e1d6fa8959c1a1a701d49059d1
5f3adc42	g3-pickup-load-and-correction	scenarios/g3-pickup-load-and-correction/snapshots/db-ActiveSlotConfigurations.json	0	e3b0c44298fc1c149afbf4c8996fb92427ae41e4649b934ca495991b7852b855
5f3adc42	g3-pickup-load-and-correction	scenarios/g3-pickup-load-and-correction/snapshots/db-BusinessAuditRecords.json	6500	17027c5ef10f73500261c9110d201a13070a7a8503fd2ec9330332dfbef25452
5f3adc42	g3-pickup-load-and-correction	scenarios/g3-pickup-load-and-correction/snapshots/db-ChargerRosterEntries.json	0	e3b0c44298fc1c149afbf4c8996fb92427ae41e4649b934ca495991b7852b855
5f3adc42	g3-pickup-load-and-correction	scenarios/g3-pickup-load-and-correction/snapshots/db-ChargerRosterVersions.json	0	e3b0c44298fc1c149afbf4c8996fb92427ae41e4649b934ca495991b7852b855
5f3adc42	g3-pickup-load-and-correction	scenarios/g3-pickup-load-and-correction/snapshots/db-ChargingPolicyActivations.json	189	6c845aaf8749a2bf2b7835c68a9d3db29d9a52159934bece6cb730f6a505e58d
5f3adc42	g3-pickup-load-and-correction	scenarios/g3-pickup-load-and-correction/snapshots/db-ChargingPolicyApprovals.json	282	2f5da4897f08a5fb7f6c772f7a5590e972b12fd7694bf9e36acce8e49050c9fc
5f3adc42	g3-pickup-load-and-correction	scenarios/g3-pickup-load-and-correction/snapshots/db-ChargingPolicyVehicleScopes.json	0	e3b0c44298fc1c149afbf4c8996fb92427ae41e4649b934ca495991b7852b855
5f3adc42	g3-pickup-load-and-correction	scenarios/g3-pickup-load-and-correction/snapshots/db-ChargingPolicyVersions.json	632	c3716df21bb1e34b2be7fed1bdd0fa0c57a4330331eaa0afe8f1cff23989bf61
5f3adc42	g3-pickup-load-and-correction	scenarios/g3-pickup-load-and-correction/snapshots/db-CreateGateAudit.json	444	c2eee9d5289bee7753de488889adf6cdd15559f32a130966ce4223e2f7883a6e
5f3adc42	g3-pickup-load-and-correction	scenarios/g3-pickup-load-and-correction/snapshots/db-DispatchZoneAreaAssignments.json	377	ffd7aa7365bc86efef17a319718d4204d0b1a59ba4472d7aa02a7a181ceaee9c
5f3adc42	g3-pickup-load-and-correction	scenarios/g3-pickup-load-and-correction/snapshots/db-DispatchZoneAreaAssignmentVersions.json	235	bda08b38d654d363bb8ff32a4b9c21ccf195f1174716219db21b447dd5a67422
5f3adc42	g3-pickup-load-and-correction	scenarios/g3-pickup-load-and-correction/snapshots/db-DispatchZoneParameters.json	0	e3b0c44298fc1c149afbf4c8996fb92427ae41e4649b934ca495991b7852b855
5f3adc42	g3-pickup-load-and-correction	scenarios/g3-pickup-load-and-correction/snapshots/db-DispatchZoneParameterVersions.json	0	e3b0c44298fc1c149afbf4c8996fb92427ae41e4649b934ca495991b7852b855
5f3adc42	g3-pickup-load-and-correction	scenarios/g3-pickup-load-and-correction/snapshots/db-ExceptionRecoverySessions.json	0	e3b0c44298fc1c149afbf4c8996fb92427ae41e4649b934ca495991b7852b855
5f3adc42	g3-pickup-load-and-correction	scenarios/g3-pickup-load-and-correction/snapshots/db-FrozenDemandStations.json	664	5e99fcd09910b1808ef51db71eac3c8b680c338c31c6abafc01bcd41b2c5cfa5
5f3adc42	g3-pickup-load-and-correction	scenarios/g3-pickup-load-and-correction/snapshots/db-JourneyBacklog.json	567	6f761e7a4c44b0857456127a5d7750ad76ed79b37ce4823e86f00b484365514c
5f3adc42	g3-pickup-load-and-correction	scenarios/g3-pickup-load-and-correction/snapshots/db-JourneyDemands.json	875	fdc3039ff7bd55cea2217eb41a529b3b991c118cf0e720965b8c623c4bb64ce8
5f3adc42	g3-pickup-load-and-correction	scenarios/g3-pickup-load-and-correction/snapshots/db-JourneyRuntimes.json	2861	19be7dcd0875dedf1c70676bee018ac96a912e7f5280c474278a202f8b48f0c7
5f3adc42	g3-pickup-load-and-correction	scenarios/g3-pickup-load-and-correction/snapshots/db-JourneyStops.json	1941	02076c1b12420d700fc5444689cb16fb5960c2fed332bf100d9009df27e2a90a
5f3adc42	g3-pickup-load-and-correction	scenarios/g3-pickup-load-and-correction/snapshots/db-MapStationCatalogStates.json	370	a1b534861c9af715fa1be9a305700caf78e32cde523b72d4e0c603c20248ba11
5f3adc42	g3-pickup-load-and-correction	scenarios/g3-pickup-load-and-correction/snapshots/db-OnboardAlarmSnapshots.json	214	ec7f9c0aeea80d9727df48106f2854d7bcad5a61494a14310e7b1d68d07cd05a
5f3adc42	g3-pickup-load-and-correction	scenarios/g3-pickup-load-and-correction/snapshots/db-OperationResults.json	746	4dfc41f8dd14e8fa37a38532d50c67eead4b827e6ff4816446e5159b89ed51ec
5f3adc42	g3-pickup-load-and-correction	scenarios/g3-pickup-load-and-correction/snapshots/db-OrderIntents.json	3177	3ad8d4376e89f4a59a689a128160dc77073a4e80bce0548b0e92744df35bb8f4
5f3adc42	g3-pickup-load-and-correction	scenarios/g3-pickup-load-and-correction/snapshots/db-OwnOrderRebuilds.json	0	e3b0c44298fc1c149afbf4c8996fb92427ae41e4649b934ca495991b7852b855
5f3adc42	g3-pickup-load-and-correction	scenarios/g3-pickup-load-and-correction/snapshots/db-RecoveryWorkflows.json	1126	be3c3fb8a49157d1aa75af36953e22a973e09179f10f0c19671b9bd2acb3d9d8
5f3adc42	g3-pickup-load-and-correction	scenarios/g3-pickup-load-and-correction/snapshots/db-RiotDispatchAuditEvents.json	9102	541d351f275ddd050d6abea0f516552cebd2fb08dd4b0558f2fc071b009e6f64
5f3adc42	g3-pickup-load-and-correction	scenarios/g3-pickup-load-and-correction/snapshots/db-RiotOrderCommandAudit.json	0	e3b0c44298fc1c149afbf4c8996fb92427ae41e4649b934ca495991b7852b855
5f3adc42	g3-pickup-load-and-correction	scenarios/g3-pickup-load-and-correction/snapshots/db-RouteGraphSnapshots.json	0	e3b0c44298fc1c149afbf4c8996fb92427ae41e4649b934ca495991b7852b855
5f3adc42	g3-pickup-load-and-correction	scenarios/g3-pickup-load-and-correction/snapshots/db-SessionRecoveries.json	1123	38378bc834989682b1f075b24d9119426fd8733e46311de0e36d50ad340bc550
5f3adc42	g3-pickup-load-and-correction	scenarios/g3-pickup-load-and-correction/snapshots/db-SlotConfigurationActivations.json	0	e3b0c44298fc1c149afbf4c8996fb92427ae41e4649b934ca495991b7852b855
5f3adc42	g3-pickup-load-and-correction	scenarios/g3-pickup-load-and-correction/snapshots/db-SlotFaultDeclarations.json	0	e3b0c44298fc1c149afbf4c8996fb92427ae41e4649b934ca495991b7852b855
5f3adc42	g3-pickup-load-and-correction	scenarios/g3-pickup-load-and-correction/snapshots/db-SlotIoBindings.json	4250	00f7ec53164b2bb1ed99f34bf1e465a4856764f335c85ab9be44d2c5a7789670
5f3adc42	g3-pickup-load-and-correction	scenarios/g3-pickup-load-and-correction/snapshots/db-SlotModelVersions.json	321	83621c07dfae640a68c08c166f898f9ce4695c2f2c90bd4c05ba2428059eaccc
5f3adc42	g3-pickup-load-and-correction	scenarios/g3-pickup-load-and-correction/snapshots/db-StationExclusivities.json	378	66af6e15484f40b859b2e81f7c95f42e7986ccef012c224b77682f84890b5750
5f3adc42	g3-pickup-load-and-correction	scenarios/g3-pickup-load-and-correction/snapshots/db-StationExclusivityRecords.json	426	e53aa6abe32f1216a2e51b0094050a1158bb15bc2ba89097a78d429c98608868
5f3adc42	g3-pickup-load-and-correction	scenarios/g3-pickup-load-and-correction/snapshots/db-StationOperations.json	664	5af37b306d4dca277d847da1c57712f26e3a968a4617139035f624a880231c4c
5f3adc42	g3-pickup-load-and-correction	scenarios/g3-pickup-load-and-correction/snapshots/db-StructuralDispatchBlocks.json	0	e3b0c44298fc1c149afbf4c8996fb92427ae41e4649b934ca495991b7852b855
5f3adc42	g3-pickup-load-and-correction	scenarios/g3-pickup-load-and-correction/snapshots/db-TaskTypeStationActiveBindingSets.json	143	9c7570ab733a46a2802bfc5c29b62fc6b88bb67c9680bdc7d754df8147829758
5f3adc42	g3-pickup-load-and-correction	scenarios/g3-pickup-load-and-correction/snapshots/db-TaskTypeStationBindings.json	173	b412006843f62c50e682598812b9f1746f67a659a3a2ddcff12221d6be0bbc28
5f3adc42	g3-pickup-load-and-correction	scenarios/g3-pickup-load-and-correction/snapshots/db-TaskTypeStationBindingSetVersions.json	395	e61f26a8c25738a8e45415ab559b6b364b4ac891dd6e6aa9be3862bccef1475d
5f3adc42	g3-pickup-load-and-correction	scenarios/g3-pickup-load-and-correction/snapshots/db-TaskTypeStationRuleVersions.json	330	2cf019911ba27a65de6aa7090e72b58a74b63bc02f45c2fbeff9cce9d01f752c
5f3adc42	g3-pickup-load-and-correction	scenarios/g3-pickup-load-and-correction/snapshots/db-VehiclePurposeClaimRecords.json	288	482015c61010d57cebcc5f3fe70288df0108ec050014087fb2823e239638de0d
5f3adc42	g3-pickup-load-and-correction	scenarios/g3-pickup-load-and-correction/snapshots/db-VehiclePurposeClaims.json	183	15b66927b4f39fa5388b79407fa7da9984d1de125f9abd47a5c38e34747e9436
5f3adc42	g3-pickup-load-and-correction	scenarios/g3-pickup-load-and-correction/snapshots/db-WaitingPoints.json	0	e3b0c44298fc1c149afbf4c8996fb92427ae41e4649b934ca495991b7852b855
5f3adc42	g3-pickup-load-and-correction	scenarios/g3-pickup-load-and-correction/snapshots/db-WaitingPointVehicleScopes.json	0	e3b0c44298fc1c149afbf4c8996fb92427ae41e4649b934ca495991b7852b855
5f3adc42	g3-pickup-load-and-correction	scenarios/g3-pickup-load-and-correction/snapshots/db-WaitingPointVersions.json	0	e3b0c44298fc1c149afbf4c8996fb92427ae41e4649b934ca495991b7852b855
5f3adc42	g3-pickup-load-and-correction	scenarios/g3-pickup-load-and-correction/snapshots/fake-mes-ingest.json	1037	2b0489d38ba3700bb3797ebdb197dd98aed3662c9c67b419bcbecb5bde970d5a
5f3adc42	g3-pickup-load-and-correction	scenarios/g3-pickup-load-and-correction/snapshots/fake-riot.json	3386	d3bb23d3d76ddd569a010e4caf5e3dbafb7fc54d47fc13f5cc6990d9fcbf2355
5f3adc42	g3-pickup-load-and-correction	scenarios/g3-pickup-load-and-correction/snapshots/preseed-area-assignments.csv	128	9906e26d53df2e02e2cb2da976840b5764419d03f3d724097fe4bf7ce36ec8af
5f3adc42	g3-pickup-load-and-correction	scenarios/g3-pickup-load-and-correction/snapshots/preseed-charging-policy.json	444	c9cff5e4ecf1d832d52d74154c81f43961075a5ca9d96150e9f079ea0afc2bfa
5f3adc42	g3-pickup-load-and-correction	scenarios/g3-pickup-load-and-correction/snapshots/slots-simulator.json	3036	117e30262bf2300327f31e0a4847d663d7c6c80e8efb2f84efcd9505b72be069
5f3adc42	g3-pickup-load-and-correction	scenarios/g3-pickup-load-and-correction/snapshots/task-type-stations.settings.json	894	d69ededa82fcf5dad3cdcc83b1682ae1f2ca0ce41be15f438c179105d114cc4f
5f3adc42	g3-predeparture-check-expires	scenarios/g3-predeparture-check-expires/logs/build.log	2464	3e2f39e06115fdab3b84a0c036ccdb09fd04f01136de9af6d7c186f092cc7c6e
5f3adc42	g3-predeparture-check-expires	scenarios/g3-predeparture-check-expires/logs/control-server.err.log	0	e3b0c44298fc1c149afbf4c8996fb92427ae41e4649b934ca495991b7852b855
5f3adc42	g3-predeparture-check-expires	scenarios/g3-predeparture-check-expires/logs/control-server.out.log	3074748	954265ae9b873bee2a5216f8cf183049c7238270e6465fd5a3e4e3df19fa7b5d
5f3adc42	g3-predeparture-check-expires	scenarios/g3-predeparture-check-expires/logs/fake-mes-ingest.err.log	0	e3b0c44298fc1c149afbf4c8996fb92427ae41e4649b934ca495991b7852b855
5f3adc42	g3-predeparture-check-expires	scenarios/g3-predeparture-check-expires/logs/fake-mes-ingest.out.log	98741	cd40582436fd54dc7a2e3ed50162b3ab40560d17c23466fda7e8ec3da790b0e8
5f3adc42	g3-predeparture-check-expires	scenarios/g3-predeparture-check-expires/logs/fake-riot.err.log	0	e3b0c44298fc1c149afbf4c8996fb92427ae41e4649b934ca495991b7852b855
5f3adc42	g3-predeparture-check-expires	scenarios/g3-predeparture-check-expires/logs/fake-riot.out.log	381950	f5a84baa030ce179a4e96f6104d12a14915936af3c8242d2005c8c782866be19
5f3adc42	g3-predeparture-check-expires	scenarios/g3-predeparture-check-expires/logs/onboard-hmi.err.log	0	e3b0c44298fc1c149afbf4c8996fb92427ae41e4649b934ca495991b7852b855
5f3adc42	g3-predeparture-check-expires	scenarios/g3-predeparture-check-expires/logs/onboard-hmi.out.log	0	e3b0c44298fc1c149afbf4c8996fb92427ae41e4649b934ca495991b7852b855
5f3adc42	g3-predeparture-check-expires	scenarios/g3-predeparture-check-expires/logs/package-capacity-import.err.log	0	e3b0c44298fc1c149afbf4c8996fb92427ae41e4649b934ca495991b7852b855
5f3adc42	g3-predeparture-check-expires	scenarios/g3-predeparture-check-expires/logs/package-capacity-import.out.log	162553	cdac7235a266fe14fd1c9037cca5f6e76e45ffa200da8e6b45159beb15d324b0
5f3adc42	g3-predeparture-check-expires	scenarios/g3-predeparture-check-expires/logs/slots-simulator.err.log	0	e3b0c44298fc1c149afbf4c8996fb92427ae41e4649b934ca495991b7852b855
5f3adc42	g3-predeparture-check-expires	scenarios/g3-predeparture-check-expires/logs/slots-simulator.out.log	0	e3b0c44298fc1c149afbf4c8996fb92427ae41e4649b934ca495991b7852b855
5f3adc42	g3-predeparture-check-expires	scenarios/g3-predeparture-check-expires/logs/onboard-app/agv-20261010.log	11740	592e22622f3b1f1c3f6c7cd4c04aefa8e0af514ed7812719c218d7958aae9d6b
5f3adc42	g3-predeparture-check-expires	scenarios/g3-predeparture-check-expires/snapshots/db-AcceptedDemands.json	848	9e36a4b309606d4f82038c698a6ce0c001ad02695f55665df937c5c2a4b976e3
5f3adc42	g3-predeparture-check-expires	scenarios/g3-predeparture-check-expires/snapshots/db-ActiveSlotConfigurations.json	0	e3b0c44298fc1c149afbf4c8996fb92427ae41e4649b934ca495991b7852b855
5f3adc42	g3-predeparture-check-expires	scenarios/g3-predeparture-check-expires/snapshots/db-BusinessAuditRecords.json	6502	4e1e490b8a0df5a98db0d1aab47111859fd8961431b14b64fc34c2c6570b596e
5f3adc42	g3-predeparture-check-expires	scenarios/g3-predeparture-check-expires/snapshots/db-ChargerRosterEntries.json	0	e3b0c44298fc1c149afbf4c8996fb92427ae41e4649b934ca495991b7852b855
5f3adc42	g3-predeparture-check-expires	scenarios/g3-predeparture-check-expires/snapshots/db-ChargerRosterVersions.json	0	e3b0c44298fc1c149afbf4c8996fb92427ae41e4649b934ca495991b7852b855
5f3adc42	g3-predeparture-check-expires	scenarios/g3-predeparture-check-expires/snapshots/db-ChargingPolicyActivations.json	189	97b12fa0c1c58f974c334b9671c3a35dad8a9d6699da0f0eac6091fdd302e5d7
5f3adc42	g3-predeparture-check-expires	scenarios/g3-predeparture-check-expires/snapshots/db-ChargingPolicyApprovals.json	282	0c7cfbe0a7983d17676a343917146b4528ac94a3a1d59a59867b3b0ea3bf4d11
5f3adc42	g3-predeparture-check-expires	scenarios/g3-predeparture-check-expires/snapshots/db-ChargingPolicyVehicleScopes.json	0	e3b0c44298fc1c149afbf4c8996fb92427ae41e4649b934ca495991b7852b855
5f3adc42	g3-predeparture-check-expires	scenarios/g3-predeparture-check-expires/snapshots/db-ChargingPolicyVersions.json	631	5595dd5cbf552f623d0327d7a91a7e503678187c20d23105049f839520622185
5f3adc42	g3-predeparture-check-expires	scenarios/g3-predeparture-check-expires/snapshots/db-CreateGateAudit.json	1441	2b9f3bcef60d29d90ad5225f9c6e7213eaef8b0799415587cf9ad0e694328ae8
5f3adc42	g3-predeparture-check-expires	scenarios/g3-predeparture-check-expires/snapshots/db-DispatchZoneAreaAssignments.json	377	ffd7aa7365bc86efef17a319718d4204d0b1a59ba4472d7aa02a7a181ceaee9c
5f3adc42	g3-predeparture-check-expires	scenarios/g3-predeparture-check-expires/snapshots/db-DispatchZoneAreaAssignmentVersions.json	235	e784e6dbd9ba6dbcb8cf3b7c2374049403ecae2ccedacc590b5dd7ba6132680c
5f3adc42	g3-predeparture-check-expires	scenarios/g3-predeparture-check-expires/snapshots/db-DispatchZoneParameters.json	0	e3b0c44298fc1c149afbf4c8996fb92427ae41e4649b934ca495991b7852b855
5f3adc42	g3-predeparture-check-expires	scenarios/g3-predeparture-check-expires/snapshots/db-DispatchZoneParameterVersions.json	0	e3b0c44298fc1c149afbf4c8996fb92427ae41e4649b934ca495991b7852b855
5f3adc42	g3-predeparture-check-expires	scenarios/g3-predeparture-check-expires/snapshots/db-ExceptionRecoverySessions.json	0	e3b0c44298fc1c149afbf4c8996fb92427ae41e4649b934ca495991b7852b855
5f3adc42	g3-predeparture-check-expires	scenarios/g3-predeparture-check-expires/snapshots/db-FrozenDemandStations.json	666	06f94a52b15893bd73df62adef63ff80074bfe56e5a50bfcf6558a157d396d23
5f3adc42	g3-predeparture-check-expires	scenarios/g3-predeparture-check-expires/snapshots/db-JourneyBacklog.json	569	2afc10502dd6b7d2c69b6d8630c98e49f51f3404a14599f734f13eafa87150ac
5f3adc42	g3-predeparture-check-expires	scenarios/g3-predeparture-check-expires/snapshots/db-JourneyDemands.json	873	614fdf2de5bdd52a363318546d61f469fe7311c9543ed16b13bee4686ba839c1
5f3adc42	g3-predeparture-check-expires	scenarios/g3-predeparture-check-expires/snapshots/db-JourneyRuntimes.json	2859	9efc4acbae72c06a0a8eb2fe40a9156237de64576d2d19bc568e78d297315478
5f3adc42	g3-predeparture-check-expires	scenarios/g3-predeparture-check-expires/snapshots/db-JourneyStops.json	1941	70d8a9a4fa190c565171bf95eb5ba0674efdf1069e776e04534b88c8228d036f
5f3adc42	g3-predeparture-check-expires	scenarios/g3-predeparture-check-expires/snapshots/db-MapStationCatalogStates.json	370	2f8f602c1e40171b65472a7e210fdcd29496b3f5b6f3bd31ad0e56bb6dccf562
5f3adc42	g3-predeparture-check-expires	scenarios/g3-predeparture-check-expires/snapshots/db-OnboardAlarmSnapshots.json	687	3f5784e4aaa28b39dd66b6bd3f4c9a9b16b88c108cdedcb8bd943f60f063916c
5f3adc42	g3-predeparture-check-expires	scenarios/g3-predeparture-check-expires/snapshots/db-OperationResults.json	668	0dbe04f5a5d7da0f0e5af9e40dccc1315343547ec9e719142b223ea97717ebbc
5f3adc42	g3-predeparture-check-expires	scenarios/g3-predeparture-check-expires/snapshots/db-OrderIntents.json	3177	6e7a66d76ed654e48afa89db8472a9dd863363139caaffdf5ca0f8d4707d25f1
5f3adc42	g3-predeparture-check-expires	scenarios/g3-predeparture-check-expires/snapshots/db-OwnOrderRebuilds.json	0	e3b0c44298fc1c149afbf4c8996fb92427ae41e4649b934ca495991b7852b855
5f3adc42	g3-predeparture-check-expires	scenarios/g3-predeparture-check-expires/snapshots/db-RecoveryWorkflows.json	0	e3b0c44298fc1c149afbf4c8996fb92427ae41e4649b934ca495991b7852b855
5f3adc42	g3-predeparture-check-expires	scenarios/g3-predeparture-check-expires/snapshots/db-RiotDispatchAuditEvents.json	9102	d0cd4b9bb530f491290f17fc19a1408ef81df3d8d4884824c26d44e6281d43d1
5f3adc42	g3-predeparture-check-expires	scenarios/g3-predeparture-check-expires/snapshots/db-RiotOrderCommandAudit.json	0	e3b0c44298fc1c149afbf4c8996fb92427ae41e4649b934ca495991b7852b855
5f3adc42	g3-predeparture-check-expires	scenarios/g3-predeparture-check-expires/snapshots/db-RouteGraphSnapshots.json	0	e3b0c44298fc1c149afbf4c8996fb92427ae41e4649b934ca495991b7852b855
5f3adc42	g3-predeparture-check-expires	scenarios/g3-predeparture-check-expires/snapshots/db-SessionRecoveries.json	1176	4e98bc29d8fbe950984b1225d542c6502ff2cc218257779f410eceae77089fbe
5f3adc42	g3-predeparture-check-expires	scenarios/g3-predeparture-check-expires/snapshots/db-SlotConfigurationActivations.json	0	e3b0c44298fc1c149afbf4c8996fb92427ae41e4649b934ca495991b7852b855
5f3adc42	g3-predeparture-check-expires	scenarios/g3-predeparture-check-expires/snapshots/db-SlotFaultDeclarations.json	0	e3b0c44298fc1c149afbf4c8996fb92427ae41e4649b934ca495991b7852b855
5f3adc42	g3-predeparture-check-expires	scenarios/g3-predeparture-check-expires/snapshots/db-SlotIoBindings.json	4258	fb4ad68250f7678f960133a2a460f4c73a3705601bf7847e16857baf66999978
5f3adc42	g3-predeparture-check-expires	scenarios/g3-predeparture-check-expires/snapshots/db-SlotModelVersions.json	321	2b450033cee5c314d861202160d2a6393267916ce3f39ce29b704475505f75e6
5f3adc42	g3-predeparture-check-expires	scenarios/g3-predeparture-check-expires/snapshots/db-StationExclusivities.json	378	c71d0c6bdc00db73f18988514406621d619487b8af285f9dc6960f3dbd3db813
5f3adc42	g3-predeparture-check-expires	scenarios/g3-predeparture-check-expires/snapshots/db-StationExclusivityRecords.json	426	8c818e21ed29b0280057cfa415cfaa3be40fb855a7c15715e688b65a54dcebbf
5f3adc42	g3-predeparture-check-expires	scenarios/g3-predeparture-check-expires/snapshots/db-StationOperations.json	585	e6a1a8672da7e0a2ceee2a813e01dab5502c4bb5cc30ae6ede244eaba12ac4ed
5f3adc42	g3-predeparture-check-expires	scenarios/g3-predeparture-check-expires/snapshots/db-StructuralDispatchBlocks.json	0	e3b0c44298fc1c149afbf4c8996fb92427ae41e4649b934ca495991b7852b855
5f3adc42	g3-predeparture-check-expires	scenarios/g3-predeparture-check-expires/snapshots/db-TaskTypeStationActiveBindingSets.json	144	c04311b345e71f587d0b4f167029e5a31e33ec0a60fed13a8cfb6266075061e5
5f3adc42	g3-predeparture-check-expires	scenarios/g3-predeparture-check-expires/snapshots/db-TaskTypeStationBindings.json	173	b412006843f62c50e682598812b9f1746f67a659a3a2ddcff12221d6be0bbc28
5f3adc42	g3-predeparture-check-expires	scenarios/g3-predeparture-check-expires/snapshots/db-TaskTypeStationBindingSetVersions.json	396	6e1b40eb523ff9ff0e65e2a2208d099a8a1cc41a048c0833e992278d97d8a930
5f3adc42	g3-predeparture-check-expires	scenarios/g3-predeparture-check-expires/snapshots/db-TaskTypeStationRuleVersions.json	331	29a84746b9225dea2be474104b1a134866926a3b262a51bf4ba27094db7a50df
5f3adc42	g3-predeparture-check-expires	scenarios/g3-predeparture-check-expires/snapshots/db-VehiclePurposeClaimRecords.json	288	f51fa488737e91b674ff9de7e533d89cd99d0c13582de6c87a85402544669340
5f3adc42	g3-predeparture-check-expires	scenarios/g3-predeparture-check-expires/snapshots/db-VehiclePurposeClaims.json	183	d6be8dd0e7ce84a4a1dd8433bf97d7fcbd17f30ed6ad5837a720cbc51d92fe63
5f3adc42	g3-predeparture-check-expires	scenarios/g3-predeparture-check-expires/snapshots/db-WaitingPoints.json	0	e3b0c44298fc1c149afbf4c8996fb92427ae41e4649b934ca495991b7852b855
5f3adc42	g3-predeparture-check-expires	scenarios/g3-predeparture-check-expires/snapshots/db-WaitingPointVehicleScopes.json	0	e3b0c44298fc1c149afbf4c8996fb92427ae41e4649b934ca495991b7852b855
5f3adc42	g3-predeparture-check-expires	scenarios/g3-predeparture-check-expires/snapshots/db-WaitingPointVersions.json	0	e3b0c44298fc1c149afbf4c8996fb92427ae41e4649b934ca495991b7852b855
5f3adc42	g3-predeparture-check-expires	scenarios/g3-predeparture-check-expires/snapshots/fake-mes-ingest.json	1040	d609e2b61be1c94573afb190069862507e7fd1ef8607bcc16ba2ac604adb5663
5f3adc42	g3-predeparture-check-expires	scenarios/g3-predeparture-check-expires/snapshots/fake-riot.json	3386	cc27da53613d62b513fb6f655a934ff5c78dc82b7b953e23ff55b00b7c6a8d4e
5f3adc42	g3-predeparture-check-expires	scenarios/g3-predeparture-check-expires/snapshots/preseed-area-assignments.csv	128	9906e26d53df2e02e2cb2da976840b5764419d03f3d724097fe4bf7ce36ec8af
5f3adc42	g3-predeparture-check-expires	scenarios/g3-predeparture-check-expires/snapshots/preseed-charging-policy.json	444	c9cff5e4ecf1d832d52d74154c81f43961075a5ca9d96150e9f079ea0afc2bfa
5f3adc42	g3-predeparture-check-expires	scenarios/g3-predeparture-check-expires/snapshots/slots-simulator.json	3033	c27e18e7a019964cb1ea607be9d7b751cbdf9eab80866fb7250450ca2a21fd69
5f3adc42	g3-predeparture-check-expires	scenarios/g3-predeparture-check-expires/snapshots/task-type-stations.settings.json	894	d69ededa82fcf5dad3cdcc83b1682ae1f2ca0ce41be15f438c179105d114cc4f
5f3adc42	g3-reversed-direction-journey	scenarios/g3-reversed-direction-journey/logs/build.log	2464	98a4e9ea60f3d00a8798cc085c7a1f2608bb0afdb6f84b03da0a9cd267303c64
5f3adc42	g3-reversed-direction-journey	scenarios/g3-reversed-direction-journey/logs/control-server.err.log	0	e3b0c44298fc1c149afbf4c8996fb92427ae41e4649b934ca495991b7852b855
5f3adc42	g3-reversed-direction-journey	scenarios/g3-reversed-direction-journey/logs/control-server.out.log	2786701	86b170e75347230e4b5b51b91593738b196d0cc2729b105ed47682b154daa4eb
5f3adc42	g3-reversed-direction-journey	scenarios/g3-reversed-direction-journey/logs/fake-mes-ingest.err.log	0	e3b0c44298fc1c149afbf4c8996fb92427ae41e4649b934ca495991b7852b855
5f3adc42	g3-reversed-direction-journey	scenarios/g3-reversed-direction-journey/logs/fake-mes-ingest.out.log	84698	c40f4a15ddc12574b9064e30387bbaade2105c1fc20889d0cf2294cfc9177f05
5f3adc42	g3-reversed-direction-journey	scenarios/g3-reversed-direction-journey/logs/fake-riot.err.log	0	e3b0c44298fc1c149afbf4c8996fb92427ae41e4649b934ca495991b7852b855
5f3adc42	g3-reversed-direction-journey	scenarios/g3-reversed-direction-journey/logs/fake-riot.out.log	339621	b7dfd84640de7945496bc0d007ba04c01d884bb8201f7cef467ccb071d1ac029
5f3adc42	g3-reversed-direction-journey	scenarios/g3-reversed-direction-journey/logs/onboard-hmi.err.log	0	e3b0c44298fc1c149afbf4c8996fb92427ae41e4649b934ca495991b7852b855
5f3adc42	g3-reversed-direction-journey	scenarios/g3-reversed-direction-journey/logs/onboard-hmi.out.log	0	e3b0c44298fc1c149afbf4c8996fb92427ae41e4649b934ca495991b7852b855
5f3adc42	g3-reversed-direction-journey	scenarios/g3-reversed-direction-journey/logs/package-capacity-import.err.log	0	e3b0c44298fc1c149afbf4c8996fb92427ae41e4649b934ca495991b7852b855
5f3adc42	g3-reversed-direction-journey	scenarios/g3-reversed-direction-journey/logs/package-capacity-import.out.log	162552	076c0c1078284f13a108f4fdfc10f39f1967229d4ee347fdfbd2a6f1532d18da
5f3adc42	g3-reversed-direction-journey	scenarios/g3-reversed-direction-journey/logs/slots-simulator.err.log	0	e3b0c44298fc1c149afbf4c8996fb92427ae41e4649b934ca495991b7852b855
5f3adc42	g3-reversed-direction-journey	scenarios/g3-reversed-direction-journey/logs/slots-simulator.out.log	0	e3b0c44298fc1c149afbf4c8996fb92427ae41e4649b934ca495991b7852b855
5f3adc42	g3-reversed-direction-journey	scenarios/g3-reversed-direction-journey/logs/onboard-app/agv-20261010.log	13775	c156e4354b30a9d74ff0ffa19938701af31f55fcedbe9275d2719f629444b221
5f3adc42	g3-reversed-direction-journey	scenarios/g3-reversed-direction-journey/snapshots/db-AcceptedDemands.json	853	aa70c71500f5a8e136eafe4ef2fffaa0b25ca991fb21e52f1643afa6d2b007e1
5f3adc42	g3-reversed-direction-journey	scenarios/g3-reversed-direction-journey/snapshots/db-ActiveSlotConfigurations.json	0	e3b0c44298fc1c149afbf4c8996fb92427ae41e4649b934ca495991b7852b855
5f3adc42	g3-reversed-direction-journey	scenarios/g3-reversed-direction-journey/snapshots/db-BusinessAuditRecords.json	6502	f1ba3c48dd1725735c5223611c31fe8cc2a1e27d82424528e4fe6a32612385ff
5f3adc42	g3-reversed-direction-journey	scenarios/g3-reversed-direction-journey/snapshots/db-ChargerRosterEntries.json	0	e3b0c44298fc1c149afbf4c8996fb92427ae41e4649b934ca495991b7852b855
5f3adc42	g3-reversed-direction-journey	scenarios/g3-reversed-direction-journey/snapshots/db-ChargerRosterVersions.json	0	e3b0c44298fc1c149afbf4c8996fb92427ae41e4649b934ca495991b7852b855
5f3adc42	g3-reversed-direction-journey	scenarios/g3-reversed-direction-journey/snapshots/db-ChargingPolicyActivations.json	189	a81404256b740bf2d9855804dfc9dc51dfdb6b98c89ed6aba4d6cdad93ac7f2c
5f3adc42	g3-reversed-direction-journey	scenarios/g3-reversed-direction-journey/snapshots/db-ChargingPolicyApprovals.json	282	6331a3d18a4993730f38a173239f3111ef09f2cfd41e5cf77819e333ce5aba14
5f3adc42	g3-reversed-direction-journey	scenarios/g3-reversed-direction-journey/snapshots/db-ChargingPolicyVehicleScopes.json	0	e3b0c44298fc1c149afbf4c8996fb92427ae41e4649b934ca495991b7852b855
5f3adc42	g3-reversed-direction-journey	scenarios/g3-reversed-direction-journey/snapshots/db-ChargingPolicyVersions.json	632	9a5935a5e28d8b7dff12a0f3e3dd70d6ea68192503217dd1f13fcf14463f69fd
5f3adc42	g3-reversed-direction-journey	scenarios/g3-reversed-direction-journey/snapshots/db-CreateGateAudit.json	447	fad355365abebc664979c8ca3771a1ea42e100a55a1f0c7f1856908731b14228
5f3adc42	g3-reversed-direction-journey	scenarios/g3-reversed-direction-journey/snapshots/db-DispatchZoneAreaAssignments.json	377	ffd7aa7365bc86efef17a319718d4204d0b1a59ba4472d7aa02a7a181ceaee9c
5f3adc42	g3-reversed-direction-journey	scenarios/g3-reversed-direction-journey/snapshots/db-DispatchZoneAreaAssignmentVersions.json	235	30f5b8a4543a03ed23a0b682b0ea6c05890f8e7d5cedc86d45b5c491ccd3f0f8
5f3adc42	g3-reversed-direction-journey	scenarios/g3-reversed-direction-journey/snapshots/db-DispatchZoneParameters.json	0	e3b0c44298fc1c149afbf4c8996fb92427ae41e4649b934ca495991b7852b855
5f3adc42	g3-reversed-direction-journey	scenarios/g3-reversed-direction-journey/snapshots/db-DispatchZoneParameterVersions.json	0	e3b0c44298fc1c149afbf4c8996fb92427ae41e4649b934ca495991b7852b855
5f3adc42	g3-reversed-direction-journey	scenarios/g3-reversed-direction-journey/snapshots/db-ExceptionRecoverySessions.json	0	e3b0c44298fc1c149afbf4c8996fb92427ae41e4649b934ca495991b7852b855
5f3adc42	g3-reversed-direction-journey	scenarios/g3-reversed-direction-journey/snapshots/db-FrozenDemandStations.json	676	25e31abf1512e1b93767aa6290648045f65c89ae3877c1c1ac1e4fd66c2057f9
5f3adc42	g3-reversed-direction-journey	scenarios/g3-reversed-direction-journey/snapshots/db-JourneyBacklog.json	571	7400a49f0c75c53e539cfb2880422d9b8c6731634f51c2f2a0788cb2b7d052f0
5f3adc42	g3-reversed-direction-journey	scenarios/g3-reversed-direction-journey/snapshots/db-JourneyDemands.json	875	727682d59b7b99d4390fe87e7a2e28ed493a0bc75c3ea4166cea6371bba1258f
5f3adc42	g3-reversed-direction-journey	scenarios/g3-reversed-direction-journey/snapshots/db-JourneyRuntimes.json	2855	792ecdeb2f559076aad6ee5b0248e7cf67786c8cfc4125fcf6df1e81f4d1928b
5f3adc42	g3-reversed-direction-journey	scenarios/g3-reversed-direction-journey/snapshots/db-JourneyStops.json	1949	ca7e6f5023a5eb861494d004a689cfd260fa1d21a105621fa75538a7fe6a2e38
5f3adc42	g3-reversed-direction-journey	scenarios/g3-reversed-direction-journey/snapshots/db-MapStationCatalogStates.json	370	9923f480794f5f4c9b4bbf01962e67918477bedbba068c6379a39ee11c6878af
5f3adc42	g3-reversed-direction-journey	scenarios/g3-reversed-direction-journey/snapshots/db-OnboardAlarmSnapshots.json	213	93e5a584aae79da7795eacc0bc311619089c19f0287a6c01adfc20eae55b76e8
5f3adc42	g3-reversed-direction-journey	scenarios/g3-reversed-direction-journey/snapshots/db-OperationResults.json	1401	c11dcee0ca7e9830698944ab97ffd6e4fec46c149271010f220b708a989ca0b4
5f3adc42	g3-reversed-direction-journey	scenarios/g3-reversed-direction-journey/snapshots/db-OrderIntents.json	3182	4912eb28cf4d9052475a2dcf5860f2e4b62ab24a83d3210bf7e25c3dfed204d1
5f3adc42	g3-reversed-direction-journey	scenarios/g3-reversed-direction-journey/snapshots/db-OwnOrderRebuilds.json	0	e3b0c44298fc1c149afbf4c8996fb92427ae41e4649b934ca495991b7852b855
5f3adc42	g3-reversed-direction-journey	scenarios/g3-reversed-direction-journey/snapshots/db-RecoveryWorkflows.json	0	e3b0c44298fc1c149afbf4c8996fb92427ae41e4649b934ca495991b7852b855
5f3adc42	g3-reversed-direction-journey	scenarios/g3-reversed-direction-journey/snapshots/db-RiotDispatchAuditEvents.json	9102	182beeaf722b0e50a5fffee05fcba8d02eb141b79e79858d093ae25db060bf56
5f3adc42	g3-reversed-direction-journey	scenarios/g3-reversed-direction-journey/snapshots/db-RiotOrderCommandAudit.json	0	e3b0c44298fc1c149afbf4c8996fb92427ae41e4649b934ca495991b7852b855
5f3adc42	g3-reversed-direction-journey	scenarios/g3-reversed-direction-journey/snapshots/db-RouteGraphSnapshots.json	0	e3b0c44298fc1c149afbf4c8996fb92427ae41e4649b934ca495991b7852b855
5f3adc42	g3-reversed-direction-journey	scenarios/g3-reversed-direction-journey/snapshots/db-SessionRecoveries.json	1123	94a3cfff6efacff41f544292ee843ff95e93a26bb06f0a59972ff42a055371a7
5f3adc42	g3-reversed-direction-journey	scenarios/g3-reversed-direction-journey/snapshots/db-SlotConfigurationActivations.json	0	e3b0c44298fc1c149afbf4c8996fb92427ae41e4649b934ca495991b7852b855
5f3adc42	g3-reversed-direction-journey	scenarios/g3-reversed-direction-journey/snapshots/db-SlotFaultDeclarations.json	0	e3b0c44298fc1c149afbf4c8996fb92427ae41e4649b934ca495991b7852b855
5f3adc42	g3-reversed-direction-journey	scenarios/g3-reversed-direction-journey/snapshots/db-SlotIoBindings.json	4250	d30befb5e32111978f1440682da7c827564b26f78cefeaa838635f47be8eb79c
5f3adc42	g3-reversed-direction-journey	scenarios/g3-reversed-direction-journey/snapshots/db-SlotModelVersions.json	321	f802019cad03085c4002d3f3d7da798184a46b699351b45223b6cfec2436a754
5f3adc42	g3-reversed-direction-journey	scenarios/g3-reversed-direction-journey/snapshots/db-StationExclusivities.json	0	e3b0c44298fc1c149afbf4c8996fb92427ae41e4649b934ca495991b7852b855
5f3adc42	g3-reversed-direction-journey	scenarios/g3-reversed-direction-journey/snapshots/db-StationExclusivityRecords.json	502	a9bd40d2447ecd90736320c025ad1953d4b1fe196627ca0feae66cf6a887d35a
5f3adc42	g3-reversed-direction-journey	scenarios/g3-reversed-direction-journey/snapshots/db-StationOperations.json	1231	9cede4164085f4e4dbfbe34c127cb06ddfd436751472ff3a0bff2daffe991176
5f3adc42	g3-reversed-direction-journey	scenarios/g3-reversed-direction-journey/snapshots/db-StructuralDispatchBlocks.json	0	e3b0c44298fc1c149afbf4c8996fb92427ae41e4649b934ca495991b7852b855
5f3adc42	g3-reversed-direction-journey	scenarios/g3-reversed-direction-journey/snapshots/db-TaskTypeStationActiveBindingSets.json	144	cc023f527c4c5b360a9beab514dbe717a42d125d432db0744bc1a520eb1acc9f
5f3adc42	g3-reversed-direction-journey	scenarios/g3-reversed-direction-journey/snapshots/db-TaskTypeStationBindings.json	396	a46e9ed127bb0df52d9fbe0ee7358d394e0ff8b70d2e21f208b79d5044ba906d
5f3adc42	g3-reversed-direction-journey	scenarios/g3-reversed-direction-journey/snapshots/db-TaskTypeStationBindingSetVersions.json	396	a504b3d7c9f0cd3e5456e7d446742b06430ca87aefdddabeefa2e5dbd1ac81f1
5f3adc42	g3-reversed-direction-journey	scenarios/g3-reversed-direction-journey/snapshots/db-TaskTypeStationRuleVersions.json	331	fa21a1c5dee2a818385bbf9bb75c023f31aa285254e26f2b21d7ee65b3053737
5f3adc42	g3-reversed-direction-journey	scenarios/g3-reversed-direction-journey/snapshots/db-VehiclePurposeClaimRecords.json	337	38096777f9957f087ee44759fa97578404cf6ec03443a7a33ecf5762b069c63e
5f3adc42	g3-reversed-direction-journey	scenarios/g3-reversed-direction-journey/snapshots/db-VehiclePurposeClaims.json	0	e3b0c44298fc1c149afbf4c8996fb92427ae41e4649b934ca495991b7852b855
5f3adc42	g3-reversed-direction-journey	scenarios/g3-reversed-direction-journey/snapshots/db-WaitingPoints.json	0	e3b0c44298fc1c149afbf4c8996fb92427ae41e4649b934ca495991b7852b855
5f3adc42	g3-reversed-direction-journey	scenarios/g3-reversed-direction-journey/snapshots/db-WaitingPointVehicleScopes.json	0	e3b0c44298fc1c149afbf4c8996fb92427ae41e4649b934ca495991b7852b855
5f3adc42	g3-reversed-direction-journey	scenarios/g3-reversed-direction-journey/snapshots/db-WaitingPointVersions.json	0	e3b0c44298fc1c149afbf4c8996fb92427ae41e4649b934ca495991b7852b855
5f3adc42	g3-reversed-direction-journey	scenarios/g3-reversed-direction-journey/snapshots/fake-mes-ingest.json	1042	466253f53e7a06dba058b24078cb43d79e2925d4ffe86fb95753137302827ccc
5f3adc42	g3-reversed-direction-journey	scenarios/g3-reversed-direction-journey/snapshots/fake-riot.json	3643	f1939f8aad932dd506107a79a0d167979ecf7b84c9e1688312f3e604be64c7d3
5f3adc42	g3-reversed-direction-journey	scenarios/g3-reversed-direction-journey/snapshots/preseed-area-assignments.csv	128	9906e26d53df2e02e2cb2da976840b5764419d03f3d724097fe4bf7ce36ec8af
5f3adc42	g3-reversed-direction-journey	scenarios/g3-reversed-direction-journey/snapshots/preseed-charging-policy.json	444	c9cff5e4ecf1d832d52d74154c81f43961075a5ca9d96150e9f079ea0afc2bfa
5f3adc42	g3-reversed-direction-journey	scenarios/g3-reversed-direction-journey/snapshots/slots-simulator.json	3030	6243476bef7bf8608cc6821926aa5d981ef3fe6557bbab416d6a503db6cb8731
5f3adc42	g3-reversed-direction-journey	scenarios/g3-reversed-direction-journey/snapshots/task-type-stations.settings.json	1108	672847ac674ffb9dbff3e01d030de8cdcae922e065cfe4a8b7965657f9af119c
5f3adc42	g3-sublot-rejected	scenarios/g3-sublot-rejected/logs/build.log	2464	413529d466d786c2285cbbd3a00bfbd7d2a6dea68e788eb769753f303b487e7f
5f3adc42	g3-sublot-rejected	scenarios/g3-sublot-rejected/logs/control-server.err.log	0	e3b0c44298fc1c149afbf4c8996fb92427ae41e4649b934ca495991b7852b855
5f3adc42	g3-sublot-rejected	scenarios/g3-sublot-rejected/logs/control-server.out.log	1508233	cf0c7c8094d1326979ead7b16eb67510bc360ca5848dc7603ac676e9ee479211
5f3adc42	g3-sublot-rejected	scenarios/g3-sublot-rejected/logs/fake-mes-ingest.err.log	0	e3b0c44298fc1c149afbf4c8996fb92427ae41e4649b934ca495991b7852b855
5f3adc42	g3-sublot-rejected	scenarios/g3-sublot-rejected/logs/fake-mes-ingest.out.log	53160	f6dd4b07da83b792f204ebbf05369b63a4d4da5689278f4895da011076fc03aa
5f3adc42	g3-sublot-rejected	scenarios/g3-sublot-rejected/logs/fake-riot.err.log	0	e3b0c44298fc1c149afbf4c8996fb92427ae41e4649b934ca495991b7852b855
5f3adc42	g3-sublot-rejected	scenarios/g3-sublot-rejected/logs/fake-riot.out.log	212467	9e2db51690d7ab4ff244cf2418d57df47f09e628ae798b9c81c83c8f9eb35674
5f3adc42	g3-sublot-rejected	scenarios/g3-sublot-rejected/logs/onboard-hmi.err.log	0	e3b0c44298fc1c149afbf4c8996fb92427ae41e4649b934ca495991b7852b855
5f3adc42	g3-sublot-rejected	scenarios/g3-sublot-rejected/logs/onboard-hmi.out.log	0	e3b0c44298fc1c149afbf4c8996fb92427ae41e4649b934ca495991b7852b855
5f3adc42	g3-sublot-rejected	scenarios/g3-sublot-rejected/logs/package-capacity-import-v2.err.log	0	e3b0c44298fc1c149afbf4c8996fb92427ae41e4649b934ca495991b7852b855
5f3adc42	g3-sublot-rejected	scenarios/g3-sublot-rejected/logs/package-capacity-import-v2.out.log	2951	21334e41aa8c6f739fc384727d60c79d6be18cf864233dfee6135b77ad15e7df
5f3adc42	g3-sublot-rejected	scenarios/g3-sublot-rejected/logs/package-capacity-import-v3.err.log	0	e3b0c44298fc1c149afbf4c8996fb92427ae41e4649b934ca495991b7852b855
5f3adc42	g3-sublot-rejected	scenarios/g3-sublot-rejected/logs/package-capacity-import-v3.out.log	2951	62c1109f811b6daaae0eef5e47eee857c71153018bd495241cf88228106de958
5f3adc42	g3-sublot-rejected	scenarios/g3-sublot-rejected/logs/package-capacity-import.err.log	0	e3b0c44298fc1c149afbf4c8996fb92427ae41e4649b934ca495991b7852b855
5f3adc42	g3-sublot-rejected	scenarios/g3-sublot-rejected/logs/package-capacity-import.out.log	162554	81586786fcde360fb473967d238cfe344c369f2e0637958a136006fee00d781e
5f3adc42	g3-sublot-rejected	scenarios/g3-sublot-rejected/logs/slots-simulator.err.log	0	e3b0c44298fc1c149afbf4c8996fb92427ae41e4649b934ca495991b7852b855
5f3adc42	g3-sublot-rejected	scenarios/g3-sublot-rejected/logs/slots-simulator.out.log	0	e3b0c44298fc1c149afbf4c8996fb92427ae41e4649b934ca495991b7852b855
5f3adc42	g3-sublot-rejected	scenarios/g3-sublot-rejected/logs/onboard-app/agv-20261010.log	9447	53e1c339311e670703580dd37e428efa43db7f9232a70775e562af2ca302da26
5f3adc42	g3-sublot-rejected	scenarios/g3-sublot-rejected/snapshots/db-AcceptedDemands.json	848	5f01f7bd0c4958369e99e24d4bb17bc3afa384b138c319a4d79d29004e35df1b
5f3adc42	g3-sublot-rejected	scenarios/g3-sublot-rejected/snapshots/db-ActiveSlotConfigurations.json	0	e3b0c44298fc1c149afbf4c8996fb92427ae41e4649b934ca495991b7852b855
5f3adc42	g3-sublot-rejected	scenarios/g3-sublot-rejected/snapshots/db-BusinessAuditRecords.json	6498	30d22dcb8b5ad8ab0fe1bce71e2abf39b0991e94d79b064cf977f11b6ecae66b
5f3adc42	g3-sublot-rejected	scenarios/g3-sublot-rejected/snapshots/db-ChargerRosterEntries.json	0	e3b0c44298fc1c149afbf4c8996fb92427ae41e4649b934ca495991b7852b855
5f3adc42	g3-sublot-rejected	scenarios/g3-sublot-rejected/snapshots/db-ChargerRosterVersions.json	0	e3b0c44298fc1c149afbf4c8996fb92427ae41e4649b934ca495991b7852b855
5f3adc42	g3-sublot-rejected	scenarios/g3-sublot-rejected/snapshots/db-ChargingPolicyActivations.json	189	06719880a7969ebcd805afee51cf34083ac2ee8436976cd9287d7296f58a922f
5f3adc42	g3-sublot-rejected	scenarios/g3-sublot-rejected/snapshots/db-ChargingPolicyApprovals.json	282	733264362848a1148f3ebd92fb4b422fa93a0393d6a8041c0afdee3947675620
5f3adc42	g3-sublot-rejected	scenarios/g3-sublot-rejected/snapshots/db-ChargingPolicyVehicleScopes.json	0	e3b0c44298fc1c149afbf4c8996fb92427ae41e4649b934ca495991b7852b855
5f3adc42	g3-sublot-rejected	scenarios/g3-sublot-rejected/snapshots/db-ChargingPolicyVersions.json	630	b81b86d5f4e1d1e7cd13f885b6290c904c2e08086c1050765cdd84205e076fc9
5f3adc42	g3-sublot-rejected	scenarios/g3-sublot-rejected/snapshots/db-CreateGateAudit.json	445	9db8e82f80925ad439a17e4160781bf6b8216a28d1c50df3c3c1b2873464a1d7
5f3adc42	g3-sublot-rejected	scenarios/g3-sublot-rejected/snapshots/db-DispatchZoneAreaAssignments.json	377	ffd7aa7365bc86efef17a319718d4204d0b1a59ba4472d7aa02a7a181ceaee9c
5f3adc42	g3-sublot-rejected	scenarios/g3-sublot-rejected/snapshots/db-DispatchZoneAreaAssignmentVersions.json	235	720457df5329de3a77481b72f86713ba8695ad5626090590a0631a77108d40d0
5f3adc42	g3-sublot-rejected	scenarios/g3-sublot-rejected/snapshots/db-DispatchZoneParameters.json	0	e3b0c44298fc1c149afbf4c8996fb92427ae41e4649b934ca495991b7852b855
5f3adc42	g3-sublot-rejected	scenarios/g3-sublot-rejected/snapshots/db-DispatchZoneParameterVersions.json	0	e3b0c44298fc1c149afbf4c8996fb92427ae41e4649b934ca495991b7852b855
5f3adc42	g3-sublot-rejected	scenarios/g3-sublot-rejected/snapshots/db-ExceptionRecoverySessions.json	0	e3b0c44298fc1c149afbf4c8996fb92427ae41e4649b934ca495991b7852b855
5f3adc42	g3-sublot-rejected	scenarios/g3-sublot-rejected/snapshots/db-FrozenDemandStations.json	666	09b6edea6ac7c61e06d805cc19326f6debcfae35288bdae405568e01f4ecab46
5f3adc42	g3-sublot-rejected	scenarios/g3-sublot-rejected/snapshots/db-JourneyBacklog.json	567	50952e8ab9164fdc36ed3af1356d41328d8706ef67916f7c36d8e031f874c060
5f3adc42	g3-sublot-rejected	scenarios/g3-sublot-rejected/snapshots/db-JourneyDemands.json	873	05d12905e8270b14f124bd8727f689c164029f4e19e4ea48b41facba1997de94
5f3adc42	g3-sublot-rejected	scenarios/g3-sublot-rejected/snapshots/db-JourneyRuntimes.json	2892	1ea997a388398a59dd05c4fb1a6f6190a67d1e31c79218940c3790ba5e97b64a
5f3adc42	g3-sublot-rejected	scenarios/g3-sublot-rejected/snapshots/db-JourneyStops.json	1939	59235e73b1e6cdac5f4fc2f683e5714b3a3b1b81f95753af66206e9ff87574f9
5f3adc42	g3-sublot-rejected	scenarios/g3-sublot-rejected/snapshots/db-MapStationCatalogStates.json	370	55c3edbc0fa0323cb6fd3f020a4abbd98295f0cc2d645144430491a9236a4fb3
5f3adc42	g3-sublot-rejected	scenarios/g3-sublot-rejected/snapshots/db-OnboardAlarmSnapshots.json	213	7e67f1c4e8f83badc83298dfb830435ea689d9fbbcfc5681edb291be520adae0
5f3adc42	g3-sublot-rejected	scenarios/g3-sublot-rejected/snapshots/db-OperationResults.json	668	1c9c6dbac5fba6e2e666a0f1f5644dac8f3fc131c29832bc83405e6dfe29e7b8
5f3adc42	g3-sublot-rejected	scenarios/g3-sublot-rejected/snapshots/db-OrderIntents.json	1531	05e1dfd39c463dcb8aa2942ee40469700916bc6a4980fd5aee191e9d963d4d85
5f3adc42	g3-sublot-rejected	scenarios/g3-sublot-rejected/snapshots/db-OwnOrderRebuilds.json	0	e3b0c44298fc1c149afbf4c8996fb92427ae41e4649b934ca495991b7852b855
5f3adc42	g3-sublot-rejected	scenarios/g3-sublot-rejected/snapshots/db-RecoveryWorkflows.json	0	e3b0c44298fc1c149afbf4c8996fb92427ae41e4649b934ca495991b7852b855
5f3adc42	g3-sublot-rejected	scenarios/g3-sublot-rejected/snapshots/db-RiotDispatchAuditEvents.json	4558	0dc2f0a129aa4060ff3d205ec0df904d326dc8fa1d745a4ed552fb25227aa15b
5f3adc42	g3-sublot-rejected	scenarios/g3-sublot-rejected/snapshots/db-RiotOrderCommandAudit.json	0	e3b0c44298fc1c149afbf4c8996fb92427ae41e4649b934ca495991b7852b855
5f3adc42	g3-sublot-rejected	scenarios/g3-sublot-rejected/snapshots/db-RouteGraphSnapshots.json	0	e3b0c44298fc1c149afbf4c8996fb92427ae41e4649b934ca495991b7852b855
5f3adc42	g3-sublot-rejected	scenarios/g3-sublot-rejected/snapshots/db-SessionRecoveries.json	1122	28d7010395409bf152414b974d62b4608165cffdd633ccc1ba9810e63b7647d9
5f3adc42	g3-sublot-rejected	scenarios/g3-sublot-rejected/snapshots/db-SlotConfigurationActivations.json	0	e3b0c44298fc1c149afbf4c8996fb92427ae41e4649b934ca495991b7852b855
5f3adc42	g3-sublot-rejected	scenarios/g3-sublot-rejected/snapshots/db-SlotFaultDeclarations.json	0	e3b0c44298fc1c149afbf4c8996fb92427ae41e4649b934ca495991b7852b855
5f3adc42	g3-sublot-rejected	scenarios/g3-sublot-rejected/snapshots/db-SlotIoBindings.json	4250	c1fdf6e575da1e0722346be37c4cf47291085fd967dc6860d35b749d792a614e
5f3adc42	g3-sublot-rejected	scenarios/g3-sublot-rejected/snapshots/db-SlotModelVersions.json	319	49be5f1b5b738588c2bddb32b1b18a149b0b1da65aaf280c8fa58271c311001a
5f3adc42	g3-sublot-rejected	scenarios/g3-sublot-rejected/snapshots/db-StationExclusivities.json	378	1dc22c16d1fa6e1e1c436be0e98f8c3947a67e0127394e7262917b7db5f5db3b
5f3adc42	g3-sublot-rejected	scenarios/g3-sublot-rejected/snapshots/db-StationExclusivityRecords.json	426	65aca22605fd766feef256d8e8c35f03b7f0fa248aca292d89968d0a6cd5519f
5f3adc42	g3-sublot-rejected	scenarios/g3-sublot-rejected/snapshots/db-StationOperations.json	585	eb0cca8a6b80c036e4fbb95d6203a7f5a6660cd71b255ca5455b8413dffd9c87
5f3adc42	g3-sublot-rejected	scenarios/g3-sublot-rejected/snapshots/db-StructuralDispatchBlocks.json	0	e3b0c44298fc1c149afbf4c8996fb92427ae41e4649b934ca495991b7852b855
5f3adc42	g3-sublot-rejected	scenarios/g3-sublot-rejected/snapshots/db-TaskTypeStationActiveBindingSets.json	144	94ee979f85cb82360f9f4bfa5e4c606af3ce5da5410b39330c47d58ed66d5df5
5f3adc42	g3-sublot-rejected	scenarios/g3-sublot-rejected/snapshots/db-TaskTypeStationBindings.json	173	b412006843f62c50e682598812b9f1746f67a659a3a2ddcff12221d6be0bbc28
5f3adc42	g3-sublot-rejected	scenarios/g3-sublot-rejected/snapshots/db-TaskTypeStationBindingSetVersions.json	396	c1e372c2f6a815dd385aa4277b4b4d22a47b23e6dba270f3a0c1f7a9a346f331
5f3adc42	g3-sublot-rejected	scenarios/g3-sublot-rejected/snapshots/db-TaskTypeStationRuleVersions.json	331	b3960825731ca16eb62f6da516a20ae49b43ccc0ac34e03bffb599359e4dde51
5f3adc42	g3-sublot-rejected	scenarios/g3-sublot-rejected/snapshots/db-VehiclePurposeClaimRecords.json	288	fefdc04b9277eac4ad6382f6738cc375575d4624a039c8fe9a08f947c1ebad06
5f3adc42	g3-sublot-rejected	scenarios/g3-sublot-rejected/snapshots/db-VehiclePurposeClaims.json	183	3512a8a85258bd28e64058387b37268f5c44314b0fb3a17de00bf0d6fb19400b
5f3adc42	g3-sublot-rejected	scenarios/g3-sublot-rejected/snapshots/db-WaitingPoints.json	0	e3b0c44298fc1c149afbf4c8996fb92427ae41e4649b934ca495991b7852b855
5f3adc42	g3-sublot-rejected	scenarios/g3-sublot-rejected/snapshots/db-WaitingPointVehicleScopes.json	0	e3b0c44298fc1c149afbf4c8996fb92427ae41e4649b934ca495991b7852b855
5f3adc42	g3-sublot-rejected	scenarios/g3-sublot-rejected/snapshots/db-WaitingPointVersions.json	0	e3b0c44298fc1c149afbf4c8996fb92427ae41e4649b934ca495991b7852b855
5f3adc42	g3-sublot-rejected	scenarios/g3-sublot-rejected/snapshots/fake-mes-ingest.json	1040	c97fefa9b7c67ed5a88af627abe831e21a8ab8143b3b1379dfcc7d8be97880b4
5f3adc42	g3-sublot-rejected	scenarios/g3-sublot-rejected/snapshots/fake-riot.json	2949	a46437701d39234972c150036ecbe9a48fb9cac2c1f22460d4d963f5495955d8
5f3adc42	g3-sublot-rejected	scenarios/g3-sublot-rejected/snapshots/preseed-area-assignments.csv	128	9906e26d53df2e02e2cb2da976840b5764419d03f3d724097fe4bf7ce36ec8af
5f3adc42	g3-sublot-rejected	scenarios/g3-sublot-rejected/snapshots/preseed-charging-policy.json	444	c9cff5e4ecf1d832d52d74154c81f43961075a5ca9d96150e9f079ea0afc2bfa
5f3adc42	g3-sublot-rejected	scenarios/g3-sublot-rejected/snapshots/slots-simulator.json	3032	c798c3c5f7755b8dddebe40c2dad30084468cee49d691eed6bbf67b626a9b8ee
5f3adc42	g3-sublot-rejected	scenarios/g3-sublot-rejected/snapshots/task-type-stations.settings.json	894	d69ededa82fcf5dad3cdcc83b1682ae1f2ca0ce41be15f438c179105d114cc4f
5f3adc42	g3-task-type-admission-fail-closed	scenarios/g3-task-type-admission-fail-closed/logs/build.log	2464	749c571742834bc975db0699530c5564c1b771bb474b4f8d29d05bb3570e2de2
5f3adc42	g3-task-type-admission-fail-closed	scenarios/g3-task-type-admission-fail-closed/logs/control-server.err.log	0	e3b0c44298fc1c149afbf4c8996fb92427ae41e4649b934ca495991b7852b855
5f3adc42	g3-task-type-admission-fail-closed	scenarios/g3-task-type-admission-fail-closed/logs/control-server.out.log	3165730	cfe0a4cea5bc9843780026fc5a688bff672a537bb32f5825d97c62dd36d66b8d
5f3adc42	g3-task-type-admission-fail-closed	scenarios/g3-task-type-admission-fail-closed/logs/fake-mes-ingest.err.log	0	e3b0c44298fc1c149afbf4c8996fb92427ae41e4649b934ca495991b7852b855
5f3adc42	g3-task-type-admission-fail-closed	scenarios/g3-task-type-admission-fail-closed/logs/fake-mes-ingest.out.log	93151	3777bd19b10fc4746b7ece8b834bec056e82018a701e35b66bf4484152f7975e
5f3adc42	g3-task-type-admission-fail-closed	scenarios/g3-task-type-admission-fail-closed/logs/fake-riot.err.log	0	e3b0c44298fc1c149afbf4c8996fb92427ae41e4649b934ca495991b7852b855
5f3adc42	g3-task-type-admission-fail-closed	scenarios/g3-task-type-admission-fail-closed/logs/fake-riot.out.log	374435	e451b8ae7f9e5da4f4b7ee5390faf4ff46cf3754781252d3801c03f7d3c6bba4
5f3adc42	g3-task-type-admission-fail-closed	scenarios/g3-task-type-admission-fail-closed/logs/onboard-hmi.err.log	0	e3b0c44298fc1c149afbf4c8996fb92427ae41e4649b934ca495991b7852b855
5f3adc42	g3-task-type-admission-fail-closed	scenarios/g3-task-type-admission-fail-closed/logs/onboard-hmi.out.log	0	e3b0c44298fc1c149afbf4c8996fb92427ae41e4649b934ca495991b7852b855
5f3adc42	g3-task-type-admission-fail-closed	scenarios/g3-task-type-admission-fail-closed/logs/package-capacity-import.err.log	0	e3b0c44298fc1c149afbf4c8996fb92427ae41e4649b934ca495991b7852b855
5f3adc42	g3-task-type-admission-fail-closed	scenarios/g3-task-type-admission-fail-closed/logs/package-capacity-import.out.log	162552	25a475a898cd24af1f427e3dd460df18566e360cbd17a0264a0774529a57b4a5
5f3adc42	g3-task-type-admission-fail-closed	scenarios/g3-task-type-admission-fail-closed/logs/slots-simulator.err.log	0	e3b0c44298fc1c149afbf4c8996fb92427ae41e4649b934ca495991b7852b855
5f3adc42	g3-task-type-admission-fail-closed	scenarios/g3-task-type-admission-fail-closed/logs/slots-simulator.out.log	0	e3b0c44298fc1c149afbf4c8996fb92427ae41e4649b934ca495991b7852b855
5f3adc42	g3-task-type-admission-fail-closed	scenarios/g3-task-type-admission-fail-closed/logs/onboard-app/agv-20261010.log	13769	07cc649d297f6185384520975dd55443bec4d9530ecc8ab404ffa7f5e5f24120
5f3adc42	g3-task-type-admission-fail-closed	scenarios/g3-task-type-admission-fail-closed/snapshots/db-AcceptedDemands.json	847	c4d768492b4c677eae54e92091d2e0e8fb35f1ddd9d5738194c0640bd1c8ab7b
5f3adc42	g3-task-type-admission-fail-closed	scenarios/g3-task-type-admission-fail-closed/snapshots/db-ActiveSlotConfigurations.json	0	e3b0c44298fc1c149afbf4c8996fb92427ae41e4649b934ca495991b7852b855
5f3adc42	g3-task-type-admission-fail-closed	scenarios/g3-task-type-admission-fail-closed/snapshots/db-BusinessAuditRecords.json	6502	aa637249521fb0fc423e459b648724997cd24317b30718fe93d2ae9e466dbf23
5f3adc42	g3-task-type-admission-fail-closed	scenarios/g3-task-type-admission-fail-closed/snapshots/db-ChargerRosterEntries.json	0	e3b0c44298fc1c149afbf4c8996fb92427ae41e4649b934ca495991b7852b855
5f3adc42	g3-task-type-admission-fail-closed	scenarios/g3-task-type-admission-fail-closed/snapshots/db-ChargerRosterVersions.json	0	e3b0c44298fc1c149afbf4c8996fb92427ae41e4649b934ca495991b7852b855
5f3adc42	g3-task-type-admission-fail-closed	scenarios/g3-task-type-admission-fail-closed/snapshots/db-ChargingPolicyActivations.json	189	5ef6977bcbe3276e8714e7a68498a66270da9d6c3bc29a39138f52c1075c9886
5f3adc42	g3-task-type-admission-fail-closed	scenarios/g3-task-type-admission-fail-closed/snapshots/db-ChargingPolicyApprovals.json	281	31d28d2078ce560e6d7c5d9666aa5ae809a700ca12d6df5d15334b95e2bb0d7c
5f3adc42	g3-task-type-admission-fail-closed	scenarios/g3-task-type-admission-fail-closed/snapshots/db-ChargingPolicyVehicleScopes.json	0	e3b0c44298fc1c149afbf4c8996fb92427ae41e4649b934ca495991b7852b855
5f3adc42	g3-task-type-admission-fail-closed	scenarios/g3-task-type-admission-fail-closed/snapshots/db-ChargingPolicyVersions.json	632	3db682e02e91445c365d591fee7c5f0eda439037e5aa823c28df3a809b1dcaa6
5f3adc42	g3-task-type-admission-fail-closed	scenarios/g3-task-type-admission-fail-closed/snapshots/db-CreateGateAudit.json	444	c1ca2bb49958a48082baabf757402ae32faf42f53a9fb3c0cf421e423fb9bb9c
5f3adc42	g3-task-type-admission-fail-closed	scenarios/g3-task-type-admission-fail-closed/snapshots/db-DispatchZoneAreaAssignments.json	377	ffd7aa7365bc86efef17a319718d4204d0b1a59ba4472d7aa02a7a181ceaee9c
5f3adc42	g3-task-type-admission-fail-closed	scenarios/g3-task-type-admission-fail-closed/snapshots/db-DispatchZoneAreaAssignmentVersions.json	235	6844d994acbf4d3b7cdd80a4cc73add5f2a939a2ea45177d4c455d6378e9751c
5f3adc42	g3-task-type-admission-fail-closed	scenarios/g3-task-type-admission-fail-closed/snapshots/db-DispatchZoneParameters.json	0	e3b0c44298fc1c149afbf4c8996fb92427ae41e4649b934ca495991b7852b855
5f3adc42	g3-task-type-admission-fail-closed	scenarios/g3-task-type-admission-fail-closed/snapshots/db-DispatchZoneParameterVersions.json	0	e3b0c44298fc1c149afbf4c8996fb92427ae41e4649b934ca495991b7852b855
5f3adc42	g3-task-type-admission-fail-closed	scenarios/g3-task-type-admission-fail-closed/snapshots/db-ExceptionRecoverySessions.json	0	e3b0c44298fc1c149afbf4c8996fb92427ae41e4649b934ca495991b7852b855
5f3adc42	g3-task-type-admission-fail-closed	scenarios/g3-task-type-admission-fail-closed/snapshots/db-FrozenDemandStations.json	664	85963e645d6455c457ef246ecb62fb27cbc845d377f650cd0bfb190935112800
5f3adc42	g3-task-type-admission-fail-closed	scenarios/g3-task-type-admission-fail-closed/snapshots/db-JourneyBacklog.json	1175	e3e4d22dfb23ee643bded70b88e37d0317bf281063cd6b70df93a429d8aa1f53
5f3adc42	g3-task-type-admission-fail-closed	scenarios/g3-task-type-admission-fail-closed/snapshots/db-JourneyDemands.json	875	59f718523cbb0670bc2427c097ac88058ffd0d76e234ae1a7d2ff9817859afea
5f3adc42	g3-task-type-admission-fail-closed	scenarios/g3-task-type-admission-fail-closed/snapshots/db-JourneyRuntimes.json	2849	c63c34e71835ba444cfacc52fc3c1fa7cf2578cd91506878d4821b182ca64669
5f3adc42	g3-task-type-admission-fail-closed	scenarios/g3-task-type-admission-fail-closed/snapshots/db-JourneyStops.json	1943	47d7e1b8c074caa13ec28c7936c1b8d39d5315895d690737ae97273b718b8a1b
5f3adc42	g3-task-type-admission-fail-closed	scenarios/g3-task-type-admission-fail-closed/snapshots/db-MapStationCatalogStates.json	370	e881f7fd26312bbb2a4dd3436d4788a03876fd29b22708f766470e05fbf8bbdf
5f3adc42	g3-task-type-admission-fail-closed	scenarios/g3-task-type-admission-fail-closed/snapshots/db-OnboardAlarmSnapshots.json	213	342bbfb780ec5bc4f8397b9c677ed1903e3adc00cebbfe15c1ef76f5478055bf
5f3adc42	g3-task-type-admission-fail-closed	scenarios/g3-task-type-admission-fail-closed/snapshots/db-OperationResults.json	1401	1998762b99d95d1e5bd96d18d77d5ef692001570fa77c4837fda6a5a1e562b48
5f3adc42	g3-task-type-admission-fail-closed	scenarios/g3-task-type-admission-fail-closed/snapshots/db-OrderIntents.json	3176	961fc59e032fd51d2788462f00b5e1237e930caa2ecf14dc4ebb48511b067243
5f3adc42	g3-task-type-admission-fail-closed	scenarios/g3-task-type-admission-fail-closed/snapshots/db-OwnOrderRebuilds.json	0	e3b0c44298fc1c149afbf4c8996fb92427ae41e4649b934ca495991b7852b855
5f3adc42	g3-task-type-admission-fail-closed	scenarios/g3-task-type-admission-fail-closed/snapshots/db-RecoveryWorkflows.json	0	e3b0c44298fc1c149afbf4c8996fb92427ae41e4649b934ca495991b7852b855
5f3adc42	g3-task-type-admission-fail-closed	scenarios/g3-task-type-admission-fail-closed/snapshots/db-RiotDispatchAuditEvents.json	9102	f8f8f8504e4da757bf08828d7c48343edb06f581f2df096827d9bff56b94ff96
5f3adc42	g3-task-type-admission-fail-closed	scenarios/g3-task-type-admission-fail-closed/snapshots/db-RiotOrderCommandAudit.json	0	e3b0c44298fc1c149afbf4c8996fb92427ae41e4649b934ca495991b7852b855
5f3adc42	g3-task-type-admission-fail-closed	scenarios/g3-task-type-admission-fail-closed/snapshots/db-RouteGraphSnapshots.json	0	e3b0c44298fc1c149afbf4c8996fb92427ae41e4649b934ca495991b7852b855
5f3adc42	g3-task-type-admission-fail-closed	scenarios/g3-task-type-admission-fail-closed/snapshots/db-SessionRecoveries.json	1123	c8cc004d4de068d33e56df51944ad15d49437acec2e69aecdcb31232cdcc39ae
5f3adc42	g3-task-type-admission-fail-closed	scenarios/g3-task-type-admission-fail-closed/snapshots/db-SlotConfigurationActivations.json	0	e3b0c44298fc1c149afbf4c8996fb92427ae41e4649b934ca495991b7852b855
5f3adc42	g3-task-type-admission-fail-closed	scenarios/g3-task-type-admission-fail-closed/snapshots/db-SlotFaultDeclarations.json	0	e3b0c44298fc1c149afbf4c8996fb92427ae41e4649b934ca495991b7852b855
5f3adc42	g3-task-type-admission-fail-closed	scenarios/g3-task-type-admission-fail-closed/snapshots/db-SlotIoBindings.json	4258	ee8e3b136b6c39b39947907cfd6151bdf6249aef0c6e3e1906e2bf97cdf99fbd
5f3adc42	g3-task-type-admission-fail-closed	scenarios/g3-task-type-admission-fail-closed/snapshots/db-SlotModelVersions.json	321	f57e4288a629f436e3fcc28cd343a1911c7caf6a2c5776ba1977f8912ceae0d3
5f3adc42	g3-task-type-admission-fail-closed	scenarios/g3-task-type-admission-fail-closed/snapshots/db-StationExclusivities.json	378	20ca29b53a5792a02f0abdd2786fbaa3dd7cda30fcfbf0176ee94ef04f3058a5
5f3adc42	g3-task-type-admission-fail-closed	scenarios/g3-task-type-admission-fail-closed/snapshots/db-StationExclusivityRecords.json	457	f3def37d35657d9827a4667178d7b54e9431299085f542519be002da640649aa
5f3adc42	g3-task-type-admission-fail-closed	scenarios/g3-task-type-admission-fail-closed/snapshots/db-StationOperations.json	1231	bdedaa1857195a4c89aacff77e2611225608937b9056c56fd8558e193cb6cb6a
5f3adc42	g3-task-type-admission-fail-closed	scenarios/g3-task-type-admission-fail-closed/snapshots/db-StructuralDispatchBlocks.json	0	e3b0c44298fc1c149afbf4c8996fb92427ae41e4649b934ca495991b7852b855
5f3adc42	g3-task-type-admission-fail-closed	scenarios/g3-task-type-admission-fail-closed/snapshots/db-TaskTypeStationActiveBindingSets.json	144	a5f8ea4d3d3cd1fc3082fe352f0a3a8502839dc4bbef49c52f214b7df581dc63
5f3adc42	g3-task-type-admission-fail-closed	scenarios/g3-task-type-admission-fail-closed/snapshots/db-TaskTypeStationBindings.json	173	b412006843f62c50e682598812b9f1746f67a659a3a2ddcff12221d6be0bbc28
5f3adc42	g3-task-type-admission-fail-closed	scenarios/g3-task-type-admission-fail-closed/snapshots/db-TaskTypeStationBindingSetVersions.json	396	0f9a369cd785ad23eb7e2f0d5b5ecbb81e9b89440546d41a749c6caf85caab48
5f3adc42	g3-task-type-admission-fail-closed	scenarios/g3-task-type-admission-fail-closed/snapshots/db-TaskTypeStationRuleVersions.json	331	e4f2213824da5c231a5c18232554f06069e658532a9a94aa795692c11c2fe9a2
5f3adc42	g3-task-type-admission-fail-closed	scenarios/g3-task-type-admission-fail-closed/snapshots/db-VehiclePurposeClaimRecords.json	337	1fcc4ec83a946d8de4ed74e60e5d9de8a63ec85cc8cca3bf8d5c1d7e0bfcd7eb
5f3adc42	g3-task-type-admission-fail-closed	scenarios/g3-task-type-admission-fail-closed/snapshots/db-VehiclePurposeClaims.json	0	e3b0c44298fc1c149afbf4c8996fb92427ae41e4649b934ca495991b7852b855
5f3adc42	g3-task-type-admission-fail-closed	scenarios/g3-task-type-admission-fail-closed/snapshots/db-WaitingPoints.json	0	e3b0c44298fc1c149afbf4c8996fb92427ae41e4649b934ca495991b7852b855
5f3adc42	g3-task-type-admission-fail-closed	scenarios/g3-task-type-admission-fail-closed/snapshots/db-WaitingPointVehicleScopes.json	0	e3b0c44298fc1c149afbf4c8996fb92427ae41e4649b934ca495991b7852b855
5f3adc42	g3-task-type-admission-fail-closed	scenarios/g3-task-type-admission-fail-closed/snapshots/db-WaitingPointVersions.json	0	e3b0c44298fc1c149afbf4c8996fb92427ae41e4649b934ca495991b7852b855
5f3adc42	g3-task-type-admission-fail-closed	scenarios/g3-task-type-admission-fail-closed/snapshots/fake-mes-ingest.json	1776	150a89a31ad3dc4723aa96ff11b513610d5aaebbd7047ea588637557f6e0cdbc
5f3adc42	g3-task-type-admission-fail-closed	scenarios/g3-task-type-admission-fail-closed/snapshots/fake-riot.json	3401	2b76662de67bb1cb9d11ae010d76ead837aaa1d6790563968e168843bd49889a
5f3adc42	g3-task-type-admission-fail-closed	scenarios/g3-task-type-admission-fail-closed/snapshots/preseed-area-assignments.csv	128	9906e26d53df2e02e2cb2da976840b5764419d03f3d724097fe4bf7ce36ec8af
5f3adc42	g3-task-type-admission-fail-closed	scenarios/g3-task-type-admission-fail-closed/snapshots/preseed-charging-policy.json	444	c9cff5e4ecf1d832d52d74154c81f43961075a5ca9d96150e9f079ea0afc2bfa
5f3adc42	g3-task-type-admission-fail-closed	scenarios/g3-task-type-admission-fail-closed/snapshots/slots-simulator.json	3029	ad5592f943b3560ad154e6adad705c6812276bec39a1a0d3d2857293d619e469
5f3adc42	g3-task-type-admission-fail-closed	scenarios/g3-task-type-admission-fail-closed/snapshots/task-type-stations.settings.json	894	d69ededa82fcf5dad3cdcc83b1682ae1f2ca0ce41be15f438c179105d114cc4f
5f3adc42	g3-unable-to-charge-field-confirmation	scenarios/g3-unable-to-charge-field-confirmation/field-operator-roles.json	122	f9a26a90b702073a0ab72dedc386ae6528dcd092a6370c7f99694409bbbccbba
5f3adc42	g3-unable-to-charge-field-confirmation	scenarios/g3-unable-to-charge-field-confirmation/logs/build.log	2464	c78dfb1cd3aa0b40d25cf463b1f8de60cc4b9eff22e1b6384e3c769803a9d254
5f3adc42	g3-unable-to-charge-field-confirmation	scenarios/g3-unable-to-charge-field-confirmation/logs/control-server.err.log	0	e3b0c44298fc1c149afbf4c8996fb92427ae41e4649b934ca495991b7852b855
5f3adc42	g3-unable-to-charge-field-confirmation	scenarios/g3-unable-to-charge-field-confirmation/logs/control-server.out.log	1486760	332b78ffdbffa15ca40548b184cfe4e01f2cfa16ec04c4c4e317610c2c13b78e
5f3adc42	g3-unable-to-charge-field-confirmation	scenarios/g3-unable-to-charge-field-confirmation/logs/fake-mes-ingest.err.log	0	e3b0c44298fc1c149afbf4c8996fb92427ae41e4649b934ca495991b7852b855
5f3adc42	g3-unable-to-charge-field-confirmation	scenarios/g3-unable-to-charge-field-confirmation/logs/fake-mes-ingest.out.log	24204	9192e241b7410ac029de4250b4b168109922bfcaad71b9417f9f6c9f883d6aa1
5f3adc42	g3-unable-to-charge-field-confirmation	scenarios/g3-unable-to-charge-field-confirmation/logs/fake-riot.err.log	0	e3b0c44298fc1c149afbf4c8996fb92427ae41e4649b934ca495991b7852b855
5f3adc42	g3-unable-to-charge-field-confirmation	scenarios/g3-unable-to-charge-field-confirmation/logs/fake-riot.out.log	318253	f9c4c5272ee50e10cbf0bbce65562754e7df106409c7df9d0a8d8d57344c73e3
5f3adc42	g3-unable-to-charge-field-confirmation	scenarios/g3-unable-to-charge-field-confirmation/logs/onboard-hmi.err.log	0	e3b0c44298fc1c149afbf4c8996fb92427ae41e4649b934ca495991b7852b855
5f3adc42	g3-unable-to-charge-field-confirmation	scenarios/g3-unable-to-charge-field-confirmation/logs/onboard-hmi.out.log	0	e3b0c44298fc1c149afbf4c8996fb92427ae41e4649b934ca495991b7852b855
5f3adc42	g3-unable-to-charge-field-confirmation	scenarios/g3-unable-to-charge-field-confirmation/logs/package-capacity-import.err.log	0	e3b0c44298fc1c149afbf4c8996fb92427ae41e4649b934ca495991b7852b855
5f3adc42	g3-unable-to-charge-field-confirmation	scenarios/g3-unable-to-charge-field-confirmation/logs/package-capacity-import.out.log	162552	19552932daf966bd407cbe4dd01feb45478258cef55cf0b15fa86d83d636ba93
5f3adc42	g3-unable-to-charge-field-confirmation	scenarios/g3-unable-to-charge-field-confirmation/logs/slots-simulator.err.log	0	e3b0c44298fc1c149afbf4c8996fb92427ae41e4649b934ca495991b7852b855
5f3adc42	g3-unable-to-charge-field-confirmation	scenarios/g3-unable-to-charge-field-confirmation/logs/slots-simulator.out.log	0	e3b0c44298fc1c149afbf4c8996fb92427ae41e4649b934ca495991b7852b855
5f3adc42	g3-unable-to-charge-field-confirmation	scenarios/g3-unable-to-charge-field-confirmation/logs/onboard-app/agv-20261010.log	4696	ee25300a7b787ca1e2b4fa0e25cb039345988e3314176b4f724f65206c5875d6
5f3adc42	g3-unable-to-charge-field-confirmation	scenarios/g3-unable-to-charge-field-confirmation/snapshots/charger-roster-open-catalog-25.json	332	ccb2b9e7f5c60ca2262a319256b6c189c1367488c4870e083bc996efa7fb3ef3
5f3adc42	g3-unable-to-charge-field-confirmation	scenarios/g3-unable-to-charge-field-confirmation/snapshots/charger-roster-open.json	413	7054c428a6b72511210fe7e163173c40b49fdc3be7792ffd62c2d4e5d201fd1f
5f3adc42	g3-unable-to-charge-field-confirmation	scenarios/g3-unable-to-charge-field-confirmation/snapshots/db-AcceptedDemands.json	0	e3b0c44298fc1c149afbf4c8996fb92427ae41e4649b934ca495991b7852b855
5f3adc42	g3-unable-to-charge-field-confirmation	scenarios/g3-unable-to-charge-field-confirmation/snapshots/db-ActiveSlotConfigurations.json	0	e3b0c44298fc1c149afbf4c8996fb92427ae41e4649b934ca495991b7852b855
5f3adc42	g3-unable-to-charge-field-confirmation	scenarios/g3-unable-to-charge-field-confirmation/snapshots/db-BusinessAuditRecords.json	7189	4dc768642b2f922ae978b33ab1db69a725726a0fcc54546ed85110301c59d570
5f3adc42	g3-unable-to-charge-field-confirmation	scenarios/g3-unable-to-charge-field-confirmation/snapshots/db-ChargerRosterEntries.json	142	15ef77fd33e3610d9265eb31d5c5e18df63502ab47e7a4eb7dee827f423cc729
5f3adc42	g3-unable-to-charge-field-confirmation	scenarios/g3-unable-to-charge-field-confirmation/snapshots/db-ChargerRosterVersions.json	450	562521e1b0721caaf987ec543b22269f7da9ee85138ecc269509b9f5241b90a7
5f3adc42	g3-unable-to-charge-field-confirmation	scenarios/g3-unable-to-charge-field-confirmation/snapshots/db-ChargingPolicyActivations.json	189	6c90c2747c8440ddbeac586aabd5b93d9d0c9a60c0d8bf241a980d5c2d7c054e
5f3adc42	g3-unable-to-charge-field-confirmation	scenarios/g3-unable-to-charge-field-confirmation/snapshots/db-ChargingPolicyApprovals.json	282	f4fede90bc84b54203ee9897a43517f69ba8fed4bc708bd665eec4bbab2c7ef8
5f3adc42	g3-unable-to-charge-field-confirmation	scenarios/g3-unable-to-charge-field-confirmation/snapshots/db-ChargingPolicyVehicleScopes.json	0	e3b0c44298fc1c149afbf4c8996fb92427ae41e4649b934ca495991b7852b855
5f3adc42	g3-unable-to-charge-field-confirmation	scenarios/g3-unable-to-charge-field-confirmation/snapshots/db-ChargingPolicyVersions.json	632	f739cc01b68cf7df3f2b9c97f730ffaebe5d28425e646e44a8ab20ffd0c6cd37
5f3adc42	g3-unable-to-charge-field-confirmation	scenarios/g3-unable-to-charge-field-confirmation/snapshots/db-CreateGateAudit.json	0	e3b0c44298fc1c149afbf4c8996fb92427ae41e4649b934ca495991b7852b855
5f3adc42	g3-unable-to-charge-field-confirmation	scenarios/g3-unable-to-charge-field-confirmation/snapshots/db-DispatchZoneAreaAssignments.json	377	ffd7aa7365bc86efef17a319718d4204d0b1a59ba4472d7aa02a7a181ceaee9c
5f3adc42	g3-unable-to-charge-field-confirmation	scenarios/g3-unable-to-charge-field-confirmation/snapshots/db-DispatchZoneAreaAssignmentVersions.json	235	532d6662b0cb7d94bcc5888c66115ef80ec3bdec5b37331435cb46c4f73f059b
5f3adc42	g3-unable-to-charge-field-confirmation	scenarios/g3-unable-to-charge-field-confirmation/snapshots/db-DispatchZoneParameters.json	0	e3b0c44298fc1c149afbf4c8996fb92427ae41e4649b934ca495991b7852b855
5f3adc42	g3-unable-to-charge-field-confirmation	scenarios/g3-unable-to-charge-field-confirmation/snapshots/db-DispatchZoneParameterVersions.json	0	e3b0c44298fc1c149afbf4c8996fb92427ae41e4649b934ca495991b7852b855
5f3adc42	g3-unable-to-charge-field-confirmation	scenarios/g3-unable-to-charge-field-confirmation/snapshots/db-ExceptionRecoverySessions.json	0	e3b0c44298fc1c149afbf4c8996fb92427ae41e4649b934ca495991b7852b855
5f3adc42	g3-unable-to-charge-field-confirmation	scenarios/g3-unable-to-charge-field-confirmation/snapshots/db-FrozenDemandStations.json	0	e3b0c44298fc1c149afbf4c8996fb92427ae41e4649b934ca495991b7852b855
5f3adc42	g3-unable-to-charge-field-confirmation	scenarios/g3-unable-to-charge-field-confirmation/snapshots/db-JourneyBacklog.json	0	e3b0c44298fc1c149afbf4c8996fb92427ae41e4649b934ca495991b7852b855
5f3adc42	g3-unable-to-charge-field-confirmation	scenarios/g3-unable-to-charge-field-confirmation/snapshots/db-JourneyDemands.json	0	e3b0c44298fc1c149afbf4c8996fb92427ae41e4649b934ca495991b7852b855
5f3adc42	g3-unable-to-charge-field-confirmation	scenarios/g3-unable-to-charge-field-confirmation/snapshots/db-JourneyRuntimes.json	2327	65fb8857fadf49044f1868856f1e0db5b65383368a9f1a9c097ca11e548602f3
5f3adc42	g3-unable-to-charge-field-confirmation	scenarios/g3-unable-to-charge-field-confirmation/snapshots/db-JourneyStops.json	864	051b896466a2de20e0ff435d6c225546f6f0eefbe4030e8c1126c346f4a90bee
5f3adc42	g3-unable-to-charge-field-confirmation	scenarios/g3-unable-to-charge-field-confirmation/snapshots/db-MapStationCatalogStates.json	370	8709c165c3d5627f489f9c08faea63cb207c9c972881fc473f9df0035b46c042
5f3adc42	g3-unable-to-charge-field-confirmation	scenarios/g3-unable-to-charge-field-confirmation/snapshots/db-OnboardAlarmSnapshots.json	687	959814fe1933188d904e7733e752e6886fd8c8f5d3e474a207358f10b73a3175
5f3adc42	g3-unable-to-charge-field-confirmation	scenarios/g3-unable-to-charge-field-confirmation/snapshots/db-OperationResults.json	0	e3b0c44298fc1c149afbf4c8996fb92427ae41e4649b934ca495991b7852b855
5f3adc42	g3-unable-to-charge-field-confirmation	scenarios/g3-unable-to-charge-field-confirmation/snapshots/db-OrderIntents.json	1492	36a3f4c2009a7ce134e5efe9c46038d8073e96e8cbaedd319b233f8043107b04
5f3adc42	g3-unable-to-charge-field-confirmation	scenarios/g3-unable-to-charge-field-confirmation/snapshots/db-OwnOrderRebuilds.json	0	e3b0c44298fc1c149afbf4c8996fb92427ae41e4649b934ca495991b7852b855
5f3adc42	g3-unable-to-charge-field-confirmation	scenarios/g3-unable-to-charge-field-confirmation/snapshots/db-RecoveryWorkflows.json	0	e3b0c44298fc1c149afbf4c8996fb92427ae41e4649b934ca495991b7852b855
5f3adc42	g3-unable-to-charge-field-confirmation	scenarios/g3-unable-to-charge-field-confirmation/snapshots/db-RiotDispatchAuditEvents.json	4373	68185d0688c6c612a2138502095237eb932ed1aa11886d130dfc715c3fb80818
5f3adc42	g3-unable-to-charge-field-confirmation	scenarios/g3-unable-to-charge-field-confirmation/snapshots/db-RiotOrderCommandAudit.json	0	e3b0c44298fc1c149afbf4c8996fb92427ae41e4649b934ca495991b7852b855
5f3adc42	g3-unable-to-charge-field-confirmation	scenarios/g3-unable-to-charge-field-confirmation/snapshots/db-RouteGraphSnapshots.json	567	495526520472ebe2e00533b0b5cf4cdfc75afd7d1d6d653a61a4b32238f60051
5f3adc42	g3-unable-to-charge-field-confirmation	scenarios/g3-unable-to-charge-field-confirmation/snapshots/db-SessionRecoveries.json	1175	142f4214e2f6feaa06e83723b7a2dd1003e147c738f97455a2eb9685fc938055
5f3adc42	g3-unable-to-charge-field-confirmation	scenarios/g3-unable-to-charge-field-confirmation/snapshots/db-SlotConfigurationActivations.json	0	e3b0c44298fc1c149afbf4c8996fb92427ae41e4649b934ca495991b7852b855
5f3adc42	g3-unable-to-charge-field-confirmation	scenarios/g3-unable-to-charge-field-confirmation/snapshots/db-SlotFaultDeclarations.json	0	e3b0c44298fc1c149afbf4c8996fb92427ae41e4649b934ca495991b7852b855
5f3adc42	g3-unable-to-charge-field-confirmation	scenarios/g3-unable-to-charge-field-confirmation/snapshots/db-SlotIoBindings.json	4258	9548a752539204de316510d75ceccf6788313b397cf75253eabad7a4ac5e36ae
5f3adc42	g3-unable-to-charge-field-confirmation	scenarios/g3-unable-to-charge-field-confirmation/snapshots/db-SlotModelVersions.json	321	1b3c3fadd2fca7ee612c9dcfada2f6a43508b8e81b626820db02bd0f912f621a
5f3adc42	g3-unable-to-charge-field-confirmation	scenarios/g3-unable-to-charge-field-confirmation/snapshots/db-StationExclusivities.json	364	80adaed546eaabf69a0071868d93162e54110420f29452d6cc0be44eb0eb81bc
5f3adc42	g3-unable-to-charge-field-confirmation	scenarios/g3-unable-to-charge-field-confirmation/snapshots/db-StationExclusivityRecords.json	412	c42ea838ed8653ff35ca03a9df962911c84d66bec7c31cae2ca361a2670f64eb
5f3adc42	g3-unable-to-charge-field-confirmation	scenarios/g3-unable-to-charge-field-confirmation/snapshots/db-StationOperations.json	0	e3b0c44298fc1c149afbf4c8996fb92427ae41e4649b934ca495991b7852b855
5f3adc42	g3-unable-to-charge-field-confirmation	scenarios/g3-unable-to-charge-field-confirmation/snapshots/db-StructuralDispatchBlocks.json	0	e3b0c44298fc1c149afbf4c8996fb92427ae41e4649b934ca495991b7852b855
5f3adc42	g3-unable-to-charge-field-confirmation	scenarios/g3-unable-to-charge-field-confirmation/snapshots/db-TaskTypeStationActiveBindingSets.json	144	a4e24bb6d621aa69f56aa45e5791ad6bb85c2a3cae09a215ec4005ecf52daf62
5f3adc42	g3-unable-to-charge-field-confirmation	scenarios/g3-unable-to-charge-field-confirmation/snapshots/db-TaskTypeStationBindings.json	173	b412006843f62c50e682598812b9f1746f67a659a3a2ddcff12221d6be0bbc28
5f3adc42	g3-unable-to-charge-field-confirmation	scenarios/g3-unable-to-charge-field-confirmation/snapshots/db-TaskTypeStationBindingSetVersions.json	396	3b5de264fa89f9cbf37b2139935c8b2ea65ef32f8725281fbd8648a67ca526ab
5f3adc42	g3-unable-to-charge-field-confirmation	scenarios/g3-unable-to-charge-field-confirmation/snapshots/db-TaskTypeStationRuleVersions.json	331	0990c4c05638ff0cb68f9d2c4281034338d4c131731eee7e8ad5c36b167e0c20
5f3adc42	g3-unable-to-charge-field-confirmation	scenarios/g3-unable-to-charge-field-confirmation/snapshots/db-VehiclePurposeClaimRecords.json	686	40d1bc9b483f03713875b21e851ce46a62ef9e8a6a1283f36a44cf80f6bc19bc
5f3adc42	g3-unable-to-charge-field-confirmation	scenarios/g3-unable-to-charge-field-confirmation/snapshots/db-VehiclePurposeClaims.json	194	f7a2a7e86d71271b00ad579e99d693d007634c668c7a4d8a86aad8d901d34aa2
5f3adc42	g3-unable-to-charge-field-confirmation	scenarios/g3-unable-to-charge-field-confirmation/snapshots/db-WaitingPoints.json	0	e3b0c44298fc1c149afbf4c8996fb92427ae41e4649b934ca495991b7852b855
5f3adc42	g3-unable-to-charge-field-confirmation	scenarios/g3-unable-to-charge-field-confirmation/snapshots/db-WaitingPointVehicleScopes.json	0	e3b0c44298fc1c149afbf4c8996fb92427ae41e4649b934ca495991b7852b855
5f3adc42	g3-unable-to-charge-field-confirmation	scenarios/g3-unable-to-charge-field-confirmation/snapshots/db-WaitingPointVersions.json	0	e3b0c44298fc1c149afbf4c8996fb92427ae41e4649b934ca495991b7852b855
5f3adc42	g3-unable-to-charge-field-confirmation	scenarios/g3-unable-to-charge-field-confirmation/snapshots/fake-mes-ingest.json	310	c1ce2e1bf538abb10df8d026fc5c6270b7c7916a376496bc93a8ffc02e80e1b7
5f3adc42	g3-unable-to-charge-field-confirmation	scenarios/g3-unable-to-charge-field-confirmation/snapshots/fake-riot.json	3939	7faad18079e69a154e30c0fb4caa79722110d7a8b674504a15f2277ba14a6e61
5f3adc42	g3-unable-to-charge-field-confirmation	scenarios/g3-unable-to-charge-field-confirmation/snapshots/preseed-area-assignments.csv	128	9906e26d53df2e02e2cb2da976840b5764419d03f3d724097fe4bf7ce36ec8af
5f3adc42	g3-unable-to-charge-field-confirmation	scenarios/g3-unable-to-charge-field-confirmation/snapshots/preseed-charging-policy.json	444	c9cff5e4ecf1d832d52d74154c81f43961075a5ca9d96150e9f079ea0afc2bfa
5f3adc42	g3-unable-to-charge-field-confirmation	scenarios/g3-unable-to-charge-field-confirmation/snapshots/slots-simulator.json	3029	6f1336d3a7781161f1b74b28fd56bb3407ae260015198d48a2105a41143d5f87
5f3adc42	g3-unable-to-charge-field-confirmation	scenarios/g3-unable-to-charge-field-confirmation/snapshots/task-type-stations.settings.json	894	d69ededa82fcf5dad3cdcc83b1682ae1f2ca0ce41be15f438c179105d114cc4f
5f3adc42	g3-waiting-point-idle-return	scenarios/g3-waiting-point-idle-return/logs/build.log	2464	c67ab3cb6a38e54a7dbd8c5b1e2aca8a44419ce9c7f1cdecc841ec7e4ee0788f
5f3adc42	g3-waiting-point-idle-return	scenarios/g3-waiting-point-idle-return/logs/control-server-migrate.err.log	0	e3b0c44298fc1c149afbf4c8996fb92427ae41e4649b934ca495991b7852b855
5f3adc42	g3-waiting-point-idle-return	scenarios/g3-waiting-point-idle-return/logs/control-server-migrate.out.log	1431	595639af6790902710c2ac1d4f99726e72b1d0476b7dc1d4ffd29af87fa22c21
5f3adc42	g3-waiting-point-idle-return	scenarios/g3-waiting-point-idle-return/logs/control-server.err.log	0	e3b0c44298fc1c149afbf4c8996fb92427ae41e4649b934ca495991b7852b855
5f3adc42	g3-waiting-point-idle-return	scenarios/g3-waiting-point-idle-return/logs/control-server.out.log	3899285	d02c5234efecfa55ff338ca56a4be2a227a4c5dca5c770b2b2852f192f6d0372
5f3adc42	g3-waiting-point-idle-return	scenarios/g3-waiting-point-idle-return/logs/fake-mes-ingest.err.log	0	e3b0c44298fc1c149afbf4c8996fb92427ae41e4649b934ca495991b7852b855
5f3adc42	g3-waiting-point-idle-return	scenarios/g3-waiting-point-idle-return/logs/fake-mes-ingest.out.log	101553	7526acc1b3d4947a1b593f0b3ec035f793c11a9ac2a5c634d196df1365b8ad8d
5f3adc42	g3-waiting-point-idle-return	scenarios/g3-waiting-point-idle-return/logs/fake-riot.err.log	0	e3b0c44298fc1c149afbf4c8996fb92427ae41e4649b934ca495991b7852b855
5f3adc42	g3-waiting-point-idle-return	scenarios/g3-waiting-point-idle-return/logs/fake-riot.out.log	638020	58d93ab63e4a851f123f2728a32f43d0b7e852a5448a5b0a078b4da347754906
5f3adc42	g3-waiting-point-idle-return	scenarios/g3-waiting-point-idle-return/logs/onboard-hmi.err.log	0	e3b0c44298fc1c149afbf4c8996fb92427ae41e4649b934ca495991b7852b855
5f3adc42	g3-waiting-point-idle-return	scenarios/g3-waiting-point-idle-return/logs/onboard-hmi.out.log	0	e3b0c44298fc1c149afbf4c8996fb92427ae41e4649b934ca495991b7852b855
5f3adc42	g3-waiting-point-idle-return	scenarios/g3-waiting-point-idle-return/logs/package-capacity-import.err.log	0	e3b0c44298fc1c149afbf4c8996fb92427ae41e4649b934ca495991b7852b855
5f3adc42	g3-waiting-point-idle-return	scenarios/g3-waiting-point-idle-return/logs/package-capacity-import.out.log	162554	7cdab1c6d4eea28f926c494b31327247f527ea23e199189840b481ce5aff4687
5f3adc42	g3-waiting-point-idle-return	scenarios/g3-waiting-point-idle-return/logs/slots-simulator.err.log	0	e3b0c44298fc1c149afbf4c8996fb92427ae41e4649b934ca495991b7852b855
5f3adc42	g3-waiting-point-idle-return	scenarios/g3-waiting-point-idle-return/logs/slots-simulator.out.log	0	e3b0c44298fc1c149afbf4c8996fb92427ae41e4649b934ca495991b7852b855
5f3adc42	g3-waiting-point-idle-return	scenarios/g3-waiting-point-idle-return/logs/onboard-app/agv-20261010.log	13584	49f5c73b4d74745ff527dc01ea4a09c5f7ab7f4d50579fca3b72703e79de5d39
5f3adc42	g3-waiting-point-idle-return	scenarios/g3-waiting-point-idle-return/snapshots/db-AcceptedDemands.json	851	f127301cade43f08a64df8d6c3f983add5ca85d94f322879cd74fa871799bd12
5f3adc42	g3-waiting-point-idle-return	scenarios/g3-waiting-point-idle-return/snapshots/db-ActiveSlotConfigurations.json	0	e3b0c44298fc1c149afbf4c8996fb92427ae41e4649b934ca495991b7852b855
5f3adc42	g3-waiting-point-idle-return	scenarios/g3-waiting-point-idle-return/snapshots/db-BusinessAuditRecords.json	7199	77656d0303b02122e15d156307d1f607daa17a0ca370bd0536b9454c335f4046
5f3adc42	g3-waiting-point-idle-return	scenarios/g3-waiting-point-idle-return/snapshots/db-ChargerRosterEntries.json	0	e3b0c44298fc1c149afbf4c8996fb92427ae41e4649b934ca495991b7852b855
5f3adc42	g3-waiting-point-idle-return	scenarios/g3-waiting-point-idle-return/snapshots/db-ChargerRosterVersions.json	0	e3b0c44298fc1c149afbf4c8996fb92427ae41e4649b934ca495991b7852b855
5f3adc42	g3-waiting-point-idle-return	scenarios/g3-waiting-point-idle-return/snapshots/db-ChargingPolicyActivations.json	189	34fe623e80ad66acd38d89b2933eb982d7899a03407593074c233cd46f70c6ac
5f3adc42	g3-waiting-point-idle-return	scenarios/g3-waiting-point-idle-return/snapshots/db-ChargingPolicyApprovals.json	281	bc70c589bdc8723afc349d964a8083cb903282db94e1092bcd23568b7f32a962
5f3adc42	g3-waiting-point-idle-return	scenarios/g3-waiting-point-idle-return/snapshots/db-ChargingPolicyVehicleScopes.json	0	e3b0c44298fc1c149afbf4c8996fb92427ae41e4649b934ca495991b7852b855
5f3adc42	g3-waiting-point-idle-return	scenarios/g3-waiting-point-idle-return/snapshots/db-ChargingPolicyVersions.json	632	fe87eb9d850c9729657a1a27e8df23df8ee27c42db4e23d51631729b10412f6b
5f3adc42	g3-waiting-point-idle-return	scenarios/g3-waiting-point-idle-return/snapshots/db-CreateGateAudit.json	446	7b8040508f9556e831e38688c28dd92d33d35082f59b1a21fba601cd9b572193
5f3adc42	g3-waiting-point-idle-return	scenarios/g3-waiting-point-idle-return/snapshots/db-DispatchZoneAreaAssignments.json	377	ffd7aa7365bc86efef17a319718d4204d0b1a59ba4472d7aa02a7a181ceaee9c
5f3adc42	g3-waiting-point-idle-return	scenarios/g3-waiting-point-idle-return/snapshots/db-DispatchZoneAreaAssignmentVersions.json	235	d1e34bc0b3fad1f42404f3c64962125ddd9b232425c04b918aa6362e02244f47
5f3adc42	g3-waiting-point-idle-return	scenarios/g3-waiting-point-idle-return/snapshots/db-DispatchZoneParameters.json	0	e3b0c44298fc1c149afbf4c8996fb92427ae41e4649b934ca495991b7852b855
5f3adc42	g3-waiting-point-idle-return	scenarios/g3-waiting-point-idle-return/snapshots/db-DispatchZoneParameterVersions.json	0	e3b0c44298fc1c149afbf4c8996fb92427ae41e4649b934ca495991b7852b855
5f3adc42	g3-waiting-point-idle-return	scenarios/g3-waiting-point-idle-return/snapshots/db-ExceptionRecoverySessions.json	0	e3b0c44298fc1c149afbf4c8996fb92427ae41e4649b934ca495991b7852b855
5f3adc42	g3-waiting-point-idle-return	scenarios/g3-waiting-point-idle-return/snapshots/db-FrozenDemandStations.json	666	06daa03e21ead0cc068d8f13f2c7eb096aa5c5e793b4b768ce304718d97bbecf
5f3adc42	g3-waiting-point-idle-return	scenarios/g3-waiting-point-idle-return/snapshots/db-JourneyBacklog.json	570	5923b96e9ebca07815ed000ae18be113601082a47af49a2d14c35a4bd4147525
5f3adc42	g3-waiting-point-idle-return	scenarios/g3-waiting-point-idle-return/snapshots/db-JourneyDemands.json	875	074777b0b85c34c6e8c0a82595c01c5548fcab21a33df0184c0dec59bc73d344
5f3adc42	g3-waiting-point-idle-return	scenarios/g3-waiting-point-idle-return/snapshots/db-JourneyRuntimes.json	5299	0bbe881c8197c90d1200c13f9f971a8b6c6543ca2cd9bb903b0fd7fbeaf3d98b
5f3adc42	g3-waiting-point-idle-return	scenarios/g3-waiting-point-idle-return/snapshots/db-JourneyStops.json	2873	13257f3e82fde0823bd494b2f343a8e87d86b0bacda6edf5118195fa8082fa04
5f3adc42	g3-waiting-point-idle-return	scenarios/g3-waiting-point-idle-return/snapshots/db-MapStationCatalogStates.json	369	1251c2b7456b73ee88ee555a9921e24c1587acd8efda833ca2c9cb64817866c3
5f3adc42	g3-waiting-point-idle-return	scenarios/g3-waiting-point-idle-return/snapshots/db-OnboardAlarmSnapshots.json	213	a0c9af308d07d2f687fe065e70e400240cd65625e696c8e31a9e666085a6556a
5f3adc42	g3-waiting-point-idle-return	scenarios/g3-waiting-point-idle-return/snapshots/db-OperationResults.json	1401	eba3a5fd2c1d112e01c92128abc849705ee32558e974000bf50ac850c673b6c9
5f3adc42	g3-waiting-point-idle-return	scenarios/g3-waiting-point-idle-return/snapshots/db-OrderIntents.json	4736	d0ceee0d1b2b9c6b9ef3e43efcaeabcfe0a74abfcc92df0e5efe7a2c7e56eafa
5f3adc42	g3-waiting-point-idle-return	scenarios/g3-waiting-point-idle-return/snapshots/db-OwnOrderRebuilds.json	0	e3b0c44298fc1c149afbf4c8996fb92427ae41e4649b934ca495991b7852b855
5f3adc42	g3-waiting-point-idle-return	scenarios/g3-waiting-point-idle-return/snapshots/db-RecoveryWorkflows.json	0	e3b0c44298fc1c149afbf4c8996fb92427ae41e4649b934ca495991b7852b855
5f3adc42	g3-waiting-point-idle-return	scenarios/g3-waiting-point-idle-return/snapshots/db-RiotDispatchAuditEvents.json	13462	24329185fa430ebb3fc4c7587a2cb04ceb955cdace62593cc713741ce5b66542
5f3adc42	g3-waiting-point-idle-return	scenarios/g3-waiting-point-idle-return/snapshots/db-RiotOrderCommandAudit.json	0	e3b0c44298fc1c149afbf4c8996fb92427ae41e4649b934ca495991b7852b855
5f3adc42	g3-waiting-point-idle-return	scenarios/g3-waiting-point-idle-return/snapshots/db-RouteGraphSnapshots.json	567	3f0271360346d2d12cdffa9027e783bc5c27b374e8964b9f5ed9c462ecb75d1d
5f3adc42	g3-waiting-point-idle-return	scenarios/g3-waiting-point-idle-return/snapshots/db-SessionRecoveries.json	1123	92be1e085cf1f7ca676d2a0f5228cea7df695953588d9cdbcba631d99c04225a
5f3adc42	g3-waiting-point-idle-return	scenarios/g3-waiting-point-idle-return/snapshots/db-SlotConfigurationActivations.json	0	e3b0c44298fc1c149afbf4c8996fb92427ae41e4649b934ca495991b7852b855
5f3adc42	g3-waiting-point-idle-return	scenarios/g3-waiting-point-idle-return/snapshots/db-SlotFaultDeclarations.json	0	e3b0c44298fc1c149afbf4c8996fb92427ae41e4649b934ca495991b7852b855
5f3adc42	g3-waiting-point-idle-return	scenarios/g3-waiting-point-idle-return/snapshots/db-SlotIoBindings.json	4258	84d5e0f4a16b96c7951208e2aab054300d17e554a0988f610a487aba6ebd3ab5
5f3adc42	g3-waiting-point-idle-return	scenarios/g3-waiting-point-idle-return/snapshots/db-SlotModelVersions.json	321	e7fe9ab8a7843662d9572b4ab76ed03edf7be013517eec498edc3b7b9a215b01
5f3adc42	g3-waiting-point-idle-return	scenarios/g3-waiting-point-idle-return/snapshots/db-StationExclusivities.json	378	d76a9340662705e4d1ebc9957d32a49774eb795fe7f6131e9280ce37105baf01
5f3adc42	g3-waiting-point-idle-return	scenarios/g3-waiting-point-idle-return/snapshots/db-StationExclusivityRecords.json	1019	c0ecd8de8f63ffd9180f653f0cdda4d502386bfb4535827eaea89814d6b3787b
5f3adc42	g3-waiting-point-idle-return	scenarios/g3-waiting-point-idle-return/snapshots/db-StationOperations.json	1235	5edb3caacd61328631fffe468a8cd815ac6530b83553d44406252157955cfcc8
5f3adc42	g3-waiting-point-idle-return	scenarios/g3-waiting-point-idle-return/snapshots/db-StructuralDispatchBlocks.json	0	e3b0c44298fc1c149afbf4c8996fb92427ae41e4649b934ca495991b7852b855
5f3adc42	g3-waiting-point-idle-return	scenarios/g3-waiting-point-idle-return/snapshots/db-TaskTypeStationActiveBindingSets.json	144	16384e6d9af363a808f769ad9ea9f08a99a52326cb5d6d657b122b874857eb41
5f3adc42	g3-waiting-point-idle-return	scenarios/g3-waiting-point-idle-return/snapshots/db-TaskTypeStationBindings.json	173	b412006843f62c50e682598812b9f1746f67a659a3a2ddcff12221d6be0bbc28
5f3adc42	g3-waiting-point-idle-return	scenarios/g3-waiting-point-idle-return/snapshots/db-TaskTypeStationBindingSetVersions.json	396	f42f3347bec0996f58ef02c2a3985ffb371369f2945312175cada2264245703e
5f3adc42	g3-waiting-point-idle-return	scenarios/g3-waiting-point-idle-return/snapshots/db-TaskTypeStationRuleVersions.json	331	b5c715965ec465271fd26f61d01cb461aa173c1023defa9d877be7da180bc7ec
5f3adc42	g3-waiting-point-idle-return	scenarios/g3-waiting-point-idle-return/snapshots/db-VehiclePurposeClaimRecords.json	742	448a908f60cc6a444b98db02d0154004560d9be72d9670e6e82bddb1d2c8cd4a
5f3adc42	g3-waiting-point-idle-return	scenarios/g3-waiting-point-idle-return/snapshots/db-VehiclePurposeClaims.json	0	e3b0c44298fc1c149afbf4c8996fb92427ae41e4649b934ca495991b7852b855
5f3adc42	g3-waiting-point-idle-return	scenarios/g3-waiting-point-idle-return/snapshots/db-WaitingPoints.json	106	45332e3dcae792d1b6c775c874396e08e177860c212aa124767a93890b5bb7c9
5f3adc42	g3-waiting-point-idle-return	scenarios/g3-waiting-point-idle-return/snapshots/db-WaitingPointVehicleScopes.json	0	e3b0c44298fc1c149afbf4c8996fb92427ae41e4649b934ca495991b7852b855
5f3adc42	g3-waiting-point-idle-return	scenarios/g3-waiting-point-idle-return/snapshots/db-WaitingPointVersions.json	245	06c408f19cd3edfdd8cf2014812c3222c3ef06b7330d900e71a916dbe5db55f4
5f3adc42	g3-waiting-point-idle-return	scenarios/g3-waiting-point-idle-return/snapshots/fake-mes-ingest.json	1041	2465786499dd1e0ba3b0e07d54b099f5fd5847cdd05febae2b3ba4a53f2b544d
5f3adc42	g3-waiting-point-idle-return	scenarios/g3-waiting-point-idle-return/snapshots/fake-riot.json	4094	25f5709df32045f972ef8fb5f706f0fcb002c39d613e5d6b94d3bfc136378267
5f3adc42	g3-waiting-point-idle-return	scenarios/g3-waiting-point-idle-return/snapshots/preseed-area-assignments.csv	128	9906e26d53df2e02e2cb2da976840b5764419d03f3d724097fe4bf7ce36ec8af
5f3adc42	g3-waiting-point-idle-return	scenarios/g3-waiting-point-idle-return/snapshots/preseed-charging-policy.json	444	c9cff5e4ecf1d832d52d74154c81f43961075a5ca9d96150e9f079ea0afc2bfa
5f3adc42	g3-waiting-point-idle-return	scenarios/g3-waiting-point-idle-return/snapshots/slots-simulator.json	3030	c81802a84f903eef352053728a25aec089aac2ebc2ff262981c30e3e7640b07a
5f3adc42	g3-waiting-point-idle-return	scenarios/g3-waiting-point-idle-return/snapshots/task-type-stations.settings.json	894	d69ededa82fcf5dad3cdcc83b1682ae1f2ca0ce41be15f438c179105d114cc4f
3411887d	g3-automatic-charging-cycle	scenarios/g3-automatic-charging-cycle/logs/build.log	2464	9d291076b145924e843ebbe0db60e3099d330443bfd373e40341664fde4acbd3
3411887d	g3-automatic-charging-cycle	scenarios/g3-automatic-charging-cycle/logs/control-server.err.log	0	e3b0c44298fc1c149afbf4c8996fb92427ae41e4649b934ca495991b7852b855
3411887d	g3-automatic-charging-cycle	scenarios/g3-automatic-charging-cycle/logs/control-server.out.log	5519703	dff7860354e765216c78ad55f92684854364fa12ca4a36e88b4878f2fcd917e4
3411887d	g3-automatic-charging-cycle	scenarios/g3-automatic-charging-cycle/logs/fake-mes-ingest.err.log	0	e3b0c44298fc1c149afbf4c8996fb92427ae41e4649b934ca495991b7852b855
3411887d	g3-automatic-charging-cycle	scenarios/g3-automatic-charging-cycle/logs/fake-mes-ingest.out.log	86108	b21dd03340bf452bde6250ca90621e4cf91f440c27c51d8fde689a3ff794b0fb
3411887d	g3-automatic-charging-cycle	scenarios/g3-automatic-charging-cycle/logs/fake-riot.err.log	0	e3b0c44298fc1c149afbf4c8996fb92427ae41e4649b934ca495991b7852b855
3411887d	g3-automatic-charging-cycle	scenarios/g3-automatic-charging-cycle/logs/fake-riot.out.log	986247	1ae25d5ccc53929e05998a3362d034b369ebcc8e1d7d51053830e05a9a057f31
3411887d	g3-automatic-charging-cycle	scenarios/g3-automatic-charging-cycle/logs/onboard-hmi.err.log	0	e3b0c44298fc1c149afbf4c8996fb92427ae41e4649b934ca495991b7852b855
3411887d	g3-automatic-charging-cycle	scenarios/g3-automatic-charging-cycle/logs/onboard-hmi.out.log	0	e3b0c44298fc1c149afbf4c8996fb92427ae41e4649b934ca495991b7852b855
3411887d	g3-automatic-charging-cycle	scenarios/g3-automatic-charging-cycle/logs/package-capacity-import.err.log	0	e3b0c44298fc1c149afbf4c8996fb92427ae41e4649b934ca495991b7852b855
3411887d	g3-automatic-charging-cycle	scenarios/g3-automatic-charging-cycle/logs/package-capacity-import.out.log	162552	80e352f86e579e3a94a9df192e5fcef064ad1112e7699f8421fa8e708400f3ac
3411887d	g3-automatic-charging-cycle	scenarios/g3-automatic-charging-cycle/logs/slots-simulator.err.log	0	e3b0c44298fc1c149afbf4c8996fb92427ae41e4649b934ca495991b7852b855
3411887d	g3-automatic-charging-cycle	scenarios/g3-automatic-charging-cycle/logs/slots-simulator.out.log	0	e3b0c44298fc1c149afbf4c8996fb92427ae41e4649b934ca495991b7852b855
3411887d	g3-automatic-charging-cycle	scenarios/g3-automatic-charging-cycle/logs/onboard-app/agv-20261010.log	15619	2660633dcd729fbad17e60b1de1227a9b4736abf280e74591c025d2d2f8b2426
3411887d	g3-automatic-charging-cycle	scenarios/g3-automatic-charging-cycle/snapshots/charger-roster-open-catalog-25.json	332	ccb2b9e7f5c60ca2262a319256b6c189c1367488c4870e083bc996efa7fb3ef3
3411887d	g3-automatic-charging-cycle	scenarios/g3-automatic-charging-cycle/snapshots/charger-roster-open.json	402	1dd081a80e55282b17a5fd259484cdc226aabafcd6bc3966b93442b1a8753fd5
3411887d	g3-automatic-charging-cycle	scenarios/g3-automatic-charging-cycle/snapshots/db-AcceptedDemands.json	850	a268a422b56b678f6a1207eff286e13d7847fac592ad66e74c1f6a4edb92c599
3411887d	g3-automatic-charging-cycle	scenarios/g3-automatic-charging-cycle/snapshots/db-ActiveSlotConfigurations.json	0	e3b0c44298fc1c149afbf4c8996fb92427ae41e4649b934ca495991b7852b855
3411887d	g3-automatic-charging-cycle	scenarios/g3-automatic-charging-cycle/snapshots/db-BusinessAuditRecords.json	7189	edc9aa3cc086b04b0fe9b3cc80332ad3dc843c562c24d0a1a7217bb41946efc7
3411887d	g3-automatic-charging-cycle	scenarios/g3-automatic-charging-cycle/snapshots/db-ChargerRosterEntries.json	142	15ef77fd33e3610d9265eb31d5c5e18df63502ab47e7a4eb7dee827f423cc729
3411887d	g3-automatic-charging-cycle	scenarios/g3-automatic-charging-cycle/snapshots/db-ChargerRosterVersions.json	439	d6c5202fdb853a671afbda29b17e268b908ee79a16c76191615db8ca10010cbe
3411887d	g3-automatic-charging-cycle	scenarios/g3-automatic-charging-cycle/snapshots/db-ChargingPolicyActivations.json	189	011822f089824cfd026bfc11fe26c0921b2cd2ef990c109f7c1325765b66461c
3411887d	g3-automatic-charging-cycle	scenarios/g3-automatic-charging-cycle/snapshots/db-ChargingPolicyApprovals.json	282	b0e22ae79fcf85091c7fdf09e853f52df697aad9869392d1f215d7dfaeafe378
3411887d	g3-automatic-charging-cycle	scenarios/g3-automatic-charging-cycle/snapshots/db-ChargingPolicyVehicleScopes.json	0	e3b0c44298fc1c149afbf4c8996fb92427ae41e4649b934ca495991b7852b855
3411887d	g3-automatic-charging-cycle	scenarios/g3-automatic-charging-cycle/snapshots/db-ChargingPolicyVersions.json	632	122cfd5adee3a70ff3d2c8e32dbd30bf212647d8156268f6a11edb4620c1765f
3411887d	g3-automatic-charging-cycle	scenarios/g3-automatic-charging-cycle/snapshots/db-CreateGateAudit.json	447	2803ce4d00e1b39dc0a24215516ce682e15590d963737e18780d59aad5f75c07
3411887d	g3-automatic-charging-cycle	scenarios/g3-automatic-charging-cycle/snapshots/db-DispatchZoneAreaAssignments.json	377	ffd7aa7365bc86efef17a319718d4204d0b1a59ba4472d7aa02a7a181ceaee9c
3411887d	g3-automatic-charging-cycle	scenarios/g3-automatic-charging-cycle/snapshots/db-DispatchZoneAreaAssignmentVersions.json	235	a1f565112006db8c8986c187ac99218a28992f6fc0c8832c4a3713cd5671015f
3411887d	g3-automatic-charging-cycle	scenarios/g3-automatic-charging-cycle/snapshots/db-DispatchZoneParameters.json	0	e3b0c44298fc1c149afbf4c8996fb92427ae41e4649b934ca495991b7852b855
3411887d	g3-automatic-charging-cycle	scenarios/g3-automatic-charging-cycle/snapshots/db-DispatchZoneParameterVersions.json	0	e3b0c44298fc1c149afbf4c8996fb92427ae41e4649b934ca495991b7852b855
3411887d	g3-automatic-charging-cycle	scenarios/g3-automatic-charging-cycle/snapshots/db-ExceptionRecoverySessions.json	0	e3b0c44298fc1c149afbf4c8996fb92427ae41e4649b934ca495991b7852b855
3411887d	g3-automatic-charging-cycle	scenarios/g3-automatic-charging-cycle/snapshots/db-FrozenDemandStations.json	666	ff416c7f354e8be99cbd7fc7ea13d8d7a1a622e19758b769fb4e49e45350ed28
3411887d	g3-automatic-charging-cycle	scenarios/g3-automatic-charging-cycle/snapshots/db-JourneyBacklog.json	569	602ba0d309583b11d27c705bc8aa37e4fbde3c6cbce8c6f93c2c6245ccb5b356
3411887d	g3-automatic-charging-cycle	scenarios/g3-automatic-charging-cycle/snapshots/db-JourneyDemands.json	875	f7bc2d7733a3f39ef005c3c73bc08e9f2ce5b1cbe6c7f3b12de319195fe00404
3411887d	g3-automatic-charging-cycle	scenarios/g3-automatic-charging-cycle/snapshots/db-JourneyRuntimes.json	5349	8ab0bbada402fe03a8c4b85ecc24b2e411f9a913b5b494921662ad773f7a4f79
3411887d	g3-automatic-charging-cycle	scenarios/g3-automatic-charging-cycle/snapshots/db-JourneyStops.json	2854	43dd0a37b6db6bd42de0351bb7f91589ae813f023cc89ad73f022c3c34cd5568
3411887d	g3-automatic-charging-cycle	scenarios/g3-automatic-charging-cycle/snapshots/db-MapStationCatalogStates.json	370	db4639f8892cd0ac03adc40c78c30daadc84edf3c144213a60c876edc61630da
3411887d	g3-automatic-charging-cycle	scenarios/g3-automatic-charging-cycle/snapshots/db-OnboardAlarmSnapshots.json	212	15b8bccd2b72eb8304635f4165b86b3ce3121f088bc0b6b0343caf5ec83d7f56
3411887d	g3-automatic-charging-cycle	scenarios/g3-automatic-charging-cycle/snapshots/db-OperationResults.json	1401	b7d994c37d52af5bc02bf5e8b0ebaf2164c870d2f66d1b12abd18bfefe0f316b
3411887d	g3-automatic-charging-cycle	scenarios/g3-automatic-charging-cycle/snapshots/db-OrderIntents.json	4727	99027951e26ee100e5290b24b2c4818d12329890b710797daf21c63fc6ac5a6a
3411887d	g3-automatic-charging-cycle	scenarios/g3-automatic-charging-cycle/snapshots/db-OwnOrderRebuilds.json	0	e3b0c44298fc1c149afbf4c8996fb92427ae41e4649b934ca495991b7852b855
3411887d	g3-automatic-charging-cycle	scenarios/g3-automatic-charging-cycle/snapshots/db-RecoveryWorkflows.json	0	e3b0c44298fc1c149afbf4c8996fb92427ae41e4649b934ca495991b7852b855
3411887d	g3-automatic-charging-cycle	scenarios/g3-automatic-charging-cycle/snapshots/db-RiotDispatchAuditEvents.json	13471	e86e89506920e2ed6c80ca6358d1fe56ff6ed2d5cccddbb1b7270b65c689baaa
3411887d	g3-automatic-charging-cycle	scenarios/g3-automatic-charging-cycle/snapshots/db-RiotOrderCommandAudit.json	0	e3b0c44298fc1c149afbf4c8996fb92427ae41e4649b934ca495991b7852b855
3411887d	g3-automatic-charging-cycle	scenarios/g3-automatic-charging-cycle/snapshots/db-RouteGraphSnapshots.json	567	f4413e937ee4bf0c1bd398e829e4f37b8ea4bff37289e76aa4849b7d11751779
3411887d	g3-automatic-charging-cycle	scenarios/g3-automatic-charging-cycle/snapshots/db-SessionRecoveries.json	1122	2ade5e564a5ab4417eec993546944b9475278c3c83e67e89165b0ce358ab3383
3411887d	g3-automatic-charging-cycle	scenarios/g3-automatic-charging-cycle/snapshots/db-SlotConfigurationActivations.json	0	e3b0c44298fc1c149afbf4c8996fb92427ae41e4649b934ca495991b7852b855
3411887d	g3-automatic-charging-cycle	scenarios/g3-automatic-charging-cycle/snapshots/db-SlotFaultDeclarations.json	0	e3b0c44298fc1c149afbf4c8996fb92427ae41e4649b934ca495991b7852b855
3411887d	g3-automatic-charging-cycle	scenarios/g3-automatic-charging-cycle/snapshots/db-SlotIoBindings.json	4258	828a957c0c278a28e2f1d4b71bd9ae0fba8b4ee646560cdbefc86b9edd8f60c7
3411887d	g3-automatic-charging-cycle	scenarios/g3-automatic-charging-cycle/snapshots/db-SlotModelVersions.json	321	dc6d587dc877300aa22ea0329ef9b53476c613699e18c648641e603160a010af
3411887d	g3-automatic-charging-cycle	scenarios/g3-automatic-charging-cycle/snapshots/db-StationExclusivities.json	378	619b104cec3f501c83ceebeb515250b7bfb2a7605acd97f3f70f0cd033184624
3411887d	g3-automatic-charging-cycle	scenarios/g3-automatic-charging-cycle/snapshots/db-StationExclusivityRecords.json	1023	7820d2a74c3f2f34c153111453fac866cff2daae83d1e23eade1efc7bb1c5c39
3411887d	g3-automatic-charging-cycle	scenarios/g3-automatic-charging-cycle/snapshots/db-StationOperations.json	1235	f483439ad831ac2a8ccfefe7c1b7cc74344b35fc59f9cc463db27544fcc5ed08
3411887d	g3-automatic-charging-cycle	scenarios/g3-automatic-charging-cycle/snapshots/db-StructuralDispatchBlocks.json	0	e3b0c44298fc1c149afbf4c8996fb92427ae41e4649b934ca495991b7852b855
3411887d	g3-automatic-charging-cycle	scenarios/g3-automatic-charging-cycle/snapshots/db-TaskTypeStationActiveBindingSets.json	144	bc656108daab6d2fcd98994e5d0b234d9ce517d94e1eda28268b2d6ceb9a897f
3411887d	g3-automatic-charging-cycle	scenarios/g3-automatic-charging-cycle/snapshots/db-TaskTypeStationBindings.json	173	b412006843f62c50e682598812b9f1746f67a659a3a2ddcff12221d6be0bbc28
3411887d	g3-automatic-charging-cycle	scenarios/g3-automatic-charging-cycle/snapshots/db-TaskTypeStationBindingSetVersions.json	396	25915daf93663932834036f0e6d4d8e6d356243c3357b7d99321207177ed9630
3411887d	g3-automatic-charging-cycle	scenarios/g3-automatic-charging-cycle/snapshots/db-TaskTypeStationRuleVersions.json	331	c975aba36696816b1c36b0e5dba2600577d69cbdbec0200151ef97e7ca21f1a9
3411887d	g3-automatic-charging-cycle	scenarios/g3-automatic-charging-cycle/snapshots/db-VehiclePurposeClaimRecords.json	714	69479e8f731593420cd935a751c8047d396e1051c383c98f0b7d1f18285280a5
3411887d	g3-automatic-charging-cycle	scenarios/g3-automatic-charging-cycle/snapshots/db-VehiclePurposeClaims.json	0	e3b0c44298fc1c149afbf4c8996fb92427ae41e4649b934ca495991b7852b855
3411887d	g3-automatic-charging-cycle	scenarios/g3-automatic-charging-cycle/snapshots/db-WaitingPoints.json	0	e3b0c44298fc1c149afbf4c8996fb92427ae41e4649b934ca495991b7852b855
3411887d	g3-automatic-charging-cycle	scenarios/g3-automatic-charging-cycle/snapshots/db-WaitingPointVehicleScopes.json	0	e3b0c44298fc1c149afbf4c8996fb92427ae41e4649b934ca495991b7852b855
3411887d	g3-automatic-charging-cycle	scenarios/g3-automatic-charging-cycle/snapshots/db-WaitingPointVersions.json	0	e3b0c44298fc1c149afbf4c8996fb92427ae41e4649b934ca495991b7852b855
3411887d	g3-automatic-charging-cycle	scenarios/g3-automatic-charging-cycle/snapshots/fake-mes-ingest.json	1041	9bf1bb544da192f50dbd85b49a5e5c8c829660bff5cfadd876fcdbc0faef3e4d
3411887d	g3-automatic-charging-cycle	scenarios/g3-automatic-charging-cycle/snapshots/fake-riot.json	5452	92172d570336e0c84e164078ec912a2fc15c100abea85d3f6005661032c88de4
3411887d	g3-automatic-charging-cycle	scenarios/g3-automatic-charging-cycle/snapshots/preseed-area-assignments.csv	128	9906e26d53df2e02e2cb2da976840b5764419d03f3d724097fe4bf7ce36ec8af
3411887d	g3-automatic-charging-cycle	scenarios/g3-automatic-charging-cycle/snapshots/preseed-charging-policy.json	444	c9cff5e4ecf1d832d52d74154c81f43961075a5ca9d96150e9f079ea0afc2bfa
3411887d	g3-automatic-charging-cycle	scenarios/g3-automatic-charging-cycle/snapshots/slots-simulator.json	3030	07ea5255be705d2cad50a42c934679df558c4971b8f2276fdd6a9e0e5be55d60
3411887d	g3-automatic-charging-cycle	scenarios/g3-automatic-charging-cycle/snapshots/task-type-stations.settings.json	894	d69ededa82fcf5dad3cdcc83b1682ae1f2ca0ce41be15f438c179105d114cc4f
3411887d	g3-exception-compensate	scenarios/g3-exception-compensate/logs/build.log	2464	deed543b16107f255544169114e4c850fbdc4358c268352846a4afe6bfe4d1c7
3411887d	g3-exception-compensate	scenarios/g3-exception-compensate/logs/control-server.err.log	0	e3b0c44298fc1c149afbf4c8996fb92427ae41e4649b934ca495991b7852b855
3411887d	g3-exception-compensate	scenarios/g3-exception-compensate/logs/control-server.out.log	2107853	35d00ceca1bab393c0234ded277e59234d083946e59429d156e97f9a27472aae
3411887d	g3-exception-compensate	scenarios/g3-exception-compensate/logs/fake-mes-ingest.err.log	0	e3b0c44298fc1c149afbf4c8996fb92427ae41e4649b934ca495991b7852b855
3411887d	g3-exception-compensate	scenarios/g3-exception-compensate/logs/fake-mes-ingest.out.log	72856	6114e9d39b0355599e7806611346cc6db4ba4f8a8c81d12ac918830ddb2cc8bc
3411887d	g3-exception-compensate	scenarios/g3-exception-compensate/logs/fake-riot.err.log	0	e3b0c44298fc1c149afbf4c8996fb92427ae41e4649b934ca495991b7852b855
3411887d	g3-exception-compensate	scenarios/g3-exception-compensate/logs/fake-riot.out.log	279396	f5f4ecaa1e3593c4166e866aacd60d705dfa4d9837f77897f4417c5c35c0a549
3411887d	g3-exception-compensate	scenarios/g3-exception-compensate/logs/onboard-hmi.before-restart-1.err.log	0	e3b0c44298fc1c149afbf4c8996fb92427ae41e4649b934ca495991b7852b855
3411887d	g3-exception-compensate	scenarios/g3-exception-compensate/logs/onboard-hmi.before-restart-1.out.log	0	e3b0c44298fc1c149afbf4c8996fb92427ae41e4649b934ca495991b7852b855
3411887d	g3-exception-compensate	scenarios/g3-exception-compensate/logs/onboard-hmi.err.log	0	e3b0c44298fc1c149afbf4c8996fb92427ae41e4649b934ca495991b7852b855
3411887d	g3-exception-compensate	scenarios/g3-exception-compensate/logs/onboard-hmi.out.log	0	e3b0c44298fc1c149afbf4c8996fb92427ae41e4649b934ca495991b7852b855
3411887d	g3-exception-compensate	scenarios/g3-exception-compensate/logs/package-capacity-import.err.log	0	e3b0c44298fc1c149afbf4c8996fb92427ae41e4649b934ca495991b7852b855
3411887d	g3-exception-compensate	scenarios/g3-exception-compensate/logs/package-capacity-import.out.log	162552	206604b64494983adf85c611f1efe0fab80b52a7c7a9f64dd959397ea2f52da6
3411887d	g3-exception-compensate	scenarios/g3-exception-compensate/logs/slots-simulator.err.log	0	e3b0c44298fc1c149afbf4c8996fb92427ae41e4649b934ca495991b7852b855
3411887d	g3-exception-compensate	scenarios/g3-exception-compensate/logs/slots-simulator.out.log	0	e3b0c44298fc1c149afbf4c8996fb92427ae41e4649b934ca495991b7852b855
3411887d	g3-exception-compensate	scenarios/g3-exception-compensate/logs/onboard-app/agv-20261010.log	13441	50811f7b7c80aefc1d7e05fb7b062701c925c7d723c4e913382aba49fa8c6dc6
3411887d	g3-exception-compensate	scenarios/g3-exception-compensate/snapshots/db-AcceptedDemands.json	1786	6b5452ba94d9012cb34cb490615cb5b9299a5b067adc229560aa2a69b6dce587
3411887d	g3-exception-compensate	scenarios/g3-exception-compensate/snapshots/db-ActiveSlotConfigurations.json	0	e3b0c44298fc1c149afbf4c8996fb92427ae41e4649b934ca495991b7852b855
3411887d	g3-exception-compensate	scenarios/g3-exception-compensate/snapshots/db-BusinessAuditRecords.json	6503	b60b1319a3f811eac9a204faa258fb241fb8bc0f908cd9707fee9e948ef33fbc
3411887d	g3-exception-compensate	scenarios/g3-exception-compensate/snapshots/db-ChargerRosterEntries.json	0	e3b0c44298fc1c149afbf4c8996fb92427ae41e4649b934ca495991b7852b855
3411887d	g3-exception-compensate	scenarios/g3-exception-compensate/snapshots/db-ChargerRosterVersions.json	0	e3b0c44298fc1c149afbf4c8996fb92427ae41e4649b934ca495991b7852b855
3411887d	g3-exception-compensate	scenarios/g3-exception-compensate/snapshots/db-ChargingPolicyActivations.json	189	8d1cb7654859f54288f3dfd83ef9c00e63695deab7cf585cb5f5c1d26e68a430
3411887d	g3-exception-compensate	scenarios/g3-exception-compensate/snapshots/db-ChargingPolicyApprovals.json	282	4ecc4211aa13d15e42e00e69e43ee0e9ec34fedf1e4c28a53441b3226fc02759
3411887d	g3-exception-compensate	scenarios/g3-exception-compensate/snapshots/db-ChargingPolicyVehicleScopes.json	0	e3b0c44298fc1c149afbf4c8996fb92427ae41e4649b934ca495991b7852b855
3411887d	g3-exception-compensate	scenarios/g3-exception-compensate/snapshots/db-ChargingPolicyVersions.json	632	c9141605885d9aa3af1cd1639a5d00b5a970f31c523eec8b762ee472a6d5e0a1
3411887d	g3-exception-compensate	scenarios/g3-exception-compensate/snapshots/db-CreateGateAudit.json	960	9865be469f00d41ca51cdb8f4eb1c26f9a97ab23faa3ab1a476de8fa4f17a301
3411887d	g3-exception-compensate	scenarios/g3-exception-compensate/snapshots/db-DispatchZoneAreaAssignments.json	377	ffd7aa7365bc86efef17a319718d4204d0b1a59ba4472d7aa02a7a181ceaee9c
3411887d	g3-exception-compensate	scenarios/g3-exception-compensate/snapshots/db-DispatchZoneAreaAssignmentVersions.json	235	73ddaaef620ac3fffeecdfe06eed544f1cb17807a4909885ddcc7357c4bc3665
3411887d	g3-exception-compensate	scenarios/g3-exception-compensate/snapshots/db-DispatchZoneParameters.json	0	e3b0c44298fc1c149afbf4c8996fb92427ae41e4649b934ca495991b7852b855
3411887d	g3-exception-compensate	scenarios/g3-exception-compensate/snapshots/db-DispatchZoneParameterVersions.json	0	e3b0c44298fc1c149afbf4c8996fb92427ae41e4649b934ca495991b7852b855
3411887d	g3-exception-compensate	scenarios/g3-exception-compensate/snapshots/db-ExceptionRecoverySessions.json	810	0da05e0956940961fe832c21950c3ab465ed7406ec7c2fced3f39c8a0588a646
3411887d	g3-exception-compensate	scenarios/g3-exception-compensate/snapshots/db-FrozenDemandStations.json	1335	df1f3a8521ef949b2dc606defc79c2ad279e37a3d36f8acdf64184017bd6fd10
3411887d	g3-exception-compensate	scenarios/g3-exception-compensate/snapshots/db-JourneyBacklog.json	1183	a607aca275ef054c7759487605926dd367ec9db66034d0e376574be3fa625dc5
3411887d	g3-exception-compensate	scenarios/g3-exception-compensate/snapshots/db-JourneyDemands.json	1845	d3ac6314904c354c90fd111a80681c59ad22d6a9043bd1665ba40e96d9c80318
3411887d	g3-exception-compensate	scenarios/g3-exception-compensate/snapshots/db-JourneyRuntimes.json	5775	b4075f0428dae5e950d517ff431aed574d9bcde165a3b69b3adeb668938715a6
3411887d	g3-exception-compensate	scenarios/g3-exception-compensate/snapshots/db-JourneyStops.json	3875	5bb4292d5037dc877ae28ad9c26999da657fdadc263f43c55c1c8906d1a70146
3411887d	g3-exception-compensate	scenarios/g3-exception-compensate/snapshots/db-MapStationCatalogStates.json	370	f809bc88e9791e59bebbf80a0e64d20d17b69110f0fb9b8862ccc5deb5b17ab9
3411887d	g3-exception-compensate	scenarios/g3-exception-compensate/snapshots/db-OnboardAlarmSnapshots.json	687	35c2c74e863bd792a82b25518165c103f6d9bc09ee00a90b1227c5c55378f529
3411887d	g3-exception-compensate	scenarios/g3-exception-compensate/snapshots/db-OperationResults.json	666	267f6855d2fd855eaad8a77ea28c63b05270db61643ecad7bd4ef5fbdc161bbc
3411887d	g3-exception-compensate	scenarios/g3-exception-compensate/snapshots/db-OrderIntents.json	3182	d4d6ca847cd91a251d153b0a4f2f472665949485f1b203c8749b64f8e3c3a3f7
3411887d	g3-exception-compensate	scenarios/g3-exception-compensate/snapshots/db-OwnOrderRebuilds.json	0	e3b0c44298fc1c149afbf4c8996fb92427ae41e4649b934ca495991b7852b855
3411887d	g3-exception-compensate	scenarios/g3-exception-compensate/snapshots/db-RecoveryWorkflows.json	1170	8f64b997c7c1bbd483de6a0b64ab6f17db235f970b59d026d2fb58f7434a9742
3411887d	g3-exception-compensate	scenarios/g3-exception-compensate/snapshots/db-RiotDispatchAuditEvents.json	9111	eae13bd5c4b1a8082c0c4b1de033c1c60a0dcc5152c8a4e54155afe6407fd3df
3411887d	g3-exception-compensate	scenarios/g3-exception-compensate/snapshots/db-RiotOrderCommandAudit.json	0	e3b0c44298fc1c149afbf4c8996fb92427ae41e4649b934ca495991b7852b855
3411887d	g3-exception-compensate	scenarios/g3-exception-compensate/snapshots/db-RouteGraphSnapshots.json	0	e3b0c44298fc1c149afbf4c8996fb92427ae41e4649b934ca495991b7852b855
3411887d	g3-exception-compensate	scenarios/g3-exception-compensate/snapshots/db-SessionRecoveries.json	1136	14794bb3ce69bd79a4e2635e5da0945925d7cd9eb18e581bba29b7f91beab624
3411887d	g3-exception-compensate	scenarios/g3-exception-compensate/snapshots/db-SlotConfigurationActivations.json	0	e3b0c44298fc1c149afbf4c8996fb92427ae41e4649b934ca495991b7852b855
3411887d	g3-exception-compensate	scenarios/g3-exception-compensate/snapshots/db-SlotFaultDeclarations.json	0	e3b0c44298fc1c149afbf4c8996fb92427ae41e4649b934ca495991b7852b855
3411887d	g3-exception-compensate	scenarios/g3-exception-compensate/snapshots/db-SlotIoBindings.json	4258	da1789a6398f30ff39be19dea24106135bcf72fe0a9f8ca662dd832f0f178237
3411887d	g3-exception-compensate	scenarios/g3-exception-compensate/snapshots/db-SlotModelVersions.json	321	d8dd5bd8387791d42350ba70824fa90ec02dbfcf6132afb906233cb7c78a5a36
3411887d	g3-exception-compensate	scenarios/g3-exception-compensate/snapshots/db-StationExclusivities.json	0	e3b0c44298fc1c149afbf4c8996fb92427ae41e4649b934ca495991b7852b855
3411887d	g3-exception-compensate	scenarios/g3-exception-compensate/snapshots/db-StationExclusivityRecords.json	471	f7bc80d474f9fcd417518342b7817ae79a4f99e83f97315d64a5af1964234cc8
3411887d	g3-exception-compensate	scenarios/g3-exception-compensate/snapshots/db-StationOperations.json	477	9f5df08caf191f136000934876e0b280842941211bcf153573864d728f38ce75
3411887d	g3-exception-compensate	scenarios/g3-exception-compensate/snapshots/db-StructuralDispatchBlocks.json	0	e3b0c44298fc1c149afbf4c8996fb92427ae41e4649b934ca495991b7852b855
3411887d	g3-exception-compensate	scenarios/g3-exception-compensate/snapshots/db-TaskTypeStationActiveBindingSets.json	144	f05519734368632640dc316b3cbc3433b0deda1387b9c3e7ddf23077861bb9bf
3411887d	g3-exception-compensate	scenarios/g3-exception-compensate/snapshots/db-TaskTypeStationBindings.json	173	b412006843f62c50e682598812b9f1746f67a659a3a2ddcff12221d6be0bbc28
3411887d	g3-exception-compensate	scenarios/g3-exception-compensate/snapshots/db-TaskTypeStationBindingSetVersions.json	396	741985c68eb21088cb3c60ffaf6aee2fdb6888b21ad0324af4239a7071e71548
3411887d	g3-exception-compensate	scenarios/g3-exception-compensate/snapshots/db-TaskTypeStationRuleVersions.json	331	39363190e06c5e76cf77c85ca772d2a4db65cda4e650667241954cf8b41a5918
3411887d	g3-exception-compensate	scenarios/g3-exception-compensate/snapshots/db-VehiclePurposeClaimRecords.json	678	da4c7e152468dfb853a58fe9d44384a2b5266fa1d6fb61c1622a0e57896c7064
3411887d	g3-exception-compensate	scenarios/g3-exception-compensate/snapshots/db-VehiclePurposeClaims.json	183	67932756515cf3928dbf84eb4af5fdd0fa304e0cfa0a20db02b07ca89f30eb1a
3411887d	g3-exception-compensate	scenarios/g3-exception-compensate/snapshots/db-WaitingPoints.json	0	e3b0c44298fc1c149afbf4c8996fb92427ae41e4649b934ca495991b7852b855
3411887d	g3-exception-compensate	scenarios/g3-exception-compensate/snapshots/db-WaitingPointVehicleScopes.json	0	e3b0c44298fc1c149afbf4c8996fb92427ae41e4649b934ca495991b7852b855
3411887d	g3-exception-compensate	scenarios/g3-exception-compensate/snapshots/db-WaitingPointVersions.json	0	e3b0c44298fc1c149afbf4c8996fb92427ae41e4649b934ca495991b7852b855
3411887d	g3-exception-compensate	scenarios/g3-exception-compensate/snapshots/fake-mes-ingest.json	1770	a52a10e93d9874fa65cdbce709f7ebd8af26ee3616302d067230ff4cb4bfdec6
3411887d	g3-exception-compensate	scenarios/g3-exception-compensate/snapshots/fake-riot.json	3386	e7f03bda6d5cf123a3eeaf9aa4ee52237bc55afb14b1ef7e1f3329c85fb60b9d
3411887d	g3-exception-compensate	scenarios/g3-exception-compensate/snapshots/preseed-area-assignments.csv	128	9906e26d53df2e02e2cb2da976840b5764419d03f3d724097fe4bf7ce36ec8af
3411887d	g3-exception-compensate	scenarios/g3-exception-compensate/snapshots/preseed-charging-policy.json	444	c9cff5e4ecf1d832d52d74154c81f43961075a5ca9d96150e9f079ea0afc2bfa
3411887d	g3-exception-compensate	scenarios/g3-exception-compensate/snapshots/slots-simulator.json	3029	63b803a6eef1bab29fc27cdd131d4f7d1b30d906c91b8cd08db4a74976610150
3411887d	g3-exception-compensate	scenarios/g3-exception-compensate/snapshots/task-type-stations.settings.json	894	d69ededa82fcf5dad3cdcc83b1682ae1f2ca0ce41be15f438c179105d114cc4f
3411887d	g3-exception-resume	scenarios/g3-exception-resume/logs/build.log	2464	09097029f6c3890e454babda5bd50db715ff7b759a8abd9ac15ecce16986a1e0
3411887d	g3-exception-resume	scenarios/g3-exception-resume/logs/control-server.err.log	0	e3b0c44298fc1c149afbf4c8996fb92427ae41e4649b934ca495991b7852b855
3411887d	g3-exception-resume	scenarios/g3-exception-resume/logs/control-server.out.log	1765466	4e55dda5b5a19c9bba9800bd40ae153674750258e1d8cd3ad7cf9f5098ab50f6
3411887d	g3-exception-resume	scenarios/g3-exception-resume/logs/fake-mes-ingest.err.log	0	e3b0c44298fc1c149afbf4c8996fb92427ae41e4649b934ca495991b7852b855
3411887d	g3-exception-resume	scenarios/g3-exception-resume/logs/fake-mes-ingest.out.log	45389	7f7a30b84209e99fc161ca1f108183b89c86586e5ef0e122de18c241eb12442e
3411887d	g3-exception-resume	scenarios/g3-exception-resume/logs/fake-riot.err.log	0	e3b0c44298fc1c149afbf4c8996fb92427ae41e4649b934ca495991b7852b855
3411887d	g3-exception-resume	scenarios/g3-exception-resume/logs/fake-riot.out.log	240688	352840dfc62c9e7df0d92b4122edeb27be25f704cd0b1b07fd753ad66b4f8883
3411887d	g3-exception-resume	scenarios/g3-exception-resume/logs/onboard-hmi.before-restart-1.err.log	0	e3b0c44298fc1c149afbf4c8996fb92427ae41e4649b934ca495991b7852b855
3411887d	g3-exception-resume	scenarios/g3-exception-resume/logs/onboard-hmi.before-restart-1.out.log	0	e3b0c44298fc1c149afbf4c8996fb92427ae41e4649b934ca495991b7852b855
3411887d	g3-exception-resume	scenarios/g3-exception-resume/logs/onboard-hmi.before-restart-2.err.log	0	e3b0c44298fc1c149afbf4c8996fb92427ae41e4649b934ca495991b7852b855
3411887d	g3-exception-resume	scenarios/g3-exception-resume/logs/onboard-hmi.before-restart-2.out.log	0	e3b0c44298fc1c149afbf4c8996fb92427ae41e4649b934ca495991b7852b855
3411887d	g3-exception-resume	scenarios/g3-exception-resume/logs/onboard-hmi.err.log	0	e3b0c44298fc1c149afbf4c8996fb92427ae41e4649b934ca495991b7852b855
3411887d	g3-exception-resume	scenarios/g3-exception-resume/logs/onboard-hmi.out.log	0	e3b0c44298fc1c149afbf4c8996fb92427ae41e4649b934ca495991b7852b855
3411887d	g3-exception-resume	scenarios/g3-exception-resume/logs/package-capacity-import.err.log	0	e3b0c44298fc1c149afbf4c8996fb92427ae41e4649b934ca495991b7852b855
3411887d	g3-exception-resume	scenarios/g3-exception-resume/logs/package-capacity-import.out.log	162552	9ab8afddeca409d0aeb22171d804256823410a792cc57d724b9823cbd0e3e544
3411887d	g3-exception-resume	scenarios/g3-exception-resume/logs/slots-simulator.err.log	0	e3b0c44298fc1c149afbf4c8996fb92427ae41e4649b934ca495991b7852b855
3411887d	g3-exception-resume	scenarios/g3-exception-resume/logs/slots-simulator.out.log	0	e3b0c44298fc1c149afbf4c8996fb92427ae41e4649b934ca495991b7852b855
3411887d	g3-exception-resume	scenarios/g3-exception-resume/logs/onboard-app/agv-20261010.log	17883	5149a9b9033eaed2f31edda4f1bcfe1f3a921c47a32ee780201b946cef781958
3411887d	g3-exception-resume	scenarios/g3-exception-resume/snapshots/db-AcceptedDemands.json	848	0f8739be294689362a047f41f2bb56595fcfb6c03b65cadf544b70a886a2dded
3411887d	g3-exception-resume	scenarios/g3-exception-resume/snapshots/db-ActiveSlotConfigurations.json	0	e3b0c44298fc1c149afbf4c8996fb92427ae41e4649b934ca495991b7852b855
3411887d	g3-exception-resume	scenarios/g3-exception-resume/snapshots/db-BusinessAuditRecords.json	6500	eb95cccce85e2486a90340278063c8ac808b69253eb1d4deeb2029972a95062c
3411887d	g3-exception-resume	scenarios/g3-exception-resume/snapshots/db-ChargerRosterEntries.json	0	e3b0c44298fc1c149afbf4c8996fb92427ae41e4649b934ca495991b7852b855
3411887d	g3-exception-resume	scenarios/g3-exception-resume/snapshots/db-ChargerRosterVersions.json	0	e3b0c44298fc1c149afbf4c8996fb92427ae41e4649b934ca495991b7852b855
3411887d	g3-exception-resume	scenarios/g3-exception-resume/snapshots/db-ChargingPolicyActivations.json	189	acfd8dad24126ed3102ab8193acfe7ed52429fd7a8430ccc8f55b959a8909e42
3411887d	g3-exception-resume	scenarios/g3-exception-resume/snapshots/db-ChargingPolicyApprovals.json	282	ec1367fe4f960d6d15a1ffdc6988e9108598f6fef6167ebd3eed1bf8b5de8af5
3411887d	g3-exception-resume	scenarios/g3-exception-resume/snapshots/db-ChargingPolicyVehicleScopes.json	0	e3b0c44298fc1c149afbf4c8996fb92427ae41e4649b934ca495991b7852b855
3411887d	g3-exception-resume	scenarios/g3-exception-resume/snapshots/db-ChargingPolicyVersions.json	631	4ae5b60000542527853aaf380d0647f112f152fc2b9d0b28ea138f56ef9abbd0
3411887d	g3-exception-resume	scenarios/g3-exception-resume/snapshots/db-CreateGateAudit.json	445	966f9965de81f749bb0cdbebc473964b0c20438b7f971a194be12c6cfcc4eaea
3411887d	g3-exception-resume	scenarios/g3-exception-resume/snapshots/db-DispatchZoneAreaAssignments.json	377	ffd7aa7365bc86efef17a319718d4204d0b1a59ba4472d7aa02a7a181ceaee9c
3411887d	g3-exception-resume	scenarios/g3-exception-resume/snapshots/db-DispatchZoneAreaAssignmentVersions.json	235	f0e94a488443a983a06c147ccf76bd29e805ebea21b31fb2b045545bdba86f6e
3411887d	g3-exception-resume	scenarios/g3-exception-resume/snapshots/db-DispatchZoneParameters.json	0	e3b0c44298fc1c149afbf4c8996fb92427ae41e4649b934ca495991b7852b855
3411887d	g3-exception-resume	scenarios/g3-exception-resume/snapshots/db-DispatchZoneParameterVersions.json	0	e3b0c44298fc1c149afbf4c8996fb92427ae41e4649b934ca495991b7852b855
3411887d	g3-exception-resume	scenarios/g3-exception-resume/snapshots/db-ExceptionRecoverySessions.json	789	4ed35ccbc250c5dd5fbc23ac71b0673fa3799f3a5c860f38581e2c38c12c7e95
3411887d	g3-exception-resume	scenarios/g3-exception-resume/snapshots/db-FrozenDemandStations.json	666	ad11ae22d8d55dc8a9ec6ff576e4f61ed3096538bf112a0ff90189bc64175e3a
3411887d	g3-exception-resume	scenarios/g3-exception-resume/snapshots/db-JourneyBacklog.json	568	3714d4ae6aa7e7d938f68fb1035a00d361382049e24da2cc28d4e40f922ebe0b
3411887d	g3-exception-resume	scenarios/g3-exception-resume/snapshots/db-JourneyDemands.json	873	b8eaf35c774b1167d1acd666e05817174ef9c696be290c4af5ed43f8a50c806c
3411887d	g3-exception-resume	scenarios/g3-exception-resume/snapshots/db-JourneyRuntimes.json	2892	74866178baab18ae05cec237e75ede973e712f00fe8e0e323f50ab76a88bd148
3411887d	g3-exception-resume	scenarios/g3-exception-resume/snapshots/db-JourneyStops.json	1939	bc7bcaa74876b98bc6b7a10e59aad30645044320e6b608b858b4e9177f4a3415
3411887d	g3-exception-resume	scenarios/g3-exception-resume/snapshots/db-MapStationCatalogStates.json	367	85dc8730742bcf5fedd4adb8a419040a2fdee73be3ce45cb179b061f87183884
3411887d	g3-exception-resume	scenarios/g3-exception-resume/snapshots/db-OnboardAlarmSnapshots.json	213	38ad13f161d89b246bbc89f2ffecb42f65d25cd5bf01781eb5a8ce11aa2ae904
3411887d	g3-exception-resume	scenarios/g3-exception-resume/snapshots/db-OperationResults.json	1433	9dc657f6e0de4eed0244b21055cb7d45403cf967550c4904f7b2deca058278f8
3411887d	g3-exception-resume	scenarios/g3-exception-resume/snapshots/db-OrderIntents.json	1531	197a875363998662f5f0bd036fdb5a6c457634812ea5a95d32f65e6f95463e69
3411887d	g3-exception-resume	scenarios/g3-exception-resume/snapshots/db-OwnOrderRebuilds.json	0	e3b0c44298fc1c149afbf4c8996fb92427ae41e4649b934ca495991b7852b855
3411887d	g3-exception-resume	scenarios/g3-exception-resume/snapshots/db-RecoveryWorkflows.json	1064	ece2f9b18cde01981df49267455055ec42108cc1daf74299874a2f1fddb6073b
3411887d	g3-exception-resume	scenarios/g3-exception-resume/snapshots/db-RiotDispatchAuditEvents.json	4558	e360c0e0a9904daf7a7b20f3e2a9157f6658eb5a81eba621a30d8e928c363c0f
3411887d	g3-exception-resume	scenarios/g3-exception-resume/snapshots/db-RiotOrderCommandAudit.json	0	e3b0c44298fc1c149afbf4c8996fb92427ae41e4649b934ca495991b7852b855
3411887d	g3-exception-resume	scenarios/g3-exception-resume/snapshots/db-RouteGraphSnapshots.json	0	e3b0c44298fc1c149afbf4c8996fb92427ae41e4649b934ca495991b7852b855
3411887d	g3-exception-resume	scenarios/g3-exception-resume/snapshots/db-SessionRecoveries.json	1137	03efbba180206913d81c2513b5091afdfccfa005423a9573cee20d12ca3ed114
3411887d	g3-exception-resume	scenarios/g3-exception-resume/snapshots/db-SlotConfigurationActivations.json	0	e3b0c44298fc1c149afbf4c8996fb92427ae41e4649b934ca495991b7852b855
3411887d	g3-exception-resume	scenarios/g3-exception-resume/snapshots/db-SlotFaultDeclarations.json	0	e3b0c44298fc1c149afbf4c8996fb92427ae41e4649b934ca495991b7852b855
3411887d	g3-exception-resume	scenarios/g3-exception-resume/snapshots/db-SlotIoBindings.json	4258	91127e67e7467790f8b1223a2874318d7a4caed3e1ad22f50ab7272a6764f414
3411887d	g3-exception-resume	scenarios/g3-exception-resume/snapshots/db-SlotModelVersions.json	321	cacb9eb5d0414b78d80b5bbae4291943b6a5b89a38acf6f8647e0ad62804df08
3411887d	g3-exception-resume	scenarios/g3-exception-resume/snapshots/db-StationExclusivities.json	378	14fd5af76806b4e42fb0142ef53f84d12b7cf3405c0eda7fe2defd23cd563d67
3411887d	g3-exception-resume	scenarios/g3-exception-resume/snapshots/db-StationExclusivityRecords.json	426	0e116648a9d1aab5e63ecd3ece55bfd862e8c98aef11a24d2b65123ec5462471
3411887d	g3-exception-resume	scenarios/g3-exception-resume/snapshots/db-StationOperations.json	585	d13300acc2b4261d36505db70c403edfb322b193e4af268f5512dd95ab411ccb
3411887d	g3-exception-resume	scenarios/g3-exception-resume/snapshots/db-StructuralDispatchBlocks.json	0	e3b0c44298fc1c149afbf4c8996fb92427ae41e4649b934ca495991b7852b855
3411887d	g3-exception-resume	scenarios/g3-exception-resume/snapshots/db-TaskTypeStationActiveBindingSets.json	143	b7ff408e38e81280126fd6a25e0cace777a4bcd11092e8344d3fdd3148a68c0e
3411887d	g3-exception-resume	scenarios/g3-exception-resume/snapshots/db-TaskTypeStationBindings.json	173	b412006843f62c50e682598812b9f1746f67a659a3a2ddcff12221d6be0bbc28
3411887d	g3-exception-resume	scenarios/g3-exception-resume/snapshots/db-TaskTypeStationBindingSetVersions.json	395	d6d1abcf3a72da030a50c650b4680e00b56a67bbe1cd47dec3b31adb5f4f44e4
3411887d	g3-exception-resume	scenarios/g3-exception-resume/snapshots/db-TaskTypeStationRuleVersions.json	330	bfd29e2dad65a3ccb77521d999fa057a87e92ad4135448ebfba1f702cb62d4fb
3411887d	g3-exception-resume	scenarios/g3-exception-resume/snapshots/db-VehiclePurposeClaimRecords.json	288	a448b469ddec9127976d5c0c25ac1bf5eeafd2c110490cc567822d2d33f1ad40
3411887d	g3-exception-resume	scenarios/g3-exception-resume/snapshots/db-VehiclePurposeClaims.json	183	ccefdf2c6a2bb34480e97c10955d49a491908bd5d0f988a063d373a3f951bc33
3411887d	g3-exception-resume	scenarios/g3-exception-resume/snapshots/db-WaitingPoints.json	0	e3b0c44298fc1c149afbf4c8996fb92427ae41e4649b934ca495991b7852b855
3411887d	g3-exception-resume	scenarios/g3-exception-resume/snapshots/db-WaitingPointVehicleScopes.json	0	e3b0c44298fc1c149afbf4c8996fb92427ae41e4649b934ca495991b7852b855
3411887d	g3-exception-resume	scenarios/g3-exception-resume/snapshots/db-WaitingPointVersions.json	0	e3b0c44298fc1c149afbf4c8996fb92427ae41e4649b934ca495991b7852b855
3411887d	g3-exception-resume	scenarios/g3-exception-resume/snapshots/fake-mes-ingest.json	1040	a12741c72e5365c184af3a774c742ddf68b53e55b38f445917e3e2904cc6b944
3411887d	g3-exception-resume	scenarios/g3-exception-resume/snapshots/fake-riot.json	2949	e6fc1ab649e801518df291e4d57714a6112f12f82a314e92470a2406f49271be
3411887d	g3-exception-resume	scenarios/g3-exception-resume/snapshots/preseed-area-assignments.csv	128	9906e26d53df2e02e2cb2da976840b5764419d03f3d724097fe4bf7ce36ec8af
3411887d	g3-exception-resume	scenarios/g3-exception-resume/snapshots/preseed-charging-policy.json	444	c9cff5e4ecf1d832d52d74154c81f43961075a5ca9d96150e9f079ea0afc2bfa
3411887d	g3-exception-resume	scenarios/g3-exception-resume/snapshots/slots-simulator.json	3033	0fdbc4dff913e748e25cd7a7f57c13fd9c6779a75f9df1d9e50bb7684c44ce48
3411887d	g3-exception-resume	scenarios/g3-exception-resume/snapshots/task-type-stations.settings.json	894	d69ededa82fcf5dad3cdcc83b1682ae1f2ca0ce41be15f438c179105d114cc4f
3411887d	g3-fault-cargo-handoff	scenarios/g3-fault-cargo-handoff/logs/build.log	2464	ca22c54de2dbed3af029c087320a0c61ba6fefa63bed3f0be89d9ff2f5ae0d7e
3411887d	g3-fault-cargo-handoff	scenarios/g3-fault-cargo-handoff/logs/control-server.err.log	0	e3b0c44298fc1c149afbf4c8996fb92427ae41e4649b934ca495991b7852b855
3411887d	g3-fault-cargo-handoff	scenarios/g3-fault-cargo-handoff/logs/control-server.out.log	1519442	7e933cbdbc0d67e30d7805880d23e382f53b483d98e674bc068cffacbbd61e88
3411887d	g3-fault-cargo-handoff	scenarios/g3-fault-cargo-handoff/logs/fake-mes-ingest.err.log	0	e3b0c44298fc1c149afbf4c8996fb92427ae41e4649b934ca495991b7852b855
3411887d	g3-fault-cargo-handoff	scenarios/g3-fault-cargo-handoff/logs/fake-mes-ingest.out.log	50393	b46dd3922e530af7b21ec0cd3e8c87918bae205358d979925e641bfa8c71f85a
3411887d	g3-fault-cargo-handoff	scenarios/g3-fault-cargo-handoff/logs/fake-riot.err.log	0	e3b0c44298fc1c149afbf4c8996fb92427ae41e4649b934ca495991b7852b855
3411887d	g3-fault-cargo-handoff	scenarios/g3-fault-cargo-handoff/logs/fake-riot.out.log	198467	16b6f3a777dcd8794e2936dd6f355735778b880fc256a172f5b7ce2135650390
3411887d	g3-fault-cargo-handoff	scenarios/g3-fault-cargo-handoff/logs/onboard-hmi.before-restart-1.err.log	0	e3b0c44298fc1c149afbf4c8996fb92427ae41e4649b934ca495991b7852b855
3411887d	g3-fault-cargo-handoff	scenarios/g3-fault-cargo-handoff/logs/onboard-hmi.before-restart-1.out.log	0	e3b0c44298fc1c149afbf4c8996fb92427ae41e4649b934ca495991b7852b855
3411887d	g3-fault-cargo-handoff	scenarios/g3-fault-cargo-handoff/logs/onboard-hmi.err.log	0	e3b0c44298fc1c149afbf4c8996fb92427ae41e4649b934ca495991b7852b855
3411887d	g3-fault-cargo-handoff	scenarios/g3-fault-cargo-handoff/logs/onboard-hmi.out.log	0	e3b0c44298fc1c149afbf4c8996fb92427ae41e4649b934ca495991b7852b855
3411887d	g3-fault-cargo-handoff	scenarios/g3-fault-cargo-handoff/logs/package-capacity-import.err.log	0	e3b0c44298fc1c149afbf4c8996fb92427ae41e4649b934ca495991b7852b855
3411887d	g3-fault-cargo-handoff	scenarios/g3-fault-cargo-handoff/logs/package-capacity-import.out.log	162554	85ab183312d545c80294120e5be3a894461d8baea8d6f93dbb719d1252b5701e
3411887d	g3-fault-cargo-handoff	scenarios/g3-fault-cargo-handoff/logs/slots-simulator.err.log	0	e3b0c44298fc1c149afbf4c8996fb92427ae41e4649b934ca495991b7852b855
3411887d	g3-fault-cargo-handoff	scenarios/g3-fault-cargo-handoff/logs/slots-simulator.out.log	0	e3b0c44298fc1c149afbf4c8996fb92427ae41e4649b934ca495991b7852b855
3411887d	g3-fault-cargo-handoff	scenarios/g3-fault-cargo-handoff/logs/onboard-app/agv-20261010.log	10748	db12a9dfe70bb27cd146b5894044d9463d70d1573962e83779d6e8f9877d8675
3411887d	g3-fault-cargo-handoff	scenarios/g3-fault-cargo-handoff/snapshots/db-AcceptedDemands.json	1788	9322e13a4779be8acbc572e41f3864385bacb1ec10401baf82dade35b8847a26
3411887d	g3-fault-cargo-handoff	scenarios/g3-fault-cargo-handoff/snapshots/db-ActiveSlotConfigurations.json	0	e3b0c44298fc1c149afbf4c8996fb92427ae41e4649b934ca495991b7852b855
3411887d	g3-fault-cargo-handoff	scenarios/g3-fault-cargo-handoff/snapshots/db-BusinessAuditRecords.json	6503	c494d73a5d39bccf61c9dfd23e71d8c620d0b95ff2330d8544de74aaf2a947fc
3411887d	g3-fault-cargo-handoff	scenarios/g3-fault-cargo-handoff/snapshots/db-ChargerRosterEntries.json	0	e3b0c44298fc1c149afbf4c8996fb92427ae41e4649b934ca495991b7852b855
3411887d	g3-fault-cargo-handoff	scenarios/g3-fault-cargo-handoff/snapshots/db-ChargerRosterVersions.json	0	e3b0c44298fc1c149afbf4c8996fb92427ae41e4649b934ca495991b7852b855
3411887d	g3-fault-cargo-handoff	scenarios/g3-fault-cargo-handoff/snapshots/db-ChargingPolicyActivations.json	189	bd12991fd2ef28d649b47481174027e0b7dd30f20cf273d1d034e345fed50624
3411887d	g3-fault-cargo-handoff	scenarios/g3-fault-cargo-handoff/snapshots/db-ChargingPolicyApprovals.json	282	52abe593ef16e498b39e742ac4527d79576bb2aea9c04ffc014d5eab839dc44f
3411887d	g3-fault-cargo-handoff	scenarios/g3-fault-cargo-handoff/snapshots/db-ChargingPolicyVehicleScopes.json	0	e3b0c44298fc1c149afbf4c8996fb92427ae41e4649b934ca495991b7852b855
3411887d	g3-fault-cargo-handoff	scenarios/g3-fault-cargo-handoff/snapshots/db-ChargingPolicyVersions.json	632	bdf4a6b9bf4cc3bdaaf7fc52a70fcd173252dec63beb1d3bcca9e9cd19c296af
3411887d	g3-fault-cargo-handoff	scenarios/g3-fault-cargo-handoff/snapshots/db-CreateGateAudit.json	960	b7ebcb7b0c72c409abc39a72d417f01e92ae3cbca6568143a144d8e4cb2989d9
3411887d	g3-fault-cargo-handoff	scenarios/g3-fault-cargo-handoff/snapshots/db-DispatchZoneAreaAssignments.json	377	ffd7aa7365bc86efef17a319718d4204d0b1a59ba4472d7aa02a7a181ceaee9c
3411887d	g3-fault-cargo-handoff	scenarios/g3-fault-cargo-handoff/snapshots/db-DispatchZoneAreaAssignmentVersions.json	235	3f6c15fdcc874b95141e016ed8a82d1e6d40f8e872a87f6edaf944b874d79a62
3411887d	g3-fault-cargo-handoff	scenarios/g3-fault-cargo-handoff/snapshots/db-DispatchZoneParameters.json	0	e3b0c44298fc1c149afbf4c8996fb92427ae41e4649b934ca495991b7852b855
3411887d	g3-fault-cargo-handoff	scenarios/g3-fault-cargo-handoff/snapshots/db-DispatchZoneParameterVersions.json	0	e3b0c44298fc1c149afbf4c8996fb92427ae41e4649b934ca495991b7852b855
3411887d	g3-fault-cargo-handoff	scenarios/g3-fault-cargo-handoff/snapshots/db-ExceptionRecoverySessions.json	786	b11bb20bbf5700eedba848503144e6362e88612b27f098646443fc2fa0fe50f4
3411887d	g3-fault-cargo-handoff	scenarios/g3-fault-cargo-handoff/snapshots/db-FrozenDemandStations.json	1339	cc5eb0401fd340f5862932e41b4e2ec3d10a48afc6eea43fcb0d65f664316fc5
3411887d	g3-fault-cargo-handoff	scenarios/g3-fault-cargo-handoff/snapshots/db-JourneyBacklog.json	1185	fcc6b70529f258c7321146c0d81fb2fc166d5c95be61b7e8ff48676c37763f9b
3411887d	g3-fault-cargo-handoff	scenarios/g3-fault-cargo-handoff/snapshots/db-JourneyDemands.json	1845	de7379ef64063b868039eb80adc6b8b0b7d4024f13fec80128545b9b60a58e5b
3411887d	g3-fault-cargo-handoff	scenarios/g3-fault-cargo-handoff/snapshots/db-JourneyRuntimes.json	5779	060bc37ed36436bcee3caa180ca9cd98f477763e6977f2cca73945e61009d44d
3411887d	g3-fault-cargo-handoff	scenarios/g3-fault-cargo-handoff/snapshots/db-JourneyStops.json	3875	7d0456d33a0acb8d8e1d0e491d3427fd905d6bdafc290b3e5247cf58456d1e8f
3411887d	g3-fault-cargo-handoff	scenarios/g3-fault-cargo-handoff/snapshots/db-MapStationCatalogStates.json	370	d3e7e3acbea2cf956a93f90a722d48a3bff9d7b86f21b146f14a03b816dbe869
3411887d	g3-fault-cargo-handoff	scenarios/g3-fault-cargo-handoff/snapshots/db-OnboardAlarmSnapshots.json	212	27de948a16839f8fe34a01798f687792a3b9f62a45203ef06e6ee978f75045e1
3411887d	g3-fault-cargo-handoff	scenarios/g3-fault-cargo-handoff/snapshots/db-OperationResults.json	666	5d303d55ec6653f06631c244a851766fc57d6be9c788fa316fb56bd2e58ccfc6
3411887d	g3-fault-cargo-handoff	scenarios/g3-fault-cargo-handoff/snapshots/db-OrderIntents.json	3181	ffa44b095787d8e7bb65c65da5da483b2ee4b498888367362c87dce2d32c1ce1
3411887d	g3-fault-cargo-handoff	scenarios/g3-fault-cargo-handoff/snapshots/db-OwnOrderRebuilds.json	0	e3b0c44298fc1c149afbf4c8996fb92427ae41e4649b934ca495991b7852b855
3411887d	g3-fault-cargo-handoff	scenarios/g3-fault-cargo-handoff/snapshots/db-RecoveryWorkflows.json	1201	e79b3a3381873707ff9d6143006c63499993c123c05ea7055846234c6f62f727
3411887d	g3-fault-cargo-handoff	scenarios/g3-fault-cargo-handoff/snapshots/db-RiotDispatchAuditEvents.json	9109	8abb0330f9fa63edaf50c278874b4ccd16aca74781883a3dea74d9441a4d6765
3411887d	g3-fault-cargo-handoff	scenarios/g3-fault-cargo-handoff/snapshots/db-RiotOrderCommandAudit.json	0	e3b0c44298fc1c149afbf4c8996fb92427ae41e4649b934ca495991b7852b855
3411887d	g3-fault-cargo-handoff	scenarios/g3-fault-cargo-handoff/snapshots/db-RouteGraphSnapshots.json	0	e3b0c44298fc1c149afbf4c8996fb92427ae41e4649b934ca495991b7852b855
3411887d	g3-fault-cargo-handoff	scenarios/g3-fault-cargo-handoff/snapshots/db-SessionRecoveries.json	1136	634e91a6de54832677e9fd824f5e86656313260ff365ed66634549d00c5dba28
3411887d	g3-fault-cargo-handoff	scenarios/g3-fault-cargo-handoff/snapshots/db-SlotConfigurationActivations.json	0	e3b0c44298fc1c149afbf4c8996fb92427ae41e4649b934ca495991b7852b855
3411887d	g3-fault-cargo-handoff	scenarios/g3-fault-cargo-handoff/snapshots/db-SlotFaultDeclarations.json	0	e3b0c44298fc1c149afbf4c8996fb92427ae41e4649b934ca495991b7852b855
3411887d	g3-fault-cargo-handoff	scenarios/g3-fault-cargo-handoff/snapshots/db-SlotIoBindings.json	4258	0df2c407bdec18b80e20c73a8ca33aa192e0ed3efecb67a5beff74c87e0dc418
3411887d	g3-fault-cargo-handoff	scenarios/g3-fault-cargo-handoff/snapshots/db-SlotModelVersions.json	321	d098a33e225746447abb21ae86c0bb21b135dabe70ae03f05da9a4acc6474937
3411887d	g3-fault-cargo-handoff	scenarios/g3-fault-cargo-handoff/snapshots/db-StationExclusivities.json	0	e3b0c44298fc1c149afbf4c8996fb92427ae41e4649b934ca495991b7852b855
3411887d	g3-fault-cargo-handoff	scenarios/g3-fault-cargo-handoff/snapshots/db-StationExclusivityRecords.json	471	75695afaadf9519f5f50c8fcdacb9fa48d175749585b520c3d02876013356615
3411887d	g3-fault-cargo-handoff	scenarios/g3-fault-cargo-handoff/snapshots/db-StationOperations.json	477	72299631895d162d53ae8f380f878fde6510ab2d62bb6a2cb7793305236e09ba
3411887d	g3-fault-cargo-handoff	scenarios/g3-fault-cargo-handoff/snapshots/db-StructuralDispatchBlocks.json	0	e3b0c44298fc1c149afbf4c8996fb92427ae41e4649b934ca495991b7852b855
3411887d	g3-fault-cargo-handoff	scenarios/g3-fault-cargo-handoff/snapshots/db-TaskTypeStationActiveBindingSets.json	144	6d47f523c36546eaa9108b6b80d9ec72ef1cab9d9a80e7f9a335daecb91f8eb8
3411887d	g3-fault-cargo-handoff	scenarios/g3-fault-cargo-handoff/snapshots/db-TaskTypeStationBindings.json	173	b412006843f62c50e682598812b9f1746f67a659a3a2ddcff12221d6be0bbc28
3411887d	g3-fault-cargo-handoff	scenarios/g3-fault-cargo-handoff/snapshots/db-TaskTypeStationBindingSetVersions.json	396	4946b353addae48a58d523405fdacdc5d3e90346b525409ec818012933143a96
3411887d	g3-fault-cargo-handoff	scenarios/g3-fault-cargo-handoff/snapshots/db-TaskTypeStationRuleVersions.json	331	60f0e715071f73ad1a02cdac2d75da1ef5a527cc8cf9969d5faf90cdf57fd1f2
3411887d	g3-fault-cargo-handoff	scenarios/g3-fault-cargo-handoff/snapshots/db-VehiclePurposeClaimRecords.json	683	e01e6b481912aa9c500f4c573743131cfd657fed0df263aff9868a68e739b572
3411887d	g3-fault-cargo-handoff	scenarios/g3-fault-cargo-handoff/snapshots/db-VehiclePurposeClaims.json	183	3a690e9ef68e34e921defef22aac8bffa0679bce8beae25f78edd3e468afbcfd
3411887d	g3-fault-cargo-handoff	scenarios/g3-fault-cargo-handoff/snapshots/db-WaitingPoints.json	0	e3b0c44298fc1c149afbf4c8996fb92427ae41e4649b934ca495991b7852b855
3411887d	g3-fault-cargo-handoff	scenarios/g3-fault-cargo-handoff/snapshots/db-WaitingPointVehicleScopes.json	0	e3b0c44298fc1c149afbf4c8996fb92427ae41e4649b934ca495991b7852b855
3411887d	g3-fault-cargo-handoff	scenarios/g3-fault-cargo-handoff/snapshots/db-WaitingPointVersions.json	0	e3b0c44298fc1c149afbf4c8996fb92427ae41e4649b934ca495991b7852b855
3411887d	g3-fault-cargo-handoff	scenarios/g3-fault-cargo-handoff/snapshots/fake-mes-ingest.json	1770	f34aaa0799a5d5a64312bc35fb3ca256aa1ab8b830941915b03fc64ac11fe26a
3411887d	g3-fault-cargo-handoff	scenarios/g3-fault-cargo-handoff/snapshots/fake-riot.json	3385	fe0c1ba6102ab7b9985804b6dce561a1e463f61ce6b10128f503bfc390864dfe
3411887d	g3-fault-cargo-handoff	scenarios/g3-fault-cargo-handoff/snapshots/preseed-area-assignments.csv	128	9906e26d53df2e02e2cb2da976840b5764419d03f3d724097fe4bf7ce36ec8af
3411887d	g3-fault-cargo-handoff	scenarios/g3-fault-cargo-handoff/snapshots/preseed-charging-policy.json	444	c9cff5e4ecf1d832d52d74154c81f43961075a5ca9d96150e9f079ea0afc2bfa
3411887d	g3-fault-cargo-handoff	scenarios/g3-fault-cargo-handoff/snapshots/slots-simulator.json	3029	d0657b27f6d53ca300590c9daa062b60c0e094692d2ed8c59b4cfbafc174effc
3411887d	g3-fault-cargo-handoff	scenarios/g3-fault-cargo-handoff/snapshots/task-type-stations.settings.json	894	d69ededa82fcf5dad3cdcc83b1682ae1f2ca0ce41be15f438c179105d114cc4f
3411887d	g3-journey-demand-to-pickup	scenarios/g3-journey-demand-to-pickup/logs/build-onboard-hmi.log	2690	1c5beac6a68c4fd7c1eef40f9c3550269a922f114bc6d56c3f68aeeebce88bf7
3411887d	g3-journey-demand-to-pickup	scenarios/g3-journey-demand-to-pickup/logs/build-slots-simulator.log	1290	19ed16829a160afbce6050f0483ad71c7be8bd5d3857111ee13dd1e0355fc49a
3411887d	g3-journey-demand-to-pickup	scenarios/g3-journey-demand-to-pickup/logs/build.log	4268	f976449e32b0b6c33e71443c6db2a0b7a3f97f95c7e11af9382d54dface33651
3411887d	g3-journey-demand-to-pickup	scenarios/g3-journey-demand-to-pickup/logs/control-server.err.log	0	e3b0c44298fc1c149afbf4c8996fb92427ae41e4649b934ca495991b7852b855
3411887d	g3-journey-demand-to-pickup	scenarios/g3-journey-demand-to-pickup/logs/control-server.out.log	1508509	58387a119780732b32471db111cf086aec799c1fce11cd0430238506c1885cd3
3411887d	g3-journey-demand-to-pickup	scenarios/g3-journey-demand-to-pickup/logs/fake-mes-ingest.err.log	0	e3b0c44298fc1c149afbf4c8996fb92427ae41e4649b934ca495991b7852b855
3411887d	g3-journey-demand-to-pickup	scenarios/g3-journey-demand-to-pickup/logs/fake-mes-ingest.out.log	58679	87ae2e22b349a99be4425248662829ab37fd65da3a993777f95ca0c16b436e35
3411887d	g3-journey-demand-to-pickup	scenarios/g3-journey-demand-to-pickup/logs/fake-riot.err.log	0	e3b0c44298fc1c149afbf4c8996fb92427ae41e4649b934ca495991b7852b855
3411887d	g3-journey-demand-to-pickup	scenarios/g3-journey-demand-to-pickup/logs/fake-riot.out.log	211383	d4668aa1ed5f0c8bbfd8b65ce276a76788a9827053d17186d6d8e1c4b2b38b76
3411887d	g3-journey-demand-to-pickup	scenarios/g3-journey-demand-to-pickup/logs/onboard-hmi.err.log	0	e3b0c44298fc1c149afbf4c8996fb92427ae41e4649b934ca495991b7852b855
3411887d	g3-journey-demand-to-pickup	scenarios/g3-journey-demand-to-pickup/logs/onboard-hmi.out.log	0	e3b0c44298fc1c149afbf4c8996fb92427ae41e4649b934ca495991b7852b855
3411887d	g3-journey-demand-to-pickup	scenarios/g3-journey-demand-to-pickup/logs/package-capacity-import.err.log	0	e3b0c44298fc1c149afbf4c8996fb92427ae41e4649b934ca495991b7852b855
3411887d	g3-journey-demand-to-pickup	scenarios/g3-journey-demand-to-pickup/logs/package-capacity-import.out.log	162552	0b8415bcada34100b17173c591d4d4925c6b2482989be36f0efe4a8d5c6276c5
3411887d	g3-journey-demand-to-pickup	scenarios/g3-journey-demand-to-pickup/logs/slots-simulator.err.log	0	e3b0c44298fc1c149afbf4c8996fb92427ae41e4649b934ca495991b7852b855
3411887d	g3-journey-demand-to-pickup	scenarios/g3-journey-demand-to-pickup/logs/slots-simulator.out.log	0	e3b0c44298fc1c149afbf4c8996fb92427ae41e4649b934ca495991b7852b855
3411887d	g3-journey-demand-to-pickup	scenarios/g3-journey-demand-to-pickup/logs/onboard-app/agv-20261010.log	5682	eebc834bc2f394c0cda55b3c2b246e61aca1c288e5c5a0965d740e1c0a267ca9
3411887d	g3-journey-demand-to-pickup	scenarios/g3-journey-demand-to-pickup/snapshots/db-AcceptedDemands.json	846	0a3276009bb1d4ab6abe68db4a418a96eb20c1bee82bb55ac4c85f9efca5539f
3411887d	g3-journey-demand-to-pickup	scenarios/g3-journey-demand-to-pickup/snapshots/db-ActiveSlotConfigurations.json	0	e3b0c44298fc1c149afbf4c8996fb92427ae41e4649b934ca495991b7852b855
3411887d	g3-journey-demand-to-pickup	scenarios/g3-journey-demand-to-pickup/snapshots/db-BusinessAuditRecords.json	6502	4c3a6a5241c5089568d31c194375e81d846b5c4c0882fae0f86deceb85c150cb
3411887d	g3-journey-demand-to-pickup	scenarios/g3-journey-demand-to-pickup/snapshots/db-ChargerRosterEntries.json	0	e3b0c44298fc1c149afbf4c8996fb92427ae41e4649b934ca495991b7852b855
3411887d	g3-journey-demand-to-pickup	scenarios/g3-journey-demand-to-pickup/snapshots/db-ChargerRosterVersions.json	0	e3b0c44298fc1c149afbf4c8996fb92427ae41e4649b934ca495991b7852b855
3411887d	g3-journey-demand-to-pickup	scenarios/g3-journey-demand-to-pickup/snapshots/db-ChargingPolicyActivations.json	189	9fe886f3e0a906e7bd40620c31f42d458de5c26336a43b7fb4c513f1e34b1929
3411887d	g3-journey-demand-to-pickup	scenarios/g3-journey-demand-to-pickup/snapshots/db-ChargingPolicyApprovals.json	282	8bd3c30eeffc49d0c432a2968c2c9dd65cd8562b16ba9ed434bcfc5e4fb3c580
3411887d	g3-journey-demand-to-pickup	scenarios/g3-journey-demand-to-pickup/snapshots/db-ChargingPolicyVehicleScopes.json	0	e3b0c44298fc1c149afbf4c8996fb92427ae41e4649b934ca495991b7852b855
3411887d	g3-journey-demand-to-pickup	scenarios/g3-journey-demand-to-pickup/snapshots/db-ChargingPolicyVersions.json	631	ee801b3a7cf2d5d729f523faa205eae6d19bf32b852143de6206719a2224473c
3411887d	g3-journey-demand-to-pickup	scenarios/g3-journey-demand-to-pickup/snapshots/db-CreateGateAudit.json	444	aa2b4821cdddd8348b876e89677e6b3b3ebf83c30b4deec64ced441e18136d80
3411887d	g3-journey-demand-to-pickup	scenarios/g3-journey-demand-to-pickup/snapshots/db-DispatchZoneAreaAssignments.json	377	ffd7aa7365bc86efef17a319718d4204d0b1a59ba4472d7aa02a7a181ceaee9c
3411887d	g3-journey-demand-to-pickup	scenarios/g3-journey-demand-to-pickup/snapshots/db-DispatchZoneAreaAssignmentVersions.json	235	78d2cf183a491d20d8f269f4e1d25a207b1066b7082e33eb0b80a1639e733a77
3411887d	g3-journey-demand-to-pickup	scenarios/g3-journey-demand-to-pickup/snapshots/db-DispatchZoneParameters.json	0	e3b0c44298fc1c149afbf4c8996fb92427ae41e4649b934ca495991b7852b855
3411887d	g3-journey-demand-to-pickup	scenarios/g3-journey-demand-to-pickup/snapshots/db-DispatchZoneParameterVersions.json	0	e3b0c44298fc1c149afbf4c8996fb92427ae41e4649b934ca495991b7852b855
3411887d	g3-journey-demand-to-pickup	scenarios/g3-journey-demand-to-pickup/snapshots/db-ExceptionRecoverySessions.json	0	e3b0c44298fc1c149afbf4c8996fb92427ae41e4649b934ca495991b7852b855
3411887d	g3-journey-demand-to-pickup	scenarios/g3-journey-demand-to-pickup/snapshots/db-FrozenDemandStations.json	664	5212bd6d6d2d91b7bfff4df32d42012a46b4f324b42d05ae8c11269607724123
3411887d	g3-journey-demand-to-pickup	scenarios/g3-journey-demand-to-pickup/snapshots/db-JourneyBacklog.json	568	e3eb4b4a4772f79d6585f34ef7306368d1adbef9ce7a3394379d4fec0d9de8a2
3411887d	g3-journey-demand-to-pickup	scenarios/g3-journey-demand-to-pickup/snapshots/db-JourneyDemands.json	879	2441bf74f5800e6d45cadf7680738afd0416cf54294cfbf6e265b954fecfdafa
3411887d	g3-journey-demand-to-pickup	scenarios/g3-journey-demand-to-pickup/snapshots/db-JourneyRuntimes.json	2790	d2eef4d00ab94b33e1ff4d853c0bebf064884ef4f68723dbbfb29046b355c262
3411887d	g3-journey-demand-to-pickup	scenarios/g3-journey-demand-to-pickup/snapshots/db-JourneyStops.json	1939	762c0d1084f6ca948dcd62f78b34bab41f9202b2d3e158ce6dbc87171c14a9ec
3411887d	g3-journey-demand-to-pickup	scenarios/g3-journey-demand-to-pickup/snapshots/db-MapStationCatalogStates.json	370	c0dc73987bc2f5b76d6ab28505dbb2affdb23b3d5388c962df2879bf947d921f
3411887d	g3-journey-demand-to-pickup	scenarios/g3-journey-demand-to-pickup/snapshots/db-OnboardAlarmSnapshots.json	213	6aac6c772c8f3a263ebccaa9b8a0023f92715e5adad4bdd04e5a9429423cf5f2
3411887d	g3-journey-demand-to-pickup	scenarios/g3-journey-demand-to-pickup/snapshots/db-OperationResults.json	0	e3b0c44298fc1c149afbf4c8996fb92427ae41e4649b934ca495991b7852b855
3411887d	g3-journey-demand-to-pickup	scenarios/g3-journey-demand-to-pickup/snapshots/db-OrderIntents.json	1530	b356b1b38f4e6bc0c09a61fa8982b51922ae4109939d2c4999c05103d5d53394
3411887d	g3-journey-demand-to-pickup	scenarios/g3-journey-demand-to-pickup/snapshots/db-OwnOrderRebuilds.json	0	e3b0c44298fc1c149afbf4c8996fb92427ae41e4649b934ca495991b7852b855
3411887d	g3-journey-demand-to-pickup	scenarios/g3-journey-demand-to-pickup/snapshots/db-RecoveryWorkflows.json	0	e3b0c44298fc1c149afbf4c8996fb92427ae41e4649b934ca495991b7852b855
3411887d	g3-journey-demand-to-pickup	scenarios/g3-journey-demand-to-pickup/snapshots/db-RiotDispatchAuditEvents.json	4557	357e06a2c7bb1e8a5aed5afe32721aecd4de6d569050c8a7a577a6c2e85e70cb
3411887d	g3-journey-demand-to-pickup	scenarios/g3-journey-demand-to-pickup/snapshots/db-RiotOrderCommandAudit.json	0	e3b0c44298fc1c149afbf4c8996fb92427ae41e4649b934ca495991b7852b855
3411887d	g3-journey-demand-to-pickup	scenarios/g3-journey-demand-to-pickup/snapshots/db-RouteGraphSnapshots.json	0	e3b0c44298fc1c149afbf4c8996fb92427ae41e4649b934ca495991b7852b855
3411887d	g3-journey-demand-to-pickup	scenarios/g3-journey-demand-to-pickup/snapshots/db-SessionRecoveries.json	1122	6161573ba473e2be034a2bda5ed699b0643da7f7bfe4d5402c29784a158dde7e
3411887d	g3-journey-demand-to-pickup	scenarios/g3-journey-demand-to-pickup/snapshots/db-SlotConfigurationActivations.json	0	e3b0c44298fc1c149afbf4c8996fb92427ae41e4649b934ca495991b7852b855
3411887d	g3-journey-demand-to-pickup	scenarios/g3-journey-demand-to-pickup/snapshots/db-SlotFaultDeclarations.json	0	e3b0c44298fc1c149afbf4c8996fb92427ae41e4649b934ca495991b7852b855
3411887d	g3-journey-demand-to-pickup	scenarios/g3-journey-demand-to-pickup/snapshots/db-SlotIoBindings.json	4258	ef42dcc5ef094424f2d1865ceb9b03934659c775ad85e014792e5532f8b0307f
3411887d	g3-journey-demand-to-pickup	scenarios/g3-journey-demand-to-pickup/snapshots/db-SlotModelVersions.json	321	ad6d55f460367abb658ec28bda43f352821d50e438787cfa0cad7aec3b82a204
3411887d	g3-journey-demand-to-pickup	scenarios/g3-journey-demand-to-pickup/snapshots/db-StationExclusivities.json	377	f598b805b66c6e4c9a657669b4d22f8ec32ee0bc66c177183c2f7795af8a90c9
3411887d	g3-journey-demand-to-pickup	scenarios/g3-journey-demand-to-pickup/snapshots/db-StationExclusivityRecords.json	425	3ee8081fe0612bfb066fccd7b1cb96b1a8a0b690bbf99be71faab655b0d0b33a
3411887d	g3-journey-demand-to-pickup	scenarios/g3-journey-demand-to-pickup/snapshots/db-StationOperations.json	0	e3b0c44298fc1c149afbf4c8996fb92427ae41e4649b934ca495991b7852b855
3411887d	g3-journey-demand-to-pickup	scenarios/g3-journey-demand-to-pickup/snapshots/db-StructuralDispatchBlocks.json	0	e3b0c44298fc1c149afbf4c8996fb92427ae41e4649b934ca495991b7852b855
3411887d	g3-journey-demand-to-pickup	scenarios/g3-journey-demand-to-pickup/snapshots/db-TaskTypeStationActiveBindingSets.json	144	75a3d91eca4e38fc90e23bc905f512c6acde46203c735354cd21ee6497649bd5
3411887d	g3-journey-demand-to-pickup	scenarios/g3-journey-demand-to-pickup/snapshots/db-TaskTypeStationBindings.json	173	b412006843f62c50e682598812b9f1746f67a659a3a2ddcff12221d6be0bbc28
3411887d	g3-journey-demand-to-pickup	scenarios/g3-journey-demand-to-pickup/snapshots/db-TaskTypeStationBindingSetVersions.json	396	94e24328384a45c6f66e1b4dc42b9a2ed6038f9bd86bc6ecf76d95e4270f05ad
3411887d	g3-journey-demand-to-pickup	scenarios/g3-journey-demand-to-pickup/snapshots/db-TaskTypeStationRuleVersions.json	331	730f8eefc38e1a56c559f1c5d1ff513f421b27648e11114e728cd9e7a4ac0590
3411887d	g3-journey-demand-to-pickup	scenarios/g3-journey-demand-to-pickup/snapshots/db-VehiclePurposeClaimRecords.json	288	175918fc2a24bb8eb9c3c0e864715b3c76f012b030b8559430fe65e717e91ab2
3411887d	g3-journey-demand-to-pickup	scenarios/g3-journey-demand-to-pickup/snapshots/db-VehiclePurposeClaims.json	183	32122145d54a6851f46076293b8aaa537d1627f1a754b8221437e2d00d285f75
3411887d	g3-journey-demand-to-pickup	scenarios/g3-journey-demand-to-pickup/snapshots/db-WaitingPoints.json	0	e3b0c44298fc1c149afbf4c8996fb92427ae41e4649b934ca495991b7852b855
3411887d	g3-journey-demand-to-pickup	scenarios/g3-journey-demand-to-pickup/snapshots/db-WaitingPointVehicleScopes.json	0	e3b0c44298fc1c149afbf4c8996fb92427ae41e4649b934ca495991b7852b855
3411887d	g3-journey-demand-to-pickup	scenarios/g3-journey-demand-to-pickup/snapshots/db-WaitingPointVersions.json	0	e3b0c44298fc1c149afbf4c8996fb92427ae41e4649b934ca495991b7852b855
3411887d	g3-journey-demand-to-pickup	scenarios/g3-journey-demand-to-pickup/snapshots/fake-mes-ingest.json	1039	4816286ed3d302354196f9a9732b2312d5abcae5dcfe0a66939537c2932ff65d
3411887d	g3-journey-demand-to-pickup	scenarios/g3-journey-demand-to-pickup/snapshots/fake-riot.json	2948	4f440aabeaf37ec4a14892faa42cf0b8661ef5a587bad24a6bfd48092e5fb10a
3411887d	g3-journey-demand-to-pickup	scenarios/g3-journey-demand-to-pickup/snapshots/preseed-area-assignments.csv	128	9906e26d53df2e02e2cb2da976840b5764419d03f3d724097fe4bf7ce36ec8af
3411887d	g3-journey-demand-to-pickup	scenarios/g3-journey-demand-to-pickup/snapshots/preseed-charging-policy.json	444	c9cff5e4ecf1d832d52d74154c81f43961075a5ca9d96150e9f079ea0afc2bfa
3411887d	g3-journey-demand-to-pickup	scenarios/g3-journey-demand-to-pickup/snapshots/slots-simulator.json	3029	6c5ba3fbc88fb8431fe233139bc7fb6a3c3e9e99ed3c75f2833710cae4e418a2
3411887d	g3-journey-demand-to-pickup	scenarios/g3-journey-demand-to-pickup/snapshots/task-type-stations.settings.json	894	d69ededa82fcf5dad3cdcc83b1682ae1f2ca0ce41be15f438c179105d114cc4f
3411887d	g3-load-cancellation	scenarios/g3-load-cancellation/logs/build.log	2464	49b559454c32901c0ef7ad2fd439e2b362005e38904994f1c6744de6cd7e459e
3411887d	g3-load-cancellation	scenarios/g3-load-cancellation/logs/control-server.err.log	0	e3b0c44298fc1c149afbf4c8996fb92427ae41e4649b934ca495991b7852b855
3411887d	g3-load-cancellation	scenarios/g3-load-cancellation/logs/control-server.out.log	4461728	abf7e40292ecfc491a80e3c2d76e1a254262ae60bf11061d2e67dd78fac5c485
3411887d	g3-load-cancellation	scenarios/g3-load-cancellation/logs/fake-mes-ingest.err.log	0	e3b0c44298fc1c149afbf4c8996fb92427ae41e4649b934ca495991b7852b855
3411887d	g3-load-cancellation	scenarios/g3-load-cancellation/logs/fake-mes-ingest.out.log	175347	d1c4cbb4e70c69f876b1e7e959b4b7f3626551c9b63ff77f9a4bcf9394c44642
3411887d	g3-load-cancellation	scenarios/g3-load-cancellation/logs/fake-riot.err.log	0	e3b0c44298fc1c149afbf4c8996fb92427ae41e4649b934ca495991b7852b855
3411887d	g3-load-cancellation	scenarios/g3-load-cancellation/logs/fake-riot.out.log	622175	d8f523f2def8d4d1b4140be5901c9b1645a022d3daa9bf55178770a2e1d5296e
3411887d	g3-load-cancellation	scenarios/g3-load-cancellation/logs/onboard-hmi.err.log	0	e3b0c44298fc1c149afbf4c8996fb92427ae41e4649b934ca495991b7852b855
3411887d	g3-load-cancellation	scenarios/g3-load-cancellation/logs/onboard-hmi.out.log	0	e3b0c44298fc1c149afbf4c8996fb92427ae41e4649b934ca495991b7852b855
3411887d	g3-load-cancellation	scenarios/g3-load-cancellation/logs/package-capacity-import.err.log	0	e3b0c44298fc1c149afbf4c8996fb92427ae41e4649b934ca495991b7852b855
3411887d	g3-load-cancellation	scenarios/g3-load-cancellation/logs/package-capacity-import.out.log	162552	6eb39502e5226999413d4d93ef5a97eecae6b094ea0fb2d68b65468b2b15a587
3411887d	g3-load-cancellation	scenarios/g3-load-cancellation/logs/slots-simulator.err.log	0	e3b0c44298fc1c149afbf4c8996fb92427ae41e4649b934ca495991b7852b855
3411887d	g3-load-cancellation	scenarios/g3-load-cancellation/logs/slots-simulator.out.log	0	e3b0c44298fc1c149afbf4c8996fb92427ae41e4649b934ca495991b7852b855
3411887d	g3-load-cancellation	scenarios/g3-load-cancellation/logs/onboard-app/agv-20261010.log	10218	2798d311e286c3e7274c71d6477d832a218ea0e99482b89b1ca09804d12b5f67
3411887d	g3-load-cancellation	scenarios/g3-load-cancellation/snapshots/db-AcceptedDemands.json	1788	676e96b0ec53c0660984bf3cd3b38873814799a98ededf6962f78dd0c16b9d39
3411887d	g3-load-cancellation	scenarios/g3-load-cancellation/snapshots/db-ActiveSlotConfigurations.json	0	e3b0c44298fc1c149afbf4c8996fb92427ae41e4649b934ca495991b7852b855
3411887d	g3-load-cancellation	scenarios/g3-load-cancellation/snapshots/db-BusinessAuditRecords.json	6502	0cf4bde84ff92e4887bf71cc452a58c91c09362a4169105cd9c77de489a07ea8
3411887d	g3-load-cancellation	scenarios/g3-load-cancellation/snapshots/db-ChargerRosterEntries.json	0	e3b0c44298fc1c149afbf4c8996fb92427ae41e4649b934ca495991b7852b855
3411887d	g3-load-cancellation	scenarios/g3-load-cancellation/snapshots/db-ChargerRosterVersions.json	0	e3b0c44298fc1c149afbf4c8996fb92427ae41e4649b934ca495991b7852b855
3411887d	g3-load-cancellation	scenarios/g3-load-cancellation/snapshots/db-ChargingPolicyActivations.json	189	939ab3890a71de8c4a1e49188f29842b940bcffad414031594841954621526da
3411887d	g3-load-cancellation	scenarios/g3-load-cancellation/snapshots/db-ChargingPolicyApprovals.json	281	155c4ef8a04315015d1fef3bfd98c8f1476c310dceb044422e811e0d7c62f0ba
3411887d	g3-load-cancellation	scenarios/g3-load-cancellation/snapshots/db-ChargingPolicyVehicleScopes.json	0	e3b0c44298fc1c149afbf4c8996fb92427ae41e4649b934ca495991b7852b855
3411887d	g3-load-cancellation	scenarios/g3-load-cancellation/snapshots/db-ChargingPolicyVersions.json	632	248a7100100024fff6659ead8beaf7a26fe9638374c8574e4f4e8a38aa190c10
3411887d	g3-load-cancellation	scenarios/g3-load-cancellation/snapshots/db-CreateGateAudit.json	960	377f5c944a8e985bad1d1bf5e7d5b2e537b2c2dfac573a9e8941e09e53dbb481
3411887d	g3-load-cancellation	scenarios/g3-load-cancellation/snapshots/db-DispatchZoneAreaAssignments.json	377	ffd7aa7365bc86efef17a319718d4204d0b1a59ba4472d7aa02a7a181ceaee9c
3411887d	g3-load-cancellation	scenarios/g3-load-cancellation/snapshots/db-DispatchZoneAreaAssignmentVersions.json	235	4633928f95929c7e1496f3e4bf7d9876e47491261526963c5031ae985e5ccc74
3411887d	g3-load-cancellation	scenarios/g3-load-cancellation/snapshots/db-DispatchZoneParameters.json	0	e3b0c44298fc1c149afbf4c8996fb92427ae41e4649b934ca495991b7852b855
3411887d	g3-load-cancellation	scenarios/g3-load-cancellation/snapshots/db-DispatchZoneParameterVersions.json	0	e3b0c44298fc1c149afbf4c8996fb92427ae41e4649b934ca495991b7852b855
3411887d	g3-load-cancellation	scenarios/g3-load-cancellation/snapshots/db-ExceptionRecoverySessions.json	0	e3b0c44298fc1c149afbf4c8996fb92427ae41e4649b934ca495991b7852b855
3411887d	g3-load-cancellation	scenarios/g3-load-cancellation/snapshots/db-FrozenDemandStations.json	1339	08c4382f30db554f873b320bdd8364180bdd82e0c72a72083b438ec6e6e71488
3411887d	g3-load-cancellation	scenarios/g3-load-cancellation/snapshots/db-JourneyBacklog.json	1185	237aa42506d15b6ea13a997b0cfa670c75823039e0d8aaa11e8e9eca51f5c9b1
3411887d	g3-load-cancellation	scenarios/g3-load-cancellation/snapshots/db-JourneyDemands.json	1847	fc4d8668dc0a642de8f28e802289e95b7cf674840f6ca3c7e40b19b7d0ea533e
3411887d	g3-load-cancellation	scenarios/g3-load-cancellation/snapshots/db-JourneyRuntimes.json	5769	e4af8bd15f69618f3afa863bb12aed4e996842f7b973154f1b8766f9355a873a
3411887d	g3-load-cancellation	scenarios/g3-load-cancellation/snapshots/db-JourneyStops.json	3875	8c87be6f26fe3ade96ecd270624298da512cedf17a14645a8cb7f6bdc3e93c90
3411887d	g3-load-cancellation	scenarios/g3-load-cancellation/snapshots/db-MapStationCatalogStates.json	370	a7907346b3e3da8ba63fd396f84e6bd2ae0ed00436b82b36620999b471666b9f
3411887d	g3-load-cancellation	scenarios/g3-load-cancellation/snapshots/db-OnboardAlarmSnapshots.json	687	1ca37a023ab7f104c42fbe61aeaa616b67c6d281fa5c2131dbcf650321e1bbca
3411887d	g3-load-cancellation	scenarios/g3-load-cancellation/snapshots/db-OperationResults.json	0	e3b0c44298fc1c149afbf4c8996fb92427ae41e4649b934ca495991b7852b855
3411887d	g3-load-cancellation	scenarios/g3-load-cancellation/snapshots/db-OrderIntents.json	3183	5b49d6c06ca54db1dd55067ffe861c147529d78ac512518f5eeaf7f76c163c95
3411887d	g3-load-cancellation	scenarios/g3-load-cancellation/snapshots/db-OwnOrderRebuilds.json	0	e3b0c44298fc1c149afbf4c8996fb92427ae41e4649b934ca495991b7852b855
3411887d	g3-load-cancellation	scenarios/g3-load-cancellation/snapshots/db-RecoveryWorkflows.json	1013	0de38528995bce32267e70dc891ebc317fba68790f09be815cd11173959e935a
3411887d	g3-load-cancellation	scenarios/g3-load-cancellation/snapshots/db-RiotDispatchAuditEvents.json	9113	11f6020defddd0b2dd64cc1ba979b48e0a73c0ceb7e68cc3c99dc26c4e110d25
3411887d	g3-load-cancellation	scenarios/g3-load-cancellation/snapshots/db-RiotOrderCommandAudit.json	0	e3b0c44298fc1c149afbf4c8996fb92427ae41e4649b934ca495991b7852b855
3411887d	g3-load-cancellation	scenarios/g3-load-cancellation/snapshots/db-RouteGraphSnapshots.json	0	e3b0c44298fc1c149afbf4c8996fb92427ae41e4649b934ca495991b7852b855
3411887d	g3-load-cancellation	scenarios/g3-load-cancellation/snapshots/db-SessionRecoveries.json	1175	534b0002b470c4a78717cc7f43917b499b152b9f9b6aa082070807909bf764d9
3411887d	g3-load-cancellation	scenarios/g3-load-cancellation/snapshots/db-SlotConfigurationActivations.json	0	e3b0c44298fc1c149afbf4c8996fb92427ae41e4649b934ca495991b7852b855
3411887d	g3-load-cancellation	scenarios/g3-load-cancellation/snapshots/db-SlotFaultDeclarations.json	0	e3b0c44298fc1c149afbf4c8996fb92427ae41e4649b934ca495991b7852b855
3411887d	g3-load-cancellation	scenarios/g3-load-cancellation/snapshots/db-SlotIoBindings.json	4258	0b9b304b79aa66e92915888cf84f6864f1bf9df7c7090bda85439e5678ba29ea
3411887d	g3-load-cancellation	scenarios/g3-load-cancellation/snapshots/db-SlotModelVersions.json	321	4eb3d5c1093868bc2e7edb51b2d0be94f3ffa4fb94c69802d4d83deef84ca26e
3411887d	g3-load-cancellation	scenarios/g3-load-cancellation/snapshots/db-StationExclusivities.json	0	e3b0c44298fc1c149afbf4c8996fb92427ae41e4649b934ca495991b7852b855
3411887d	g3-load-cancellation	scenarios/g3-load-cancellation/snapshots/db-StationExclusivityRecords.json	471	0dde2030221a7e007c6a6a612feed8e5e4eccd2f97a52893d916ac01c44839ec
3411887d	g3-load-cancellation	scenarios/g3-load-cancellation/snapshots/db-StationOperations.json	478	50d1f722a02ad0e16f59e6996bebac8e04ddcbfb70532eefb8c088d480ea0b3b
3411887d	g3-load-cancellation	scenarios/g3-load-cancellation/snapshots/db-StructuralDispatchBlocks.json	0	e3b0c44298fc1c149afbf4c8996fb92427ae41e4649b934ca495991b7852b855
3411887d	g3-load-cancellation	scenarios/g3-load-cancellation/snapshots/db-TaskTypeStationActiveBindingSets.json	144	184eb513d37ec94887f1a9a180a2302d9a58e2d035788a5d8fec8d9021203861
3411887d	g3-load-cancellation	scenarios/g3-load-cancellation/snapshots/db-TaskTypeStationBindings.json	173	b412006843f62c50e682598812b9f1746f67a659a3a2ddcff12221d6be0bbc28
3411887d	g3-load-cancellation	scenarios/g3-load-cancellation/snapshots/db-TaskTypeStationBindingSetVersions.json	396	ac2a976a01f78ad233ca23012d625f88e0b2db8baf7113f75770dd5cf01b1e2c
3411887d	g3-load-cancellation	scenarios/g3-load-cancellation/snapshots/db-TaskTypeStationRuleVersions.json	331	d04f1558ca8982ba630394a78f691f2fe1d115ca63d8469226242518a7e80af6
3411887d	g3-load-cancellation	scenarios/g3-load-cancellation/snapshots/db-VehiclePurposeClaimRecords.json	671	8963ce65966de5d11fdee475398af2fd5c8c8da8d151d8fa69e8f2ec2540afc9
3411887d	g3-load-cancellation	scenarios/g3-load-cancellation/snapshots/db-VehiclePurposeClaims.json	183	ccd6f6b972905071350e55ec0ae49414ed2cfeabd9363763fac9022e9c32d9e6
3411887d	g3-load-cancellation	scenarios/g3-load-cancellation/snapshots/db-WaitingPoints.json	0	e3b0c44298fc1c149afbf4c8996fb92427ae41e4649b934ca495991b7852b855
3411887d	g3-load-cancellation	scenarios/g3-load-cancellation/snapshots/db-WaitingPointVehicleScopes.json	0	e3b0c44298fc1c149afbf4c8996fb92427ae41e4649b934ca495991b7852b855
3411887d	g3-load-cancellation	scenarios/g3-load-cancellation/snapshots/db-WaitingPointVersions.json	0	e3b0c44298fc1c149afbf4c8996fb92427ae41e4649b934ca495991b7852b855
3411887d	g3-load-cancellation	scenarios/g3-load-cancellation/snapshots/fake-mes-ingest.json	1770	8a63911ee9989f05488bc8d5c617ff60ec8ac8662a0dfe293ef292a8b2049242
3411887d	g3-load-cancellation	scenarios/g3-load-cancellation/snapshots/fake-riot.json	3387	4575d9120c220b0414f759b338ce1e1afceba0d7f38feba690df4c4bdd0d51d0
3411887d	g3-load-cancellation	scenarios/g3-load-cancellation/snapshots/preseed-area-assignments.csv	128	9906e26d53df2e02e2cb2da976840b5764419d03f3d724097fe4bf7ce36ec8af
3411887d	g3-load-cancellation	scenarios/g3-load-cancellation/snapshots/preseed-charging-policy.json	444	c9cff5e4ecf1d832d52d74154c81f43961075a5ca9d96150e9f079ea0afc2bfa
3411887d	g3-load-cancellation	scenarios/g3-load-cancellation/snapshots/slots-simulator.json	3029	7e86e3b340712ad4a984ecf6cedbb1c02f149add524784a6d2eafe5e449a94a9
3411887d	g3-load-cancellation	scenarios/g3-load-cancellation/snapshots/task-type-stations.settings.json	894	d69ededa82fcf5dad3cdcc83b1682ae1f2ca0ce41be15f438c179105d114cc4f
3411887d	g3-load-cancellation-before-load	scenarios/g3-load-cancellation-before-load/logs/build.log	2464	94751c46b216039358e3737f3de8c3e1f7becae9cce7750c77da3e49a73fcc96
3411887d	g3-load-cancellation-before-load	scenarios/g3-load-cancellation-before-load/logs/control-server.err.log	0	e3b0c44298fc1c149afbf4c8996fb92427ae41e4649b934ca495991b7852b855
3411887d	g3-load-cancellation-before-load	scenarios/g3-load-cancellation-before-load/logs/control-server.out.log	1847059	b1109e9538a60ff9fb31b0f79e925129b7baa45cfa7a060a84b04151f73270e1
3411887d	g3-load-cancellation-before-load	scenarios/g3-load-cancellation-before-load/logs/fake-mes-ingest.err.log	0	e3b0c44298fc1c149afbf4c8996fb92427ae41e4649b934ca495991b7852b855
3411887d	g3-load-cancellation-before-load	scenarios/g3-load-cancellation-before-load/logs/fake-mes-ingest.out.log	76931	032f603c14fefeb308506cb56fca13ababba6db4a0c3f4606d383ce09c01d084
3411887d	g3-load-cancellation-before-load	scenarios/g3-load-cancellation-before-load/logs/fake-riot.err.log	0	e3b0c44298fc1c149afbf4c8996fb92427ae41e4649b934ca495991b7852b855
3411887d	g3-load-cancellation-before-load	scenarios/g3-load-cancellation-before-load/logs/fake-riot.out.log	274596	51d0e8fa67c90d55cf8e15c88d32bfbd6943c23a8ea38baecf5d02107587f894
3411887d	g3-load-cancellation-before-load	scenarios/g3-load-cancellation-before-load/logs/onboard-hmi.err.log	0	e3b0c44298fc1c149afbf4c8996fb92427ae41e4649b934ca495991b7852b855
3411887d	g3-load-cancellation-before-load	scenarios/g3-load-cancellation-before-load/logs/onboard-hmi.out.log	0	e3b0c44298fc1c149afbf4c8996fb92427ae41e4649b934ca495991b7852b855
3411887d	g3-load-cancellation-before-load	scenarios/g3-load-cancellation-before-load/logs/package-capacity-import.err.log	0	e3b0c44298fc1c149afbf4c8996fb92427ae41e4649b934ca495991b7852b855
3411887d	g3-load-cancellation-before-load	scenarios/g3-load-cancellation-before-load/logs/package-capacity-import.out.log	162552	bf622a200421ee24f83a42be7220e867cd7e9f3474ccf19b4457d62547d6319e
3411887d	g3-load-cancellation-before-load	scenarios/g3-load-cancellation-before-load/logs/slots-simulator.err.log	0	e3b0c44298fc1c149afbf4c8996fb92427ae41e4649b934ca495991b7852b855
3411887d	g3-load-cancellation-before-load	scenarios/g3-load-cancellation-before-load/logs/slots-simulator.out.log	0	e3b0c44298fc1c149afbf4c8996fb92427ae41e4649b934ca495991b7852b855
3411887d	g3-load-cancellation-before-load	scenarios/g3-load-cancellation-before-load/logs/onboard-app/agv-20261010.log	3758	fd3b040506dd5857c72bfdcc04002485c6fac4229239f70db4e0ffddcd982bc3
3411887d	g3-load-cancellation-before-load	scenarios/g3-load-cancellation-before-load/snapshots/db-AcceptedDemands.json	849	2eb93d310f7d92039d15c9bfde02afc3d214eef44d177265affe9fb16f77f977
3411887d	g3-load-cancellation-before-load	scenarios/g3-load-cancellation-before-load/snapshots/db-ActiveSlotConfigurations.json	0	e3b0c44298fc1c149afbf4c8996fb92427ae41e4649b934ca495991b7852b855
3411887d	g3-load-cancellation-before-load	scenarios/g3-load-cancellation-before-load/snapshots/db-BusinessAuditRecords.json	6502	2161149dcd68a9d127498f913d5440917760023636690f704a5e94b6561c7357
3411887d	g3-load-cancellation-before-load	scenarios/g3-load-cancellation-before-load/snapshots/db-ChargerRosterEntries.json	0	e3b0c44298fc1c149afbf4c8996fb92427ae41e4649b934ca495991b7852b855
3411887d	g3-load-cancellation-before-load	scenarios/g3-load-cancellation-before-load/snapshots/db-ChargerRosterVersions.json	0	e3b0c44298fc1c149afbf4c8996fb92427ae41e4649b934ca495991b7852b855
3411887d	g3-load-cancellation-before-load	scenarios/g3-load-cancellation-before-load/snapshots/db-ChargingPolicyActivations.json	189	176ef8b18aaa319c798287a8542fae735742aa593be40298a80d5bd4b29f64b1
3411887d	g3-load-cancellation-before-load	scenarios/g3-load-cancellation-before-load/snapshots/db-ChargingPolicyApprovals.json	281	f7fe5fbb76f126b957385b99e5db2bcfe921663f59877c7fc5a6741d3279eaf0
3411887d	g3-load-cancellation-before-load	scenarios/g3-load-cancellation-before-load/snapshots/db-ChargingPolicyVehicleScopes.json	0	e3b0c44298fc1c149afbf4c8996fb92427ae41e4649b934ca495991b7852b855
3411887d	g3-load-cancellation-before-load	scenarios/g3-load-cancellation-before-load/snapshots/db-ChargingPolicyVersions.json	632	c3e60620ce4c9d0517a7104e8910d7ad8daa3bc52adba74c0cdfc144fcfc5656
3411887d	g3-load-cancellation-before-load	scenarios/g3-load-cancellation-before-load/snapshots/db-CreateGateAudit.json	445	317ea8b1e6b8413a5b482057756f308259e9ba0a5727357e5ed4c1e07923b257
3411887d	g3-load-cancellation-before-load	scenarios/g3-load-cancellation-before-load/snapshots/db-DispatchZoneAreaAssignments.json	377	ffd7aa7365bc86efef17a319718d4204d0b1a59ba4472d7aa02a7a181ceaee9c
3411887d	g3-load-cancellation-before-load	scenarios/g3-load-cancellation-before-load/snapshots/db-DispatchZoneAreaAssignmentVersions.json	235	206d0eb256b7d4d200b1a519c4442e902f263e9f84279024f285f9d20e918cc2
3411887d	g3-load-cancellation-before-load	scenarios/g3-load-cancellation-before-load/snapshots/db-DispatchZoneParameters.json	0	e3b0c44298fc1c149afbf4c8996fb92427ae41e4649b934ca495991b7852b855
3411887d	g3-load-cancellation-before-load	scenarios/g3-load-cancellation-before-load/snapshots/db-DispatchZoneParameterVersions.json	0	e3b0c44298fc1c149afbf4c8996fb92427ae41e4649b934ca495991b7852b855
3411887d	g3-load-cancellation-before-load	scenarios/g3-load-cancellation-before-load/snapshots/db-ExceptionRecoverySessions.json	0	e3b0c44298fc1c149afbf4c8996fb92427ae41e4649b934ca495991b7852b855
3411887d	g3-load-cancellation-before-load	scenarios/g3-load-cancellation-before-load/snapshots/db-FrozenDemandStations.json	666	487c235bb1580b189289b154a16e76ee65df8720835d1e33e14d4bad46d3a612
3411887d	g3-load-cancellation-before-load	scenarios/g3-load-cancellation-before-load/snapshots/db-JourneyBacklog.json	569	c159fd873b0be19d20b288d71f9e0ddaf33c0c01030d4ea1b4db2761938b2d1a
3411887d	g3-load-cancellation-before-load	scenarios/g3-load-cancellation-before-load/snapshots/db-JourneyDemands.json	877	c120b7c42909cdb761d1044e784ed8cd81d3c74086430122be3c4f6811570758
3411887d	g3-load-cancellation-before-load	scenarios/g3-load-cancellation-before-load/snapshots/db-JourneyRuntimes.json	2773	31cef31bf157dde18376234a7f556f146156ce2767c078044464570d3f0e0dc7
3411887d	g3-load-cancellation-before-load	scenarios/g3-load-cancellation-before-load/snapshots/db-JourneyStops.json	1939	f092ddbabb40f2646aa1f4317425a09e754b950213df2bfd2d741dbb8f548236
3411887d	g3-load-cancellation-before-load	scenarios/g3-load-cancellation-before-load/snapshots/db-MapStationCatalogStates.json	370	926b4dd45e2f7fd4f926a8f838ca171fe4ac82ceef6c2ca98ff6e75f1b5e0bdb
3411887d	g3-load-cancellation-before-load	scenarios/g3-load-cancellation-before-load/snapshots/db-OnboardAlarmSnapshots.json	213	c01226ad771c920fcd5642eb453d5b08cac313a6982f8a58d7e48bdd8a89d98b
3411887d	g3-load-cancellation-before-load	scenarios/g3-load-cancellation-before-load/snapshots/db-OperationResults.json	0	e3b0c44298fc1c149afbf4c8996fb92427ae41e4649b934ca495991b7852b855
3411887d	g3-load-cancellation-before-load	scenarios/g3-load-cancellation-before-load/snapshots/db-OrderIntents.json	1531	da1cf1a88e0c5fdbd15404e26cf0a7b2ed13f180bc3add9adb5e7e0a9ff9ced1
3411887d	g3-load-cancellation-before-load	scenarios/g3-load-cancellation-before-load/snapshots/db-OwnOrderRebuilds.json	0	e3b0c44298fc1c149afbf4c8996fb92427ae41e4649b934ca495991b7852b855
3411887d	g3-load-cancellation-before-load	scenarios/g3-load-cancellation-before-load/snapshots/db-RecoveryWorkflows.json	976	293e2e5409602fa1552ab6abeedad39b25752694d63f1bf368191d3c4308d328
3411887d	g3-load-cancellation-before-load	scenarios/g3-load-cancellation-before-load/snapshots/db-RiotDispatchAuditEvents.json	4557	4f1080cabe2a2a6046e0905c9c4f91e9c750c7acff3691fd1615b5e446d26fad
3411887d	g3-load-cancellation-before-load	scenarios/g3-load-cancellation-before-load/snapshots/db-RiotOrderCommandAudit.json	0	e3b0c44298fc1c149afbf4c8996fb92427ae41e4649b934ca495991b7852b855
3411887d	g3-load-cancellation-before-load	scenarios/g3-load-cancellation-before-load/snapshots/db-RouteGraphSnapshots.json	0	e3b0c44298fc1c149afbf4c8996fb92427ae41e4649b934ca495991b7852b855
3411887d	g3-load-cancellation-before-load	scenarios/g3-load-cancellation-before-load/snapshots/db-SessionRecoveries.json	1121	8ad451c7287db4588b59f9e83094f92cc47bf55b6cb18d68a36aada3ae36e87d
3411887d	g3-load-cancellation-before-load	scenarios/g3-load-cancellation-before-load/snapshots/db-SlotConfigurationActivations.json	0	e3b0c44298fc1c149afbf4c8996fb92427ae41e4649b934ca495991b7852b855
3411887d	g3-load-cancellation-before-load	scenarios/g3-load-cancellation-before-load/snapshots/db-SlotFaultDeclarations.json	0	e3b0c44298fc1c149afbf4c8996fb92427ae41e4649b934ca495991b7852b855
3411887d	g3-load-cancellation-before-load	scenarios/g3-load-cancellation-before-load/snapshots/db-SlotIoBindings.json	4258	650ab8bbd1bbe46a2079d6b865eba5b3b5785ab4d34a8451baff3e5c572ad919
3411887d	g3-load-cancellation-before-load	scenarios/g3-load-cancellation-before-load/snapshots/db-SlotModelVersions.json	321	be8c8834b01f970150e5fc95958c0f3b2de8a9030820d6065babb75493d6184d
3411887d	g3-load-cancellation-before-load	scenarios/g3-load-cancellation-before-load/snapshots/db-StationExclusivities.json	0	e3b0c44298fc1c149afbf4c8996fb92427ae41e4649b934ca495991b7852b855
3411887d	g3-load-cancellation-before-load	scenarios/g3-load-cancellation-before-load/snapshots/db-StationExclusivityRecords.json	470	a8e9ccdf1f7ce92f32e7d4005b9d336a81187b2b7ed679736702714b5fa04edd
3411887d	g3-load-cancellation-before-load	scenarios/g3-load-cancellation-before-load/snapshots/db-StationOperations.json	0	e3b0c44298fc1c149afbf4c8996fb92427ae41e4649b934ca495991b7852b855
3411887d	g3-load-cancellation-before-load	scenarios/g3-load-cancellation-before-load/snapshots/db-StructuralDispatchBlocks.json	0	e3b0c44298fc1c149afbf4c8996fb92427ae41e4649b934ca495991b7852b855
3411887d	g3-load-cancellation-before-load	scenarios/g3-load-cancellation-before-load/snapshots/db-TaskTypeStationActiveBindingSets.json	144	0a8dd67d6b64b169aa02cdc8e96ad9728207f919453c60cf209ff7d3c73e0099
3411887d	g3-load-cancellation-before-load	scenarios/g3-load-cancellation-before-load/snapshots/db-TaskTypeStationBindings.json	173	b412006843f62c50e682598812b9f1746f67a659a3a2ddcff12221d6be0bbc28
3411887d	g3-load-cancellation-before-load	scenarios/g3-load-cancellation-before-load/snapshots/db-TaskTypeStationBindingSetVersions.json	396	fb627f3f2fdfa82c44bbcf2586fd80de15787e179ca33372e2d5bee82e6ea4d0
3411887d	g3-load-cancellation-before-load	scenarios/g3-load-cancellation-before-load/snapshots/db-TaskTypeStationRuleVersions.json	331	98d2a61798c030309cd3bef9f059c6cc288a9b32a4d9d54fbb79831a565f16af
3411887d	g3-load-cancellation-before-load	scenarios/g3-load-cancellation-before-load/snapshots/db-VehiclePurposeClaimRecords.json	338	dbcd6aa3c68b20db9334817b031c55b1efc4babd209e6a2649d5baace1ce4b8b
3411887d	g3-load-cancellation-before-load	scenarios/g3-load-cancellation-before-load/snapshots/db-VehiclePurposeClaims.json	0	e3b0c44298fc1c149afbf4c8996fb92427ae41e4649b934ca495991b7852b855
3411887d	g3-load-cancellation-before-load	scenarios/g3-load-cancellation-before-load/snapshots/db-WaitingPoints.json	0	e3b0c44298fc1c149afbf4c8996fb92427ae41e4649b934ca495991b7852b855
3411887d	g3-load-cancellation-before-load	scenarios/g3-load-cancellation-before-load/snapshots/db-WaitingPointVehicleScopes.json	0	e3b0c44298fc1c149afbf4c8996fb92427ae41e4649b934ca495991b7852b855
3411887d	g3-load-cancellation-before-load	scenarios/g3-load-cancellation-before-load/snapshots/db-WaitingPointVersions.json	0	e3b0c44298fc1c149afbf4c8996fb92427ae41e4649b934ca495991b7852b855
3411887d	g3-load-cancellation-before-load	scenarios/g3-load-cancellation-before-load/snapshots/fake-mes-ingest.json	1040	4442557e694908b14c94740006a91c61c76acd785753c23e40a1f32f0b484856
3411887d	g3-load-cancellation-before-load	scenarios/g3-load-cancellation-before-load/snapshots/fake-riot.json	2949	2e6f73fec8995894af98cb5834a5069bfbc96da2faae365caed10e94043ce359
3411887d	g3-load-cancellation-before-load	scenarios/g3-load-cancellation-before-load/snapshots/preseed-area-assignments.csv	128	9906e26d53df2e02e2cb2da976840b5764419d03f3d724097fe4bf7ce36ec8af
3411887d	g3-load-cancellation-before-load	scenarios/g3-load-cancellation-before-load/snapshots/preseed-charging-policy.json	444	c9cff5e4ecf1d832d52d74154c81f43961075a5ca9d96150e9f079ea0afc2bfa
3411887d	g3-load-cancellation-before-load	scenarios/g3-load-cancellation-before-load/snapshots/slots-simulator.json	3029	1685b863490903f8cb84b7806e12c141fae4cfda81e3b1a7f498fd3244d6c738
3411887d	g3-load-cancellation-before-load	scenarios/g3-load-cancellation-before-load/snapshots/task-type-stations.settings.json	894	d69ededa82fcf5dad3cdcc83b1682ae1f2ca0ce41be15f438c179105d114cc4f
3411887d	g3-manual-charging-return	scenarios/g3-manual-charging-return/logs/build.log	2464	63dc00a32d4bf0e0967068f2ee1e2eeeaa2ef16f0d1bbc8e356dcbdae2f946e2
3411887d	g3-manual-charging-return	scenarios/g3-manual-charging-return/logs/control-server.err.log	0	e3b0c44298fc1c149afbf4c8996fb92427ae41e4649b934ca495991b7852b855
3411887d	g3-manual-charging-return	scenarios/g3-manual-charging-return/logs/control-server.out.log	959773	41d930ca3ae5afa2d7905db215faa50618d45e1b56755972157ac72a5ffee120
3411887d	g3-manual-charging-return	scenarios/g3-manual-charging-return/logs/fake-mes-ingest.err.log	0	e3b0c44298fc1c149afbf4c8996fb92427ae41e4649b934ca495991b7852b855
3411887d	g3-manual-charging-return	scenarios/g3-manual-charging-return/logs/fake-mes-ingest.out.log	41052	0be16e3efbc96d50a7f3b9560628c328f35d21413640b519ddf9cb8afda172d3
3411887d	g3-manual-charging-return	scenarios/g3-manual-charging-return/logs/fake-riot.err.log	0	e3b0c44298fc1c149afbf4c8996fb92427ae41e4649b934ca495991b7852b855
3411887d	g3-manual-charging-return	scenarios/g3-manual-charging-return/logs/fake-riot.out.log	147618	b406e04a3bdfe602728cc6db02104fbfdcb69953fc9c6de9bacaa211d87044f4
3411887d	g3-manual-charging-return	scenarios/g3-manual-charging-return/logs/onboard-hmi.err.log	0	e3b0c44298fc1c149afbf4c8996fb92427ae41e4649b934ca495991b7852b855
3411887d	g3-manual-charging-return	scenarios/g3-manual-charging-return/logs/onboard-hmi.out.log	0	e3b0c44298fc1c149afbf4c8996fb92427ae41e4649b934ca495991b7852b855
3411887d	g3-manual-charging-return	scenarios/g3-manual-charging-return/logs/package-capacity-import.err.log	0	e3b0c44298fc1c149afbf4c8996fb92427ae41e4649b934ca495991b7852b855
3411887d	g3-manual-charging-return	scenarios/g3-manual-charging-return/logs/package-capacity-import.out.log	162553	5243fabcff8ac72c32a9a5f34a86af688ac779ed74a25aedad405c0bfe4da2b9
3411887d	g3-manual-charging-return	scenarios/g3-manual-charging-return/logs/slots-simulator.err.log	0	e3b0c44298fc1c149afbf4c8996fb92427ae41e4649b934ca495991b7852b855
3411887d	g3-manual-charging-return	scenarios/g3-manual-charging-return/logs/slots-simulator.out.log	0	e3b0c44298fc1c149afbf4c8996fb92427ae41e4649b934ca495991b7852b855
3411887d	g3-manual-charging-return	scenarios/g3-manual-charging-return/logs/onboard-app/agv-20261010.log	5493	c2465549617ee08eefd4151a4aec887fb530a44fbc65a18f58a6d0efd419906c
3411887d	g3-manual-charging-return	scenarios/g3-manual-charging-return/snapshots/db-AcceptedDemands.json	0	e3b0c44298fc1c149afbf4c8996fb92427ae41e4649b934ca495991b7852b855
3411887d	g3-manual-charging-return	scenarios/g3-manual-charging-return/snapshots/db-ActiveSlotConfigurations.json	0	e3b0c44298fc1c149afbf4c8996fb92427ae41e4649b934ca495991b7852b855
3411887d	g3-manual-charging-return	scenarios/g3-manual-charging-return/snapshots/db-BusinessAuditRecords.json	6501	d1cdd182ee630de28c3f0fb13d01ba8d45a4b90ce1e06024703056015fa25f1b
3411887d	g3-manual-charging-return	scenarios/g3-manual-charging-return/snapshots/db-ChargerRosterEntries.json	0	e3b0c44298fc1c149afbf4c8996fb92427ae41e4649b934ca495991b7852b855
3411887d	g3-manual-charging-return	scenarios/g3-manual-charging-return/snapshots/db-ChargerRosterVersions.json	0	e3b0c44298fc1c149afbf4c8996fb92427ae41e4649b934ca495991b7852b855
3411887d	g3-manual-charging-return	scenarios/g3-manual-charging-return/snapshots/db-ChargingPolicyActivations.json	188	7d91106c30757cc6dc58f48d1c6cf41c85a432940d26206691c86cbba3d8a069
3411887d	g3-manual-charging-return	scenarios/g3-manual-charging-return/snapshots/db-ChargingPolicyApprovals.json	282	9e63a854a55b4ae6829afbb7b71e1fff078ef327040522d7c5b53b9543571959
3411887d	g3-manual-charging-return	scenarios/g3-manual-charging-return/snapshots/db-ChargingPolicyVehicleScopes.json	0	e3b0c44298fc1c149afbf4c8996fb92427ae41e4649b934ca495991b7852b855
3411887d	g3-manual-charging-return	scenarios/g3-manual-charging-return/snapshots/db-ChargingPolicyVersions.json	631	fcfd25693872f2bc1713f6e98aeb31cf023d8ce9bbac150719a3b98057dbcebc
3411887d	g3-manual-charging-return	scenarios/g3-manual-charging-return/snapshots/db-CreateGateAudit.json	0	e3b0c44298fc1c149afbf4c8996fb92427ae41e4649b934ca495991b7852b855
3411887d	g3-manual-charging-return	scenarios/g3-manual-charging-return/snapshots/db-DispatchZoneAreaAssignments.json	377	ffd7aa7365bc86efef17a319718d4204d0b1a59ba4472d7aa02a7a181ceaee9c
3411887d	g3-manual-charging-return	scenarios/g3-manual-charging-return/snapshots/db-DispatchZoneAreaAssignmentVersions.json	235	8b47dcb636ca168bff0f5241a867fd1cb218ad902dee81c38d7d2dd8d4f2d808
3411887d	g3-manual-charging-return	scenarios/g3-manual-charging-return/snapshots/db-DispatchZoneParameters.json	0	e3b0c44298fc1c149afbf4c8996fb92427ae41e4649b934ca495991b7852b855
3411887d	g3-manual-charging-return	scenarios/g3-manual-charging-return/snapshots/db-DispatchZoneParameterVersions.json	0	e3b0c44298fc1c149afbf4c8996fb92427ae41e4649b934ca495991b7852b855
3411887d	g3-manual-charging-return	scenarios/g3-manual-charging-return/snapshots/db-ExceptionRecoverySessions.json	0	e3b0c44298fc1c149afbf4c8996fb92427ae41e4649b934ca495991b7852b855
3411887d	g3-manual-charging-return	scenarios/g3-manual-charging-return/snapshots/db-FrozenDemandStations.json	0	e3b0c44298fc1c149afbf4c8996fb92427ae41e4649b934ca495991b7852b855
3411887d	g3-manual-charging-return	scenarios/g3-manual-charging-return/snapshots/db-JourneyBacklog.json	0	e3b0c44298fc1c149afbf4c8996fb92427ae41e4649b934ca495991b7852b855
3411887d	g3-manual-charging-return	scenarios/g3-manual-charging-return/snapshots/db-JourneyDemands.json	0	e3b0c44298fc1c149afbf4c8996fb92427ae41e4649b934ca495991b7852b855
3411887d	g3-manual-charging-return	scenarios/g3-manual-charging-return/snapshots/db-JourneyRuntimes.json	0	e3b0c44298fc1c149afbf4c8996fb92427ae41e4649b934ca495991b7852b855
3411887d	g3-manual-charging-return	scenarios/g3-manual-charging-return/snapshots/db-JourneyStops.json	0	e3b0c44298fc1c149afbf4c8996fb92427ae41e4649b934ca495991b7852b855
3411887d	g3-manual-charging-return	scenarios/g3-manual-charging-return/snapshots/db-MapStationCatalogStates.json	370	93e003f1a33cccfd324fb348077ad2da08db641b439c9ff673332826209f75dc
3411887d	g3-manual-charging-return	scenarios/g3-manual-charging-return/snapshots/db-OnboardAlarmSnapshots.json	213	705c5dc57ffc0608e290f3f27d2b1a15040d4696b974df683e82243549a4649b
3411887d	g3-manual-charging-return	scenarios/g3-manual-charging-return/snapshots/db-OperationResults.json	0	e3b0c44298fc1c149afbf4c8996fb92427ae41e4649b934ca495991b7852b855
3411887d	g3-manual-charging-return	scenarios/g3-manual-charging-return/snapshots/db-OrderIntents.json	0	e3b0c44298fc1c149afbf4c8996fb92427ae41e4649b934ca495991b7852b855
3411887d	g3-manual-charging-return	scenarios/g3-manual-charging-return/snapshots/db-OwnOrderRebuilds.json	0	e3b0c44298fc1c149afbf4c8996fb92427ae41e4649b934ca495991b7852b855
3411887d	g3-manual-charging-return	scenarios/g3-manual-charging-return/snapshots/db-RecoveryWorkflows.json	0	e3b0c44298fc1c149afbf4c8996fb92427ae41e4649b934ca495991b7852b855
3411887d	g3-manual-charging-return	scenarios/g3-manual-charging-return/snapshots/db-RiotDispatchAuditEvents.json	0	e3b0c44298fc1c149afbf4c8996fb92427ae41e4649b934ca495991b7852b855
3411887d	g3-manual-charging-return	scenarios/g3-manual-charging-return/snapshots/db-RiotOrderCommandAudit.json	0	e3b0c44298fc1c149afbf4c8996fb92427ae41e4649b934ca495991b7852b855
3411887d	g3-manual-charging-return	scenarios/g3-manual-charging-return/snapshots/db-RouteGraphSnapshots.json	0	e3b0c44298fc1c149afbf4c8996fb92427ae41e4649b934ca495991b7852b855
3411887d	g3-manual-charging-return	scenarios/g3-manual-charging-return/snapshots/db-SessionRecoveries.json	1122	afdabc1cfb9ee2176743db3fea38689966ef159d0a2eda9f85979b4567936b47
3411887d	g3-manual-charging-return	scenarios/g3-manual-charging-return/snapshots/db-SlotConfigurationActivations.json	0	e3b0c44298fc1c149afbf4c8996fb92427ae41e4649b934ca495991b7852b855
3411887d	g3-manual-charging-return	scenarios/g3-manual-charging-return/snapshots/db-SlotFaultDeclarations.json	0	e3b0c44298fc1c149afbf4c8996fb92427ae41e4649b934ca495991b7852b855
3411887d	g3-manual-charging-return	scenarios/g3-manual-charging-return/snapshots/db-SlotIoBindings.json	4258	9e9b14a6a395bc2fa3de69acb6d76167c0767f63b564ea512b6a47b9cc2e80e4
3411887d	g3-manual-charging-return	scenarios/g3-manual-charging-return/snapshots/db-SlotModelVersions.json	321	63eea0bd0cd4fc5ab0207f823e8d5ed8c8c5dd3e676aaf090813db7fcd921656
3411887d	g3-manual-charging-return	scenarios/g3-manual-charging-return/snapshots/db-StationExclusivities.json	0	e3b0c44298fc1c149afbf4c8996fb92427ae41e4649b934ca495991b7852b855
3411887d	g3-manual-charging-return	scenarios/g3-manual-charging-return/snapshots/db-StationExclusivityRecords.json	0	e3b0c44298fc1c149afbf4c8996fb92427ae41e4649b934ca495991b7852b855
3411887d	g3-manual-charging-return	scenarios/g3-manual-charging-return/snapshots/db-StationOperations.json	0	e3b0c44298fc1c149afbf4c8996fb92427ae41e4649b934ca495991b7852b855
3411887d	g3-manual-charging-return	scenarios/g3-manual-charging-return/snapshots/db-StructuralDispatchBlocks.json	0	e3b0c44298fc1c149afbf4c8996fb92427ae41e4649b934ca495991b7852b855
3411887d	g3-manual-charging-return	scenarios/g3-manual-charging-return/snapshots/db-TaskTypeStationActiveBindingSets.json	144	bfd661bc76a1a3f03cdf7c17a2f4bb4e26d0c37d1264d69ac01f910396eeb26a
3411887d	g3-manual-charging-return	scenarios/g3-manual-charging-return/snapshots/db-TaskTypeStationBindings.json	173	b412006843f62c50e682598812b9f1746f67a659a3a2ddcff12221d6be0bbc28
3411887d	g3-manual-charging-return	scenarios/g3-manual-charging-return/snapshots/db-TaskTypeStationBindingSetVersions.json	396	a3cde17590f4c40e23344a28bb3e557a93a5c8bb09134d664b635871ee7dfd5a
3411887d	g3-manual-charging-return	scenarios/g3-manual-charging-return/snapshots/db-TaskTypeStationRuleVersions.json	331	d35aec2bb534006b2418cac09780326b8d8d2467570ef75c2f3b68b8d1abcbbc
3411887d	g3-manual-charging-return	scenarios/g3-manual-charging-return/snapshots/db-VehiclePurposeClaimRecords.json	0	e3b0c44298fc1c149afbf4c8996fb92427ae41e4649b934ca495991b7852b855
3411887d	g3-manual-charging-return	scenarios/g3-manual-charging-return/snapshots/db-VehiclePurposeClaims.json	0	e3b0c44298fc1c149afbf4c8996fb92427ae41e4649b934ca495991b7852b855
3411887d	g3-manual-charging-return	scenarios/g3-manual-charging-return/snapshots/db-WaitingPoints.json	0	e3b0c44298fc1c149afbf4c8996fb92427ae41e4649b934ca495991b7852b855
3411887d	g3-manual-charging-return	scenarios/g3-manual-charging-return/snapshots/db-WaitingPointVehicleScopes.json	0	e3b0c44298fc1c149afbf4c8996fb92427ae41e4649b934ca495991b7852b855
3411887d	g3-manual-charging-return	scenarios/g3-manual-charging-return/snapshots/db-WaitingPointVersions.json	0	e3b0c44298fc1c149afbf4c8996fb92427ae41e4649b934ca495991b7852b855
3411887d	g3-manual-charging-return	scenarios/g3-manual-charging-return/snapshots/fake-mes-ingest.json	310	3c756b10c035e078f43d87edc376fef1d470169172e97dcec36bfd850bc4b28a
3411887d	g3-manual-charging-return	scenarios/g3-manual-charging-return/snapshots/fake-riot.json	2495	5537b198df18c61ed53caca9900816decdfa580294318bf3b470dcc2d2bf4897
3411887d	g3-manual-charging-return	scenarios/g3-manual-charging-return/snapshots/preseed-area-assignments.csv	128	9906e26d53df2e02e2cb2da976840b5764419d03f3d724097fe4bf7ce36ec8af
3411887d	g3-manual-charging-return	scenarios/g3-manual-charging-return/snapshots/preseed-charging-policy.json	444	c9cff5e4ecf1d832d52d74154c81f43961075a5ca9d96150e9f079ea0afc2bfa
3411887d	g3-manual-charging-return	scenarios/g3-manual-charging-return/snapshots/slots-simulator.json	3029	3b0232519e9e81f8a99804dfc248bbca722dc76b947ca317f32c1e2947d539c4
3411887d	g3-manual-charging-return	scenarios/g3-manual-charging-return/snapshots/task-type-stations.settings.json	894	d69ededa82fcf5dad3cdcc83b1682ae1f2ca0ce41be15f438c179105d114cc4f
3411887d	g3-manual-station-clearance	scenarios/g3-manual-station-clearance/field-operator-roles.json	122	f9a26a90b702073a0ab72dedc386ae6528dcd092a6370c7f99694409bbbccbba
3411887d	g3-manual-station-clearance	scenarios/g3-manual-station-clearance/logs/build.log	2464	98af7726021edec9feba18c4df9180ba6b3aae1e3c36927118a144e0d6443c8c
3411887d	g3-manual-station-clearance	scenarios/g3-manual-station-clearance/logs/control-server.err.log	0	e3b0c44298fc1c149afbf4c8996fb92427ae41e4649b934ca495991b7852b855
3411887d	g3-manual-station-clearance	scenarios/g3-manual-station-clearance/logs/control-server.out.log	1061326	dd89c2fcd87b7c24fd8b26026bb7c88bb5df7fdd754dd7d216e7d61334e3307b
3411887d	g3-manual-station-clearance	scenarios/g3-manual-station-clearance/logs/fake-mes-ingest.err.log	0	e3b0c44298fc1c149afbf4c8996fb92427ae41e4649b934ca495991b7852b855
3411887d	g3-manual-station-clearance	scenarios/g3-manual-station-clearance/logs/fake-mes-ingest.out.log	26257	430bfc2ef149c7f122fe949581add2cbc27f3ad37b976be9d9e1332da433e0fb
3411887d	g3-manual-station-clearance	scenarios/g3-manual-station-clearance/logs/fake-riot.err.log	0	e3b0c44298fc1c149afbf4c8996fb92427ae41e4649b934ca495991b7852b855
3411887d	g3-manual-station-clearance	scenarios/g3-manual-station-clearance/logs/fake-riot.out.log	212755	6476e0c64419fa1d27b73f46a173fe2cafb4eb760db67d0223f05210b74a7621
3411887d	g3-manual-station-clearance	scenarios/g3-manual-station-clearance/logs/onboard-hmi.err.log	0	e3b0c44298fc1c149afbf4c8996fb92427ae41e4649b934ca495991b7852b855
3411887d	g3-manual-station-clearance	scenarios/g3-manual-station-clearance/logs/onboard-hmi.out.log	0	e3b0c44298fc1c149afbf4c8996fb92427ae41e4649b934ca495991b7852b855
3411887d	g3-manual-station-clearance	scenarios/g3-manual-station-clearance/logs/package-capacity-import.err.log	0	e3b0c44298fc1c149afbf4c8996fb92427ae41e4649b934ca495991b7852b855
3411887d	g3-manual-station-clearance	scenarios/g3-manual-station-clearance/logs/package-capacity-import.out.log	162552	231ab262798df02155acd9b7bfd758de8d842d43d3175b581a082a28bce2b022
3411887d	g3-manual-station-clearance	scenarios/g3-manual-station-clearance/logs/slots-simulator.err.log	0	e3b0c44298fc1c149afbf4c8996fb92427ae41e4649b934ca495991b7852b855
3411887d	g3-manual-station-clearance	scenarios/g3-manual-station-clearance/logs/slots-simulator.out.log	0	e3b0c44298fc1c149afbf4c8996fb92427ae41e4649b934ca495991b7852b855
3411887d	g3-manual-station-clearance	scenarios/g3-manual-station-clearance/logs/onboard-app/agv-20261010.log	5508	2a7dd4b3830eab427fc7b907b61ccb1eae570b5d94012f816b8a0620fc291844
3411887d	g3-manual-station-clearance	scenarios/g3-manual-station-clearance/snapshots/charger-roster-open-catalog-25.json	332	ccb2b9e7f5c60ca2262a319256b6c189c1367488c4870e083bc996efa7fb3ef3
3411887d	g3-manual-station-clearance	scenarios/g3-manual-station-clearance/snapshots/charger-roster-open.json	402	e1f3a805fbd728c1ef076ca51f9cec4c0388c79084e659d145c48819ca4f8fac
3411887d	g3-manual-station-clearance	scenarios/g3-manual-station-clearance/snapshots/db-AcceptedDemands.json	0	e3b0c44298fc1c149afbf4c8996fb92427ae41e4649b934ca495991b7852b855
3411887d	g3-manual-station-clearance	scenarios/g3-manual-station-clearance/snapshots/db-ActiveSlotConfigurations.json	0	e3b0c44298fc1c149afbf4c8996fb92427ae41e4649b934ca495991b7852b855
3411887d	g3-manual-station-clearance	scenarios/g3-manual-station-clearance/snapshots/db-BusinessAuditRecords.json	7187	ec8f2e50e8a960fad39c9bb7987d572481c3dcf3d9852d27a7fed118533111fd
3411887d	g3-manual-station-clearance	scenarios/g3-manual-station-clearance/snapshots/db-ChargerRosterEntries.json	142	15ef77fd33e3610d9265eb31d5c5e18df63502ab47e7a4eb7dee827f423cc729
3411887d	g3-manual-station-clearance	scenarios/g3-manual-station-clearance/snapshots/db-ChargerRosterVersions.json	437	b52077d35fd8efa7cdc14aeb40fac75c1eeaf331167a946fcd785cb314447e04
3411887d	g3-manual-station-clearance	scenarios/g3-manual-station-clearance/snapshots/db-ChargingPolicyActivations.json	189	e7e6676ce6478a45ee690466babb8c7a34c2c10886ae01c68378ed3ebf20029d
3411887d	g3-manual-station-clearance	scenarios/g3-manual-station-clearance/snapshots/db-ChargingPolicyApprovals.json	282	31068b25803f0b63ce9c8e79f1d132466f99f45aed5fd671d16d86329da828a3
3411887d	g3-manual-station-clearance	scenarios/g3-manual-station-clearance/snapshots/db-ChargingPolicyVehicleScopes.json	0	e3b0c44298fc1c149afbf4c8996fb92427ae41e4649b934ca495991b7852b855
3411887d	g3-manual-station-clearance	scenarios/g3-manual-station-clearance/snapshots/db-ChargingPolicyVersions.json	632	26b8f5e5502d2d4cc37df1242206b800e0da25ec859c30063cbd18648bc5d34b
3411887d	g3-manual-station-clearance	scenarios/g3-manual-station-clearance/snapshots/db-CreateGateAudit.json	0	e3b0c44298fc1c149afbf4c8996fb92427ae41e4649b934ca495991b7852b855
3411887d	g3-manual-station-clearance	scenarios/g3-manual-station-clearance/snapshots/db-DispatchZoneAreaAssignments.json	377	ffd7aa7365bc86efef17a319718d4204d0b1a59ba4472d7aa02a7a181ceaee9c
3411887d	g3-manual-station-clearance	scenarios/g3-manual-station-clearance/snapshots/db-DispatchZoneAreaAssignmentVersions.json	235	3d9d24e41d20399d9dbfebea2035893468aed0854e2c9ebe8768cd1970a4e0a0
3411887d	g3-manual-station-clearance	scenarios/g3-manual-station-clearance/snapshots/db-DispatchZoneParameters.json	0	e3b0c44298fc1c149afbf4c8996fb92427ae41e4649b934ca495991b7852b855
3411887d	g3-manual-station-clearance	scenarios/g3-manual-station-clearance/snapshots/db-DispatchZoneParameterVersions.json	0	e3b0c44298fc1c149afbf4c8996fb92427ae41e4649b934ca495991b7852b855
3411887d	g3-manual-station-clearance	scenarios/g3-manual-station-clearance/snapshots/db-ExceptionRecoverySessions.json	0	e3b0c44298fc1c149afbf4c8996fb92427ae41e4649b934ca495991b7852b855
3411887d	g3-manual-station-clearance	scenarios/g3-manual-station-clearance/snapshots/db-FrozenDemandStations.json	0	e3b0c44298fc1c149afbf4c8996fb92427ae41e4649b934ca495991b7852b855
3411887d	g3-manual-station-clearance	scenarios/g3-manual-station-clearance/snapshots/db-JourneyBacklog.json	0	e3b0c44298fc1c149afbf4c8996fb92427ae41e4649b934ca495991b7852b855
3411887d	g3-manual-station-clearance	scenarios/g3-manual-station-clearance/snapshots/db-JourneyDemands.json	0	e3b0c44298fc1c149afbf4c8996fb92427ae41e4649b934ca495991b7852b855
3411887d	g3-manual-station-clearance	scenarios/g3-manual-station-clearance/snapshots/db-JourneyRuntimes.json	2292	50073a8b207d0f2402994adc3d2d191e87ea298bb533d287f30c8522274ba588
3411887d	g3-manual-station-clearance	scenarios/g3-manual-station-clearance/snapshots/db-JourneyStops.json	866	4bf968fe64a7095ca79f97c12c1866289129197946a5df4123817da62e0426f6
3411887d	g3-manual-station-clearance	scenarios/g3-manual-station-clearance/snapshots/db-MapStationCatalogStates.json	370	69bb2257f85e556a6267a54b5d6e867348acd36bb37f30eddc553d38cd34b639
3411887d	g3-manual-station-clearance	scenarios/g3-manual-station-clearance/snapshots/db-OnboardAlarmSnapshots.json	213	4325ddded5c5ac9bbdc9a2b380ae16ed1f4c6b21f8fe607dbd5fb4fc37df47b2
3411887d	g3-manual-station-clearance	scenarios/g3-manual-station-clearance/snapshots/db-OperationResults.json	0	e3b0c44298fc1c149afbf4c8996fb92427ae41e4649b934ca495991b7852b855
3411887d	g3-manual-station-clearance	scenarios/g3-manual-station-clearance/snapshots/db-OrderIntents.json	1491	8befc0bf406f81324f5783a2fd04065c6863904fef7c637fce5a7768a84e7918
3411887d	g3-manual-station-clearance	scenarios/g3-manual-station-clearance/snapshots/db-OwnOrderRebuilds.json	0	e3b0c44298fc1c149afbf4c8996fb92427ae41e4649b934ca495991b7852b855
3411887d	g3-manual-station-clearance	scenarios/g3-manual-station-clearance/snapshots/db-RecoveryWorkflows.json	0	e3b0c44298fc1c149afbf4c8996fb92427ae41e4649b934ca495991b7852b855
3411887d	g3-manual-station-clearance	scenarios/g3-manual-station-clearance/snapshots/db-RiotDispatchAuditEvents.json	4372	6c1ecde7d8412c4413c37558c3de9461c9bcbaf19d94b40e4d33da215642225a
3411887d	g3-manual-station-clearance	scenarios/g3-manual-station-clearance/snapshots/db-RiotOrderCommandAudit.json	0	e3b0c44298fc1c149afbf4c8996fb92427ae41e4649b934ca495991b7852b855
3411887d	g3-manual-station-clearance	scenarios/g3-manual-station-clearance/snapshots/db-RouteGraphSnapshots.json	567	d057c92e549b41fab46afeaf5787e1c1b81ae6481160ccbd649aa7205ed034c0
3411887d	g3-manual-station-clearance	scenarios/g3-manual-station-clearance/snapshots/db-SessionRecoveries.json	1122	a09d2bd5236a30d5229b5ed7c04fb3f42ce1e1f0cf737baa8e4bd29c92957f71
3411887d	g3-manual-station-clearance	scenarios/g3-manual-station-clearance/snapshots/db-SlotConfigurationActivations.json	0	e3b0c44298fc1c149afbf4c8996fb92427ae41e4649b934ca495991b7852b855
3411887d	g3-manual-station-clearance	scenarios/g3-manual-station-clearance/snapshots/db-SlotFaultDeclarations.json	0	e3b0c44298fc1c149afbf4c8996fb92427ae41e4649b934ca495991b7852b855
3411887d	g3-manual-station-clearance	scenarios/g3-manual-station-clearance/snapshots/db-SlotIoBindings.json	4258	47e44e183755edfbc6554abae08346fd9f90c7cf8605ad8ece92cc6a6a0e0c51
3411887d	g3-manual-station-clearance	scenarios/g3-manual-station-clearance/snapshots/db-SlotModelVersions.json	321	cd7694a115a9d6e44d9602d8f6cafe5500e2211d81ba8527235a79b935318425
3411887d	g3-manual-station-clearance	scenarios/g3-manual-station-clearance/snapshots/db-StationExclusivities.json	0	e3b0c44298fc1c149afbf4c8996fb92427ae41e4649b934ca495991b7852b855
3411887d	g3-manual-station-clearance	scenarios/g3-manual-station-clearance/snapshots/db-StationExclusivityRecords.json	477	b6f9e54e5dc692062a2f94a399bad38e19c34e2bd2c0cba3687f757170996a24
3411887d	g3-manual-station-clearance	scenarios/g3-manual-station-clearance/snapshots/db-StationOperations.json	0	e3b0c44298fc1c149afbf4c8996fb92427ae41e4649b934ca495991b7852b855
3411887d	g3-manual-station-clearance	scenarios/g3-manual-station-clearance/snapshots/db-StructuralDispatchBlocks.json	0	e3b0c44298fc1c149afbf4c8996fb92427ae41e4649b934ca495991b7852b855
3411887d	g3-manual-station-clearance	scenarios/g3-manual-station-clearance/snapshots/db-TaskTypeStationActiveBindingSets.json	144	770602be1a32f829bcea0a3e65600db6370e095e348913588570615cb554ae74
3411887d	g3-manual-station-clearance	scenarios/g3-manual-station-clearance/snapshots/db-TaskTypeStationBindings.json	173	b412006843f62c50e682598812b9f1746f67a659a3a2ddcff12221d6be0bbc28
3411887d	g3-manual-station-clearance	scenarios/g3-manual-station-clearance/snapshots/db-TaskTypeStationBindingSetVersions.json	396	e477dc6f0963bf405ac45312da1e6059ced952c80bcc92a1964ce497ccd20b36
3411887d	g3-manual-station-clearance	scenarios/g3-manual-station-clearance/snapshots/db-TaskTypeStationRuleVersions.json	331	efe9a3063489c53783c63c7f9684e804fe5a6814772ce72a8496d8af74c06415
3411887d	g3-manual-station-clearance	scenarios/g3-manual-station-clearance/snapshots/db-VehiclePurposeClaimRecords.json	748	8b1e24e1b20ff294c9ffa3e4f17b31a95afbeca65ab96cd5474ef1448213b9ac
3411887d	g3-manual-station-clearance	scenarios/g3-manual-station-clearance/snapshots/db-VehiclePurposeClaims.json	0	e3b0c44298fc1c149afbf4c8996fb92427ae41e4649b934ca495991b7852b855
3411887d	g3-manual-station-clearance	scenarios/g3-manual-station-clearance/snapshots/db-WaitingPoints.json	0	e3b0c44298fc1c149afbf4c8996fb92427ae41e4649b934ca495991b7852b855
3411887d	g3-manual-station-clearance	scenarios/g3-manual-station-clearance/snapshots/db-WaitingPointVehicleScopes.json	0	e3b0c44298fc1c149afbf4c8996fb92427ae41e4649b934ca495991b7852b855
3411887d	g3-manual-station-clearance	scenarios/g3-manual-station-clearance/snapshots/db-WaitingPointVersions.json	0	e3b0c44298fc1c149afbf4c8996fb92427ae41e4649b934ca495991b7852b855
3411887d	g3-manual-station-clearance	scenarios/g3-manual-station-clearance/snapshots/fake-mes-ingest.json	310	67a1e52b95cb356d713e35d80413dc2f1f95fec00eafbe62ad21db3b17a0f914
3411887d	g3-manual-station-clearance	scenarios/g3-manual-station-clearance/snapshots/fake-riot.json	3942	e06dc33e6fdcf4ae39947e04f0ff3fec77ea8ed1abe2811cff81267ace79a4ef
3411887d	g3-manual-station-clearance	scenarios/g3-manual-station-clearance/snapshots/preseed-area-assignments.csv	128	9906e26d53df2e02e2cb2da976840b5764419d03f3d724097fe4bf7ce36ec8af
3411887d	g3-manual-station-clearance	scenarios/g3-manual-station-clearance/snapshots/preseed-charging-policy.json	444	c9cff5e4ecf1d832d52d74154c81f43961075a5ca9d96150e9f079ea0afc2bfa
3411887d	g3-manual-station-clearance	scenarios/g3-manual-station-clearance/snapshots/slots-simulator.json	3029	8480ffab92e4bb2dccb6c128c0de5ab96b123d9d3e170f7ec040071c0b7d8ef1
3411887d	g3-manual-station-clearance	scenarios/g3-manual-station-clearance/snapshots/task-type-stations.settings.json	894	d69ededa82fcf5dad3cdcc83b1682ae1f2ca0ce41be15f438c179105d114cc4f
3411887d	g3-multi-stop-plan	scenarios/g3-multi-stop-plan/logs/build.log	2464	a421a1c908e81aad2f8311bc8469ce924e19cf3f6c7e4383cd62df9bad7b763a
3411887d	g3-multi-stop-plan	scenarios/g3-multi-stop-plan/logs/control-server.err.log	0	e3b0c44298fc1c149afbf4c8996fb92427ae41e4649b934ca495991b7852b855
3411887d	g3-multi-stop-plan	scenarios/g3-multi-stop-plan/logs/control-server.out.log	8241749	87270abdcc6ea7a05c8f7e76b4d854e9e2ef02f8e227198f778a69a0070cbb0c
3411887d	g3-multi-stop-plan	scenarios/g3-multi-stop-plan/logs/fake-mes-ingest.err.log	0	e3b0c44298fc1c149afbf4c8996fb92427ae41e4649b934ca495991b7852b855
3411887d	g3-multi-stop-plan	scenarios/g3-multi-stop-plan/logs/fake-mes-ingest.out.log	184518	da6b508d6b907da5a8a55cc4d5465f3fac01694ffde024cf1bb15819343fedd4
3411887d	g3-multi-stop-plan	scenarios/g3-multi-stop-plan/logs/fake-riot.err.log	0	e3b0c44298fc1c149afbf4c8996fb92427ae41e4649b934ca495991b7852b855
3411887d	g3-multi-stop-plan	scenarios/g3-multi-stop-plan/logs/fake-riot.out.log	1113599	ee6422fdc47b44360a05f0eacf517cdee71f5c82434708cacd87ff1de723e184
3411887d	g3-multi-stop-plan	scenarios/g3-multi-stop-plan/logs/onboard-hmi.err.log	0	e3b0c44298fc1c149afbf4c8996fb92427ae41e4649b934ca495991b7852b855
3411887d	g3-multi-stop-plan	scenarios/g3-multi-stop-plan/logs/onboard-hmi.out.log	0	e3b0c44298fc1c149afbf4c8996fb92427ae41e4649b934ca495991b7852b855
3411887d	g3-multi-stop-plan	scenarios/g3-multi-stop-plan/logs/package-capacity-import.err.log	0	e3b0c44298fc1c149afbf4c8996fb92427ae41e4649b934ca495991b7852b855
3411887d	g3-multi-stop-plan	scenarios/g3-multi-stop-plan/logs/package-capacity-import.out.log	162552	89013350b490a6b10f00359a1faea6b06fc45297da4d23dc929363e0a3b6d8e2
3411887d	g3-multi-stop-plan	scenarios/g3-multi-stop-plan/logs/slots-simulator.err.log	0	e3b0c44298fc1c149afbf4c8996fb92427ae41e4649b934ca495991b7852b855
3411887d	g3-multi-stop-plan	scenarios/g3-multi-stop-plan/logs/slots-simulator.out.log	0	e3b0c44298fc1c149afbf4c8996fb92427ae41e4649b934ca495991b7852b855
3411887d	g3-multi-stop-plan	scenarios/g3-multi-stop-plan/logs/onboard-app/agv-20261010.log	21578	c2b3551c5f93557c3c48b23fa962d7395786e05976bd6e25ea71e7b9c22b4d5f
3411887d	g3-multi-stop-plan	scenarios/g3-multi-stop-plan/snapshots/db-AcceptedDemands.json	1784	4ef55a0d839b35ca9b82c95a20a6b2395f757dccf923a2c880d347de976a2c04
3411887d	g3-multi-stop-plan	scenarios/g3-multi-stop-plan/snapshots/db-ActiveSlotConfigurations.json	0	e3b0c44298fc1c149afbf4c8996fb92427ae41e4649b934ca495991b7852b855
3411887d	g3-multi-stop-plan	scenarios/g3-multi-stop-plan/snapshots/db-BusinessAuditRecords.json	6503	bb4306ad50e416c6d903a32dc7436c12ba0389d8c911e8eaaceab239f55aaa9e
3411887d	g3-multi-stop-plan	scenarios/g3-multi-stop-plan/snapshots/db-ChargerRosterEntries.json	0	e3b0c44298fc1c149afbf4c8996fb92427ae41e4649b934ca495991b7852b855
3411887d	g3-multi-stop-plan	scenarios/g3-multi-stop-plan/snapshots/db-ChargerRosterVersions.json	0	e3b0c44298fc1c149afbf4c8996fb92427ae41e4649b934ca495991b7852b855
3411887d	g3-multi-stop-plan	scenarios/g3-multi-stop-plan/snapshots/db-ChargingPolicyActivations.json	189	8e3c5315124cf1cc3d0023067ef6c85da8dc8f01e83efa65b4dbe3ac3dd4dfee
3411887d	g3-multi-stop-plan	scenarios/g3-multi-stop-plan/snapshots/db-ChargingPolicyApprovals.json	282	1d749122e81746ffbf7926d5314f2d663e9fa408a7d019efc2c799cff9b8a83b
3411887d	g3-multi-stop-plan	scenarios/g3-multi-stop-plan/snapshots/db-ChargingPolicyVehicleScopes.json	0	e3b0c44298fc1c149afbf4c8996fb92427ae41e4649b934ca495991b7852b855
3411887d	g3-multi-stop-plan	scenarios/g3-multi-stop-plan/snapshots/db-ChargingPolicyVersions.json	632	36646663646868afa99ec7957dc3c06569ed6b2f725f6f9fd7b8f33d69346a6a
3411887d	g3-multi-stop-plan	scenarios/g3-multi-stop-plan/snapshots/db-CreateGateAudit.json	959	a64e2009086252db526bfcfef9c80da7c19d53429381d3bfacbec421ddfb0547
3411887d	g3-multi-stop-plan	scenarios/g3-multi-stop-plan/snapshots/db-DispatchZoneAreaAssignments.json	377	ffd7aa7365bc86efef17a319718d4204d0b1a59ba4472d7aa02a7a181ceaee9c
3411887d	g3-multi-stop-plan	scenarios/g3-multi-stop-plan/snapshots/db-DispatchZoneAreaAssignmentVersions.json	235	3050feb26e8f0c8ed55a5819660cf490c30b5ed08b48c19931fdd027426304d5
3411887d	g3-multi-stop-plan	scenarios/g3-multi-stop-plan/snapshots/db-DispatchZoneParameters.json	150	1a5a27c7b4ee4019994ab2195c1773052caabdf736d9184f5a7ec17737d1f1d4
3411887d	g3-multi-stop-plan	scenarios/g3-multi-stop-plan/snapshots/db-DispatchZoneParameterVersions.json	209	204a473ae2ed08176c0b4b466823c70db0af7cb8b19e3ea92ca848eac6d06050
3411887d	g3-multi-stop-plan	scenarios/g3-multi-stop-plan/snapshots/db-ExceptionRecoverySessions.json	0	e3b0c44298fc1c149afbf4c8996fb92427ae41e4649b934ca495991b7852b855
3411887d	g3-multi-stop-plan	scenarios/g3-multi-stop-plan/snapshots/db-FrozenDemandStations.json	1328	e600b0bc914c1b9ef1cd5a7bbbd3e2eba925517e09da68cd01bceadbcd10c978
3411887d	g3-multi-stop-plan	scenarios/g3-multi-stop-plan/snapshots/db-JourneyBacklog.json	1196	868eeea526fc60654ac026542b3a47be986cded36f7077407aef719f04b0ccc4
3411887d	g3-multi-stop-plan	scenarios/g3-multi-stop-plan/snapshots/db-JourneyDemands.json	1836	89df4f79121990ab1fec311f453e8e1974f31db10328631e441e9d4010c31489
3411887d	g3-multi-stop-plan	scenarios/g3-multi-stop-plan/snapshots/db-JourneyRuntimes.json	2847	12a52b723709c8c9df2374a3b664a78599bbb0a5a383ba310d16a63bf03189e3
3411887d	g3-multi-stop-plan	scenarios/g3-multi-stop-plan/snapshots/db-JourneyStops.json	2963	f1d52ebc6ba9340b6afc7e8c349d321322ef9755d18296e7bba1739736372087
3411887d	g3-multi-stop-plan	scenarios/g3-multi-stop-plan/snapshots/db-MapStationCatalogStates.json	370	7ddde4cc21d5d3a717776680131ab282f3471254fe039cd786cf34dd54ce3b85
3411887d	g3-multi-stop-plan	scenarios/g3-multi-stop-plan/snapshots/db-OnboardAlarmSnapshots.json	213	4f8c2eb82719e831d57d6e82b5fef208a35ce791e9d49a5647bffc52b18c8957
3411887d	g3-multi-stop-plan	scenarios/g3-multi-stop-plan/snapshots/db-OperationResults.json	2799	cc4f50441fdba436efa9160b35b4a8ef54f7e7a3337d367f9adec0544462f113
3411887d	g3-multi-stop-plan	scenarios/g3-multi-stop-plan/snapshots/db-OrderIntents.json	4762	8959c548dff4347c55d3f1ef0517bd05e1391dacb77120d64e4355d70b6b3712
3411887d	g3-multi-stop-plan	scenarios/g3-multi-stop-plan/snapshots/db-OwnOrderRebuilds.json	0	e3b0c44298fc1c149afbf4c8996fb92427ae41e4649b934ca495991b7852b855
3411887d	g3-multi-stop-plan	scenarios/g3-multi-stop-plan/snapshots/db-RecoveryWorkflows.json	0	e3b0c44298fc1c149afbf4c8996fb92427ae41e4649b934ca495991b7852b855
3411887d	g3-multi-stop-plan	scenarios/g3-multi-stop-plan/snapshots/db-RiotDispatchAuditEvents.json	13656	9dc84c25d46bb6b62ae219bf35d6cd819f40f8ff813aa76400561fe629892d61
3411887d	g3-multi-stop-plan	scenarios/g3-multi-stop-plan/snapshots/db-RiotOrderCommandAudit.json	0	e3b0c44298fc1c149afbf4c8996fb92427ae41e4649b934ca495991b7852b855
3411887d	g3-multi-stop-plan	scenarios/g3-multi-stop-plan/snapshots/db-RouteGraphSnapshots.json	567	a47134b49bf0bac0440e19751eb45d3774ebf8543236c3c41fab0675b755948a
3411887d	g3-multi-stop-plan	scenarios/g3-multi-stop-plan/snapshots/db-SessionRecoveries.json	1123	3ebbd6b897a5adf8eed134b378f96ce46f429993cf014823958ad1d06c2fb18d
3411887d	g3-multi-stop-plan	scenarios/g3-multi-stop-plan/snapshots/db-SlotConfigurationActivations.json	0	e3b0c44298fc1c149afbf4c8996fb92427ae41e4649b934ca495991b7852b855
3411887d	g3-multi-stop-plan	scenarios/g3-multi-stop-plan/snapshots/db-SlotFaultDeclarations.json	0	e3b0c44298fc1c149afbf4c8996fb92427ae41e4649b934ca495991b7852b855
3411887d	g3-multi-stop-plan	scenarios/g3-multi-stop-plan/snapshots/db-SlotIoBindings.json	4258	c108fddb8d2ad624db22f1e436faab8c3f7c88b7cf07ebe8e3d8748ca703e595
3411887d	g3-multi-stop-plan	scenarios/g3-multi-stop-plan/snapshots/db-SlotModelVersions.json	321	5fcee723c2110296bdbb61d29bd185bb3e272bf123d95b121eb1ae966bcb1833
3411887d	g3-multi-stop-plan	scenarios/g3-multi-stop-plan/snapshots/db-StationExclusivities.json	378	9ee7d52023a0afdffbc74d5c4cece76650e46000f697967629b54f8483602ac9
3411887d	g3-multi-stop-plan	scenarios/g3-multi-stop-plan/snapshots/db-StationExclusivityRecords.json	457	6f75f63ddaedbdd5e66a6cd42e01b9206456d47f522332260dc8e6c4e0190328
3411887d	g3-multi-stop-plan	scenarios/g3-multi-stop-plan/snapshots/db-StationOperations.json	2467	e11355db903d23a422eaf92761efeb988d65bd858376b241849e7609fd58eec1
3411887d	g3-multi-stop-plan	scenarios/g3-multi-stop-plan/snapshots/db-StructuralDispatchBlocks.json	0	e3b0c44298fc1c149afbf4c8996fb92427ae41e4649b934ca495991b7852b855
3411887d	g3-multi-stop-plan	scenarios/g3-multi-stop-plan/snapshots/db-TaskTypeStationActiveBindingSets.json	144	80f229cf798b749075b0487b7fc6a655095666cc02c87854ddff96f498f7763f
3411887d	g3-multi-stop-plan	scenarios/g3-multi-stop-plan/snapshots/db-TaskTypeStationBindings.json	173	b412006843f62c50e682598812b9f1746f67a659a3a2ddcff12221d6be0bbc28
3411887d	g3-multi-stop-plan	scenarios/g3-multi-stop-plan/snapshots/db-TaskTypeStationBindingSetVersions.json	396	dfda050826a6f120307226f9d1c7ed8e5064af96155892740b511fcb8f56fae4
3411887d	g3-multi-stop-plan	scenarios/g3-multi-stop-plan/snapshots/db-TaskTypeStationRuleVersions.json	331	20a099507fb178d528ad26d25187b80b9683415ad3fa508c292834cb65387a74
3411887d	g3-multi-stop-plan	scenarios/g3-multi-stop-plan/snapshots/db-VehiclePurposeClaimRecords.json	337	024103f8a0aa16927c57490bddc0ba233cbddd61bfa8dcc14d5928b627601091
3411887d	g3-multi-stop-plan	scenarios/g3-multi-stop-plan/snapshots/db-VehiclePurposeClaims.json	0	e3b0c44298fc1c149afbf4c8996fb92427ae41e4649b934ca495991b7852b855
3411887d	g3-multi-stop-plan	scenarios/g3-multi-stop-plan/snapshots/db-WaitingPoints.json	0	e3b0c44298fc1c149afbf4c8996fb92427ae41e4649b934ca495991b7852b855
3411887d	g3-multi-stop-plan	scenarios/g3-multi-stop-plan/snapshots/db-WaitingPointVehicleScopes.json	0	e3b0c44298fc1c149afbf4c8996fb92427ae41e4649b934ca495991b7852b855
3411887d	g3-multi-stop-plan	scenarios/g3-multi-stop-plan/snapshots/db-WaitingPointVersions.json	0	e3b0c44298fc1c149afbf4c8996fb92427ae41e4649b934ca495991b7852b855
3411887d	g3-multi-stop-plan	scenarios/g3-multi-stop-plan/snapshots/fake-mes-ingest.json	1769	6261009b56d7b1432f6fee666ddc1a322a6c9928cbb515f885c06d145a4c8858
3411887d	g3-multi-stop-plan	scenarios/g3-multi-stop-plan/snapshots/fake-riot.json	3853	0a16da7fb610e64faa9bddf137d54a1a80e6f3bbcf713e971060a8bf0f658598
3411887d	g3-multi-stop-plan	scenarios/g3-multi-stop-plan/snapshots/preseed-area-assignments.csv	128	9906e26d53df2e02e2cb2da976840b5764419d03f3d724097fe4bf7ce36ec8af
3411887d	g3-multi-stop-plan	scenarios/g3-multi-stop-plan/snapshots/preseed-charging-policy.json	444	c9cff5e4ecf1d832d52d74154c81f43961075a5ca9d96150e9f079ea0afc2bfa
3411887d	g3-multi-stop-plan	scenarios/g3-multi-stop-plan/snapshots/preseed-dispatch-zone-parameters.json	128	529298468af875cef190776b9690725d43994971e44cb06beb0b33da58694c97
3411887d	g3-multi-stop-plan	scenarios/g3-multi-stop-plan/snapshots/slots-simulator.json	3030	e4131550fbc2674d0eb1972eb24ed6e2fd1f1af1b72b13e808a71a80adb9a5e2
3411887d	g3-multi-stop-plan	scenarios/g3-multi-stop-plan/snapshots/task-type-stations.settings.json	894	d69ededa82fcf5dad3cdcc83b1682ae1f2ca0ce41be15f438c179105d114cc4f
3411887d	g3-operation-result-unknown-reconcile	scenarios/g3-operation-result-unknown-reconcile/logs/build.log	2464	06f6be4c35892fdaab5754b7488a229c82d581954e81f6c0b9b37d908a46e932
3411887d	g3-operation-result-unknown-reconcile	scenarios/g3-operation-result-unknown-reconcile/logs/control-server.err.log	0	e3b0c44298fc1c149afbf4c8996fb92427ae41e4649b934ca495991b7852b855
3411887d	g3-operation-result-unknown-reconcile	scenarios/g3-operation-result-unknown-reconcile/logs/control-server.out.log	1807536	99e4f54d2b28b36a514e7d0f69e09a6488a540263df619bfb73be4b18c2fc56d
3411887d	g3-operation-result-unknown-reconcile	scenarios/g3-operation-result-unknown-reconcile/logs/fake-mes-ingest.err.log	0	e3b0c44298fc1c149afbf4c8996fb92427ae41e4649b934ca495991b7852b855
3411887d	g3-operation-result-unknown-reconcile	scenarios/g3-operation-result-unknown-reconcile/logs/fake-mes-ingest.out.log	53814	30d29829eaf3b4a535062c16937ccd042563b9371a9ebc0f13eda705b25b406c
3411887d	g3-operation-result-unknown-reconcile	scenarios/g3-operation-result-unknown-reconcile/logs/fake-riot.err.log	0	e3b0c44298fc1c149afbf4c8996fb92427ae41e4649b934ca495991b7852b855
3411887d	g3-operation-result-unknown-reconcile	scenarios/g3-operation-result-unknown-reconcile/logs/fake-riot.out.log	247270	2321adcc3299114faf78dab17681573b9560b3b50517886ff7950c7d0192d3fc
3411887d	g3-operation-result-unknown-reconcile	scenarios/g3-operation-result-unknown-reconcile/logs/onboard-hmi.before-restart-1.err.log	0	e3b0c44298fc1c149afbf4c8996fb92427ae41e4649b934ca495991b7852b855
3411887d	g3-operation-result-unknown-reconcile	scenarios/g3-operation-result-unknown-reconcile/logs/onboard-hmi.before-restart-1.out.log	0	e3b0c44298fc1c149afbf4c8996fb92427ae41e4649b934ca495991b7852b855
3411887d	g3-operation-result-unknown-reconcile	scenarios/g3-operation-result-unknown-reconcile/logs/onboard-hmi.before-restart-2.err.log	0	e3b0c44298fc1c149afbf4c8996fb92427ae41e4649b934ca495991b7852b855
3411887d	g3-operation-result-unknown-reconcile	scenarios/g3-operation-result-unknown-reconcile/logs/onboard-hmi.before-restart-2.out.log	0	e3b0c44298fc1c149afbf4c8996fb92427ae41e4649b934ca495991b7852b855
3411887d	g3-operation-result-unknown-reconcile	scenarios/g3-operation-result-unknown-reconcile/logs/onboard-hmi.err.log	0	e3b0c44298fc1c149afbf4c8996fb92427ae41e4649b934ca495991b7852b855
3411887d	g3-operation-result-unknown-reconcile	scenarios/g3-operation-result-unknown-reconcile/logs/onboard-hmi.out.log	0	e3b0c44298fc1c149afbf4c8996fb92427ae41e4649b934ca495991b7852b855
3411887d	g3-operation-result-unknown-reconcile	scenarios/g3-operation-result-unknown-reconcile/logs/package-capacity-import.err.log	0	e3b0c44298fc1c149afbf4c8996fb92427ae41e4649b934ca495991b7852b855
3411887d	g3-operation-result-unknown-reconcile	scenarios/g3-operation-result-unknown-reconcile/logs/package-capacity-import.out.log	162557	79115cf3c21d32079adc8797a8bac2e256ffd3fdd174b8d23e83b1fa7af71856
3411887d	g3-operation-result-unknown-reconcile	scenarios/g3-operation-result-unknown-reconcile/logs/slots-simulator.err.log	0	e3b0c44298fc1c149afbf4c8996fb92427ae41e4649b934ca495991b7852b855
3411887d	g3-operation-result-unknown-reconcile	scenarios/g3-operation-result-unknown-reconcile/logs/slots-simulator.out.log	0	e3b0c44298fc1c149afbf4c8996fb92427ae41e4649b934ca495991b7852b855
3411887d	g3-operation-result-unknown-reconcile	scenarios/g3-operation-result-unknown-reconcile/logs/onboard-app/agv-20261010.log	13377	a1e0674a1799d463fc70f9b7fbf4b0d70e5bd3234c512a40e910146a0e450191
3411887d	g3-operation-result-unknown-reconcile	scenarios/g3-operation-result-unknown-reconcile/snapshots/db-AcceptedDemands.json	856	ac8a236934ac6eefae1db544ea542c933a934bba24bc9791bb247be72c8657d5
3411887d	g3-operation-result-unknown-reconcile	scenarios/g3-operation-result-unknown-reconcile/snapshots/db-ActiveSlotConfigurations.json	0	e3b0c44298fc1c149afbf4c8996fb92427ae41e4649b934ca495991b7852b855
3411887d	g3-operation-result-unknown-reconcile	scenarios/g3-operation-result-unknown-reconcile/snapshots/db-BusinessAuditRecords.json	6503	1a48f6bbbfd5f0d40b39b3102fb673616fe9d11a38f72ac8e12db74830613957
3411887d	g3-operation-result-unknown-reconcile	scenarios/g3-operation-result-unknown-reconcile/snapshots/db-ChargerRosterEntries.json	0	e3b0c44298fc1c149afbf4c8996fb92427ae41e4649b934ca495991b7852b855
3411887d	g3-operation-result-unknown-reconcile	scenarios/g3-operation-result-unknown-reconcile/snapshots/db-ChargerRosterVersions.json	0	e3b0c44298fc1c149afbf4c8996fb92427ae41e4649b934ca495991b7852b855
3411887d	g3-operation-result-unknown-reconcile	scenarios/g3-operation-result-unknown-reconcile/snapshots/db-ChargingPolicyActivations.json	189	45cb39f038b667e955b145f06ee7c247079218828e305e48a635685fe3ded0d9
3411887d	g3-operation-result-unknown-reconcile	scenarios/g3-operation-result-unknown-reconcile/snapshots/db-ChargingPolicyApprovals.json	282	30bafbef91cf94cfd601ff4894a7f3c871c7e4bef7b45185137a01b6c1d0990a
3411887d	g3-operation-result-unknown-reconcile	scenarios/g3-operation-result-unknown-reconcile/snapshots/db-ChargingPolicyVehicleScopes.json	0	e3b0c44298fc1c149afbf4c8996fb92427ae41e4649b934ca495991b7852b855
3411887d	g3-operation-result-unknown-reconcile	scenarios/g3-operation-result-unknown-reconcile/snapshots/db-ChargingPolicyVersions.json	632	fee3850dcd0062b0b096dccc636a929a88cf0da41612905ce202791d613e269b
3411887d	g3-operation-result-unknown-reconcile	scenarios/g3-operation-result-unknown-reconcile/snapshots/db-CreateGateAudit.json	445	4e5901d1cec6702c49a6601d53671dc01467361d680914021ac3dd2e7bea6aaf
3411887d	g3-operation-result-unknown-reconcile	scenarios/g3-operation-result-unknown-reconcile/snapshots/db-DispatchZoneAreaAssignments.json	377	ffd7aa7365bc86efef17a319718d4204d0b1a59ba4472d7aa02a7a181ceaee9c
3411887d	g3-operation-result-unknown-reconcile	scenarios/g3-operation-result-unknown-reconcile/snapshots/db-DispatchZoneAreaAssignmentVersions.json	235	afacecbd23e7d6bf69570de4874e56471654db5436a2d21f8a020557f90bc952
3411887d	g3-operation-result-unknown-reconcile	scenarios/g3-operation-result-unknown-reconcile/snapshots/db-DispatchZoneParameters.json	0	e3b0c44298fc1c149afbf4c8996fb92427ae41e4649b934ca495991b7852b855
3411887d	g3-operation-result-unknown-reconcile	scenarios/g3-operation-result-unknown-reconcile/snapshots/db-DispatchZoneParameterVersions.json	0	e3b0c44298fc1c149afbf4c8996fb92427ae41e4649b934ca495991b7852b855
3411887d	g3-operation-result-unknown-reconcile	scenarios/g3-operation-result-unknown-reconcile/snapshots/db-ExceptionRecoverySessions.json	0	e3b0c44298fc1c149afbf4c8996fb92427ae41e4649b934ca495991b7852b855
3411887d	g3-operation-result-unknown-reconcile	scenarios/g3-operation-result-unknown-reconcile/snapshots/db-FrozenDemandStations.json	666	2477bf0ed4610db85a47890047ec77e2f1ca9a4a8964ce042b6722adbac18d80
3411887d	g3-operation-result-unknown-reconcile	scenarios/g3-operation-result-unknown-reconcile/snapshots/db-JourneyBacklog.json	569	b1b4536e4511fc154d64446a82d48e1998c179fdd4522155e39b3d4ebf08180a
3411887d	g3-operation-result-unknown-reconcile	scenarios/g3-operation-result-unknown-reconcile/snapshots/db-JourneyDemands.json	874	213f5973981a52ef6836c3b1b3353d0586b2c2cf51236ff63b9c450e52d22ced
3411887d	g3-operation-result-unknown-reconcile	scenarios/g3-operation-result-unknown-reconcile/snapshots/db-JourneyRuntimes.json	2843	f9a33bd8442abdb5c4a5a6879f4390649506316ce60eacdb6712eb1031e06bd0
3411887d	g3-operation-result-unknown-reconcile	scenarios/g3-operation-result-unknown-reconcile/snapshots/db-JourneyStops.json	1939	b103ff987255fdddc42abcf5758db991c04c2c1472353f1e7d26b284c0a88f1f
3411887d	g3-operation-result-unknown-reconcile	scenarios/g3-operation-result-unknown-reconcile/snapshots/db-MapStationCatalogStates.json	370	ca6c057752ea46aa4526572232cc00e37bdd015866a7a316bc16946e6c856cc5
3411887d	g3-operation-result-unknown-reconcile	scenarios/g3-operation-result-unknown-reconcile/snapshots/db-OnboardAlarmSnapshots.json	683	d0c97c2af71b6e6ac5eb78167305b981f9dc8bc0fec00d0ea6b35d13eec07225
3411887d	g3-operation-result-unknown-reconcile	scenarios/g3-operation-result-unknown-reconcile/snapshots/db-OperationResults.json	666	70e76749263330b6707512512a7812b204890d679156c8f2d82e018bc57a14b1
3411887d	g3-operation-result-unknown-reconcile	scenarios/g3-operation-result-unknown-reconcile/snapshots/db-OrderIntents.json	1531	eb218edc44b6daa94590bda3c3f6c6425497bc019666104712da17fefe856e16
3411887d	g3-operation-result-unknown-reconcile	scenarios/g3-operation-result-unknown-reconcile/snapshots/db-OwnOrderRebuilds.json	0	e3b0c44298fc1c149afbf4c8996fb92427ae41e4649b934ca495991b7852b855
3411887d	g3-operation-result-unknown-reconcile	scenarios/g3-operation-result-unknown-reconcile/snapshots/db-RecoveryWorkflows.json	0	e3b0c44298fc1c149afbf4c8996fb92427ae41e4649b934ca495991b7852b855
3411887d	g3-operation-result-unknown-reconcile	scenarios/g3-operation-result-unknown-reconcile/snapshots/db-RiotDispatchAuditEvents.json	4558	0afbe8cc05226cb9424167801776a8f75de85e3bc0161cae22869ffa51d03b14
3411887d	g3-operation-result-unknown-reconcile	scenarios/g3-operation-result-unknown-reconcile/snapshots/db-RiotOrderCommandAudit.json	0	e3b0c44298fc1c149afbf4c8996fb92427ae41e4649b934ca495991b7852b855
3411887d	g3-operation-result-unknown-reconcile	scenarios/g3-operation-result-unknown-reconcile/snapshots/db-RouteGraphSnapshots.json	0	e3b0c44298fc1c149afbf4c8996fb92427ae41e4649b934ca495991b7852b855
3411887d	g3-operation-result-unknown-reconcile	scenarios/g3-operation-result-unknown-reconcile/snapshots/db-SessionRecoveries.json	1253	aff8e4bfa4fd5199b5277c76c557e0af4ea7c768ffa58a08176d64b81e45d69c
3411887d	g3-operation-result-unknown-reconcile	scenarios/g3-operation-result-unknown-reconcile/snapshots/db-SlotConfigurationActivations.json	0	e3b0c44298fc1c149afbf4c8996fb92427ae41e4649b934ca495991b7852b855
3411887d	g3-operation-result-unknown-reconcile	scenarios/g3-operation-result-unknown-reconcile/snapshots/db-SlotFaultDeclarations.json	0	e3b0c44298fc1c149afbf4c8996fb92427ae41e4649b934ca495991b7852b855
3411887d	g3-operation-result-unknown-reconcile	scenarios/g3-operation-result-unknown-reconcile/snapshots/db-SlotIoBindings.json	4258	539780871f3dadd379c99ae341c20ce46d1e091121221a8c96cd6d390420aab5
3411887d	g3-operation-result-unknown-reconcile	scenarios/g3-operation-result-unknown-reconcile/snapshots/db-SlotModelVersions.json	321	b7cb76ab360a376f0e85d2d7d7a9e8f52bfd168707f6228a95d91fa4e5b37fa8
3411887d	g3-operation-result-unknown-reconcile	scenarios/g3-operation-result-unknown-reconcile/snapshots/db-StationExclusivities.json	378	a1b27abe8427ed4f65bc53902fb5da238798de6c4e73910ac1c551a3c88e72cd
3411887d	g3-operation-result-unknown-reconcile	scenarios/g3-operation-result-unknown-reconcile/snapshots/db-StationExclusivityRecords.json	426	5eb95d8e5a759aa0bbf110fcd6e0bd21431441dff5bdf6679d459d260856a1b0
3411887d	g3-operation-result-unknown-reconcile	scenarios/g3-operation-result-unknown-reconcile/snapshots/db-StationOperations.json	484	6dbfe04c72b8cbb6a96a85d31fbb517e1aa33a6908a3d16a8dc1bafa92fdebf0
3411887d	g3-operation-result-unknown-reconcile	scenarios/g3-operation-result-unknown-reconcile/snapshots/db-StructuralDispatchBlocks.json	0	e3b0c44298fc1c149afbf4c8996fb92427ae41e4649b934ca495991b7852b855
3411887d	g3-operation-result-unknown-reconcile	scenarios/g3-operation-result-unknown-reconcile/snapshots/db-TaskTypeStationActiveBindingSets.json	144	13427c1d029667269d133486bfe0023ee4f459f48cf278fa329d43f7bd18f9a7
3411887d	g3-operation-result-unknown-reconcile	scenarios/g3-operation-result-unknown-reconcile/snapshots/db-TaskTypeStationBindings.json	173	b412006843f62c50e682598812b9f1746f67a659a3a2ddcff12221d6be0bbc28
3411887d	g3-operation-result-unknown-reconcile	scenarios/g3-operation-result-unknown-reconcile/snapshots/db-TaskTypeStationBindingSetVersions.json	396	1484211573664a9c69ec32cafb10ec705ef31616161af72b3181b5f4d816f178
3411887d	g3-operation-result-unknown-reconcile	scenarios/g3-operation-result-unknown-reconcile/snapshots/db-TaskTypeStationRuleVersions.json	331	ad2507adff7671d32f570c32a1916e2181c53cb4f8bc1e4e8b8635b8cebfcb49
3411887d	g3-operation-result-unknown-reconcile	scenarios/g3-operation-result-unknown-reconcile/snapshots/db-VehiclePurposeClaimRecords.json	288	b06d905065b9436378d407c66800e5711dc4eccafa9ca3c33a7fb85995bc633f
3411887d	g3-operation-result-unknown-reconcile	scenarios/g3-operation-result-unknown-reconcile/snapshots/db-VehiclePurposeClaims.json	183	198fa4eded2744cd086c007c44f711b5eb55eb1e03f3d59190cd10f28745c9cf
3411887d	g3-operation-result-unknown-reconcile	scenarios/g3-operation-result-unknown-reconcile/snapshots/db-WaitingPoints.json	0	e3b0c44298fc1c149afbf4c8996fb92427ae41e4649b934ca495991b7852b855
3411887d	g3-operation-result-unknown-reconcile	scenarios/g3-operation-result-unknown-reconcile/snapshots/db-WaitingPointVehicleScopes.json	0	e3b0c44298fc1c149afbf4c8996fb92427ae41e4649b934ca495991b7852b855
3411887d	g3-operation-result-unknown-reconcile	scenarios/g3-operation-result-unknown-reconcile/snapshots/db-WaitingPointVersions.json	0	e3b0c44298fc1c149afbf4c8996fb92427ae41e4649b934ca495991b7852b855
3411887d	g3-operation-result-unknown-reconcile	scenarios/g3-operation-result-unknown-reconcile/snapshots/fake-mes-ingest.json	1040	bfc145757f63874d9aea2cf98d56bba4b4d93567f8cf872b5c90b4701e33bddf
3411887d	g3-operation-result-unknown-reconcile	scenarios/g3-operation-result-unknown-reconcile/snapshots/fake-riot.json	2949	1bbe5cc85dc100c93b208e2f027807239448d6639da8e9cf931168a772942e6c
3411887d	g3-operation-result-unknown-reconcile	scenarios/g3-operation-result-unknown-reconcile/snapshots/preseed-area-assignments.csv	128	9906e26d53df2e02e2cb2da976840b5764419d03f3d724097fe4bf7ce36ec8af
3411887d	g3-operation-result-unknown-reconcile	scenarios/g3-operation-result-unknown-reconcile/snapshots/preseed-charging-policy.json	444	c9cff5e4ecf1d832d52d74154c81f43961075a5ca9d96150e9f079ea0afc2bfa
3411887d	g3-operation-result-unknown-reconcile	scenarios/g3-operation-result-unknown-reconcile/snapshots/slots-simulator.json	3029	c852cc874f942fceae6c3d3a8c3b6a9ad639361fedc75aafdd0d674f26e2d7da
3411887d	g3-operation-result-unknown-reconcile	scenarios/g3-operation-result-unknown-reconcile/snapshots/task-type-stations.settings.json	894	d69ededa82fcf5dad3cdcc83b1682ae1f2ca0ce41be15f438c179105d114cc4f
3411887d	g3-pickup-load-and-correction	scenarios/g3-pickup-load-and-correction/logs/build.log	2464	ef4b3799604aa5c7076a8e69fefdd2922bd3b5a296daa03a699a197bf4dd81bb
3411887d	g3-pickup-load-and-correction	scenarios/g3-pickup-load-and-correction/logs/control-server.err.log	0	e3b0c44298fc1c149afbf4c8996fb92427ae41e4649b934ca495991b7852b855
3411887d	g3-pickup-load-and-correction	scenarios/g3-pickup-load-and-correction/logs/control-server.out.log	2781731	0d4a734c855d1d7e3e41481204e7f1e9389a225b46ce22baf79987653a232512
3411887d	g3-pickup-load-and-correction	scenarios/g3-pickup-load-and-correction/logs/fake-mes-ingest.err.log	0	e3b0c44298fc1c149afbf4c8996fb92427ae41e4649b934ca495991b7852b855
3411887d	g3-pickup-load-and-correction	scenarios/g3-pickup-load-and-correction/logs/fake-mes-ingest.out.log	86101	5409ad968b33ad7f0c6dda578f72c25dfc6d10a4d658abd10fa56a9b2d13adf1
3411887d	g3-pickup-load-and-correction	scenarios/g3-pickup-load-and-correction/logs/fake-riot.err.log	0	e3b0c44298fc1c149afbf4c8996fb92427ae41e4649b934ca495991b7852b855
3411887d	g3-pickup-load-and-correction	scenarios/g3-pickup-load-and-correction/logs/fake-riot.out.log	325467	3b3844b98eadb8ca70ef2f3773029aa7c0361187b2af3542b551622409d79336
3411887d	g3-pickup-load-and-correction	scenarios/g3-pickup-load-and-correction/logs/onboard-hmi.err.log	0	e3b0c44298fc1c149afbf4c8996fb92427ae41e4649b934ca495991b7852b855
3411887d	g3-pickup-load-and-correction	scenarios/g3-pickup-load-and-correction/logs/onboard-hmi.out.log	0	e3b0c44298fc1c149afbf4c8996fb92427ae41e4649b934ca495991b7852b855
3411887d	g3-pickup-load-and-correction	scenarios/g3-pickup-load-and-correction/logs/package-capacity-import.err.log	0	e3b0c44298fc1c149afbf4c8996fb92427ae41e4649b934ca495991b7852b855
3411887d	g3-pickup-load-and-correction	scenarios/g3-pickup-load-and-correction/logs/package-capacity-import.out.log	162552	2f16f0d7588a43f8d67f927bbc553e420f653c641c381fcbe59430e327e73c27
3411887d	g3-pickup-load-and-correction	scenarios/g3-pickup-load-and-correction/logs/slots-simulator.err.log	0	e3b0c44298fc1c149afbf4c8996fb92427ae41e4649b934ca495991b7852b855
3411887d	g3-pickup-load-and-correction	scenarios/g3-pickup-load-and-correction/logs/slots-simulator.out.log	0	e3b0c44298fc1c149afbf4c8996fb92427ae41e4649b934ca495991b7852b855
3411887d	g3-pickup-load-and-correction	scenarios/g3-pickup-load-and-correction/logs/onboard-app/agv-20261010.log	22767	028466a945f3cc5ddf8d61f050869a49358f5e6dd7bf2cb1c248dbf733953291
3411887d	g3-pickup-load-and-correction	scenarios/g3-pickup-load-and-correction/snapshots/db-AcceptedDemands.json	846	1edac2a0e07ac587a8dabfaae4df27a99ab54a2ee62ad451dc5709325b5e904f
3411887d	g3-pickup-load-and-correction	scenarios/g3-pickup-load-and-correction/snapshots/db-ActiveSlotConfigurations.json	0	e3b0c44298fc1c149afbf4c8996fb92427ae41e4649b934ca495991b7852b855
3411887d	g3-pickup-load-and-correction	scenarios/g3-pickup-load-and-correction/snapshots/db-BusinessAuditRecords.json	6503	808d338ce855669c508f5830447c9a93943ea199328ae99c96d852b794fe23e7
3411887d	g3-pickup-load-and-correction	scenarios/g3-pickup-load-and-correction/snapshots/db-ChargerRosterEntries.json	0	e3b0c44298fc1c149afbf4c8996fb92427ae41e4649b934ca495991b7852b855
3411887d	g3-pickup-load-and-correction	scenarios/g3-pickup-load-and-correction/snapshots/db-ChargerRosterVersions.json	0	e3b0c44298fc1c149afbf4c8996fb92427ae41e4649b934ca495991b7852b855
3411887d	g3-pickup-load-and-correction	scenarios/g3-pickup-load-and-correction/snapshots/db-ChargingPolicyActivations.json	189	0bb3415dee921f700676e684834dda40eec7da0a4390c6d30f20346864bfa55b
3411887d	g3-pickup-load-and-correction	scenarios/g3-pickup-load-and-correction/snapshots/db-ChargingPolicyApprovals.json	282	a5cb17dc3f76c1c3b5cb6518946e023d88f55ae32255c000980e5d82d5720cff
3411887d	g3-pickup-load-and-correction	scenarios/g3-pickup-load-and-correction/snapshots/db-ChargingPolicyVehicleScopes.json	0	e3b0c44298fc1c149afbf4c8996fb92427ae41e4649b934ca495991b7852b855
3411887d	g3-pickup-load-and-correction	scenarios/g3-pickup-load-and-correction/snapshots/db-ChargingPolicyVersions.json	632	d902805bd519c7ff8ffd6e71388b596aea6aaee899c89f46423596d6e503d983
3411887d	g3-pickup-load-and-correction	scenarios/g3-pickup-load-and-correction/snapshots/db-CreateGateAudit.json	444	30abb42243f61375adac318a8ec752a10181744d47b4166a6fbd46368bcc11e4
3411887d	g3-pickup-load-and-correction	scenarios/g3-pickup-load-and-correction/snapshots/db-DispatchZoneAreaAssignments.json	377	ffd7aa7365bc86efef17a319718d4204d0b1a59ba4472d7aa02a7a181ceaee9c
3411887d	g3-pickup-load-and-correction	scenarios/g3-pickup-load-and-correction/snapshots/db-DispatchZoneAreaAssignmentVersions.json	235	03a4841cc259a82c23e167033d4917e1cabcb0b5e5e9ed817babcd18b8da964d
3411887d	g3-pickup-load-and-correction	scenarios/g3-pickup-load-and-correction/snapshots/db-DispatchZoneParameters.json	0	e3b0c44298fc1c149afbf4c8996fb92427ae41e4649b934ca495991b7852b855
3411887d	g3-pickup-load-and-correction	scenarios/g3-pickup-load-and-correction/snapshots/db-DispatchZoneParameterVersions.json	0	e3b0c44298fc1c149afbf4c8996fb92427ae41e4649b934ca495991b7852b855
3411887d	g3-pickup-load-and-correction	scenarios/g3-pickup-load-and-correction/snapshots/db-ExceptionRecoverySessions.json	0	e3b0c44298fc1c149afbf4c8996fb92427ae41e4649b934ca495991b7852b855
3411887d	g3-pickup-load-and-correction	scenarios/g3-pickup-load-and-correction/snapshots/db-FrozenDemandStations.json	664	96e6511e1d928e219f6c6c8b285c7e5eb62ad5463d171a78010c2ebe445b640c
3411887d	g3-pickup-load-and-correction	scenarios/g3-pickup-load-and-correction/snapshots/db-JourneyBacklog.json	568	eb08440def2ac3688578006d6cd017bff82436ff598d324ceb90920b10639a92
3411887d	g3-pickup-load-and-correction	scenarios/g3-pickup-load-and-correction/snapshots/db-JourneyDemands.json	875	71e8e41544f03c56775ea231b4d769ddd98bfc5aea477dba2f59a5297b123b26
3411887d	g3-pickup-load-and-correction	scenarios/g3-pickup-load-and-correction/snapshots/db-JourneyRuntimes.json	2861	105f614c14314d83fb3dbfa36cc882454eddfaa49989737d78b0919f517f6bcf
3411887d	g3-pickup-load-and-correction	scenarios/g3-pickup-load-and-correction/snapshots/db-JourneyStops.json	1941	5f6ff336efadf6484352c842aa79035a091e9f7b951db7428670ddc1cb56ba98
3411887d	g3-pickup-load-and-correction	scenarios/g3-pickup-load-and-correction/snapshots/db-MapStationCatalogStates.json	370	d81d060387699cbf65a55bcdf29cff64ac6bfaf4b4e0e6f864890ac5eefe55fa
3411887d	g3-pickup-load-and-correction	scenarios/g3-pickup-load-and-correction/snapshots/db-OnboardAlarmSnapshots.json	212	2f94d362e2a5c66dcd27afd99f4391a8a8a0f0be567805ea0a956a224eacae13
3411887d	g3-pickup-load-and-correction	scenarios/g3-pickup-load-and-correction/snapshots/db-OperationResults.json	746	7257760d89a52d5d52480fffade13b82077a3b721c73e09a3b3fc6510bbbedc4
3411887d	g3-pickup-load-and-correction	scenarios/g3-pickup-load-and-correction/snapshots/db-OrderIntents.json	3176	cd6af4b5a093d5abfe674ca437e7c826ef1585add298249f26afcf5e99e4d97f
3411887d	g3-pickup-load-and-correction	scenarios/g3-pickup-load-and-correction/snapshots/db-OwnOrderRebuilds.json	0	e3b0c44298fc1c149afbf4c8996fb92427ae41e4649b934ca495991b7852b855
3411887d	g3-pickup-load-and-correction	scenarios/g3-pickup-load-and-correction/snapshots/db-RecoveryWorkflows.json	1126	751753e43d17d2e467d88a024431ccb360fc4631224f9f07ac112f8c4035cb27
3411887d	g3-pickup-load-and-correction	scenarios/g3-pickup-load-and-correction/snapshots/db-RiotDispatchAuditEvents.json	9101	cdf15c87ddaeb73abbf098976a29a4eb89ff32863ce9c262d00df7b5250afa25
3411887d	g3-pickup-load-and-correction	scenarios/g3-pickup-load-and-correction/snapshots/db-RiotOrderCommandAudit.json	0	e3b0c44298fc1c149afbf4c8996fb92427ae41e4649b934ca495991b7852b855
3411887d	g3-pickup-load-and-correction	scenarios/g3-pickup-load-and-correction/snapshots/db-RouteGraphSnapshots.json	0	e3b0c44298fc1c149afbf4c8996fb92427ae41e4649b934ca495991b7852b855
3411887d	g3-pickup-load-and-correction	scenarios/g3-pickup-load-and-correction/snapshots/db-SessionRecoveries.json	1123	74a00646e2a2be294070e6651262ba7065a5cfa2be36aaa3b1cf2e42c6e2c7b1
3411887d	g3-pickup-load-and-correction	scenarios/g3-pickup-load-and-correction/snapshots/db-SlotConfigurationActivations.json	0	e3b0c44298fc1c149afbf4c8996fb92427ae41e4649b934ca495991b7852b855
3411887d	g3-pickup-load-and-correction	scenarios/g3-pickup-load-and-correction/snapshots/db-SlotFaultDeclarations.json	0	e3b0c44298fc1c149afbf4c8996fb92427ae41e4649b934ca495991b7852b855
3411887d	g3-pickup-load-and-correction	scenarios/g3-pickup-load-and-correction/snapshots/db-SlotIoBindings.json	4258	e4b1796ec6f4a7e893be8c41bd185aed1c964731fd558a333f89f1fe15ce2788
3411887d	g3-pickup-load-and-correction	scenarios/g3-pickup-load-and-correction/snapshots/db-SlotModelVersions.json	321	95259f195198d7cfb8219f23a44b7282f29cce2f33a40d151b43ada53ff75731
3411887d	g3-pickup-load-and-correction	scenarios/g3-pickup-load-and-correction/snapshots/db-StationExclusivities.json	378	5ae4d73ada25dcdce2c78c33b0e1af9832666b116eabf9bddf73e001f873059e
3411887d	g3-pickup-load-and-correction	scenarios/g3-pickup-load-and-correction/snapshots/db-StationExclusivityRecords.json	426	8c01ebc384b8dc34685be9f4f22bb0949a729646db7afbeff92475023e3b3307
3411887d	g3-pickup-load-and-correction	scenarios/g3-pickup-load-and-correction/snapshots/db-StationOperations.json	664	24a81018b0c8b34cbe76885b514b7116591bc246a41bbcc1e368c3d71382a25e
3411887d	g3-pickup-load-and-correction	scenarios/g3-pickup-load-and-correction/snapshots/db-StructuralDispatchBlocks.json	0	e3b0c44298fc1c149afbf4c8996fb92427ae41e4649b934ca495991b7852b855
3411887d	g3-pickup-load-and-correction	scenarios/g3-pickup-load-and-correction/snapshots/db-TaskTypeStationActiveBindingSets.json	144	66542da489085073c5816216d1c816fd45a90bc788374cc6171288ed1532f5ff
3411887d	g3-pickup-load-and-correction	scenarios/g3-pickup-load-and-correction/snapshots/db-TaskTypeStationBindings.json	173	b412006843f62c50e682598812b9f1746f67a659a3a2ddcff12221d6be0bbc28
3411887d	g3-pickup-load-and-correction	scenarios/g3-pickup-load-and-correction/snapshots/db-TaskTypeStationBindingSetVersions.json	396	18914c38531687eb99dd13a99ae5d614656c73c877e8bcfd67afb0ae531c0faa
3411887d	g3-pickup-load-and-correction	scenarios/g3-pickup-load-and-correction/snapshots/db-TaskTypeStationRuleVersions.json	331	483b9a5fefffc36f737116783ae8fceadb07d5cae3ed4cad41a260207ecad6fe
3411887d	g3-pickup-load-and-correction	scenarios/g3-pickup-load-and-correction/snapshots/db-VehiclePurposeClaimRecords.json	288	094fbbcf7462ca6c31ab051ef66407a7a374cc251cc9feb087782cc188eb9c76
3411887d	g3-pickup-load-and-correction	scenarios/g3-pickup-load-and-correction/snapshots/db-VehiclePurposeClaims.json	183	43f0c12b1fbbe3144cdee314128ee59407c92e00535e58bd8524bd89d6e826fb
3411887d	g3-pickup-load-and-correction	scenarios/g3-pickup-load-and-correction/snapshots/db-WaitingPoints.json	0	e3b0c44298fc1c149afbf4c8996fb92427ae41e4649b934ca495991b7852b855
3411887d	g3-pickup-load-and-correction	scenarios/g3-pickup-load-and-correction/snapshots/db-WaitingPointVehicleScopes.json	0	e3b0c44298fc1c149afbf4c8996fb92427ae41e4649b934ca495991b7852b855
3411887d	g3-pickup-load-and-correction	scenarios/g3-pickup-load-and-correction/snapshots/db-WaitingPointVersions.json	0	e3b0c44298fc1c149afbf4c8996fb92427ae41e4649b934ca495991b7852b855
3411887d	g3-pickup-load-and-correction	scenarios/g3-pickup-load-and-correction/snapshots/fake-mes-ingest.json	1039	b6c97c2a073050cd691b1a624c20352bd3a033e461735fe41e7836c38cdb9c5e
3411887d	g3-pickup-load-and-correction	scenarios/g3-pickup-load-and-correction/snapshots/fake-riot.json	3386	9045be0aae6412d5cf54295002d3488e9fdc3214d29151918b0d9e80589f625e
3411887d	g3-pickup-load-and-correction	scenarios/g3-pickup-load-and-correction/snapshots/preseed-area-assignments.csv	128	9906e26d53df2e02e2cb2da976840b5764419d03f3d724097fe4bf7ce36ec8af
3411887d	g3-pickup-load-and-correction	scenarios/g3-pickup-load-and-correction/snapshots/preseed-charging-policy.json	444	c9cff5e4ecf1d832d52d74154c81f43961075a5ca9d96150e9f079ea0afc2bfa
3411887d	g3-pickup-load-and-correction	scenarios/g3-pickup-load-and-correction/snapshots/slots-simulator.json	3036	dea9fb35ed8a2c5df15909c972f85d6ec0749a0923c67d2fa7d81e7ac2e655f8
3411887d	g3-pickup-load-and-correction	scenarios/g3-pickup-load-and-correction/snapshots/task-type-stations.settings.json	894	d69ededa82fcf5dad3cdcc83b1682ae1f2ca0ce41be15f438c179105d114cc4f
3411887d	g3-predeparture-check-expires	scenarios/g3-predeparture-check-expires/logs/build.log	2464	9e18e99adbd10c90d037dc5222f8bc20c8375036e29c67f4252d0f0eb58177bd
3411887d	g3-predeparture-check-expires	scenarios/g3-predeparture-check-expires/logs/control-server.err.log	0	e3b0c44298fc1c149afbf4c8996fb92427ae41e4649b934ca495991b7852b855
3411887d	g3-predeparture-check-expires	scenarios/g3-predeparture-check-expires/logs/control-server.out.log	3934500	c700d0ee3333a5c14380248a9d675933ce83576ec03632f9673536074abe1065
3411887d	g3-predeparture-check-expires	scenarios/g3-predeparture-check-expires/logs/fake-mes-ingest.err.log	0	e3b0c44298fc1c149afbf4c8996fb92427ae41e4649b934ca495991b7852b855
3411887d	g3-predeparture-check-expires	scenarios/g3-predeparture-check-expires/logs/fake-mes-ingest.out.log	132442	cdc612b3406e40eb21d96164642f7d40e9449a31b44a2323472b9719c12fb815
3411887d	g3-predeparture-check-expires	scenarios/g3-predeparture-check-expires/logs/fake-riot.err.log	0	e3b0c44298fc1c149afbf4c8996fb92427ae41e4649b934ca495991b7852b855
3411887d	g3-predeparture-check-expires	scenarios/g3-predeparture-check-expires/logs/fake-riot.out.log	503444	499d03c8ce85c40152978d652e6030e551baf4db9b03e40be11bf09fc607f5c1
3411887d	g3-predeparture-check-expires	scenarios/g3-predeparture-check-expires/logs/onboard-hmi.err.log	0	e3b0c44298fc1c149afbf4c8996fb92427ae41e4649b934ca495991b7852b855
3411887d	g3-predeparture-check-expires	scenarios/g3-predeparture-check-expires/logs/onboard-hmi.out.log	0	e3b0c44298fc1c149afbf4c8996fb92427ae41e4649b934ca495991b7852b855
3411887d	g3-predeparture-check-expires	scenarios/g3-predeparture-check-expires/logs/package-capacity-import.err.log	0	e3b0c44298fc1c149afbf4c8996fb92427ae41e4649b934ca495991b7852b855
3411887d	g3-predeparture-check-expires	scenarios/g3-predeparture-check-expires/logs/package-capacity-import.out.log	162563	52212faae45015883b66fd2d433c58fb808462ff35860ec45029570d92502ad9
3411887d	g3-predeparture-check-expires	scenarios/g3-predeparture-check-expires/logs/slots-simulator.err.log	0	e3b0c44298fc1c149afbf4c8996fb92427ae41e4649b934ca495991b7852b855
3411887d	g3-predeparture-check-expires	scenarios/g3-predeparture-check-expires/logs/slots-simulator.out.log	0	e3b0c44298fc1c149afbf4c8996fb92427ae41e4649b934ca495991b7852b855
3411887d	g3-predeparture-check-expires	scenarios/g3-predeparture-check-expires/logs/onboard-app/agv-20261010.log	12684	945e33484bec917ce430a469e88bc33bc21740fcbc51026c47752d91c70ee58c
3411887d	g3-predeparture-check-expires	scenarios/g3-predeparture-check-expires/snapshots/db-AcceptedDemands.json	846	965b9131857619400a2d0b6925e2f2c0c4f46d29b6b226b30dca3ea55de40f53
3411887d	g3-predeparture-check-expires	scenarios/g3-predeparture-check-expires/snapshots/db-ActiveSlotConfigurations.json	0	e3b0c44298fc1c149afbf4c8996fb92427ae41e4649b934ca495991b7852b855
3411887d	g3-predeparture-check-expires	scenarios/g3-predeparture-check-expires/snapshots/db-BusinessAuditRecords.json	6501	55608c3422af3c444ddc26b05c23ac36c53154895b300c8fae717136ed611115
3411887d	g3-predeparture-check-expires	scenarios/g3-predeparture-check-expires/snapshots/db-ChargerRosterEntries.json	0	e3b0c44298fc1c149afbf4c8996fb92427ae41e4649b934ca495991b7852b855
3411887d	g3-predeparture-check-expires	scenarios/g3-predeparture-check-expires/snapshots/db-ChargerRosterVersions.json	0	e3b0c44298fc1c149afbf4c8996fb92427ae41e4649b934ca495991b7852b855
3411887d	g3-predeparture-check-expires	scenarios/g3-predeparture-check-expires/snapshots/db-ChargingPolicyActivations.json	189	d062f4e21c08289d2cb63eefcc830695175ff377d4d11974bbb830352cbff44d
3411887d	g3-predeparture-check-expires	scenarios/g3-predeparture-check-expires/snapshots/db-ChargingPolicyApprovals.json	282	6f2a6f7efe030b0e8978953a7658f51e0ef629ae4ca0a60b8754104a082b5b39
3411887d	g3-predeparture-check-expires	scenarios/g3-predeparture-check-expires/snapshots/db-ChargingPolicyVehicleScopes.json	0	e3b0c44298fc1c149afbf4c8996fb92427ae41e4649b934ca495991b7852b855
3411887d	g3-predeparture-check-expires	scenarios/g3-predeparture-check-expires/snapshots/db-ChargingPolicyVersions.json	632	334620e20df340b4e1346fefdee583bc6bbf21a227256866f5de1343250dc7b8
3411887d	g3-predeparture-check-expires	scenarios/g3-predeparture-check-expires/snapshots/db-CreateGateAudit.json	1440	7b5935f28d0e9a6912bd701d622de5aa3a21aba3a549ce991223bac86947cbcb
3411887d	g3-predeparture-check-expires	scenarios/g3-predeparture-check-expires/snapshots/db-DispatchZoneAreaAssignments.json	377	ffd7aa7365bc86efef17a319718d4204d0b1a59ba4472d7aa02a7a181ceaee9c
3411887d	g3-predeparture-check-expires	scenarios/g3-predeparture-check-expires/snapshots/db-DispatchZoneAreaAssignmentVersions.json	235	8a3b75bda39d4a1a80a84cb94195b7a0d0ebfaba3aa6b194873d9e8b3a77fe3e
3411887d	g3-predeparture-check-expires	scenarios/g3-predeparture-check-expires/snapshots/db-DispatchZoneParameters.json	0	e3b0c44298fc1c149afbf4c8996fb92427ae41e4649b934ca495991b7852b855
3411887d	g3-predeparture-check-expires	scenarios/g3-predeparture-check-expires/snapshots/db-DispatchZoneParameterVersions.json	0	e3b0c44298fc1c149afbf4c8996fb92427ae41e4649b934ca495991b7852b855
3411887d	g3-predeparture-check-expires	scenarios/g3-predeparture-check-expires/snapshots/db-ExceptionRecoverySessions.json	0	e3b0c44298fc1c149afbf4c8996fb92427ae41e4649b934ca495991b7852b855
3411887d	g3-predeparture-check-expires	scenarios/g3-predeparture-check-expires/snapshots/db-FrozenDemandStations.json	666	303513bf0f7ed99a96cc5be48ffbe2c25272f7de1282bedbd94b0f9c88869fbc
3411887d	g3-predeparture-check-expires	scenarios/g3-predeparture-check-expires/snapshots/db-JourneyBacklog.json	567	73ef354706a35506260a1a6d566a4b2644de17e191988049f9cf0d90215b4382
3411887d	g3-predeparture-check-expires	scenarios/g3-predeparture-check-expires/snapshots/db-JourneyDemands.json	873	922b420336709767ed74dac701f1d75fa53424dea87b003c96d44192cab4922b
3411887d	g3-predeparture-check-expires	scenarios/g3-predeparture-check-expires/snapshots/db-JourneyRuntimes.json	2859	cc7e2307caabebbc182f56e086543cc8831bbfcc3a49abf1e7fdf27987c7c1da
3411887d	g3-predeparture-check-expires	scenarios/g3-predeparture-check-expires/snapshots/db-JourneyStops.json	1941	e58693fca027de6a4cd08dbb07f6c0f4a9a9a884664aa157ec39902819b1ef0f
3411887d	g3-predeparture-check-expires	scenarios/g3-predeparture-check-expires/snapshots/db-MapStationCatalogStates.json	367	24157b54e2866a57110d5e98f6eef01cbda5ce342795a396e84b91808d748b45
3411887d	g3-predeparture-check-expires	scenarios/g3-predeparture-check-expires/snapshots/db-OnboardAlarmSnapshots.json	213	192c089395d75eafd9a55cf440412313f5b45db7c4c1450e38bd93085b7cfe2e
3411887d	g3-predeparture-check-expires	scenarios/g3-predeparture-check-expires/snapshots/db-OperationResults.json	668	9d2001cbf757b66b61528d3145d1410223f4d2bd470c3641bb922f35f7edd2b8
3411887d	g3-predeparture-check-expires	scenarios/g3-predeparture-check-expires/snapshots/db-OrderIntents.json	3177	796e895f69a823da5b2b0cbba11c12166b55bda2d50ef5be1903c13f52de6b7a
3411887d	g3-predeparture-check-expires	scenarios/g3-predeparture-check-expires/snapshots/db-OwnOrderRebuilds.json	0	e3b0c44298fc1c149afbf4c8996fb92427ae41e4649b934ca495991b7852b855
3411887d	g3-predeparture-check-expires	scenarios/g3-predeparture-check-expires/snapshots/db-RecoveryWorkflows.json	0	e3b0c44298fc1c149afbf4c8996fb92427ae41e4649b934ca495991b7852b855
3411887d	g3-predeparture-check-expires	scenarios/g3-predeparture-check-expires/snapshots/db-RiotDispatchAuditEvents.json	9103	17b1d03e2ac7f3e0ed55afd364686bcdc56efc6b962e3ca4a827e4f8c5c7e7f5
3411887d	g3-predeparture-check-expires	scenarios/g3-predeparture-check-expires/snapshots/db-RiotOrderCommandAudit.json	0	e3b0c44298fc1c149afbf4c8996fb92427ae41e4649b934ca495991b7852b855
3411887d	g3-predeparture-check-expires	scenarios/g3-predeparture-check-expires/snapshots/db-RouteGraphSnapshots.json	0	e3b0c44298fc1c149afbf4c8996fb92427ae41e4649b934ca495991b7852b855
3411887d	g3-predeparture-check-expires	scenarios/g3-predeparture-check-expires/snapshots/db-SessionRecoveries.json	1123	24f9ee2fa0e662efd36327bc4ed6caa828c9d3d98abaf8546c3147150c037ce1
3411887d	g3-predeparture-check-expires	scenarios/g3-predeparture-check-expires/snapshots/db-SlotConfigurationActivations.json	0	e3b0c44298fc1c149afbf4c8996fb92427ae41e4649b934ca495991b7852b855
3411887d	g3-predeparture-check-expires	scenarios/g3-predeparture-check-expires/snapshots/db-SlotFaultDeclarations.json	0	e3b0c44298fc1c149afbf4c8996fb92427ae41e4649b934ca495991b7852b855
3411887d	g3-predeparture-check-expires	scenarios/g3-predeparture-check-expires/snapshots/db-SlotIoBindings.json	4258	b4ba2e66cc8a9fc56f3f962ddbbec9345264cb1cbb1a84884c30525543ea0ac1
3411887d	g3-predeparture-check-expires	scenarios/g3-predeparture-check-expires/snapshots/db-SlotModelVersions.json	321	442aadc189bd6f17d44e2869617da0fc0a1e6e56e4609f881393314aff92f469
3411887d	g3-predeparture-check-expires	scenarios/g3-predeparture-check-expires/snapshots/db-StationExclusivities.json	378	8994697cdbf6a9cf02ab5314a948fa290d3db6d0b0b2338e47d69c0d913a78e5
3411887d	g3-predeparture-check-expires	scenarios/g3-predeparture-check-expires/snapshots/db-StationExclusivityRecords.json	426	af002b7ed20feaa1db9a2258fd35e767e4c5178996339867c804e62559c90667
3411887d	g3-predeparture-check-expires	scenarios/g3-predeparture-check-expires/snapshots/db-StationOperations.json	585	fd829174a596617aef5b5bce2f8cf758a04aba8035070f9c76ce68c0d4716769
3411887d	g3-predeparture-check-expires	scenarios/g3-predeparture-check-expires/snapshots/db-StructuralDispatchBlocks.json	0	e3b0c44298fc1c149afbf4c8996fb92427ae41e4649b934ca495991b7852b855
3411887d	g3-predeparture-check-expires	scenarios/g3-predeparture-check-expires/snapshots/db-TaskTypeStationActiveBindingSets.json	143	c778c268b698179e96b02d2dc75485d0350ce0dfddad9d2e75da59d7eea5e013
3411887d	g3-predeparture-check-expires	scenarios/g3-predeparture-check-expires/snapshots/db-TaskTypeStationBindings.json	173	b412006843f62c50e682598812b9f1746f67a659a3a2ddcff12221d6be0bbc28
3411887d	g3-predeparture-check-expires	scenarios/g3-predeparture-check-expires/snapshots/db-TaskTypeStationBindingSetVersions.json	395	baef37941de3280a388c3f0fb915593c3d872aafeee19811c7505097cf3559e3
3411887d	g3-predeparture-check-expires	scenarios/g3-predeparture-check-expires/snapshots/db-TaskTypeStationRuleVersions.json	330	3f7d730146cf6dfae0999e5c1c7e2c9928cd6f35e369f33082c6ebc622963658
3411887d	g3-predeparture-check-expires	scenarios/g3-predeparture-check-expires/snapshots/db-VehiclePurposeClaimRecords.json	288	33fef666248f933a871eca8710945f22760ffb807f3d12cf767af1b957ceef4a
3411887d	g3-predeparture-check-expires	scenarios/g3-predeparture-check-expires/snapshots/db-VehiclePurposeClaims.json	183	6930b010bc5b367481053b3eb7013b491d61a986a2f9e9d601b4045931e91366
3411887d	g3-predeparture-check-expires	scenarios/g3-predeparture-check-expires/snapshots/db-WaitingPoints.json	0	e3b0c44298fc1c149afbf4c8996fb92427ae41e4649b934ca495991b7852b855
3411887d	g3-predeparture-check-expires	scenarios/g3-predeparture-check-expires/snapshots/db-WaitingPointVehicleScopes.json	0	e3b0c44298fc1c149afbf4c8996fb92427ae41e4649b934ca495991b7852b855
3411887d	g3-predeparture-check-expires	scenarios/g3-predeparture-check-expires/snapshots/db-WaitingPointVersions.json	0	e3b0c44298fc1c149afbf4c8996fb92427ae41e4649b934ca495991b7852b855
3411887d	g3-predeparture-check-expires	scenarios/g3-predeparture-check-expires/snapshots/fake-mes-ingest.json	1038	6f81a95154b4f7068a68b4d8b71d513cd636beb16b94ca6665c358e023914495
3411887d	g3-predeparture-check-expires	scenarios/g3-predeparture-check-expires/snapshots/fake-riot.json	3386	c968add2ab94c9f0f593364bf32ac6d6b9a9f1c5f1a7272018219d34e1dfbd7d
3411887d	g3-predeparture-check-expires	scenarios/g3-predeparture-check-expires/snapshots/preseed-area-assignments.csv	128	9906e26d53df2e02e2cb2da976840b5764419d03f3d724097fe4bf7ce36ec8af
3411887d	g3-predeparture-check-expires	scenarios/g3-predeparture-check-expires/snapshots/preseed-charging-policy.json	444	c9cff5e4ecf1d832d52d74154c81f43961075a5ca9d96150e9f079ea0afc2bfa
3411887d	g3-predeparture-check-expires	scenarios/g3-predeparture-check-expires/snapshots/slots-simulator.json	3033	336773420492776697d9f81cbaf3f4e65f57b284b550d0cb50eba6427d10c077
3411887d	g3-predeparture-check-expires	scenarios/g3-predeparture-check-expires/snapshots/task-type-stations.settings.json	894	d69ededa82fcf5dad3cdcc83b1682ae1f2ca0ce41be15f438c179105d114cc4f
3411887d	g3-reversed-direction-journey	scenarios/g3-reversed-direction-journey/logs/build.log	2464	dcbc9ae6851a0d91ff09c933de66ac482a0ff413c4683dc439df0e75b7dfa4fd
3411887d	g3-reversed-direction-journey	scenarios/g3-reversed-direction-journey/logs/control-server.err.log	0	e3b0c44298fc1c149afbf4c8996fb92427ae41e4649b934ca495991b7852b855
3411887d	g3-reversed-direction-journey	scenarios/g3-reversed-direction-journey/logs/control-server.out.log	2931103	c7acb885ca32a9b107a2d351e6b7a33a441898e1a8ae6427ac1fcdbfc7cdfdc7
3411887d	g3-reversed-direction-journey	scenarios/g3-reversed-direction-journey/logs/fake-mes-ingest.err.log	0	e3b0c44298fc1c149afbf4c8996fb92427ae41e4649b934ca495991b7852b855
3411887d	g3-reversed-direction-journey	scenarios/g3-reversed-direction-journey/logs/fake-mes-ingest.out.log	91718	a892ed4f0a57c16732f8f05c510f0a97851f327b5b197e2fe4468ffa9732fc76
3411887d	g3-reversed-direction-journey	scenarios/g3-reversed-direction-journey/logs/fake-riot.err.log	0	e3b0c44298fc1c149afbf4c8996fb92427ae41e4649b934ca495991b7852b855
3411887d	g3-reversed-direction-journey	scenarios/g3-reversed-direction-journey/logs/fake-riot.out.log	363457	a7833c44fd0d96e1f25d66e6e6069143a03c884e6d3218d9e23e67f20b7addb8
3411887d	g3-reversed-direction-journey	scenarios/g3-reversed-direction-journey/logs/onboard-hmi.err.log	0	e3b0c44298fc1c149afbf4c8996fb92427ae41e4649b934ca495991b7852b855
3411887d	g3-reversed-direction-journey	scenarios/g3-reversed-direction-journey/logs/onboard-hmi.out.log	0	e3b0c44298fc1c149afbf4c8996fb92427ae41e4649b934ca495991b7852b855
3411887d	g3-reversed-direction-journey	scenarios/g3-reversed-direction-journey/logs/package-capacity-import.err.log	0	e3b0c44298fc1c149afbf4c8996fb92427ae41e4649b934ca495991b7852b855
3411887d	g3-reversed-direction-journey	scenarios/g3-reversed-direction-journey/logs/package-capacity-import.out.log	162556	f7411dd7a46da982310ad149a6a894d29f784701a1b2f89c7f34e83cdae27de1
3411887d	g3-reversed-direction-journey	scenarios/g3-reversed-direction-journey/logs/slots-simulator.err.log	0	e3b0c44298fc1c149afbf4c8996fb92427ae41e4649b934ca495991b7852b855
3411887d	g3-reversed-direction-journey	scenarios/g3-reversed-direction-journey/logs/slots-simulator.out.log	0	e3b0c44298fc1c149afbf4c8996fb92427ae41e4649b934ca495991b7852b855
3411887d	g3-reversed-direction-journey	scenarios/g3-reversed-direction-journey/logs/onboard-app/agv-20261010.log	13748	507a3c313059ecbfd070f7bc4fd36643765c951c4d10e03f9ea64b6383ca4b87
3411887d	g3-reversed-direction-journey	scenarios/g3-reversed-direction-journey/snapshots/db-AcceptedDemands.json	853	5580db305c66181245c43dc698155f3475726dd1a4b79e60e4d1377e03914329
3411887d	g3-reversed-direction-journey	scenarios/g3-reversed-direction-journey/snapshots/db-ActiveSlotConfigurations.json	0	e3b0c44298fc1c149afbf4c8996fb92427ae41e4649b934ca495991b7852b855
3411887d	g3-reversed-direction-journey	scenarios/g3-reversed-direction-journey/snapshots/db-BusinessAuditRecords.json	6503	77d8216ac850b9f4be6998069f4ab2c5decc0767cf5c0d4fe1486c5808a1da53
3411887d	g3-reversed-direction-journey	scenarios/g3-reversed-direction-journey/snapshots/db-ChargerRosterEntries.json	0	e3b0c44298fc1c149afbf4c8996fb92427ae41e4649b934ca495991b7852b855
3411887d	g3-reversed-direction-journey	scenarios/g3-reversed-direction-journey/snapshots/db-ChargerRosterVersions.json	0	e3b0c44298fc1c149afbf4c8996fb92427ae41e4649b934ca495991b7852b855
3411887d	g3-reversed-direction-journey	scenarios/g3-reversed-direction-journey/snapshots/db-ChargingPolicyActivations.json	189	7dcbcf99f40206bac0e960f4df099e7c9b0d681e82529f17c5fe15dd00187028
3411887d	g3-reversed-direction-journey	scenarios/g3-reversed-direction-journey/snapshots/db-ChargingPolicyApprovals.json	282	aa489dc421f56fdbc71732bb573cda47d939d631e277f7766ff912909dc6d80b
3411887d	g3-reversed-direction-journey	scenarios/g3-reversed-direction-journey/snapshots/db-ChargingPolicyVehicleScopes.json	0	e3b0c44298fc1c149afbf4c8996fb92427ae41e4649b934ca495991b7852b855
3411887d	g3-reversed-direction-journey	scenarios/g3-reversed-direction-journey/snapshots/db-ChargingPolicyVersions.json	632	afef0d1fc71831186c5b76afcedf119b8c882b62b5e9577a2840fe56364028ad
3411887d	g3-reversed-direction-journey	scenarios/g3-reversed-direction-journey/snapshots/db-CreateGateAudit.json	448	197c0fd19cbe4abbb4e2ae57ec23c59b1b090d6149c25a394aeca945c98b4c90
3411887d	g3-reversed-direction-journey	scenarios/g3-reversed-direction-journey/snapshots/db-DispatchZoneAreaAssignments.json	377	ffd7aa7365bc86efef17a319718d4204d0b1a59ba4472d7aa02a7a181ceaee9c
3411887d	g3-reversed-direction-journey	scenarios/g3-reversed-direction-journey/snapshots/db-DispatchZoneAreaAssignmentVersions.json	235	86f0f609a38e199db5c0732231a81b9670e77c5941e3eb96360fd41e0bdb85ad
3411887d	g3-reversed-direction-journey	scenarios/g3-reversed-direction-journey/snapshots/db-DispatchZoneParameters.json	0	e3b0c44298fc1c149afbf4c8996fb92427ae41e4649b934ca495991b7852b855
3411887d	g3-reversed-direction-journey	scenarios/g3-reversed-direction-journey/snapshots/db-DispatchZoneParameterVersions.json	0	e3b0c44298fc1c149afbf4c8996fb92427ae41e4649b934ca495991b7852b855
3411887d	g3-reversed-direction-journey	scenarios/g3-reversed-direction-journey/snapshots/db-ExceptionRecoverySessions.json	0	e3b0c44298fc1c149afbf4c8996fb92427ae41e4649b934ca495991b7852b855
3411887d	g3-reversed-direction-journey	scenarios/g3-reversed-direction-journey/snapshots/db-FrozenDemandStations.json	676	2f618b09565779725248e1c07fb19d5300e95ea080b402fa992a778b72e57520
3411887d	g3-reversed-direction-journey	scenarios/g3-reversed-direction-journey/snapshots/db-JourneyBacklog.json	571	f9fe0c6b29dc89f2b296a84f63d5e95c352dea8efcc910109330dbd945c1177e
3411887d	g3-reversed-direction-journey	scenarios/g3-reversed-direction-journey/snapshots/db-JourneyDemands.json	875	abe7f98def295d06e99b72ded8e77dae78bfdf76ef6eb9560c2221454909ff5a
3411887d	g3-reversed-direction-journey	scenarios/g3-reversed-direction-journey/snapshots/db-JourneyRuntimes.json	2854	ba75b10e158b9bfcb0b238df397e68e0a5d12f5a1668ae660856965da23406c7
3411887d	g3-reversed-direction-journey	scenarios/g3-reversed-direction-journey/snapshots/db-JourneyStops.json	1949	33e0ab6806645bd5f4a59fdd2e4252f7960d8bd92d5b99d923404ef1fdd88979
3411887d	g3-reversed-direction-journey	scenarios/g3-reversed-direction-journey/snapshots/db-MapStationCatalogStates.json	370	8c694fc270224c254b06f4e8ddd9e162777263a78c612a8a1b3a67fa7ea0a715
3411887d	g3-reversed-direction-journey	scenarios/g3-reversed-direction-journey/snapshots/db-OnboardAlarmSnapshots.json	213	d0475625dfe66f108e17841f6b9867f9ccbc14f16f2c63c067a67d2b28d9f9fc
3411887d	g3-reversed-direction-journey	scenarios/g3-reversed-direction-journey/snapshots/db-OperationResults.json	1401	2f70efdfbad34925c345a1a7e8a0a167db02f94ed6277344cf313ee11eb89306
3411887d	g3-reversed-direction-journey	scenarios/g3-reversed-direction-journey/snapshots/db-OrderIntents.json	3183	b40d1fe886476a0cdeaf74aae87ea01f1382ea222147aab8b021d7c205f4933b
3411887d	g3-reversed-direction-journey	scenarios/g3-reversed-direction-journey/snapshots/db-OwnOrderRebuilds.json	0	e3b0c44298fc1c149afbf4c8996fb92427ae41e4649b934ca495991b7852b855
3411887d	g3-reversed-direction-journey	scenarios/g3-reversed-direction-journey/snapshots/db-RecoveryWorkflows.json	0	e3b0c44298fc1c149afbf4c8996fb92427ae41e4649b934ca495991b7852b855
3411887d	g3-reversed-direction-journey	scenarios/g3-reversed-direction-journey/snapshots/db-RiotDispatchAuditEvents.json	9103	c6ec8a3783e00a6da315113b1c442a72a44d31eed29c37ebb78a7a477ad81a3d
3411887d	g3-reversed-direction-journey	scenarios/g3-reversed-direction-journey/snapshots/db-RiotOrderCommandAudit.json	0	e3b0c44298fc1c149afbf4c8996fb92427ae41e4649b934ca495991b7852b855
3411887d	g3-reversed-direction-journey	scenarios/g3-reversed-direction-journey/snapshots/db-RouteGraphSnapshots.json	0	e3b0c44298fc1c149afbf4c8996fb92427ae41e4649b934ca495991b7852b855
3411887d	g3-reversed-direction-journey	scenarios/g3-reversed-direction-journey/snapshots/db-SessionRecoveries.json	1122	2b897275b2c6f953cfb858251490830cb112ccb77693b2d9274ec2c0fe2bf404
3411887d	g3-reversed-direction-journey	scenarios/g3-reversed-direction-journey/snapshots/db-SlotConfigurationActivations.json	0	e3b0c44298fc1c149afbf4c8996fb92427ae41e4649b934ca495991b7852b855
3411887d	g3-reversed-direction-journey	scenarios/g3-reversed-direction-journey/snapshots/db-SlotFaultDeclarations.json	0	e3b0c44298fc1c149afbf4c8996fb92427ae41e4649b934ca495991b7852b855
3411887d	g3-reversed-direction-journey	scenarios/g3-reversed-direction-journey/snapshots/db-SlotIoBindings.json	4258	05a87dfc41dbe26f7b9c3da788304b3193c8bfbfc162a8e5faa491a811499489
3411887d	g3-reversed-direction-journey	scenarios/g3-reversed-direction-journey/snapshots/db-SlotModelVersions.json	321	d3420054eeeccd986b8a4332bbc2e6d1aa2a56654a27751db17a36fb957475cd
3411887d	g3-reversed-direction-journey	scenarios/g3-reversed-direction-journey/snapshots/db-StationExclusivities.json	0	e3b0c44298fc1c149afbf4c8996fb92427ae41e4649b934ca495991b7852b855
3411887d	g3-reversed-direction-journey	scenarios/g3-reversed-direction-journey/snapshots/db-StationExclusivityRecords.json	502	4d4c30b896f592e5f48616cc39ab5156bd79305cb244d34d2df9321403bdadec
3411887d	g3-reversed-direction-journey	scenarios/g3-reversed-direction-journey/snapshots/db-StationOperations.json	1230	51ffb5a2925b35e8eab57ba9f126b47b323c89b2c678799cb89a04f970ca39c6
3411887d	g3-reversed-direction-journey	scenarios/g3-reversed-direction-journey/snapshots/db-StructuralDispatchBlocks.json	0	e3b0c44298fc1c149afbf4c8996fb92427ae41e4649b934ca495991b7852b855
3411887d	g3-reversed-direction-journey	scenarios/g3-reversed-direction-journey/snapshots/db-TaskTypeStationActiveBindingSets.json	144	a5da5142973b7194cee9c57c60566dc8d3e34024055304404564bfa9a260c03b
3411887d	g3-reversed-direction-journey	scenarios/g3-reversed-direction-journey/snapshots/db-TaskTypeStationBindings.json	396	a46e9ed127bb0df52d9fbe0ee7358d394e0ff8b70d2e21f208b79d5044ba906d
3411887d	g3-reversed-direction-journey	scenarios/g3-reversed-direction-journey/snapshots/db-TaskTypeStationBindingSetVersions.json	396	363a9e4e4afbe56d04453b73ca45f29881d237c5e990058a18b18b77db861d7a
3411887d	g3-reversed-direction-journey	scenarios/g3-reversed-direction-journey/snapshots/db-TaskTypeStationRuleVersions.json	331	d2196179e0ce9e0525d20f910c49e1d14b6eef6e6ae58116fdd19c88f3273b4c
3411887d	g3-reversed-direction-journey	scenarios/g3-reversed-direction-journey/snapshots/db-VehiclePurposeClaimRecords.json	337	0d1e46448033f0c622f088703e4a740a258036e14d88ec84de29c31981cdeb59
3411887d	g3-reversed-direction-journey	scenarios/g3-reversed-direction-journey/snapshots/db-VehiclePurposeClaims.json	0	e3b0c44298fc1c149afbf4c8996fb92427ae41e4649b934ca495991b7852b855
3411887d	g3-reversed-direction-journey	scenarios/g3-reversed-direction-journey/snapshots/db-WaitingPoints.json	0	e3b0c44298fc1c149afbf4c8996fb92427ae41e4649b934ca495991b7852b855
3411887d	g3-reversed-direction-journey	scenarios/g3-reversed-direction-journey/snapshots/db-WaitingPointVehicleScopes.json	0	e3b0c44298fc1c149afbf4c8996fb92427ae41e4649b934ca495991b7852b855
3411887d	g3-reversed-direction-journey	scenarios/g3-reversed-direction-journey/snapshots/db-WaitingPointVersions.json	0	e3b0c44298fc1c149afbf4c8996fb92427ae41e4649b934ca495991b7852b855
3411887d	g3-reversed-direction-journey	scenarios/g3-reversed-direction-journey/snapshots/fake-mes-ingest.json	1042	63c70ac26368400fd27f609aee2c0266799665cd048ed945f987463be12406c4
3411887d	g3-reversed-direction-journey	scenarios/g3-reversed-direction-journey/snapshots/fake-riot.json	3644	236e7d7adc3390fc3ae08785011cae6349bb75867de3745c0ac0f013722daba9
3411887d	g3-reversed-direction-journey	scenarios/g3-reversed-direction-journey/snapshots/preseed-area-assignments.csv	128	9906e26d53df2e02e2cb2da976840b5764419d03f3d724097fe4bf7ce36ec8af
3411887d	g3-reversed-direction-journey	scenarios/g3-reversed-direction-journey/snapshots/preseed-charging-policy.json	444	c9cff5e4ecf1d832d52d74154c81f43961075a5ca9d96150e9f079ea0afc2bfa
3411887d	g3-reversed-direction-journey	scenarios/g3-reversed-direction-journey/snapshots/slots-simulator.json	3030	96ac1cb0ec3d66711cd969d03bfffb158aecec9f004b747d074120d5e44e5470
3411887d	g3-reversed-direction-journey	scenarios/g3-reversed-direction-journey/snapshots/task-type-stations.settings.json	1108	672847ac674ffb9dbff3e01d030de8cdcae922e065cfe4a8b7965657f9af119c
3411887d	g3-sublot-rejected	scenarios/g3-sublot-rejected/logs/build.log	2464	dd47b38f0cce44f4d51baeecda96288d98bd051226946010f17ff4685dc9e6d0
3411887d	g3-sublot-rejected	scenarios/g3-sublot-rejected/logs/control-server.err.log	0	e3b0c44298fc1c149afbf4c8996fb92427ae41e4649b934ca495991b7852b855
3411887d	g3-sublot-rejected	scenarios/g3-sublot-rejected/logs/control-server.out.log	2501664	f5b65bfc9f0d1cedacf702a5e93e70953ed120a180ddea3b91181e6963f70303
3411887d	g3-sublot-rejected	scenarios/g3-sublot-rejected/logs/fake-mes-ingest.err.log	0	e3b0c44298fc1c149afbf4c8996fb92427ae41e4649b934ca495991b7852b855
3411887d	g3-sublot-rejected	scenarios/g3-sublot-rejected/logs/fake-mes-ingest.out.log	91068	3b0319077eb101d9dde313f7268258f5b3c707e61aadd66dc6f9cc185cc00525
3411887d	g3-sublot-rejected	scenarios/g3-sublot-rejected/logs/fake-riot.err.log	0	e3b0c44298fc1c149afbf4c8996fb92427ae41e4649b934ca495991b7852b855
3411887d	g3-sublot-rejected	scenarios/g3-sublot-rejected/logs/fake-riot.out.log	348783	e51b9a7c10c6b3f20623d1a7f1ff6143e4f11ca8b98a35a5d1e1488ade61e7da
3411887d	g3-sublot-rejected	scenarios/g3-sublot-rejected/logs/onboard-hmi.err.log	0	e3b0c44298fc1c149afbf4c8996fb92427ae41e4649b934ca495991b7852b855
3411887d	g3-sublot-rejected	scenarios/g3-sublot-rejected/logs/onboard-hmi.out.log	0	e3b0c44298fc1c149afbf4c8996fb92427ae41e4649b934ca495991b7852b855
3411887d	g3-sublot-rejected	scenarios/g3-sublot-rejected/logs/package-capacity-import-v2.err.log	0	e3b0c44298fc1c149afbf4c8996fb92427ae41e4649b934ca495991b7852b855
3411887d	g3-sublot-rejected	scenarios/g3-sublot-rejected/logs/package-capacity-import-v2.out.log	2951	c4b7105660e5e8abb94c662d8273dd986d7c8472bd90f487848af16256b2e36d
3411887d	g3-sublot-rejected	scenarios/g3-sublot-rejected/logs/package-capacity-import-v3.err.log	0	e3b0c44298fc1c149afbf4c8996fb92427ae41e4649b934ca495991b7852b855
3411887d	g3-sublot-rejected	scenarios/g3-sublot-rejected/logs/package-capacity-import-v3.out.log	2951	1ff81dd016b3a4e0a40c5e4bbe96b0a2d999bf52884b29f0137f764ae489f366
3411887d	g3-sublot-rejected	scenarios/g3-sublot-rejected/logs/package-capacity-import.err.log	0	e3b0c44298fc1c149afbf4c8996fb92427ae41e4649b934ca495991b7852b855
3411887d	g3-sublot-rejected	scenarios/g3-sublot-rejected/logs/package-capacity-import.out.log	162553	42fc485b508800d5a3f13cfbbee1a1b5cc0d2aba14b21b8ef43059c7bae9a1c8
3411887d	g3-sublot-rejected	scenarios/g3-sublot-rejected/logs/slots-simulator.err.log	0	e3b0c44298fc1c149afbf4c8996fb92427ae41e4649b934ca495991b7852b855
3411887d	g3-sublot-rejected	scenarios/g3-sublot-rejected/logs/slots-simulator.out.log	0	e3b0c44298fc1c149afbf4c8996fb92427ae41e4649b934ca495991b7852b855
3411887d	g3-sublot-rejected	scenarios/g3-sublot-rejected/logs/onboard-app/agv-20261010.log	11500	a40fbf1f64a867ece8207281dffdfd0fd6a232139e42861d2221d6eeeae0e3df
3411887d	g3-sublot-rejected	scenarios/g3-sublot-rejected/snapshots/db-AcceptedDemands.json	848	09498c6f794dc3c3e4d2552a2029f5d2bce45780f13af113029063c02819c4e6
3411887d	g3-sublot-rejected	scenarios/g3-sublot-rejected/snapshots/db-ActiveSlotConfigurations.json	0	e3b0c44298fc1c149afbf4c8996fb92427ae41e4649b934ca495991b7852b855
3411887d	g3-sublot-rejected	scenarios/g3-sublot-rejected/snapshots/db-BusinessAuditRecords.json	6503	8cfe8f02801d7bd79ddf8ab2e92db055abda0267d1aaccbb24830194d18aa0c4
3411887d	g3-sublot-rejected	scenarios/g3-sublot-rejected/snapshots/db-ChargerRosterEntries.json	0	e3b0c44298fc1c149afbf4c8996fb92427ae41e4649b934ca495991b7852b855
3411887d	g3-sublot-rejected	scenarios/g3-sublot-rejected/snapshots/db-ChargerRosterVersions.json	0	e3b0c44298fc1c149afbf4c8996fb92427ae41e4649b934ca495991b7852b855
3411887d	g3-sublot-rejected	scenarios/g3-sublot-rejected/snapshots/db-ChargingPolicyActivations.json	189	5472a0995d31ee87d8442ac2a466ee24c596c043acb79d4161cc5da907a16b65
3411887d	g3-sublot-rejected	scenarios/g3-sublot-rejected/snapshots/db-ChargingPolicyApprovals.json	282	319db4e839aece2d45ed18f40057c47b79d4aa41b6297a6282623e4efc865729
3411887d	g3-sublot-rejected	scenarios/g3-sublot-rejected/snapshots/db-ChargingPolicyVehicleScopes.json	0	e3b0c44298fc1c149afbf4c8996fb92427ae41e4649b934ca495991b7852b855
3411887d	g3-sublot-rejected	scenarios/g3-sublot-rejected/snapshots/db-ChargingPolicyVersions.json	632	7e70b8099abce9259da8a551e8fc9ba2aefe6d096c61298b2b3da24a01d081e7
3411887d	g3-sublot-rejected	scenarios/g3-sublot-rejected/snapshots/db-CreateGateAudit.json	445	3aef977830c0ce7455a97d6f272800cb2b88e4d26b0bf40e858269c6f2841ccb
3411887d	g3-sublot-rejected	scenarios/g3-sublot-rejected/snapshots/db-DispatchZoneAreaAssignments.json	377	ffd7aa7365bc86efef17a319718d4204d0b1a59ba4472d7aa02a7a181ceaee9c
3411887d	g3-sublot-rejected	scenarios/g3-sublot-rejected/snapshots/db-DispatchZoneAreaAssignmentVersions.json	235	b1f0393a6346b48cd9963a02aee78b60c78d05b3bdb861b3d186ca330722ee66
3411887d	g3-sublot-rejected	scenarios/g3-sublot-rejected/snapshots/db-DispatchZoneParameters.json	0	e3b0c44298fc1c149afbf4c8996fb92427ae41e4649b934ca495991b7852b855
3411887d	g3-sublot-rejected	scenarios/g3-sublot-rejected/snapshots/db-DispatchZoneParameterVersions.json	0	e3b0c44298fc1c149afbf4c8996fb92427ae41e4649b934ca495991b7852b855
3411887d	g3-sublot-rejected	scenarios/g3-sublot-rejected/snapshots/db-ExceptionRecoverySessions.json	0	e3b0c44298fc1c149afbf4c8996fb92427ae41e4649b934ca495991b7852b855
3411887d	g3-sublot-rejected	scenarios/g3-sublot-rejected/snapshots/db-FrozenDemandStations.json	666	41c65a2fafc4e2bd4f72ae911207ad4d5301cb482a44399195ce1f3829b5bd35
3411887d	g3-sublot-rejected	scenarios/g3-sublot-rejected/snapshots/db-JourneyBacklog.json	569	af92949994cbc7afc908094e4ee93b81a56aa5e377e00629c7b400a1845f605a
3411887d	g3-sublot-rejected	scenarios/g3-sublot-rejected/snapshots/db-JourneyDemands.json	873	77d41b13241f2c86ac2118a134b81e94b4e2c7a0eb1a7a3084aad5ec04e5be94
3411887d	g3-sublot-rejected	scenarios/g3-sublot-rejected/snapshots/db-JourneyRuntimes.json	2892	4ac879c8832571e62db9c6051840fc7bb5336c5360b1aca8e0ac455650377d3c
3411887d	g3-sublot-rejected	scenarios/g3-sublot-rejected/snapshots/db-JourneyStops.json	1939	0322cc3de1d536ed4aa7bdc7a6133fde967bc4b620fdc5a310b72c8d001e6e8a
3411887d	g3-sublot-rejected	scenarios/g3-sublot-rejected/snapshots/db-MapStationCatalogStates.json	370	d85e23051817054c633051eb8b57743b5f994ade724193e67446abb252f985cf
3411887d	g3-sublot-rejected	scenarios/g3-sublot-rejected/snapshots/db-OnboardAlarmSnapshots.json	213	59e259daa1ac76b3cecbfdf62b832589f1f4cc5a39f6e418a82112b020104751
3411887d	g3-sublot-rejected	scenarios/g3-sublot-rejected/snapshots/db-OperationResults.json	668	ba3332eeb5702c03daf03cebc8bed83cb44cad6b00e05a05084b2f9ff1585e41
3411887d	g3-sublot-rejected	scenarios/g3-sublot-rejected/snapshots/db-OrderIntents.json	1531	c23ed79ac8eec584286ccf54da1d6cba3d14001a426352ed99b635b32f3ac743
3411887d	g3-sublot-rejected	scenarios/g3-sublot-rejected/snapshots/db-OwnOrderRebuilds.json	0	e3b0c44298fc1c149afbf4c8996fb92427ae41e4649b934ca495991b7852b855
3411887d	g3-sublot-rejected	scenarios/g3-sublot-rejected/snapshots/db-RecoveryWorkflows.json	0	e3b0c44298fc1c149afbf4c8996fb92427ae41e4649b934ca495991b7852b855
3411887d	g3-sublot-rejected	scenarios/g3-sublot-rejected/snapshots/db-RiotDispatchAuditEvents.json	4558	7fa8c82369aa4e530bc4c8bbc87ab07443a101e47e431968a87ddf997b47d3bd
3411887d	g3-sublot-rejected	scenarios/g3-sublot-rejected/snapshots/db-RiotOrderCommandAudit.json	0	e3b0c44298fc1c149afbf4c8996fb92427ae41e4649b934ca495991b7852b855
3411887d	g3-sublot-rejected	scenarios/g3-sublot-rejected/snapshots/db-RouteGraphSnapshots.json	0	e3b0c44298fc1c149afbf4c8996fb92427ae41e4649b934ca495991b7852b855
3411887d	g3-sublot-rejected	scenarios/g3-sublot-rejected/snapshots/db-SessionRecoveries.json	1122	b39678d276bcbda7f35ad32f5c481fb49255ba6f65ea3bf2d04cb153f1705b31
3411887d	g3-sublot-rejected	scenarios/g3-sublot-rejected/snapshots/db-SlotConfigurationActivations.json	0	e3b0c44298fc1c149afbf4c8996fb92427ae41e4649b934ca495991b7852b855
3411887d	g3-sublot-rejected	scenarios/g3-sublot-rejected/snapshots/db-SlotFaultDeclarations.json	0	e3b0c44298fc1c149afbf4c8996fb92427ae41e4649b934ca495991b7852b855
3411887d	g3-sublot-rejected	scenarios/g3-sublot-rejected/snapshots/db-SlotIoBindings.json	4258	8b0fe3b53a5e77a57b72b07c2729556fe3b61d447c78ce1d2e3fa6f8b487327d
3411887d	g3-sublot-rejected	scenarios/g3-sublot-rejected/snapshots/db-SlotModelVersions.json	321	08335e9d7674b95df56dc870617a98913efeef0a05348f4ee3c64dd3ac23d1b5
3411887d	g3-sublot-rejected	scenarios/g3-sublot-rejected/snapshots/db-StationExclusivities.json	378	9e5eb4cfa9fc930883657d5eb5d29ad8c2b11076cc1ca683cee8d145735d7554
3411887d	g3-sublot-rejected	scenarios/g3-sublot-rejected/snapshots/db-StationExclusivityRecords.json	426	4bb17454ca83a9f2d06f42f6f2ed566373a9614ef1eb40055be2deb5fad2951a
3411887d	g3-sublot-rejected	scenarios/g3-sublot-rejected/snapshots/db-StationOperations.json	584	52e439d7b0fccdf29782b10f67fb2543f2616633a1b089552b4436b39cf868f6
3411887d	g3-sublot-rejected	scenarios/g3-sublot-rejected/snapshots/db-StructuralDispatchBlocks.json	0	e3b0c44298fc1c149afbf4c8996fb92427ae41e4649b934ca495991b7852b855
3411887d	g3-sublot-rejected	scenarios/g3-sublot-rejected/snapshots/db-TaskTypeStationActiveBindingSets.json	144	75cd3b002413943151a55659c3774ebdb731811ccc794c2a928cbd58e6b4823c
3411887d	g3-sublot-rejected	scenarios/g3-sublot-rejected/snapshots/db-TaskTypeStationBindings.json	173	b412006843f62c50e682598812b9f1746f67a659a3a2ddcff12221d6be0bbc28
3411887d	g3-sublot-rejected	scenarios/g3-sublot-rejected/snapshots/db-TaskTypeStationBindingSetVersions.json	396	5277fb149ea304cf9db62932518ed2f9f2fdb39496d248455414dcbb597351ec
3411887d	g3-sublot-rejected	scenarios/g3-sublot-rejected/snapshots/db-TaskTypeStationRuleVersions.json	331	d3072370d83f3b7976a1ed36fee2ccb1964216689b69c633f7af3d00692058e0
3411887d	g3-sublot-rejected	scenarios/g3-sublot-rejected/snapshots/db-VehiclePurposeClaimRecords.json	288	6c9b24656ce79d1ad2515f320e883f5057e92ce0277509026a6999149e1d87ab
3411887d	g3-sublot-rejected	scenarios/g3-sublot-rejected/snapshots/db-VehiclePurposeClaims.json	183	e842af9784a238b8090235deda6a9f2c78e6beef3f43a86fbc1c3f59900fb53c
3411887d	g3-sublot-rejected	scenarios/g3-sublot-rejected/snapshots/db-WaitingPoints.json	0	e3b0c44298fc1c149afbf4c8996fb92427ae41e4649b934ca495991b7852b855
3411887d	g3-sublot-rejected	scenarios/g3-sublot-rejected/snapshots/db-WaitingPointVehicleScopes.json	0	e3b0c44298fc1c149afbf4c8996fb92427ae41e4649b934ca495991b7852b855
3411887d	g3-sublot-rejected	scenarios/g3-sublot-rejected/snapshots/db-WaitingPointVersions.json	0	e3b0c44298fc1c149afbf4c8996fb92427ae41e4649b934ca495991b7852b855
3411887d	g3-sublot-rejected	scenarios/g3-sublot-rejected/snapshots/fake-mes-ingest.json	1039	b67ab20cc4af3ba978acc82a401d01281c2a97b8190b275f68a1528ad991eecc
3411887d	g3-sublot-rejected	scenarios/g3-sublot-rejected/snapshots/fake-riot.json	2948	d75496cde253a63a221f0c754cc771a1b933f2d066493e2c47c0cc61250d4a0f
3411887d	g3-sublot-rejected	scenarios/g3-sublot-rejected/snapshots/preseed-area-assignments.csv	128	9906e26d53df2e02e2cb2da976840b5764419d03f3d724097fe4bf7ce36ec8af
3411887d	g3-sublot-rejected	scenarios/g3-sublot-rejected/snapshots/preseed-charging-policy.json	444	c9cff5e4ecf1d832d52d74154c81f43961075a5ca9d96150e9f079ea0afc2bfa
3411887d	g3-sublot-rejected	scenarios/g3-sublot-rejected/snapshots/slots-simulator.json	3032	2ee3f1c330e4da3beb334f1632dec9d6a5bb7438ddee8161a5bef030066c15e9
3411887d	g3-sublot-rejected	scenarios/g3-sublot-rejected/snapshots/task-type-stations.settings.json	894	d69ededa82fcf5dad3cdcc83b1682ae1f2ca0ce41be15f438c179105d114cc4f
3411887d	g3-task-type-admission-fail-closed	scenarios/g3-task-type-admission-fail-closed/logs/build.log	2464	8dc46f1a9b8a9ff8e37aefe6d93101899707e1179150cc544f7f6a3952c341e9
3411887d	g3-task-type-admission-fail-closed	scenarios/g3-task-type-admission-fail-closed/logs/control-server.err.log	0	e3b0c44298fc1c149afbf4c8996fb92427ae41e4649b934ca495991b7852b855
3411887d	g3-task-type-admission-fail-closed	scenarios/g3-task-type-admission-fail-closed/logs/control-server.out.log	3324722	6a1820b3f3dbc881017729167b64bda0864ad08d2b8a04c2f1628db0072fba33
3411887d	g3-task-type-admission-fail-closed	scenarios/g3-task-type-admission-fail-closed/logs/fake-mes-ingest.err.log	0	e3b0c44298fc1c149afbf4c8996fb92427ae41e4649b934ca495991b7852b855
3411887d	g3-task-type-admission-fail-closed	scenarios/g3-task-type-admission-fail-closed/logs/fake-mes-ingest.out.log	100172	1838174a624185c9c93aab3040d3e4998e508d246ba6d52a9872b495d9c4a704
3411887d	g3-task-type-admission-fail-closed	scenarios/g3-task-type-admission-fail-closed/logs/fake-riot.err.log	0	e3b0c44298fc1c149afbf4c8996fb92427ae41e4649b934ca495991b7852b855
3411887d	g3-task-type-admission-fail-closed	scenarios/g3-task-type-admission-fail-closed/logs/fake-riot.out.log	399801	831b7b7a25338bb5d17a537542c8486a031d09a584d77c509b311fae6413f647
3411887d	g3-task-type-admission-fail-closed	scenarios/g3-task-type-admission-fail-closed/logs/onboard-hmi.err.log	0	e3b0c44298fc1c149afbf4c8996fb92427ae41e4649b934ca495991b7852b855
3411887d	g3-task-type-admission-fail-closed	scenarios/g3-task-type-admission-fail-closed/logs/onboard-hmi.out.log	0	e3b0c44298fc1c149afbf4c8996fb92427ae41e4649b934ca495991b7852b855
3411887d	g3-task-type-admission-fail-closed	scenarios/g3-task-type-admission-fail-closed/logs/package-capacity-import.err.log	0	e3b0c44298fc1c149afbf4c8996fb92427ae41e4649b934ca495991b7852b855
3411887d	g3-task-type-admission-fail-closed	scenarios/g3-task-type-admission-fail-closed/logs/package-capacity-import.out.log	162552	bb66aa6f2cc76ebcd0822c22ca4c028d7c7d30d9e751ee5bd191ee075701784d
3411887d	g3-task-type-admission-fail-closed	scenarios/g3-task-type-admission-fail-closed/logs/slots-simulator.err.log	0	e3b0c44298fc1c149afbf4c8996fb92427ae41e4649b934ca495991b7852b855
3411887d	g3-task-type-admission-fail-closed	scenarios/g3-task-type-admission-fail-closed/logs/slots-simulator.out.log	0	e3b0c44298fc1c149afbf4c8996fb92427ae41e4649b934ca495991b7852b855
3411887d	g3-task-type-admission-fail-closed	scenarios/g3-task-type-admission-fail-closed/logs/onboard-app/agv-20261010.log	13742	1b16ab320d6c5ac5cb9ee28550f578349c7a60201cbff922d9de9766d404ea7e
3411887d	g3-task-type-admission-fail-closed	scenarios/g3-task-type-admission-fail-closed/snapshots/db-AcceptedDemands.json	847	d619a5db1557ee7261c8549350bcd7a965598d262fd1d306ac023e7ed9b4dd49
3411887d	g3-task-type-admission-fail-closed	scenarios/g3-task-type-admission-fail-closed/snapshots/db-ActiveSlotConfigurations.json	0	e3b0c44298fc1c149afbf4c8996fb92427ae41e4649b934ca495991b7852b855
3411887d	g3-task-type-admission-fail-closed	scenarios/g3-task-type-admission-fail-closed/snapshots/db-BusinessAuditRecords.json	6503	ad2b67f8763d19322f10b9b1bc2ac3484dcc93fa410a31b1cb9e7ec5372a92ac
3411887d	g3-task-type-admission-fail-closed	scenarios/g3-task-type-admission-fail-closed/snapshots/db-ChargerRosterEntries.json	0	e3b0c44298fc1c149afbf4c8996fb92427ae41e4649b934ca495991b7852b855
3411887d	g3-task-type-admission-fail-closed	scenarios/g3-task-type-admission-fail-closed/snapshots/db-ChargerRosterVersions.json	0	e3b0c44298fc1c149afbf4c8996fb92427ae41e4649b934ca495991b7852b855
3411887d	g3-task-type-admission-fail-closed	scenarios/g3-task-type-admission-fail-closed/snapshots/db-ChargingPolicyActivations.json	189	65ca66cff2468751e09b272f9f2e9d2e5e46d48116311e97cac8b437b8ed97a0
3411887d	g3-task-type-admission-fail-closed	scenarios/g3-task-type-admission-fail-closed/snapshots/db-ChargingPolicyApprovals.json	282	a7c4ac0eea2c1c9d17f920415ac9b37439ba475176400830c82e7b227fc4e610
3411887d	g3-task-type-admission-fail-closed	scenarios/g3-task-type-admission-fail-closed/snapshots/db-ChargingPolicyVehicleScopes.json	0	e3b0c44298fc1c149afbf4c8996fb92427ae41e4649b934ca495991b7852b855
3411887d	g3-task-type-admission-fail-closed	scenarios/g3-task-type-admission-fail-closed/snapshots/db-ChargingPolicyVersions.json	632	6239e0befa23e84b2d5ecbf28ad3b0a36b394cc4aef3f1fa18da27623ca5759e
3411887d	g3-task-type-admission-fail-closed	scenarios/g3-task-type-admission-fail-closed/snapshots/db-CreateGateAudit.json	444	cd64dd16b06ecf616ae9a2f506e611c581d48c345f6842429d324603498d23ce
3411887d	g3-task-type-admission-fail-closed	scenarios/g3-task-type-admission-fail-closed/snapshots/db-DispatchZoneAreaAssignments.json	377	ffd7aa7365bc86efef17a319718d4204d0b1a59ba4472d7aa02a7a181ceaee9c
3411887d	g3-task-type-admission-fail-closed	scenarios/g3-task-type-admission-fail-closed/snapshots/db-DispatchZoneAreaAssignmentVersions.json	235	9b8c5193239e5c0c45f8abbbac7a08a152da95b0ee94abcbd45133dfa1b00c05
3411887d	g3-task-type-admission-fail-closed	scenarios/g3-task-type-admission-fail-closed/snapshots/db-DispatchZoneParameters.json	0	e3b0c44298fc1c149afbf4c8996fb92427ae41e4649b934ca495991b7852b855
3411887d	g3-task-type-admission-fail-closed	scenarios/g3-task-type-admission-fail-closed/snapshots/db-DispatchZoneParameterVersions.json	0	e3b0c44298fc1c149afbf4c8996fb92427ae41e4649b934ca495991b7852b855
3411887d	g3-task-type-admission-fail-closed	scenarios/g3-task-type-admission-fail-closed/snapshots/db-ExceptionRecoverySessions.json	0	e3b0c44298fc1c149afbf4c8996fb92427ae41e4649b934ca495991b7852b855
3411887d	g3-task-type-admission-fail-closed	scenarios/g3-task-type-admission-fail-closed/snapshots/db-FrozenDemandStations.json	664	19d7d55ed8262bdd6cf879c9c4255e913233ddfdd8b95a27cd81352de12fddb3
3411887d	g3-task-type-admission-fail-closed	scenarios/g3-task-type-admission-fail-closed/snapshots/db-JourneyBacklog.json	1175	2c0c58c9eddceb2de4caac53ecf5f922b33a93e0874b6b25da3078a1e061d76c
3411887d	g3-task-type-admission-fail-closed	scenarios/g3-task-type-admission-fail-closed/snapshots/db-JourneyDemands.json	875	75577fd9b5ea78a0d48470d98c26ed3bebd498a89110a7bb04873d453dd05f48
3411887d	g3-task-type-admission-fail-closed	scenarios/g3-task-type-admission-fail-closed/snapshots/db-JourneyRuntimes.json	2849	7a6ff2ea5987c668aeea5944e9f5263af35d6cd769d22812c4a15cdfa79e09d2
3411887d	g3-task-type-admission-fail-closed	scenarios/g3-task-type-admission-fail-closed/snapshots/db-JourneyStops.json	1943	d7053ef76149c1ebf9e3ae561a9d9ab1f3fe0c4ca6dca859cba246397a3e33dc
3411887d	g3-task-type-admission-fail-closed	scenarios/g3-task-type-admission-fail-closed/snapshots/db-MapStationCatalogStates.json	367	a3a3dba53ff0272673dd6919e576e3d33b627fdaff0dc6011d9ac6151a1d26fd
3411887d	g3-task-type-admission-fail-closed	scenarios/g3-task-type-admission-fail-closed/snapshots/db-OnboardAlarmSnapshots.json	213	503e938ce61b19b5e4523cbe36906f688dc9e5eb24f0a8490aeb01a81d7bd1bb
3411887d	g3-task-type-admission-fail-closed	scenarios/g3-task-type-admission-fail-closed/snapshots/db-OperationResults.json	1401	05d4028efc7e0ab3844f416ac4b8ce70816f8bf1d7c90c44f4b19bfdca8ca303
3411887d	g3-task-type-admission-fail-closed	scenarios/g3-task-type-admission-fail-closed/snapshots/db-OrderIntents.json	3177	80f5d6cb365be430032b17d7bba122cded89eefb87a131fd2d5ef5bf1cbe2849
3411887d	g3-task-type-admission-fail-closed	scenarios/g3-task-type-admission-fail-closed/snapshots/db-OwnOrderRebuilds.json	0	e3b0c44298fc1c149afbf4c8996fb92427ae41e4649b934ca495991b7852b855
3411887d	g3-task-type-admission-fail-closed	scenarios/g3-task-type-admission-fail-closed/snapshots/db-RecoveryWorkflows.json	0	e3b0c44298fc1c149afbf4c8996fb92427ae41e4649b934ca495991b7852b855
3411887d	g3-task-type-admission-fail-closed	scenarios/g3-task-type-admission-fail-closed/snapshots/db-RiotDispatchAuditEvents.json	9102	e03c5e2c78dd8eb4a89b3016796984e9596188139c7521490910cec4949bb182
3411887d	g3-task-type-admission-fail-closed	scenarios/g3-task-type-admission-fail-closed/snapshots/db-RiotOrderCommandAudit.json	0	e3b0c44298fc1c149afbf4c8996fb92427ae41e4649b934ca495991b7852b855
3411887d	g3-task-type-admission-fail-closed	scenarios/g3-task-type-admission-fail-closed/snapshots/db-RouteGraphSnapshots.json	0	e3b0c44298fc1c149afbf4c8996fb92427ae41e4649b934ca495991b7852b855
3411887d	g3-task-type-admission-fail-closed	scenarios/g3-task-type-admission-fail-closed/snapshots/db-SessionRecoveries.json	1123	fbce3662cc2509a3095818e10ab2ffc0ce6c8c9fe4add46980e595321cf7ff1b
3411887d	g3-task-type-admission-fail-closed	scenarios/g3-task-type-admission-fail-closed/snapshots/db-SlotConfigurationActivations.json	0	e3b0c44298fc1c149afbf4c8996fb92427ae41e4649b934ca495991b7852b855
3411887d	g3-task-type-admission-fail-closed	scenarios/g3-task-type-admission-fail-closed/snapshots/db-SlotFaultDeclarations.json	0	e3b0c44298fc1c149afbf4c8996fb92427ae41e4649b934ca495991b7852b855
3411887d	g3-task-type-admission-fail-closed	scenarios/g3-task-type-admission-fail-closed/snapshots/db-SlotIoBindings.json	4258	1d2ed20a6b71da70c1d879dbbb9fdd5d10c5c69578387a1ec92027c1dfdb820e
3411887d	g3-task-type-admission-fail-closed	scenarios/g3-task-type-admission-fail-closed/snapshots/db-SlotModelVersions.json	321	a3844659e896048059a2b5e024ed496c2b77d3f096db75cbabffc4c6008b8597
3411887d	g3-task-type-admission-fail-closed	scenarios/g3-task-type-admission-fail-closed/snapshots/db-StationExclusivities.json	378	0790048a872172147f170158ab43572fac42b9d3ecf10cab6cfd1d1b109682f8
3411887d	g3-task-type-admission-fail-closed	scenarios/g3-task-type-admission-fail-closed/snapshots/db-StationExclusivityRecords.json	457	8ff5fe37739366519fd08aa51268f5949798d9d1dfe4a21218fb7321b0fde40f
3411887d	g3-task-type-admission-fail-closed	scenarios/g3-task-type-admission-fail-closed/snapshots/db-StationOperations.json	1231	c4e70c55ebc4c8d704d63b81a742d769f9ab4243738b6ba20a50a8baa72001b1
3411887d	g3-task-type-admission-fail-closed	scenarios/g3-task-type-admission-fail-closed/snapshots/db-StructuralDispatchBlocks.json	0	e3b0c44298fc1c149afbf4c8996fb92427ae41e4649b934ca495991b7852b855
3411887d	g3-task-type-admission-fail-closed	scenarios/g3-task-type-admission-fail-closed/snapshots/db-TaskTypeStationActiveBindingSets.json	144	89a0be54a39949965b4d0d1ac4587ce151e53b0ea028168c701f7b0a3cb2aacc
3411887d	g3-task-type-admission-fail-closed	scenarios/g3-task-type-admission-fail-closed/snapshots/db-TaskTypeStationBindings.json	173	b412006843f62c50e682598812b9f1746f67a659a3a2ddcff12221d6be0bbc28
3411887d	g3-task-type-admission-fail-closed	scenarios/g3-task-type-admission-fail-closed/snapshots/db-TaskTypeStationBindingSetVersions.json	396	49890e142273a85b86fe5cc7053eb7572ce97d29a1563311804ed86777284452
3411887d	g3-task-type-admission-fail-closed	scenarios/g3-task-type-admission-fail-closed/snapshots/db-TaskTypeStationRuleVersions.json	331	31b11a507cb620fed489c3459da126211a93ef2b207e6823626e0ec5845f93c7
3411887d	g3-task-type-admission-fail-closed	scenarios/g3-task-type-admission-fail-closed/snapshots/db-VehiclePurposeClaimRecords.json	337	2307bf9d8e0767fa07f5b3b50e82f2248ef4d6dfd2c55648f1529a88f0b73d38
3411887d	g3-task-type-admission-fail-closed	scenarios/g3-task-type-admission-fail-closed/snapshots/db-VehiclePurposeClaims.json	0	e3b0c44298fc1c149afbf4c8996fb92427ae41e4649b934ca495991b7852b855
3411887d	g3-task-type-admission-fail-closed	scenarios/g3-task-type-admission-fail-closed/snapshots/db-WaitingPoints.json	0	e3b0c44298fc1c149afbf4c8996fb92427ae41e4649b934ca495991b7852b855
3411887d	g3-task-type-admission-fail-closed	scenarios/g3-task-type-admission-fail-closed/snapshots/db-WaitingPointVehicleScopes.json	0	e3b0c44298fc1c149afbf4c8996fb92427ae41e4649b934ca495991b7852b855
3411887d	g3-task-type-admission-fail-closed	scenarios/g3-task-type-admission-fail-closed/snapshots/db-WaitingPointVersions.json	0	e3b0c44298fc1c149afbf4c8996fb92427ae41e4649b934ca495991b7852b855
3411887d	g3-task-type-admission-fail-closed	scenarios/g3-task-type-admission-fail-closed/snapshots/fake-mes-ingest.json	1776	6cdce0a20b3fe633a4adf21e54dbd22573dbd814a85799d6422ddf073f3fae53
3411887d	g3-task-type-admission-fail-closed	scenarios/g3-task-type-admission-fail-closed/snapshots/fake-riot.json	3401	a6741d32f43ff6f66b945a459ed6619117b401ed58dbba9062a11e60c01ba767
3411887d	g3-task-type-admission-fail-closed	scenarios/g3-task-type-admission-fail-closed/snapshots/preseed-area-assignments.csv	128	9906e26d53df2e02e2cb2da976840b5764419d03f3d724097fe4bf7ce36ec8af
3411887d	g3-task-type-admission-fail-closed	scenarios/g3-task-type-admission-fail-closed/snapshots/preseed-charging-policy.json	444	c9cff5e4ecf1d832d52d74154c81f43961075a5ca9d96150e9f079ea0afc2bfa
3411887d	g3-task-type-admission-fail-closed	scenarios/g3-task-type-admission-fail-closed/snapshots/slots-simulator.json	3030	5552622eecb0b3a6504dbd44b30fc18d8def5545f4f6d410a8c35a3c3bf2193f
3411887d	g3-task-type-admission-fail-closed	scenarios/g3-task-type-admission-fail-closed/snapshots/task-type-stations.settings.json	894	d69ededa82fcf5dad3cdcc83b1682ae1f2ca0ce41be15f438c179105d114cc4f
3411887d	g3-unable-to-charge-field-confirmation	scenarios/g3-unable-to-charge-field-confirmation/field-operator-roles.json	122	8058b620d95484f04b01e5aa316b529d3cc990b140ca0ba8062de14316c0271e
3411887d	g3-unable-to-charge-field-confirmation	scenarios/g3-unable-to-charge-field-confirmation/logs/build.log	2464	a4f738814087b96d72d6846f1621b3bb2716cdcdf6f924c5d24ca12e5e07fd39
3411887d	g3-unable-to-charge-field-confirmation	scenarios/g3-unable-to-charge-field-confirmation/logs/control-server.err.log	0	e3b0c44298fc1c149afbf4c8996fb92427ae41e4649b934ca495991b7852b855
3411887d	g3-unable-to-charge-field-confirmation	scenarios/g3-unable-to-charge-field-confirmation/logs/control-server.out.log	1564588	bb56572941bf68ace317cc8ad054000e2dfd5be54fe16b62a2b8744a6519c4d3
3411887d	g3-unable-to-charge-field-confirmation	scenarios/g3-unable-to-charge-field-confirmation/logs/fake-mes-ingest.err.log	0	e3b0c44298fc1c149afbf4c8996fb92427ae41e4649b934ca495991b7852b855
3411887d	g3-unable-to-charge-field-confirmation	scenarios/g3-unable-to-charge-field-confirmation/logs/fake-mes-ingest.out.log	27011	b2ba69f036e36dbe5528e3a4e07a790874b4691944231f7cac4d2d82d1c482ce
3411887d	g3-unable-to-charge-field-confirmation	scenarios/g3-unable-to-charge-field-confirmation/logs/fake-riot.err.log	0	e3b0c44298fc1c149afbf4c8996fb92427ae41e4649b934ca495991b7852b855
3411887d	g3-unable-to-charge-field-confirmation	scenarios/g3-unable-to-charge-field-confirmation/logs/fake-riot.out.log	335601	c59c2e3e525b22426b2ecab8f8d4b0f47c818b571d6f4cc142088d82d4555749
3411887d	g3-unable-to-charge-field-confirmation	scenarios/g3-unable-to-charge-field-confirmation/logs/onboard-hmi.err.log	0	e3b0c44298fc1c149afbf4c8996fb92427ae41e4649b934ca495991b7852b855
3411887d	g3-unable-to-charge-field-confirmation	scenarios/g3-unable-to-charge-field-confirmation/logs/onboard-hmi.out.log	0	e3b0c44298fc1c149afbf4c8996fb92427ae41e4649b934ca495991b7852b855
3411887d	g3-unable-to-charge-field-confirmation	scenarios/g3-unable-to-charge-field-confirmation/logs/package-capacity-import.err.log	0	e3b0c44298fc1c149afbf4c8996fb92427ae41e4649b934ca495991b7852b855
3411887d	g3-unable-to-charge-field-confirmation	scenarios/g3-unable-to-charge-field-confirmation/logs/package-capacity-import.out.log	162553	fb4e3b010868175cad3d37478633d4549741ddb3da16635e3ff4e4f2936eaa9d
3411887d	g3-unable-to-charge-field-confirmation	scenarios/g3-unable-to-charge-field-confirmation/logs/slots-simulator.err.log	0	e3b0c44298fc1c149afbf4c8996fb92427ae41e4649b934ca495991b7852b855
3411887d	g3-unable-to-charge-field-confirmation	scenarios/g3-unable-to-charge-field-confirmation/logs/slots-simulator.out.log	0	e3b0c44298fc1c149afbf4c8996fb92427ae41e4649b934ca495991b7852b855
3411887d	g3-unable-to-charge-field-confirmation	scenarios/g3-unable-to-charge-field-confirmation/logs/onboard-app/agv-20261010.log	4696	4a87ed0c6771cf765573fa7b7a8f77b4d4d6f48435c6d4eddaca5ce2ed371018
3411887d	g3-unable-to-charge-field-confirmation	scenarios/g3-unable-to-charge-field-confirmation/snapshots/charger-roster-open-catalog-25.json	332	ccb2b9e7f5c60ca2262a319256b6c189c1367488c4870e083bc996efa7fb3ef3
3411887d	g3-unable-to-charge-field-confirmation	scenarios/g3-unable-to-charge-field-confirmation/snapshots/charger-roster-open.json	413	7054c428a6b72511210fe7e163173c40b49fdc3be7792ffd62c2d4e5d201fd1f
3411887d	g3-unable-to-charge-field-confirmation	scenarios/g3-unable-to-charge-field-confirmation/snapshots/db-AcceptedDemands.json	0	e3b0c44298fc1c149afbf4c8996fb92427ae41e4649b934ca495991b7852b855
3411887d	g3-unable-to-charge-field-confirmation	scenarios/g3-unable-to-charge-field-confirmation/snapshots/db-ActiveSlotConfigurations.json	0	e3b0c44298fc1c149afbf4c8996fb92427ae41e4649b934ca495991b7852b855
3411887d	g3-unable-to-charge-field-confirmation	scenarios/g3-unable-to-charge-field-confirmation/snapshots/db-BusinessAuditRecords.json	7189	3638d8a33f3d67a2f8c39d9f78b1601406439432aba03d1ec7d0277ad42c0897
3411887d	g3-unable-to-charge-field-confirmation	scenarios/g3-unable-to-charge-field-confirmation/snapshots/db-ChargerRosterEntries.json	142	15ef77fd33e3610d9265eb31d5c5e18df63502ab47e7a4eb7dee827f423cc729
3411887d	g3-unable-to-charge-field-confirmation	scenarios/g3-unable-to-charge-field-confirmation/snapshots/db-ChargerRosterVersions.json	450	0c648de7904ffd28745ee5da798abd5061b3811b2671c9975da48ad42c9e062d
3411887d	g3-unable-to-charge-field-confirmation	scenarios/g3-unable-to-charge-field-confirmation/snapshots/db-ChargingPolicyActivations.json	189	125ada84cb66b946a65ad9d18f5f0fad7f1ed442f78477404fe429b59114d821
3411887d	g3-unable-to-charge-field-confirmation	scenarios/g3-unable-to-charge-field-confirmation/snapshots/db-ChargingPolicyApprovals.json	282	ef2273c68a5535688952c8b88a796c67a1515f9515ac2ebed1c612e3a0968632
3411887d	g3-unable-to-charge-field-confirmation	scenarios/g3-unable-to-charge-field-confirmation/snapshots/db-ChargingPolicyVehicleScopes.json	0	e3b0c44298fc1c149afbf4c8996fb92427ae41e4649b934ca495991b7852b855
3411887d	g3-unable-to-charge-field-confirmation	scenarios/g3-unable-to-charge-field-confirmation/snapshots/db-ChargingPolicyVersions.json	632	faa3c6b25bf11f9acf8f2e752527568f977b2a9ab1348e5ab18c9f7b6d1130e6
3411887d	g3-unable-to-charge-field-confirmation	scenarios/g3-unable-to-charge-field-confirmation/snapshots/db-CreateGateAudit.json	0	e3b0c44298fc1c149afbf4c8996fb92427ae41e4649b934ca495991b7852b855
3411887d	g3-unable-to-charge-field-confirmation	scenarios/g3-unable-to-charge-field-confirmation/snapshots/db-DispatchZoneAreaAssignments.json	377	ffd7aa7365bc86efef17a319718d4204d0b1a59ba4472d7aa02a7a181ceaee9c
3411887d	g3-unable-to-charge-field-confirmation	scenarios/g3-unable-to-charge-field-confirmation/snapshots/db-DispatchZoneAreaAssignmentVersions.json	235	19cadd61079f0d19f69fa18d654a4e4e1eb3b6028605fc8a902ef7d5e15d1417
3411887d	g3-unable-to-charge-field-confirmation	scenarios/g3-unable-to-charge-field-confirmation/snapshots/db-DispatchZoneParameters.json	0	e3b0c44298fc1c149afbf4c8996fb92427ae41e4649b934ca495991b7852b855
3411887d	g3-unable-to-charge-field-confirmation	scenarios/g3-unable-to-charge-field-confirmation/snapshots/db-DispatchZoneParameterVersions.json	0	e3b0c44298fc1c149afbf4c8996fb92427ae41e4649b934ca495991b7852b855
3411887d	g3-unable-to-charge-field-confirmation	scenarios/g3-unable-to-charge-field-confirmation/snapshots/db-ExceptionRecoverySessions.json	0	e3b0c44298fc1c149afbf4c8996fb92427ae41e4649b934ca495991b7852b855
3411887d	g3-unable-to-charge-field-confirmation	scenarios/g3-unable-to-charge-field-confirmation/snapshots/db-FrozenDemandStations.json	0	e3b0c44298fc1c149afbf4c8996fb92427ae41e4649b934ca495991b7852b855
3411887d	g3-unable-to-charge-field-confirmation	scenarios/g3-unable-to-charge-field-confirmation/snapshots/db-JourneyBacklog.json	0	e3b0c44298fc1c149afbf4c8996fb92427ae41e4649b934ca495991b7852b855
3411887d	g3-unable-to-charge-field-confirmation	scenarios/g3-unable-to-charge-field-confirmation/snapshots/db-JourneyDemands.json	0	e3b0c44298fc1c149afbf4c8996fb92427ae41e4649b934ca495991b7852b855
3411887d	g3-unable-to-charge-field-confirmation	scenarios/g3-unable-to-charge-field-confirmation/snapshots/db-JourneyRuntimes.json	2327	de416432414cf099bd1ba45f8aeeacf2d4b5fef148ffac97e4f9439991ce8a22
3411887d	g3-unable-to-charge-field-confirmation	scenarios/g3-unable-to-charge-field-confirmation/snapshots/db-JourneyStops.json	864	a0459555b2ec06e7ff8d518de6b437ef1d289d571e93bc01d46201e1adbede85
3411887d	g3-unable-to-charge-field-confirmation	scenarios/g3-unable-to-charge-field-confirmation/snapshots/db-MapStationCatalogStates.json	370	89a184a0d0e3563afa93a80345b727c0d801b1bc164672d1dc6b38fd2799394f
3411887d	g3-unable-to-charge-field-confirmation	scenarios/g3-unable-to-charge-field-confirmation/snapshots/db-OnboardAlarmSnapshots.json	687	35a7a0af141a8b0c1fdc71294c40ca27d9257e3bb19a748cd481356b190a2cef
3411887d	g3-unable-to-charge-field-confirmation	scenarios/g3-unable-to-charge-field-confirmation/snapshots/db-OperationResults.json	0	e3b0c44298fc1c149afbf4c8996fb92427ae41e4649b934ca495991b7852b855
3411887d	g3-unable-to-charge-field-confirmation	scenarios/g3-unable-to-charge-field-confirmation/snapshots/db-OrderIntents.json	1492	76269b16b83e3e2db2691e7b30425010785265640779d95d36d20e0efd40d9eb
3411887d	g3-unable-to-charge-field-confirmation	scenarios/g3-unable-to-charge-field-confirmation/snapshots/db-OwnOrderRebuilds.json	0	e3b0c44298fc1c149afbf4c8996fb92427ae41e4649b934ca495991b7852b855
3411887d	g3-unable-to-charge-field-confirmation	scenarios/g3-unable-to-charge-field-confirmation/snapshots/db-RecoveryWorkflows.json	0	e3b0c44298fc1c149afbf4c8996fb92427ae41e4649b934ca495991b7852b855
3411887d	g3-unable-to-charge-field-confirmation	scenarios/g3-unable-to-charge-field-confirmation/snapshots/db-RiotDispatchAuditEvents.json	4373	6087cd9eebf036e380475782b669c0c4bebeeea51c8abc82f12b0a954738cdcf
3411887d	g3-unable-to-charge-field-confirmation	scenarios/g3-unable-to-charge-field-confirmation/snapshots/db-RiotOrderCommandAudit.json	0	e3b0c44298fc1c149afbf4c8996fb92427ae41e4649b934ca495991b7852b855
3411887d	g3-unable-to-charge-field-confirmation	scenarios/g3-unable-to-charge-field-confirmation/snapshots/db-RouteGraphSnapshots.json	566	da7b7b5b76bead7cea63fd9b2807aeaedd6fd13abb725887654e963d33684073
3411887d	g3-unable-to-charge-field-confirmation	scenarios/g3-unable-to-charge-field-confirmation/snapshots/db-SessionRecoveries.json	1175	65317568073d12c134d105c80c6eb1684efdf43ba9718758e784f190f8879e38
3411887d	g3-unable-to-charge-field-confirmation	scenarios/g3-unable-to-charge-field-confirmation/snapshots/db-SlotConfigurationActivations.json	0	e3b0c44298fc1c149afbf4c8996fb92427ae41e4649b934ca495991b7852b855
3411887d	g3-unable-to-charge-field-confirmation	scenarios/g3-unable-to-charge-field-confirmation/snapshots/db-SlotFaultDeclarations.json	0	e3b0c44298fc1c149afbf4c8996fb92427ae41e4649b934ca495991b7852b855
3411887d	g3-unable-to-charge-field-confirmation	scenarios/g3-unable-to-charge-field-confirmation/snapshots/db-SlotIoBindings.json	4258	8aeeb1c320eefe1101d59913eb36efb89173042f7c406098df0626628ac64c29
3411887d	g3-unable-to-charge-field-confirmation	scenarios/g3-unable-to-charge-field-confirmation/snapshots/db-SlotModelVersions.json	321	a110381ec0229c481a2375ba30e12b91b6ce6dd0d5d501454db256e9a3d4731a
3411887d	g3-unable-to-charge-field-confirmation	scenarios/g3-unable-to-charge-field-confirmation/snapshots/db-StationExclusivities.json	364	f85ff22dc34655eca27993a7ba574bd996af12e19c1528791616a48719f3195d
3411887d	g3-unable-to-charge-field-confirmation	scenarios/g3-unable-to-charge-field-confirmation/snapshots/db-StationExclusivityRecords.json	412	38d1a3c9df9ee70673052c960f022c191a799402a6ed25e5169fb29c22cda24c
3411887d	g3-unable-to-charge-field-confirmation	scenarios/g3-unable-to-charge-field-confirmation/snapshots/db-StationOperations.json	0	e3b0c44298fc1c149afbf4c8996fb92427ae41e4649b934ca495991b7852b855
3411887d	g3-unable-to-charge-field-confirmation	scenarios/g3-unable-to-charge-field-confirmation/snapshots/db-StructuralDispatchBlocks.json	0	e3b0c44298fc1c149afbf4c8996fb92427ae41e4649b934ca495991b7852b855
3411887d	g3-unable-to-charge-field-confirmation	scenarios/g3-unable-to-charge-field-confirmation/snapshots/db-TaskTypeStationActiveBindingSets.json	144	e30da6b6e735fd180db6f3afc16c54feea3d07458202533c7417b92eecdd4abc
3411887d	g3-unable-to-charge-field-confirmation	scenarios/g3-unable-to-charge-field-confirmation/snapshots/db-TaskTypeStationBindings.json	173	b412006843f62c50e682598812b9f1746f67a659a3a2ddcff12221d6be0bbc28
3411887d	g3-unable-to-charge-field-confirmation	scenarios/g3-unable-to-charge-field-confirmation/snapshots/db-TaskTypeStationBindingSetVersions.json	396	bb0ad85e5d75d726f98a9a681246c993c2904e987ae94b89b0a0a57c84407bb7
3411887d	g3-unable-to-charge-field-confirmation	scenarios/g3-unable-to-charge-field-confirmation/snapshots/db-TaskTypeStationRuleVersions.json	331	84ec38d91f75c8530eff173ced8f7d4b23ea0d5ed9b4778c5fc91e2eda343ddf
3411887d	g3-unable-to-charge-field-confirmation	scenarios/g3-unable-to-charge-field-confirmation/snapshots/db-VehiclePurposeClaimRecords.json	686	ba3c7b5818437ef851d4c90e8de4f9e4c5f535f7435c17043ecb32c2c7a6e25f
3411887d	g3-unable-to-charge-field-confirmation	scenarios/g3-unable-to-charge-field-confirmation/snapshots/db-VehiclePurposeClaims.json	194	bf54bd32d807e0706479aac6a72b7729c7a1744e9471a79e075e31faa0601184
3411887d	g3-unable-to-charge-field-confirmation	scenarios/g3-unable-to-charge-field-confirmation/snapshots/db-WaitingPoints.json	0	e3b0c44298fc1c149afbf4c8996fb92427ae41e4649b934ca495991b7852b855
3411887d	g3-unable-to-charge-field-confirmation	scenarios/g3-unable-to-charge-field-confirmation/snapshots/db-WaitingPointVehicleScopes.json	0	e3b0c44298fc1c149afbf4c8996fb92427ae41e4649b934ca495991b7852b855
3411887d	g3-unable-to-charge-field-confirmation	scenarios/g3-unable-to-charge-field-confirmation/snapshots/db-WaitingPointVersions.json	0	e3b0c44298fc1c149afbf4c8996fb92427ae41e4649b934ca495991b7852b855
3411887d	g3-unable-to-charge-field-confirmation	scenarios/g3-unable-to-charge-field-confirmation/snapshots/fake-mes-ingest.json	310	a52e5f455dfeba15a1a78a44b7b9918b10cdf1230dab20eb7f3e208d6f70f5dd
3411887d	g3-unable-to-charge-field-confirmation	scenarios/g3-unable-to-charge-field-confirmation/snapshots/fake-riot.json	3939	6f376dd5b8a8f1a066072147b1474155b4028a5ae3187dff325e494e2cfe9e83
3411887d	g3-unable-to-charge-field-confirmation	scenarios/g3-unable-to-charge-field-confirmation/snapshots/preseed-area-assignments.csv	128	9906e26d53df2e02e2cb2da976840b5764419d03f3d724097fe4bf7ce36ec8af
3411887d	g3-unable-to-charge-field-confirmation	scenarios/g3-unable-to-charge-field-confirmation/snapshots/preseed-charging-policy.json	444	c9cff5e4ecf1d832d52d74154c81f43961075a5ca9d96150e9f079ea0afc2bfa
3411887d	g3-unable-to-charge-field-confirmation	scenarios/g3-unable-to-charge-field-confirmation/snapshots/slots-simulator.json	3029	96e4bf33836ef2697cd48f62ca1a360aaae03b6ae3e48ba18f32b8bb0e45949f
3411887d	g3-unable-to-charge-field-confirmation	scenarios/g3-unable-to-charge-field-confirmation/snapshots/task-type-stations.settings.json	894	d69ededa82fcf5dad3cdcc83b1682ae1f2ca0ce41be15f438c179105d114cc4f
3411887d	g3-waiting-point-idle-return	scenarios/g3-waiting-point-idle-return/logs/build.log	2464	8ddc73b4f2111f116736d3e2a0463dc2decc2d35eea5d41bac9923afec8d8f34
3411887d	g3-waiting-point-idle-return	scenarios/g3-waiting-point-idle-return/logs/control-server-migrate.err.log	0	e3b0c44298fc1c149afbf4c8996fb92427ae41e4649b934ca495991b7852b855
3411887d	g3-waiting-point-idle-return	scenarios/g3-waiting-point-idle-return/logs/control-server-migrate.out.log	1430	4373ebc0e8de128bd0476ec1e6803fb6581a369364df3d75b1e6768cdf3c22cb
3411887d	g3-waiting-point-idle-return	scenarios/g3-waiting-point-idle-return/logs/control-server.err.log	0	e3b0c44298fc1c149afbf4c8996fb92427ae41e4649b934ca495991b7852b855
3411887d	g3-waiting-point-idle-return	scenarios/g3-waiting-point-idle-return/logs/control-server.out.log	3795229	d75e875bd84f6eed2d371809845d32721e3aa83ab7d3fad1895bf8c1191614d5
3411887d	g3-waiting-point-idle-return	scenarios/g3-waiting-point-idle-return/logs/fake-mes-ingest.err.log	0	e3b0c44298fc1c149afbf4c8996fb92427ae41e4649b934ca495991b7852b855
3411887d	g3-waiting-point-idle-return	scenarios/g3-waiting-point-idle-return/logs/fake-mes-ingest.out.log	97342	08729e15295f0cf4649314c825a83f27deb07aee7e49d6c8c286657ed33244ec
3411887d	g3-waiting-point-idle-return	scenarios/g3-waiting-point-idle-return/logs/fake-riot.err.log	0	e3b0c44298fc1c149afbf4c8996fb92427ae41e4649b934ca495991b7852b855
3411887d	g3-waiting-point-idle-return	scenarios/g3-waiting-point-idle-return/logs/fake-riot.out.log	616945	c669ca86216941cecba0b305f5b099233d5e380a6a471dd8987bbf1b59db4dff
3411887d	g3-waiting-point-idle-return	scenarios/g3-waiting-point-idle-return/logs/onboard-hmi.err.log	0	e3b0c44298fc1c149afbf4c8996fb92427ae41e4649b934ca495991b7852b855
3411887d	g3-waiting-point-idle-return	scenarios/g3-waiting-point-idle-return/logs/onboard-hmi.out.log	0	e3b0c44298fc1c149afbf4c8996fb92427ae41e4649b934ca495991b7852b855
3411887d	g3-waiting-point-idle-return	scenarios/g3-waiting-point-idle-return/logs/package-capacity-import.err.log	0	e3b0c44298fc1c149afbf4c8996fb92427ae41e4649b934ca495991b7852b855
3411887d	g3-waiting-point-idle-return	scenarios/g3-waiting-point-idle-return/logs/package-capacity-import.out.log	162552	b891540f05feda87e29353a9f4ee4446f6be56390bbc35ec8add15aab102ac85
3411887d	g3-waiting-point-idle-return	scenarios/g3-waiting-point-idle-return/logs/slots-simulator.err.log	0	e3b0c44298fc1c149afbf4c8996fb92427ae41e4649b934ca495991b7852b855
3411887d	g3-waiting-point-idle-return	scenarios/g3-waiting-point-idle-return/logs/slots-simulator.out.log	0	e3b0c44298fc1c149afbf4c8996fb92427ae41e4649b934ca495991b7852b855
3411887d	g3-waiting-point-idle-return	scenarios/g3-waiting-point-idle-return/logs/onboard-app/agv-20261010.log	15457	b2a216800dac794b6365b99c9cdb2b0422da68a096e2063602e417acc594c7b7
3411887d	g3-waiting-point-idle-return	scenarios/g3-waiting-point-idle-return/snapshots/db-AcceptedDemands.json	851	7e20b45d4f7ea483a94afb32fc17fff1d78de127772382b7df6955eda6810790
3411887d	g3-waiting-point-idle-return	scenarios/g3-waiting-point-idle-return/snapshots/db-ActiveSlotConfigurations.json	0	e3b0c44298fc1c149afbf4c8996fb92427ae41e4649b934ca495991b7852b855
3411887d	g3-waiting-point-idle-return	scenarios/g3-waiting-point-idle-return/snapshots/db-BusinessAuditRecords.json	7200	50a54f926ed9e352a057ea2006f8cbe352670cee0076106c1260fbe152f21285
3411887d	g3-waiting-point-idle-return	scenarios/g3-waiting-point-idle-return/snapshots/db-ChargerRosterEntries.json	0	e3b0c44298fc1c149afbf4c8996fb92427ae41e4649b934ca495991b7852b855
3411887d	g3-waiting-point-idle-return	scenarios/g3-waiting-point-idle-return/snapshots/db-ChargerRosterVersions.json	0	e3b0c44298fc1c149afbf4c8996fb92427ae41e4649b934ca495991b7852b855
3411887d	g3-waiting-point-idle-return	scenarios/g3-waiting-point-idle-return/snapshots/db-ChargingPolicyActivations.json	189	42761500d3b610190b9df020f7b20c6b06ff6cffd6556a82179ce8a7b19e2c99
3411887d	g3-waiting-point-idle-return	scenarios/g3-waiting-point-idle-return/snapshots/db-ChargingPolicyApprovals.json	282	066f234450774c7d348ad20762428d9e45fda0c14c1365a87c5b8eb6d6599190
3411887d	g3-waiting-point-idle-return	scenarios/g3-waiting-point-idle-return/snapshots/db-ChargingPolicyVehicleScopes.json	0	e3b0c44298fc1c149afbf4c8996fb92427ae41e4649b934ca495991b7852b855
3411887d	g3-waiting-point-idle-return	scenarios/g3-waiting-point-idle-return/snapshots/db-ChargingPolicyVersions.json	632	ee7884d4bc26464057ebcdc8da810a8928ced3c92261e27cc8a90f46c92c082d
3411887d	g3-waiting-point-idle-return	scenarios/g3-waiting-point-idle-return/snapshots/db-CreateGateAudit.json	447	d28976c31aa0209360c4e0e5b36cb67c787cc1a0972ffbfdcb3f96a9f74671a7
3411887d	g3-waiting-point-idle-return	scenarios/g3-waiting-point-idle-return/snapshots/db-DispatchZoneAreaAssignments.json	377	ffd7aa7365bc86efef17a319718d4204d0b1a59ba4472d7aa02a7a181ceaee9c
3411887d	g3-waiting-point-idle-return	scenarios/g3-waiting-point-idle-return/snapshots/db-DispatchZoneAreaAssignmentVersions.json	235	2f553f5f7e5bda2b7660c0ed2a9c5d33d86f26f876488f54a25f051dc5072071
3411887d	g3-waiting-point-idle-return	scenarios/g3-waiting-point-idle-return/snapshots/db-DispatchZoneParameters.json	0	e3b0c44298fc1c149afbf4c8996fb92427ae41e4649b934ca495991b7852b855
3411887d	g3-waiting-point-idle-return	scenarios/g3-waiting-point-idle-return/snapshots/db-DispatchZoneParameterVersions.json	0	e3b0c44298fc1c149afbf4c8996fb92427ae41e4649b934ca495991b7852b855
3411887d	g3-waiting-point-idle-return	scenarios/g3-waiting-point-idle-return/snapshots/db-ExceptionRecoverySessions.json	0	e3b0c44298fc1c149afbf4c8996fb92427ae41e4649b934ca495991b7852b855
3411887d	g3-waiting-point-idle-return	scenarios/g3-waiting-point-idle-return/snapshots/db-FrozenDemandStations.json	666	958c600e76129d997ce3cdaa8e71d59bfb42045510127938662e3494ee7d648b
3411887d	g3-waiting-point-idle-return	scenarios/g3-waiting-point-idle-return/snapshots/db-JourneyBacklog.json	570	60861fc7777c76ad5dd8d7ec4804ac986165dc52009c4274866bed6d57fc5c75
3411887d	g3-waiting-point-idle-return	scenarios/g3-waiting-point-idle-return/snapshots/db-JourneyDemands.json	875	08f16f068f2a86cf89a6248f3969defae72cd3edff0f1339d36f694a9d1df519
3411887d	g3-waiting-point-idle-return	scenarios/g3-waiting-point-idle-return/snapshots/db-JourneyRuntimes.json	5298	6abc1c02782147e9cc87af178c033ceeb7405a1f27f49c329ae15ac58f5d834e
3411887d	g3-waiting-point-idle-return	scenarios/g3-waiting-point-idle-return/snapshots/db-JourneyStops.json	2873	d3d7f0c6d2180e93db99862ad372a3af32a6581e1bd103547c10f5c300ce704e
3411887d	g3-waiting-point-idle-return	scenarios/g3-waiting-point-idle-return/snapshots/db-MapStationCatalogStates.json	369	c8704dc55a5ed3cdeba4f9fe2c2349dfe9d29334c5c9bd5d20e1bf8805da5b0f
3411887d	g3-waiting-point-idle-return	scenarios/g3-waiting-point-idle-return/snapshots/db-OnboardAlarmSnapshots.json	212	0a3cc9c435979af996f363bb1640aea47ede58bb63f1d041c33e064aaa26038c
3411887d	g3-waiting-point-idle-return	scenarios/g3-waiting-point-idle-return/snapshots/db-OperationResults.json	1401	8af0e603e68955be138ebe2d7e62ac0788d827bb60c3b14142ac99f623427ac5
3411887d	g3-waiting-point-idle-return	scenarios/g3-waiting-point-idle-return/snapshots/db-OrderIntents.json	4735	a0a0fbf3da9c05f8512225c170a4b4b7740d4ffeaa51136f6871915b70650a24
3411887d	g3-waiting-point-idle-return	scenarios/g3-waiting-point-idle-return/snapshots/db-OwnOrderRebuilds.json	0	e3b0c44298fc1c149afbf4c8996fb92427ae41e4649b934ca495991b7852b855
3411887d	g3-waiting-point-idle-return	scenarios/g3-waiting-point-idle-return/snapshots/db-RecoveryWorkflows.json	0	e3b0c44298fc1c149afbf4c8996fb92427ae41e4649b934ca495991b7852b855
3411887d	g3-waiting-point-idle-return	scenarios/g3-waiting-point-idle-return/snapshots/db-RiotDispatchAuditEvents.json	13461	0d25c5e01ff6c744e7e7f58940f1f3d95eccdebd6358bac1d1d14884f453697b
3411887d	g3-waiting-point-idle-return	scenarios/g3-waiting-point-idle-return/snapshots/db-RiotOrderCommandAudit.json	0	e3b0c44298fc1c149afbf4c8996fb92427ae41e4649b934ca495991b7852b855
3411887d	g3-waiting-point-idle-return	scenarios/g3-waiting-point-idle-return/snapshots/db-RouteGraphSnapshots.json	567	0c954679d8988409b63a98dbf51f14407df83ae70ca1da677fdc52314f08aa78
3411887d	g3-waiting-point-idle-return	scenarios/g3-waiting-point-idle-return/snapshots/db-SessionRecoveries.json	1123	343a8ba5300f98eb29ab24ccf760be7eaceaf03d9a590baf80f210687df7f7bc
3411887d	g3-waiting-point-idle-return	scenarios/g3-waiting-point-idle-return/snapshots/db-SlotConfigurationActivations.json	0	e3b0c44298fc1c149afbf4c8996fb92427ae41e4649b934ca495991b7852b855
3411887d	g3-waiting-point-idle-return	scenarios/g3-waiting-point-idle-return/snapshots/db-SlotFaultDeclarations.json	0	e3b0c44298fc1c149afbf4c8996fb92427ae41e4649b934ca495991b7852b855
3411887d	g3-waiting-point-idle-return	scenarios/g3-waiting-point-idle-return/snapshots/db-SlotIoBindings.json	4258	d638bee6d2d729d77ec672466f13a782cc398b6d991310f3df85af96f5028e9f
3411887d	g3-waiting-point-idle-return	scenarios/g3-waiting-point-idle-return/snapshots/db-SlotModelVersions.json	321	4947572b0e346ce1bd15f346e5dcc885ac048aa4678597e723d414939697f16d
3411887d	g3-waiting-point-idle-return	scenarios/g3-waiting-point-idle-return/snapshots/db-StationExclusivities.json	378	51da109a600072e268e6ae2a0c2e9f56b2ee83e5ab2ca4b6aa8dcf51f50f7ac5
3411887d	g3-waiting-point-idle-return	scenarios/g3-waiting-point-idle-return/snapshots/db-StationExclusivityRecords.json	1019	66e1f09004d07ae49a86cf5d9a10f8df5712f8764d22624b4fe94fc6323d72e2
3411887d	g3-waiting-point-idle-return	scenarios/g3-waiting-point-idle-return/snapshots/db-StationOperations.json	1235	d9a6738b9bc657d22f2cae45f7ed53b5d3e96cd4bed7189e62c95c555961451c
3411887d	g3-waiting-point-idle-return	scenarios/g3-waiting-point-idle-return/snapshots/db-StructuralDispatchBlocks.json	0	e3b0c44298fc1c149afbf4c8996fb92427ae41e4649b934ca495991b7852b855
3411887d	g3-waiting-point-idle-return	scenarios/g3-waiting-point-idle-return/snapshots/db-TaskTypeStationActiveBindingSets.json	144	e6cfba16fe2593dee864b5a0305eb9582b2839ecb316114a705607062e5eeb1a
3411887d	g3-waiting-point-idle-return	scenarios/g3-waiting-point-idle-return/snapshots/db-TaskTypeStationBindings.json	173	b412006843f62c50e682598812b9f1746f67a659a3a2ddcff12221d6be0bbc28
3411887d	g3-waiting-point-idle-return	scenarios/g3-waiting-point-idle-return/snapshots/db-TaskTypeStationBindingSetVersions.json	396	8d7feab3e4c0fb80af32373e4b6396ef451d9da800f162e3742a502ed72b6952
3411887d	g3-waiting-point-idle-return	scenarios/g3-waiting-point-idle-return/snapshots/db-TaskTypeStationRuleVersions.json	331	adda23d85ef22fff703f7679c091c62fc70c35a885954e217765877c093cf957
3411887d	g3-waiting-point-idle-return	scenarios/g3-waiting-point-idle-return/snapshots/db-VehiclePurposeClaimRecords.json	742	67b523053bd0091d324730b658d5c29ff2b7f6ead73549e25c7b702d4455fd45
3411887d	g3-waiting-point-idle-return	scenarios/g3-waiting-point-idle-return/snapshots/db-VehiclePurposeClaims.json	0	e3b0c44298fc1c149afbf4c8996fb92427ae41e4649b934ca495991b7852b855
3411887d	g3-waiting-point-idle-return	scenarios/g3-waiting-point-idle-return/snapshots/db-WaitingPoints.json	106	45332e3dcae792d1b6c775c874396e08e177860c212aa124767a93890b5bb7c9
3411887d	g3-waiting-point-idle-return	scenarios/g3-waiting-point-idle-return/snapshots/db-WaitingPointVehicleScopes.json	0	e3b0c44298fc1c149afbf4c8996fb92427ae41e4649b934ca495991b7852b855
3411887d	g3-waiting-point-idle-return	scenarios/g3-waiting-point-idle-return/snapshots/db-WaitingPointVersions.json	245	cfad9887baa5cd918b0a75087255ee76412aa50c3a51dd2a714f46d91c8b54a9
3411887d	g3-waiting-point-idle-return	scenarios/g3-waiting-point-idle-return/snapshots/fake-mes-ingest.json	1041	7134135414d9ddd81756ebccfa39bb045b4159d46d687f091fd98b52c984d319
3411887d	g3-waiting-point-idle-return	scenarios/g3-waiting-point-idle-return/snapshots/fake-riot.json	4094	21de15fb833e0f64d4dd54e1905b757d3ee5a23f797aa0e2af64b156104f3171
3411887d	g3-waiting-point-idle-return	scenarios/g3-waiting-point-idle-return/snapshots/preseed-area-assignments.csv	128	9906e26d53df2e02e2cb2da976840b5764419d03f3d724097fe4bf7ce36ec8af
3411887d	g3-waiting-point-idle-return	scenarios/g3-waiting-point-idle-return/snapshots/preseed-charging-policy.json	444	c9cff5e4ecf1d832d52d74154c81f43961075a5ca9d96150e9f079ea0afc2bfa
3411887d	g3-waiting-point-idle-return	scenarios/g3-waiting-point-idle-return/snapshots/slots-simulator.json	3030	058fd5df88df9664e675ba3b2d93e6fdb58116b7e21fe7c7da30dee4da408f12
3411887d	g3-waiting-point-idle-return	scenarios/g3-waiting-point-idle-return/snapshots/task-type-stations.settings.json	894	d69ededa82fcf5dad3cdcc83b1682ae1f2ca0ce41be15f438c179105d114cc4f
1f63fe0b	g3-automatic-charging-cycle	scenarios/g3-automatic-charging-cycle/logs/build.log	2464	82871c7b1a6138bfcb49a148f6dae084e58917b9a6a22cccf4753b876df99d32
1f63fe0b	g3-automatic-charging-cycle	scenarios/g3-automatic-charging-cycle/logs/control-server.err.log	0	e3b0c44298fc1c149afbf4c8996fb92427ae41e4649b934ca495991b7852b855
1f63fe0b	g3-automatic-charging-cycle	scenarios/g3-automatic-charging-cycle/logs/control-server.out.log	5659479	7fe5720a19d840f50367dee251f80ad1dd14c8e3e3f36fd7f3e620a87e76e194
1f63fe0b	g3-automatic-charging-cycle	scenarios/g3-automatic-charging-cycle/logs/fake-mes-ingest.err.log	0	e3b0c44298fc1c149afbf4c8996fb92427ae41e4649b934ca495991b7852b855
1f63fe0b	g3-automatic-charging-cycle	scenarios/g3-automatic-charging-cycle/logs/fake-mes-ingest.out.log	91726	a08efbf72b81734cdb1935a463b444a11fb1cdaecce54b9784c2eece293a052a
1f63fe0b	g3-automatic-charging-cycle	scenarios/g3-automatic-charging-cycle/logs/fake-riot.err.log	0	e3b0c44298fc1c149afbf4c8996fb92427ae41e4649b934ca495991b7852b855
1f63fe0b	g3-automatic-charging-cycle	scenarios/g3-automatic-charging-cycle/logs/fake-riot.out.log	1013690	2aa176dea67bd51b8fde6bcf97036890d51229813c660c49f36cf16b364b14fc
1f63fe0b	g3-automatic-charging-cycle	scenarios/g3-automatic-charging-cycle/logs/onboard-hmi.err.log	0	e3b0c44298fc1c149afbf4c8996fb92427ae41e4649b934ca495991b7852b855
1f63fe0b	g3-automatic-charging-cycle	scenarios/g3-automatic-charging-cycle/logs/onboard-hmi.out.log	0	e3b0c44298fc1c149afbf4c8996fb92427ae41e4649b934ca495991b7852b855
1f63fe0b	g3-automatic-charging-cycle	scenarios/g3-automatic-charging-cycle/logs/package-capacity-import.err.log	0	e3b0c44298fc1c149afbf4c8996fb92427ae41e4649b934ca495991b7852b855
1f63fe0b	g3-automatic-charging-cycle	scenarios/g3-automatic-charging-cycle/logs/package-capacity-import.out.log	162552	d073a82850707ac298f97988f045a75a83a122bde6e7db56a2b8b230e68b6e56
1f63fe0b	g3-automatic-charging-cycle	scenarios/g3-automatic-charging-cycle/logs/slots-simulator.err.log	0	e3b0c44298fc1c149afbf4c8996fb92427ae41e4649b934ca495991b7852b855
1f63fe0b	g3-automatic-charging-cycle	scenarios/g3-automatic-charging-cycle/logs/slots-simulator.out.log	0	e3b0c44298fc1c149afbf4c8996fb92427ae41e4649b934ca495991b7852b855
1f63fe0b	g3-automatic-charging-cycle	scenarios/g3-automatic-charging-cycle/logs/onboard-app/agv-20261010.log	14394	064091645b53cdee673c7ff433b4e0bfeda9819aef7417a42166fbbb2413efb2
1f63fe0b	g3-automatic-charging-cycle	scenarios/g3-automatic-charging-cycle/snapshots/charger-roster-open-catalog-25.json	332	ccb2b9e7f5c60ca2262a319256b6c189c1367488c4870e083bc996efa7fb3ef3
1f63fe0b	g3-automatic-charging-cycle	scenarios/g3-automatic-charging-cycle/snapshots/charger-roster-open.json	402	1dd081a80e55282b17a5fd259484cdc226aabafcd6bc3966b93442b1a8753fd5
1f63fe0b	g3-automatic-charging-cycle	scenarios/g3-automatic-charging-cycle/snapshots/db-AcceptedDemands.json	851	71f28dba3b13070b12627e50d2e4a6d73626014e7556c47dd2998bf892f3686f
1f63fe0b	g3-automatic-charging-cycle	scenarios/g3-automatic-charging-cycle/snapshots/db-ActiveSlotConfigurations.json	0	e3b0c44298fc1c149afbf4c8996fb92427ae41e4649b934ca495991b7852b855
1f63fe0b	g3-automatic-charging-cycle	scenarios/g3-automatic-charging-cycle/snapshots/db-BusinessAuditRecords.json	7188	de88f938d594aa759d61b9bec4f3508802277d62e4b7c3c2c0883e41e34560d6
1f63fe0b	g3-automatic-charging-cycle	scenarios/g3-automatic-charging-cycle/snapshots/db-ChargerRosterEntries.json	142	15ef77fd33e3610d9265eb31d5c5e18df63502ab47e7a4eb7dee827f423cc729
1f63fe0b	g3-automatic-charging-cycle	scenarios/g3-automatic-charging-cycle/snapshots/db-ChargerRosterVersions.json	439	7c07c4a1e6f917d6391c2104f72bf6f86fca009d0e83c9497f3ad411a549c9eb
1f63fe0b	g3-automatic-charging-cycle	scenarios/g3-automatic-charging-cycle/snapshots/db-ChargingPolicyActivations.json	189	6c3e34f319131b7222ebf9eb3a75a85bfeef85e123ff072a2db30e3ca5cda900
1f63fe0b	g3-automatic-charging-cycle	scenarios/g3-automatic-charging-cycle/snapshots/db-ChargingPolicyApprovals.json	282	4762200fc56322aeb197b8ac9be865e3f4761ed5018ca7bb6804b7b511ec60f7
1f63fe0b	g3-automatic-charging-cycle	scenarios/g3-automatic-charging-cycle/snapshots/db-ChargingPolicyVehicleScopes.json	0	e3b0c44298fc1c149afbf4c8996fb92427ae41e4649b934ca495991b7852b855
1f63fe0b	g3-automatic-charging-cycle	scenarios/g3-automatic-charging-cycle/snapshots/db-ChargingPolicyVersions.json	631	05f3b16ecd7ea09112cc1f2194454c007901a4badaf6d7ef6379abf6499ba885
1f63fe0b	g3-automatic-charging-cycle	scenarios/g3-automatic-charging-cycle/snapshots/db-CreateGateAudit.json	447	5a5560d120106946a34c45f1ecb6e6192495f389a1fdc520e92096439f127fea
1f63fe0b	g3-automatic-charging-cycle	scenarios/g3-automatic-charging-cycle/snapshots/db-DispatchZoneAreaAssignments.json	377	ffd7aa7365bc86efef17a319718d4204d0b1a59ba4472d7aa02a7a181ceaee9c
1f63fe0b	g3-automatic-charging-cycle	scenarios/g3-automatic-charging-cycle/snapshots/db-DispatchZoneAreaAssignmentVersions.json	235	b1bf560584b79013f93695095554642e287c2fd6e4f60071e932e9b2e29912e3
1f63fe0b	g3-automatic-charging-cycle	scenarios/g3-automatic-charging-cycle/snapshots/db-DispatchZoneParameters.json	0	e3b0c44298fc1c149afbf4c8996fb92427ae41e4649b934ca495991b7852b855
1f63fe0b	g3-automatic-charging-cycle	scenarios/g3-automatic-charging-cycle/snapshots/db-DispatchZoneParameterVersions.json	0	e3b0c44298fc1c149afbf4c8996fb92427ae41e4649b934ca495991b7852b855
1f63fe0b	g3-automatic-charging-cycle	scenarios/g3-automatic-charging-cycle/snapshots/db-ExceptionRecoverySessions.json	0	e3b0c44298fc1c149afbf4c8996fb92427ae41e4649b934ca495991b7852b855
1f63fe0b	g3-automatic-charging-cycle	scenarios/g3-automatic-charging-cycle/snapshots/db-FrozenDemandStations.json	668	98aa3a6c6effbd0aca3a6364e6cdbc6e577d3521b12e69a94b7e6396b6e26d0c
1f63fe0b	g3-automatic-charging-cycle	scenarios/g3-automatic-charging-cycle/snapshots/db-JourneyBacklog.json	570	e389012c2f26da54ecde07465fb1a53008371c5e49a0f7f6bbf2376e72ae0d2f
1f63fe0b	g3-automatic-charging-cycle	scenarios/g3-automatic-charging-cycle/snapshots/db-JourneyDemands.json	875	a37202ec6aee82bfa1d94a4f2165d99df94ef65ec4e5ae51e5dd88ad8f4b616f
1f63fe0b	g3-automatic-charging-cycle	scenarios/g3-automatic-charging-cycle/snapshots/db-JourneyRuntimes.json	5349	83c98420dd1c506e2f1aaf19b66e98778613dd27d4b7eadace1e66f83dccbdc4
1f63fe0b	g3-automatic-charging-cycle	scenarios/g3-automatic-charging-cycle/snapshots/db-JourneyStops.json	2854	d573f6cb7ec004f1f7d7107f4ae3fa8e947cca74361fcb0d447cf1893ff4dac1
1f63fe0b	g3-automatic-charging-cycle	scenarios/g3-automatic-charging-cycle/snapshots/db-MapStationCatalogStates.json	370	dde150b70844d0595fba249874d0e458091e3bf2f97f623da38b6fb5badf3d11
1f63fe0b	g3-automatic-charging-cycle	scenarios/g3-automatic-charging-cycle/snapshots/db-OnboardAlarmSnapshots.json	213	be3c8266a27b27b0ceafa605544e23a8241ae69c7f163e5ef83102d8d247e6f5
1f63fe0b	g3-automatic-charging-cycle	scenarios/g3-automatic-charging-cycle/snapshots/db-OperationResults.json	1401	2e1c33c257f92fa661a962b3415725628fd68983e49ce4a6f32a015e013852e8
1f63fe0b	g3-automatic-charging-cycle	scenarios/g3-automatic-charging-cycle/snapshots/db-OrderIntents.json	4728	96f714f4e6698143f6a1ed5fa45912215460a65ae7453354ead02e07e83b966b
1f63fe0b	g3-automatic-charging-cycle	scenarios/g3-automatic-charging-cycle/snapshots/db-OwnOrderRebuilds.json	0	e3b0c44298fc1c149afbf4c8996fb92427ae41e4649b934ca495991b7852b855
1f63fe0b	g3-automatic-charging-cycle	scenarios/g3-automatic-charging-cycle/snapshots/db-RecoveryWorkflows.json	0	e3b0c44298fc1c149afbf4c8996fb92427ae41e4649b934ca495991b7852b855
1f63fe0b	g3-automatic-charging-cycle	scenarios/g3-automatic-charging-cycle/snapshots/db-RiotDispatchAuditEvents.json	13472	a7cf8942a7ff0bca7550f7fbf0d8fb3664ece1d21415edda89685c37b100bbbc
1f63fe0b	g3-automatic-charging-cycle	scenarios/g3-automatic-charging-cycle/snapshots/db-RiotOrderCommandAudit.json	0	e3b0c44298fc1c149afbf4c8996fb92427ae41e4649b934ca495991b7852b855
1f63fe0b	g3-automatic-charging-cycle	scenarios/g3-automatic-charging-cycle/snapshots/db-RouteGraphSnapshots.json	567	1ec9a0b7f69de9ed57df391471f21aa8f9eddd3422b58a47239596caea0b2c33
1f63fe0b	g3-automatic-charging-cycle	scenarios/g3-automatic-charging-cycle/snapshots/db-SessionRecoveries.json	1123	fdfc5b951e79a9f407a06c666c2f8da577582ad957ce95811111505a33322a40
1f63fe0b	g3-automatic-charging-cycle	scenarios/g3-automatic-charging-cycle/snapshots/db-SlotConfigurationActivations.json	0	e3b0c44298fc1c149afbf4c8996fb92427ae41e4649b934ca495991b7852b855
1f63fe0b	g3-automatic-charging-cycle	scenarios/g3-automatic-charging-cycle/snapshots/db-SlotFaultDeclarations.json	0	e3b0c44298fc1c149afbf4c8996fb92427ae41e4649b934ca495991b7852b855
1f63fe0b	g3-automatic-charging-cycle	scenarios/g3-automatic-charging-cycle/snapshots/db-SlotIoBindings.json	4258	34f7e83a94c26c65c48e34464df989af66c959e5c85c9c27d473755cff08bc88
1f63fe0b	g3-automatic-charging-cycle	scenarios/g3-automatic-charging-cycle/snapshots/db-SlotModelVersions.json	321	9dd4cb49a005645c41289b2cdbf07900a22eb0b9279d95528cd198bfe93851e6
1f63fe0b	g3-automatic-charging-cycle	scenarios/g3-automatic-charging-cycle/snapshots/db-StationExclusivities.json	378	8abf74bd222b2050361582581d56c069bc1af0ad330ed656eeb42011c87e6567
1f63fe0b	g3-automatic-charging-cycle	scenarios/g3-automatic-charging-cycle/snapshots/db-StationExclusivityRecords.json	1022	e9ba724e8f791f27855b299c3bb43127f92a5b4eb4d5303ef5f5e160151910ae
1f63fe0b	g3-automatic-charging-cycle	scenarios/g3-automatic-charging-cycle/snapshots/db-StationOperations.json	1235	b94abad0192779d15a87b2b46799f4fc3cc055401d6b6df80fb5f3c24055fb36
1f63fe0b	g3-automatic-charging-cycle	scenarios/g3-automatic-charging-cycle/snapshots/db-StructuralDispatchBlocks.json	0	e3b0c44298fc1c149afbf4c8996fb92427ae41e4649b934ca495991b7852b855
1f63fe0b	g3-automatic-charging-cycle	scenarios/g3-automatic-charging-cycle/snapshots/db-TaskTypeStationActiveBindingSets.json	144	305cc40862ed7d12442e49f87a1c6166340382f3a0694fc5662874b13e581df0
1f63fe0b	g3-automatic-charging-cycle	scenarios/g3-automatic-charging-cycle/snapshots/db-TaskTypeStationBindings.json	173	b412006843f62c50e682598812b9f1746f67a659a3a2ddcff12221d6be0bbc28
1f63fe0b	g3-automatic-charging-cycle	scenarios/g3-automatic-charging-cycle/snapshots/db-TaskTypeStationBindingSetVersions.json	396	ad94bd49f02e029163af294193138c3c3b69e4581e087afc8e4c1e48f0e15b80
1f63fe0b	g3-automatic-charging-cycle	scenarios/g3-automatic-charging-cycle/snapshots/db-TaskTypeStationRuleVersions.json	331	c14838317f067687be835af0bc9ca2421af9241036d55933fb43e3bf75141704
1f63fe0b	g3-automatic-charging-cycle	scenarios/g3-automatic-charging-cycle/snapshots/db-VehiclePurposeClaimRecords.json	715	19b009c189bacf222df2e1fb1a9a6cc21469ec5dbcfc98b5148f0db2e0d84aa8
1f63fe0b	g3-automatic-charging-cycle	scenarios/g3-automatic-charging-cycle/snapshots/db-VehiclePurposeClaims.json	0	e3b0c44298fc1c149afbf4c8996fb92427ae41e4649b934ca495991b7852b855
1f63fe0b	g3-automatic-charging-cycle	scenarios/g3-automatic-charging-cycle/snapshots/db-WaitingPoints.json	0	e3b0c44298fc1c149afbf4c8996fb92427ae41e4649b934ca495991b7852b855
1f63fe0b	g3-automatic-charging-cycle	scenarios/g3-automatic-charging-cycle/snapshots/db-WaitingPointVehicleScopes.json	0	e3b0c44298fc1c149afbf4c8996fb92427ae41e4649b934ca495991b7852b855
1f63fe0b	g3-automatic-charging-cycle	scenarios/g3-automatic-charging-cycle/snapshots/db-WaitingPointVersions.json	0	e3b0c44298fc1c149afbf4c8996fb92427ae41e4649b934ca495991b7852b855
1f63fe0b	g3-automatic-charging-cycle	scenarios/g3-automatic-charging-cycle/snapshots/fake-mes-ingest.json	1041	e59e037888f0fc0b6005e1f2454f5a7037b2cb540ca49dc9fd07e9f090d7385f
1f63fe0b	g3-automatic-charging-cycle	scenarios/g3-automatic-charging-cycle/snapshots/fake-riot.json	5453	cd46c6a45f7477c8bb9287cf22531a132ee0c3243f06831dcfe8b008553cb1a7
1f63fe0b	g3-automatic-charging-cycle	scenarios/g3-automatic-charging-cycle/snapshots/preseed-area-assignments.csv	128	9906e26d53df2e02e2cb2da976840b5764419d03f3d724097fe4bf7ce36ec8af
1f63fe0b	g3-automatic-charging-cycle	scenarios/g3-automatic-charging-cycle/snapshots/preseed-charging-policy.json	444	c9cff5e4ecf1d832d52d74154c81f43961075a5ca9d96150e9f079ea0afc2bfa
1f63fe0b	g3-automatic-charging-cycle	scenarios/g3-automatic-charging-cycle/snapshots/slots-simulator.json	3030	ec44875ddafa5ccc2ecf313150962ca74751c5097be5e25740442c259fcfb7be
1f63fe0b	g3-automatic-charging-cycle	scenarios/g3-automatic-charging-cycle/snapshots/task-type-stations.settings.json	894	d69ededa82fcf5dad3cdcc83b1682ae1f2ca0ce41be15f438c179105d114cc4f
1f63fe0b	g3-exception-compensate	scenarios/g3-exception-compensate/logs/build.log	2464	c1c52f750c848aacb1ac442f9ef839ab51b30c516fae2cb103195730bd4aa38f
1f63fe0b	g3-exception-compensate	scenarios/g3-exception-compensate/logs/control-server.err.log	0	e3b0c44298fc1c149afbf4c8996fb92427ae41e4649b934ca495991b7852b855
1f63fe0b	g3-exception-compensate	scenarios/g3-exception-compensate/logs/control-server.out.log	2195658	9a0aa864403c285bffb06604b5d8e03ead3008b66f3916399f73356d6b6d6fa3
1f63fe0b	g3-exception-compensate	scenarios/g3-exception-compensate/logs/fake-mes-ingest.err.log	0	e3b0c44298fc1c149afbf4c8996fb92427ae41e4649b934ca495991b7852b855
1f63fe0b	g3-exception-compensate	scenarios/g3-exception-compensate/logs/fake-mes-ingest.out.log	71450	2dbde11cc39abf2c774ef5718070c774ae08114e91f0a3b8665d5796097c8913
1f63fe0b	g3-exception-compensate	scenarios/g3-exception-compensate/logs/fake-riot.err.log	0	e3b0c44298fc1c149afbf4c8996fb92427ae41e4649b934ca495991b7852b855
1f63fe0b	g3-exception-compensate	scenarios/g3-exception-compensate/logs/fake-riot.out.log	301190	5a946d1ce78f2da15c0f5e78a4c1765248b181743753d8ff79b854bc4154dff8
1f63fe0b	g3-exception-compensate	scenarios/g3-exception-compensate/logs/onboard-hmi.before-restart-1.err.log	0	e3b0c44298fc1c149afbf4c8996fb92427ae41e4649b934ca495991b7852b855
1f63fe0b	g3-exception-compensate	scenarios/g3-exception-compensate/logs/onboard-hmi.before-restart-1.out.log	0	e3b0c44298fc1c149afbf4c8996fb92427ae41e4649b934ca495991b7852b855
1f63fe0b	g3-exception-compensate	scenarios/g3-exception-compensate/logs/onboard-hmi.err.log	0	e3b0c44298fc1c149afbf4c8996fb92427ae41e4649b934ca495991b7852b855
1f63fe0b	g3-exception-compensate	scenarios/g3-exception-compensate/logs/onboard-hmi.out.log	0	e3b0c44298fc1c149afbf4c8996fb92427ae41e4649b934ca495991b7852b855
1f63fe0b	g3-exception-compensate	scenarios/g3-exception-compensate/logs/package-capacity-import.err.log	0	e3b0c44298fc1c149afbf4c8996fb92427ae41e4649b934ca495991b7852b855
1f63fe0b	g3-exception-compensate	scenarios/g3-exception-compensate/logs/package-capacity-import.out.log	162552	3bf79e82876d587fe0e8fbb518ad8453d418eb4be34adace09d640d1cef1586e
1f63fe0b	g3-exception-compensate	scenarios/g3-exception-compensate/logs/slots-simulator.err.log	0	e3b0c44298fc1c149afbf4c8996fb92427ae41e4649b934ca495991b7852b855
1f63fe0b	g3-exception-compensate	scenarios/g3-exception-compensate/logs/slots-simulator.out.log	0	e3b0c44298fc1c149afbf4c8996fb92427ae41e4649b934ca495991b7852b855
1f63fe0b	g3-exception-compensate	scenarios/g3-exception-compensate/logs/onboard-app/agv-20261010.log	11391	25de7b9a7e25a9b51046a689e171ab115fd401325c7c830f9b8fcf1f88d6cc0f
1f63fe0b	g3-exception-compensate	scenarios/g3-exception-compensate/snapshots/db-AcceptedDemands.json	1787	57fb9b8db11198142bd0a0cf38b7c429b5880dd49f575d75ac62a0cc98107f5c
1f63fe0b	g3-exception-compensate	scenarios/g3-exception-compensate/snapshots/db-ActiveSlotConfigurations.json	0	e3b0c44298fc1c149afbf4c8996fb92427ae41e4649b934ca495991b7852b855
1f63fe0b	g3-exception-compensate	scenarios/g3-exception-compensate/snapshots/db-BusinessAuditRecords.json	6502	584314eb22c444cef49ad21d2c2a336a23b783691eae1610a1d7ca73d00289c4
1f63fe0b	g3-exception-compensate	scenarios/g3-exception-compensate/snapshots/db-ChargerRosterEntries.json	0	e3b0c44298fc1c149afbf4c8996fb92427ae41e4649b934ca495991b7852b855
1f63fe0b	g3-exception-compensate	scenarios/g3-exception-compensate/snapshots/db-ChargerRosterVersions.json	0	e3b0c44298fc1c149afbf4c8996fb92427ae41e4649b934ca495991b7852b855
1f63fe0b	g3-exception-compensate	scenarios/g3-exception-compensate/snapshots/db-ChargingPolicyActivations.json	188	7d659dd05b89afb19c2c42068f6e80ff4841fb847af7647a9efe86846da1f347
1f63fe0b	g3-exception-compensate	scenarios/g3-exception-compensate/snapshots/db-ChargingPolicyApprovals.json	282	259195aa46f09dfba5b4387a6f0fb4847509dfc658a35c0b3f4c880d3f38ed55
1f63fe0b	g3-exception-compensate	scenarios/g3-exception-compensate/snapshots/db-ChargingPolicyVehicleScopes.json	0	e3b0c44298fc1c149afbf4c8996fb92427ae41e4649b934ca495991b7852b855
1f63fe0b	g3-exception-compensate	scenarios/g3-exception-compensate/snapshots/db-ChargingPolicyVersions.json	632	5310a101bb5628556baf8659ad5546fdef6ec1b1be739cda7307454cc72dd9ba
1f63fe0b	g3-exception-compensate	scenarios/g3-exception-compensate/snapshots/db-CreateGateAudit.json	960	648c046f536d502d197cbdae8e04d0cb8cead26f451ed6a41a6724b7e14eacbe
1f63fe0b	g3-exception-compensate	scenarios/g3-exception-compensate/snapshots/db-DispatchZoneAreaAssignments.json	377	ffd7aa7365bc86efef17a319718d4204d0b1a59ba4472d7aa02a7a181ceaee9c
1f63fe0b	g3-exception-compensate	scenarios/g3-exception-compensate/snapshots/db-DispatchZoneAreaAssignmentVersions.json	235	2e3fefddaab40de023c9ab805c525fe4dd2af273a721017b69330841d5c48794
1f63fe0b	g3-exception-compensate	scenarios/g3-exception-compensate/snapshots/db-DispatchZoneParameters.json	0	e3b0c44298fc1c149afbf4c8996fb92427ae41e4649b934ca495991b7852b855
1f63fe0b	g3-exception-compensate	scenarios/g3-exception-compensate/snapshots/db-DispatchZoneParameterVersions.json	0	e3b0c44298fc1c149afbf4c8996fb92427ae41e4649b934ca495991b7852b855
1f63fe0b	g3-exception-compensate	scenarios/g3-exception-compensate/snapshots/db-ExceptionRecoverySessions.json	810	94dcc0fb8bd184be636cc2eee7f6fc22724be772505b0e36e102158bd5600981
1f63fe0b	g3-exception-compensate	scenarios/g3-exception-compensate/snapshots/db-FrozenDemandStations.json	1337	0ed89fca0458c595cc52c45f3da3e07573dc29cad71267fdaab2cb02641aff5b
1f63fe0b	g3-exception-compensate	scenarios/g3-exception-compensate/snapshots/db-JourneyBacklog.json	1184	b237ea8f217a465f4d63d8d8e25298b8cb05c9a1c7efce54ebf292c3186eeb4b
1f63fe0b	g3-exception-compensate	scenarios/g3-exception-compensate/snapshots/db-JourneyDemands.json	1845	6e22f6ab780048d33ca3128fab91cfc99cfeb4b7a34a638bf9ad8f3afb8e370c
1f63fe0b	g3-exception-compensate	scenarios/g3-exception-compensate/snapshots/db-JourneyRuntimes.json	5776	1f6c839788818d5aae7abec946097eb772cce9d8a27b3fe87c143f73140b455f
1f63fe0b	g3-exception-compensate	scenarios/g3-exception-compensate/snapshots/db-JourneyStops.json	3875	53ecde065af5f40face1059143fec8eedeebad2fb27e9c6841f34c5a97f8d7d0
1f63fe0b	g3-exception-compensate	scenarios/g3-exception-compensate/snapshots/db-MapStationCatalogStates.json	370	f95cc811705460c4a279132a22c072cf7fe1f7b05efb1855ba6a60a3a4284a56
1f63fe0b	g3-exception-compensate	scenarios/g3-exception-compensate/snapshots/db-OnboardAlarmSnapshots.json	213	21908c9829c2afa80cd8b2245529922bdc752229e358fb60131c6b8ae716f23e
1f63fe0b	g3-exception-compensate	scenarios/g3-exception-compensate/snapshots/db-OperationResults.json	666	93bfd881650d9919dc9448a96140bb8e3ae8fc093df1999ccd920ef07a600c1e
1f63fe0b	g3-exception-compensate	scenarios/g3-exception-compensate/snapshots/db-OrderIntents.json	3183	c68714e350002e71212c8a1174e5050d4ba5e972bd7c54feda2694fac56da776
1f63fe0b	g3-exception-compensate	scenarios/g3-exception-compensate/snapshots/db-OwnOrderRebuilds.json	0	e3b0c44298fc1c149afbf4c8996fb92427ae41e4649b934ca495991b7852b855
1f63fe0b	g3-exception-compensate	scenarios/g3-exception-compensate/snapshots/db-RecoveryWorkflows.json	1170	c36260232739c6bb6241ae938951e93871a9c0253fc89709f12b99e6c7b519aa
1f63fe0b	g3-exception-compensate	scenarios/g3-exception-compensate/snapshots/db-RiotDispatchAuditEvents.json	9113	4a15bb1d18244d854d0ba41bcd47c72a2472385b43636a5a55cd25c7eae27e5c
1f63fe0b	g3-exception-compensate	scenarios/g3-exception-compensate/snapshots/db-RiotOrderCommandAudit.json	0	e3b0c44298fc1c149afbf4c8996fb92427ae41e4649b934ca495991b7852b855
1f63fe0b	g3-exception-compensate	scenarios/g3-exception-compensate/snapshots/db-RouteGraphSnapshots.json	0	e3b0c44298fc1c149afbf4c8996fb92427ae41e4649b934ca495991b7852b855
1f63fe0b	g3-exception-compensate	scenarios/g3-exception-compensate/snapshots/db-SessionRecoveries.json	1136	47f942f9bffb074ca257196cb8fe35b124931cc446a3865cdbd6ddab71b8ff07
1f63fe0b	g3-exception-compensate	scenarios/g3-exception-compensate/snapshots/db-SlotConfigurationActivations.json	0	e3b0c44298fc1c149afbf4c8996fb92427ae41e4649b934ca495991b7852b855
1f63fe0b	g3-exception-compensate	scenarios/g3-exception-compensate/snapshots/db-SlotFaultDeclarations.json	0	e3b0c44298fc1c149afbf4c8996fb92427ae41e4649b934ca495991b7852b855
1f63fe0b	g3-exception-compensate	scenarios/g3-exception-compensate/snapshots/db-SlotIoBindings.json	4258	cb40b35d7f40cd052fc513087a5f45cc36eac2b07c4ebc36bc32bc4534614a41
1f63fe0b	g3-exception-compensate	scenarios/g3-exception-compensate/snapshots/db-SlotModelVersions.json	321	0ff0d1cfd66d5b684e0e3a42d97a25b5786c4b8cfe8b23f031c79d05b1555921
1f63fe0b	g3-exception-compensate	scenarios/g3-exception-compensate/snapshots/db-StationExclusivities.json	0	e3b0c44298fc1c149afbf4c8996fb92427ae41e4649b934ca495991b7852b855
1f63fe0b	g3-exception-compensate	scenarios/g3-exception-compensate/snapshots/db-StationExclusivityRecords.json	471	97612879a83e90fdfe868309216e7730504f72edea3af718b4432754bc9538ab
1f63fe0b	g3-exception-compensate	scenarios/g3-exception-compensate/snapshots/db-StationOperations.json	477	50eda8cb997d1c1366ac52d516b7e6daf36ed6ab0ffe0a38511958f3dbf66210
1f63fe0b	g3-exception-compensate	scenarios/g3-exception-compensate/snapshots/db-StructuralDispatchBlocks.json	0	e3b0c44298fc1c149afbf4c8996fb92427ae41e4649b934ca495991b7852b855
1f63fe0b	g3-exception-compensate	scenarios/g3-exception-compensate/snapshots/db-TaskTypeStationActiveBindingSets.json	144	31c14d001d03d06057ec5d8ee9096d275bf8dc95faaaff1609aae90bb85375af
1f63fe0b	g3-exception-compensate	scenarios/g3-exception-compensate/snapshots/db-TaskTypeStationBindings.json	173	b412006843f62c50e682598812b9f1746f67a659a3a2ddcff12221d6be0bbc28
1f63fe0b	g3-exception-compensate	scenarios/g3-exception-compensate/snapshots/db-TaskTypeStationBindingSetVersions.json	396	4b87d28cbc8844d24b74ceec6ec781d6a7d1ef55fd42384ddb795a9f17eb1164
1f63fe0b	g3-exception-compensate	scenarios/g3-exception-compensate/snapshots/db-TaskTypeStationRuleVersions.json	331	04cdd381151b7543f0c4a3171d33f76f3f8766e3fac1a31b70cc5b20abc65468
1f63fe0b	g3-exception-compensate	scenarios/g3-exception-compensate/snapshots/db-VehiclePurposeClaimRecords.json	679	d4f569683fb9881967bfc37b161c47998cf47914d7f9b330282c40b61e5397bf
1f63fe0b	g3-exception-compensate	scenarios/g3-exception-compensate/snapshots/db-VehiclePurposeClaims.json	183	23be76cadab54c059c0314ddffaa0db293628c65097c0289fdcd177fc8bd0adf
1f63fe0b	g3-exception-compensate	scenarios/g3-exception-compensate/snapshots/db-WaitingPoints.json	0	e3b0c44298fc1c149afbf4c8996fb92427ae41e4649b934ca495991b7852b855
1f63fe0b	g3-exception-compensate	scenarios/g3-exception-compensate/snapshots/db-WaitingPointVehicleScopes.json	0	e3b0c44298fc1c149afbf4c8996fb92427ae41e4649b934ca495991b7852b855
1f63fe0b	g3-exception-compensate	scenarios/g3-exception-compensate/snapshots/db-WaitingPointVersions.json	0	e3b0c44298fc1c149afbf4c8996fb92427ae41e4649b934ca495991b7852b855
1f63fe0b	g3-exception-compensate	scenarios/g3-exception-compensate/snapshots/fake-mes-ingest.json	1770	3230eb320c1003320cdd37a246b01ad235d87cbef603e9f7ed78842e9dd3d4de
1f63fe0b	g3-exception-compensate	scenarios/g3-exception-compensate/snapshots/fake-riot.json	3385	1a3f22905f05c8c7662aba19ee94fc3d07b025ea5163f41042c8b55d358b26c2
1f63fe0b	g3-exception-compensate	scenarios/g3-exception-compensate/snapshots/preseed-area-assignments.csv	128	9906e26d53df2e02e2cb2da976840b5764419d03f3d724097fe4bf7ce36ec8af
1f63fe0b	g3-exception-compensate	scenarios/g3-exception-compensate/snapshots/preseed-charging-policy.json	444	c9cff5e4ecf1d832d52d74154c81f43961075a5ca9d96150e9f079ea0afc2bfa
1f63fe0b	g3-exception-compensate	scenarios/g3-exception-compensate/snapshots/slots-simulator.json	3029	e802adc842ca7e68af7f4114e5e89bb93703bf53842d99d52ccee4f9884539b0
1f63fe0b	g3-exception-compensate	scenarios/g3-exception-compensate/snapshots/task-type-stations.settings.json	894	d69ededa82fcf5dad3cdcc83b1682ae1f2ca0ce41be15f438c179105d114cc4f
1f63fe0b	g3-exception-resume	scenarios/g3-exception-resume/logs/build.log	2464	7319150346f16ae1a3b1f8204b622801f9681f984379114ee719b129d4c5588f
1f63fe0b	g3-exception-resume	scenarios/g3-exception-resume/logs/control-server.err.log	0	e3b0c44298fc1c149afbf4c8996fb92427ae41e4649b934ca495991b7852b855
1f63fe0b	g3-exception-resume	scenarios/g3-exception-resume/logs/control-server.out.log	2024293	231425e7af327fb0ab7208f0556f303d3de517a6354ad6f1540c4b5b9e57f2c3
1f63fe0b	g3-exception-resume	scenarios/g3-exception-resume/logs/fake-mes-ingest.err.log	0	e3b0c44298fc1c149afbf4c8996fb92427ae41e4649b934ca495991b7852b855
1f63fe0b	g3-exception-resume	scenarios/g3-exception-resume/logs/fake-mes-ingest.out.log	48197	8adb65c6d70adc79f0af2d57f7252f7a1ae89174d232eda5c1b28370109ef85c
1f63fe0b	g3-exception-resume	scenarios/g3-exception-resume/logs/fake-riot.err.log	0	e3b0c44298fc1c149afbf4c8996fb92427ae41e4649b934ca495991b7852b855
1f63fe0b	g3-exception-resume	scenarios/g3-exception-resume/logs/fake-riot.out.log	279454	6daabbf330bf92abd77982d18997a3caa9bd717c1a3543139b03c22560d503de
1f63fe0b	g3-exception-resume	scenarios/g3-exception-resume/logs/onboard-hmi.before-restart-1.err.log	0	e3b0c44298fc1c149afbf4c8996fb92427ae41e4649b934ca495991b7852b855
1f63fe0b	g3-exception-resume	scenarios/g3-exception-resume/logs/onboard-hmi.before-restart-1.out.log	0	e3b0c44298fc1c149afbf4c8996fb92427ae41e4649b934ca495991b7852b855
1f63fe0b	g3-exception-resume	scenarios/g3-exception-resume/logs/onboard-hmi.before-restart-2.err.log	0	e3b0c44298fc1c149afbf4c8996fb92427ae41e4649b934ca495991b7852b855
1f63fe0b	g3-exception-resume	scenarios/g3-exception-resume/logs/onboard-hmi.before-restart-2.out.log	0	e3b0c44298fc1c149afbf4c8996fb92427ae41e4649b934ca495991b7852b855
1f63fe0b	g3-exception-resume	scenarios/g3-exception-resume/logs/onboard-hmi.err.log	0	e3b0c44298fc1c149afbf4c8996fb92427ae41e4649b934ca495991b7852b855
1f63fe0b	g3-exception-resume	scenarios/g3-exception-resume/logs/onboard-hmi.out.log	0	e3b0c44298fc1c149afbf4c8996fb92427ae41e4649b934ca495991b7852b855
1f63fe0b	g3-exception-resume	scenarios/g3-exception-resume/logs/package-capacity-import.err.log	0	e3b0c44298fc1c149afbf4c8996fb92427ae41e4649b934ca495991b7852b855
1f63fe0b	g3-exception-resume	scenarios/g3-exception-resume/logs/package-capacity-import.out.log	162551	74228f7e4ec58a2af1023223b74c76e237f3d2fa1a3addb4f371deb0b5fc69eb
1f63fe0b	g3-exception-resume	scenarios/g3-exception-resume/logs/slots-simulator.err.log	0	e3b0c44298fc1c149afbf4c8996fb92427ae41e4649b934ca495991b7852b855
1f63fe0b	g3-exception-resume	scenarios/g3-exception-resume/logs/slots-simulator.out.log	0	e3b0c44298fc1c149afbf4c8996fb92427ae41e4649b934ca495991b7852b855
1f63fe0b	g3-exception-resume	scenarios/g3-exception-resume/logs/onboard-app/agv-20261010.log	20394	ce24ff9126fa495bc1001ed731a53d50460bef727b37987871c0cd707b1a4dec
1f63fe0b	g3-exception-resume	scenarios/g3-exception-resume/snapshots/db-AcceptedDemands.json	848	7d7d3351ad0b20b931164f9f4c51d1e86b6958fcf95cbdf594caf0aed0461835
1f63fe0b	g3-exception-resume	scenarios/g3-exception-resume/snapshots/db-ActiveSlotConfigurations.json	0	e3b0c44298fc1c149afbf4c8996fb92427ae41e4649b934ca495991b7852b855
1f63fe0b	g3-exception-resume	scenarios/g3-exception-resume/snapshots/db-BusinessAuditRecords.json	6502	e0a476fe871118131948d2bf47f5253412c9d169cbc682a63101b3137b75171d
1f63fe0b	g3-exception-resume	scenarios/g3-exception-resume/snapshots/db-ChargerRosterEntries.json	0	e3b0c44298fc1c149afbf4c8996fb92427ae41e4649b934ca495991b7852b855
1f63fe0b	g3-exception-resume	scenarios/g3-exception-resume/snapshots/db-ChargerRosterVersions.json	0	e3b0c44298fc1c149afbf4c8996fb92427ae41e4649b934ca495991b7852b855
1f63fe0b	g3-exception-resume	scenarios/g3-exception-resume/snapshots/db-ChargingPolicyActivations.json	189	5d33e30113c8e5aae3167d66ffbbaa9984bcfbbcc5d15a7bf1aa30d96faa5001
1f63fe0b	g3-exception-resume	scenarios/g3-exception-resume/snapshots/db-ChargingPolicyApprovals.json	282	f7083523c0e24987a50f957cd0dd946cc2a082c1c3ad6693011885470f96d6e4
1f63fe0b	g3-exception-resume	scenarios/g3-exception-resume/snapshots/db-ChargingPolicyVehicleScopes.json	0	e3b0c44298fc1c149afbf4c8996fb92427ae41e4649b934ca495991b7852b855
1f63fe0b	g3-exception-resume	scenarios/g3-exception-resume/snapshots/db-ChargingPolicyVersions.json	631	91c069d2993f142fcb804f0f8f9da149dcfc74ba130fef3becb1aebf010b4138
1f63fe0b	g3-exception-resume	scenarios/g3-exception-resume/snapshots/db-CreateGateAudit.json	445	2b53f06557bf8d4ee54b324a43bb90770b3765be20b4e1aa24a9604fd49e6206
1f63fe0b	g3-exception-resume	scenarios/g3-exception-resume/snapshots/db-DispatchZoneAreaAssignments.json	377	ffd7aa7365bc86efef17a319718d4204d0b1a59ba4472d7aa02a7a181ceaee9c
1f63fe0b	g3-exception-resume	scenarios/g3-exception-resume/snapshots/db-DispatchZoneAreaAssignmentVersions.json	235	8a2024fb364c7cf0559ae8341ae16ebd5510ad978b669d173ec0d5d01a7424cf
1f63fe0b	g3-exception-resume	scenarios/g3-exception-resume/snapshots/db-DispatchZoneParameters.json	0	e3b0c44298fc1c149afbf4c8996fb92427ae41e4649b934ca495991b7852b855
1f63fe0b	g3-exception-resume	scenarios/g3-exception-resume/snapshots/db-DispatchZoneParameterVersions.json	0	e3b0c44298fc1c149afbf4c8996fb92427ae41e4649b934ca495991b7852b855
1f63fe0b	g3-exception-resume	scenarios/g3-exception-resume/snapshots/db-ExceptionRecoverySessions.json	789	91b52271441e9283f195485d02e8d3ad8362cde8f3816011ccdd35c9ada5d8ac
1f63fe0b	g3-exception-resume	scenarios/g3-exception-resume/snapshots/db-FrozenDemandStations.json	666	34d6d8db5a803d53e8c586bddc43e1843f13540d7b4991dbc11338fc2df64f81
1f63fe0b	g3-exception-resume	scenarios/g3-exception-resume/snapshots/db-JourneyBacklog.json	569	47f4e618e522c0be8952ee1f89dfab30649d8bd70f6d2730046729375001c556
1f63fe0b	g3-exception-resume	scenarios/g3-exception-resume/snapshots/db-JourneyDemands.json	873	c3d6889a205e60b70a6ca050ec7742565d9dbbedca40b73e4829dddcf5cd66d9
1f63fe0b	g3-exception-resume	scenarios/g3-exception-resume/snapshots/db-JourneyRuntimes.json	2891	6ad5fecd01e28ed96051cc72114bed867bbc9f7d8a4579e7d880c2b0a2dc8ddb
1f63fe0b	g3-exception-resume	scenarios/g3-exception-resume/snapshots/db-JourneyStops.json	1939	c9b7b64c210d00223c5b7ab3624789c271f8299d7836342a15bb2a4521af0225
1f63fe0b	g3-exception-resume	scenarios/g3-exception-resume/snapshots/db-MapStationCatalogStates.json	370	9803d8deeec03ca2532e09fba8bd8033a124ea1740d5f5bf88f7ad030f154cc3
1f63fe0b	g3-exception-resume	scenarios/g3-exception-resume/snapshots/db-OnboardAlarmSnapshots.json	213	6377d6bb1b4273371cfa87952f875fd05a4b4d711fe0f05cea7d29f88cd3b051
1f63fe0b	g3-exception-resume	scenarios/g3-exception-resume/snapshots/db-OperationResults.json	1433	50a288e94c4ba45055d7a974c4bc5970f4edf1498ef6ebfde4363d54b2b03065
1f63fe0b	g3-exception-resume	scenarios/g3-exception-resume/snapshots/db-OrderIntents.json	1531	096aacd43fec7b5efcc6f72372572153764916523788da084ecffcc2205a0f1d
1f63fe0b	g3-exception-resume	scenarios/g3-exception-resume/snapshots/db-OwnOrderRebuilds.json	0	e3b0c44298fc1c149afbf4c8996fb92427ae41e4649b934ca495991b7852b855
1f63fe0b	g3-exception-resume	scenarios/g3-exception-resume/snapshots/db-RecoveryWorkflows.json	1064	13980bcf2ba45164a07cc403396664a03419a66975d2b44f171a43335e3913fb
1f63fe0b	g3-exception-resume	scenarios/g3-exception-resume/snapshots/db-RiotDispatchAuditEvents.json	4557	1327f2eb18c17986015bdd39cdad5b0ce898dd9869bde2e7cc629cc4453bcc5b
1f63fe0b	g3-exception-resume	scenarios/g3-exception-resume/snapshots/db-RiotOrderCommandAudit.json	0	e3b0c44298fc1c149afbf4c8996fb92427ae41e4649b934ca495991b7852b855
1f63fe0b	g3-exception-resume	scenarios/g3-exception-resume/snapshots/db-RouteGraphSnapshots.json	0	e3b0c44298fc1c149afbf4c8996fb92427ae41e4649b934ca495991b7852b855
1f63fe0b	g3-exception-resume	scenarios/g3-exception-resume/snapshots/db-SessionRecoveries.json	1137	9c15755fa469f9171232f2c2263ab5d10c8aed7a0422f56bc8c5efa164ffc2ee
1f63fe0b	g3-exception-resume	scenarios/g3-exception-resume/snapshots/db-SlotConfigurationActivations.json	0	e3b0c44298fc1c149afbf4c8996fb92427ae41e4649b934ca495991b7852b855
1f63fe0b	g3-exception-resume	scenarios/g3-exception-resume/snapshots/db-SlotFaultDeclarations.json	0	e3b0c44298fc1c149afbf4c8996fb92427ae41e4649b934ca495991b7852b855
1f63fe0b	g3-exception-resume	scenarios/g3-exception-resume/snapshots/db-SlotIoBindings.json	4258	1a8dc775c017484b541d71ccc92109cd6b48bf3a7ce5a7cb9f765cf1ba89c343
1f63fe0b	g3-exception-resume	scenarios/g3-exception-resume/snapshots/db-SlotModelVersions.json	321	a57e362029d14e160186a4919ebfa434d9e1422898f9d94a78d886bd541ba73a
1f63fe0b	g3-exception-resume	scenarios/g3-exception-resume/snapshots/db-StationExclusivities.json	378	0bdd9eaa4ee6dbe60242b534554b5a143c0d161aa72882f3990582a950d8a861
1f63fe0b	g3-exception-resume	scenarios/g3-exception-resume/snapshots/db-StationExclusivityRecords.json	426	8d4e33e751e5e08eff54da757b3edcf414adaf380bc575e2f954d201add01b2f
1f63fe0b	g3-exception-resume	scenarios/g3-exception-resume/snapshots/db-StationOperations.json	585	2a3949543f70102558934b9c60146ea80c3527ceb6c231b7ddd04636fd7f0bd8
1f63fe0b	g3-exception-resume	scenarios/g3-exception-resume/snapshots/db-StructuralDispatchBlocks.json	0	e3b0c44298fc1c149afbf4c8996fb92427ae41e4649b934ca495991b7852b855
1f63fe0b	g3-exception-resume	scenarios/g3-exception-resume/snapshots/db-TaskTypeStationActiveBindingSets.json	144	c3bc17eb04187c15e58b9f6d79338266e0b274a82be97308065e9f2ca77aa193
1f63fe0b	g3-exception-resume	scenarios/g3-exception-resume/snapshots/db-TaskTypeStationBindings.json	173	b412006843f62c50e682598812b9f1746f67a659a3a2ddcff12221d6be0bbc28
1f63fe0b	g3-exception-resume	scenarios/g3-exception-resume/snapshots/db-TaskTypeStationBindingSetVersions.json	396	6a605dfb9cfead3c851af8d0cf54bffc371a0ae55459768e177032e753f4eb3f
1f63fe0b	g3-exception-resume	scenarios/g3-exception-resume/snapshots/db-TaskTypeStationRuleVersions.json	331	dc6e4a76ed3518de6ed07c592afae4787b740538dcea2dd39d4fa54ab4d10c8d
1f63fe0b	g3-exception-resume	scenarios/g3-exception-resume/snapshots/db-VehiclePurposeClaimRecords.json	288	079b58f4a11049ddb2d5ad95401efc8c0cfb67f8e2f6307627331dd1c9136e69
1f63fe0b	g3-exception-resume	scenarios/g3-exception-resume/snapshots/db-VehiclePurposeClaims.json	183	d8b9ab803f45d888bbb420e0512a1d08d7a7e4591e0540eaf1ac43d7ef1fa99d
1f63fe0b	g3-exception-resume	scenarios/g3-exception-resume/snapshots/db-WaitingPoints.json	0	e3b0c44298fc1c149afbf4c8996fb92427ae41e4649b934ca495991b7852b855
1f63fe0b	g3-exception-resume	scenarios/g3-exception-resume/snapshots/db-WaitingPointVehicleScopes.json	0	e3b0c44298fc1c149afbf4c8996fb92427ae41e4649b934ca495991b7852b855
1f63fe0b	g3-exception-resume	scenarios/g3-exception-resume/snapshots/db-WaitingPointVersions.json	0	e3b0c44298fc1c149afbf4c8996fb92427ae41e4649b934ca495991b7852b855
1f63fe0b	g3-exception-resume	scenarios/g3-exception-resume/snapshots/fake-mes-ingest.json	1040	171c8920a6175dfabe58d411b8f5f4e36c6f96347665d6b0228bd87af1451a61
1f63fe0b	g3-exception-resume	scenarios/g3-exception-resume/snapshots/fake-riot.json	2948	87b6f0e6e8e20852c5fe61820a53324b15bc03bc98ae1c8dae1eb89f7bf4a2b1
1f63fe0b	g3-exception-resume	scenarios/g3-exception-resume/snapshots/preseed-area-assignments.csv	128	9906e26d53df2e02e2cb2da976840b5764419d03f3d724097fe4bf7ce36ec8af
1f63fe0b	g3-exception-resume	scenarios/g3-exception-resume/snapshots/preseed-charging-policy.json	444	c9cff5e4ecf1d832d52d74154c81f43961075a5ca9d96150e9f079ea0afc2bfa
1f63fe0b	g3-exception-resume	scenarios/g3-exception-resume/snapshots/slots-simulator.json	3033	9b24fe930fd34a362abfc4c3fa11bdd80c84744fef93bf61610658d9d3c7896d
1f63fe0b	g3-exception-resume	scenarios/g3-exception-resume/snapshots/task-type-stations.settings.json	894	d69ededa82fcf5dad3cdcc83b1682ae1f2ca0ce41be15f438c179105d114cc4f
1f63fe0b	g3-fault-cargo-handoff	scenarios/g3-fault-cargo-handoff/logs/build.log	2464	3436b8b16795668913040973938b5d94175a8fb3730a2c69b07b643db84a01ee
1f63fe0b	g3-fault-cargo-handoff	scenarios/g3-fault-cargo-handoff/logs/control-server.err.log	0	e3b0c44298fc1c149afbf4c8996fb92427ae41e4649b934ca495991b7852b855
1f63fe0b	g3-fault-cargo-handoff	scenarios/g3-fault-cargo-handoff/logs/control-server.out.log	1741257	faef12e83d8512b96e6a15be6b477c8c2fbbfe84147517aa41e1660eb2effb2d
1f63fe0b	g3-fault-cargo-handoff	scenarios/g3-fault-cargo-handoff/logs/fake-mes-ingest.err.log	0	e3b0c44298fc1c149afbf4c8996fb92427ae41e4649b934ca495991b7852b855
1f63fe0b	g3-fault-cargo-handoff	scenarios/g3-fault-cargo-handoff/logs/fake-mes-ingest.out.log	53199	d2a306ac8eab0a9932b87a35443e2b30e3495479e4ef271a13058bf9124bcb06
1f63fe0b	g3-fault-cargo-handoff	scenarios/g3-fault-cargo-handoff/logs/fake-riot.err.log	0	e3b0c44298fc1c149afbf4c8996fb92427ae41e4649b934ca495991b7852b855
1f63fe0b	g3-fault-cargo-handoff	scenarios/g3-fault-cargo-handoff/logs/fake-riot.out.log	236036	2bf464f4d519a5fb3c80c15a5a1fe4d0f9c1aa997dcdb5f77db26b3708effe40
1f63fe0b	g3-fault-cargo-handoff	scenarios/g3-fault-cargo-handoff/logs/onboard-hmi.before-restart-1.err.log	0	e3b0c44298fc1c149afbf4c8996fb92427ae41e4649b934ca495991b7852b855
1f63fe0b	g3-fault-cargo-handoff	scenarios/g3-fault-cargo-handoff/logs/onboard-hmi.before-restart-1.out.log	0	e3b0c44298fc1c149afbf4c8996fb92427ae41e4649b934ca495991b7852b855
1f63fe0b	g3-fault-cargo-handoff	scenarios/g3-fault-cargo-handoff/logs/onboard-hmi.err.log	0	e3b0c44298fc1c149afbf4c8996fb92427ae41e4649b934ca495991b7852b855
1f63fe0b	g3-fault-cargo-handoff	scenarios/g3-fault-cargo-handoff/logs/onboard-hmi.out.log	0	e3b0c44298fc1c149afbf4c8996fb92427ae41e4649b934ca495991b7852b855
1f63fe0b	g3-fault-cargo-handoff	scenarios/g3-fault-cargo-handoff/logs/package-capacity-import.err.log	0	e3b0c44298fc1c149afbf4c8996fb92427ae41e4649b934ca495991b7852b855
1f63fe0b	g3-fault-cargo-handoff	scenarios/g3-fault-cargo-handoff/logs/package-capacity-import.out.log	162554	7b6036585bdecb75d67ddf4729ed167870f34c823cd85dfa1306aa95736bd624
1f63fe0b	g3-fault-cargo-handoff	scenarios/g3-fault-cargo-handoff/logs/slots-simulator.err.log	0	e3b0c44298fc1c149afbf4c8996fb92427ae41e4649b934ca495991b7852b855
1f63fe0b	g3-fault-cargo-handoff	scenarios/g3-fault-cargo-handoff/logs/slots-simulator.out.log	0	e3b0c44298fc1c149afbf4c8996fb92427ae41e4649b934ca495991b7852b855
1f63fe0b	g3-fault-cargo-handoff	scenarios/g3-fault-cargo-handoff/logs/onboard-app/agv-20261010.log	11231	d2adf1dbf262611b3e42d3dc77e09f7364fca8b9cbd6370301bd68bc9e278d53
1f63fe0b	g3-fault-cargo-handoff	scenarios/g3-fault-cargo-handoff/snapshots/db-AcceptedDemands.json	1788	ccbcca6785e57ac4491d0d491f10510cebe02a796f67ca8dfdbd562e937ae249
1f63fe0b	g3-fault-cargo-handoff	scenarios/g3-fault-cargo-handoff/snapshots/db-ActiveSlotConfigurations.json	0	e3b0c44298fc1c149afbf4c8996fb92427ae41e4649b934ca495991b7852b855
1f63fe0b	g3-fault-cargo-handoff	scenarios/g3-fault-cargo-handoff/snapshots/db-BusinessAuditRecords.json	6498	59875077c20e1770c9ea826a14adb62c7fefac44ca3830a71ca3965cf05742a7
1f63fe0b	g3-fault-cargo-handoff	scenarios/g3-fault-cargo-handoff/snapshots/db-ChargerRosterEntries.json	0	e3b0c44298fc1c149afbf4c8996fb92427ae41e4649b934ca495991b7852b855
1f63fe0b	g3-fault-cargo-handoff	scenarios/g3-fault-cargo-handoff/snapshots/db-ChargerRosterVersions.json	0	e3b0c44298fc1c149afbf4c8996fb92427ae41e4649b934ca495991b7852b855
1f63fe0b	g3-fault-cargo-handoff	scenarios/g3-fault-cargo-handoff/snapshots/db-ChargingPolicyActivations.json	189	acacefed9a4bf0a3c9d088bd2c30ee79f55043a1fbcefbfb13772e5c01692031
1f63fe0b	g3-fault-cargo-handoff	scenarios/g3-fault-cargo-handoff/snapshots/db-ChargingPolicyApprovals.json	281	a58d5f97fa06775c1c70ecce2555f1e6ef8070e8cbfe6391f08e534b5bbaea3b
1f63fe0b	g3-fault-cargo-handoff	scenarios/g3-fault-cargo-handoff/snapshots/db-ChargingPolicyVehicleScopes.json	0	e3b0c44298fc1c149afbf4c8996fb92427ae41e4649b934ca495991b7852b855
1f63fe0b	g3-fault-cargo-handoff	scenarios/g3-fault-cargo-handoff/snapshots/db-ChargingPolicyVersions.json	631	ab0b6d500db4c3a0077dce20bdf759c02f0d787fe725c7cc8187c9751948959b
1f63fe0b	g3-fault-cargo-handoff	scenarios/g3-fault-cargo-handoff/snapshots/db-CreateGateAudit.json	960	9ee8aaa4b183b918e95f0b26efe5dde2e4824700c6ed69308394a1f6d7a714d3
1f63fe0b	g3-fault-cargo-handoff	scenarios/g3-fault-cargo-handoff/snapshots/db-DispatchZoneAreaAssignments.json	377	ffd7aa7365bc86efef17a319718d4204d0b1a59ba4472d7aa02a7a181ceaee9c
1f63fe0b	g3-fault-cargo-handoff	scenarios/g3-fault-cargo-handoff/snapshots/db-DispatchZoneAreaAssignmentVersions.json	234	7b298e442df941536ceab0d877c39a20122ddd3d4daa773a2f5840beeabef128
1f63fe0b	g3-fault-cargo-handoff	scenarios/g3-fault-cargo-handoff/snapshots/db-DispatchZoneParameters.json	0	e3b0c44298fc1c149afbf4c8996fb92427ae41e4649b934ca495991b7852b855
1f63fe0b	g3-fault-cargo-handoff	scenarios/g3-fault-cargo-handoff/snapshots/db-DispatchZoneParameterVersions.json	0	e3b0c44298fc1c149afbf4c8996fb92427ae41e4649b934ca495991b7852b855
1f63fe0b	g3-fault-cargo-handoff	scenarios/g3-fault-cargo-handoff/snapshots/db-ExceptionRecoverySessions.json	786	aec2ce559cd1c3266605465bbb1aac7e6cc079cdf2e33e471f59afd6194e95a6
1f63fe0b	g3-fault-cargo-handoff	scenarios/g3-fault-cargo-handoff/snapshots/db-FrozenDemandStations.json	1339	773c8c2d96dc441681a9571c5290faf9120e43a34a9fc13a98d705631b3928de
1f63fe0b	g3-fault-cargo-handoff	scenarios/g3-fault-cargo-handoff/snapshots/db-JourneyBacklog.json	1185	9409012bfd0d989e78e3e63e9bea3f469e3a55aafe2ddc5edba8b5a5aff9ff9a
1f63fe0b	g3-fault-cargo-handoff	scenarios/g3-fault-cargo-handoff/snapshots/db-JourneyDemands.json	1844	5296887686b43d5aa8c375a6440dfa77246535c42d92bf6dfa7e0abc8701d9f4
1f63fe0b	g3-fault-cargo-handoff	scenarios/g3-fault-cargo-handoff/snapshots/db-JourneyRuntimes.json	5778	5dc46888980a1b7dc78994e0260c8956d28dad7f91426f15c06059e714dc049f
1f63fe0b	g3-fault-cargo-handoff	scenarios/g3-fault-cargo-handoff/snapshots/db-JourneyStops.json	3873	72f6ec237fe9de2b422af903df134250003ae78a73142dfeb99f1e531dffe8ca
1f63fe0b	g3-fault-cargo-handoff	scenarios/g3-fault-cargo-handoff/snapshots/db-MapStationCatalogStates.json	370	f5a5a1ce72889e56608fbec5c48567d5dfcd6986c9e98979d6ddd7daf6e780b6
1f63fe0b	g3-fault-cargo-handoff	scenarios/g3-fault-cargo-handoff/snapshots/db-OnboardAlarmSnapshots.json	213	a6d11ba70dfef558921476e3c6a443d9b4e09fe1ee472b16eed971f3470e4310
1f63fe0b	g3-fault-cargo-handoff	scenarios/g3-fault-cargo-handoff/snapshots/db-OperationResults.json	666	f84c62d55cd3f561f7a188d478a6bbba307d7cc3c54328a57a59642cee50be03
1f63fe0b	g3-fault-cargo-handoff	scenarios/g3-fault-cargo-handoff/snapshots/db-OrderIntents.json	3182	f4d7d61f81cfb521dc000f48fcfac4c2c40e0ee4e7a02d7bcf21f22d5fd6328b
1f63fe0b	g3-fault-cargo-handoff	scenarios/g3-fault-cargo-handoff/snapshots/db-OwnOrderRebuilds.json	0	e3b0c44298fc1c149afbf4c8996fb92427ae41e4649b934ca495991b7852b855
1f63fe0b	g3-fault-cargo-handoff	scenarios/g3-fault-cargo-handoff/snapshots/db-RecoveryWorkflows.json	1200	2c1474b04265b6e64905ad4b0773c8733fb794451d4d6da3d2078e2cc484d96f
1f63fe0b	g3-fault-cargo-handoff	scenarios/g3-fault-cargo-handoff/snapshots/db-RiotDispatchAuditEvents.json	9113	c34fc838ae54cbcbab6389ef02f48e1c4b136f5d28b3291e505d74927f94c2c5
1f63fe0b	g3-fault-cargo-handoff	scenarios/g3-fault-cargo-handoff/snapshots/db-RiotOrderCommandAudit.json	0	e3b0c44298fc1c149afbf4c8996fb92427ae41e4649b934ca495991b7852b855
1f63fe0b	g3-fault-cargo-handoff	scenarios/g3-fault-cargo-handoff/snapshots/db-RouteGraphSnapshots.json	0	e3b0c44298fc1c149afbf4c8996fb92427ae41e4649b934ca495991b7852b855
1f63fe0b	g3-fault-cargo-handoff	scenarios/g3-fault-cargo-handoff/snapshots/db-SessionRecoveries.json	1136	2ae14aefb03e8048e88a7c882da4a789fa1030537cb019c363779154554d9088
1f63fe0b	g3-fault-cargo-handoff	scenarios/g3-fault-cargo-handoff/snapshots/db-SlotConfigurationActivations.json	0	e3b0c44298fc1c149afbf4c8996fb92427ae41e4649b934ca495991b7852b855
1f63fe0b	g3-fault-cargo-handoff	scenarios/g3-fault-cargo-handoff/snapshots/db-SlotFaultDeclarations.json	0	e3b0c44298fc1c149afbf4c8996fb92427ae41e4649b934ca495991b7852b855
1f63fe0b	g3-fault-cargo-handoff	scenarios/g3-fault-cargo-handoff/snapshots/db-SlotIoBindings.json	4258	f8a5b56c67686d1c27f6231192ba97f5224de4cd75efe660265685b8898ac364
1f63fe0b	g3-fault-cargo-handoff	scenarios/g3-fault-cargo-handoff/snapshots/db-SlotModelVersions.json	319	ab0bed8601820e6aa3adb9103a28fb965e30af39aa4fe0b095880aa5910b280d
1f63fe0b	g3-fault-cargo-handoff	scenarios/g3-fault-cargo-handoff/snapshots/db-StationExclusivities.json	0	e3b0c44298fc1c149afbf4c8996fb92427ae41e4649b934ca495991b7852b855
1f63fe0b	g3-fault-cargo-handoff	scenarios/g3-fault-cargo-handoff/snapshots/db-StationExclusivityRecords.json	470	7c0816e12414d828f37d78c9efc6841b859974bc92b95c67dedcdf94ac473bd6
1f63fe0b	g3-fault-cargo-handoff	scenarios/g3-fault-cargo-handoff/snapshots/db-StationOperations.json	477	8a81a2c8516bf47b4e364e091ee6388a4848eb766a79532b24877fcba311e345
1f63fe0b	g3-fault-cargo-handoff	scenarios/g3-fault-cargo-handoff/snapshots/db-StructuralDispatchBlocks.json	0	e3b0c44298fc1c149afbf4c8996fb92427ae41e4649b934ca495991b7852b855
1f63fe0b	g3-fault-cargo-handoff	scenarios/g3-fault-cargo-handoff/snapshots/db-TaskTypeStationActiveBindingSets.json	144	d0b29b868b13578e5a08d0e9e92b4e37a2f296943bfacbb2d3bf2eb0a2e11156
1f63fe0b	g3-fault-cargo-handoff	scenarios/g3-fault-cargo-handoff/snapshots/db-TaskTypeStationBindings.json	173	b412006843f62c50e682598812b9f1746f67a659a3a2ddcff12221d6be0bbc28
1f63fe0b	g3-fault-cargo-handoff	scenarios/g3-fault-cargo-handoff/snapshots/db-TaskTypeStationBindingSetVersions.json	396	df4590f39ad7cc785216fe224a26ef27b95e60d079a66c1c6d54c82d61b450d2
1f63fe0b	g3-fault-cargo-handoff	scenarios/g3-fault-cargo-handoff/snapshots/db-TaskTypeStationRuleVersions.json	331	7d3452f71cacc2990fd91db7cfe7f1907a0081a4c47fccd58aac38708cc1903a
1f63fe0b	g3-fault-cargo-handoff	scenarios/g3-fault-cargo-handoff/snapshots/db-VehiclePurposeClaimRecords.json	683	f6e903f14aa5b3508641aef51e960b73f4f4131daea88dd74ffa542a28c79fd5
1f63fe0b	g3-fault-cargo-handoff	scenarios/g3-fault-cargo-handoff/snapshots/db-VehiclePurposeClaims.json	183	64ee7d0e4bd650d842d044d9265edd2c7d85977ae827e90a375d54d187ac59da
1f63fe0b	g3-fault-cargo-handoff	scenarios/g3-fault-cargo-handoff/snapshots/db-WaitingPoints.json	0	e3b0c44298fc1c149afbf4c8996fb92427ae41e4649b934ca495991b7852b855
1f63fe0b	g3-fault-cargo-handoff	scenarios/g3-fault-cargo-handoff/snapshots/db-WaitingPointVehicleScopes.json	0	e3b0c44298fc1c149afbf4c8996fb92427ae41e4649b934ca495991b7852b855
1f63fe0b	g3-fault-cargo-handoff	scenarios/g3-fault-cargo-handoff/snapshots/db-WaitingPointVersions.json	0	e3b0c44298fc1c149afbf4c8996fb92427ae41e4649b934ca495991b7852b855
1f63fe0b	g3-fault-cargo-handoff	scenarios/g3-fault-cargo-handoff/snapshots/fake-mes-ingest.json	1770	36d7d6e13e005737b0af06c830df00ec37ea4ac534caf31f7a9cda11832fb2fe
1f63fe0b	g3-fault-cargo-handoff	scenarios/g3-fault-cargo-handoff/snapshots/fake-riot.json	3386	ca6873c5f6e122b3ae07e1a2e27f364e01319602003911842ab61b1f6b3c56a0
1f63fe0b	g3-fault-cargo-handoff	scenarios/g3-fault-cargo-handoff/snapshots/preseed-area-assignments.csv	128	9906e26d53df2e02e2cb2da976840b5764419d03f3d724097fe4bf7ce36ec8af
1f63fe0b	g3-fault-cargo-handoff	scenarios/g3-fault-cargo-handoff/snapshots/preseed-charging-policy.json	444	c9cff5e4ecf1d832d52d74154c81f43961075a5ca9d96150e9f079ea0afc2bfa
1f63fe0b	g3-fault-cargo-handoff	scenarios/g3-fault-cargo-handoff/snapshots/slots-simulator.json	3029	f2277f8beb57a477a71112511e12d9623ea5a8a065a2555e2c22e534559d9178
1f63fe0b	g3-fault-cargo-handoff	scenarios/g3-fault-cargo-handoff/snapshots/task-type-stations.settings.json	894	d69ededa82fcf5dad3cdcc83b1682ae1f2ca0ce41be15f438c179105d114cc4f
1f63fe0b	g3-forced-mechanical-recovery	scenarios/g3-forced-mechanical-recovery/logs/build.log	2464	736085c70dbe8ad139da76d27357ec93f001dc68796c32a446c21b7cf80fe434
1f63fe0b	g3-forced-mechanical-recovery	scenarios/g3-forced-mechanical-recovery/logs/control-server.err.log	0	e3b0c44298fc1c149afbf4c8996fb92427ae41e4649b934ca495991b7852b855
1f63fe0b	g3-forced-mechanical-recovery	scenarios/g3-forced-mechanical-recovery/logs/control-server.out.log	1393950	6a00a23a52c23f188968f4395954bf174f86ac307b182459c33c102c1a0f254a
1f63fe0b	g3-forced-mechanical-recovery	scenarios/g3-forced-mechanical-recovery/logs/fake-mes-ingest.err.log	0	e3b0c44298fc1c149afbf4c8996fb92427ae41e4649b934ca495991b7852b855
1f63fe0b	g3-forced-mechanical-recovery	scenarios/g3-forced-mechanical-recovery/logs/fake-mes-ingest.out.log	42581	60817a6bb728ca8a035080196d08b90bafa6520d746308db3e1e0e3c2c171582
1f63fe0b	g3-forced-mechanical-recovery	scenarios/g3-forced-mechanical-recovery/logs/fake-riot.err.log	0	e3b0c44298fc1c149afbf4c8996fb92427ae41e4649b934ca495991b7852b855
1f63fe0b	g3-forced-mechanical-recovery	scenarios/g3-forced-mechanical-recovery/logs/fake-riot.out.log	187220	9aa85ff1c112712ef31f08a3612593e254ca992c3d8004e5c6805fea6621e5b9
1f63fe0b	g3-forced-mechanical-recovery	scenarios/g3-forced-mechanical-recovery/logs/onboard-hmi.before-restart-1.err.log	0	e3b0c44298fc1c149afbf4c8996fb92427ae41e4649b934ca495991b7852b855
1f63fe0b	g3-forced-mechanical-recovery	scenarios/g3-forced-mechanical-recovery/logs/onboard-hmi.before-restart-1.out.log	0	e3b0c44298fc1c149afbf4c8996fb92427ae41e4649b934ca495991b7852b855
1f63fe0b	g3-forced-mechanical-recovery	scenarios/g3-forced-mechanical-recovery/logs/onboard-hmi.err.log	0	e3b0c44298fc1c149afbf4c8996fb92427ae41e4649b934ca495991b7852b855
1f63fe0b	g3-forced-mechanical-recovery	scenarios/g3-forced-mechanical-recovery/logs/onboard-hmi.out.log	0	e3b0c44298fc1c149afbf4c8996fb92427ae41e4649b934ca495991b7852b855
1f63fe0b	g3-forced-mechanical-recovery	scenarios/g3-forced-mechanical-recovery/logs/package-capacity-import.err.log	0	e3b0c44298fc1c149afbf4c8996fb92427ae41e4649b934ca495991b7852b855
1f63fe0b	g3-forced-mechanical-recovery	scenarios/g3-forced-mechanical-recovery/logs/package-capacity-import.out.log	162552	55f373f10c6676cec82f9f9349d1a730e186fa3b06d7dc686792559b3334b692
1f63fe0b	g3-forced-mechanical-recovery	scenarios/g3-forced-mechanical-recovery/logs/slots-simulator.err.log	0	e3b0c44298fc1c149afbf4c8996fb92427ae41e4649b934ca495991b7852b855
1f63fe0b	g3-forced-mechanical-recovery	scenarios/g3-forced-mechanical-recovery/logs/slots-simulator.out.log	0	e3b0c44298fc1c149afbf4c8996fb92427ae41e4649b934ca495991b7852b855
1f63fe0b	g3-forced-mechanical-recovery	scenarios/g3-forced-mechanical-recovery/logs/onboard-app/agv-20261010.log	9812	07024ea98fd8aa59f62ed1d29e356494edf194d1a29d17f09d87a0fc6b8efb00
1f63fe0b	g3-forced-mechanical-recovery	scenarios/g3-forced-mechanical-recovery/snapshots/db-AcceptedDemands.json	849	947a9dda7c268ad5f01d8c1740d84a2e934a078e34103def903fc94b4b5828de
1f63fe0b	g3-forced-mechanical-recovery	scenarios/g3-forced-mechanical-recovery/snapshots/db-ActiveSlotConfigurations.json	0	e3b0c44298fc1c149afbf4c8996fb92427ae41e4649b934ca495991b7852b855
1f63fe0b	g3-forced-mechanical-recovery	scenarios/g3-forced-mechanical-recovery/snapshots/db-BusinessAuditRecords.json	6500	d8b7fe00ee5787fa5228f064d082a0eb1acc961189c9f7f22926eb3b7a5e0ab5
1f63fe0b	g3-forced-mechanical-recovery	scenarios/g3-forced-mechanical-recovery/snapshots/db-ChargerRosterEntries.json	0	e3b0c44298fc1c149afbf4c8996fb92427ae41e4649b934ca495991b7852b855
1f63fe0b	g3-forced-mechanical-recovery	scenarios/g3-forced-mechanical-recovery/snapshots/db-ChargerRosterVersions.json	0	e3b0c44298fc1c149afbf4c8996fb92427ae41e4649b934ca495991b7852b855
1f63fe0b	g3-forced-mechanical-recovery	scenarios/g3-forced-mechanical-recovery/snapshots/db-ChargingPolicyActivations.json	187	8da248b5bb033d23b0251d58e61479731c894644b9d3a33816b20745d77a0f22
1f63fe0b	g3-forced-mechanical-recovery	scenarios/g3-forced-mechanical-recovery/snapshots/db-ChargingPolicyApprovals.json	282	179b9a3fb40acfcb9830df552479dcd0221ee857d1a366f99537ad9fab8f00f2
1f63fe0b	g3-forced-mechanical-recovery	scenarios/g3-forced-mechanical-recovery/snapshots/db-ChargingPolicyVehicleScopes.json	0	e3b0c44298fc1c149afbf4c8996fb92427ae41e4649b934ca495991b7852b855
1f63fe0b	g3-forced-mechanical-recovery	scenarios/g3-forced-mechanical-recovery/snapshots/db-ChargingPolicyVersions.json	632	108963db401ad750e4d7832c46cafc0c685b169e61c6eeabfdd3908736df9676
1f63fe0b	g3-forced-mechanical-recovery	scenarios/g3-forced-mechanical-recovery/snapshots/db-CreateGateAudit.json	445	0569990b4d994f427f3713b49b96fd6d359a57be6ed58c30de11b39072062d40
1f63fe0b	g3-forced-mechanical-recovery	scenarios/g3-forced-mechanical-recovery/snapshots/db-DispatchZoneAreaAssignments.json	377	ffd7aa7365bc86efef17a319718d4204d0b1a59ba4472d7aa02a7a181ceaee9c
1f63fe0b	g3-forced-mechanical-recovery	scenarios/g3-forced-mechanical-recovery/snapshots/db-DispatchZoneAreaAssignmentVersions.json	235	f0e4ccaeec026e1f4e613415e678e7d6e9654beb1c15a3ed3bc3060d5117b9db
1f63fe0b	g3-forced-mechanical-recovery	scenarios/g3-forced-mechanical-recovery/snapshots/db-DispatchZoneParameters.json	0	e3b0c44298fc1c149afbf4c8996fb92427ae41e4649b934ca495991b7852b855
1f63fe0b	g3-forced-mechanical-recovery	scenarios/g3-forced-mechanical-recovery/snapshots/db-DispatchZoneParameterVersions.json	0	e3b0c44298fc1c149afbf4c8996fb92427ae41e4649b934ca495991b7852b855
1f63fe0b	g3-forced-mechanical-recovery	scenarios/g3-forced-mechanical-recovery/snapshots/db-ExceptionRecoverySessions.json	811	11e4d02e506e644db1afba1b0934a679a3e978231dd0cafca3111e9ecc7d3677
1f63fe0b	g3-forced-mechanical-recovery	scenarios/g3-forced-mechanical-recovery/snapshots/db-FrozenDemandStations.json	666	7c2b66e25848847dfa35ff5b29295945eaee2789b4ddd1172e1e8c6e9a45cc13
1f63fe0b	g3-forced-mechanical-recovery	scenarios/g3-forced-mechanical-recovery/snapshots/db-JourneyBacklog.json	569	1cc306903b05c1719e76bf034f739892d796630f0fc5a86ba60a6a78a28d1ed5
1f63fe0b	g3-forced-mechanical-recovery	scenarios/g3-forced-mechanical-recovery/snapshots/db-JourneyDemands.json	877	1bc9f1aeede4b3adb4c1cab63587c56c137b5784821f4b7151f69ca8c6ef9477
1f63fe0b	g3-forced-mechanical-recovery	scenarios/g3-forced-mechanical-recovery/snapshots/db-JourneyRuntimes.json	2820	5621479612b4db707c273d12de6c4df4a1f0ce1c14c777cf62acd5afe59f292f
1f63fe0b	g3-forced-mechanical-recovery	scenarios/g3-forced-mechanical-recovery/snapshots/db-JourneyStops.json	1939	3f5b1f8558281db4991f7112c7d024d97a7fcb42eb734b2fbb9b9239279732a1
1f63fe0b	g3-forced-mechanical-recovery	scenarios/g3-forced-mechanical-recovery/snapshots/db-MapStationCatalogStates.json	370	8b34eab5da2549c7a47c8d97adb6f43b652c6def0b78929bd85b24714fe898eb
1f63fe0b	g3-forced-mechanical-recovery	scenarios/g3-forced-mechanical-recovery/snapshots/db-OnboardAlarmSnapshots.json	683	f3dbda183927baeba9e2b3e2d97cb227f1e585754be7a27a24e6352e68021193
1f63fe0b	g3-forced-mechanical-recovery	scenarios/g3-forced-mechanical-recovery/snapshots/db-OperationResults.json	666	8a6744c4a4ba87249c5dc0439a3c411caeccf2163ae231ae05374a54934f347b
1f63fe0b	g3-forced-mechanical-recovery	scenarios/g3-forced-mechanical-recovery/snapshots/db-OrderIntents.json	1530	81e50305bd16dac8a249ef279e0b39c3432085d32191dd4534deebb3f2fbbf20
1f63fe0b	g3-forced-mechanical-recovery	scenarios/g3-forced-mechanical-recovery/snapshots/db-OwnOrderRebuilds.json	0	e3b0c44298fc1c149afbf4c8996fb92427ae41e4649b934ca495991b7852b855
1f63fe0b	g3-forced-mechanical-recovery	scenarios/g3-forced-mechanical-recovery/snapshots/db-RecoveryWorkflows.json	1263	66e016ff7f45aa2331ba299599cfa5f56e4688a30e2f52e9a90da86615114d78
1f63fe0b	g3-forced-mechanical-recovery	scenarios/g3-forced-mechanical-recovery/snapshots/db-RiotDispatchAuditEvents.json	4555	a736f5d83caf1a6eedb8e6873c93fc91cbbd75f16df300bd62b16f542b22800d
1f63fe0b	g3-forced-mechanical-recovery	scenarios/g3-forced-mechanical-recovery/snapshots/db-RiotOrderCommandAudit.json	0	e3b0c44298fc1c149afbf4c8996fb92427ae41e4649b934ca495991b7852b855
1f63fe0b	g3-forced-mechanical-recovery	scenarios/g3-forced-mechanical-recovery/snapshots/db-RouteGraphSnapshots.json	0	e3b0c44298fc1c149afbf4c8996fb92427ae41e4649b934ca495991b7852b855
1f63fe0b	g3-forced-mechanical-recovery	scenarios/g3-forced-mechanical-recovery/snapshots/db-SessionRecoveries.json	1177	207f7ffca5fa9eed5933eb433ea79f33ee591258e6b70f0f68f1a97a5bfb184c
1f63fe0b	g3-forced-mechanical-recovery	scenarios/g3-forced-mechanical-recovery/snapshots/db-SlotConfigurationActivations.json	0	e3b0c44298fc1c149afbf4c8996fb92427ae41e4649b934ca495991b7852b855
1f63fe0b	g3-forced-mechanical-recovery	scenarios/g3-forced-mechanical-recovery/snapshots/db-SlotFaultDeclarations.json	0	e3b0c44298fc1c149afbf4c8996fb92427ae41e4649b934ca495991b7852b855
1f63fe0b	g3-forced-mechanical-recovery	scenarios/g3-forced-mechanical-recovery/snapshots/db-SlotIoBindings.json	4250	cafee7f624627b6e5cafbf8f9055c9717fac27e1af4a8a1e60a565824e6f5a2d
1f63fe0b	g3-forced-mechanical-recovery	scenarios/g3-forced-mechanical-recovery/snapshots/db-SlotModelVersions.json	321	825ab0819584dbf1cc0b407f96cf1c3c87d00e1cf02c691c08c936ac3f3fe8bb
1f63fe0b	g3-forced-mechanical-recovery	scenarios/g3-forced-mechanical-recovery/snapshots/db-StationExclusivities.json	0	e3b0c44298fc1c149afbf4c8996fb92427ae41e4649b934ca495991b7852b855
1f63fe0b	g3-forced-mechanical-recovery	scenarios/g3-forced-mechanical-recovery/snapshots/db-StationExclusivityRecords.json	470	55f23fc3a6e401ca8dc72099dca19bc56a3741dbd160829ef22ff32ac3b2a6af
1f63fe0b	g3-forced-mechanical-recovery	scenarios/g3-forced-mechanical-recovery/snapshots/db-StationOperations.json	477	fdbfd486532cc973f1d053364f3d109eda95ef5d7e88abe9924e65860da76f1f
1f63fe0b	g3-forced-mechanical-recovery	scenarios/g3-forced-mechanical-recovery/snapshots/db-StructuralDispatchBlocks.json	0	e3b0c44298fc1c149afbf4c8996fb92427ae41e4649b934ca495991b7852b855
1f63fe0b	g3-forced-mechanical-recovery	scenarios/g3-forced-mechanical-recovery/snapshots/db-TaskTypeStationActiveBindingSets.json	144	264eb61733cb1d257460d7e13a476b517496969085c9af81d5387e405896fe29
1f63fe0b	g3-forced-mechanical-recovery	scenarios/g3-forced-mechanical-recovery/snapshots/db-TaskTypeStationBindings.json	173	b412006843f62c50e682598812b9f1746f67a659a3a2ddcff12221d6be0bbc28
1f63fe0b	g3-forced-mechanical-recovery	scenarios/g3-forced-mechanical-recovery/snapshots/db-TaskTypeStationBindingSetVersions.json	396	fd09a14f82ac2ace1d03bce511eba3a7e66317b0d24381dd77fd1e67f26bfc21
1f63fe0b	g3-forced-mechanical-recovery	scenarios/g3-forced-mechanical-recovery/snapshots/db-TaskTypeStationRuleVersions.json	331	2dfa3287c8f9cfc51166f8bc766c6fcae36ab7c87ecd55fd5d56f0d14a255dee
1f63fe0b	g3-forced-mechanical-recovery	scenarios/g3-forced-mechanical-recovery/snapshots/db-VehiclePurposeClaimRecords.json	350	6c500f68fe993fceee133eb30849a2a1a98313f820a2ffbc70eb489b992e42d0
1f63fe0b	g3-forced-mechanical-recovery	scenarios/g3-forced-mechanical-recovery/snapshots/db-VehiclePurposeClaims.json	0	e3b0c44298fc1c149afbf4c8996fb92427ae41e4649b934ca495991b7852b855
1f63fe0b	g3-forced-mechanical-recovery	scenarios/g3-forced-mechanical-recovery/snapshots/db-WaitingPoints.json	0	e3b0c44298fc1c149afbf4c8996fb92427ae41e4649b934ca495991b7852b855
1f63fe0b	g3-forced-mechanical-recovery	scenarios/g3-forced-mechanical-recovery/snapshots/db-WaitingPointVehicleScopes.json	0	e3b0c44298fc1c149afbf4c8996fb92427ae41e4649b934ca495991b7852b855
1f63fe0b	g3-forced-mechanical-recovery	scenarios/g3-forced-mechanical-recovery/snapshots/db-WaitingPointVersions.json	0	e3b0c44298fc1c149afbf4c8996fb92427ae41e4649b934ca495991b7852b855
1f63fe0b	g3-forced-mechanical-recovery	scenarios/g3-forced-mechanical-recovery/snapshots/fake-mes-ingest.json	1040	43b9da6d6cdcff479c1dda96c166db5ef7b5d3117c3a2728cf3d7b75ab50d48e
1f63fe0b	g3-forced-mechanical-recovery	scenarios/g3-forced-mechanical-recovery/snapshots/fake-riot.json	2949	f7b7f309a9a5a1b205baa2356e519812990d1ae02195aee610bd9fe916ce948d
1f63fe0b	g3-forced-mechanical-recovery	scenarios/g3-forced-mechanical-recovery/snapshots/preseed-area-assignments.csv	128	9906e26d53df2e02e2cb2da976840b5764419d03f3d724097fe4bf7ce36ec8af
1f63fe0b	g3-forced-mechanical-recovery	scenarios/g3-forced-mechanical-recovery/snapshots/preseed-charging-policy.json	444	c9cff5e4ecf1d832d52d74154c81f43961075a5ca9d96150e9f079ea0afc2bfa
1f63fe0b	g3-forced-mechanical-recovery	scenarios/g3-forced-mechanical-recovery/snapshots/slots-simulator.json	3029	fa17d5a129a966aa07ab9bc2ce15ad4f86626c11e8c5ce280bec7a8a4e898261
1f63fe0b	g3-forced-mechanical-recovery	scenarios/g3-forced-mechanical-recovery/snapshots/task-type-stations.settings.json	894	d69ededa82fcf5dad3cdcc83b1682ae1f2ca0ce41be15f438c179105d114cc4f
1f63fe0b	g3-journey-demand-to-pickup	scenarios/g3-journey-demand-to-pickup/logs/build-onboard-hmi.log	2690	d39d80b5025679a44595e4a57aa4e3f6208d74f7f7d7b32ea1f352ef8fb4cf1a
1f63fe0b	g3-journey-demand-to-pickup	scenarios/g3-journey-demand-to-pickup/logs/build-slots-simulator.log	1290	1d6e21a5d976c8f6e92aa81bfa03092c6eaa460fb3dcb114be9589f0af471acc
1f63fe0b	g3-journey-demand-to-pickup	scenarios/g3-journey-demand-to-pickup/logs/build.log	4258	60423a52fd6096afc4c18f2fea75b5f120d6cc84c4970fa9a3e32a15ac39a885
1f63fe0b	g3-journey-demand-to-pickup	scenarios/g3-journey-demand-to-pickup/logs/control-server.err.log	0	e3b0c44298fc1c149afbf4c8996fb92427ae41e4649b934ca495991b7852b855
1f63fe0b	g3-journey-demand-to-pickup	scenarios/g3-journey-demand-to-pickup/logs/control-server.out.log	686816	00cde30939ea116bf2d3ae787a5edd9ecbaf49bb5cc6294b2f04ef2585c54430
1f63fe0b	g3-journey-demand-to-pickup	scenarios/g3-journey-demand-to-pickup/logs/fake-mes-ingest.err.log	0	e3b0c44298fc1c149afbf4c8996fb92427ae41e4649b934ca495991b7852b855
1f63fe0b	g3-journey-demand-to-pickup	scenarios/g3-journey-demand-to-pickup/logs/fake-mes-ingest.out.log	29192	8ce5a521fbb53125933ca21685f6327abf2c0a0eb419ecc09e62ac64a1eb55df
1f63fe0b	g3-journey-demand-to-pickup	scenarios/g3-journey-demand-to-pickup/logs/fake-riot.err.log	0	e3b0c44298fc1c149afbf4c8996fb92427ae41e4649b934ca495991b7852b855
1f63fe0b	g3-journey-demand-to-pickup	scenarios/g3-journey-demand-to-pickup/logs/fake-riot.out.log	100360	0d0df1a979cbfc70e69044a9e07136cd778c3ec3ed1c6a5b765623fed4cb2615
1f63fe0b	g3-journey-demand-to-pickup	scenarios/g3-journey-demand-to-pickup/logs/onboard-hmi.err.log	0	e3b0c44298fc1c149afbf4c8996fb92427ae41e4649b934ca495991b7852b855
1f63fe0b	g3-journey-demand-to-pickup	scenarios/g3-journey-demand-to-pickup/logs/onboard-hmi.out.log	0	e3b0c44298fc1c149afbf4c8996fb92427ae41e4649b934ca495991b7852b855
1f63fe0b	g3-journey-demand-to-pickup	scenarios/g3-journey-demand-to-pickup/logs/package-capacity-import.err.log	0	e3b0c44298fc1c149afbf4c8996fb92427ae41e4649b934ca495991b7852b855
1f63fe0b	g3-journey-demand-to-pickup	scenarios/g3-journey-demand-to-pickup/logs/package-capacity-import.out.log	162551	50cd4d12d51d72e9229a678be13786b28cdc3129586013e589a5f24ab4bb455d
1f63fe0b	g3-journey-demand-to-pickup	scenarios/g3-journey-demand-to-pickup/logs/slots-simulator.err.log	0	e3b0c44298fc1c149afbf4c8996fb92427ae41e4649b934ca495991b7852b855
1f63fe0b	g3-journey-demand-to-pickup	scenarios/g3-journey-demand-to-pickup/logs/slots-simulator.out.log	0	e3b0c44298fc1c149afbf4c8996fb92427ae41e4649b934ca495991b7852b855
1f63fe0b	g3-journey-demand-to-pickup	scenarios/g3-journey-demand-to-pickup/logs/onboard-app/agv-20261010.log	3335	b659f1cf6053326b700a4db3c870064c5b546b61e633c8ee7fa8c2b2307b5253
1f63fe0b	g3-journey-demand-to-pickup	scenarios/g3-journey-demand-to-pickup/snapshots/db-AcceptedDemands.json	844	45f1dccda64b45959b3f2e1357317382796e24bcc75dc495daf93ac4185f2962
1f63fe0b	g3-journey-demand-to-pickup	scenarios/g3-journey-demand-to-pickup/snapshots/db-ActiveSlotConfigurations.json	0	e3b0c44298fc1c149afbf4c8996fb92427ae41e4649b934ca495991b7852b855
1f63fe0b	g3-journey-demand-to-pickup	scenarios/g3-journey-demand-to-pickup/snapshots/db-BusinessAuditRecords.json	6503	9f906e7685e294414db48df6a5d2d31da6ad5c4f6924464a4a5e03b34b903a42
1f63fe0b	g3-journey-demand-to-pickup	scenarios/g3-journey-demand-to-pickup/snapshots/db-ChargerRosterEntries.json	0	e3b0c44298fc1c149afbf4c8996fb92427ae41e4649b934ca495991b7852b855
1f63fe0b	g3-journey-demand-to-pickup	scenarios/g3-journey-demand-to-pickup/snapshots/db-ChargerRosterVersions.json	0	e3b0c44298fc1c149afbf4c8996fb92427ae41e4649b934ca495991b7852b855
1f63fe0b	g3-journey-demand-to-pickup	scenarios/g3-journey-demand-to-pickup/snapshots/db-ChargingPolicyActivations.json	189	fabfdb2f86499ae63a2bd7633c94a47cd6a66edd84edebc6401885dee79bbf2e
1f63fe0b	g3-journey-demand-to-pickup	scenarios/g3-journey-demand-to-pickup/snapshots/db-ChargingPolicyApprovals.json	282	d2bb58605d0cf7440c4e9d3c96d1c653eb3f2ad75dea57bc8d6e7f33088e878a
1f63fe0b	g3-journey-demand-to-pickup	scenarios/g3-journey-demand-to-pickup/snapshots/db-ChargingPolicyVehicleScopes.json	0	e3b0c44298fc1c149afbf4c8996fb92427ae41e4649b934ca495991b7852b855
1f63fe0b	g3-journey-demand-to-pickup	scenarios/g3-journey-demand-to-pickup/snapshots/db-ChargingPolicyVersions.json	632	bb66ded6a889e9d1eb35b7ab65a1d521e338346cba26a3641340cd3c1d6747a5
1f63fe0b	g3-journey-demand-to-pickup	scenarios/g3-journey-demand-to-pickup/snapshots/db-CreateGateAudit.json	444	ca52a31388ec22389c578b945c57881918b5b5eb3367f8a0aa2057073f5a464e
1f63fe0b	g3-journey-demand-to-pickup	scenarios/g3-journey-demand-to-pickup/snapshots/db-DispatchZoneAreaAssignments.json	377	ffd7aa7365bc86efef17a319718d4204d0b1a59ba4472d7aa02a7a181ceaee9c
1f63fe0b	g3-journey-demand-to-pickup	scenarios/g3-journey-demand-to-pickup/snapshots/db-DispatchZoneAreaAssignmentVersions.json	235	324ef5f7e2776b6d8320f8bb4657aff1596f3172317079fb75527038823a0d7a
1f63fe0b	g3-journey-demand-to-pickup	scenarios/g3-journey-demand-to-pickup/snapshots/db-DispatchZoneParameters.json	0	e3b0c44298fc1c149afbf4c8996fb92427ae41e4649b934ca495991b7852b855
1f63fe0b	g3-journey-demand-to-pickup	scenarios/g3-journey-demand-to-pickup/snapshots/db-DispatchZoneParameterVersions.json	0	e3b0c44298fc1c149afbf4c8996fb92427ae41e4649b934ca495991b7852b855
1f63fe0b	g3-journey-demand-to-pickup	scenarios/g3-journey-demand-to-pickup/snapshots/db-ExceptionRecoverySessions.json	0	e3b0c44298fc1c149afbf4c8996fb92427ae41e4649b934ca495991b7852b855
1f63fe0b	g3-journey-demand-to-pickup	scenarios/g3-journey-demand-to-pickup/snapshots/db-FrozenDemandStations.json	664	4136be397b31289969cdf5b3e37982d489363c8621501c959b03a4425d250c6e
1f63fe0b	g3-journey-demand-to-pickup	scenarios/g3-journey-demand-to-pickup/snapshots/db-JourneyBacklog.json	566	ad9ffb923fb428051acc4306cae8463198bf49d450737452d6df5f6149d88763
1f63fe0b	g3-journey-demand-to-pickup	scenarios/g3-journey-demand-to-pickup/snapshots/db-JourneyDemands.json	879	242e24fe59bb000cd9af2685821ab74c4202f2cfff80f4040387d1d37b11970c
1f63fe0b	g3-journey-demand-to-pickup	scenarios/g3-journey-demand-to-pickup/snapshots/db-JourneyRuntimes.json	2789	6cc096427d98aaacad595ca762a230058b5af97478be283c95e6cd422ecdc8cd
1f63fe0b	g3-journey-demand-to-pickup	scenarios/g3-journey-demand-to-pickup/snapshots/db-JourneyStops.json	1939	4952e2b9046530a81b3bc11b54a1fc141b778015cc31119bd624083e3fa64ec0
1f63fe0b	g3-journey-demand-to-pickup	scenarios/g3-journey-demand-to-pickup/snapshots/db-MapStationCatalogStates.json	370	29a926c1651bd1c8c3240a4b6660c5d76955d35da93950633e0045dcd2d5063b
1f63fe0b	g3-journey-demand-to-pickup	scenarios/g3-journey-demand-to-pickup/snapshots/db-OnboardAlarmSnapshots.json	213	196d349882b77de72787aeab0676999ca9f3cfa7a0da5d8e6f611e690a0c1c29
1f63fe0b	g3-journey-demand-to-pickup	scenarios/g3-journey-demand-to-pickup/snapshots/db-OperationResults.json	0	e3b0c44298fc1c149afbf4c8996fb92427ae41e4649b934ca495991b7852b855
1f63fe0b	g3-journey-demand-to-pickup	scenarios/g3-journey-demand-to-pickup/snapshots/db-OrderIntents.json	1531	7fdc1b864f0ea5eaf2bf87356c57342a13a816d56b522d89ae8892642a4740b5
1f63fe0b	g3-journey-demand-to-pickup	scenarios/g3-journey-demand-to-pickup/snapshots/db-OwnOrderRebuilds.json	0	e3b0c44298fc1c149afbf4c8996fb92427ae41e4649b934ca495991b7852b855
1f63fe0b	g3-journey-demand-to-pickup	scenarios/g3-journey-demand-to-pickup/snapshots/db-RecoveryWorkflows.json	0	e3b0c44298fc1c149afbf4c8996fb92427ae41e4649b934ca495991b7852b855
1f63fe0b	g3-journey-demand-to-pickup	scenarios/g3-journey-demand-to-pickup/snapshots/db-RiotDispatchAuditEvents.json	4558	0fcb295a9f26644d57938d8564fa79ffaeec26ba39984b9b5c8849f9b5ecc689
1f63fe0b	g3-journey-demand-to-pickup	scenarios/g3-journey-demand-to-pickup/snapshots/db-RiotOrderCommandAudit.json	0	e3b0c44298fc1c149afbf4c8996fb92427ae41e4649b934ca495991b7852b855
1f63fe0b	g3-journey-demand-to-pickup	scenarios/g3-journey-demand-to-pickup/snapshots/db-RouteGraphSnapshots.json	0	e3b0c44298fc1c149afbf4c8996fb92427ae41e4649b934ca495991b7852b855
1f63fe0b	g3-journey-demand-to-pickup	scenarios/g3-journey-demand-to-pickup/snapshots/db-SessionRecoveries.json	1122	9e4014441a80f8ea427723dd6e7ef563e6ec6073bde344e6c5c52d20bbf8faf8
1f63fe0b	g3-journey-demand-to-pickup	scenarios/g3-journey-demand-to-pickup/snapshots/db-SlotConfigurationActivations.json	0	e3b0c44298fc1c149afbf4c8996fb92427ae41e4649b934ca495991b7852b855
1f63fe0b	g3-journey-demand-to-pickup	scenarios/g3-journey-demand-to-pickup/snapshots/db-SlotFaultDeclarations.json	0	e3b0c44298fc1c149afbf4c8996fb92427ae41e4649b934ca495991b7852b855
1f63fe0b	g3-journey-demand-to-pickup	scenarios/g3-journey-demand-to-pickup/snapshots/db-SlotIoBindings.json	4258	53454597bd2f3abe1fe8ea046dd68686f8d5f751d2baf3573bf07dacab046f69
1f63fe0b	g3-journey-demand-to-pickup	scenarios/g3-journey-demand-to-pickup/snapshots/db-SlotModelVersions.json	321	befbd74d8c680f637164e4c4dd49cac7d8e65e91d37cd1627d69ec124086f775
1f63fe0b	g3-journey-demand-to-pickup	scenarios/g3-journey-demand-to-pickup/snapshots/db-StationExclusivities.json	0	e3b0c44298fc1c149afbf4c8996fb92427ae41e4649b934ca495991b7852b855
1f63fe0b	g3-journey-demand-to-pickup	scenarios/g3-journey-demand-to-pickup/snapshots/db-StationExclusivityRecords.json	0	e3b0c44298fc1c149afbf4c8996fb92427ae41e4649b934ca495991b7852b855
1f63fe0b	g3-journey-demand-to-pickup	scenarios/g3-journey-demand-to-pickup/snapshots/db-StationOperations.json	0	e3b0c44298fc1c149afbf4c8996fb92427ae41e4649b934ca495991b7852b855
1f63fe0b	g3-journey-demand-to-pickup	scenarios/g3-journey-demand-to-pickup/snapshots/db-StructuralDispatchBlocks.json	0	e3b0c44298fc1c149afbf4c8996fb92427ae41e4649b934ca495991b7852b855
1f63fe0b	g3-journey-demand-to-pickup	scenarios/g3-journey-demand-to-pickup/snapshots/db-TaskTypeStationActiveBindingSets.json	144	b520fe29a3ecae0ecf30ceb13949217af1c9a31dd497efa1a4b1345b6d11e123
1f63fe0b	g3-journey-demand-to-pickup	scenarios/g3-journey-demand-to-pickup/snapshots/db-TaskTypeStationBindings.json	173	b412006843f62c50e682598812b9f1746f67a659a3a2ddcff12221d6be0bbc28
1f63fe0b	g3-journey-demand-to-pickup	scenarios/g3-journey-demand-to-pickup/snapshots/db-TaskTypeStationBindingSetVersions.json	396	54f9004fbe29e09eced999b1c541a2b2e2245f804646a2148ecedd855396cac8
1f63fe0b	g3-journey-demand-to-pickup	scenarios/g3-journey-demand-to-pickup/snapshots/db-TaskTypeStationRuleVersions.json	331	14af379bc611d8ae4c59d0d3eb186f9885cb6eec277726eebfb0df6723d76aa2
1f63fe0b	g3-journey-demand-to-pickup	scenarios/g3-journey-demand-to-pickup/snapshots/db-VehiclePurposeClaimRecords.json	288	8294e4089d6648c01b4df64f16389e06fc0b823a620110d8567e4e755926d29f
1f63fe0b	g3-journey-demand-to-pickup	scenarios/g3-journey-demand-to-pickup/snapshots/db-VehiclePurposeClaims.json	183	1dd2ff77f8b1d78bb063a3c147cd1c72117ff031a91da71e6f9ca3ac9c4bac85
1f63fe0b	g3-journey-demand-to-pickup	scenarios/g3-journey-demand-to-pickup/snapshots/db-WaitingPoints.json	0	e3b0c44298fc1c149afbf4c8996fb92427ae41e4649b934ca495991b7852b855
1f63fe0b	g3-journey-demand-to-pickup	scenarios/g3-journey-demand-to-pickup/snapshots/db-WaitingPointVehicleScopes.json	0	e3b0c44298fc1c149afbf4c8996fb92427ae41e4649b934ca495991b7852b855
1f63fe0b	g3-journey-demand-to-pickup	scenarios/g3-journey-demand-to-pickup/snapshots/db-WaitingPointVersions.json	0	e3b0c44298fc1c149afbf4c8996fb92427ae41e4649b934ca495991b7852b855
1f63fe0b	g3-journey-demand-to-pickup	scenarios/g3-journey-demand-to-pickup/snapshots/fake-mes-ingest.json	1037	f5e9faf9239345b96b164c91957cedb679075e011f9f1b3437924fd758bed6c9
1f63fe0b	g3-journey-demand-to-pickup	scenarios/g3-journey-demand-to-pickup/snapshots/fake-riot.json	2949	54fbad3c6a929d735c257360803eb2d3ecec170b53ccb28ac2fa7e5780953b1d
1f63fe0b	g3-journey-demand-to-pickup	scenarios/g3-journey-demand-to-pickup/snapshots/preseed-area-assignments.csv	128	9906e26d53df2e02e2cb2da976840b5764419d03f3d724097fe4bf7ce36ec8af
1f63fe0b	g3-journey-demand-to-pickup	scenarios/g3-journey-demand-to-pickup/snapshots/preseed-charging-policy.json	444	c9cff5e4ecf1d832d52d74154c81f43961075a5ca9d96150e9f079ea0afc2bfa
1f63fe0b	g3-journey-demand-to-pickup	scenarios/g3-journey-demand-to-pickup/snapshots/slots-simulator.json	3029	7b05c90ad256f91cefdfbcb792c0d39611b6f1fc3bb96127358446dbd54c72ff
1f63fe0b	g3-journey-demand-to-pickup	scenarios/g3-journey-demand-to-pickup/snapshots/task-type-stations.settings.json	894	d69ededa82fcf5dad3cdcc83b1682ae1f2ca0ce41be15f438c179105d114cc4f
1f63fe0b	g3-load-cancellation	scenarios/g3-load-cancellation/logs/build.log	2464	697b2668c1a347bd9c536949c7a682e20be96365a37a7e0d2e63d41457bee062
1f63fe0b	g3-load-cancellation	scenarios/g3-load-cancellation/logs/control-server.err.log	0	e3b0c44298fc1c149afbf4c8996fb92427ae41e4649b934ca495991b7852b855
1f63fe0b	g3-load-cancellation	scenarios/g3-load-cancellation/logs/control-server.out.log	4939864	2b29efe5c9b6108c724594497ac3a252a25c67ae7011f3d251c64fa845931dee
1f63fe0b	g3-load-cancellation	scenarios/g3-load-cancellation/logs/fake-mes-ingest.err.log	0	e3b0c44298fc1c149afbf4c8996fb92427ae41e4649b934ca495991b7852b855
1f63fe0b	g3-load-cancellation	scenarios/g3-load-cancellation/logs/fake-mes-ingest.out.log	196405	f164fa9c803f7b0e808a6370cb94e0c347b9dd6143cbf44872ef715dc31c7667
1f63fe0b	g3-load-cancellation	scenarios/g3-load-cancellation/logs/fake-riot.err.log	0	e3b0c44298fc1c149afbf4c8996fb92427ae41e4649b934ca495991b7852b855
1f63fe0b	g3-load-cancellation	scenarios/g3-load-cancellation/logs/fake-riot.out.log	690762	0ed0df805f1ca46674011d83bf8f64fdcedfabc86e2879fd6173140f3138e436
1f63fe0b	g3-load-cancellation	scenarios/g3-load-cancellation/logs/onboard-hmi.err.log	0	e3b0c44298fc1c149afbf4c8996fb92427ae41e4649b934ca495991b7852b855
1f63fe0b	g3-load-cancellation	scenarios/g3-load-cancellation/logs/onboard-hmi.out.log	0	e3b0c44298fc1c149afbf4c8996fb92427ae41e4649b934ca495991b7852b855
1f63fe0b	g3-load-cancellation	scenarios/g3-load-cancellation/logs/package-capacity-import.err.log	0	e3b0c44298fc1c149afbf4c8996fb92427ae41e4649b934ca495991b7852b855
1f63fe0b	g3-load-cancellation	scenarios/g3-load-cancellation/logs/package-capacity-import.out.log	162552	ad14c0fe74fd85de9ad9f96afcc4ad4c36b19f094723844fffcac696927f70f2
1f63fe0b	g3-load-cancellation	scenarios/g3-load-cancellation/logs/slots-simulator.err.log	0	e3b0c44298fc1c149afbf4c8996fb92427ae41e4649b934ca495991b7852b855
1f63fe0b	g3-load-cancellation	scenarios/g3-load-cancellation/logs/slots-simulator.out.log	0	e3b0c44298fc1c149afbf4c8996fb92427ae41e4649b934ca495991b7852b855
1f63fe0b	g3-load-cancellation	scenarios/g3-load-cancellation/logs/onboard-app/agv-20261010.log	8655	9f44f883afb8d69f6b0903fa68f8da2f4daee75a2ec52d01de5e108467b82a83
1f63fe0b	g3-load-cancellation	scenarios/g3-load-cancellation/snapshots/db-AcceptedDemands.json	1787	9e47a96c208aae0197a5c25cf023c187cc48da7cf6a70e2ededc4410846cf43f
1f63fe0b	g3-load-cancellation	scenarios/g3-load-cancellation/snapshots/db-ActiveSlotConfigurations.json	0	e3b0c44298fc1c149afbf4c8996fb92427ae41e4649b934ca495991b7852b855
1f63fe0b	g3-load-cancellation	scenarios/g3-load-cancellation/snapshots/db-BusinessAuditRecords.json	6503	3a9ad70a684dcc2fa17fc9c7a4b371660ecf8c7349da51e09ef149558b20da77
1f63fe0b	g3-load-cancellation	scenarios/g3-load-cancellation/snapshots/db-ChargerRosterEntries.json	0	e3b0c44298fc1c149afbf4c8996fb92427ae41e4649b934ca495991b7852b855
1f63fe0b	g3-load-cancellation	scenarios/g3-load-cancellation/snapshots/db-ChargerRosterVersions.json	0	e3b0c44298fc1c149afbf4c8996fb92427ae41e4649b934ca495991b7852b855
1f63fe0b	g3-load-cancellation	scenarios/g3-load-cancellation/snapshots/db-ChargingPolicyActivations.json	189	218a0923ccaccab1d1d849f0d5fe03ad220fc562d7e21c4d046408733ecf3d8b
1f63fe0b	g3-load-cancellation	scenarios/g3-load-cancellation/snapshots/db-ChargingPolicyApprovals.json	282	b8c3e9a1b2858a2716f7f548acd591bb4f018c08bed3e17a13d67470e3ff8046
1f63fe0b	g3-load-cancellation	scenarios/g3-load-cancellation/snapshots/db-ChargingPolicyVehicleScopes.json	0	e3b0c44298fc1c149afbf4c8996fb92427ae41e4649b934ca495991b7852b855
1f63fe0b	g3-load-cancellation	scenarios/g3-load-cancellation/snapshots/db-ChargingPolicyVersions.json	632	6029a07f84ad49c83d45e52673fdc683683fa2f5f0283d195d9caa4f63d931eb
1f63fe0b	g3-load-cancellation	scenarios/g3-load-cancellation/snapshots/db-CreateGateAudit.json	960	e644200bf65d8b3f8ea84005319ac98b64585c80b72dc7ce774c924cce737a37
1f63fe0b	g3-load-cancellation	scenarios/g3-load-cancellation/snapshots/db-DispatchZoneAreaAssignments.json	377	ffd7aa7365bc86efef17a319718d4204d0b1a59ba4472d7aa02a7a181ceaee9c
1f63fe0b	g3-load-cancellation	scenarios/g3-load-cancellation/snapshots/db-DispatchZoneAreaAssignmentVersions.json	235	50c1fac1006111b8907c54e817502ca0d3e5ed59603d21fe2eecc538225ecdf9
1f63fe0b	g3-load-cancellation	scenarios/g3-load-cancellation/snapshots/db-DispatchZoneParameters.json	0	e3b0c44298fc1c149afbf4c8996fb92427ae41e4649b934ca495991b7852b855
1f63fe0b	g3-load-cancellation	scenarios/g3-load-cancellation/snapshots/db-DispatchZoneParameterVersions.json	0	e3b0c44298fc1c149afbf4c8996fb92427ae41e4649b934ca495991b7852b855
1f63fe0b	g3-load-cancellation	scenarios/g3-load-cancellation/snapshots/db-ExceptionRecoverySessions.json	0	e3b0c44298fc1c149afbf4c8996fb92427ae41e4649b934ca495991b7852b855
1f63fe0b	g3-load-cancellation	scenarios/g3-load-cancellation/snapshots/db-FrozenDemandStations.json	1337	87fe0ca3dfd8eb86eeff953cbcf63ea0296ad28e621c8daebe61eb656ac5c173
1f63fe0b	g3-load-cancellation	scenarios/g3-load-cancellation/snapshots/db-JourneyBacklog.json	1184	248e04adad075b6e3d171038bc94683c9af9d3f870470a63ed99388d0448aa19
1f63fe0b	g3-load-cancellation	scenarios/g3-load-cancellation/snapshots/db-JourneyDemands.json	1847	1f8c17f1aead53ec41d63fb6c9e466d5f947361e990a2fb900b7cd9ff7d6d401
1f63fe0b	g3-load-cancellation	scenarios/g3-load-cancellation/snapshots/db-JourneyRuntimes.json	5769	1fddb5c2398981b88b2d0cc085f2f949da8515443c46bc6eec76b293f4ac534f
1f63fe0b	g3-load-cancellation	scenarios/g3-load-cancellation/snapshots/db-JourneyStops.json	3875	fcea7c4a074265a61e759f7058532ed080751fec719e7e7b8e11aca7e434119e
1f63fe0b	g3-load-cancellation	scenarios/g3-load-cancellation/snapshots/db-MapStationCatalogStates.json	370	c69295d5455ec5a352462bb7e3758f6cf3ca516e758953db2a66f427e382ff43
1f63fe0b	g3-load-cancellation	scenarios/g3-load-cancellation/snapshots/db-OnboardAlarmSnapshots.json	213	0dee84500a793b035f951a6725003a55840ef2e03ea3f9bfae1d739d109286d9
1f63fe0b	g3-load-cancellation	scenarios/g3-load-cancellation/snapshots/db-OperationResults.json	0	e3b0c44298fc1c149afbf4c8996fb92427ae41e4649b934ca495991b7852b855
1f63fe0b	g3-load-cancellation	scenarios/g3-load-cancellation/snapshots/db-OrderIntents.json	3182	779754928a009fa3aa2246ada987bf1a85e66a5858a8b9163911ab487eeed494
1f63fe0b	g3-load-cancellation	scenarios/g3-load-cancellation/snapshots/db-OwnOrderRebuilds.json	0	e3b0c44298fc1c149afbf4c8996fb92427ae41e4649b934ca495991b7852b855
1f63fe0b	g3-load-cancellation	scenarios/g3-load-cancellation/snapshots/db-RecoveryWorkflows.json	1012	29904a0b9aba466ecafaaf8a7479fbd0247ff7ef1a0d3b9f4ce770b7a967e1d8
1f63fe0b	g3-load-cancellation	scenarios/g3-load-cancellation/snapshots/db-RiotDispatchAuditEvents.json	9110	962755523dc7b73693497ee7f1d25102ab7376ac8d4e342f073b529d8c997972
1f63fe0b	g3-load-cancellation	scenarios/g3-load-cancellation/snapshots/db-RiotOrderCommandAudit.json	0	e3b0c44298fc1c149afbf4c8996fb92427ae41e4649b934ca495991b7852b855
1f63fe0b	g3-load-cancellation	scenarios/g3-load-cancellation/snapshots/db-RouteGraphSnapshots.json	0	e3b0c44298fc1c149afbf4c8996fb92427ae41e4649b934ca495991b7852b855
1f63fe0b	g3-load-cancellation	scenarios/g3-load-cancellation/snapshots/db-SessionRecoveries.json	1122	95f1fc4678164300798cfeca566e454b6b4c47b767b80558bd93e71f0062411a
1f63fe0b	g3-load-cancellation	scenarios/g3-load-cancellation/snapshots/db-SlotConfigurationActivations.json	0	e3b0c44298fc1c149afbf4c8996fb92427ae41e4649b934ca495991b7852b855
1f63fe0b	g3-load-cancellation	scenarios/g3-load-cancellation/snapshots/db-SlotFaultDeclarations.json	0	e3b0c44298fc1c149afbf4c8996fb92427ae41e4649b934ca495991b7852b855
1f63fe0b	g3-load-cancellation	scenarios/g3-load-cancellation/snapshots/db-SlotIoBindings.json	4258	fc1030d221b40616d745c397d9efcaeb6de7da712336cce0f643865770090d04
1f63fe0b	g3-load-cancellation	scenarios/g3-load-cancellation/snapshots/db-SlotModelVersions.json	321	df09a3dadac7a121eee5f782ec6b86045ca6c45d80b28d342d04817eff2fbcc2
1f63fe0b	g3-load-cancellation	scenarios/g3-load-cancellation/snapshots/db-StationExclusivities.json	0	e3b0c44298fc1c149afbf4c8996fb92427ae41e4649b934ca495991b7852b855
1f63fe0b	g3-load-cancellation	scenarios/g3-load-cancellation/snapshots/db-StationExclusivityRecords.json	471	9809740016ca4542052bbfa8db80d66759cb91179e60c02f5d772d77f07c5d6b
1f63fe0b	g3-load-cancellation	scenarios/g3-load-cancellation/snapshots/db-StationOperations.json	479	f78b99ee09840c0c5a341d0bb92c4a7888f0e8ba5df20909baab218f58854193
1f63fe0b	g3-load-cancellation	scenarios/g3-load-cancellation/snapshots/db-StructuralDispatchBlocks.json	0	e3b0c44298fc1c149afbf4c8996fb92427ae41e4649b934ca495991b7852b855
1f63fe0b	g3-load-cancellation	scenarios/g3-load-cancellation/snapshots/db-TaskTypeStationActiveBindingSets.json	144	f55565aab2b3b1e607009f908ef3be62f32d7da8c356a16b8879fe89365e21cb
1f63fe0b	g3-load-cancellation	scenarios/g3-load-cancellation/snapshots/db-TaskTypeStationBindings.json	173	b412006843f62c50e682598812b9f1746f67a659a3a2ddcff12221d6be0bbc28
1f63fe0b	g3-load-cancellation	scenarios/g3-load-cancellation/snapshots/db-TaskTypeStationBindingSetVersions.json	396	fd256d3a390251ed38d6cb029f32432906f75e7c456e59d147c45603f88658ef
1f63fe0b	g3-load-cancellation	scenarios/g3-load-cancellation/snapshots/db-TaskTypeStationRuleVersions.json	331	893ef5f0c40ff78ebb624d41c8ab7d79b5c101a848ad9b23d080de4c70311b44
1f63fe0b	g3-load-cancellation	scenarios/g3-load-cancellation/snapshots/db-VehiclePurposeClaimRecords.json	670	659d84159d7fad34c2184d8bc3ed8abffcb15dde9c96ddbbd2429e5024a36ef9
1f63fe0b	g3-load-cancellation	scenarios/g3-load-cancellation/snapshots/db-VehiclePurposeClaims.json	183	04e781943d46bb426dc4b4ad924759fc9d02770d5a7241aea84f5a285fe04e0e
1f63fe0b	g3-load-cancellation	scenarios/g3-load-cancellation/snapshots/db-WaitingPoints.json	0	e3b0c44298fc1c149afbf4c8996fb92427ae41e4649b934ca495991b7852b855
1f63fe0b	g3-load-cancellation	scenarios/g3-load-cancellation/snapshots/db-WaitingPointVehicleScopes.json	0	e3b0c44298fc1c149afbf4c8996fb92427ae41e4649b934ca495991b7852b855
1f63fe0b	g3-load-cancellation	scenarios/g3-load-cancellation/snapshots/db-WaitingPointVersions.json	0	e3b0c44298fc1c149afbf4c8996fb92427ae41e4649b934ca495991b7852b855
1f63fe0b	g3-load-cancellation	scenarios/g3-load-cancellation/snapshots/fake-mes-ingest.json	1770	5812ad938c71f43cc86d47e0d1ee79ab5da5b4edc6ed99aa680f3370f088058f
1f63fe0b	g3-load-cancellation	scenarios/g3-load-cancellation/snapshots/fake-riot.json	3388	d916b8a8c9be1c55c3bd0a2b500ea70014a7476146bd181a1c9df8f79e92b69a
1f63fe0b	g3-load-cancellation	scenarios/g3-load-cancellation/snapshots/preseed-area-assignments.csv	128	9906e26d53df2e02e2cb2da976840b5764419d03f3d724097fe4bf7ce36ec8af
1f63fe0b	g3-load-cancellation	scenarios/g3-load-cancellation/snapshots/preseed-charging-policy.json	444	c9cff5e4ecf1d832d52d74154c81f43961075a5ca9d96150e9f079ea0afc2bfa
1f63fe0b	g3-load-cancellation	scenarios/g3-load-cancellation/snapshots/slots-simulator.json	3029	44a2ff597165e18b04c65bc52d0fbd82a9bbf767dac1a621df1475c2a62b78cd
1f63fe0b	g3-load-cancellation	scenarios/g3-load-cancellation/snapshots/task-type-stations.settings.json	894	d69ededa82fcf5dad3cdcc83b1682ae1f2ca0ce41be15f438c179105d114cc4f
1f63fe0b	g3-load-cancellation-before-load	scenarios/g3-load-cancellation-before-load/logs/build.log	2464	18238d98ed5bff7170349fe17c46b33d8013f0d9fcdb58e8fc1c4bfa07cc3ee6
1f63fe0b	g3-load-cancellation-before-load	scenarios/g3-load-cancellation-before-load/logs/control-server.err.log	0	e3b0c44298fc1c149afbf4c8996fb92427ae41e4649b934ca495991b7852b855
1f63fe0b	g3-load-cancellation-before-load	scenarios/g3-load-cancellation-before-load/logs/control-server.out.log	1062536	1664985ec75f79cd93078c9588357e8a2a836f958c2ad24c2c1384ebf65b862a
1f63fe0b	g3-load-cancellation-before-load	scenarios/g3-load-cancellation-before-load/logs/fake-mes-ingest.err.log	0	e3b0c44298fc1c149afbf4c8996fb92427ae41e4649b934ca495991b7852b855
1f63fe0b	g3-load-cancellation-before-load	scenarios/g3-load-cancellation-before-load/logs/fake-mes-ingest.out.log	39024	279e8b96b3cb3d4398a53031e84ad6614607995ff8b03c0551b228fb9eabb3f1
1f63fe0b	g3-load-cancellation-before-load	scenarios/g3-load-cancellation-before-load/logs/fake-riot.err.log	0	e3b0c44298fc1c149afbf4c8996fb92427ae41e4649b934ca495991b7852b855
1f63fe0b	g3-load-cancellation-before-load	scenarios/g3-load-cancellation-before-load/logs/fake-riot.out.log	154795	a2f330448337b6437d7815c4971855716d8ae8bce3939f4c5be77c1fce18f324
1f63fe0b	g3-load-cancellation-before-load	scenarios/g3-load-cancellation-before-load/logs/onboard-hmi.err.log	0	e3b0c44298fc1c149afbf4c8996fb92427ae41e4649b934ca495991b7852b855
1f63fe0b	g3-load-cancellation-before-load	scenarios/g3-load-cancellation-before-load/logs/onboard-hmi.out.log	0	e3b0c44298fc1c149afbf4c8996fb92427ae41e4649b934ca495991b7852b855
1f63fe0b	g3-load-cancellation-before-load	scenarios/g3-load-cancellation-before-load/logs/package-capacity-import.err.log	0	e3b0c44298fc1c149afbf4c8996fb92427ae41e4649b934ca495991b7852b855
1f63fe0b	g3-load-cancellation-before-load	scenarios/g3-load-cancellation-before-load/logs/package-capacity-import.out.log	162551	06e8b1ac03309aa6df105b6ebfbd9690fd6a60bda4ccf2ef28ea8f6ba6e00bf6
1f63fe0b	g3-load-cancellation-before-load	scenarios/g3-load-cancellation-before-load/logs/slots-simulator.err.log	0	e3b0c44298fc1c149afbf4c8996fb92427ae41e4649b934ca495991b7852b855
1f63fe0b	g3-load-cancellation-before-load	scenarios/g3-load-cancellation-before-load/logs/slots-simulator.out.log	0	e3b0c44298fc1c149afbf4c8996fb92427ae41e4649b934ca495991b7852b855
1f63fe0b	g3-load-cancellation-before-load	scenarios/g3-load-cancellation-before-load/logs/onboard-app/agv-20261010.log	4402	ee65c4ce2f107440e145f4420ad5dba2a1250c0059710c4dafef50c8fb8e99b6
1f63fe0b	g3-load-cancellation-before-load	scenarios/g3-load-cancellation-before-load/snapshots/db-AcceptedDemands.json	849	3558cdbeb596017e3b4a49ab222980c07c719f341f9ee14f30809e01793f9a2c
1f63fe0b	g3-load-cancellation-before-load	scenarios/g3-load-cancellation-before-load/snapshots/db-ActiveSlotConfigurations.json	0	e3b0c44298fc1c149afbf4c8996fb92427ae41e4649b934ca495991b7852b855
1f63fe0b	g3-load-cancellation-before-load	scenarios/g3-load-cancellation-before-load/snapshots/db-BusinessAuditRecords.json	6502	a5cf5ea8cf3906697dbac195f1a6c6f5f49b88159b17abc99a5198a8aa34466d
1f63fe0b	g3-load-cancellation-before-load	scenarios/g3-load-cancellation-before-load/snapshots/db-ChargerRosterEntries.json	0	e3b0c44298fc1c149afbf4c8996fb92427ae41e4649b934ca495991b7852b855
1f63fe0b	g3-load-cancellation-before-load	scenarios/g3-load-cancellation-before-load/snapshots/db-ChargerRosterVersions.json	0	e3b0c44298fc1c149afbf4c8996fb92427ae41e4649b934ca495991b7852b855
1f63fe0b	g3-load-cancellation-before-load	scenarios/g3-load-cancellation-before-load/snapshots/db-ChargingPolicyActivations.json	189	dd3801254d106d887626c151fe95777d76924ee3c8d2aaf965461911317a24cb
1f63fe0b	g3-load-cancellation-before-load	scenarios/g3-load-cancellation-before-load/snapshots/db-ChargingPolicyApprovals.json	282	0e6d4355dcf2b0953f8153402f908b6a0365ef25f5243da60804214756fb06c7
1f63fe0b	g3-load-cancellation-before-load	scenarios/g3-load-cancellation-before-load/snapshots/db-ChargingPolicyVehicleScopes.json	0	e3b0c44298fc1c149afbf4c8996fb92427ae41e4649b934ca495991b7852b855
1f63fe0b	g3-load-cancellation-before-load	scenarios/g3-load-cancellation-before-load/snapshots/db-ChargingPolicyVersions.json	632	539780fd25de06b4dbc760150cc3afb0cbdf3e70f7ea20e79473a0bca88c2b28
1f63fe0b	g3-load-cancellation-before-load	scenarios/g3-load-cancellation-before-load/snapshots/db-CreateGateAudit.json	445	f3ce0d3f229006203ef1a13433be3129fa46f0163138196a9822a8512c24d0bd
1f63fe0b	g3-load-cancellation-before-load	scenarios/g3-load-cancellation-before-load/snapshots/db-DispatchZoneAreaAssignments.json	377	ffd7aa7365bc86efef17a319718d4204d0b1a59ba4472d7aa02a7a181ceaee9c
1f63fe0b	g3-load-cancellation-before-load	scenarios/g3-load-cancellation-before-load/snapshots/db-DispatchZoneAreaAssignmentVersions.json	234	90a3528f0f932b1335ee1959b9ef2b5b5e8cc698e83ab5711b10914f84b82a15
1f63fe0b	g3-load-cancellation-before-load	scenarios/g3-load-cancellation-before-load/snapshots/db-DispatchZoneParameters.json	0	e3b0c44298fc1c149afbf4c8996fb92427ae41e4649b934ca495991b7852b855
1f63fe0b	g3-load-cancellation-before-load	scenarios/g3-load-cancellation-before-load/snapshots/db-DispatchZoneParameterVersions.json	0	e3b0c44298fc1c149afbf4c8996fb92427ae41e4649b934ca495991b7852b855
1f63fe0b	g3-load-cancellation-before-load	scenarios/g3-load-cancellation-before-load/snapshots/db-ExceptionRecoverySessions.json	0	e3b0c44298fc1c149afbf4c8996fb92427ae41e4649b934ca495991b7852b855
1f63fe0b	g3-load-cancellation-before-load	scenarios/g3-load-cancellation-before-load/snapshots/db-FrozenDemandStations.json	666	78095c27f336c6ab038c6225d2388b23427d35113ee152f7918a1d0ad20f3781
1f63fe0b	g3-load-cancellation-before-load	scenarios/g3-load-cancellation-before-load/snapshots/db-JourneyBacklog.json	568	64c38abb8e82664a85ddc8023eb9d5a6131ef37ec8048bf8229363f95549842e
1f63fe0b	g3-load-cancellation-before-load	scenarios/g3-load-cancellation-before-load/snapshots/db-JourneyDemands.json	876	82c520613f181bde7ab72f8e62367ff8f7a67e969aa375f8103193689d902a27
1f63fe0b	g3-load-cancellation-before-load	scenarios/g3-load-cancellation-before-load/snapshots/db-JourneyRuntimes.json	2772	fc6eb96c870ea9f3e2b0f0e73f704069459cc8327f156d8dff3bafaa0839a599
1f63fe0b	g3-load-cancellation-before-load	scenarios/g3-load-cancellation-before-load/snapshots/db-JourneyStops.json	1937	09ff3379c10cfd424edf4c807da1a8da300dc46258bd7b840d24f55c8523ca3f
1f63fe0b	g3-load-cancellation-before-load	scenarios/g3-load-cancellation-before-load/snapshots/db-MapStationCatalogStates.json	370	bc81c112f9acbf8f5a8ea8fd2f717636fa403212955f45106579008f9c0f4bba
1f63fe0b	g3-load-cancellation-before-load	scenarios/g3-load-cancellation-before-load/snapshots/db-OnboardAlarmSnapshots.json	213	f8f438f0a44851acec9bedef369e9f2c410cc8ec281c81a790e55567a843a49d
1f63fe0b	g3-load-cancellation-before-load	scenarios/g3-load-cancellation-before-load/snapshots/db-OperationResults.json	0	e3b0c44298fc1c149afbf4c8996fb92427ae41e4649b934ca495991b7852b855
1f63fe0b	g3-load-cancellation-before-load	scenarios/g3-load-cancellation-before-load/snapshots/db-OrderIntents.json	1530	8051768d5f639712375d85a9d28238231641422582e2a538480a65e1ea38c6db
1f63fe0b	g3-load-cancellation-before-load	scenarios/g3-load-cancellation-before-load/snapshots/db-OwnOrderRebuilds.json	0	e3b0c44298fc1c149afbf4c8996fb92427ae41e4649b934ca495991b7852b855
1f63fe0b	g3-load-cancellation-before-load	scenarios/g3-load-cancellation-before-load/snapshots/db-RecoveryWorkflows.json	976	2011da0fde227e656932f490b572eacba0eba9f8e107cfd40f8c1f7bab6b4a28
1f63fe0b	g3-load-cancellation-before-load	scenarios/g3-load-cancellation-before-load/snapshots/db-RiotDispatchAuditEvents.json	4558	ce2726e4ef76f6b7dd283c4074da7ae16388e6cddf43291e05cbb90ed1e16602
1f63fe0b	g3-load-cancellation-before-load	scenarios/g3-load-cancellation-before-load/snapshots/db-RiotOrderCommandAudit.json	0	e3b0c44298fc1c149afbf4c8996fb92427ae41e4649b934ca495991b7852b855
1f63fe0b	g3-load-cancellation-before-load	scenarios/g3-load-cancellation-before-load/snapshots/db-RouteGraphSnapshots.json	0	e3b0c44298fc1c149afbf4c8996fb92427ae41e4649b934ca495991b7852b855
1f63fe0b	g3-load-cancellation-before-load	scenarios/g3-load-cancellation-before-load/snapshots/db-SessionRecoveries.json	1122	b6fac613a945fc14c21400c3dd3691f7a4d6ef5b486103c3af691e88a9ea0aba
1f63fe0b	g3-load-cancellation-before-load	scenarios/g3-load-cancellation-before-load/snapshots/db-SlotConfigurationActivations.json	0	e3b0c44298fc1c149afbf4c8996fb92427ae41e4649b934ca495991b7852b855
1f63fe0b	g3-load-cancellation-before-load	scenarios/g3-load-cancellation-before-load/snapshots/db-SlotFaultDeclarations.json	0	e3b0c44298fc1c149afbf4c8996fb92427ae41e4649b934ca495991b7852b855
1f63fe0b	g3-load-cancellation-before-load	scenarios/g3-load-cancellation-before-load/snapshots/db-SlotIoBindings.json	4258	8a60db6810b4fd13f5cec85cf0806dc3953563a59d5abdcd1be217b3bb578969
1f63fe0b	g3-load-cancellation-before-load	scenarios/g3-load-cancellation-before-load/snapshots/db-SlotModelVersions.json	321	678153b6b5bd4acbd548b7d0a9b1b7e5c518e7a23c791903fa55996b8de55b5c
1f63fe0b	g3-load-cancellation-before-load	scenarios/g3-load-cancellation-before-load/snapshots/db-StationExclusivities.json	0	e3b0c44298fc1c149afbf4c8996fb92427ae41e4649b934ca495991b7852b855
1f63fe0b	g3-load-cancellation-before-load	scenarios/g3-load-cancellation-before-load/snapshots/db-StationExclusivityRecords.json	471	e88426c2ed6cb1a349627c9436cae4142afbe802350a2297f1554eb3886b796d
1f63fe0b	g3-load-cancellation-before-load	scenarios/g3-load-cancellation-before-load/snapshots/db-StationOperations.json	0	e3b0c44298fc1c149afbf4c8996fb92427ae41e4649b934ca495991b7852b855
1f63fe0b	g3-load-cancellation-before-load	scenarios/g3-load-cancellation-before-load/snapshots/db-StructuralDispatchBlocks.json	0	e3b0c44298fc1c149afbf4c8996fb92427ae41e4649b934ca495991b7852b855
1f63fe0b	g3-load-cancellation-before-load	scenarios/g3-load-cancellation-before-load/snapshots/db-TaskTypeStationActiveBindingSets.json	144	95c43338d0109d74ab6978b77b8e8f6aba306572e94c88807f1ae14bc41c649a
1f63fe0b	g3-load-cancellation-before-load	scenarios/g3-load-cancellation-before-load/snapshots/db-TaskTypeStationBindings.json	173	b412006843f62c50e682598812b9f1746f67a659a3a2ddcff12221d6be0bbc28
1f63fe0b	g3-load-cancellation-before-load	scenarios/g3-load-cancellation-before-load/snapshots/db-TaskTypeStationBindingSetVersions.json	396	c85c1f367870bc7870d7fa1e87361141912bbe8eb22e29e0eb56e04d44e597fc
1f63fe0b	g3-load-cancellation-before-load	scenarios/g3-load-cancellation-before-load/snapshots/db-TaskTypeStationRuleVersions.json	331	e838880c14e7ea48f12b429fa2b2a6112bd8c3b07d49c99fffd9c3622aacb050
1f63fe0b	g3-load-cancellation-before-load	scenarios/g3-load-cancellation-before-load/snapshots/db-VehiclePurposeClaimRecords.json	338	8130aa9afeace28b9b530ad54722c1edacdfb01b6beeaaf007c94dbdc22dd3c1
1f63fe0b	g3-load-cancellation-before-load	scenarios/g3-load-cancellation-before-load/snapshots/db-VehiclePurposeClaims.json	0	e3b0c44298fc1c149afbf4c8996fb92427ae41e4649b934ca495991b7852b855
1f63fe0b	g3-load-cancellation-before-load	scenarios/g3-load-cancellation-before-load/snapshots/db-WaitingPoints.json	0	e3b0c44298fc1c149afbf4c8996fb92427ae41e4649b934ca495991b7852b855
1f63fe0b	g3-load-cancellation-before-load	scenarios/g3-load-cancellation-before-load/snapshots/db-WaitingPointVehicleScopes.json	0	e3b0c44298fc1c149afbf4c8996fb92427ae41e4649b934ca495991b7852b855
1f63fe0b	g3-load-cancellation-before-load	scenarios/g3-load-cancellation-before-load/snapshots/db-WaitingPointVersions.json	0	e3b0c44298fc1c149afbf4c8996fb92427ae41e4649b934ca495991b7852b855
1f63fe0b	g3-load-cancellation-before-load	scenarios/g3-load-cancellation-before-load/snapshots/fake-mes-ingest.json	1040	995abde3c62e1a7d4de3253ef0427c62d639b2c122591e8cc802d2a079760c21
1f63fe0b	g3-load-cancellation-before-load	scenarios/g3-load-cancellation-before-load/snapshots/fake-riot.json	2949	3db4b2df05e76459f1f998b358c8e2ea664a6e6f9e096d693f25e00fce96fdca
1f63fe0b	g3-load-cancellation-before-load	scenarios/g3-load-cancellation-before-load/snapshots/preseed-area-assignments.csv	128	9906e26d53df2e02e2cb2da976840b5764419d03f3d724097fe4bf7ce36ec8af
1f63fe0b	g3-load-cancellation-before-load	scenarios/g3-load-cancellation-before-load/snapshots/preseed-charging-policy.json	444	c9cff5e4ecf1d832d52d74154c81f43961075a5ca9d96150e9f079ea0afc2bfa
1f63fe0b	g3-load-cancellation-before-load	scenarios/g3-load-cancellation-before-load/snapshots/slots-simulator.json	3028	e1d32890ff7b5407b824d643ef4bd69787fb5d02a1ab45f77ccd885d41a256e8
1f63fe0b	g3-load-cancellation-before-load	scenarios/g3-load-cancellation-before-load/snapshots/task-type-stations.settings.json	894	d69ededa82fcf5dad3cdcc83b1682ae1f2ca0ce41be15f438c179105d114cc4f
1f63fe0b	g3-manual-charging-return	scenarios/g3-manual-charging-return/logs/build.log	2464	7c72f9d133249c9677422ac6154fc14ed9f17205a6af7e8a0a41478b468cb445
1f63fe0b	g3-manual-charging-return	scenarios/g3-manual-charging-return/logs/control-server.err.log	0	e3b0c44298fc1c149afbf4c8996fb92427ae41e4649b934ca495991b7852b855
1f63fe0b	g3-manual-charging-return	scenarios/g3-manual-charging-return/logs/control-server.out.log	925427	d6e8f91864089f24333678cb92881727540078bcbd6d03369d86d47b3508b989
1f63fe0b	g3-manual-charging-return	scenarios/g3-manual-charging-return/logs/fake-mes-ingest.err.log	0	e3b0c44298fc1c149afbf4c8996fb92427ae41e4649b934ca495991b7852b855
1f63fe0b	g3-manual-charging-return	scenarios/g3-manual-charging-return/logs/fake-mes-ingest.out.log	39647	6c3aefb9ea7253f73bb56ada8ecfefc7740fa19e09e0228228efadf0536ee9a6
1f63fe0b	g3-manual-charging-return	scenarios/g3-manual-charging-return/logs/fake-riot.err.log	0	e3b0c44298fc1c149afbf4c8996fb92427ae41e4649b934ca495991b7852b855
1f63fe0b	g3-manual-charging-return	scenarios/g3-manual-charging-return/logs/fake-riot.out.log	141344	a12e356c5d6a464540df3944fa79f7995d29a8c3ba9208158b124b88758f289e
1f63fe0b	g3-manual-charging-return	scenarios/g3-manual-charging-return/logs/onboard-hmi.err.log	0	e3b0c44298fc1c149afbf4c8996fb92427ae41e4649b934ca495991b7852b855
1f63fe0b	g3-manual-charging-return	scenarios/g3-manual-charging-return/logs/onboard-hmi.out.log	0	e3b0c44298fc1c149afbf4c8996fb92427ae41e4649b934ca495991b7852b855
1f63fe0b	g3-manual-charging-return	scenarios/g3-manual-charging-return/logs/package-capacity-import.err.log	0	e3b0c44298fc1c149afbf4c8996fb92427ae41e4649b934ca495991b7852b855
1f63fe0b	g3-manual-charging-return	scenarios/g3-manual-charging-return/logs/package-capacity-import.out.log	162552	d5fed3d49f63a29451f2a57246794d0ea4ed517aa6780d308d441a1c1816d73a
1f63fe0b	g3-manual-charging-return	scenarios/g3-manual-charging-return/logs/slots-simulator.err.log	0	e3b0c44298fc1c149afbf4c8996fb92427ae41e4649b934ca495991b7852b855
1f63fe0b	g3-manual-charging-return	scenarios/g3-manual-charging-return/logs/slots-simulator.out.log	0	e3b0c44298fc1c149afbf4c8996fb92427ae41e4649b934ca495991b7852b855
1f63fe0b	g3-manual-charging-return	scenarios/g3-manual-charging-return/logs/onboard-app/agv-20261010.log	5493	f18b75e5fa221ff25b03f12baf388fd58305b33bfb28aa9de6cf25a08c5826e4
1f63fe0b	g3-manual-charging-return	scenarios/g3-manual-charging-return/snapshots/db-AcceptedDemands.json	0	e3b0c44298fc1c149afbf4c8996fb92427ae41e4649b934ca495991b7852b855
1f63fe0b	g3-manual-charging-return	scenarios/g3-manual-charging-return/snapshots/db-ActiveSlotConfigurations.json	0	e3b0c44298fc1c149afbf4c8996fb92427ae41e4649b934ca495991b7852b855
1f63fe0b	g3-manual-charging-return	scenarios/g3-manual-charging-return/snapshots/db-BusinessAuditRecords.json	6502	b89e2441ccaa885315cfe5cd325f8ff35f963b01986ca4b39f01d155b39c72a9
1f63fe0b	g3-manual-charging-return	scenarios/g3-manual-charging-return/snapshots/db-ChargerRosterEntries.json	0	e3b0c44298fc1c149afbf4c8996fb92427ae41e4649b934ca495991b7852b855
1f63fe0b	g3-manual-charging-return	scenarios/g3-manual-charging-return/snapshots/db-ChargerRosterVersions.json	0	e3b0c44298fc1c149afbf4c8996fb92427ae41e4649b934ca495991b7852b855
1f63fe0b	g3-manual-charging-return	scenarios/g3-manual-charging-return/snapshots/db-ChargingPolicyActivations.json	189	1cf0a963a759060669cd12789dbd3f0c2961a2a0947afd88bc9d78e709c75c96
1f63fe0b	g3-manual-charging-return	scenarios/g3-manual-charging-return/snapshots/db-ChargingPolicyApprovals.json	282	c9eadc0cbd36007871c19bfed628f7784be0f1b3553dedc3e33c155f5e714cae
1f63fe0b	g3-manual-charging-return	scenarios/g3-manual-charging-return/snapshots/db-ChargingPolicyVehicleScopes.json	0	e3b0c44298fc1c149afbf4c8996fb92427ae41e4649b934ca495991b7852b855
1f63fe0b	g3-manual-charging-return	scenarios/g3-manual-charging-return/snapshots/db-ChargingPolicyVersions.json	631	05e20b657307576423d9943d270eea7a01013d579922b2927559209abc4bf650
1f63fe0b	g3-manual-charging-return	scenarios/g3-manual-charging-return/snapshots/db-CreateGateAudit.json	0	e3b0c44298fc1c149afbf4c8996fb92427ae41e4649b934ca495991b7852b855
1f63fe0b	g3-manual-charging-return	scenarios/g3-manual-charging-return/snapshots/db-DispatchZoneAreaAssignments.json	377	ffd7aa7365bc86efef17a319718d4204d0b1a59ba4472d7aa02a7a181ceaee9c
1f63fe0b	g3-manual-charging-return	scenarios/g3-manual-charging-return/snapshots/db-DispatchZoneAreaAssignmentVersions.json	235	010fa81d40adb08f8e6256e85bf99a6d45fc4ee743a2716075a712790a58ed6e
1f63fe0b	g3-manual-charging-return	scenarios/g3-manual-charging-return/snapshots/db-DispatchZoneParameters.json	0	e3b0c44298fc1c149afbf4c8996fb92427ae41e4649b934ca495991b7852b855
1f63fe0b	g3-manual-charging-return	scenarios/g3-manual-charging-return/snapshots/db-DispatchZoneParameterVersions.json	0	e3b0c44298fc1c149afbf4c8996fb92427ae41e4649b934ca495991b7852b855
1f63fe0b	g3-manual-charging-return	scenarios/g3-manual-charging-return/snapshots/db-ExceptionRecoverySessions.json	0	e3b0c44298fc1c149afbf4c8996fb92427ae41e4649b934ca495991b7852b855
1f63fe0b	g3-manual-charging-return	scenarios/g3-manual-charging-return/snapshots/db-FrozenDemandStations.json	0	e3b0c44298fc1c149afbf4c8996fb92427ae41e4649b934ca495991b7852b855
1f63fe0b	g3-manual-charging-return	scenarios/g3-manual-charging-return/snapshots/db-JourneyBacklog.json	0	e3b0c44298fc1c149afbf4c8996fb92427ae41e4649b934ca495991b7852b855
1f63fe0b	g3-manual-charging-return	scenarios/g3-manual-charging-return/snapshots/db-JourneyDemands.json	0	e3b0c44298fc1c149afbf4c8996fb92427ae41e4649b934ca495991b7852b855
1f63fe0b	g3-manual-charging-return	scenarios/g3-manual-charging-return/snapshots/db-JourneyRuntimes.json	0	e3b0c44298fc1c149afbf4c8996fb92427ae41e4649b934ca495991b7852b855
1f63fe0b	g3-manual-charging-return	scenarios/g3-manual-charging-return/snapshots/db-JourneyStops.json	0	e3b0c44298fc1c149afbf4c8996fb92427ae41e4649b934ca495991b7852b855
1f63fe0b	g3-manual-charging-return	scenarios/g3-manual-charging-return/snapshots/db-MapStationCatalogStates.json	370	f7f5e1e0fb16a3544e82edaec78f5a50dccc8b074071adde8dc6e91fcfa067a5
1f63fe0b	g3-manual-charging-return	scenarios/g3-manual-charging-return/snapshots/db-OnboardAlarmSnapshots.json	212	012814dec20169fd8efb51c76eaf21fb838b82c0ffe8f40e6a4f76512df53cd0
1f63fe0b	g3-manual-charging-return	scenarios/g3-manual-charging-return/snapshots/db-OperationResults.json	0	e3b0c44298fc1c149afbf4c8996fb92427ae41e4649b934ca495991b7852b855
1f63fe0b	g3-manual-charging-return	scenarios/g3-manual-charging-return/snapshots/db-OrderIntents.json	0	e3b0c44298fc1c149afbf4c8996fb92427ae41e4649b934ca495991b7852b855
1f63fe0b	g3-manual-charging-return	scenarios/g3-manual-charging-return/snapshots/db-OwnOrderRebuilds.json	0	e3b0c44298fc1c149afbf4c8996fb92427ae41e4649b934ca495991b7852b855
1f63fe0b	g3-manual-charging-return	scenarios/g3-manual-charging-return/snapshots/db-RecoveryWorkflows.json	0	e3b0c44298fc1c149afbf4c8996fb92427ae41e4649b934ca495991b7852b855
1f63fe0b	g3-manual-charging-return	scenarios/g3-manual-charging-return/snapshots/db-RiotDispatchAuditEvents.json	0	e3b0c44298fc1c149afbf4c8996fb92427ae41e4649b934ca495991b7852b855
1f63fe0b	g3-manual-charging-return	scenarios/g3-manual-charging-return/snapshots/db-RiotOrderCommandAudit.json	0	e3b0c44298fc1c149afbf4c8996fb92427ae41e4649b934ca495991b7852b855
1f63fe0b	g3-manual-charging-return	scenarios/g3-manual-charging-return/snapshots/db-RouteGraphSnapshots.json	0	e3b0c44298fc1c149afbf4c8996fb92427ae41e4649b934ca495991b7852b855
1f63fe0b	g3-manual-charging-return	scenarios/g3-manual-charging-return/snapshots/db-SessionRecoveries.json	1122	93174d1964f5da14583d90dfcad4e059e31408ef4415851282604f5ba2f0bc0d
1f63fe0b	g3-manual-charging-return	scenarios/g3-manual-charging-return/snapshots/db-SlotConfigurationActivations.json	0	e3b0c44298fc1c149afbf4c8996fb92427ae41e4649b934ca495991b7852b855
1f63fe0b	g3-manual-charging-return	scenarios/g3-manual-charging-return/snapshots/db-SlotFaultDeclarations.json	0	e3b0c44298fc1c149afbf4c8996fb92427ae41e4649b934ca495991b7852b855
1f63fe0b	g3-manual-charging-return	scenarios/g3-manual-charging-return/snapshots/db-SlotIoBindings.json	4258	fd76361274d8abee5c2f331c6931787851d4f75b77a1e793269d80b5fc5663e7
1f63fe0b	g3-manual-charging-return	scenarios/g3-manual-charging-return/snapshots/db-SlotModelVersions.json	321	225a0d4613ec21c2f21f12a4ec48c5cb2dc11c7ca250824fb4d2d28a21f36377
1f63fe0b	g3-manual-charging-return	scenarios/g3-manual-charging-return/snapshots/db-StationExclusivities.json	0	e3b0c44298fc1c149afbf4c8996fb92427ae41e4649b934ca495991b7852b855
1f63fe0b	g3-manual-charging-return	scenarios/g3-manual-charging-return/snapshots/db-StationExclusivityRecords.json	0	e3b0c44298fc1c149afbf4c8996fb92427ae41e4649b934ca495991b7852b855
1f63fe0b	g3-manual-charging-return	scenarios/g3-manual-charging-return/snapshots/db-StationOperations.json	0	e3b0c44298fc1c149afbf4c8996fb92427ae41e4649b934ca495991b7852b855
1f63fe0b	g3-manual-charging-return	scenarios/g3-manual-charging-return/snapshots/db-StructuralDispatchBlocks.json	0	e3b0c44298fc1c149afbf4c8996fb92427ae41e4649b934ca495991b7852b855
1f63fe0b	g3-manual-charging-return	scenarios/g3-manual-charging-return/snapshots/db-TaskTypeStationActiveBindingSets.json	144	84d472f44fb4084647d9d7f59540a4ff03b0a3dc2311b5cbb8c9352a30032b78
1f63fe0b	g3-manual-charging-return	scenarios/g3-manual-charging-return/snapshots/db-TaskTypeStationBindings.json	173	b412006843f62c50e682598812b9f1746f67a659a3a2ddcff12221d6be0bbc28
1f63fe0b	g3-manual-charging-return	scenarios/g3-manual-charging-return/snapshots/db-TaskTypeStationBindingSetVersions.json	396	b734a91fc138d55bf0aee9a4982039340bfbd54ba0cbb523b226e20997eb374d
1f63fe0b	g3-manual-charging-return	scenarios/g3-manual-charging-return/snapshots/db-TaskTypeStationRuleVersions.json	331	f150610c61de59e90b16f5772316eba7d458f0d96fc6c3219c1c62336117360f
1f63fe0b	g3-manual-charging-return	scenarios/g3-manual-charging-return/snapshots/db-VehiclePurposeClaimRecords.json	0	e3b0c44298fc1c149afbf4c8996fb92427ae41e4649b934ca495991b7852b855
1f63fe0b	g3-manual-charging-return	scenarios/g3-manual-charging-return/snapshots/db-VehiclePurposeClaims.json	0	e3b0c44298fc1c149afbf4c8996fb92427ae41e4649b934ca495991b7852b855
1f63fe0b	g3-manual-charging-return	scenarios/g3-manual-charging-return/snapshots/db-WaitingPoints.json	0	e3b0c44298fc1c149afbf4c8996fb92427ae41e4649b934ca495991b7852b855
1f63fe0b	g3-manual-charging-return	scenarios/g3-manual-charging-return/snapshots/db-WaitingPointVehicleScopes.json	0	e3b0c44298fc1c149afbf4c8996fb92427ae41e4649b934ca495991b7852b855
1f63fe0b	g3-manual-charging-return	scenarios/g3-manual-charging-return/snapshots/db-WaitingPointVersions.json	0	e3b0c44298fc1c149afbf4c8996fb92427ae41e4649b934ca495991b7852b855
1f63fe0b	g3-manual-charging-return	scenarios/g3-manual-charging-return/snapshots/fake-mes-ingest.json	309	f35da2f6d8fd7d9dddb5b761ddfe9a41f70f9fd3a23bb189cb41940ecf99cb83
1f63fe0b	g3-manual-charging-return	scenarios/g3-manual-charging-return/snapshots/fake-riot.json	2495	316785175ec6940e6bfec37cf8ef8649a9d8f08d9aa24249119fb1be2ca1cb4d
1f63fe0b	g3-manual-charging-return	scenarios/g3-manual-charging-return/snapshots/preseed-area-assignments.csv	128	9906e26d53df2e02e2cb2da976840b5764419d03f3d724097fe4bf7ce36ec8af
1f63fe0b	g3-manual-charging-return	scenarios/g3-manual-charging-return/snapshots/preseed-charging-policy.json	444	c9cff5e4ecf1d832d52d74154c81f43961075a5ca9d96150e9f079ea0afc2bfa
1f63fe0b	g3-manual-charging-return	scenarios/g3-manual-charging-return/snapshots/slots-simulator.json	3029	2cfd5c33096ff95c770849a9f707202878bb678f72eabfd44676b10b7971c0fa
1f63fe0b	g3-manual-charging-return	scenarios/g3-manual-charging-return/snapshots/task-type-stations.settings.json	894	d69ededa82fcf5dad3cdcc83b1682ae1f2ca0ce41be15f438c179105d114cc4f
1f63fe0b	g3-manual-station-clearance	scenarios/g3-manual-station-clearance/field-operator-roles.json	122	8058b620d95484f04b01e5aa316b529d3cc990b140ca0ba8062de14316c0271e
1f63fe0b	g3-manual-station-clearance	scenarios/g3-manual-station-clearance/logs/build.log	2464	ac8cbdb5d36ec18556724b3f68c6babf39ab1def28a0cc680a79cdf191d7a99a
1f63fe0b	g3-manual-station-clearance	scenarios/g3-manual-station-clearance/logs/control-server.err.log	0	e3b0c44298fc1c149afbf4c8996fb92427ae41e4649b934ca495991b7852b855
1f63fe0b	g3-manual-station-clearance	scenarios/g3-manual-station-clearance/logs/control-server.out.log	1149760	5373f7ba554d399b4534cd53818924d2684ebe174611631c87a6932e7fa77585
1f63fe0b	g3-manual-station-clearance	scenarios/g3-manual-station-clearance/logs/fake-mes-ingest.err.log	0	e3b0c44298fc1c149afbf4c8996fb92427ae41e4649b934ca495991b7852b855
1f63fe0b	g3-manual-station-clearance	scenarios/g3-manual-station-clearance/logs/fake-mes-ingest.out.log	22799	70b996a259b58558e9b45148413fd22b6697d87a1384d03724b531619a964aa0
1f63fe0b	g3-manual-station-clearance	scenarios/g3-manual-station-clearance/logs/fake-riot.err.log	0	e3b0c44298fc1c149afbf4c8996fb92427ae41e4649b934ca495991b7852b855
1f63fe0b	g3-manual-station-clearance	scenarios/g3-manual-station-clearance/logs/fake-riot.out.log	235261	7ce45b1747add2a3da9cc9568871ab55daf11288ab7d696c1df98caef9a0f1af
1f63fe0b	g3-manual-station-clearance	scenarios/g3-manual-station-clearance/logs/onboard-hmi.err.log	0	e3b0c44298fc1c149afbf4c8996fb92427ae41e4649b934ca495991b7852b855
1f63fe0b	g3-manual-station-clearance	scenarios/g3-manual-station-clearance/logs/onboard-hmi.out.log	0	e3b0c44298fc1c149afbf4c8996fb92427ae41e4649b934ca495991b7852b855
1f63fe0b	g3-manual-station-clearance	scenarios/g3-manual-station-clearance/logs/package-capacity-import.err.log	0	e3b0c44298fc1c149afbf4c8996fb92427ae41e4649b934ca495991b7852b855
1f63fe0b	g3-manual-station-clearance	scenarios/g3-manual-station-clearance/logs/package-capacity-import.out.log	162552	378be8103cd4fc5a011db5ef3c00752977a02285c499c47531706371706b8bed
1f63fe0b	g3-manual-station-clearance	scenarios/g3-manual-station-clearance/logs/slots-simulator.err.log	0	e3b0c44298fc1c149afbf4c8996fb92427ae41e4649b934ca495991b7852b855
1f63fe0b	g3-manual-station-clearance	scenarios/g3-manual-station-clearance/logs/slots-simulator.out.log	0	e3b0c44298fc1c149afbf4c8996fb92427ae41e4649b934ca495991b7852b855
1f63fe0b	g3-manual-station-clearance	scenarios/g3-manual-station-clearance/logs/onboard-app/agv-20261010.log	5508	fdb97bb83d756000cff2972ae856765f38eeba712dab5469875887c860880c49
1f63fe0b	g3-manual-station-clearance	scenarios/g3-manual-station-clearance/snapshots/charger-roster-open-catalog-25.json	332	ccb2b9e7f5c60ca2262a319256b6c189c1367488c4870e083bc996efa7fb3ef3
1f63fe0b	g3-manual-station-clearance	scenarios/g3-manual-station-clearance/snapshots/charger-roster-open.json	402	e1f3a805fbd728c1ef076ca51f9cec4c0388c79084e659d145c48819ca4f8fac
1f63fe0b	g3-manual-station-clearance	scenarios/g3-manual-station-clearance/snapshots/db-AcceptedDemands.json	0	e3b0c44298fc1c149afbf4c8996fb92427ae41e4649b934ca495991b7852b855
1f63fe0b	g3-manual-station-clearance	scenarios/g3-manual-station-clearance/snapshots/db-ActiveSlotConfigurations.json	0	e3b0c44298fc1c149afbf4c8996fb92427ae41e4649b934ca495991b7852b855
1f63fe0b	g3-manual-station-clearance	scenarios/g3-manual-station-clearance/snapshots/db-BusinessAuditRecords.json	7188	21893e700b7286e49e47bb00337cccece8b65a31cbdf6b8359fc0e09eceec1a1
1f63fe0b	g3-manual-station-clearance	scenarios/g3-manual-station-clearance/snapshots/db-ChargerRosterEntries.json	142	15ef77fd33e3610d9265eb31d5c5e18df63502ab47e7a4eb7dee827f423cc729
1f63fe0b	g3-manual-station-clearance	scenarios/g3-manual-station-clearance/snapshots/db-ChargerRosterVersions.json	439	a10b033d2c75656a78087c804fe22e5a6fe6f057744ce16bf8617d927b17d509
1f63fe0b	g3-manual-station-clearance	scenarios/g3-manual-station-clearance/snapshots/db-ChargingPolicyActivations.json	189	37e8b58a1fb9b21e05f52499a17f06d398bd410599770e26bb2b121de76ad51a
1f63fe0b	g3-manual-station-clearance	scenarios/g3-manual-station-clearance/snapshots/db-ChargingPolicyApprovals.json	282	539a0b3c2a14a02efe34dbb9a28a9ea90ad8d9fc27ee6b1303fe6c7e9eab2c9a
1f63fe0b	g3-manual-station-clearance	scenarios/g3-manual-station-clearance/snapshots/db-ChargingPolicyVehicleScopes.json	0	e3b0c44298fc1c149afbf4c8996fb92427ae41e4649b934ca495991b7852b855
1f63fe0b	g3-manual-station-clearance	scenarios/g3-manual-station-clearance/snapshots/db-ChargingPolicyVersions.json	632	650dcd7d99bb2e89baf3afea6b442301de3ca33771c47f901cb828884a7af648
1f63fe0b	g3-manual-station-clearance	scenarios/g3-manual-station-clearance/snapshots/db-CreateGateAudit.json	0	e3b0c44298fc1c149afbf4c8996fb92427ae41e4649b934ca495991b7852b855
1f63fe0b	g3-manual-station-clearance	scenarios/g3-manual-station-clearance/snapshots/db-DispatchZoneAreaAssignments.json	377	ffd7aa7365bc86efef17a319718d4204d0b1a59ba4472d7aa02a7a181ceaee9c
1f63fe0b	g3-manual-station-clearance	scenarios/g3-manual-station-clearance/snapshots/db-DispatchZoneAreaAssignmentVersions.json	235	8362f70bf7c91235e8d7c86222ae3c7f3a352373436910f11294c12015fc0b67
1f63fe0b	g3-manual-station-clearance	scenarios/g3-manual-station-clearance/snapshots/db-DispatchZoneParameters.json	0	e3b0c44298fc1c149afbf4c8996fb92427ae41e4649b934ca495991b7852b855
1f63fe0b	g3-manual-station-clearance	scenarios/g3-manual-station-clearance/snapshots/db-DispatchZoneParameterVersions.json	0	e3b0c44298fc1c149afbf4c8996fb92427ae41e4649b934ca495991b7852b855
1f63fe0b	g3-manual-station-clearance	scenarios/g3-manual-station-clearance/snapshots/db-ExceptionRecoverySessions.json	0	e3b0c44298fc1c149afbf4c8996fb92427ae41e4649b934ca495991b7852b855
1f63fe0b	g3-manual-station-clearance	scenarios/g3-manual-station-clearance/snapshots/db-FrozenDemandStations.json	0	e3b0c44298fc1c149afbf4c8996fb92427ae41e4649b934ca495991b7852b855
1f63fe0b	g3-manual-station-clearance	scenarios/g3-manual-station-clearance/snapshots/db-JourneyBacklog.json	0	e3b0c44298fc1c149afbf4c8996fb92427ae41e4649b934ca495991b7852b855
1f63fe0b	g3-manual-station-clearance	scenarios/g3-manual-station-clearance/snapshots/db-JourneyDemands.json	0	e3b0c44298fc1c149afbf4c8996fb92427ae41e4649b934ca495991b7852b855
1f63fe0b	g3-manual-station-clearance	scenarios/g3-manual-station-clearance/snapshots/db-JourneyRuntimes.json	2292	a9aa1f61ed491781970debcb35f8d47bef4f26b2bde88ef3cf7cec1a5219f199
1f63fe0b	g3-manual-station-clearance	scenarios/g3-manual-station-clearance/snapshots/db-JourneyStops.json	866	7e589308301d258976cf325c9852e92994c871a2aaa21cb1b4625dec95bc3bbb
1f63fe0b	g3-manual-station-clearance	scenarios/g3-manual-station-clearance/snapshots/db-MapStationCatalogStates.json	370	a1976d24151563c80b2db4c8a4c0c82457fa76d1c54f96437656d78ed1274867
1f63fe0b	g3-manual-station-clearance	scenarios/g3-manual-station-clearance/snapshots/db-OnboardAlarmSnapshots.json	213	879667f70c2fecaa4af8f2672027b6960adc547f9a4db37e42a71d34676a2ac8
1f63fe0b	g3-manual-station-clearance	scenarios/g3-manual-station-clearance/snapshots/db-OperationResults.json	0	e3b0c44298fc1c149afbf4c8996fb92427ae41e4649b934ca495991b7852b855
1f63fe0b	g3-manual-station-clearance	scenarios/g3-manual-station-clearance/snapshots/db-OrderIntents.json	1492	513de6a27380f4f6f4e1970a1e5c43002aa87276ac0b0c60a031de32d8227515
1f63fe0b	g3-manual-station-clearance	scenarios/g3-manual-station-clearance/snapshots/db-OwnOrderRebuilds.json	0	e3b0c44298fc1c149afbf4c8996fb92427ae41e4649b934ca495991b7852b855
1f63fe0b	g3-manual-station-clearance	scenarios/g3-manual-station-clearance/snapshots/db-RecoveryWorkflows.json	0	e3b0c44298fc1c149afbf4c8996fb92427ae41e4649b934ca495991b7852b855
1f63fe0b	g3-manual-station-clearance	scenarios/g3-manual-station-clearance/snapshots/db-RiotDispatchAuditEvents.json	4373	56287f02faf686e5683cf2ac3f7e94fe2e2d2877a2b846c5aa41c24d3c7c8c59
1f63fe0b	g3-manual-station-clearance	scenarios/g3-manual-station-clearance/snapshots/db-RiotOrderCommandAudit.json	0	e3b0c44298fc1c149afbf4c8996fb92427ae41e4649b934ca495991b7852b855
1f63fe0b	g3-manual-station-clearance	scenarios/g3-manual-station-clearance/snapshots/db-RouteGraphSnapshots.json	567	e22f3218ef8f8325beae866fce15efc47cf62810bec0a787bc512761d5d294b6
1f63fe0b	g3-manual-station-clearance	scenarios/g3-manual-station-clearance/snapshots/db-SessionRecoveries.json	1122	5863af5acf306abe037e17803d8e31bb806a4c50eea6cf54406957060e02d271
1f63fe0b	g3-manual-station-clearance	scenarios/g3-manual-station-clearance/snapshots/db-SlotConfigurationActivations.json	0	e3b0c44298fc1c149afbf4c8996fb92427ae41e4649b934ca495991b7852b855
1f63fe0b	g3-manual-station-clearance	scenarios/g3-manual-station-clearance/snapshots/db-SlotFaultDeclarations.json	0	e3b0c44298fc1c149afbf4c8996fb92427ae41e4649b934ca495991b7852b855
1f63fe0b	g3-manual-station-clearance	scenarios/g3-manual-station-clearance/snapshots/db-SlotIoBindings.json	4250	b81c20d3e3435eaa7cc752b74ad025182ee9e8d1c4d152350f04d43fb8b73543
1f63fe0b	g3-manual-station-clearance	scenarios/g3-manual-station-clearance/snapshots/db-SlotModelVersions.json	321	d80432a7fb37c0e0df9ac2bc4937e20716ec8d4b565dae680562a53d8978cd80
1f63fe0b	g3-manual-station-clearance	scenarios/g3-manual-station-clearance/snapshots/db-StationExclusivities.json	0	e3b0c44298fc1c149afbf4c8996fb92427ae41e4649b934ca495991b7852b855
1f63fe0b	g3-manual-station-clearance	scenarios/g3-manual-station-clearance/snapshots/db-StationExclusivityRecords.json	477	f73be9ff484a2e28349123dbcb34146c1f3acf3c45ba40a84f31641545db16ff
1f63fe0b	g3-manual-station-clearance	scenarios/g3-manual-station-clearance/snapshots/db-StationOperations.json	0	e3b0c44298fc1c149afbf4c8996fb92427ae41e4649b934ca495991b7852b855
1f63fe0b	g3-manual-station-clearance	scenarios/g3-manual-station-clearance/snapshots/db-StructuralDispatchBlocks.json	0	e3b0c44298fc1c149afbf4c8996fb92427ae41e4649b934ca495991b7852b855
1f63fe0b	g3-manual-station-clearance	scenarios/g3-manual-station-clearance/snapshots/db-TaskTypeStationActiveBindingSets.json	144	2d26f46cc229acc7c303085e8fc7f2470a0475f578f1b1865b9c5edb9ada7771
1f63fe0b	g3-manual-station-clearance	scenarios/g3-manual-station-clearance/snapshots/db-TaskTypeStationBindings.json	173	b412006843f62c50e682598812b9f1746f67a659a3a2ddcff12221d6be0bbc28
1f63fe0b	g3-manual-station-clearance	scenarios/g3-manual-station-clearance/snapshots/db-TaskTypeStationBindingSetVersions.json	396	b955f6cbab2c82140f19bf24af85f40725824df6c42d3f89d2aaa07f88abbb58
1f63fe0b	g3-manual-station-clearance	scenarios/g3-manual-station-clearance/snapshots/db-TaskTypeStationRuleVersions.json	331	fb6e2af197c18fe9d84d6415d47a21f08899a00805be9d8a80c7b87c874b5740
1f63fe0b	g3-manual-station-clearance	scenarios/g3-manual-station-clearance/snapshots/db-VehiclePurposeClaimRecords.json	748	d846d3d1a52189ff362b32fc6ab7e2ff0e266bda201350c17d52c98f55bbdd6d
1f63fe0b	g3-manual-station-clearance	scenarios/g3-manual-station-clearance/snapshots/db-VehiclePurposeClaims.json	0	e3b0c44298fc1c149afbf4c8996fb92427ae41e4649b934ca495991b7852b855
1f63fe0b	g3-manual-station-clearance	scenarios/g3-manual-station-clearance/snapshots/db-WaitingPoints.json	0	e3b0c44298fc1c149afbf4c8996fb92427ae41e4649b934ca495991b7852b855
1f63fe0b	g3-manual-station-clearance	scenarios/g3-manual-station-clearance/snapshots/db-WaitingPointVehicleScopes.json	0	e3b0c44298fc1c149afbf4c8996fb92427ae41e4649b934ca495991b7852b855
1f63fe0b	g3-manual-station-clearance	scenarios/g3-manual-station-clearance/snapshots/db-WaitingPointVersions.json	0	e3b0c44298fc1c149afbf4c8996fb92427ae41e4649b934ca495991b7852b855
1f63fe0b	g3-manual-station-clearance	scenarios/g3-manual-station-clearance/snapshots/fake-mes-ingest.json	310	2c41d43b277f47012ba7a4b5a2645d307dad8c6dd3f18be7531bd7c51dd5e0b2
1f63fe0b	g3-manual-station-clearance	scenarios/g3-manual-station-clearance/snapshots/fake-riot.json	3942	c216ad49bbd75afa34edb1ab24f9be3fb1ddf1cb1d1d329122baea90f1e1c1c2
1f63fe0b	g3-manual-station-clearance	scenarios/g3-manual-station-clearance/snapshots/preseed-area-assignments.csv	128	9906e26d53df2e02e2cb2da976840b5764419d03f3d724097fe4bf7ce36ec8af
1f63fe0b	g3-manual-station-clearance	scenarios/g3-manual-station-clearance/snapshots/preseed-charging-policy.json	444	c9cff5e4ecf1d832d52d74154c81f43961075a5ca9d96150e9f079ea0afc2bfa
1f63fe0b	g3-manual-station-clearance	scenarios/g3-manual-station-clearance/snapshots/slots-simulator.json	3029	3d99bfc6eab9dbf27ce12052e7956ca86d97c40f1391f2ffac8ea09382fe3c7d
1f63fe0b	g3-manual-station-clearance	scenarios/g3-manual-station-clearance/snapshots/task-type-stations.settings.json	894	d69ededa82fcf5dad3cdcc83b1682ae1f2ca0ce41be15f438c179105d114cc4f
1f63fe0b	g3-operation-result-unknown-reconcile	scenarios/g3-operation-result-unknown-reconcile/logs/build.log	2464	0c6467c7607852ebadd4acfe2f32efd9bde90524edc34e4ef73382c3c873f62c
1f63fe0b	g3-operation-result-unknown-reconcile	scenarios/g3-operation-result-unknown-reconcile/logs/control-server.err.log	0	e3b0c44298fc1c149afbf4c8996fb92427ae41e4649b934ca495991b7852b855
1f63fe0b	g3-operation-result-unknown-reconcile	scenarios/g3-operation-result-unknown-reconcile/logs/control-server.out.log	1240614	a63b12f66d967f0b1ab68869175f50a73e91f20bac28d5a5a441b465b07df1bc
1f63fe0b	g3-operation-result-unknown-reconcile	scenarios/g3-operation-result-unknown-reconcile/logs/fake-mes-ingest.err.log	0	e3b0c44298fc1c149afbf4c8996fb92427ae41e4649b934ca495991b7852b855
1f63fe0b	g3-operation-result-unknown-reconcile	scenarios/g3-operation-result-unknown-reconcile/logs/fake-mes-ingest.out.log	34157	8a0b778757077cabe17190db4a358d77d40018e54efed2304c0352c4cc0b5bfc
1f63fe0b	g3-operation-result-unknown-reconcile	scenarios/g3-operation-result-unknown-reconcile/logs/fake-riot.err.log	0	e3b0c44298fc1c149afbf4c8996fb92427ae41e4649b934ca495991b7852b855
1f63fe0b	g3-operation-result-unknown-reconcile	scenarios/g3-operation-result-unknown-reconcile/logs/fake-riot.out.log	168806	7d2d25bad44bec8b2a076ded7dfa04448120692c67c347a3c8a33a069802d19c
1f63fe0b	g3-operation-result-unknown-reconcile	scenarios/g3-operation-result-unknown-reconcile/logs/onboard-hmi.before-restart-1.err.log	0	e3b0c44298fc1c149afbf4c8996fb92427ae41e4649b934ca495991b7852b855
1f63fe0b	g3-operation-result-unknown-reconcile	scenarios/g3-operation-result-unknown-reconcile/logs/onboard-hmi.before-restart-1.out.log	0	e3b0c44298fc1c149afbf4c8996fb92427ae41e4649b934ca495991b7852b855
1f63fe0b	g3-operation-result-unknown-reconcile	scenarios/g3-operation-result-unknown-reconcile/logs/onboard-hmi.before-restart-2.err.log	0	e3b0c44298fc1c149afbf4c8996fb92427ae41e4649b934ca495991b7852b855
1f63fe0b	g3-operation-result-unknown-reconcile	scenarios/g3-operation-result-unknown-reconcile/logs/onboard-hmi.before-restart-2.out.log	0	e3b0c44298fc1c149afbf4c8996fb92427ae41e4649b934ca495991b7852b855
1f63fe0b	g3-operation-result-unknown-reconcile	scenarios/g3-operation-result-unknown-reconcile/logs/onboard-hmi.err.log	0	e3b0c44298fc1c149afbf4c8996fb92427ae41e4649b934ca495991b7852b855
1f63fe0b	g3-operation-result-unknown-reconcile	scenarios/g3-operation-result-unknown-reconcile/logs/onboard-hmi.out.log	0	e3b0c44298fc1c149afbf4c8996fb92427ae41e4649b934ca495991b7852b855
1f63fe0b	g3-operation-result-unknown-reconcile	scenarios/g3-operation-result-unknown-reconcile/logs/package-capacity-import.err.log	0	e3b0c44298fc1c149afbf4c8996fb92427ae41e4649b934ca495991b7852b855
1f63fe0b	g3-operation-result-unknown-reconcile	scenarios/g3-operation-result-unknown-reconcile/logs/package-capacity-import.out.log	162552	f00778a82c005f8139a6ec688152998f191cee45e3acb201a8a2ea42e0a88305
1f63fe0b	g3-operation-result-unknown-reconcile	scenarios/g3-operation-result-unknown-reconcile/logs/slots-simulator.err.log	0	e3b0c44298fc1c149afbf4c8996fb92427ae41e4649b934ca495991b7852b855
1f63fe0b	g3-operation-result-unknown-reconcile	scenarios/g3-operation-result-unknown-reconcile/logs/slots-simulator.out.log	0	e3b0c44298fc1c149afbf4c8996fb92427ae41e4649b934ca495991b7852b855
1f63fe0b	g3-operation-result-unknown-reconcile	scenarios/g3-operation-result-unknown-reconcile/logs/onboard-app/agv-20261010.log	13860	26d3f2225ec11a4b74dc0d6956f191c0bbefdd15bbe473ec9812eaeb846baa07
1f63fe0b	g3-operation-result-unknown-reconcile	scenarios/g3-operation-result-unknown-reconcile/snapshots/db-AcceptedDemands.json	856	67d01d02294f2910fc57e927ec2bf733988044d59570079f7a943ecb5374256c
1f63fe0b	g3-operation-result-unknown-reconcile	scenarios/g3-operation-result-unknown-reconcile/snapshots/db-ActiveSlotConfigurations.json	0	e3b0c44298fc1c149afbf4c8996fb92427ae41e4649b934ca495991b7852b855
1f63fe0b	g3-operation-result-unknown-reconcile	scenarios/g3-operation-result-unknown-reconcile/snapshots/db-BusinessAuditRecords.json	6503	a5f311a2fef1daf60c8463d7c2b279311cb80e52c7f6abd666a56bee11b52dcf
1f63fe0b	g3-operation-result-unknown-reconcile	scenarios/g3-operation-result-unknown-reconcile/snapshots/db-ChargerRosterEntries.json	0	e3b0c44298fc1c149afbf4c8996fb92427ae41e4649b934ca495991b7852b855
1f63fe0b	g3-operation-result-unknown-reconcile	scenarios/g3-operation-result-unknown-reconcile/snapshots/db-ChargerRosterVersions.json	0	e3b0c44298fc1c149afbf4c8996fb92427ae41e4649b934ca495991b7852b855
1f63fe0b	g3-operation-result-unknown-reconcile	scenarios/g3-operation-result-unknown-reconcile/snapshots/db-ChargingPolicyActivations.json	189	76628d8dbd9b429ce5716c24c8338b441df78daaa7220324043fa09cb92a7d6c
1f63fe0b	g3-operation-result-unknown-reconcile	scenarios/g3-operation-result-unknown-reconcile/snapshots/db-ChargingPolicyApprovals.json	282	c9a6bfa16c613c02fd3f03b1e697a5ae7c18cbbc3987c27cc0947be9f8c089da
1f63fe0b	g3-operation-result-unknown-reconcile	scenarios/g3-operation-result-unknown-reconcile/snapshots/db-ChargingPolicyVehicleScopes.json	0	e3b0c44298fc1c149afbf4c8996fb92427ae41e4649b934ca495991b7852b855
1f63fe0b	g3-operation-result-unknown-reconcile	scenarios/g3-operation-result-unknown-reconcile/snapshots/db-ChargingPolicyVersions.json	632	8c076bc68b16abcdc06c112a315373b13f048ba7f94fe9b6bafedd3642b34fc5
1f63fe0b	g3-operation-result-unknown-reconcile	scenarios/g3-operation-result-unknown-reconcile/snapshots/db-CreateGateAudit.json	445	8349fb3c8ceb76ad76eb2d7644425696eeebbd45902d7a309a65368926b0e0ba
1f63fe0b	g3-operation-result-unknown-reconcile	scenarios/g3-operation-result-unknown-reconcile/snapshots/db-DispatchZoneAreaAssignments.json	377	ffd7aa7365bc86efef17a319718d4204d0b1a59ba4472d7aa02a7a181ceaee9c
1f63fe0b	g3-operation-result-unknown-reconcile	scenarios/g3-operation-result-unknown-reconcile/snapshots/db-DispatchZoneAreaAssignmentVersions.json	235	f0220f09adcfbf1fc50199222ad6380eee14a9d8f3b7b00e3729282b9fdefe58
1f63fe0b	g3-operation-result-unknown-reconcile	scenarios/g3-operation-result-unknown-reconcile/snapshots/db-DispatchZoneParameters.json	0	e3b0c44298fc1c149afbf4c8996fb92427ae41e4649b934ca495991b7852b855
1f63fe0b	g3-operation-result-unknown-reconcile	scenarios/g3-operation-result-unknown-reconcile/snapshots/db-DispatchZoneParameterVersions.json	0	e3b0c44298fc1c149afbf4c8996fb92427ae41e4649b934ca495991b7852b855
1f63fe0b	g3-operation-result-unknown-reconcile	scenarios/g3-operation-result-unknown-reconcile/snapshots/db-ExceptionRecoverySessions.json	0	e3b0c44298fc1c149afbf4c8996fb92427ae41e4649b934ca495991b7852b855
1f63fe0b	g3-operation-result-unknown-reconcile	scenarios/g3-operation-result-unknown-reconcile/snapshots/db-FrozenDemandStations.json	666	dbee4e63dfb710465444b4d2018a106bce64c3162f1b1cc9e0247a1819c4ac2e
1f63fe0b	g3-operation-result-unknown-reconcile	scenarios/g3-operation-result-unknown-reconcile/snapshots/db-JourneyBacklog.json	569	7222c9b796e8291390b6cf7acd6d46fa817ae455e0e4c36e99a11d094e29cc1f
1f63fe0b	g3-operation-result-unknown-reconcile	scenarios/g3-operation-result-unknown-reconcile/snapshots/db-JourneyDemands.json	873	07455413749465c664458e9404e07e316416c36b638ee8d094e1a7ca26e92ef6
1f63fe0b	g3-operation-result-unknown-reconcile	scenarios/g3-operation-result-unknown-reconcile/snapshots/db-JourneyRuntimes.json	2844	e5c9c42dff9a07a2801498db045f85b7edd804915ab70159c4ba004d646f99ce
1f63fe0b	g3-operation-result-unknown-reconcile	scenarios/g3-operation-result-unknown-reconcile/snapshots/db-JourneyStops.json	1937	a94b2bb806a77be940c32e1b9bd8563c8ed17aea9bad8c032a50a1b6102b7d65
1f63fe0b	g3-operation-result-unknown-reconcile	scenarios/g3-operation-result-unknown-reconcile/snapshots/db-MapStationCatalogStates.json	370	ca22e8db44047bbe083aff6884859450697860e831d7a77037f84403645e5a33
1f63fe0b	g3-operation-result-unknown-reconcile	scenarios/g3-operation-result-unknown-reconcile/snapshots/db-OnboardAlarmSnapshots.json	683	966425b81675fa1ae67bb8e9a0e1c5593c094ef1dab4e19e63bccd3c67fce475
1f63fe0b	g3-operation-result-unknown-reconcile	scenarios/g3-operation-result-unknown-reconcile/snapshots/db-OperationResults.json	666	d6c2416ec8eb0195aa3eafa44e6ae89c163259ee2ef3ed64dee2c04fec7abbac
1f63fe0b	g3-operation-result-unknown-reconcile	scenarios/g3-operation-result-unknown-reconcile/snapshots/db-OrderIntents.json	1529	d817172bbb50997065280c06b00c7dca1d9219e167e51dc00b083c45700d79c3
1f63fe0b	g3-operation-result-unknown-reconcile	scenarios/g3-operation-result-unknown-reconcile/snapshots/db-OwnOrderRebuilds.json	0	e3b0c44298fc1c149afbf4c8996fb92427ae41e4649b934ca495991b7852b855
1f63fe0b	g3-operation-result-unknown-reconcile	scenarios/g3-operation-result-unknown-reconcile/snapshots/db-RecoveryWorkflows.json	0	e3b0c44298fc1c149afbf4c8996fb92427ae41e4649b934ca495991b7852b855
1f63fe0b	g3-operation-result-unknown-reconcile	scenarios/g3-operation-result-unknown-reconcile/snapshots/db-RiotDispatchAuditEvents.json	4555	2a64ae7d51fa3d7fa399859e70734a6f4a2de3952674af2eb8bc259c1d748516
1f63fe0b	g3-operation-result-unknown-reconcile	scenarios/g3-operation-result-unknown-reconcile/snapshots/db-RiotOrderCommandAudit.json	0	e3b0c44298fc1c149afbf4c8996fb92427ae41e4649b934ca495991b7852b855
1f63fe0b	g3-operation-result-unknown-reconcile	scenarios/g3-operation-result-unknown-reconcile/snapshots/db-RouteGraphSnapshots.json	0	e3b0c44298fc1c149afbf4c8996fb92427ae41e4649b934ca495991b7852b855
1f63fe0b	g3-operation-result-unknown-reconcile	scenarios/g3-operation-result-unknown-reconcile/snapshots/db-SessionRecoveries.json	1253	f7f7621f1541df2e3000f0a24a2bbcf0c8ac3f17b1609bd717ee8f055c61c396
1f63fe0b	g3-operation-result-unknown-reconcile	scenarios/g3-operation-result-unknown-reconcile/snapshots/db-SlotConfigurationActivations.json	0	e3b0c44298fc1c149afbf4c8996fb92427ae41e4649b934ca495991b7852b855
1f63fe0b	g3-operation-result-unknown-reconcile	scenarios/g3-operation-result-unknown-reconcile/snapshots/db-SlotFaultDeclarations.json	0	e3b0c44298fc1c149afbf4c8996fb92427ae41e4649b934ca495991b7852b855
1f63fe0b	g3-operation-result-unknown-reconcile	scenarios/g3-operation-result-unknown-reconcile/snapshots/db-SlotIoBindings.json	4258	180fccd7b9c7c9caa3fec9013a9db0ba19dd781345e272dbdcdb9836f7098884
1f63fe0b	g3-operation-result-unknown-reconcile	scenarios/g3-operation-result-unknown-reconcile/snapshots/db-SlotModelVersions.json	321	c40ae9865eece16353c0a63036287d2a9f1da6f97b070921b1c982923db0378c
1f63fe0b	g3-operation-result-unknown-reconcile	scenarios/g3-operation-result-unknown-reconcile/snapshots/db-StationExclusivities.json	378	630e85b661d7ba4f26a97c8f638ba3c44a7dbae60c55ac38f37c5541026ddeb6
1f63fe0b	g3-operation-result-unknown-reconcile	scenarios/g3-operation-result-unknown-reconcile/snapshots/db-StationExclusivityRecords.json	426	3e4d250928c73edd1b8c5da647af7d28e2ffdd5d94fa628e708d6a77330abce7
1f63fe0b	g3-operation-result-unknown-reconcile	scenarios/g3-operation-result-unknown-reconcile/snapshots/db-StationOperations.json	484	010c32f13331bc03b4b901cce096776f10268a8b64c1781e340359abb0637ea6
1f63fe0b	g3-operation-result-unknown-reconcile	scenarios/g3-operation-result-unknown-reconcile/snapshots/db-StructuralDispatchBlocks.json	0	e3b0c44298fc1c149afbf4c8996fb92427ae41e4649b934ca495991b7852b855
1f63fe0b	g3-operation-result-unknown-reconcile	scenarios/g3-operation-result-unknown-reconcile/snapshots/db-TaskTypeStationActiveBindingSets.json	144	cee104d1697c7cc9c6793146365650d69b05368cf7b002a61c6243a5074fb816
1f63fe0b	g3-operation-result-unknown-reconcile	scenarios/g3-operation-result-unknown-reconcile/snapshots/db-TaskTypeStationBindings.json	173	b412006843f62c50e682598812b9f1746f67a659a3a2ddcff12221d6be0bbc28
1f63fe0b	g3-operation-result-unknown-reconcile	scenarios/g3-operation-result-unknown-reconcile/snapshots/db-TaskTypeStationBindingSetVersions.json	396	193a1e4b44a3df668456d63a3bac30e51a8e1d9eacb966a5dcc007649e25d180
1f63fe0b	g3-operation-result-unknown-reconcile	scenarios/g3-operation-result-unknown-reconcile/snapshots/db-TaskTypeStationRuleVersions.json	331	f8a85c0957f3a9e34d2bdd600ae2faa297b1c49477c6f5c019d1d5344861e7f5
1f63fe0b	g3-operation-result-unknown-reconcile	scenarios/g3-operation-result-unknown-reconcile/snapshots/db-VehiclePurposeClaimRecords.json	288	a5f0fc5cc3871ddd7a561fa9af85b32fffa42e9cf8d3d81c6a3ac440ab6c3e1c
1f63fe0b	g3-operation-result-unknown-reconcile	scenarios/g3-operation-result-unknown-reconcile/snapshots/db-VehiclePurposeClaims.json	183	851dad5dcbdcdcbcdf5ddb326503c91809ce45b5bae8391299e3e8a1aab5bfef
1f63fe0b	g3-operation-result-unknown-reconcile	scenarios/g3-operation-result-unknown-reconcile/snapshots/db-WaitingPoints.json	0	e3b0c44298fc1c149afbf4c8996fb92427ae41e4649b934ca495991b7852b855
1f63fe0b	g3-operation-result-unknown-reconcile	scenarios/g3-operation-result-unknown-reconcile/snapshots/db-WaitingPointVehicleScopes.json	0	e3b0c44298fc1c149afbf4c8996fb92427ae41e4649b934ca495991b7852b855
1f63fe0b	g3-operation-result-unknown-reconcile	scenarios/g3-operation-result-unknown-reconcile/snapshots/db-WaitingPointVersions.json	0	e3b0c44298fc1c149afbf4c8996fb92427ae41e4649b934ca495991b7852b855
1f63fe0b	g3-operation-result-unknown-reconcile	scenarios/g3-operation-result-unknown-reconcile/snapshots/fake-mes-ingest.json	1040	ae66d88c4b97a261b8f64ee8f82f565be05a450a5f62d24d78a3ab3d9bd5acb2
1f63fe0b	g3-operation-result-unknown-reconcile	scenarios/g3-operation-result-unknown-reconcile/snapshots/fake-riot.json	2948	1a665ec58257256a8bf1182e3b0fabc47613eb6d0dcda75dc4b510ae02f75331
1f63fe0b	g3-operation-result-unknown-reconcile	scenarios/g3-operation-result-unknown-reconcile/snapshots/preseed-area-assignments.csv	128	9906e26d53df2e02e2cb2da976840b5764419d03f3d724097fe4bf7ce36ec8af
1f63fe0b	g3-operation-result-unknown-reconcile	scenarios/g3-operation-result-unknown-reconcile/snapshots/preseed-charging-policy.json	444	c9cff5e4ecf1d832d52d74154c81f43961075a5ca9d96150e9f079ea0afc2bfa
1f63fe0b	g3-operation-result-unknown-reconcile	scenarios/g3-operation-result-unknown-reconcile/snapshots/slots-simulator.json	3029	d655dea37e9bd20156adca63841315d021e56d66af76947ec5f4545697d8160d
1f63fe0b	g3-operation-result-unknown-reconcile	scenarios/g3-operation-result-unknown-reconcile/snapshots/task-type-stations.settings.json	894	d69ededa82fcf5dad3cdcc83b1682ae1f2ca0ce41be15f438c179105d114cc4f
1f63fe0b	g3-pickup-load-and-correction	scenarios/g3-pickup-load-and-correction/logs/build.log	2464	cd616802348263ed384c66ca0c38e6d499deeb2221aec4391175897da8490cc3
1f63fe0b	g3-pickup-load-and-correction	scenarios/g3-pickup-load-and-correction/logs/control-server.err.log	0	e3b0c44298fc1c149afbf4c8996fb92427ae41e4649b934ca495991b7852b855
1f63fe0b	g3-pickup-load-and-correction	scenarios/g3-pickup-load-and-correction/logs/control-server.out.log	2653027	468558926bcf46efbbe23fd1f89d113f0f096cb8d24f0b5857d944cb079779c6
1f63fe0b	g3-pickup-load-and-correction	scenarios/g3-pickup-load-and-correction/logs/fake-mes-ingest.err.log	0	e3b0c44298fc1c149afbf4c8996fb92427ae41e4649b934ca495991b7852b855
1f63fe0b	g3-pickup-load-and-correction	scenarios/g3-pickup-load-and-correction/logs/fake-mes-ingest.out.log	79080	f635c1d6f0d3d140ee8e75d25417b03cb3b0bd59ed80d832832382eccac7e7fc
1f63fe0b	g3-pickup-load-and-correction	scenarios/g3-pickup-load-and-correction/logs/fake-riot.err.log	0	e3b0c44298fc1c149afbf4c8996fb92427ae41e4649b934ca495991b7852b855
1f63fe0b	g3-pickup-load-and-correction	scenarios/g3-pickup-load-and-correction/logs/fake-riot.out.log	305713	150c47ffa391c0e890742dacd5c85c13495a84e528236979bb15fe1cd8574edc
1f63fe0b	g3-pickup-load-and-correction	scenarios/g3-pickup-load-and-correction/logs/onboard-hmi.err.log	0	e3b0c44298fc1c149afbf4c8996fb92427ae41e4649b934ca495991b7852b855
1f63fe0b	g3-pickup-load-and-correction	scenarios/g3-pickup-load-and-correction/logs/onboard-hmi.out.log	0	e3b0c44298fc1c149afbf4c8996fb92427ae41e4649b934ca495991b7852b855
1f63fe0b	g3-pickup-load-and-correction	scenarios/g3-pickup-load-and-correction/logs/package-capacity-import.err.log	0	e3b0c44298fc1c149afbf4c8996fb92427ae41e4649b934ca495991b7852b855
1f63fe0b	g3-pickup-load-and-correction	scenarios/g3-pickup-load-and-correction/logs/package-capacity-import.out.log	162551	239b33ff828116694d424e36c46c40ea61a62a2f736b3b07db4b0281cb68f56c
1f63fe0b	g3-pickup-load-and-correction	scenarios/g3-pickup-load-and-correction/logs/slots-simulator.err.log	0	e3b0c44298fc1c149afbf4c8996fb92427ae41e4649b934ca495991b7852b855
1f63fe0b	g3-pickup-load-and-correction	scenarios/g3-pickup-load-and-correction/logs/slots-simulator.out.log	0	e3b0c44298fc1c149afbf4c8996fb92427ae41e4649b934ca495991b7852b855
1f63fe0b	g3-pickup-load-and-correction	scenarios/g3-pickup-load-and-correction/logs/onboard-app/agv-20261010.log	23696	ab63142442498691fe3db3f61b7b74e5a0983fc96eaf4454ae67de9ccc6c3567
1f63fe0b	g3-pickup-load-and-correction	scenarios/g3-pickup-load-and-correction/snapshots/db-AcceptedDemands.json	846	569d86196151bf888a653598a1104661269b10f4a58c644f2ae33bc1cc8403f5
1f63fe0b	g3-pickup-load-and-correction	scenarios/g3-pickup-load-and-correction/snapshots/db-ActiveSlotConfigurations.json	0	e3b0c44298fc1c149afbf4c8996fb92427ae41e4649b934ca495991b7852b855
1f63fe0b	g3-pickup-load-and-correction	scenarios/g3-pickup-load-and-correction/snapshots/db-BusinessAuditRecords.json	6503	4548f7b42e4b71ee2fc42bd48528b9e1f88c42d88568c3ec923bf9b7eb029ec8
1f63fe0b	g3-pickup-load-and-correction	scenarios/g3-pickup-load-and-correction/snapshots/db-ChargerRosterEntries.json	0	e3b0c44298fc1c149afbf4c8996fb92427ae41e4649b934ca495991b7852b855
1f63fe0b	g3-pickup-load-and-correction	scenarios/g3-pickup-load-and-correction/snapshots/db-ChargerRosterVersions.json	0	e3b0c44298fc1c149afbf4c8996fb92427ae41e4649b934ca495991b7852b855
1f63fe0b	g3-pickup-load-and-correction	scenarios/g3-pickup-load-and-correction/snapshots/db-ChargingPolicyActivations.json	189	bce85a089668baea26db45ec65059a0d0ba81b0efce32e77d8c10ba0dac87b24
1f63fe0b	g3-pickup-load-and-correction	scenarios/g3-pickup-load-and-correction/snapshots/db-ChargingPolicyApprovals.json	282	8ab96eac631b9bf344aed3065a6669873dcbadd068d942fae840c8ace6923708
1f63fe0b	g3-pickup-load-and-correction	scenarios/g3-pickup-load-and-correction/snapshots/db-ChargingPolicyVehicleScopes.json	0	e3b0c44298fc1c149afbf4c8996fb92427ae41e4649b934ca495991b7852b855
1f63fe0b	g3-pickup-load-and-correction	scenarios/g3-pickup-load-and-correction/snapshots/db-ChargingPolicyVersions.json	632	9ffddc58586a2540667b71227e50f46cc68bf420af028a0daf8ba43b3bc01f96
1f63fe0b	g3-pickup-load-and-correction	scenarios/g3-pickup-load-and-correction/snapshots/db-CreateGateAudit.json	444	2c7b60ca61f5d6b8f372b1a8a669e059b69b416038dcef8ba30e9e7a7eb33ced
1f63fe0b	g3-pickup-load-and-correction	scenarios/g3-pickup-load-and-correction/snapshots/db-DispatchZoneAreaAssignments.json	377	ffd7aa7365bc86efef17a319718d4204d0b1a59ba4472d7aa02a7a181ceaee9c
1f63fe0b	g3-pickup-load-and-correction	scenarios/g3-pickup-load-and-correction/snapshots/db-DispatchZoneAreaAssignmentVersions.json	235	1d859585f746c8ce052e23ecc80fe2e0e9240bdd75b3315d930b837c9b427e83
1f63fe0b	g3-pickup-load-and-correction	scenarios/g3-pickup-load-and-correction/snapshots/db-DispatchZoneParameters.json	0	e3b0c44298fc1c149afbf4c8996fb92427ae41e4649b934ca495991b7852b855
1f63fe0b	g3-pickup-load-and-correction	scenarios/g3-pickup-load-and-correction/snapshots/db-DispatchZoneParameterVersions.json	0	e3b0c44298fc1c149afbf4c8996fb92427ae41e4649b934ca495991b7852b855
1f63fe0b	g3-pickup-load-and-correction	scenarios/g3-pickup-load-and-correction/snapshots/db-ExceptionRecoverySessions.json	0	e3b0c44298fc1c149afbf4c8996fb92427ae41e4649b934ca495991b7852b855
1f63fe0b	g3-pickup-load-and-correction	scenarios/g3-pickup-load-and-correction/snapshots/db-FrozenDemandStations.json	664	5e2fdc01e52ce0703d14a74da767876d0109eff96cde82dc9950e8d3239959b4
1f63fe0b	g3-pickup-load-and-correction	scenarios/g3-pickup-load-and-correction/snapshots/db-JourneyBacklog.json	568	94ca3efa04af83b4d3a5d4cfafbf32d9fb9202b58e2ac66cfcc501271f03c92f
1f63fe0b	g3-pickup-load-and-correction	scenarios/g3-pickup-load-and-correction/snapshots/db-JourneyDemands.json	875	6302f8973236e3087d36011b2574bf31c3dc7e5b7bc92e694d882e3a25b9cfdb
1f63fe0b	g3-pickup-load-and-correction	scenarios/g3-pickup-load-and-correction/snapshots/db-JourneyRuntimes.json	2861	71f118d44add7c8eeb8202bef820def0aed15eaf583cf392db85e379f0a55511
1f63fe0b	g3-pickup-load-and-correction	scenarios/g3-pickup-load-and-correction/snapshots/db-JourneyStops.json	1941	e7ef01d95f96a0bbf5b9178dc142ba4db55d3053351c6d80d1ddb5c1cb5dbe97
1f63fe0b	g3-pickup-load-and-correction	scenarios/g3-pickup-load-and-correction/snapshots/db-MapStationCatalogStates.json	364	384c3e89ee0022bbdac9e20ad5801fa7d1a265cec0c9d71809f8232d7d789453
1f63fe0b	g3-pickup-load-and-correction	scenarios/g3-pickup-load-and-correction/snapshots/db-OnboardAlarmSnapshots.json	688	9930b955cac536945fa6ab8c70ee15b68381c36a943e9fe95a246227d0142ced
1f63fe0b	g3-pickup-load-and-correction	scenarios/g3-pickup-load-and-correction/snapshots/db-OperationResults.json	746	261109bcae4eb4418721ae92099d43da00dec27c59db17e202e0edf84a385077
1f63fe0b	g3-pickup-load-and-correction	scenarios/g3-pickup-load-and-correction/snapshots/db-OrderIntents.json	3176	0963672e70cf34b72aac95759ca923c1a31c6ff642e8674f3ff5a036ad32ae1c
1f63fe0b	g3-pickup-load-and-correction	scenarios/g3-pickup-load-and-correction/snapshots/db-OwnOrderRebuilds.json	0	e3b0c44298fc1c149afbf4c8996fb92427ae41e4649b934ca495991b7852b855
1f63fe0b	g3-pickup-load-and-correction	scenarios/g3-pickup-load-and-correction/snapshots/db-RecoveryWorkflows.json	1125	22b4b2d43067d7a97c213579ba9be326a0d64fe2b43eb9edb2c9bd15f4eb008a
1f63fe0b	g3-pickup-load-and-correction	scenarios/g3-pickup-load-and-correction/snapshots/db-RiotDispatchAuditEvents.json	9102	0dd81e92aea758830c19526a7137627594f47d63c1bc25d08779466ef6bbc47e
1f63fe0b	g3-pickup-load-and-correction	scenarios/g3-pickup-load-and-correction/snapshots/db-RiotOrderCommandAudit.json	0	e3b0c44298fc1c149afbf4c8996fb92427ae41e4649b934ca495991b7852b855
1f63fe0b	g3-pickup-load-and-correction	scenarios/g3-pickup-load-and-correction/snapshots/db-RouteGraphSnapshots.json	0	e3b0c44298fc1c149afbf4c8996fb92427ae41e4649b934ca495991b7852b855
1f63fe0b	g3-pickup-load-and-correction	scenarios/g3-pickup-load-and-correction/snapshots/db-SessionRecoveries.json	1176	63450c70b76b0c2b4a1291993a06b2901d304bbc93b825d3472c62d1de14035b
1f63fe0b	g3-pickup-load-and-correction	scenarios/g3-pickup-load-and-correction/snapshots/db-SlotConfigurationActivations.json	0	e3b0c44298fc1c149afbf4c8996fb92427ae41e4649b934ca495991b7852b855
1f63fe0b	g3-pickup-load-and-correction	scenarios/g3-pickup-load-and-correction/snapshots/db-SlotFaultDeclarations.json	0	e3b0c44298fc1c149afbf4c8996fb92427ae41e4649b934ca495991b7852b855
1f63fe0b	g3-pickup-load-and-correction	scenarios/g3-pickup-load-and-correction/snapshots/db-SlotIoBindings.json	4258	848fb66a7f0471d12e54abdaf43e8c7cd3453c0493f296385e0c45a0b10f573b
1f63fe0b	g3-pickup-load-and-correction	scenarios/g3-pickup-load-and-correction/snapshots/db-SlotModelVersions.json	321	1349cf6a8593277f46d55bdb24d0446a680905dfff001953de35b2f0fd224c69
1f63fe0b	g3-pickup-load-and-correction	scenarios/g3-pickup-load-and-correction/snapshots/db-StationExclusivities.json	378	8891b06c30a809e9c64641c40c0ee6a12bd819f1aa83162efd7f780c03b2d024
1f63fe0b	g3-pickup-load-and-correction	scenarios/g3-pickup-load-and-correction/snapshots/db-StationExclusivityRecords.json	426	01f0e32be6dd2de8625f3f8da7d31fc27bc772eb6597d0cdaf0b355801409fae
1f63fe0b	g3-pickup-load-and-correction	scenarios/g3-pickup-load-and-correction/snapshots/db-StationOperations.json	663	fa043d0b722f150eef4413bdcb362b1ff157179b0074e43137c5d76375e307b0
1f63fe0b	g3-pickup-load-and-correction	scenarios/g3-pickup-load-and-correction/snapshots/db-StructuralDispatchBlocks.json	0	e3b0c44298fc1c149afbf4c8996fb92427ae41e4649b934ca495991b7852b855
1f63fe0b	g3-pickup-load-and-correction	scenarios/g3-pickup-load-and-correction/snapshots/db-TaskTypeStationActiveBindingSets.json	144	ff2941038b422a82117a79426154772a6a40023649daf0c4586cda2c74eaee9e
1f63fe0b	g3-pickup-load-and-correction	scenarios/g3-pickup-load-and-correction/snapshots/db-TaskTypeStationBindings.json	173	b412006843f62c50e682598812b9f1746f67a659a3a2ddcff12221d6be0bbc28
1f63fe0b	g3-pickup-load-and-correction	scenarios/g3-pickup-load-and-correction/snapshots/db-TaskTypeStationBindingSetVersions.json	396	b20e6b3b06a22845aea76de7d3145ff291b181933b79a9e3716d0ac7bc4afb0f
1f63fe0b	g3-pickup-load-and-correction	scenarios/g3-pickup-load-and-correction/snapshots/db-TaskTypeStationRuleVersions.json	331	16c15e4a516cfe719545d4c661115c0267c61b056ec4a7b9b095c6d3f69cd347
1f63fe0b	g3-pickup-load-and-correction	scenarios/g3-pickup-load-and-correction/snapshots/db-VehiclePurposeClaimRecords.json	288	f96c2074601fc436221dd336a012d77a4cb9184772a5f41cc2a0f734dba1645d
1f63fe0b	g3-pickup-load-and-correction	scenarios/g3-pickup-load-and-correction/snapshots/db-VehiclePurposeClaims.json	183	41859fb1c015cffca9e1a77c2300b07f07fb7e89512c675fc788c81101359070
1f63fe0b	g3-pickup-load-and-correction	scenarios/g3-pickup-load-and-correction/snapshots/db-WaitingPoints.json	0	e3b0c44298fc1c149afbf4c8996fb92427ae41e4649b934ca495991b7852b855
1f63fe0b	g3-pickup-load-and-correction	scenarios/g3-pickup-load-and-correction/snapshots/db-WaitingPointVehicleScopes.json	0	e3b0c44298fc1c149afbf4c8996fb92427ae41e4649b934ca495991b7852b855
1f63fe0b	g3-pickup-load-and-correction	scenarios/g3-pickup-load-and-correction/snapshots/db-WaitingPointVersions.json	0	e3b0c44298fc1c149afbf4c8996fb92427ae41e4649b934ca495991b7852b855
1f63fe0b	g3-pickup-load-and-correction	scenarios/g3-pickup-load-and-correction/snapshots/fake-mes-ingest.json	1039	7914e3cb29fc2662c9775d449ad3c80376e252c6da34202728c431caf7a4fc62
1f63fe0b	g3-pickup-load-and-correction	scenarios/g3-pickup-load-and-correction/snapshots/fake-riot.json	3386	96566dc44de1d56f7d5508979251716d40655a09a80e1745c2cde3844dcd792f
1f63fe0b	g3-pickup-load-and-correction	scenarios/g3-pickup-load-and-correction/snapshots/preseed-area-assignments.csv	128	9906e26d53df2e02e2cb2da976840b5764419d03f3d724097fe4bf7ce36ec8af
1f63fe0b	g3-pickup-load-and-correction	scenarios/g3-pickup-load-and-correction/snapshots/preseed-charging-policy.json	444	c9cff5e4ecf1d832d52d74154c81f43961075a5ca9d96150e9f079ea0afc2bfa
1f63fe0b	g3-pickup-load-and-correction	scenarios/g3-pickup-load-and-correction/snapshots/slots-simulator.json	3036	359d9bdb75c42d73bd213da3ef4d6a0fab46390ed65ba12a2e65a8678faa3d8e
1f63fe0b	g3-pickup-load-and-correction	scenarios/g3-pickup-load-and-correction/snapshots/task-type-stations.settings.json	894	d69ededa82fcf5dad3cdcc83b1682ae1f2ca0ce41be15f438c179105d114cc4f
1f63fe0b	g3-predeparture-check-expires	scenarios/g3-predeparture-check-expires/logs/build.log	2464	18b7f10f89a397f7277569f73b56928ac86dc5a5efec6eb2b7c8d33d910153a4
1f63fe0b	g3-predeparture-check-expires	scenarios/g3-predeparture-check-expires/logs/control-server.err.log	0	e3b0c44298fc1c149afbf4c8996fb92427ae41e4649b934ca495991b7852b855
1f63fe0b	g3-predeparture-check-expires	scenarios/g3-predeparture-check-expires/logs/control-server.out.log	3247631	fbced0de9665f548ad5ef72b22a8ee4ac7a8323593a2e448730d4280ef42bde6
1f63fe0b	g3-predeparture-check-expires	scenarios/g3-predeparture-check-expires/logs/fake-mes-ingest.err.log	0	e3b0c44298fc1c149afbf4c8996fb92427ae41e4649b934ca495991b7852b855
1f63fe0b	g3-predeparture-check-expires	scenarios/g3-predeparture-check-expires/logs/fake-mes-ingest.out.log	101549	0eebd23c147e48c6369f65e57a6c517be80c090b0bc322a012b0f10250f97e05
1f63fe0b	g3-predeparture-check-expires	scenarios/g3-predeparture-check-expires/logs/fake-riot.err.log	0	e3b0c44298fc1c149afbf4c8996fb92427ae41e4649b934ca495991b7852b855
1f63fe0b	g3-predeparture-check-expires	scenarios/g3-predeparture-check-expires/logs/fake-riot.out.log	402403	917319f97f2a8f717f2c98e617d9442f64a92ceee251753eb33d93f5c951783d
1f63fe0b	g3-predeparture-check-expires	scenarios/g3-predeparture-check-expires/logs/onboard-hmi.err.log	0	e3b0c44298fc1c149afbf4c8996fb92427ae41e4649b934ca495991b7852b855
1f63fe0b	g3-predeparture-check-expires	scenarios/g3-predeparture-check-expires/logs/onboard-hmi.out.log	0	e3b0c44298fc1c149afbf4c8996fb92427ae41e4649b934ca495991b7852b855
1f63fe0b	g3-predeparture-check-expires	scenarios/g3-predeparture-check-expires/logs/package-capacity-import.err.log	0	e3b0c44298fc1c149afbf4c8996fb92427ae41e4649b934ca495991b7852b855
1f63fe0b	g3-predeparture-check-expires	scenarios/g3-predeparture-check-expires/logs/package-capacity-import.out.log	162552	346afdb3b27bf249b770dba3d9733399f88576aaa2fbeb088c38b47d2fbf990c
1f63fe0b	g3-predeparture-check-expires	scenarios/g3-predeparture-check-expires/logs/slots-simulator.err.log	0	e3b0c44298fc1c149afbf4c8996fb92427ae41e4649b934ca495991b7852b855
1f63fe0b	g3-predeparture-check-expires	scenarios/g3-predeparture-check-expires/logs/slots-simulator.out.log	0	e3b0c44298fc1c149afbf4c8996fb92427ae41e4649b934ca495991b7852b855
1f63fe0b	g3-predeparture-check-expires	scenarios/g3-predeparture-check-expires/logs/onboard-app/agv-20261010.log	12544	0315dabc878f261a10ed7cbd13ea7693748f2b0987ff937b0338a1063fca547c
1f63fe0b	g3-predeparture-check-expires	scenarios/g3-predeparture-check-expires/snapshots/db-AcceptedDemands.json	848	25367f8cb9196a3056b5b537b367bd23ec012f2d43243af439b05b73e50bf8fa
1f63fe0b	g3-predeparture-check-expires	scenarios/g3-predeparture-check-expires/snapshots/db-ActiveSlotConfigurations.json	0	e3b0c44298fc1c149afbf4c8996fb92427ae41e4649b934ca495991b7852b855
1f63fe0b	g3-predeparture-check-expires	scenarios/g3-predeparture-check-expires/snapshots/db-BusinessAuditRecords.json	6503	1e4ae1ea7ce64b8f23cb062f37d95da338a7acddd06b92d4758f36364c49b2c1
1f63fe0b	g3-predeparture-check-expires	scenarios/g3-predeparture-check-expires/snapshots/db-ChargerRosterEntries.json	0	e3b0c44298fc1c149afbf4c8996fb92427ae41e4649b934ca495991b7852b855
1f63fe0b	g3-predeparture-check-expires	scenarios/g3-predeparture-check-expires/snapshots/db-ChargerRosterVersions.json	0	e3b0c44298fc1c149afbf4c8996fb92427ae41e4649b934ca495991b7852b855
1f63fe0b	g3-predeparture-check-expires	scenarios/g3-predeparture-check-expires/snapshots/db-ChargingPolicyActivations.json	189	b165116e61629891e6367e7ca308ce77e9eaa16c68e1deaf0202ed046bec3264
1f63fe0b	g3-predeparture-check-expires	scenarios/g3-predeparture-check-expires/snapshots/db-ChargingPolicyApprovals.json	282	41fbc03e807003762305db37104ac67a3b3da3bce2f4205492978a673b01b5ef
1f63fe0b	g3-predeparture-check-expires	scenarios/g3-predeparture-check-expires/snapshots/db-ChargingPolicyVehicleScopes.json	0	e3b0c44298fc1c149afbf4c8996fb92427ae41e4649b934ca495991b7852b855
1f63fe0b	g3-predeparture-check-expires	scenarios/g3-predeparture-check-expires/snapshots/db-ChargingPolicyVersions.json	632	8edb38d2f4f64506067603ec1d7040bb5185e72ecf32fe9ab23b111c62407798
1f63fe0b	g3-predeparture-check-expires	scenarios/g3-predeparture-check-expires/snapshots/db-CreateGateAudit.json	1441	c0393c926d9429108f3dd371543f1707a7cac75335f0266bf2cbfbea0563b55d
1f63fe0b	g3-predeparture-check-expires	scenarios/g3-predeparture-check-expires/snapshots/db-DispatchZoneAreaAssignments.json	377	ffd7aa7365bc86efef17a319718d4204d0b1a59ba4472d7aa02a7a181ceaee9c
1f63fe0b	g3-predeparture-check-expires	scenarios/g3-predeparture-check-expires/snapshots/db-DispatchZoneAreaAssignmentVersions.json	235	580e4c83d81d94bdf572ee30c87fd0a42e784b63e1be8fac7d6a95b444c6225e
1f63fe0b	g3-predeparture-check-expires	scenarios/g3-predeparture-check-expires/snapshots/db-DispatchZoneParameters.json	0	e3b0c44298fc1c149afbf4c8996fb92427ae41e4649b934ca495991b7852b855
1f63fe0b	g3-predeparture-check-expires	scenarios/g3-predeparture-check-expires/snapshots/db-DispatchZoneParameterVersions.json	0	e3b0c44298fc1c149afbf4c8996fb92427ae41e4649b934ca495991b7852b855
1f63fe0b	g3-predeparture-check-expires	scenarios/g3-predeparture-check-expires/snapshots/db-ExceptionRecoverySessions.json	0	e3b0c44298fc1c149afbf4c8996fb92427ae41e4649b934ca495991b7852b855
1f63fe0b	g3-predeparture-check-expires	scenarios/g3-predeparture-check-expires/snapshots/db-FrozenDemandStations.json	666	d068969260cc6d2b001f135948761d8e713e165de17abd6606f3dad39dfcfc00
1f63fe0b	g3-predeparture-check-expires	scenarios/g3-predeparture-check-expires/snapshots/db-JourneyBacklog.json	568	9b42edd3879e15baace6e8ceb34c23ef35cb8ceb884d7675a94e4d2e7250aeb6
1f63fe0b	g3-predeparture-check-expires	scenarios/g3-predeparture-check-expires/snapshots/db-JourneyDemands.json	873	c393f6377fa75bd17e2c212cca3aacbb709961555eec96785287db4848d8b09b
1f63fe0b	g3-predeparture-check-expires	scenarios/g3-predeparture-check-expires/snapshots/db-JourneyRuntimes.json	2859	f100c942dcbfee32fccec7a6f1a47113e18d94d67d02ec050b26be414cb613dd
1f63fe0b	g3-predeparture-check-expires	scenarios/g3-predeparture-check-expires/snapshots/db-JourneyStops.json	1941	c67bd85eceb8635a3c2f8fe905279ca63cf1b6bae0fbb822271c405a57ad6870
1f63fe0b	g3-predeparture-check-expires	scenarios/g3-predeparture-check-expires/snapshots/db-MapStationCatalogStates.json	370	20b513fa7809dc294a1b41fa51ccf0c86b09d1c24c7738dc0d04103ea3252032
1f63fe0b	g3-predeparture-check-expires	scenarios/g3-predeparture-check-expires/snapshots/db-OnboardAlarmSnapshots.json	212	a71bf4f2e594e1712f34c69ff0e57a13a7a019c92e049f9fdaa9825962bf0e32
1f63fe0b	g3-predeparture-check-expires	scenarios/g3-predeparture-check-expires/snapshots/db-OperationResults.json	668	08e5de9835bcd82198bdf1bda7fc3ea3344c80e1191498cfafc06e108aa28f5e
1f63fe0b	g3-predeparture-check-expires	scenarios/g3-predeparture-check-expires/snapshots/db-OrderIntents.json	3174	93a143fb98effe3f67d7c48894356a8e035fcbf11d87d6a3aac7d227782fcc8a
1f63fe0b	g3-predeparture-check-expires	scenarios/g3-predeparture-check-expires/snapshots/db-OwnOrderRebuilds.json	0	e3b0c44298fc1c149afbf4c8996fb92427ae41e4649b934ca495991b7852b855
1f63fe0b	g3-predeparture-check-expires	scenarios/g3-predeparture-check-expires/snapshots/db-RecoveryWorkflows.json	0	e3b0c44298fc1c149afbf4c8996fb92427ae41e4649b934ca495991b7852b855
1f63fe0b	g3-predeparture-check-expires	scenarios/g3-predeparture-check-expires/snapshots/db-RiotDispatchAuditEvents.json	9100	a4177ba20904f2f09ecdcba904c0e101574e2e2c5a326b29c97d4dc8ca87dcdc
1f63fe0b	g3-predeparture-check-expires	scenarios/g3-predeparture-check-expires/snapshots/db-RiotOrderCommandAudit.json	0	e3b0c44298fc1c149afbf4c8996fb92427ae41e4649b934ca495991b7852b855
1f63fe0b	g3-predeparture-check-expires	scenarios/g3-predeparture-check-expires/snapshots/db-RouteGraphSnapshots.json	0	e3b0c44298fc1c149afbf4c8996fb92427ae41e4649b934ca495991b7852b855
1f63fe0b	g3-predeparture-check-expires	scenarios/g3-predeparture-check-expires/snapshots/db-SessionRecoveries.json	1123	4fac1c53ed479915cdef127543ce73e4bcf4fe9d1923ed228781b20af2088447
1f63fe0b	g3-predeparture-check-expires	scenarios/g3-predeparture-check-expires/snapshots/db-SlotConfigurationActivations.json	0	e3b0c44298fc1c149afbf4c8996fb92427ae41e4649b934ca495991b7852b855
1f63fe0b	g3-predeparture-check-expires	scenarios/g3-predeparture-check-expires/snapshots/db-SlotFaultDeclarations.json	0	e3b0c44298fc1c149afbf4c8996fb92427ae41e4649b934ca495991b7852b855
1f63fe0b	g3-predeparture-check-expires	scenarios/g3-predeparture-check-expires/snapshots/db-SlotIoBindings.json	4258	0b161dbd760de6c9bc0e9f5ded1df6a736e82507d440451921e62aff0532f1c3
1f63fe0b	g3-predeparture-check-expires	scenarios/g3-predeparture-check-expires/snapshots/db-SlotModelVersions.json	321	b33f81d0f5fae3d0493308f57772388c04323b3eece166ec7415e35fdfcdef6f
1f63fe0b	g3-predeparture-check-expires	scenarios/g3-predeparture-check-expires/snapshots/db-StationExclusivities.json	377	0b9496b30f82734dd9663ed4c1f65a445611139b0b89d27a849d3e9c4e49f28a
1f63fe0b	g3-predeparture-check-expires	scenarios/g3-predeparture-check-expires/snapshots/db-StationExclusivityRecords.json	425	52e74dedce855e771f9a22a991065741bb842b9abc8db200d8e9da9df28b0759
1f63fe0b	g3-predeparture-check-expires	scenarios/g3-predeparture-check-expires/snapshots/db-StationOperations.json	585	7f67b80cdb47a119499ed04897945d45a0a6f97d45e4d61cab3d3e3247920307
1f63fe0b	g3-predeparture-check-expires	scenarios/g3-predeparture-check-expires/snapshots/db-StructuralDispatchBlocks.json	0	e3b0c44298fc1c149afbf4c8996fb92427ae41e4649b934ca495991b7852b855
1f63fe0b	g3-predeparture-check-expires	scenarios/g3-predeparture-check-expires/snapshots/db-TaskTypeStationActiveBindingSets.json	144	dfed96ed41e75ab1d06b1e36f4aee4eb47104cc58b5c4b0436ef34337c45c676
1f63fe0b	g3-predeparture-check-expires	scenarios/g3-predeparture-check-expires/snapshots/db-TaskTypeStationBindings.json	173	b412006843f62c50e682598812b9f1746f67a659a3a2ddcff12221d6be0bbc28
1f63fe0b	g3-predeparture-check-expires	scenarios/g3-predeparture-check-expires/snapshots/db-TaskTypeStationBindingSetVersions.json	396	0e4ad99a72277528b48923374d9168f6b70818268c54782b8169ab1722b44216
1f63fe0b	g3-predeparture-check-expires	scenarios/g3-predeparture-check-expires/snapshots/db-TaskTypeStationRuleVersions.json	331	678a60ec0d1e29786a00c1d884fbbf6637ee4aedab85683f4ccfc82b9369eb3a
1f63fe0b	g3-predeparture-check-expires	scenarios/g3-predeparture-check-expires/snapshots/db-VehiclePurposeClaimRecords.json	288	833f3c51daa23320e794edc2f8f7e973c0146256889ea109a4ffbe4db37ec749
1f63fe0b	g3-predeparture-check-expires	scenarios/g3-predeparture-check-expires/snapshots/db-VehiclePurposeClaims.json	183	115a73acee9811428a29ba3995acd69cc2d9f94391cfc4c2b10094de4c3cc045
1f63fe0b	g3-predeparture-check-expires	scenarios/g3-predeparture-check-expires/snapshots/db-WaitingPoints.json	0	e3b0c44298fc1c149afbf4c8996fb92427ae41e4649b934ca495991b7852b855
1f63fe0b	g3-predeparture-check-expires	scenarios/g3-predeparture-check-expires/snapshots/db-WaitingPointVehicleScopes.json	0	e3b0c44298fc1c149afbf4c8996fb92427ae41e4649b934ca495991b7852b855
1f63fe0b	g3-predeparture-check-expires	scenarios/g3-predeparture-check-expires/snapshots/db-WaitingPointVersions.json	0	e3b0c44298fc1c149afbf4c8996fb92427ae41e4649b934ca495991b7852b855
1f63fe0b	g3-predeparture-check-expires	scenarios/g3-predeparture-check-expires/snapshots/fake-mes-ingest.json	1040	69d11a91f52257ec858fa47d5ab11801fd344aaf147e366525207c481cb40e6e
1f63fe0b	g3-predeparture-check-expires	scenarios/g3-predeparture-check-expires/snapshots/fake-riot.json	3386	5842cdac8c55ac7778db4b94f7f232aabf3ad9c32f4814ac38b9a548edd537fa
1f63fe0b	g3-predeparture-check-expires	scenarios/g3-predeparture-check-expires/snapshots/preseed-area-assignments.csv	128	9906e26d53df2e02e2cb2da976840b5764419d03f3d724097fe4bf7ce36ec8af
1f63fe0b	g3-predeparture-check-expires	scenarios/g3-predeparture-check-expires/snapshots/preseed-charging-policy.json	444	c9cff5e4ecf1d832d52d74154c81f43961075a5ca9d96150e9f079ea0afc2bfa
1f63fe0b	g3-predeparture-check-expires	scenarios/g3-predeparture-check-expires/snapshots/slots-simulator.json	3033	ae7e18ee4689b5f9e2a432254ef0745f78fd07df2ccd2068cfe02d7065b38c3a
1f63fe0b	g3-predeparture-check-expires	scenarios/g3-predeparture-check-expires/snapshots/task-type-stations.settings.json	894	d69ededa82fcf5dad3cdcc83b1682ae1f2ca0ce41be15f438c179105d114cc4f
1f63fe0b	g3-reversed-direction-journey	scenarios/g3-reversed-direction-journey/logs/build.log	2464	f7d6cfbe1b14c951a536e2bd383505b907e6c765d3f4e43866443363389479cd
1f63fe0b	g3-reversed-direction-journey	scenarios/g3-reversed-direction-journey/logs/control-server.err.log	0	e3b0c44298fc1c149afbf4c8996fb92427ae41e4649b934ca495991b7852b855
1f63fe0b	g3-reversed-direction-journey	scenarios/g3-reversed-direction-journey/logs/control-server.out.log	3085443	98f9d4015fe44aecdb0b0a0bd9fb925cd02c4640757e50ee17b43b291b73f407
1f63fe0b	g3-reversed-direction-journey	scenarios/g3-reversed-direction-journey/logs/fake-mes-ingest.err.log	0	e3b0c44298fc1c149afbf4c8996fb92427ae41e4649b934ca495991b7852b855
1f63fe0b	g3-reversed-direction-journey	scenarios/g3-reversed-direction-journey/logs/fake-mes-ingest.out.log	95928	d548757fc52c21529bd3fc68c8238a1ff121bc413b6129c29dfcb9abb2e035bf
1f63fe0b	g3-reversed-direction-journey	scenarios/g3-reversed-direction-journey/logs/fake-riot.err.log	0	e3b0c44298fc1c149afbf4c8996fb92427ae41e4649b934ca495991b7852b855
1f63fe0b	g3-reversed-direction-journey	scenarios/g3-reversed-direction-journey/logs/fake-riot.out.log	383004	b5f6c3650acb9915e2d207d65fdd3ae32fc45b7ecb6ce3950456745e642c366d
1f63fe0b	g3-reversed-direction-journey	scenarios/g3-reversed-direction-journey/logs/onboard-hmi.err.log	0	e3b0c44298fc1c149afbf4c8996fb92427ae41e4649b934ca495991b7852b855
1f63fe0b	g3-reversed-direction-journey	scenarios/g3-reversed-direction-journey/logs/onboard-hmi.out.log	0	e3b0c44298fc1c149afbf4c8996fb92427ae41e4649b934ca495991b7852b855
1f63fe0b	g3-reversed-direction-journey	scenarios/g3-reversed-direction-journey/logs/package-capacity-import.err.log	0	e3b0c44298fc1c149afbf4c8996fb92427ae41e4649b934ca495991b7852b855
1f63fe0b	g3-reversed-direction-journey	scenarios/g3-reversed-direction-journey/logs/package-capacity-import.out.log	162554	bed17efe304e81c3acca1f1c4c545b993c7fd110412b65142ceeb1030f1794e8
1f63fe0b	g3-reversed-direction-journey	scenarios/g3-reversed-direction-journey/logs/slots-simulator.err.log	0	e3b0c44298fc1c149afbf4c8996fb92427ae41e4649b934ca495991b7852b855
1f63fe0b	g3-reversed-direction-journey	scenarios/g3-reversed-direction-journey/logs/slots-simulator.out.log	0	e3b0c44298fc1c149afbf4c8996fb92427ae41e4649b934ca495991b7852b855
1f63fe0b	g3-reversed-direction-journey	scenarios/g3-reversed-direction-journey/logs/onboard-app/agv-20261010.log	14400	4196811dc7b0c16c37c9608c66df979fc88b5f7fc5d175de01f15e9ea16b620f
1f63fe0b	g3-reversed-direction-journey	scenarios/g3-reversed-direction-journey/snapshots/db-AcceptedDemands.json	852	1c43bd31dec940ba95f36cf3feab765df0046f87b3806246e8da66cafb149edc
1f63fe0b	g3-reversed-direction-journey	scenarios/g3-reversed-direction-journey/snapshots/db-ActiveSlotConfigurations.json	0	e3b0c44298fc1c149afbf4c8996fb92427ae41e4649b934ca495991b7852b855
1f63fe0b	g3-reversed-direction-journey	scenarios/g3-reversed-direction-journey/snapshots/db-BusinessAuditRecords.json	6502	087c23abd15c27084e1c07ed725c24d6c1725a039d6ca972465498fd89549c65
1f63fe0b	g3-reversed-direction-journey	scenarios/g3-reversed-direction-journey/snapshots/db-ChargerRosterEntries.json	0	e3b0c44298fc1c149afbf4c8996fb92427ae41e4649b934ca495991b7852b855
1f63fe0b	g3-reversed-direction-journey	scenarios/g3-reversed-direction-journey/snapshots/db-ChargerRosterVersions.json	0	e3b0c44298fc1c149afbf4c8996fb92427ae41e4649b934ca495991b7852b855
1f63fe0b	g3-reversed-direction-journey	scenarios/g3-reversed-direction-journey/snapshots/db-ChargingPolicyActivations.json	189	d9367404de70e96df823c8a84928e627908fe02eea6df4b250272a01c7e30c47
1f63fe0b	g3-reversed-direction-journey	scenarios/g3-reversed-direction-journey/snapshots/db-ChargingPolicyApprovals.json	282	004c5cec6d1c4d90a9670ae924a8bfe45e0fc0f4b3544a40ef8abd6d4a381fd6
1f63fe0b	g3-reversed-direction-journey	scenarios/g3-reversed-direction-journey/snapshots/db-ChargingPolicyVehicleScopes.json	0	e3b0c44298fc1c149afbf4c8996fb92427ae41e4649b934ca495991b7852b855
1f63fe0b	g3-reversed-direction-journey	scenarios/g3-reversed-direction-journey/snapshots/db-ChargingPolicyVersions.json	632	fc8039bc6f1691f2170fd7bf2c4362a61ddc7d49a9e6dd73954dc758dcf3c3c7
1f63fe0b	g3-reversed-direction-journey	scenarios/g3-reversed-direction-journey/snapshots/db-CreateGateAudit.json	448	e67222c04146467da7013cff8e2930f1111b141d34c0bcf8a57ca2d9ce6b69ad
1f63fe0b	g3-reversed-direction-journey	scenarios/g3-reversed-direction-journey/snapshots/db-DispatchZoneAreaAssignments.json	377	ffd7aa7365bc86efef17a319718d4204d0b1a59ba4472d7aa02a7a181ceaee9c
1f63fe0b	g3-reversed-direction-journey	scenarios/g3-reversed-direction-journey/snapshots/db-DispatchZoneAreaAssignmentVersions.json	235	63cd043facdeb706fbfc30c28dfad9910e55fdab155082596764033f04b352e9
1f63fe0b	g3-reversed-direction-journey	scenarios/g3-reversed-direction-journey/snapshots/db-DispatchZoneParameters.json	0	e3b0c44298fc1c149afbf4c8996fb92427ae41e4649b934ca495991b7852b855
1f63fe0b	g3-reversed-direction-journey	scenarios/g3-reversed-direction-journey/snapshots/db-DispatchZoneParameterVersions.json	0	e3b0c44298fc1c149afbf4c8996fb92427ae41e4649b934ca495991b7852b855
1f63fe0b	g3-reversed-direction-journey	scenarios/g3-reversed-direction-journey/snapshots/db-ExceptionRecoverySessions.json	0	e3b0c44298fc1c149afbf4c8996fb92427ae41e4649b934ca495991b7852b855
1f63fe0b	g3-reversed-direction-journey	scenarios/g3-reversed-direction-journey/snapshots/db-FrozenDemandStations.json	674	04741956c7df112e9270fa806e0bf73de60d1dd8f61884808df2dfe52547fdf0
1f63fe0b	g3-reversed-direction-journey	scenarios/g3-reversed-direction-journey/snapshots/db-JourneyBacklog.json	570	6ba6fdf89e44a343a533b4a0cecd5197b04f9d1d2d5cba22a4a9872fbbd7f5a0
1f63fe0b	g3-reversed-direction-journey	scenarios/g3-reversed-direction-journey/snapshots/db-JourneyDemands.json	875	de065866bc7b22c720b8ad395ca7689107c032089434fe3d90f5aa7598202784
1f63fe0b	g3-reversed-direction-journey	scenarios/g3-reversed-direction-journey/snapshots/db-JourneyRuntimes.json	2855	b4b52bb68ab74ec76aa7c72e0919944757c1d75053862f981648863ada8f972c
1f63fe0b	g3-reversed-direction-journey	scenarios/g3-reversed-direction-journey/snapshots/db-JourneyStops.json	1949	34577dc47d10a69cef214087f1ec5275a8221c3e8305f5626dab539e2c90d1eb
1f63fe0b	g3-reversed-direction-journey	scenarios/g3-reversed-direction-journey/snapshots/db-MapStationCatalogStates.json	370	509ab663684f03ae23582c1102a5ee204b2c54f41303ac87f1270909400655c4
1f63fe0b	g3-reversed-direction-journey	scenarios/g3-reversed-direction-journey/snapshots/db-OnboardAlarmSnapshots.json	213	8e68841d604494ad39b5a0074bf6f0581b85d8855a12b4dcb2257ddacb3074d1
1f63fe0b	g3-reversed-direction-journey	scenarios/g3-reversed-direction-journey/snapshots/db-OperationResults.json	1401	ec701ec914c161acb6f0dd5ed58093f51fcd1508dccfcfd5d99aa9ae09b38264
1f63fe0b	g3-reversed-direction-journey	scenarios/g3-reversed-direction-journey/snapshots/db-OrderIntents.json	3181	4094b1387c29dd127912d781ba64f5f3b48ab243722d5be1a21302b6d1f28cf4
1f63fe0b	g3-reversed-direction-journey	scenarios/g3-reversed-direction-journey/snapshots/db-OwnOrderRebuilds.json	0	e3b0c44298fc1c149afbf4c8996fb92427ae41e4649b934ca495991b7852b855
1f63fe0b	g3-reversed-direction-journey	scenarios/g3-reversed-direction-journey/snapshots/db-RecoveryWorkflows.json	0	e3b0c44298fc1c149afbf4c8996fb92427ae41e4649b934ca495991b7852b855
1f63fe0b	g3-reversed-direction-journey	scenarios/g3-reversed-direction-journey/snapshots/db-RiotDispatchAuditEvents.json	9101	880483930fad48f55383e53f1144e3ac2f258e65b23d3aa777c1d0c6b0a45f6c
1f63fe0b	g3-reversed-direction-journey	scenarios/g3-reversed-direction-journey/snapshots/db-RiotOrderCommandAudit.json	0	e3b0c44298fc1c149afbf4c8996fb92427ae41e4649b934ca495991b7852b855
1f63fe0b	g3-reversed-direction-journey	scenarios/g3-reversed-direction-journey/snapshots/db-RouteGraphSnapshots.json	0	e3b0c44298fc1c149afbf4c8996fb92427ae41e4649b934ca495991b7852b855
1f63fe0b	g3-reversed-direction-journey	scenarios/g3-reversed-direction-journey/snapshots/db-SessionRecoveries.json	1123	a34608e62931530ec932628637e5f03a33970499444323a3b327671de9817a89
1f63fe0b	g3-reversed-direction-journey	scenarios/g3-reversed-direction-journey/snapshots/db-SlotConfigurationActivations.json	0	e3b0c44298fc1c149afbf4c8996fb92427ae41e4649b934ca495991b7852b855
1f63fe0b	g3-reversed-direction-journey	scenarios/g3-reversed-direction-journey/snapshots/db-SlotFaultDeclarations.json	0	e3b0c44298fc1c149afbf4c8996fb92427ae41e4649b934ca495991b7852b855
1f63fe0b	g3-reversed-direction-journey	scenarios/g3-reversed-direction-journey/snapshots/db-SlotIoBindings.json	4250	e132214bb85a527eab6a60452107194a1a2a48bd8f7a91a458e05fec171a9f2a
1f63fe0b	g3-reversed-direction-journey	scenarios/g3-reversed-direction-journey/snapshots/db-SlotModelVersions.json	321	fd3079bea6051cf41d98e342320f66dea8813fe81a172b4e704073ed38f02d5e
1f63fe0b	g3-reversed-direction-journey	scenarios/g3-reversed-direction-journey/snapshots/db-StationExclusivities.json	0	e3b0c44298fc1c149afbf4c8996fb92427ae41e4649b934ca495991b7852b855
1f63fe0b	g3-reversed-direction-journey	scenarios/g3-reversed-direction-journey/snapshots/db-StationExclusivityRecords.json	501	4540e53344d903acaef0498945a2d8162849a2ce1e11a2a3bd6fa0aade6f8a69
1f63fe0b	g3-reversed-direction-journey	scenarios/g3-reversed-direction-journey/snapshots/db-StationOperations.json	1231	6289e6b09c31e835b8f93c24fcd4d75c3846295afd4071288a6d4ac1bb86c4ac
1f63fe0b	g3-reversed-direction-journey	scenarios/g3-reversed-direction-journey/snapshots/db-StructuralDispatchBlocks.json	0	e3b0c44298fc1c149afbf4c8996fb92427ae41e4649b934ca495991b7852b855
1f63fe0b	g3-reversed-direction-journey	scenarios/g3-reversed-direction-journey/snapshots/db-TaskTypeStationActiveBindingSets.json	144	b378653651898e3f43147f7adb92ace63ff2363132321729af91f4af641de854
1f63fe0b	g3-reversed-direction-journey	scenarios/g3-reversed-direction-journey/snapshots/db-TaskTypeStationBindings.json	396	a46e9ed127bb0df52d9fbe0ee7358d394e0ff8b70d2e21f208b79d5044ba906d
1f63fe0b	g3-reversed-direction-journey	scenarios/g3-reversed-direction-journey/snapshots/db-TaskTypeStationBindingSetVersions.json	396	703fd7bcd81418dfaf29534957c2dd64738f6312d6bbfa573941b6afc69e2a76
1f63fe0b	g3-reversed-direction-journey	scenarios/g3-reversed-direction-journey/snapshots/db-TaskTypeStationRuleVersions.json	331	e5862a9313f101f9f5d2b674283690f53397d25da3365d59bb3b05b17767a05d
1f63fe0b	g3-reversed-direction-journey	scenarios/g3-reversed-direction-journey/snapshots/db-VehiclePurposeClaimRecords.json	336	ec93858f2f671cd0c5fdab94c9ea500d06d236babb7dd6ec2a2e0a2ce444ec0d
1f63fe0b	g3-reversed-direction-journey	scenarios/g3-reversed-direction-journey/snapshots/db-VehiclePurposeClaims.json	0	e3b0c44298fc1c149afbf4c8996fb92427ae41e4649b934ca495991b7852b855
1f63fe0b	g3-reversed-direction-journey	scenarios/g3-reversed-direction-journey/snapshots/db-WaitingPoints.json	0	e3b0c44298fc1c149afbf4c8996fb92427ae41e4649b934ca495991b7852b855
1f63fe0b	g3-reversed-direction-journey	scenarios/g3-reversed-direction-journey/snapshots/db-WaitingPointVehicleScopes.json	0	e3b0c44298fc1c149afbf4c8996fb92427ae41e4649b934ca495991b7852b855
1f63fe0b	g3-reversed-direction-journey	scenarios/g3-reversed-direction-journey/snapshots/db-WaitingPointVersions.json	0	e3b0c44298fc1c149afbf4c8996fb92427ae41e4649b934ca495991b7852b855
1f63fe0b	g3-reversed-direction-journey	scenarios/g3-reversed-direction-journey/snapshots/fake-mes-ingest.json	1042	05382c8009f25931ad37a9bf3fb436ba3e0e221a9f84d79bb89d7e69c71067e2
1f63fe0b	g3-reversed-direction-journey	scenarios/g3-reversed-direction-journey/snapshots/fake-riot.json	3644	246d440da12b751c7837f255e961d8501333adbd41a74c423fc47e1c5e627797
1f63fe0b	g3-reversed-direction-journey	scenarios/g3-reversed-direction-journey/snapshots/preseed-area-assignments.csv	128	9906e26d53df2e02e2cb2da976840b5764419d03f3d724097fe4bf7ce36ec8af
1f63fe0b	g3-reversed-direction-journey	scenarios/g3-reversed-direction-journey/snapshots/preseed-charging-policy.json	444	c9cff5e4ecf1d832d52d74154c81f43961075a5ca9d96150e9f079ea0afc2bfa
1f63fe0b	g3-reversed-direction-journey	scenarios/g3-reversed-direction-journey/snapshots/slots-simulator.json	3030	698cad3cf40d4e6a929c168c9e4bc527ecbd692142cd0e59d4601e7578bbe31a
1f63fe0b	g3-reversed-direction-journey	scenarios/g3-reversed-direction-journey/snapshots/task-type-stations.settings.json	1108	672847ac674ffb9dbff3e01d030de8cdcae922e065cfe4a8b7965657f9af119c
1f63fe0b	g3-slot-fault-declaration	scenarios/g3-slot-fault-declaration/logs/build.log	2464	590b994e147b6e2ebd454652c26b700337e3a3f3fcc4aec4129943fa465806ed
1f63fe0b	g3-slot-fault-declaration	scenarios/g3-slot-fault-declaration/logs/control-server.err.log	0	e3b0c44298fc1c149afbf4c8996fb92427ae41e4649b934ca495991b7852b855
1f63fe0b	g3-slot-fault-declaration	scenarios/g3-slot-fault-declaration/logs/control-server.out.log	9168231	0f35ae269e59744efaa48934d347a2ea4faa3b54978322741a7562ebad4e286d
1f63fe0b	g3-slot-fault-declaration	scenarios/g3-slot-fault-declaration/logs/fake-mes-ingest.err.log	0	e3b0c44298fc1c149afbf4c8996fb92427ae41e4649b934ca495991b7852b855
1f63fe0b	g3-slot-fault-declaration	scenarios/g3-slot-fault-declaration/logs/fake-mes-ingest.out.log	264420	0498952083d2a3d3f29cbf78eb27f8a5e0e53e260bac8387c289a6d46570f92f
1f63fe0b	g3-slot-fault-declaration	scenarios/g3-slot-fault-declaration/logs/fake-riot.err.log	0	e3b0c44298fc1c149afbf4c8996fb92427ae41e4649b934ca495991b7852b855
1f63fe0b	g3-slot-fault-declaration	scenarios/g3-slot-fault-declaration/logs/fake-riot.out.log	1139159	0c3f8b556f044182d535bdcb9bb8e821177b61e51e4cfae6618e00db648ef1e1
1f63fe0b	g3-slot-fault-declaration	scenarios/g3-slot-fault-declaration/logs/onboard-hmi.err.log	0	e3b0c44298fc1c149afbf4c8996fb92427ae41e4649b934ca495991b7852b855
1f63fe0b	g3-slot-fault-declaration	scenarios/g3-slot-fault-declaration/logs/onboard-hmi.out.log	0	e3b0c44298fc1c149afbf4c8996fb92427ae41e4649b934ca495991b7852b855
1f63fe0b	g3-slot-fault-declaration	scenarios/g3-slot-fault-declaration/logs/package-capacity-import.err.log	0	e3b0c44298fc1c149afbf4c8996fb92427ae41e4649b934ca495991b7852b855
1f63fe0b	g3-slot-fault-declaration	scenarios/g3-slot-fault-declaration/logs/package-capacity-import.out.log	162552	d9c6d09aeab324fa2c9d9ce7fcf8afec7b8e26e907636d09213dc522e94e7219
1f63fe0b	g3-slot-fault-declaration	scenarios/g3-slot-fault-declaration/logs/protocol-fault-proxy.err.log	0	e3b0c44298fc1c149afbf4c8996fb92427ae41e4649b934ca495991b7852b855
1f63fe0b	g3-slot-fault-declaration	scenarios/g3-slot-fault-declaration/logs/protocol-fault-proxy.out.log	7800	93b5d38bf7f5e2f389bf0e3413d4162c665313aa809408f59fde6b529fb93eaf
1f63fe0b	g3-slot-fault-declaration	scenarios/g3-slot-fault-declaration/logs/slots-simulator.err.log	0	e3b0c44298fc1c149afbf4c8996fb92427ae41e4649b934ca495991b7852b855
1f63fe0b	g3-slot-fault-declaration	scenarios/g3-slot-fault-declaration/logs/slots-simulator.out.log	0	e3b0c44298fc1c149afbf4c8996fb92427ae41e4649b934ca495991b7852b855
1f63fe0b	g3-slot-fault-declaration	scenarios/g3-slot-fault-declaration/logs/onboard-app/agv-20261010.log	28376	bdc0f7a938044fbb11138af2756e2a1836262003d02102bb5fd0c0276a8cdf38
1f63fe0b	g3-slot-fault-declaration	scenarios/g3-slot-fault-declaration/snapshots/db-AcceptedDemands.json	860	9f37489a6e7934692795d28ab68b60b366ce23bb3dec93f828bd07767def5689
1f63fe0b	g3-slot-fault-declaration	scenarios/g3-slot-fault-declaration/snapshots/db-ActiveSlotConfigurations.json	0	e3b0c44298fc1c149afbf4c8996fb92427ae41e4649b934ca495991b7852b855
1f63fe0b	g3-slot-fault-declaration	scenarios/g3-slot-fault-declaration/snapshots/db-BusinessAuditRecords.json	6502	2142083a4416d0cd7774af5fd33e58cc808b553365cdeb08703df8f3ae98e2a5
1f63fe0b	g3-slot-fault-declaration	scenarios/g3-slot-fault-declaration/snapshots/db-ChargerRosterEntries.json	0	e3b0c44298fc1c149afbf4c8996fb92427ae41e4649b934ca495991b7852b855
1f63fe0b	g3-slot-fault-declaration	scenarios/g3-slot-fault-declaration/snapshots/db-ChargerRosterVersions.json	0	e3b0c44298fc1c149afbf4c8996fb92427ae41e4649b934ca495991b7852b855
1f63fe0b	g3-slot-fault-declaration	scenarios/g3-slot-fault-declaration/snapshots/db-ChargingPolicyActivations.json	189	6687c55420cbbda22cbef725cce5ce17b0317fffee2c54356f4b8434b00863d3
1f63fe0b	g3-slot-fault-declaration	scenarios/g3-slot-fault-declaration/snapshots/db-ChargingPolicyApprovals.json	282	82a10508dacfa5516c8130ad2303341e82c40aa4ae0f42fb40f82ef9b0cc6117
1f63fe0b	g3-slot-fault-declaration	scenarios/g3-slot-fault-declaration/snapshots/db-ChargingPolicyVehicleScopes.json	0	e3b0c44298fc1c149afbf4c8996fb92427ae41e4649b934ca495991b7852b855
1f63fe0b	g3-slot-fault-declaration	scenarios/g3-slot-fault-declaration/snapshots/db-ChargingPolicyVersions.json	632	b85f77686c3f5f3146da787ab2c29c50a8f7501090ccf3bbac02855a3e97ca3b
1f63fe0b	g3-slot-fault-declaration	scenarios/g3-slot-fault-declaration/snapshots/db-CreateGateAudit.json	447	2b54a6088a72942aa6b27b8d0363e38eb551ff07e9749d099eee839b194855b5
1f63fe0b	g3-slot-fault-declaration	scenarios/g3-slot-fault-declaration/snapshots/db-DispatchZoneAreaAssignments.json	377	ffd7aa7365bc86efef17a319718d4204d0b1a59ba4472d7aa02a7a181ceaee9c
1f63fe0b	g3-slot-fault-declaration	scenarios/g3-slot-fault-declaration/snapshots/db-DispatchZoneAreaAssignmentVersions.json	234	5ff146820162880e8ddb9c910893de199310b8c11f6e15ef77eec5bf4827acf2
1f63fe0b	g3-slot-fault-declaration	scenarios/g3-slot-fault-declaration/snapshots/db-DispatchZoneParameters.json	0	e3b0c44298fc1c149afbf4c8996fb92427ae41e4649b934ca495991b7852b855
1f63fe0b	g3-slot-fault-declaration	scenarios/g3-slot-fault-declaration/snapshots/db-DispatchZoneParameterVersions.json	0	e3b0c44298fc1c149afbf4c8996fb92427ae41e4649b934ca495991b7852b855
1f63fe0b	g3-slot-fault-declaration	scenarios/g3-slot-fault-declaration/snapshots/db-ExceptionRecoverySessions.json	0	e3b0c44298fc1c149afbf4c8996fb92427ae41e4649b934ca495991b7852b855
1f63fe0b	g3-slot-fault-declaration	scenarios/g3-slot-fault-declaration/snapshots/db-FrozenDemandStations.json	670	bef32e2b67876e70cfb5738cd03200476f21c87bcc5fc972824c8c334d84538b
1f63fe0b	g3-slot-fault-declaration	scenarios/g3-slot-fault-declaration/snapshots/db-JourneyBacklog.json	570	d35f8a5cb47e9f6f6ea4b84c8cc813c7a609f971eb48b60c1b5e4f11c7691aac
1f63fe0b	g3-slot-fault-declaration	scenarios/g3-slot-fault-declaration/snapshots/db-JourneyDemands.json	873	03db6f5cbe1d4aa123b8bdfd64ac59b4d4ca7ad53e1c1eee7af509c098f66fab
1f63fe0b	g3-slot-fault-declaration	scenarios/g3-slot-fault-declaration/snapshots/db-JourneyRuntimes.json	2939	e1b62e2979ce45ab18f2b1dcc879d0d17bb2b51e38b6177e21bc880df950e4ee
1f63fe0b	g3-slot-fault-declaration	scenarios/g3-slot-fault-declaration/snapshots/db-JourneyStops.json	1941	0cbdcf8a121777e0f32ccd809f213d7d76d4c625beb3fa9b98050b3aca1ff40a
1f63fe0b	g3-slot-fault-declaration	scenarios/g3-slot-fault-declaration/snapshots/db-MapStationCatalogStates.json	370	75072bedb08bda6cd9eae329ba500fef420ef1288f27262d0c7bf83430197c6c
1f63fe0b	g3-slot-fault-declaration	scenarios/g3-slot-fault-declaration/snapshots/db-OnboardAlarmSnapshots.json	683	2b6eed706ef07109ae87f82e43c6cfd9d13b9efee83e10334fd723e3552487d4
1f63fe0b	g3-slot-fault-declaration	scenarios/g3-slot-fault-declaration/snapshots/db-OperationResults.json	1400	4ae99ac1ed83176892418d33c2e15fc235b698b8b23db5b61f175d98fed2f40e
1f63fe0b	g3-slot-fault-declaration	scenarios/g3-slot-fault-declaration/snapshots/db-OrderIntents.json	3176	d0807313ba0fc2a3099dd390ba34de58bd9b9ff685cce71b1435e4efa941ee51
1f63fe0b	g3-slot-fault-declaration	scenarios/g3-slot-fault-declaration/snapshots/db-OwnOrderRebuilds.json	0	e3b0c44298fc1c149afbf4c8996fb92427ae41e4649b934ca495991b7852b855
1f63fe0b	g3-slot-fault-declaration	scenarios/g3-slot-fault-declaration/snapshots/db-RecoveryWorkflows.json	0	e3b0c44298fc1c149afbf4c8996fb92427ae41e4649b934ca495991b7852b855
1f63fe0b	g3-slot-fault-declaration	scenarios/g3-slot-fault-declaration/snapshots/db-RiotDispatchAuditEvents.json	9101	3571aa025a609ae27f61e58b7331cd6cf3d656d8f03fbfd1ec875d30ae54399e
1f63fe0b	g3-slot-fault-declaration	scenarios/g3-slot-fault-declaration/snapshots/db-RiotOrderCommandAudit.json	0	e3b0c44298fc1c149afbf4c8996fb92427ae41e4649b934ca495991b7852b855
1f63fe0b	g3-slot-fault-declaration	scenarios/g3-slot-fault-declaration/snapshots/db-RouteGraphSnapshots.json	0	e3b0c44298fc1c149afbf4c8996fb92427ae41e4649b934ca495991b7852b855
1f63fe0b	g3-slot-fault-declaration	scenarios/g3-slot-fault-declaration/snapshots/db-SessionRecoveries.json	1167	0a0d4c697b2b357f3b17e20ae1b2f757a118bdc84ccddbc781db25d6facbf6e8
1f63fe0b	g3-slot-fault-declaration	scenarios/g3-slot-fault-declaration/snapshots/db-SlotConfigurationActivations.json	0	e3b0c44298fc1c149afbf4c8996fb92427ae41e4649b934ca495991b7852b855
1f63fe0b	g3-slot-fault-declaration	scenarios/g3-slot-fault-declaration/snapshots/db-SlotFaultDeclarations.json	2603	746318461f11597ea19e06c5f772309e6ede3e0903cec3fb8e3eb3b3461ba0cd
1f63fe0b	g3-slot-fault-declaration	scenarios/g3-slot-fault-declaration/snapshots/db-SlotIoBindings.json	4258	f12ea9fceb2f1132448f68c1e75feac4bd103e1f8c0c6ca7e473169eda197ac3
1f63fe0b	g3-slot-fault-declaration	scenarios/g3-slot-fault-declaration/snapshots/db-SlotModelVersions.json	321	e102150954f93c04a0ff39410c22b773aa1138d39b69f185846959218ff19845
1f63fe0b	g3-slot-fault-declaration	scenarios/g3-slot-fault-declaration/snapshots/db-StationExclusivities.json	378	cd3db2f71cb617b861a9ff0df9008b598a7716ff17fac9cd660dee60adc43497
1f63fe0b	g3-slot-fault-declaration	scenarios/g3-slot-fault-declaration/snapshots/db-StationExclusivityRecords.json	457	97dec95e33ba258b73753cc9f691261850e639ff85f3c665e11ccec0672159ab
1f63fe0b	g3-slot-fault-declaration	scenarios/g3-slot-fault-declaration/snapshots/db-StationOperations.json	1136	50d7056286e9d9af09985c0685ff45be6c2ba79c303b939a98a9ebe16ec5df9d
1f63fe0b	g3-slot-fault-declaration	scenarios/g3-slot-fault-declaration/snapshots/db-StructuralDispatchBlocks.json	0	e3b0c44298fc1c149afbf4c8996fb92427ae41e4649b934ca495991b7852b855
1f63fe0b	g3-slot-fault-declaration	scenarios/g3-slot-fault-declaration/snapshots/db-TaskTypeStationActiveBindingSets.json	144	579298b5eb123eb17451efec3e94ca8c1f4b25e771471e910943e6bf297a2ed9
1f63fe0b	g3-slot-fault-declaration	scenarios/g3-slot-fault-declaration/snapshots/db-TaskTypeStationBindings.json	173	b412006843f62c50e682598812b9f1746f67a659a3a2ddcff12221d6be0bbc28
1f63fe0b	g3-slot-fault-declaration	scenarios/g3-slot-fault-declaration/snapshots/db-TaskTypeStationBindingSetVersions.json	396	340dc9035c5e3a4821681daa0ee6920640447872e007f105dc8034e46cf4feb5
1f63fe0b	g3-slot-fault-declaration	scenarios/g3-slot-fault-declaration/snapshots/db-TaskTypeStationRuleVersions.json	331	a50b2873d1553ffa7ea902876694db192f6a639e1ee1499dc62da6588117db2a
1f63fe0b	g3-slot-fault-declaration	scenarios/g3-slot-fault-declaration/snapshots/db-VehiclePurposeClaimRecords.json	288	d5af3efdf73fdd41f41805435524a19a48bb127897825794c5e4eaf4b36d39ec
1f63fe0b	g3-slot-fault-declaration	scenarios/g3-slot-fault-declaration/snapshots/db-VehiclePurposeClaims.json	183	73732a2870172004d7adfe63a03819e3525012827b771b4991698be7ca9a5ed7
1f63fe0b	g3-slot-fault-declaration	scenarios/g3-slot-fault-declaration/snapshots/db-WaitingPoints.json	0	e3b0c44298fc1c149afbf4c8996fb92427ae41e4649b934ca495991b7852b855
1f63fe0b	g3-slot-fault-declaration	scenarios/g3-slot-fault-declaration/snapshots/db-WaitingPointVehicleScopes.json	0	e3b0c44298fc1c149afbf4c8996fb92427ae41e4649b934ca495991b7852b855
1f63fe0b	g3-slot-fault-declaration	scenarios/g3-slot-fault-declaration/snapshots/db-WaitingPointVersions.json	0	e3b0c44298fc1c149afbf4c8996fb92427ae41e4649b934ca495991b7852b855
1f63fe0b	g3-slot-fault-declaration	scenarios/g3-slot-fault-declaration/snapshots/fake-mes-ingest.json	1042	316e0997dec1e7848aed51c27b0b873ca3e7c4793195e89838a299ff9aff9408
1f63fe0b	g3-slot-fault-declaration	scenarios/g3-slot-fault-declaration/snapshots/fake-riot.json	3403	e8adb94de92fafa883159f74665286817b307e02cc66a9e02419f1008cf0cb52
1f63fe0b	g3-slot-fault-declaration	scenarios/g3-slot-fault-declaration/snapshots/preseed-area-assignments.csv	128	9906e26d53df2e02e2cb2da976840b5764419d03f3d724097fe4bf7ce36ec8af
1f63fe0b	g3-slot-fault-declaration	scenarios/g3-slot-fault-declaration/snapshots/preseed-charging-policy.json	444	c9cff5e4ecf1d832d52d74154c81f43961075a5ca9d96150e9f079ea0afc2bfa
1f63fe0b	g3-slot-fault-declaration	scenarios/g3-slot-fault-declaration/snapshots/protocol-fault-proxy.json	154665	87f4038fac7bd7ffd836b257e3a1f414b6753b5aaa912936712aad3a3dc4e859
1f63fe0b	g3-slot-fault-declaration	scenarios/g3-slot-fault-declaration/snapshots/slots-simulator.json	3033	fb7be8b5c472b286291d5412680ade5b629db602ca0201ac22712b866b5ae2b9
1f63fe0b	g3-slot-fault-declaration	scenarios/g3-slot-fault-declaration/snapshots/task-type-stations.settings.json	894	d69ededa82fcf5dad3cdcc83b1682ae1f2ca0ce41be15f438c179105d114cc4f
1f63fe0b	g3-sublot-rejected	scenarios/g3-sublot-rejected/logs/build.log	2464	e1b03128e77544d4b0cfd6e3af6aa38de4e3873ffa74cf066db5fc7c4dccfdbf
1f63fe0b	g3-sublot-rejected	scenarios/g3-sublot-rejected/logs/control-server.err.log	0	e3b0c44298fc1c149afbf4c8996fb92427ae41e4649b934ca495991b7852b855
1f63fe0b	g3-sublot-rejected	scenarios/g3-sublot-rejected/logs/control-server.out.log	1522938	64b86eda8c9c86a64168f9cb758530f8478ed605edc952ab22b0aea4122a7379
1f63fe0b	g3-sublot-rejected	scenarios/g3-sublot-rejected/logs/fake-mes-ingest.err.log	0	e3b0c44298fc1c149afbf4c8996fb92427ae41e4649b934ca495991b7852b855
1f63fe0b	g3-sublot-rejected	scenarios/g3-sublot-rejected/logs/fake-mes-ingest.out.log	51754	c036e7b325d1d2b7b6f8e963e043be1cb044611409cee018d565cdf8446500f6
1f63fe0b	g3-sublot-rejected	scenarios/g3-sublot-rejected/logs/fake-riot.err.log	0	e3b0c44298fc1c149afbf4c8996fb92427ae41e4649b934ca495991b7852b855
1f63fe0b	g3-sublot-rejected	scenarios/g3-sublot-rejected/logs/fake-riot.out.log	215511	bf5676cc706e1a5b7d2bac60969d6dbfde0d83b1dd9dd59519b97bca14ec63fd
1f63fe0b	g3-sublot-rejected	scenarios/g3-sublot-rejected/logs/onboard-hmi.err.log	0	e3b0c44298fc1c149afbf4c8996fb92427ae41e4649b934ca495991b7852b855
1f63fe0b	g3-sublot-rejected	scenarios/g3-sublot-rejected/logs/onboard-hmi.out.log	0	e3b0c44298fc1c149afbf4c8996fb92427ae41e4649b934ca495991b7852b855
1f63fe0b	g3-sublot-rejected	scenarios/g3-sublot-rejected/logs/package-capacity-import-v2.err.log	0	e3b0c44298fc1c149afbf4c8996fb92427ae41e4649b934ca495991b7852b855
1f63fe0b	g3-sublot-rejected	scenarios/g3-sublot-rejected/logs/package-capacity-import-v2.out.log	2951	c966115765b3531bdb6b4e80c5e78276f9353bf7df8d1792360a778e9fe10e03
1f63fe0b	g3-sublot-rejected	scenarios/g3-sublot-rejected/logs/package-capacity-import-v3.err.log	0	e3b0c44298fc1c149afbf4c8996fb92427ae41e4649b934ca495991b7852b855
1f63fe0b	g3-sublot-rejected	scenarios/g3-sublot-rejected/logs/package-capacity-import-v3.out.log	2951	a108c48a991fe5707f178ae578e6acc1a2f563f534eb310ed1fca0845b799b6b
1f63fe0b	g3-sublot-rejected	scenarios/g3-sublot-rejected/logs/package-capacity-import.err.log	0	e3b0c44298fc1c149afbf4c8996fb92427ae41e4649b934ca495991b7852b855
1f63fe0b	g3-sublot-rejected	scenarios/g3-sublot-rejected/logs/package-capacity-import.out.log	162551	fa9ceb89b358c7af4b4e9e6de347e3cf1778fd0c360b2af67fded4e55ea9890b
1f63fe0b	g3-sublot-rejected	scenarios/g3-sublot-rejected/logs/slots-simulator.err.log	0	e3b0c44298fc1c149afbf4c8996fb92427ae41e4649b934ca495991b7852b855
1f63fe0b	g3-sublot-rejected	scenarios/g3-sublot-rejected/logs/slots-simulator.out.log	0	e3b0c44298fc1c149afbf4c8996fb92427ae41e4649b934ca495991b7852b855
1f63fe0b	g3-sublot-rejected	scenarios/g3-sublot-rejected/logs/onboard-app/agv-20261010.log	9149	558b59ef878adb9d040f0419c0aceec9e9c66dfcdeb5c337a7c910f628c4275b
1f63fe0b	g3-sublot-rejected	scenarios/g3-sublot-rejected/snapshots/db-AcceptedDemands.json	848	5e0b7cf2bd0d720a324261419f74832215caa67c491e8d3e6596d7e3a6bfba33
1f63fe0b	g3-sublot-rejected	scenarios/g3-sublot-rejected/snapshots/db-ActiveSlotConfigurations.json	0	e3b0c44298fc1c149afbf4c8996fb92427ae41e4649b934ca495991b7852b855
1f63fe0b	g3-sublot-rejected	scenarios/g3-sublot-rejected/snapshots/db-BusinessAuditRecords.json	6502	45a9f003428cd78e2eac7842b20ca1d0bbd640c6c66ac766f67850d8442be541
1f63fe0b	g3-sublot-rejected	scenarios/g3-sublot-rejected/snapshots/db-ChargerRosterEntries.json	0	e3b0c44298fc1c149afbf4c8996fb92427ae41e4649b934ca495991b7852b855
1f63fe0b	g3-sublot-rejected	scenarios/g3-sublot-rejected/snapshots/db-ChargerRosterVersions.json	0	e3b0c44298fc1c149afbf4c8996fb92427ae41e4649b934ca495991b7852b855
1f63fe0b	g3-sublot-rejected	scenarios/g3-sublot-rejected/snapshots/db-ChargingPolicyActivations.json	189	28d6584c12d12f655981906720c58c7268dca8dc352e1eab4f1533565aff8cb5
1f63fe0b	g3-sublot-rejected	scenarios/g3-sublot-rejected/snapshots/db-ChargingPolicyApprovals.json	281	b6db7684f87ec17493030897b289e2e99749e86cf68135605287d2406004be93
1f63fe0b	g3-sublot-rejected	scenarios/g3-sublot-rejected/snapshots/db-ChargingPolicyVehicleScopes.json	0	e3b0c44298fc1c149afbf4c8996fb92427ae41e4649b934ca495991b7852b855
1f63fe0b	g3-sublot-rejected	scenarios/g3-sublot-rejected/snapshots/db-ChargingPolicyVersions.json	632	d57406f29bdda2b1282e55391b57c0b498cb1eb282c96347bcaedb8d081ba8a1
1f63fe0b	g3-sublot-rejected	scenarios/g3-sublot-rejected/snapshots/db-CreateGateAudit.json	445	a33eab2bb1d660785a8225fd097fa8765dcded2ec4bb47d6e986e1f155034c21
1f63fe0b	g3-sublot-rejected	scenarios/g3-sublot-rejected/snapshots/db-DispatchZoneAreaAssignments.json	377	ffd7aa7365bc86efef17a319718d4204d0b1a59ba4472d7aa02a7a181ceaee9c
1f63fe0b	g3-sublot-rejected	scenarios/g3-sublot-rejected/snapshots/db-DispatchZoneAreaAssignmentVersions.json	235	383c9df433337f4cc227de3e7fb40d3a394cd4b2c936198f321dab17a58d96dd
1f63fe0b	g3-sublot-rejected	scenarios/g3-sublot-rejected/snapshots/db-DispatchZoneParameters.json	0	e3b0c44298fc1c149afbf4c8996fb92427ae41e4649b934ca495991b7852b855
1f63fe0b	g3-sublot-rejected	scenarios/g3-sublot-rejected/snapshots/db-DispatchZoneParameterVersions.json	0	e3b0c44298fc1c149afbf4c8996fb92427ae41e4649b934ca495991b7852b855
1f63fe0b	g3-sublot-rejected	scenarios/g3-sublot-rejected/snapshots/db-ExceptionRecoverySessions.json	0	e3b0c44298fc1c149afbf4c8996fb92427ae41e4649b934ca495991b7852b855
1f63fe0b	g3-sublot-rejected	scenarios/g3-sublot-rejected/snapshots/db-FrozenDemandStations.json	666	bf83c117ec2ff6d19b755175415825eb65631c152f33823b775fe9da8b9e6426
1f63fe0b	g3-sublot-rejected	scenarios/g3-sublot-rejected/snapshots/db-JourneyBacklog.json	568	e20a3ff712267ed8972c881adc02e3406b9819a62a2a95ab15685d86560103e9
1f63fe0b	g3-sublot-rejected	scenarios/g3-sublot-rejected/snapshots/db-JourneyDemands.json	873	b2a46175ffb84c2c4105342abfb1d54d2c50027663cefa1285d2bf97b62ac5ff
1f63fe0b	g3-sublot-rejected	scenarios/g3-sublot-rejected/snapshots/db-JourneyRuntimes.json	2892	3aa9def01adcb43b3b57bae03686e7807defeb3d4534205ea47057f66f96c149
1f63fe0b	g3-sublot-rejected	scenarios/g3-sublot-rejected/snapshots/db-JourneyStops.json	1939	ce9613f86825e205a548034f0453652db472c18768300405f9f9c1da2221d4b4
1f63fe0b	g3-sublot-rejected	scenarios/g3-sublot-rejected/snapshots/db-MapStationCatalogStates.json	370	3d388f92173c9e757633cd6b5a8e3476e343e0ff59aa2211d48c39173f4734da
1f63fe0b	g3-sublot-rejected	scenarios/g3-sublot-rejected/snapshots/db-OnboardAlarmSnapshots.json	213	a353760b3a1287e79d63f3522b5090018c80415aa7d46d48ab809987a655e365
1f63fe0b	g3-sublot-rejected	scenarios/g3-sublot-rejected/snapshots/db-OperationResults.json	668	eebb16477faa9abfd6931fa8251f75de713d432e9465e5599b813ee5f32b3d4f
1f63fe0b	g3-sublot-rejected	scenarios/g3-sublot-rejected/snapshots/db-OrderIntents.json	1531	de4a004b1b71e67106a4532f48996ea5295c79643ce41b08e4fe756224c1e94d
1f63fe0b	g3-sublot-rejected	scenarios/g3-sublot-rejected/snapshots/db-OwnOrderRebuilds.json	0	e3b0c44298fc1c149afbf4c8996fb92427ae41e4649b934ca495991b7852b855
1f63fe0b	g3-sublot-rejected	scenarios/g3-sublot-rejected/snapshots/db-RecoveryWorkflows.json	0	e3b0c44298fc1c149afbf4c8996fb92427ae41e4649b934ca495991b7852b855
1f63fe0b	g3-sublot-rejected	scenarios/g3-sublot-rejected/snapshots/db-RiotDispatchAuditEvents.json	4557	85b0b684c41207f82ddd81a86f79b04a7992abde29cc816902953a05706e001d
1f63fe0b	g3-sublot-rejected	scenarios/g3-sublot-rejected/snapshots/db-RiotOrderCommandAudit.json	0	e3b0c44298fc1c149afbf4c8996fb92427ae41e4649b934ca495991b7852b855
1f63fe0b	g3-sublot-rejected	scenarios/g3-sublot-rejected/snapshots/db-RouteGraphSnapshots.json	0	e3b0c44298fc1c149afbf4c8996fb92427ae41e4649b934ca495991b7852b855
1f63fe0b	g3-sublot-rejected	scenarios/g3-sublot-rejected/snapshots/db-SessionRecoveries.json	1122	9c50e0ce6f14b0900b909807575a6d7911c17f23a268f57093cdad4b6487f588
1f63fe0b	g3-sublot-rejected	scenarios/g3-sublot-rejected/snapshots/db-SlotConfigurationActivations.json	0	e3b0c44298fc1c149afbf4c8996fb92427ae41e4649b934ca495991b7852b855
1f63fe0b	g3-sublot-rejected	scenarios/g3-sublot-rejected/snapshots/db-SlotFaultDeclarations.json	0	e3b0c44298fc1c149afbf4c8996fb92427ae41e4649b934ca495991b7852b855
1f63fe0b	g3-sublot-rejected	scenarios/g3-sublot-rejected/snapshots/db-SlotIoBindings.json	4258	f1458a7c56df5ae7fd3c84b931729e616148c2da9564aa8ee86a239ece441143
1f63fe0b	g3-sublot-rejected	scenarios/g3-sublot-rejected/snapshots/db-SlotModelVersions.json	321	2f6802c3c906c30be6faf69ad5202de5a75334fceee6ed1c138fedd6ae3da84f
1f63fe0b	g3-sublot-rejected	scenarios/g3-sublot-rejected/snapshots/db-StationExclusivities.json	378	41c2c727a09807804af55913623f02b174bad994bdc2986c4a9f04304e2956ac
1f63fe0b	g3-sublot-rejected	scenarios/g3-sublot-rejected/snapshots/db-StationExclusivityRecords.json	426	17e7a36eda11bf880969b9789681d7bd0f3a83c8311e262d5c4ee62cd0016fd5
1f63fe0b	g3-sublot-rejected	scenarios/g3-sublot-rejected/snapshots/db-StationOperations.json	585	202e356d1198912a6e10ef0a1c5ed019eae749c2622cfce2372798ba055d8543
1f63fe0b	g3-sublot-rejected	scenarios/g3-sublot-rejected/snapshots/db-StructuralDispatchBlocks.json	0	e3b0c44298fc1c149afbf4c8996fb92427ae41e4649b934ca495991b7852b855
1f63fe0b	g3-sublot-rejected	scenarios/g3-sublot-rejected/snapshots/db-TaskTypeStationActiveBindingSets.json	144	39786dd77f3646316b76d5eb080810f4cf8909575606a850c4d32300b8f1adad
1f63fe0b	g3-sublot-rejected	scenarios/g3-sublot-rejected/snapshots/db-TaskTypeStationBindings.json	173	b412006843f62c50e682598812b9f1746f67a659a3a2ddcff12221d6be0bbc28
1f63fe0b	g3-sublot-rejected	scenarios/g3-sublot-rejected/snapshots/db-TaskTypeStationBindingSetVersions.json	396	e0a3025499c382f669e9ba06e90a40835ae939bd5b5c36f3d85d018817d4b152
1f63fe0b	g3-sublot-rejected	scenarios/g3-sublot-rejected/snapshots/db-TaskTypeStationRuleVersions.json	331	3f2a310df2cff867ae1ce926f86a1dc3cb2cdb8f907f7dab414669eb4ad12f31
1f63fe0b	g3-sublot-rejected	scenarios/g3-sublot-rejected/snapshots/db-VehiclePurposeClaimRecords.json	288	c90a567b92f2cfca0ed27b55c547059c0b2a0432dc0f0434523d4b7753691f55
1f63fe0b	g3-sublot-rejected	scenarios/g3-sublot-rejected/snapshots/db-VehiclePurposeClaims.json	183	0ef9eb54ff2dc623f9868bbe4af7fc0870c866822e01d398f6ba61da26048d19
1f63fe0b	g3-sublot-rejected	scenarios/g3-sublot-rejected/snapshots/db-WaitingPoints.json	0	e3b0c44298fc1c149afbf4c8996fb92427ae41e4649b934ca495991b7852b855
1f63fe0b	g3-sublot-rejected	scenarios/g3-sublot-rejected/snapshots/db-WaitingPointVehicleScopes.json	0	e3b0c44298fc1c149afbf4c8996fb92427ae41e4649b934ca495991b7852b855
1f63fe0b	g3-sublot-rejected	scenarios/g3-sublot-rejected/snapshots/db-WaitingPointVersions.json	0	e3b0c44298fc1c149afbf4c8996fb92427ae41e4649b934ca495991b7852b855
1f63fe0b	g3-sublot-rejected	scenarios/g3-sublot-rejected/snapshots/fake-mes-ingest.json	1040	d8eb9021068324ab8d9d74a017dd73f6d13e3cc31069b0b34db7560e07af356e
1f63fe0b	g3-sublot-rejected	scenarios/g3-sublot-rejected/snapshots/fake-riot.json	2949	9861c361578841ec2972cda4e205ee7544728ae26e7a13ba73ce4aa5c1720e64
1f63fe0b	g3-sublot-rejected	scenarios/g3-sublot-rejected/snapshots/preseed-area-assignments.csv	128	9906e26d53df2e02e2cb2da976840b5764419d03f3d724097fe4bf7ce36ec8af
1f63fe0b	g3-sublot-rejected	scenarios/g3-sublot-rejected/snapshots/preseed-charging-policy.json	444	c9cff5e4ecf1d832d52d74154c81f43961075a5ca9d96150e9f079ea0afc2bfa
1f63fe0b	g3-sublot-rejected	scenarios/g3-sublot-rejected/snapshots/slots-simulator.json	3031	02c83601e1b5af600f6262fe42b956526d945369d178b7874a1cc9c58e464b5f
1f63fe0b	g3-sublot-rejected	scenarios/g3-sublot-rejected/snapshots/task-type-stations.settings.json	894	d69ededa82fcf5dad3cdcc83b1682ae1f2ca0ce41be15f438c179105d114cc4f
1f63fe0b	g3-task-type-admission-fail-closed	scenarios/g3-task-type-admission-fail-closed/logs/build.log	2464	0d4fc7d30747974dfb13c7bda3c4e4b0d8aafd79d5be07bf2b5754c674f77204
1f63fe0b	g3-task-type-admission-fail-closed	scenarios/g3-task-type-admission-fail-closed/logs/control-server.err.log	0	e3b0c44298fc1c149afbf4c8996fb92427ae41e4649b934ca495991b7852b855
1f63fe0b	g3-task-type-admission-fail-closed	scenarios/g3-task-type-admission-fail-closed/logs/control-server.out.log	3170787	23b97199dc5094ccb986fd1a5f332f5f1fd6c9446f020ffa3be2cdc775f9c9da
1f63fe0b	g3-task-type-admission-fail-closed	scenarios/g3-task-type-admission-fail-closed/logs/fake-mes-ingest.err.log	0	e3b0c44298fc1c149afbf4c8996fb92427ae41e4649b934ca495991b7852b855
1f63fe0b	g3-task-type-admission-fail-closed	scenarios/g3-task-type-admission-fail-closed/logs/fake-mes-ingest.out.log	93149	17a7199273676562fd3c1a0970348975664fa1ffc3888f154bb8d2037a81bbfb
1f63fe0b	g3-task-type-admission-fail-closed	scenarios/g3-task-type-admission-fail-closed/logs/fake-riot.err.log	0	e3b0c44298fc1c149afbf4c8996fb92427ae41e4649b934ca495991b7852b855
1f63fe0b	g3-task-type-admission-fail-closed	scenarios/g3-task-type-admission-fail-closed/logs/fake-riot.out.log	371250	9b6cbdaf4b32a6567c95746c2a7aa176821b67d10cc0cc0cd04a78de54b67c2e
1f63fe0b	g3-task-type-admission-fail-closed	scenarios/g3-task-type-admission-fail-closed/logs/onboard-hmi.err.log	0	e3b0c44298fc1c149afbf4c8996fb92427ae41e4649b934ca495991b7852b855
1f63fe0b	g3-task-type-admission-fail-closed	scenarios/g3-task-type-admission-fail-closed/logs/onboard-hmi.out.log	0	e3b0c44298fc1c149afbf4c8996fb92427ae41e4649b934ca495991b7852b855
1f63fe0b	g3-task-type-admission-fail-closed	scenarios/g3-task-type-admission-fail-closed/logs/package-capacity-import.err.log	0	e3b0c44298fc1c149afbf4c8996fb92427ae41e4649b934ca495991b7852b855
1f63fe0b	g3-task-type-admission-fail-closed	scenarios/g3-task-type-admission-fail-closed/logs/package-capacity-import.out.log	162552	30907f0b72bccd0f7afa5cf0e4c1e3a4664b25b6dd7a90e418f608421d183bdc
1f63fe0b	g3-task-type-admission-fail-closed	scenarios/g3-task-type-admission-fail-closed/logs/slots-simulator.err.log	0	e3b0c44298fc1c149afbf4c8996fb92427ae41e4649b934ca495991b7852b855
1f63fe0b	g3-task-type-admission-fail-closed	scenarios/g3-task-type-admission-fail-closed/logs/slots-simulator.out.log	0	e3b0c44298fc1c149afbf4c8996fb92427ae41e4649b934ca495991b7852b855
1f63fe0b	g3-task-type-admission-fail-closed	scenarios/g3-task-type-admission-fail-closed/logs/onboard-app/agv-20261010.log	15817	4aa6dde9e32d3821c7ed0dc9acca7cd44380ef1901477e82a7a76f03743b7bdf
1f63fe0b	g3-task-type-admission-fail-closed	scenarios/g3-task-type-admission-fail-closed/snapshots/db-AcceptedDemands.json	847	86da45c5be1cc5007128a76f4e9a3b551ba0ba591aed7392e2edb6e92b6fae4f
1f63fe0b	g3-task-type-admission-fail-closed	scenarios/g3-task-type-admission-fail-closed/snapshots/db-ActiveSlotConfigurations.json	0	e3b0c44298fc1c149afbf4c8996fb92427ae41e4649b934ca495991b7852b855
1f63fe0b	g3-task-type-admission-fail-closed	scenarios/g3-task-type-admission-fail-closed/snapshots/db-BusinessAuditRecords.json	6501	61f793162e36cc81acb28437fef38a23874d91cd89ca8117c24ef7295ddcb6cc
1f63fe0b	g3-task-type-admission-fail-closed	scenarios/g3-task-type-admission-fail-closed/snapshots/db-ChargerRosterEntries.json	0	e3b0c44298fc1c149afbf4c8996fb92427ae41e4649b934ca495991b7852b855
1f63fe0b	g3-task-type-admission-fail-closed	scenarios/g3-task-type-admission-fail-closed/snapshots/db-ChargerRosterVersions.json	0	e3b0c44298fc1c149afbf4c8996fb92427ae41e4649b934ca495991b7852b855
1f63fe0b	g3-task-type-admission-fail-closed	scenarios/g3-task-type-admission-fail-closed/snapshots/db-ChargingPolicyActivations.json	189	b9baa7a89c1bb3f73b54ea781c46b625ac28273be3224562bae42fc3f69d5272
1f63fe0b	g3-task-type-admission-fail-closed	scenarios/g3-task-type-admission-fail-closed/snapshots/db-ChargingPolicyApprovals.json	282	7f389057f8d75fa2954e18bc499de76a23230b770e04e570301413389fec787c
1f63fe0b	g3-task-type-admission-fail-closed	scenarios/g3-task-type-admission-fail-closed/snapshots/db-ChargingPolicyVehicleScopes.json	0	e3b0c44298fc1c149afbf4c8996fb92427ae41e4649b934ca495991b7852b855
1f63fe0b	g3-task-type-admission-fail-closed	scenarios/g3-task-type-admission-fail-closed/snapshots/db-ChargingPolicyVersions.json	632	5b443bc84c012324e18b842a623470722168c51e93759a456c10b26c1d763247
1f63fe0b	g3-task-type-admission-fail-closed	scenarios/g3-task-type-admission-fail-closed/snapshots/db-CreateGateAudit.json	444	954721ab2c282509a725bb2fe7e241ef3665508b36e9c04a156f79e566bb420a
1f63fe0b	g3-task-type-admission-fail-closed	scenarios/g3-task-type-admission-fail-closed/snapshots/db-DispatchZoneAreaAssignments.json	377	ffd7aa7365bc86efef17a319718d4204d0b1a59ba4472d7aa02a7a181ceaee9c
1f63fe0b	g3-task-type-admission-fail-closed	scenarios/g3-task-type-admission-fail-closed/snapshots/db-DispatchZoneAreaAssignmentVersions.json	235	46389e55ddae114b8698b5d7d2cd9b87e8ee2a673fd13a5cc8f68f4c535e0157
1f63fe0b	g3-task-type-admission-fail-closed	scenarios/g3-task-type-admission-fail-closed/snapshots/db-DispatchZoneParameters.json	0	e3b0c44298fc1c149afbf4c8996fb92427ae41e4649b934ca495991b7852b855
1f63fe0b	g3-task-type-admission-fail-closed	scenarios/g3-task-type-admission-fail-closed/snapshots/db-DispatchZoneParameterVersions.json	0	e3b0c44298fc1c149afbf4c8996fb92427ae41e4649b934ca495991b7852b855
1f63fe0b	g3-task-type-admission-fail-closed	scenarios/g3-task-type-admission-fail-closed/snapshots/db-ExceptionRecoverySessions.json	0	e3b0c44298fc1c149afbf4c8996fb92427ae41e4649b934ca495991b7852b855
1f63fe0b	g3-task-type-admission-fail-closed	scenarios/g3-task-type-admission-fail-closed/snapshots/db-FrozenDemandStations.json	664	fd58579c1cb9534f3d14c90f914dffa86a5a553557b64c7b48e3b04fd65b14ee
1f63fe0b	g3-task-type-admission-fail-closed	scenarios/g3-task-type-admission-fail-closed/snapshots/db-JourneyBacklog.json	1175	78d967e6f677036f0f32f421be8e917f12d3c01a144525a90d7dc2ba5bbd8a3f
1f63fe0b	g3-task-type-admission-fail-closed	scenarios/g3-task-type-admission-fail-closed/snapshots/db-JourneyDemands.json	875	c360bf21d3916bc48e3d8dd0767ea637cd32017d3c93b0c1eab707ba15731b22
1f63fe0b	g3-task-type-admission-fail-closed	scenarios/g3-task-type-admission-fail-closed/snapshots/db-JourneyRuntimes.json	2847	e6ab31629d9fb85dd29dbc6c43ebc927510d33e6ca122e8f6aded01edd0ce743
1f63fe0b	g3-task-type-admission-fail-closed	scenarios/g3-task-type-admission-fail-closed/snapshots/db-JourneyStops.json	1943	72d0fe57598bd82e5ac3d05f141ef76bae25ef0f12f42e2216e23484ca9782c3
1f63fe0b	g3-task-type-admission-fail-closed	scenarios/g3-task-type-admission-fail-closed/snapshots/db-MapStationCatalogStates.json	370	f2a3effb7d206d77b85aef18653a7b2ef967dcfdd66bf16991d122045b1834fa
1f63fe0b	g3-task-type-admission-fail-closed	scenarios/g3-task-type-admission-fail-closed/snapshots/db-OnboardAlarmSnapshots.json	213	9cabfea4af31cfb2694da3417fd4ba100c84759f44307dc8f1fb3aed780f1420
1f63fe0b	g3-task-type-admission-fail-closed	scenarios/g3-task-type-admission-fail-closed/snapshots/db-OperationResults.json	1399	ad63ca02cac4c4f4333a664fd80ce182f7df6b2e858e4488ecc9fcd3204319c1
1f63fe0b	g3-task-type-admission-fail-closed	scenarios/g3-task-type-admission-fail-closed/snapshots/db-OrderIntents.json	3176	f9e61717d54d9537983b49c9b3a6600c1700e6f84ca5464cd010ef12ae304431
1f63fe0b	g3-task-type-admission-fail-closed	scenarios/g3-task-type-admission-fail-closed/snapshots/db-OwnOrderRebuilds.json	0	e3b0c44298fc1c149afbf4c8996fb92427ae41e4649b934ca495991b7852b855
1f63fe0b	g3-task-type-admission-fail-closed	scenarios/g3-task-type-admission-fail-closed/snapshots/db-RecoveryWorkflows.json	0	e3b0c44298fc1c149afbf4c8996fb92427ae41e4649b934ca495991b7852b855
1f63fe0b	g3-task-type-admission-fail-closed	scenarios/g3-task-type-admission-fail-closed/snapshots/db-RiotDispatchAuditEvents.json	9100	d927807a1e9969caa588fc38ffa8102d2419ad1bb97f502bb38caa873b45bc52
1f63fe0b	g3-task-type-admission-fail-closed	scenarios/g3-task-type-admission-fail-closed/snapshots/db-RiotOrderCommandAudit.json	0	e3b0c44298fc1c149afbf4c8996fb92427ae41e4649b934ca495991b7852b855
1f63fe0b	g3-task-type-admission-fail-closed	scenarios/g3-task-type-admission-fail-closed/snapshots/db-RouteGraphSnapshots.json	0	e3b0c44298fc1c149afbf4c8996fb92427ae41e4649b934ca495991b7852b855
1f63fe0b	g3-task-type-admission-fail-closed	scenarios/g3-task-type-admission-fail-closed/snapshots/db-SessionRecoveries.json	1123	232270890205a20a4ebcc3bba0520587c28391bf5eb9f223cc3b6545b0edf68b
1f63fe0b	g3-task-type-admission-fail-closed	scenarios/g3-task-type-admission-fail-closed/snapshots/db-SlotConfigurationActivations.json	0	e3b0c44298fc1c149afbf4c8996fb92427ae41e4649b934ca495991b7852b855
1f63fe0b	g3-task-type-admission-fail-closed	scenarios/g3-task-type-admission-fail-closed/snapshots/db-SlotFaultDeclarations.json	0	e3b0c44298fc1c149afbf4c8996fb92427ae41e4649b934ca495991b7852b855
1f63fe0b	g3-task-type-admission-fail-closed	scenarios/g3-task-type-admission-fail-closed/snapshots/db-SlotIoBindings.json	4258	9f4e4304efcc90ff1d65065672f672e7095fed4b025e8f52ffce3e5727f2fa95
1f63fe0b	g3-task-type-admission-fail-closed	scenarios/g3-task-type-admission-fail-closed/snapshots/db-SlotModelVersions.json	321	b438b269e0898d677aee0b627cc6ba567bb1df553a3026a6eb34db5bfb126a7d
1f63fe0b	g3-task-type-admission-fail-closed	scenarios/g3-task-type-admission-fail-closed/snapshots/db-StationExclusivities.json	378	01179835db490e57a16e736b65aa1fdb1c50713933f4a5d20d480c946624b279
1f63fe0b	g3-task-type-admission-fail-closed	scenarios/g3-task-type-admission-fail-closed/snapshots/db-StationExclusivityRecords.json	457	dd048ccbd5582704dab879c9d38099f9fe20da09a693e640356611398ef180fd
1f63fe0b	g3-task-type-admission-fail-closed	scenarios/g3-task-type-admission-fail-closed/snapshots/db-StationOperations.json	1230	d3bbe08ccbb7cb3a74d07522355d71667f23e57e03b47366b2f35ac2b97ff21f
1f63fe0b	g3-task-type-admission-fail-closed	scenarios/g3-task-type-admission-fail-closed/snapshots/db-StructuralDispatchBlocks.json	0	e3b0c44298fc1c149afbf4c8996fb92427ae41e4649b934ca495991b7852b855
1f63fe0b	g3-task-type-admission-fail-closed	scenarios/g3-task-type-admission-fail-closed/snapshots/db-TaskTypeStationActiveBindingSets.json	143	c5a23d7311ee5d8865c36db8f9aae5d71ef826769c94a3af3def39fb696f13f9
1f63fe0b	g3-task-type-admission-fail-closed	scenarios/g3-task-type-admission-fail-closed/snapshots/db-TaskTypeStationBindings.json	173	b412006843f62c50e682598812b9f1746f67a659a3a2ddcff12221d6be0bbc28
1f63fe0b	g3-task-type-admission-fail-closed	scenarios/g3-task-type-admission-fail-closed/snapshots/db-TaskTypeStationBindingSetVersions.json	395	62e5bc754681b4fc23a9231eacc87e994d327c99e2bcfb177894b9be79e7410a
1f63fe0b	g3-task-type-admission-fail-closed	scenarios/g3-task-type-admission-fail-closed/snapshots/db-TaskTypeStationRuleVersions.json	330	dcd1ca981d7d7c95f06adc615db43fc551553586100e2907bc9ac6de26ceb54e
1f63fe0b	g3-task-type-admission-fail-closed	scenarios/g3-task-type-admission-fail-closed/snapshots/db-VehiclePurposeClaimRecords.json	336	8a0f2f43b16c789f718d4ec2fdf21dd07baeaf2b951fa1c3adcbb1110df389fb
1f63fe0b	g3-task-type-admission-fail-closed	scenarios/g3-task-type-admission-fail-closed/snapshots/db-VehiclePurposeClaims.json	0	e3b0c44298fc1c149afbf4c8996fb92427ae41e4649b934ca495991b7852b855
1f63fe0b	g3-task-type-admission-fail-closed	scenarios/g3-task-type-admission-fail-closed/snapshots/db-WaitingPoints.json	0	e3b0c44298fc1c149afbf4c8996fb92427ae41e4649b934ca495991b7852b855
1f63fe0b	g3-task-type-admission-fail-closed	scenarios/g3-task-type-admission-fail-closed/snapshots/db-WaitingPointVehicleScopes.json	0	e3b0c44298fc1c149afbf4c8996fb92427ae41e4649b934ca495991b7852b855
1f63fe0b	g3-task-type-admission-fail-closed	scenarios/g3-task-type-admission-fail-closed/snapshots/db-WaitingPointVersions.json	0	e3b0c44298fc1c149afbf4c8996fb92427ae41e4649b934ca495991b7852b855
1f63fe0b	g3-task-type-admission-fail-closed	scenarios/g3-task-type-admission-fail-closed/snapshots/fake-mes-ingest.json	1776	89282c2771a9809e3ad9065bfc643f67452bff61286381d2cc5a395380061606
1f63fe0b	g3-task-type-admission-fail-closed	scenarios/g3-task-type-admission-fail-closed/snapshots/fake-riot.json	3401	1643bd221ea754f1836223afda24573e985dcf3ad3276a2e37972e20162085ef
1f63fe0b	g3-task-type-admission-fail-closed	scenarios/g3-task-type-admission-fail-closed/snapshots/preseed-area-assignments.csv	128	9906e26d53df2e02e2cb2da976840b5764419d03f3d724097fe4bf7ce36ec8af
1f63fe0b	g3-task-type-admission-fail-closed	scenarios/g3-task-type-admission-fail-closed/snapshots/preseed-charging-policy.json	444	c9cff5e4ecf1d832d52d74154c81f43961075a5ca9d96150e9f079ea0afc2bfa
1f63fe0b	g3-task-type-admission-fail-closed	scenarios/g3-task-type-admission-fail-closed/snapshots/slots-simulator.json	3030	2d83ed35db16928723b2d03e6f4ca60014fb14c3a772cf9e35541e2b91c551bc
1f63fe0b	g3-task-type-admission-fail-closed	scenarios/g3-task-type-admission-fail-closed/snapshots/task-type-stations.settings.json	894	d69ededa82fcf5dad3cdcc83b1682ae1f2ca0ce41be15f438c179105d114cc4f
1f63fe0b	g3-unable-to-charge-field-confirmation	scenarios/g3-unable-to-charge-field-confirmation/field-operator-roles.json	122	8058b620d95484f04b01e5aa316b529d3cc990b140ca0ba8062de14316c0271e
1f63fe0b	g3-unable-to-charge-field-confirmation	scenarios/g3-unable-to-charge-field-confirmation/logs/build.log	2464	4a70de841e30baff3b0aa9e74c18bd3bf0a4150081b683f9bc42189eb0a1028a
1f63fe0b	g3-unable-to-charge-field-confirmation	scenarios/g3-unable-to-charge-field-confirmation/logs/control-server.err.log	0	e3b0c44298fc1c149afbf4c8996fb92427ae41e4649b934ca495991b7852b855
1f63fe0b	g3-unable-to-charge-field-confirmation	scenarios/g3-unable-to-charge-field-confirmation/logs/control-server.out.log	1612575	9d592a114064f6083a365c586178fb5daaf9b7cc048a86b1472484ec039e5b4f
1f63fe0b	g3-unable-to-charge-field-confirmation	scenarios/g3-unable-to-charge-field-confirmation/logs/fake-mes-ingest.err.log	0	e3b0c44298fc1c149afbf4c8996fb92427ae41e4649b934ca495991b7852b855
1f63fe0b	g3-unable-to-charge-field-confirmation	scenarios/g3-unable-to-charge-field-confirmation/logs/fake-mes-ingest.out.log	22799	f2afab4baf74816df5fa39e11889ca0b72a1a3078ce7b2693fa57deee992ff24
1f63fe0b	g3-unable-to-charge-field-confirmation	scenarios/g3-unable-to-charge-field-confirmation/logs/fake-riot.err.log	0	e3b0c44298fc1c149afbf4c8996fb92427ae41e4649b934ca495991b7852b855
1f63fe0b	g3-unable-to-charge-field-confirmation	scenarios/g3-unable-to-charge-field-confirmation/logs/fake-riot.out.log	355270	fb5c5044521487760405347f32e1536678937d4fb838fff93f5e117a26496997
1f63fe0b	g3-unable-to-charge-field-confirmation	scenarios/g3-unable-to-charge-field-confirmation/logs/onboard-hmi.err.log	0	e3b0c44298fc1c149afbf4c8996fb92427ae41e4649b934ca495991b7852b855
1f63fe0b	g3-unable-to-charge-field-confirmation	scenarios/g3-unable-to-charge-field-confirmation/logs/onboard-hmi.out.log	0	e3b0c44298fc1c149afbf4c8996fb92427ae41e4649b934ca495991b7852b855
1f63fe0b	g3-unable-to-charge-field-confirmation	scenarios/g3-unable-to-charge-field-confirmation/logs/package-capacity-import.err.log	0	e3b0c44298fc1c149afbf4c8996fb92427ae41e4649b934ca495991b7852b855
1f63fe0b	g3-unable-to-charge-field-confirmation	scenarios/g3-unable-to-charge-field-confirmation/logs/package-capacity-import.out.log	162553	2faadfac11c5e550fbddbf111eae761b58937c7d722739848948a856eafdd38e
1f63fe0b	g3-unable-to-charge-field-confirmation	scenarios/g3-unable-to-charge-field-confirmation/logs/slots-simulator.err.log	0	e3b0c44298fc1c149afbf4c8996fb92427ae41e4649b934ca495991b7852b855
1f63fe0b	g3-unable-to-charge-field-confirmation	scenarios/g3-unable-to-charge-field-confirmation/logs/slots-simulator.out.log	0	e3b0c44298fc1c149afbf4c8996fb92427ae41e4649b934ca495991b7852b855
1f63fe0b	g3-unable-to-charge-field-confirmation	scenarios/g3-unable-to-charge-field-confirmation/logs/onboard-app/agv-20261010.log	4696	5174b4c9b94fbb29e17cb595e54ba8557eca165ad236900860c7e61270218aed
1f63fe0b	g3-unable-to-charge-field-confirmation	scenarios/g3-unable-to-charge-field-confirmation/snapshots/charger-roster-open-catalog-25.json	332	ccb2b9e7f5c60ca2262a319256b6c189c1367488c4870e083bc996efa7fb3ef3
1f63fe0b	g3-unable-to-charge-field-confirmation	scenarios/g3-unable-to-charge-field-confirmation/snapshots/charger-roster-open.json	413	7054c428a6b72511210fe7e163173c40b49fdc3be7792ffd62c2d4e5d201fd1f
1f63fe0b	g3-unable-to-charge-field-confirmation	scenarios/g3-unable-to-charge-field-confirmation/snapshots/db-AcceptedDemands.json	0	e3b0c44298fc1c149afbf4c8996fb92427ae41e4649b934ca495991b7852b855
1f63fe0b	g3-unable-to-charge-field-confirmation	scenarios/g3-unable-to-charge-field-confirmation/snapshots/db-ActiveSlotConfigurations.json	0	e3b0c44298fc1c149afbf4c8996fb92427ae41e4649b934ca495991b7852b855
1f63fe0b	g3-unable-to-charge-field-confirmation	scenarios/g3-unable-to-charge-field-confirmation/snapshots/db-BusinessAuditRecords.json	7188	cb8a10d88c2daf84036c5d0180dd4875748c3ba04403ac90d3a1631f19b2304f
1f63fe0b	g3-unable-to-charge-field-confirmation	scenarios/g3-unable-to-charge-field-confirmation/snapshots/db-ChargerRosterEntries.json	142	15ef77fd33e3610d9265eb31d5c5e18df63502ab47e7a4eb7dee827f423cc729
1f63fe0b	g3-unable-to-charge-field-confirmation	scenarios/g3-unable-to-charge-field-confirmation/snapshots/db-ChargerRosterVersions.json	450	a548ba323e27d406048a092d35dc5177c2ca578e18dd9a8efce7cc6d48e96467
1f63fe0b	g3-unable-to-charge-field-confirmation	scenarios/g3-unable-to-charge-field-confirmation/snapshots/db-ChargingPolicyActivations.json	189	b9fa30e1b19251cd7a2d4acbe3b02bd22dcb566082a2ed473237dee6f18f6879
1f63fe0b	g3-unable-to-charge-field-confirmation	scenarios/g3-unable-to-charge-field-confirmation/snapshots/db-ChargingPolicyApprovals.json	282	48d294071d718781e62aa25bce84bbe78ea49415ebdccd4ca9fcbd5b2af0b26f
1f63fe0b	g3-unable-to-charge-field-confirmation	scenarios/g3-unable-to-charge-field-confirmation/snapshots/db-ChargingPolicyVehicleScopes.json	0	e3b0c44298fc1c149afbf4c8996fb92427ae41e4649b934ca495991b7852b855
1f63fe0b	g3-unable-to-charge-field-confirmation	scenarios/g3-unable-to-charge-field-confirmation/snapshots/db-ChargingPolicyVersions.json	632	39c9c9cdae0e61e0206e954de5581bd196b84824d06c45b9b2101b46d26886bd
1f63fe0b	g3-unable-to-charge-field-confirmation	scenarios/g3-unable-to-charge-field-confirmation/snapshots/db-CreateGateAudit.json	0	e3b0c44298fc1c149afbf4c8996fb92427ae41e4649b934ca495991b7852b855
1f63fe0b	g3-unable-to-charge-field-confirmation	scenarios/g3-unable-to-charge-field-confirmation/snapshots/db-DispatchZoneAreaAssignments.json	377	ffd7aa7365bc86efef17a319718d4204d0b1a59ba4472d7aa02a7a181ceaee9c
1f63fe0b	g3-unable-to-charge-field-confirmation	scenarios/g3-unable-to-charge-field-confirmation/snapshots/db-DispatchZoneAreaAssignmentVersions.json	235	ab142d64dc7682f9328dfca80a17a468a9ec2d7f39113d91feb5655116a0833e
1f63fe0b	g3-unable-to-charge-field-confirmation	scenarios/g3-unable-to-charge-field-confirmation/snapshots/db-DispatchZoneParameters.json	0	e3b0c44298fc1c149afbf4c8996fb92427ae41e4649b934ca495991b7852b855
1f63fe0b	g3-unable-to-charge-field-confirmation	scenarios/g3-unable-to-charge-field-confirmation/snapshots/db-DispatchZoneParameterVersions.json	0	e3b0c44298fc1c149afbf4c8996fb92427ae41e4649b934ca495991b7852b855
1f63fe0b	g3-unable-to-charge-field-confirmation	scenarios/g3-unable-to-charge-field-confirmation/snapshots/db-ExceptionRecoverySessions.json	0	e3b0c44298fc1c149afbf4c8996fb92427ae41e4649b934ca495991b7852b855
1f63fe0b	g3-unable-to-charge-field-confirmation	scenarios/g3-unable-to-charge-field-confirmation/snapshots/db-FrozenDemandStations.json	0	e3b0c44298fc1c149afbf4c8996fb92427ae41e4649b934ca495991b7852b855
1f63fe0b	g3-unable-to-charge-field-confirmation	scenarios/g3-unable-to-charge-field-confirmation/snapshots/db-JourneyBacklog.json	0	e3b0c44298fc1c149afbf4c8996fb92427ae41e4649b934ca495991b7852b855
1f63fe0b	g3-unable-to-charge-field-confirmation	scenarios/g3-unable-to-charge-field-confirmation/snapshots/db-JourneyDemands.json	0	e3b0c44298fc1c149afbf4c8996fb92427ae41e4649b934ca495991b7852b855
1f63fe0b	g3-unable-to-charge-field-confirmation	scenarios/g3-unable-to-charge-field-confirmation/snapshots/db-JourneyRuntimes.json	2327	9ae71318b0fae7ad5785616eee77bc13b707de03eec14006ce2843dfba21304f
1f63fe0b	g3-unable-to-charge-field-confirmation	scenarios/g3-unable-to-charge-field-confirmation/snapshots/db-JourneyStops.json	864	f8b080c7387053bcd1435b7fcf237b2b93c211f7402df0b01996f0ec96212240
1f63fe0b	g3-unable-to-charge-field-confirmation	scenarios/g3-unable-to-charge-field-confirmation/snapshots/db-MapStationCatalogStates.json	370	fae6b93e22e7b4afd674fe511567de15c75c4cf818b57df82b753f9545e67296
1f63fe0b	g3-unable-to-charge-field-confirmation	scenarios/g3-unable-to-charge-field-confirmation/snapshots/db-OnboardAlarmSnapshots.json	687	2e723c519543ba99075ea8ebe2a60fa58245f84205bae9aaf7e6dddc1d296675
1f63fe0b	g3-unable-to-charge-field-confirmation	scenarios/g3-unable-to-charge-field-confirmation/snapshots/db-OperationResults.json	0	e3b0c44298fc1c149afbf4c8996fb92427ae41e4649b934ca495991b7852b855
1f63fe0b	g3-unable-to-charge-field-confirmation	scenarios/g3-unable-to-charge-field-confirmation/snapshots/db-OrderIntents.json	1492	b2e0ae81b9ef9ed2ddfad29e21d700d88f733bad0579f9ca916e1e73e7517aec
1f63fe0b	g3-unable-to-charge-field-confirmation	scenarios/g3-unable-to-charge-field-confirmation/snapshots/db-OwnOrderRebuilds.json	0	e3b0c44298fc1c149afbf4c8996fb92427ae41e4649b934ca495991b7852b855
1f63fe0b	g3-unable-to-charge-field-confirmation	scenarios/g3-unable-to-charge-field-confirmation/snapshots/db-RecoveryWorkflows.json	0	e3b0c44298fc1c149afbf4c8996fb92427ae41e4649b934ca495991b7852b855
1f63fe0b	g3-unable-to-charge-field-confirmation	scenarios/g3-unable-to-charge-field-confirmation/snapshots/db-RiotDispatchAuditEvents.json	4373	14700e7d15ea57568aaa3d153a1dad6fdd7155a4ead7c0994749ad752bbdf8e6
1f63fe0b	g3-unable-to-charge-field-confirmation	scenarios/g3-unable-to-charge-field-confirmation/snapshots/db-RiotOrderCommandAudit.json	0	e3b0c44298fc1c149afbf4c8996fb92427ae41e4649b934ca495991b7852b855
1f63fe0b	g3-unable-to-charge-field-confirmation	scenarios/g3-unable-to-charge-field-confirmation/snapshots/db-RouteGraphSnapshots.json	567	5b1700214a4c1ce303bdda4682a7a5ecbc378e67ddafc0f5ebccdc139a16f463
1f63fe0b	g3-unable-to-charge-field-confirmation	scenarios/g3-unable-to-charge-field-confirmation/snapshots/db-SessionRecoveries.json	1175	4676d3099f66e2c98213536ccd14638f6ecbf0a3ce32899872d9f2c3219397f3
1f63fe0b	g3-unable-to-charge-field-confirmation	scenarios/g3-unable-to-charge-field-confirmation/snapshots/db-SlotConfigurationActivations.json	0	e3b0c44298fc1c149afbf4c8996fb92427ae41e4649b934ca495991b7852b855
1f63fe0b	g3-unable-to-charge-field-confirmation	scenarios/g3-unable-to-charge-field-confirmation/snapshots/db-SlotFaultDeclarations.json	0	e3b0c44298fc1c149afbf4c8996fb92427ae41e4649b934ca495991b7852b855
1f63fe0b	g3-unable-to-charge-field-confirmation	scenarios/g3-unable-to-charge-field-confirmation/snapshots/db-SlotIoBindings.json	4250	0cebf7b2328c970ee21f273827b6432443f82c1fe51ba871843fd4f4596196ef
1f63fe0b	g3-unable-to-charge-field-confirmation	scenarios/g3-unable-to-charge-field-confirmation/snapshots/db-SlotModelVersions.json	321	59eddb2633f5cea8f3320ac4782070f9dbbac7407e101fa4c88e6c88814731e2
1f63fe0b	g3-unable-to-charge-field-confirmation	scenarios/g3-unable-to-charge-field-confirmation/snapshots/db-StationExclusivities.json	364	eacf015871eafe6b2070627caace6bedee87741af06a1e21688b9204c5e2f00b
1f63fe0b	g3-unable-to-charge-field-confirmation	scenarios/g3-unable-to-charge-field-confirmation/snapshots/db-StationExclusivityRecords.json	412	2f779cce10aa09f4ba274fa06d62dcf9584594025599b0619074a8a7ae261aab
1f63fe0b	g3-unable-to-charge-field-confirmation	scenarios/g3-unable-to-charge-field-confirmation/snapshots/db-StationOperations.json	0	e3b0c44298fc1c149afbf4c8996fb92427ae41e4649b934ca495991b7852b855
1f63fe0b	g3-unable-to-charge-field-confirmation	scenarios/g3-unable-to-charge-field-confirmation/snapshots/db-StructuralDispatchBlocks.json	0	e3b0c44298fc1c149afbf4c8996fb92427ae41e4649b934ca495991b7852b855
1f63fe0b	g3-unable-to-charge-field-confirmation	scenarios/g3-unable-to-charge-field-confirmation/snapshots/db-TaskTypeStationActiveBindingSets.json	144	7888336d36373a2177b590756bb8578387bc89374808efcb41cd8943fbed908c
1f63fe0b	g3-unable-to-charge-field-confirmation	scenarios/g3-unable-to-charge-field-confirmation/snapshots/db-TaskTypeStationBindings.json	173	b412006843f62c50e682598812b9f1746f67a659a3a2ddcff12221d6be0bbc28
1f63fe0b	g3-unable-to-charge-field-confirmation	scenarios/g3-unable-to-charge-field-confirmation/snapshots/db-TaskTypeStationBindingSetVersions.json	396	a92edd14b46d77d8c8de0c145c89ebe0505326ed53c4f6ecaa742572e4ef8b37
1f63fe0b	g3-unable-to-charge-field-confirmation	scenarios/g3-unable-to-charge-field-confirmation/snapshots/db-TaskTypeStationRuleVersions.json	331	92c84299b51f04877a2274c8150ba0e2ea8f47e6a4e648d0749e478080540ee4
1f63fe0b	g3-unable-to-charge-field-confirmation	scenarios/g3-unable-to-charge-field-confirmation/snapshots/db-VehiclePurposeClaimRecords.json	686	77da1c166693c6c3af2df612cb6cf4f12d6e1f0b7ceb693e92617828f2f03f93
1f63fe0b	g3-unable-to-charge-field-confirmation	scenarios/g3-unable-to-charge-field-confirmation/snapshots/db-VehiclePurposeClaims.json	194	c9c900f57dbfd37eef12ab0273ed4b5b11d279af9512a9dd4f2cbf73112a919a
1f63fe0b	g3-unable-to-charge-field-confirmation	scenarios/g3-unable-to-charge-field-confirmation/snapshots/db-WaitingPoints.json	0	e3b0c44298fc1c149afbf4c8996fb92427ae41e4649b934ca495991b7852b855
1f63fe0b	g3-unable-to-charge-field-confirmation	scenarios/g3-unable-to-charge-field-confirmation/snapshots/db-WaitingPointVehicleScopes.json	0	e3b0c44298fc1c149afbf4c8996fb92427ae41e4649b934ca495991b7852b855
1f63fe0b	g3-unable-to-charge-field-confirmation	scenarios/g3-unable-to-charge-field-confirmation/snapshots/db-WaitingPointVersions.json	0	e3b0c44298fc1c149afbf4c8996fb92427ae41e4649b934ca495991b7852b855
1f63fe0b	g3-unable-to-charge-field-confirmation	scenarios/g3-unable-to-charge-field-confirmation/snapshots/fake-mes-ingest.json	310	62f46f24b77b30b3c1e449811bb6b71dafd416ae92c89b64a9a2bc1b6e1239f9
1f63fe0b	g3-unable-to-charge-field-confirmation	scenarios/g3-unable-to-charge-field-confirmation/snapshots/fake-riot.json	3939	3b8c4a9b50ca12a8b2557356e2c8e56fbcaf052a136da3a75bf6e1ce878fe6c9
1f63fe0b	g3-unable-to-charge-field-confirmation	scenarios/g3-unable-to-charge-field-confirmation/snapshots/preseed-area-assignments.csv	128	9906e26d53df2e02e2cb2da976840b5764419d03f3d724097fe4bf7ce36ec8af
1f63fe0b	g3-unable-to-charge-field-confirmation	scenarios/g3-unable-to-charge-field-confirmation/snapshots/preseed-charging-policy.json	444	c9cff5e4ecf1d832d52d74154c81f43961075a5ca9d96150e9f079ea0afc2bfa
1f63fe0b	g3-unable-to-charge-field-confirmation	scenarios/g3-unable-to-charge-field-confirmation/snapshots/slots-simulator.json	3028	a6f8596585344e2ae38433e8ebc299b262191cffe3c2f5c8374e9ddd0d6b68a2
1f63fe0b	g3-unable-to-charge-field-confirmation	scenarios/g3-unable-to-charge-field-confirmation/snapshots/task-type-stations.settings.json	894	d69ededa82fcf5dad3cdcc83b1682ae1f2ca0ce41be15f438c179105d114cc4f
