[17:41:07 INF] Executed DbCommand (13ms) [Parameters=[], CommandType='Text', CommandTimeout='30']
SELECT COUNT(*) FROM "sqlite_master" WHERE "name" = '__EFMigrationsHistory' AND "type" = 'table';
[17:41:07 INF] Executed DbCommand (0ms) [Parameters=[], CommandType='Text', CommandTimeout='30']
SELECT COUNT(*) FROM "sqlite_master" WHERE "name" = '__EFMigrationsHistory' AND "type" = 'table';
[17:41:07 INF] Executed DbCommand (1ms) [Parameters=[], CommandType='Text', CommandTimeout='30']
SELECT "MigrationId", "ProductVersion"
FROM "__EFMigrationsHistory"
ORDER BY "MigrationId";
[17:41:07 INF] No migrations were applied. The database is already up to date.
[17:41:07 INF] Onboard NDJSON listener started on 127.0.0.1:58405; transport=plaintext
[17:41:07 INF] Start processing HTTP request GET http://127.0.0.1:58408/api/imap/v1/mapInfo/stations/25
[17:41:07 INF] Sending HTTP request GET http://127.0.0.1:58408/api/imap/v1/mapInfo/stations/25
[17:41:07 INF] Now listening on: http://127.0.0.1:58407
[17:41:07 INF] Application started. Press Ctrl+C to shut down.
[17:41:07 INF] Hosting environment: Production
[17:41:07 INF] Content root path: C:\Users\szy\Desktop\8005-workspace\repos\8005-agv-control-server\src\ControlServer.Host\bin\Release\net8.0\win-x64
[17:41:07 INF] Received HTTP response headers after 47.9628ms - 200
[17:41:07 INF] End processing HTTP request after 58.0001ms - 200
[17:41:07 INF] HTTP GET /health/live responded 200 in 11.9089 ms
[17:41:08 INF] Executed DbCommand (0ms) [Parameters=[], CommandType='Text', CommandTimeout='30']
SELECT "a"."Id", "a"."ContentHash", "a"."DeploymentId", "a"."ImportedAt", "a"."Version"
FROM "AdmissionPolicyState" AS "a"
WHERE "a"."Id" = 1
LIMIT 2
[17:41:08 INF] Executed DbCommand (5ms) [Parameters=[@p0='?' (DbType = Int64), @p1='?' (Size = 64), @p2='?' (Size = 22), @p3='?' (DbType = DateTimeOffset), @p4='?', @p5='?' (Size = 102)], CommandType='Text', CommandTimeout='30']
INSERT INTO "AdmissionPolicyAudit" ("Version", "ContentHash", "DeploymentId", "ImportedAt", "PreviousContentHash", "RelationsJson")
VALUES (@p0, @p1, @p2, @p3, @p4, @p5);
[17:41:08 INF] Executed DbCommand (0ms) [Parameters=[@p0='?' (DbType = Int32), @p1='?' (Size = 64), @p2='?' (Size = 22), @p3='?' (DbType = DateTimeOffset), @p4='?' (DbType = Int64)], CommandType='Text', CommandTimeout='30']
INSERT INTO "AdmissionPolicyState" ("Id", "ContentHash", "DeploymentId", "ImportedAt", "Version")
VALUES (@p0, @p1, @p2, @p3, @p4);
[17:41:08 INF] Executed DbCommand (0ms) [Parameters=[@p0='?' (Size = 6), @p1='?' (Size = 12), @p2='?' (DbType = Int64)], CommandType='Text', CommandTimeout='30']
INSERT INTO "StationTaskTypeAdmissions" ("StationId", "TaskType", "PolicyVersion")
VALUES (@p0, @p1, @p2);
[17:41:08 INF] Executed DbCommand (0ms) [Parameters=[@p0='?' (Size = 9), @p1='?' (Size = 12), @p2='?' (DbType = Int64)], CommandType='Text', CommandTimeout='30']
INSERT INTO "StationTaskTypeAdmissions" ("StationId", "TaskType", "PolicyVersion")
VALUES (@p0, @p1, @p2);
[17:41:08 INF] Executed DbCommand (0ms) [Parameters=[], CommandType='Text', CommandTimeout='30']
SELECT "j"."JourneyId", "j"."AgvId", "j"."AgvLifecycleGeneration", "j"."BlockReasonCode", "j"."CreatedAt", "j"."CurrentStopSequence", "j"."DispatchGeneration", "j"."DispatchZone", "j"."GateStationId", "j"."GateStationRiotId", "j"."HoldingStartedAt", "j"."LoadingClosedReason", "j"."MapId", "j"."MapIdentity", "j"."NextStopSequence", "j"."OperationSessionId", "j"."PlanRevision", "j"."Stage", "j"."UpdatedAt", "j"."VehicleBusinessRevision", "j"."VehicleKey", "j"."WorklistRevision"
FROM "JourneyRuntimes" AS "j"
WHERE "j"."Stage" <> 'Completed'
[17:41:08 INF] Executed DbCommand (0ms) [Parameters=[], CommandType='Text', CommandTimeout='30']
SELECT "a"."DemandId"
FROM "AcceptedDemands" AS "a"
WHERE "a"."Status" NOT IN ('Succeeded', 'Cancelled')
[17:41:08 INF] Executed DbCommand (0ms) [Parameters=[], CommandType='Text', CommandTimeout='30']
SELECT "j"."DemandId"
FROM "JourneyDemands" AS "j"
[17:41:08 INF] Executed DbCommand (0ms) [Parameters=[@__runtimeOptions_VehicleKey_0='?' (Size = 15)], CommandType='Text', CommandTimeout='30']
SELECT "a"."ChargingRunId", "a"."AgvId", "a"."BlockReasonCode", "a"."ChargerStationId", "a"."ChargerStationRiotId", "a"."CreatedAt", "a"."MovementLegId", "a"."ReleasedAtBatteryPercent", "a"."Stage", "a"."TriggeredAtBatteryPercent", "a"."UpdatedAt", "a"."UpperId", "a"."VehicleKey"
FROM "AutoChargingRuns" AS "a"
WHERE "a"."VehicleKey" = @__runtimeOptions_VehicleKey_0 AND "a"."Stage" <> 'Completed'
[17:41:08 INF] Start processing HTTP request GET http://127.0.0.1:58408/api/task/vehicles/getVehicleInfoByDeviceKey?key=BROKERX-L2-0001
[17:41:08 INF] Sending HTTP request GET http://127.0.0.1:58408/api/task/vehicles/getVehicleInfoByDeviceKey?key=BROKERX-L2-0001
[17:41:08 INF] Received HTTP response headers after 18.1982ms - 200
[17:41:08 INF] End processing HTTP request after 19.6167ms - 200
[17:41:08 INF] Start processing HTTP request GET http://127.0.0.1:58409/api/v2/contract
[17:41:08 INF] Sending HTTP request GET http://127.0.0.1:58409/api/v2/contract
[17:41:08 INF] Received HTTP response headers after 21.5212ms - 200
[17:41:08 INF] End processing HTTP request after 23.3162ms - 200
[17:41:08 INF] Start processing HTTP request GET http://127.0.0.1:58409/api/v2/externally-readable-demand-catalog
[17:41:08 INF] Sending HTTP request GET http://127.0.0.1:58409/api/v2/externally-readable-demand-catalog
[17:41:08 INF] Received HTTP response headers after 7.3555ms - 200
[17:41:08 INF] End processing HTTP request after 8.7843ms - 200
[17:41:08 INF] Executed DbCommand (0ms) [Parameters=[@__agvId_0='?' (Size = 10)], CommandType='Text', CommandTimeout='30']
SELECT "s"."AgvId", "s"."ActiveUnlockSlotsJson", "s"."CapabilityHash", "s"."CapabilityRevision", "s"."DepartureSafe", "s"."ForcedRecoveryGeneration", "s"."ManifestSha256", "s"."PendingAttemptIdsJson", "s"."PendingResultIdsJson", "s"."ProfileId", "s"."ProtocolCommit", "s"."ProtocolVersion", "s"."ProvenRecoveryCheckpoint", "s"."Readiness", "s"."ReasonCode", "s"."RecoveryReportId", "s"."ReportedForcedRecoveryGeneration", "s"."SafetyHash", "s"."SafetyReasonCodesJson", "s"."SafetyRevision", "s"."SafetyUnknownPresent", "s"."SessionGeneration", "s"."UnsettledSlotOperationAttemptId", "s"."UpdatedAt"
FROM "SessionRecoveries" AS "s"
WHERE "s"."AgvId" = @__agvId_0 AND "s"."Readiness" = 'Ready'
LIMIT 2
[17:41:08 INF] Start processing HTTP request GET http://127.0.0.1:58408/api/task/vehicles/getVehicleInfoByDeviceKey?key=BROKERX-L2-0001
[17:41:08 INF] Sending HTTP request GET http://127.0.0.1:58408/api/task/vehicles/getVehicleInfoByDeviceKey?key=BROKERX-L2-0001
[17:41:08 INF] Received HTTP response headers after 1.8911ms - 200
[17:41:08 INF] End processing HTTP request after 2.8674ms - 200
[17:41:08 INF] Executed DbCommand (0ms) [Parameters=[], CommandType='Text', CommandTimeout='30']
SELECT "j"."DemandId", "j"."AcceptedAt", "j"."DecisionFingerprint", "j"."DemandCreatedAt", "j"."FirstSeenAt", "j"."LastSeenAt", "j"."ReasonCode", "j"."TransportDemandKey"
FROM "JourneyBacklog" AS "j"
[17:41:08 INF] Executed DbCommand (0ms) [Parameters=[], CommandType='Text', CommandTimeout='30']
SELECT "a"."DemandId"
FROM "AcceptedDemands" AS "a"
[17:41:08 INF] Executed DbCommand (0ms) [Parameters=[], CommandType='Text', CommandTimeout='30']
SELECT "t"."TransportDemandKey"
FROM "TransportDemandSuppressions" AS "t"
[17:41:08 INF] Start processing HTTP request GET http://127.0.0.1:58408/api/imap/v1/mapInfo/stations/25
[17:41:08 INF] Sending HTTP request GET http://127.0.0.1:58408/api/imap/v1/mapInfo/stations/25
[17:41:08 INF] Received HTTP response headers after 1.3174ms - 200
[17:41:08 INF] End processing HTTP request after 2.3763ms - 200
[17:41:08 INF] Executed DbCommand (0ms) [Parameters=[], CommandType='Text', CommandTimeout='30']
SELECT "a"."Id", "a"."ContentHash", "a"."DeploymentId", "a"."ImportedAt", "a"."Version"
FROM "AdmissionPolicyState" AS "a"
WHERE "a"."Id" = 1
LIMIT 2
[17:41:08 INF] Executed DbCommand (0ms) [Parameters=[], CommandType='Text', CommandTimeout='30']
SELECT "j"."JourneyId", "j"."AgvId", "j"."AgvLifecycleGeneration", "j"."BlockReasonCode", "j"."CreatedAt", "j"."CurrentStopSequence", "j"."DispatchGeneration", "j"."DispatchZone", "j"."GateStationId", "j"."GateStationRiotId", "j"."HoldingStartedAt", "j"."LoadingClosedReason", "j"."MapId", "j"."MapIdentity", "j"."NextStopSequence", "j"."OperationSessionId", "j"."PlanRevision", "j"."Stage", "j"."UpdatedAt", "j"."VehicleBusinessRevision", "j"."VehicleKey", "j"."WorklistRevision"
FROM "JourneyRuntimes" AS "j"
WHERE "j"."Stage" <> 'Completed'
[17:41:08 INF] Executed DbCommand (0ms) [Parameters=[], CommandType='Text', CommandTimeout='30']
SELECT "a"."DemandId"
FROM "AcceptedDemands" AS "a"
WHERE "a"."Status" NOT IN ('Succeeded', 'Cancelled')
[17:41:08 INF] Executed DbCommand (0ms) [Parameters=[], CommandType='Text', CommandTimeout='30']
SELECT "j"."DemandId"
FROM "JourneyDemands" AS "j"
[17:41:08 INF] Executed DbCommand (0ms) [Parameters=[@__runtimeOptions_VehicleKey_0='?' (Size = 15)], CommandType='Text', CommandTimeout='30']
SELECT "a"."ChargingRunId", "a"."AgvId", "a"."BlockReasonCode", "a"."ChargerStationId", "a"."ChargerStationRiotId", "a"."CreatedAt", "a"."MovementLegId", "a"."ReleasedAtBatteryPercent", "a"."Stage", "a"."TriggeredAtBatteryPercent", "a"."UpdatedAt", "a"."UpperId", "a"."VehicleKey"
FROM "AutoChargingRuns" AS "a"
WHERE "a"."VehicleKey" = @__runtimeOptions_VehicleKey_0 AND "a"."Stage" <> 'Completed'
[17:41:08 INF] Start processing HTTP request GET http://127.0.0.1:58408/api/task/vehicles/getVehicleInfoByDeviceKey?key=BROKERX-L2-0001
[17:41:08 INF] Sending HTTP request GET http://127.0.0.1:58408/api/task/vehicles/getVehicleInfoByDeviceKey?key=BROKERX-L2-0001
[17:41:08 INF] Received HTTP response headers after 0.9501ms - 200
[17:41:08 INF] End processing HTTP request after 1.7766ms - 200
[17:41:08 INF] Start processing HTTP request GET http://127.0.0.1:58409/api/v2/contract
[17:41:08 INF] Sending HTTP request GET http://127.0.0.1:58409/api/v2/contract
[17:41:08 INF] Received HTTP response headers after 0.7789ms - 200
[17:41:08 INF] End processing HTTP request after 1.5896ms - 200
[17:41:08 INF] Start processing HTTP request GET http://127.0.0.1:58409/api/v2/externally-readable-demand-catalog
[17:41:08 INF] Sending HTTP request GET http://127.0.0.1:58409/api/v2/externally-readable-demand-catalog
[17:41:08 INF] Received HTTP response headers after 1.1618ms - 200
[17:41:08 INF] End processing HTTP request after 2.3194ms - 200
[17:41:08 INF] Executed DbCommand (0ms) [Parameters=[@__agvId_0='?' (Size = 10)], CommandType='Text', CommandTimeout='30']
SELECT "s"."AgvId", "s"."ActiveUnlockSlotsJson", "s"."CapabilityHash", "s"."CapabilityRevision", "s"."DepartureSafe", "s"."ForcedRecoveryGeneration", "s"."ManifestSha256", "s"."PendingAttemptIdsJson", "s"."PendingResultIdsJson", "s"."ProfileId", "s"."ProtocolCommit", "s"."ProtocolVersion", "s"."ProvenRecoveryCheckpoint", "s"."Readiness", "s"."ReasonCode", "s"."RecoveryReportId", "s"."ReportedForcedRecoveryGeneration", "s"."SafetyHash", "s"."SafetyReasonCodesJson", "s"."SafetyRevision", "s"."SafetyUnknownPresent", "s"."SessionGeneration", "s"."UnsettledSlotOperationAttemptId", "s"."UpdatedAt"
FROM "SessionRecoveries" AS "s"
WHERE "s"."AgvId" = @__agvId_0 AND "s"."Readiness" = 'Ready'
LIMIT 2
[17:41:08 INF] Start processing HTTP request GET http://127.0.0.1:58408/api/task/vehicles/getVehicleInfoByDeviceKey?key=BROKERX-L2-0001
[17:41:08 INF] Sending HTTP request GET http://127.0.0.1:58408/api/task/vehicles/getVehicleInfoByDeviceKey?key=BROKERX-L2-0001
[17:41:08 INF] Received HTTP response headers after 2.392ms - 200
[17:41:08 INF] End processing HTTP request after 3.9001ms - 200
[17:41:08 INF] Executed DbCommand (0ms) [Parameters=[], CommandType='Text', CommandTimeout='30']
SELECT "j"."DemandId", "j"."AcceptedAt", "j"."DecisionFingerprint", "j"."DemandCreatedAt", "j"."FirstSeenAt", "j"."LastSeenAt", "j"."ReasonCode", "j"."TransportDemandKey"
FROM "JourneyBacklog" AS "j"
[17:41:08 INF] Executed DbCommand (0ms) [Parameters=[], CommandType='Text', CommandTimeout='30']
SELECT "a"."DemandId"
FROM "AcceptedDemands" AS "a"
[17:41:08 INF] Executed DbCommand (0ms) [Parameters=[], CommandType='Text', CommandTimeout='30']
SELECT "t"."TransportDemandKey"
FROM "TransportDemandSuppressions" AS "t"
[17:41:09 INF] Start processing HTTP request GET http://127.0.0.1:58408/api/imap/v1/mapInfo/stations/25
[17:41:09 INF] Sending HTTP request GET http://127.0.0.1:58408/api/imap/v1/mapInfo/stations/25
[17:41:09 INF] Received HTTP response headers after 1.0181ms - 200
[17:41:09 INF] End processing HTTP request after 2.2975ms - 200
[17:41:09 INF] Executed DbCommand (0ms) [Parameters=[], CommandType='Text', CommandTimeout='30']
SELECT "a"."Id", "a"."ContentHash", "a"."DeploymentId", "a"."ImportedAt", "a"."Version"
FROM "AdmissionPolicyState" AS "a"
WHERE "a"."Id" = 1
LIMIT 2
[17:41:09 INF] Executed DbCommand (0ms) [Parameters=[], CommandType='Text', CommandTimeout='30']
SELECT "j"."JourneyId", "j"."AgvId", "j"."AgvLifecycleGeneration", "j"."BlockReasonCode", "j"."CreatedAt", "j"."CurrentStopSequence", "j"."DispatchGeneration", "j"."DispatchZone", "j"."GateStationId", "j"."GateStationRiotId", "j"."HoldingStartedAt", "j"."LoadingClosedReason", "j"."MapId", "j"."MapIdentity", "j"."NextStopSequence", "j"."OperationSessionId", "j"."PlanRevision", "j"."Stage", "j"."UpdatedAt", "j"."VehicleBusinessRevision", "j"."VehicleKey", "j"."WorklistRevision"
FROM "JourneyRuntimes" AS "j"
WHERE "j"."Stage" <> 'Completed'
[17:41:09 INF] Executed DbCommand (0ms) [Parameters=[], CommandType='Text', CommandTimeout='30']
SELECT "a"."DemandId"
FROM "AcceptedDemands" AS "a"
WHERE "a"."Status" NOT IN ('Succeeded', 'Cancelled')
[17:41:09 INF] Executed DbCommand (0ms) [Parameters=[], CommandType='Text', CommandTimeout='30']
SELECT "j"."DemandId"
FROM "JourneyDemands" AS "j"
[17:41:09 INF] Executed DbCommand (0ms) [Parameters=[@__runtimeOptions_VehicleKey_0='?' (Size = 15)], CommandType='Text', CommandTimeout='30']
SELECT "a"."ChargingRunId", "a"."AgvId", "a"."BlockReasonCode", "a"."ChargerStationId", "a"."ChargerStationRiotId", "a"."CreatedAt", "a"."MovementLegId", "a"."ReleasedAtBatteryPercent", "a"."Stage", "a"."TriggeredAtBatteryPercent", "a"."UpdatedAt", "a"."UpperId", "a"."VehicleKey"
FROM "AutoChargingRuns" AS "a"
WHERE "a"."VehicleKey" = @__runtimeOptions_VehicleKey_0 AND "a"."Stage" <> 'Completed'
[17:41:09 INF] Start processing HTTP request GET http://127.0.0.1:58408/api/task/vehicles/getVehicleInfoByDeviceKey?key=BROKERX-L2-0001
[17:41:09 INF] Sending HTTP request GET http://127.0.0.1:58408/api/task/vehicles/getVehicleInfoByDeviceKey?key=BROKERX-L2-0001
[17:41:09 INF] Received HTTP response headers after 1.3312ms - 200
[17:41:09 INF] End processing HTTP request after 2.5631ms - 200
[17:41:09 INF] Start processing HTTP request GET http://127.0.0.1:58409/api/v2/contract
[17:41:09 INF] Sending HTTP request GET http://127.0.0.1:58409/api/v2/contract
[17:41:09 INF] Received HTTP response headers after 1.1326ms - 200
[17:41:09 INF] End processing HTTP request after 2.4223ms - 200
[17:41:09 INF] Start processing HTTP request GET http://127.0.0.1:58409/api/v2/externally-readable-demand-catalog
[17:41:09 INF] Sending HTTP request GET http://127.0.0.1:58409/api/v2/externally-readable-demand-catalog
[17:41:09 INF] Received HTTP response headers after 1.5099ms - 200
[17:41:09 INF] End processing HTTP request after 3.0376ms - 200
[17:41:09 INF] Executed DbCommand (0ms) [Parameters=[@__agvId_0='?' (Size = 10)], CommandType='Text', CommandTimeout='30']
SELECT "s"."AgvId", "s"."ActiveUnlockSlotsJson", "s"."CapabilityHash", "s"."CapabilityRevision", "s"."DepartureSafe", "s"."ForcedRecoveryGeneration", "s"."ManifestSha256", "s"."PendingAttemptIdsJson", "s"."PendingResultIdsJson", "s"."ProfileId", "s"."ProtocolCommit", "s"."ProtocolVersion", "s"."ProvenRecoveryCheckpoint", "s"."Readiness", "s"."ReasonCode", "s"."RecoveryReportId", "s"."ReportedForcedRecoveryGeneration", "s"."SafetyHash", "s"."SafetyReasonCodesJson", "s"."SafetyRevision", "s"."SafetyUnknownPresent", "s"."SessionGeneration", "s"."UnsettledSlotOperationAttemptId", "s"."UpdatedAt"
FROM "SessionRecoveries" AS "s"
WHERE "s"."AgvId" = @__agvId_0 AND "s"."Readiness" = 'Ready'
LIMIT 2
[17:41:09 INF] Start processing HTTP request GET http://127.0.0.1:58408/api/task/vehicles/getVehicleInfoByDeviceKey?key=BROKERX-L2-0001
[17:41:09 INF] Sending HTTP request GET http://127.0.0.1:58408/api/task/vehicles/getVehicleInfoByDeviceKey?key=BROKERX-L2-0001
[17:41:09 INF] Received HTTP response headers after 1.2639ms - 200
[17:41:09 INF] End processing HTTP request after 2.3252ms - 200
[17:41:09 INF] Executed DbCommand (0ms) [Parameters=[], CommandType='Text', CommandTimeout='30']
SELECT "j"."DemandId", "j"."AcceptedAt", "j"."DecisionFingerprint", "j"."DemandCreatedAt", "j"."FirstSeenAt", "j"."LastSeenAt", "j"."ReasonCode", "j"."TransportDemandKey"
FROM "JourneyBacklog" AS "j"
[17:41:09 INF] Executed DbCommand (0ms) [Parameters=[], CommandType='Text', CommandTimeout='30']
SELECT "a"."DemandId"
FROM "AcceptedDemands" AS "a"
[17:41:09 INF] Executed DbCommand (0ms) [Parameters=[], CommandType='Text', CommandTimeout='30']
SELECT "t"."TransportDemandKey"
FROM "TransportDemandSuppressions" AS "t"
[17:41:10 INF] Start processing HTTP request GET http://127.0.0.1:58408/api/task/v1/task/getVehicleInfo/BROKERX-L2-0001
[17:41:10 INF] Sending HTTP request GET http://127.0.0.1:58408/api/task/v1/task/getVehicleInfo/BROKERX-L2-0001
[17:41:10 INF] Received HTTP response headers after 9.2276ms - 200
[17:41:10 INF] End processing HTTP request after 11.3899ms - 200
[17:41:10 INF] Start processing HTTP request GET http://127.0.0.1:58408/api/order/v1/orderRecord?pageNum=1&pageSize=100&filterByState=1&filterByState=3&filterByState=7&filterByState=9
[17:41:10 INF] Sending HTTP request GET http://127.0.0.1:58408/api/order/v1/orderRecord?pageNum=1&pageSize=100&filterByState=1&filterByState=3&filterByState=7&filterByState=9
[17:41:10 INF] Received HTTP response headers after 9.5509ms - 200
[17:41:10 INF] End processing HTTP request after 11.064ms - 200
[17:41:10 INF] HTTP GET /api/onboard/v1/vehicle-safety responded 200 in 71.3899 ms
[17:41:10 INF] Start processing HTTP request GET http://127.0.0.1:58408/api/imap/v1/mapInfo/stations/25
[17:41:10 INF] Sending HTTP request GET http://127.0.0.1:58408/api/imap/v1/mapInfo/stations/25
[17:41:10 INF] Received HTTP response headers after 0.9682ms - 200
[17:41:10 INF] End processing HTTP request after 2.4642ms - 200
[17:41:10 INF] Executed DbCommand (0ms) [Parameters=[], CommandType='Text', CommandTimeout='30']
SELECT "a"."Id", "a"."ContentHash", "a"."DeploymentId", "a"."ImportedAt", "a"."Version"
FROM "AdmissionPolicyState" AS "a"
WHERE "a"."Id" = 1
LIMIT 2
[17:41:10 INF] Executed DbCommand (0ms) [Parameters=[], CommandType='Text', CommandTimeout='30']
SELECT "j"."JourneyId", "j"."AgvId", "j"."AgvLifecycleGeneration", "j"."BlockReasonCode", "j"."CreatedAt", "j"."CurrentStopSequence", "j"."DispatchGeneration", "j"."DispatchZone", "j"."GateStationId", "j"."GateStationRiotId", "j"."HoldingStartedAt", "j"."LoadingClosedReason", "j"."MapId", "j"."MapIdentity", "j"."NextStopSequence", "j"."OperationSessionId", "j"."PlanRevision", "j"."Stage", "j"."UpdatedAt", "j"."VehicleBusinessRevision", "j"."VehicleKey", "j"."WorklistRevision"
FROM "JourneyRuntimes" AS "j"
WHERE "j"."Stage" <> 'Completed'
[17:41:10 INF] Executed DbCommand (0ms) [Parameters=[], CommandType='Text', CommandTimeout='30']
SELECT "a"."DemandId"
FROM "AcceptedDemands" AS "a"
WHERE "a"."Status" NOT IN ('Succeeded', 'Cancelled')
[17:41:10 INF] Executed DbCommand (0ms) [Parameters=[], CommandType='Text', CommandTimeout='30']
SELECT "j"."DemandId"
FROM "JourneyDemands" AS "j"
[17:41:10 INF] Executed DbCommand (0ms) [Parameters=[@__runtimeOptions_VehicleKey_0='?' (Size = 15)], CommandType='Text', CommandTimeout='30']
SELECT "a"."ChargingRunId", "a"."AgvId", "a"."BlockReasonCode", "a"."ChargerStationId", "a"."ChargerStationRiotId", "a"."CreatedAt", "a"."MovementLegId", "a"."ReleasedAtBatteryPercent", "a"."Stage", "a"."TriggeredAtBatteryPercent", "a"."UpdatedAt", "a"."UpperId", "a"."VehicleKey"
FROM "AutoChargingRuns" AS "a"
WHERE "a"."VehicleKey" = @__runtimeOptions_VehicleKey_0 AND "a"."Stage" <> 'Completed'
[17:41:10 INF] Start processing HTTP request GET http://127.0.0.1:58408/api/task/vehicles/getVehicleInfoByDeviceKey?key=BROKERX-L2-0001
[17:41:10 INF] Sending HTTP request GET http://127.0.0.1:58408/api/task/vehicles/getVehicleInfoByDeviceKey?key=BROKERX-L2-0001
[17:41:10 INF] Received HTTP response headers after 1.7412ms - 200
[17:41:10 INF] End processing HTTP request after 3.2466ms - 200
[17:41:10 INF] Start processing HTTP request GET http://127.0.0.1:58409/api/v2/contract
[17:41:10 INF] Sending HTTP request GET http://127.0.0.1:58409/api/v2/contract
[17:41:10 INF] Received HTTP response headers after 1.1596ms - 200
[17:41:10 INF] End processing HTTP request after 3.1044ms - 200
[17:41:10 INF] Start processing HTTP request GET http://127.0.0.1:58409/api/v2/externally-readable-demand-catalog
[17:41:10 INF] Sending HTTP request GET http://127.0.0.1:58409/api/v2/externally-readable-demand-catalog
[17:41:10 INF] Received HTTP response headers after 1.1177ms - 200
[17:41:10 INF] End processing HTTP request after 2.1384ms - 200
[17:41:10 INF] Executed DbCommand (0ms) [Parameters=[@__agvId_0='?' (Size = 10)], CommandType='Text', CommandTimeout='30']
SELECT "s"."AgvId", "s"."ActiveUnlockSlotsJson", "s"."CapabilityHash", "s"."CapabilityRevision", "s"."DepartureSafe", "s"."ForcedRecoveryGeneration", "s"."ManifestSha256", "s"."PendingAttemptIdsJson", "s"."PendingResultIdsJson", "s"."ProfileId", "s"."ProtocolCommit", "s"."ProtocolVersion", "s"."ProvenRecoveryCheckpoint", "s"."Readiness", "s"."ReasonCode", "s"."RecoveryReportId", "s"."ReportedForcedRecoveryGeneration", "s"."SafetyHash", "s"."SafetyReasonCodesJson", "s"."SafetyRevision", "s"."SafetyUnknownPresent", "s"."SessionGeneration", "s"."UnsettledSlotOperationAttemptId", "s"."UpdatedAt"
FROM "SessionRecoveries" AS "s"
WHERE "s"."AgvId" = @__agvId_0 AND "s"."Readiness" = 'Ready'
LIMIT 2
[17:41:10 INF] Start processing HTTP request GET http://127.0.0.1:58408/api/task/vehicles/getVehicleInfoByDeviceKey?key=BROKERX-L2-0001
[17:41:10 INF] Sending HTTP request GET http://127.0.0.1:58408/api/task/vehicles/getVehicleInfoByDeviceKey?key=BROKERX-L2-0001
[17:41:10 INF] Received HTTP response headers after 0.9767ms - 200
[17:41:10 INF] End processing HTTP request after 2.0562ms - 200
[17:41:10 INF] Executed DbCommand (0ms) [Parameters=[], CommandType='Text', CommandTimeout='30']
SELECT "j"."DemandId", "j"."AcceptedAt", "j"."DecisionFingerprint", "j"."DemandCreatedAt", "j"."FirstSeenAt", "j"."LastSeenAt", "j"."ReasonCode", "j"."TransportDemandKey"
FROM "JourneyBacklog" AS "j"
[17:41:10 INF] Executed DbCommand (0ms) [Parameters=[], CommandType='Text', CommandTimeout='30']
SELECT "a"."DemandId"
FROM "AcceptedDemands" AS "a"
[17:41:10 INF] Executed DbCommand (0ms) [Parameters=[], CommandType='Text', CommandTimeout='30']
SELECT "t"."TransportDemandKey"
FROM "TransportDemandSuppressions" AS "t"
[17:41:11 INF] Start processing HTTP request GET http://127.0.0.1:58408/api/imap/v1/mapInfo/stations/25
[17:41:11 INF] Sending HTTP request GET http://127.0.0.1:58408/api/imap/v1/mapInfo/stations/25
[17:41:11 INF] Received HTTP response headers after 3.9553ms - 200
[17:41:11 INF] End processing HTTP request after 6.1813ms - 200
[17:41:11 INF] Executed DbCommand (0ms) [Parameters=[], CommandType='Text', CommandTimeout='30']
SELECT "a"."Id", "a"."ContentHash", "a"."DeploymentId", "a"."ImportedAt", "a"."Version"
FROM "AdmissionPolicyState" AS "a"
WHERE "a"."Id" = 1
LIMIT 2
[17:41:11 INF] Executed DbCommand (0ms) [Parameters=[], CommandType='Text', CommandTimeout='30']
SELECT "j"."JourneyId", "j"."AgvId", "j"."AgvLifecycleGeneration", "j"."BlockReasonCode", "j"."CreatedAt", "j"."CurrentStopSequence", "j"."DispatchGeneration", "j"."DispatchZone", "j"."GateStationId", "j"."GateStationRiotId", "j"."HoldingStartedAt", "j"."LoadingClosedReason", "j"."MapId", "j"."MapIdentity", "j"."NextStopSequence", "j"."OperationSessionId", "j"."PlanRevision", "j"."Stage", "j"."UpdatedAt", "j"."VehicleBusinessRevision", "j"."VehicleKey", "j"."WorklistRevision"
FROM "JourneyRuntimes" AS "j"
WHERE "j"."Stage" <> 'Completed'
[17:41:11 INF] Executed DbCommand (0ms) [Parameters=[], CommandType='Text', CommandTimeout='30']
SELECT "a"."DemandId"
FROM "AcceptedDemands" AS "a"
WHERE "a"."Status" NOT IN ('Succeeded', 'Cancelled')
[17:41:11 INF] Executed DbCommand (0ms) [Parameters=[], CommandType='Text', CommandTimeout='30']
SELECT "j"."DemandId"
FROM "JourneyDemands" AS "j"
[17:41:11 INF] Executed DbCommand (0ms) [Parameters=[@__runtimeOptions_VehicleKey_0='?' (Size = 15)], CommandType='Text', CommandTimeout='30']
SELECT "a"."ChargingRunId", "a"."AgvId", "a"."BlockReasonCode", "a"."ChargerStationId", "a"."ChargerStationRiotId", "a"."CreatedAt", "a"."MovementLegId", "a"."ReleasedAtBatteryPercent", "a"."Stage", "a"."TriggeredAtBatteryPercent", "a"."UpdatedAt", "a"."UpperId", "a"."VehicleKey"
FROM "AutoChargingRuns" AS "a"
WHERE "a"."VehicleKey" = @__runtimeOptions_VehicleKey_0 AND "a"."Stage" <> 'Completed'
[17:41:11 INF] Start processing HTTP request GET http://127.0.0.1:58408/api/task/vehicles/getVehicleInfoByDeviceKey?key=BROKERX-L2-0001
[17:41:11 INF] Sending HTTP request GET http://127.0.0.1:58408/api/task/vehicles/getVehicleInfoByDeviceKey?key=BROKERX-L2-0001
[17:41:11 INF] Start processing HTTP request GET http://127.0.0.1:58408/api/task/v1/task/getVehicleInfo/BROKERX-L2-0001
[17:41:11 INF] Sending HTTP request GET http://127.0.0.1:58408/api/task/v1/task/getVehicleInfo/BROKERX-L2-0001
[17:41:11 INF] Received HTTP response headers after 1.3831ms - 200
[17:41:11 INF] End processing HTTP request after 2.5309ms - 200
[17:41:11 INF] Start processing HTTP request GET http://127.0.0.1:58409/api/v2/contract
[17:41:11 INF] Sending HTTP request GET http://127.0.0.1:58409/api/v2/contract
[17:41:11 INF] Received HTTP response headers after 2.2097ms - 200
[17:41:11 INF] End processing HTTP request after 3.6408ms - 200
[17:41:11 INF] Received HTTP response headers after 1.5747ms - 200
[17:41:11 INF] End processing HTTP request after 2.7194ms - 200
[17:41:11 INF] Start processing HTTP request GET http://127.0.0.1:58409/api/v2/externally-readable-demand-catalog
[17:41:11 INF] Start processing HTTP request GET http://127.0.0.1:58408/api/order/v1/orderRecord?pageNum=1&pageSize=100&filterByState=1&filterByState=3&filterByState=7&filterByState=9
[17:41:11 INF] Sending HTTP request GET http://127.0.0.1:58409/api/v2/externally-readable-demand-catalog
[17:41:11 INF] Sending HTTP request GET http://127.0.0.1:58408/api/order/v1/orderRecord?pageNum=1&pageSize=100&filterByState=1&filterByState=3&filterByState=7&filterByState=9
[17:41:11 INF] Received HTTP response headers after 1.8819ms - 200
[17:41:11 INF] End processing HTTP request after 3.6743ms - 200
[17:41:11 INF] Received HTTP response headers after 3.5359ms - 200
[17:41:11 INF] Executed DbCommand (0ms) [Parameters=[@__agvId_0='?' (Size = 10)], CommandType='Text', CommandTimeout='30']
SELECT "s"."AgvId", "s"."ActiveUnlockSlotsJson", "s"."CapabilityHash", "s"."CapabilityRevision", "s"."DepartureSafe", "s"."ForcedRecoveryGeneration", "s"."ManifestSha256", "s"."PendingAttemptIdsJson", "s"."PendingResultIdsJson", "s"."ProfileId", "s"."ProtocolCommit", "s"."ProtocolVersion", "s"."ProvenRecoveryCheckpoint", "s"."Readiness", "s"."ReasonCode", "s"."RecoveryReportId", "s"."ReportedForcedRecoveryGeneration", "s"."SafetyHash", "s"."SafetyReasonCodesJson", "s"."SafetyRevision", "s"."SafetyUnknownPresent", "s"."SessionGeneration", "s"."UnsettledSlotOperationAttemptId", "s"."UpdatedAt"
FROM "SessionRecoveries" AS "s"
WHERE "s"."AgvId" = @__agvId_0 AND "s"."Readiness" = 'Ready'
LIMIT 2
[17:41:11 INF] End processing HTTP request after 6.2823ms - 200
[17:41:11 INF] Start processing HTTP request GET http://127.0.0.1:58408/api/task/vehicles/getVehicleInfoByDeviceKey?key=BROKERX-L2-0001
[17:41:11 INF] Sending HTTP request GET http://127.0.0.1:58408/api/task/vehicles/getVehicleInfoByDeviceKey?key=BROKERX-L2-0001
[17:41:11 INF] HTTP GET /api/onboard/v1/vehicle-safety responded 200 in 14.5490 ms
[17:41:11 INF] Received HTTP response headers after 5.0716ms - 200
[17:41:11 INF] End processing HTTP request after 7.9679ms - 200
[17:41:11 INF] Executed DbCommand (0ms) [Parameters=[], CommandType='Text', CommandTimeout='30']
SELECT "j"."DemandId", "j"."AcceptedAt", "j"."DecisionFingerprint", "j"."DemandCreatedAt", "j"."FirstSeenAt", "j"."LastSeenAt", "j"."ReasonCode", "j"."TransportDemandKey"
FROM "JourneyBacklog" AS "j"
[17:41:11 INF] Executed DbCommand (0ms) [Parameters=[], CommandType='Text', CommandTimeout='30']
SELECT "a"."DemandId"
FROM "AcceptedDemands" AS "a"
[17:41:11 INF] Executed DbCommand (0ms) [Parameters=[], CommandType='Text', CommandTimeout='30']
SELECT "t"."TransportDemandKey"
FROM "TransportDemandSuppressions" AS "t"
[17:41:11 INF] Executed DbCommand (0ms) [Parameters=[@__messageId_0='?' (Size = 36)], CommandType='Text', CommandTimeout='30']
SELECT "p"."MessageId", "p"."ContentHash", "p"."FirstResponseJson", "p"."MessageType", "p"."ReceivedAt", "p"."RequestJson"
FROM "ProtocolInbox" AS "p"
WHERE "p"."MessageId" = @__messageId_0
LIMIT 2
[17:41:11 INF] Executed DbCommand (0ms) [Parameters=[@__agvId_0='?' (Size = 10)], CommandType='Text', CommandTimeout='30']
SELECT "s"."SessionGeneration"
FROM "SessionRecoveries" AS "s"
WHERE "s"."AgvId" = @__agvId_0
LIMIT 2
[17:41:11 INF] Executed DbCommand (0ms) [Parameters=[@__identity_AgvId_0='?' (Size = 10)], CommandType='Text', CommandTimeout='30']
SELECT "s"."AgvId", "s"."ActiveUnlockSlotsJson", "s"."CapabilityHash", "s"."CapabilityRevision", "s"."DepartureSafe", "s"."ForcedRecoveryGeneration", "s"."ManifestSha256", "s"."PendingAttemptIdsJson", "s"."PendingResultIdsJson", "s"."ProfileId", "s"."ProtocolCommit", "s"."ProtocolVersion", "s"."ProvenRecoveryCheckpoint", "s"."Readiness", "s"."ReasonCode", "s"."RecoveryReportId", "s"."ReportedForcedRecoveryGeneration", "s"."SafetyHash", "s"."SafetyReasonCodesJson", "s"."SafetyRevision", "s"."SafetyUnknownPresent", "s"."SessionGeneration", "s"."UnsettledSlotOperationAttemptId", "s"."UpdatedAt"
FROM "SessionRecoveries" AS "s"
WHERE "s"."AgvId" = @__identity_AgvId_0
LIMIT 2
[17:41:11 INF] Executed DbCommand (0ms) [Parameters=[@__identity_AgvId_0='?' (Size = 10)], CommandType='Text', CommandTimeout='30']
SELECT "j"."JourneyId", "j"."AgvId", "j"."AgvLifecycleGeneration", "j"."BlockReasonCode", "j"."CreatedAt", "j"."CurrentStopSequence", "j"."DispatchGeneration", "j"."DispatchZone", "j"."GateStationId", "j"."GateStationRiotId", "j"."HoldingStartedAt", "j"."LoadingClosedReason", "j"."MapId", "j"."MapIdentity", "j"."NextStopSequence", "j"."OperationSessionId", "j"."PlanRevision", "j"."Stage", "j"."UpdatedAt", "j"."VehicleBusinessRevision", "j"."VehicleKey", "j"."WorklistRevision"
FROM "JourneyRuntimes" AS "j"
WHERE "j"."AgvId" = @__identity_AgvId_0 AND "j"."Stage" <> 'Completed'
[17:41:11 INF] Executed DbCommand (0ms) [Parameters=[@p0='?' (Size = 10), @p1='?' (Size = 2), @p2='?', @p3='?' (DbType = Int64), @p4='?' (DbType = Boolean), @p5='?' (DbType = Int64), @p6='?' (Size = 64), @p7='?' (Size = 2), @p8='?' (Size = 2), @p9='?' (Size = 16), @p10='?' (Size = 40), @p11='?' (DbType = Int32), @p12='?', @p13='?' (Size = 16), @p14='?' (Size = 20), @p15='?', @p16='?' (DbType = Int64), @p17='?', @p18='?', @p19='?' (DbType = Int64), @p20='?' (DbType = Boolean), @p21='?' (DbType = Int64), @p22='?', @p23='?' (DbType = DateTimeOffset)], CommandType='Text', CommandTimeout='30']
INSERT INTO "SessionRecoveries" ("AgvId", "ActiveUnlockSlotsJson", "CapabilityHash", "CapabilityRevision", "DepartureSafe", "ForcedRecoveryGeneration", "ManifestSha256", "PendingAttemptIdsJson", "PendingResultIdsJson", "ProfileId", "ProtocolCommit", "ProtocolVersion", "ProvenRecoveryCheckpoint", "Readiness", "ReasonCode", "RecoveryReportId", "ReportedForcedRecoveryGeneration", "SafetyHash", "SafetyReasonCodesJson", "SafetyRevision", "SafetyUnknownPresent", "SessionGeneration", "UnsettledSlotOperationAttemptId", "UpdatedAt")
VALUES (@p0, @p1, @p2, @p3, @p4, @p5, @p6, @p7, @p8, @p9, @p10, @p11, @p12, @p13, @p14, @p15, @p16, @p17, @p18, @p19, @p20, @p21, @p22, @p23);
[17:41:11 INF] Executed DbCommand (26ms) [Parameters=[], CommandType='Text', CommandTimeout='30']
SELECT EXISTS (
    SELECT 1
    FROM "SessionRecoveries" AS "s"
    WHERE "s"."Readiness" = 'Ready')
[17:41:11 ERR] HTTP GET /health/ready responded 503 in 54.1938 ms
[17:41:11 INF] Executed DbCommand (0ms) [Parameters=[@p0='?' (Size = 36), @p1='?' (Size = 64), @p2='?' (Size = 1063), @p3='?' (Size = 12), @p4='?' (DbType = DateTimeOffset), @p5='?' (Size = 1075)], CommandType='Text', CommandTimeout='30']
INSERT INTO "ProtocolInbox" ("MessageId", "ContentHash", "FirstResponseJson", "MessageType", "ReceivedAt", "RequestJson")
VALUES (@p0, @p1, @p2, @p3, @p4, @p5);
[17:41:11 INF] Executed DbCommand (0ms) [Parameters=[@__messageId_0='?' (Size = 36)], CommandType='Text', CommandTimeout='30']
SELECT "p"."MessageId", "p"."ContentHash", "p"."FirstResponseJson", "p"."MessageType", "p"."ReceivedAt", "p"."RequestJson"
FROM "ProtocolInbox" AS "p"
WHERE "p"."MessageId" = @__messageId_0
LIMIT 2
[17:41:11 INF] Executed DbCommand (0ms) [Parameters=[@__agvId_0='?' (Size = 10)], CommandType='Text', CommandTimeout='30']
SELECT "s"."AgvId", "s"."ActiveUnlockSlotsJson", "s"."CapabilityHash", "s"."CapabilityRevision", "s"."DepartureSafe", "s"."ForcedRecoveryGeneration", "s"."ManifestSha256", "s"."PendingAttemptIdsJson", "s"."PendingResultIdsJson", "s"."ProfileId", "s"."ProtocolCommit", "s"."ProtocolVersion", "s"."ProvenRecoveryCheckpoint", "s"."Readiness", "s"."ReasonCode", "s"."RecoveryReportId", "s"."ReportedForcedRecoveryGeneration", "s"."SafetyHash", "s"."SafetyReasonCodesJson", "s"."SafetyRevision", "s"."SafetyUnknownPresent", "s"."SessionGeneration", "s"."UnsettledSlotOperationAttemptId", "s"."UpdatedAt"
FROM "SessionRecoveries" AS "s"
WHERE "s"."AgvId" = @__agvId_0
LIMIT 2
[17:41:11 INF] Executed DbCommand (1ms) [Parameters=[@p3='?' (Size = 10), @p0='?' (Size = 64), @p1='?' (DbType = Int64), @p2='?' (DbType = DateTimeOffset)], CommandType='Text', CommandTimeout='30']
UPDATE "SessionRecoveries" SET "CapabilityHash" = @p0, "CapabilityRevision" = @p1, "UpdatedAt" = @p2
WHERE "AgvId" = @p3
RETURNING 1;
[17:41:11 INF] Executed DbCommand (0ms) [Parameters=[@p0='?' (Size = 36), @p1='?' (Size = 64), @p2='?' (Size = 622), @p3='?' (Size = 18), @p4='?' (DbType = DateTimeOffset), @p5='?' (Size = 1968)], CommandType='Text', CommandTimeout='30']
INSERT INTO "ProtocolInbox" ("MessageId", "ContentHash", "FirstResponseJson", "MessageType", "ReceivedAt", "RequestJson")
VALUES (@p0, @p1, @p2, @p3, @p4, @p5);
[17:41:11 INF] Executed DbCommand (0ms) [Parameters=[@__messageId_0='?' (Size = 36)], CommandType='Text', CommandTimeout='30']
SELECT "p"."MessageId", "p"."ContentHash", "p"."FirstResponseJson", "p"."MessageType", "p"."ReceivedAt", "p"."RequestJson"
FROM "ProtocolInbox" AS "p"
WHERE "p"."MessageId" = @__messageId_0
LIMIT 2
[17:41:11 INF] Executed DbCommand (0ms) [Parameters=[@__agvId_0='?' (Size = 10)], CommandType='Text', CommandTimeout='30']
SELECT "s"."AgvId", "s"."ActiveUnlockSlotsJson", "s"."CapabilityHash", "s"."CapabilityRevision", "s"."DepartureSafe", "s"."ForcedRecoveryGeneration", "s"."ManifestSha256", "s"."PendingAttemptIdsJson", "s"."PendingResultIdsJson", "s"."ProfileId", "s"."ProtocolCommit", "s"."ProtocolVersion", "s"."ProvenRecoveryCheckpoint", "s"."Readiness", "s"."ReasonCode", "s"."RecoveryReportId", "s"."ReportedForcedRecoveryGeneration", "s"."SafetyHash", "s"."SafetyReasonCodesJson", "s"."SafetyRevision", "s"."SafetyUnknownPresent", "s"."SessionGeneration", "s"."UnsettledSlotOperationAttemptId", "s"."UpdatedAt"
FROM "SessionRecoveries" AS "s"
WHERE "s"."AgvId" = @__agvId_0
LIMIT 2
[17:41:11 INF] Executed DbCommand (0ms) [Parameters=[@p6='?' (Size = 10), @p0='?' (DbType = Boolean), @p1='?' (Size = 64), @p2='?' (Size = 2), @p3='?' (DbType = Int64), @p4='?' (DbType = Boolean), @p5='?' (DbType = DateTimeOffset)], CommandType='Text', CommandTimeout='30']
UPDATE "SessionRecoveries" SET "DepartureSafe" = @p0, "SafetyHash" = @p1, "SafetyReasonCodesJson" = @p2, "SafetyRevision" = @p3, "SafetyUnknownPresent" = @p4, "UpdatedAt" = @p5
WHERE "AgvId" = @p6
RETURNING 1;
[17:41:11 INF] Executed DbCommand (0ms) [Parameters=[@p0='?' (Size = 36), @p1='?' (Size = 64), @p2='?' (Size = 624), @p3='?' (Size = 19), @p4='?' (DbType = DateTimeOffset), @p5='?' (Size = 1971)], CommandType='Text', CommandTimeout='30']
INSERT INTO "ProtocolInbox" ("MessageId", "ContentHash", "FirstResponseJson", "MessageType", "ReceivedAt", "RequestJson")
VALUES (@p0, @p1, @p2, @p3, @p4, @p5);
[17:41:11 INF] Executed DbCommand (0ms) [Parameters=[@__messageId_0='?' (Size = 36)], CommandType='Text', CommandTimeout='30']
SELECT "p"."MessageId", "p"."ContentHash", "p"."FirstResponseJson", "p"."MessageType", "p"."ReceivedAt", "p"."RequestJson"
FROM "ProtocolInbox" AS "p"
WHERE "p"."MessageId" = @__messageId_0
LIMIT 2
[17:41:11 INF] Executed DbCommand (0ms) [Parameters=[@__agvId_0='?' (Size = 10)], CommandType='Text', CommandTimeout='30']
SELECT "s"."AgvId", "s"."ActiveUnlockSlotsJson", "s"."CapabilityHash", "s"."CapabilityRevision", "s"."DepartureSafe", "s"."ForcedRecoveryGeneration", "s"."ManifestSha256", "s"."PendingAttemptIdsJson", "s"."PendingResultIdsJson", "s"."ProfileId", "s"."ProtocolCommit", "s"."ProtocolVersion", "s"."ProvenRecoveryCheckpoint", "s"."Readiness", "s"."ReasonCode", "s"."RecoveryReportId", "s"."ReportedForcedRecoveryGeneration", "s"."SafetyHash", "s"."SafetyReasonCodesJson", "s"."SafetyRevision", "s"."SafetyUnknownPresent", "s"."SessionGeneration", "s"."UnsettledSlotOperationAttemptId", "s"."UpdatedAt"
FROM "SessionRecoveries" AS "s"
WHERE "s"."AgvId" = @__agvId_0
LIMIT 2
[17:41:11 INF] Executed DbCommand (0ms) [Parameters=[@__agvId_0='?' (Size = 10)], CommandType='Text', CommandTimeout='30']
SELECT "v"."ForcedRecoveryGeneration"
FROM "VehicleRecoveryGenerations" AS "v"
WHERE "v"."AgvId" = @__agvId_0
LIMIT 2
[17:41:11 INF] Executed DbCommand (0ms) [Parameters=[@p4='?' (Size = 10), @p0='?' (Size = 4), @p1='?' (Size = 31), @p2='?' (Size = 36), @p3='?' (DbType = DateTimeOffset)], CommandType='Text', CommandTimeout='30']
UPDATE "SessionRecoveries" SET "ProvenRecoveryCheckpoint" = @p0, "ReasonCode" = @p1, "RecoveryReportId" = @p2, "UpdatedAt" = @p3
WHERE "AgvId" = @p4
RETURNING 1;
[17:41:11 INF] Executed DbCommand (0ms) [Parameters=[@__agvId_0='?' (Size = 10)], CommandType='Text', CommandTimeout='30']
SELECT "s"."AgvId", "s"."ActiveUnlockSlotsJson", "s"."CapabilityHash", "s"."CapabilityRevision", "s"."DepartureSafe", "s"."ForcedRecoveryGeneration", "s"."ManifestSha256", "s"."PendingAttemptIdsJson", "s"."PendingResultIdsJson", "s"."ProfileId", "s"."ProtocolCommit", "s"."ProtocolVersion", "s"."ProvenRecoveryCheckpoint", "s"."Readiness", "s"."ReasonCode", "s"."RecoveryReportId", "s"."ReportedForcedRecoveryGeneration", "s"."SafetyHash", "s"."SafetyReasonCodesJson", "s"."SafetyRevision", "s"."SafetyUnknownPresent", "s"."SessionGeneration", "s"."UnsettledSlotOperationAttemptId", "s"."UpdatedAt"
FROM "SessionRecoveries" AS "s"
WHERE "s"."AgvId" = @__agvId_0
LIMIT 2
[17:41:11 INF] Executed DbCommand (0ms) [Parameters=[@__agvId_0='?' (Size = 10)], CommandType='Text', CommandTimeout='30']
SELECT EXISTS (
    SELECT 1
    FROM "StationOperations" AS "s"
    INNER JOIN "JourneyDemands" AS "j" ON "s"."DemandId" = "j"."DemandId"
    INNER JOIN "JourneyRuntimes" AS "j0" ON "j"."JourneyId" = "j0"."JourneyId"
    WHERE "j0"."AgvId" = @__agvId_0 AND "s"."Status" = 'RecoveryRequired')
[17:41:11 INF] Executed DbCommand (0ms) [Parameters=[@p3='?' (Size = 10), @p0='?' (Size = 5), @p1='?' (Size = 5), @p2='?' (DbType = DateTimeOffset)], CommandType='Text', CommandTimeout='30']
UPDATE "SessionRecoveries" SET "Readiness" = @p0, "ReasonCode" = @p1, "UpdatedAt" = @p2
WHERE "AgvId" = @p3
RETURNING 1;
[17:41:11 INF] Executed DbCommand (0ms) [Parameters=[@p0='?' (Size = 36), @p1='?' (Size = 64), @p2='?' (Size = 1236), @p3='?' (Size = 19), @p4='?' (DbType = DateTimeOffset), @p5='?' (Size = 731)], CommandType='Text', CommandTimeout='30']
INSERT INTO "ProtocolInbox" ("MessageId", "ContentHash", "FirstResponseJson", "MessageType", "ReceivedAt", "RequestJson")
VALUES (@p0, @p1, @p2, @p3, @p4, @p5);
[17:41:11 INF] Executed DbCommand (0ms) [Parameters=[@__agvId_0='?' (Size = 10)], CommandType='Text', CommandTimeout='30']
SELECT "r"."CommandMessageId"
FROM "RecoveryWorkflows" AS "r"
WHERE "r"."AgvId" = @__agvId_0 AND "r"."CommandMessageId" IS NOT NULL AND "r"."State" <> 'Reconciled' AND "r"."State" <> 'HistoricalOnly'
[17:41:11 INF] Executed DbCommand (0ms) [Parameters=[], CommandType='Text', CommandTimeout='30']
SELECT "p"."MessageId", "p"."AcknowledgedAt", "p"."CreatedAt", "p"."FencedAt", "p"."MessageType", "p"."PayloadJson"
FROM "ProtocolOutbox" AS "p"
WHERE "p"."MessageType" = 'ExceptionRecoverySessionSnapshot' AND "p"."AcknowledgedAt" IS NULL AND "p"."FencedAt" IS NULL
[17:41:11 INF] Executed DbCommand (0ms) [Parameters=[@__messageId_0='?' (Size = 36)], CommandType='Text', CommandTimeout='30']
SELECT "p"."MessageId", "p"."ContentHash", "p"."FirstResponseJson", "p"."MessageType", "p"."ReceivedAt", "p"."RequestJson"
FROM "ProtocolInbox" AS "p"
WHERE "p"."MessageId" = @__messageId_0
LIMIT 2
[17:41:11 INF] Executed DbCommand (0ms) [Parameters=[@__agvId_0='?' (Size = 10)], CommandType='Text', CommandTimeout='30']
SELECT "s"."AgvId", "s"."ActiveUnlockSlotsJson", "s"."CapabilityHash", "s"."CapabilityRevision", "s"."DepartureSafe", "s"."ForcedRecoveryGeneration", "s"."ManifestSha256", "s"."PendingAttemptIdsJson", "s"."PendingResultIdsJson", "s"."ProfileId", "s"."ProtocolCommit", "s"."ProtocolVersion", "s"."ProvenRecoveryCheckpoint", "s"."Readiness", "s"."ReasonCode", "s"."RecoveryReportId", "s"."ReportedForcedRecoveryGeneration", "s"."SafetyHash", "s"."SafetyReasonCodesJson", "s"."SafetyRevision", "s"."SafetyUnknownPresent", "s"."SessionGeneration", "s"."UnsettledSlotOperationAttemptId", "s"."UpdatedAt"
FROM "SessionRecoveries" AS "s"
WHERE "s"."AgvId" = @__agvId_0
LIMIT 2
[17:41:11 INF] Executed DbCommand (0ms) [Parameters=[@p5='?' (Size = 10), @p0='?' (Size = 16), @p1='?' (Size = 20), @p2='?' (Size = 64), @p3='?' (DbType = Int64), @p4='?' (DbType = DateTimeOffset)], CommandType='Text', CommandTimeout='30']
UPDATE "SessionRecoveries" SET "Readiness" = @p0, "ReasonCode" = @p1, "SafetyHash" = @p2, "SafetyRevision" = @p3, "UpdatedAt" = @p4
WHERE "AgvId" = @p5
RETURNING 1;
[17:41:11 INF] Executed DbCommand (0ms) [Parameters=[@__agvId_0='?' (Size = 10)], CommandType='Text', CommandTimeout='30']
SELECT "s"."AgvId", "s"."ActiveUnlockSlotsJson", "s"."CapabilityHash", "s"."CapabilityRevision", "s"."DepartureSafe", "s"."ForcedRecoveryGeneration", "s"."ManifestSha256", "s"."PendingAttemptIdsJson", "s"."PendingResultIdsJson", "s"."ProfileId", "s"."ProtocolCommit", "s"."ProtocolVersion", "s"."ProvenRecoveryCheckpoint", "s"."Readiness", "s"."ReasonCode", "s"."RecoveryReportId", "s"."ReportedForcedRecoveryGeneration", "s"."SafetyHash", "s"."SafetyReasonCodesJson", "s"."SafetyRevision", "s"."SafetyUnknownPresent", "s"."SessionGeneration", "s"."UnsettledSlotOperationAttemptId", "s"."UpdatedAt"
FROM "SessionRecoveries" AS "s"
WHERE "s"."AgvId" = @__agvId_0
LIMIT 2
[17:41:11 INF] Executed DbCommand (0ms) [Parameters=[@__agvId_0='?' (Size = 10)], CommandType='Text', CommandTimeout='30']
SELECT EXISTS (
    SELECT 1
    FROM "StationOperations" AS "s"
    INNER JOIN "JourneyDemands" AS "j" ON "s"."DemandId" = "j"."DemandId"
    INNER JOIN "JourneyRuntimes" AS "j0" ON "j"."JourneyId" = "j0"."JourneyId"
    WHERE "j0"."AgvId" = @__agvId_0 AND "s"."Status" = 'RecoveryRequired')
[17:41:11 INF] Executed DbCommand (0ms) [Parameters=[@p3='?' (Size = 10), @p0='?' (Size = 5), @p1='?' (Size = 5), @p2='?' (DbType = DateTimeOffset)], CommandType='Text', CommandTimeout='30']
UPDATE "SessionRecoveries" SET "Readiness" = @p0, "ReasonCode" = @p1, "UpdatedAt" = @p2
WHERE "AgvId" = @p3
RETURNING 1;
[17:41:11 INF] Executed DbCommand (0ms) [Parameters=[@p0='?' (Size = 36), @p1='?' (Size = 64), @p2='?' (Size = 1235), @p3='?' (Size = 18), @p4='?' (DbType = DateTimeOffset), @p5='?' (Size = 653)], CommandType='Text', CommandTimeout='30']
INSERT INTO "ProtocolInbox" ("MessageId", "ContentHash", "FirstResponseJson", "MessageType", "ReceivedAt", "RequestJson")
VALUES (@p0, @p1, @p2, @p3, @p4, @p5);
[17:41:11 INF] Executed DbCommand (0ms) [Parameters=[], CommandType='Text', CommandTimeout='30']
SELECT EXISTS (
    SELECT 1
    FROM "SessionRecoveries" AS "s"
    WHERE "s"."Readiness" = 'Ready')
[17:41:11 INF] HTTP GET /health/ready responded 200 in 2.7714 ms
[17:41:12 INF] Start processing HTTP request GET http://127.0.0.1:58408/api/imap/v1/mapInfo/stations/25
[17:41:12 INF] Sending HTTP request GET http://127.0.0.1:58408/api/imap/v1/mapInfo/stations/25
[17:41:12 INF] Received HTTP response headers after 0.8998ms - 200
[17:41:12 INF] End processing HTTP request after 1.9653ms - 200
[17:41:12 INF] Executed DbCommand (0ms) [Parameters=[], CommandType='Text', CommandTimeout='30']
SELECT "a"."Id", "a"."ContentHash", "a"."DeploymentId", "a"."ImportedAt", "a"."Version"
FROM "AdmissionPolicyState" AS "a"
WHERE "a"."Id" = 1
LIMIT 2
[17:41:12 INF] Executed DbCommand (0ms) [Parameters=[], CommandType='Text', CommandTimeout='30']
SELECT "j"."JourneyId", "j"."AgvId", "j"."AgvLifecycleGeneration", "j"."BlockReasonCode", "j"."CreatedAt", "j"."CurrentStopSequence", "j"."DispatchGeneration", "j"."DispatchZone", "j"."GateStationId", "j"."GateStationRiotId", "j"."HoldingStartedAt", "j"."LoadingClosedReason", "j"."MapId", "j"."MapIdentity", "j"."NextStopSequence", "j"."OperationSessionId", "j"."PlanRevision", "j"."Stage", "j"."UpdatedAt", "j"."VehicleBusinessRevision", "j"."VehicleKey", "j"."WorklistRevision"
FROM "JourneyRuntimes" AS "j"
WHERE "j"."Stage" <> 'Completed'
[17:41:12 INF] Executed DbCommand (0ms) [Parameters=[], CommandType='Text', CommandTimeout='30']
SELECT "a"."DemandId"
FROM "AcceptedDemands" AS "a"
WHERE "a"."Status" NOT IN ('Succeeded', 'Cancelled')
[17:41:12 INF] Executed DbCommand (0ms) [Parameters=[], CommandType='Text', CommandTimeout='30']
SELECT "j"."DemandId"
FROM "JourneyDemands" AS "j"
[17:41:12 INF] Executed DbCommand (0ms) [Parameters=[@__runtimeOptions_VehicleKey_0='?' (Size = 15)], CommandType='Text', CommandTimeout='30']
SELECT "a"."ChargingRunId", "a"."AgvId", "a"."BlockReasonCode", "a"."ChargerStationId", "a"."ChargerStationRiotId", "a"."CreatedAt", "a"."MovementLegId", "a"."ReleasedAtBatteryPercent", "a"."Stage", "a"."TriggeredAtBatteryPercent", "a"."UpdatedAt", "a"."UpperId", "a"."VehicleKey"
FROM "AutoChargingRuns" AS "a"
WHERE "a"."VehicleKey" = @__runtimeOptions_VehicleKey_0 AND "a"."Stage" <> 'Completed'
[17:41:12 INF] Start processing HTTP request GET http://127.0.0.1:58408/api/task/vehicles/getVehicleInfoByDeviceKey?key=BROKERX-L2-0001
[17:41:12 INF] Sending HTTP request GET http://127.0.0.1:58408/api/task/vehicles/getVehicleInfoByDeviceKey?key=BROKERX-L2-0001
[17:41:12 INF] Received HTTP response headers after 0.971ms - 200
[17:41:12 INF] End processing HTTP request after 1.9697ms - 200
[17:41:12 INF] Start processing HTTP request GET http://127.0.0.1:58409/api/v2/contract
[17:41:12 INF] Sending HTTP request GET http://127.0.0.1:58409/api/v2/contract
[17:41:12 INF] Received HTTP response headers after 0.8246ms - 200
[17:41:12 INF] End processing HTTP request after 1.7035ms - 200
[17:41:12 INF] Start processing HTTP request GET http://127.0.0.1:58409/api/v2/externally-readable-demand-catalog
[17:41:12 INF] Sending HTTP request GET http://127.0.0.1:58409/api/v2/externally-readable-demand-catalog
[17:41:12 INF] Received HTTP response headers after 3.2374ms - 200
[17:41:12 INF] End processing HTTP request after 4.0563ms - 200
[17:41:12 INF] Executed DbCommand (0ms) [Parameters=[@__agvId_0='?' (Size = 10)], CommandType='Text', CommandTimeout='30']
SELECT "s"."AgvId", "s"."ActiveUnlockSlotsJson", "s"."CapabilityHash", "s"."CapabilityRevision", "s"."DepartureSafe", "s"."ForcedRecoveryGeneration", "s"."ManifestSha256", "s"."PendingAttemptIdsJson", "s"."PendingResultIdsJson", "s"."ProfileId", "s"."ProtocolCommit", "s"."ProtocolVersion", "s"."ProvenRecoveryCheckpoint", "s"."Readiness", "s"."ReasonCode", "s"."RecoveryReportId", "s"."ReportedForcedRecoveryGeneration", "s"."SafetyHash", "s"."SafetyReasonCodesJson", "s"."SafetyRevision", "s"."SafetyUnknownPresent", "s"."SessionGeneration", "s"."UnsettledSlotOperationAttemptId", "s"."UpdatedAt"
FROM "SessionRecoveries" AS "s"
WHERE "s"."AgvId" = @__agvId_0 AND "s"."Readiness" = 'Ready'
LIMIT 2
[17:41:12 INF] Executed DbCommand (0ms) [Parameters=[@__messageType_0='?' (Size = 18)], CommandType='Text', CommandTimeout='30']
SELECT "p"."MessageId", "p"."ContentHash", "p"."FirstResponseJson", "p"."MessageType", "p"."ReceivedAt", "p"."RequestJson"
FROM "ProtocolInbox" AS "p"
WHERE "p"."MessageType" = @__messageType_0
[17:41:12 INF] Executed DbCommand (0ms) [Parameters=[@__messageType_0='?' (Size = 19)], CommandType='Text', CommandTimeout='30']
SELECT "p"."MessageId", "p"."ContentHash", "p"."FirstResponseJson", "p"."MessageType", "p"."ReceivedAt", "p"."RequestJson"
FROM "ProtocolInbox" AS "p"
WHERE "p"."MessageType" = @__messageType_0
[17:41:12 INF] Executed DbCommand (0ms) [Parameters=[], CommandType='Text', CommandTimeout='30']
SELECT "p"."MessageId", "p"."ContentHash", "p"."FirstResponseJson", "p"."MessageType", "p"."ReceivedAt", "p"."RequestJson"
FROM "ProtocolInbox" AS "p"
WHERE "p"."MessageType" IN ('SafetyStateSnapshot', 'SafetyStateChanged')
[17:41:12 INF] Executed DbCommand (0ms) [Parameters=[], CommandType='Text', CommandTimeout='30']
SELECT "p"."MessageId", "p"."ContentHash", "p"."FirstResponseJson", "p"."MessageType", "p"."ReceivedAt", "p"."RequestJson"
FROM "ProtocolInbox" AS "p"
[17:41:12 INF] Start processing HTTP request GET http://127.0.0.1:58408/api/task/v1/task/getVehicleInfo/BROKERX-L2-0001
[17:41:12 INF] Sending HTTP request GET http://127.0.0.1:58408/api/task/v1/task/getVehicleInfo/BROKERX-L2-0001
[17:41:12 INF] Received HTTP response headers after 0.9102ms - 200
[17:41:12 INF] Start processing HTTP request GET http://127.0.0.1:58408/api/task/vehicles/getVehicleInfoByDeviceKey?key=BROKERX-L2-0001
[17:41:12 INF] End processing HTTP request after 1.8741ms - 200
[17:41:12 INF] Sending HTTP request GET http://127.0.0.1:58408/api/task/vehicles/getVehicleInfoByDeviceKey?key=BROKERX-L2-0001
[17:41:12 INF] Start processing HTTP request GET http://127.0.0.1:58408/api/order/v1/orderRecord?pageNum=1&pageSize=100&filterByState=1&filterByState=3&filterByState=7&filterByState=9
[17:41:12 INF] Sending HTTP request GET http://127.0.0.1:58408/api/order/v1/orderRecord?pageNum=1&pageSize=100&filterByState=1&filterByState=3&filterByState=7&filterByState=9
[17:41:12 INF] Received HTTP response headers after 0.7177ms - 200
[17:41:12 INF] End processing HTTP request after 2.151ms - 200
[17:41:12 INF] Received HTTP response headers after 0.7984ms - 200
[17:41:12 INF] Executed DbCommand (0ms) [Parameters=[], CommandType='Text', CommandTimeout='30']
SELECT "j"."DemandId", "j"."AcceptedAt", "j"."DecisionFingerprint", "j"."DemandCreatedAt", "j"."FirstSeenAt", "j"."LastSeenAt", "j"."ReasonCode", "j"."TransportDemandKey"
FROM "JourneyBacklog" AS "j"
[17:41:12 INF] End processing HTTP request after 1.8172ms - 200
[17:41:12 INF] Executed DbCommand (0ms) [Parameters=[], CommandType='Text', CommandTimeout='30']
SELECT "a"."DemandId"
FROM "AcceptedDemands" AS "a"
[17:41:12 INF] HTTP GET /api/onboard/v1/vehicle-safety responded 200 in 7.0645 ms
[17:41:12 INF] Executed DbCommand (0ms) [Parameters=[], CommandType='Text', CommandTimeout='30']
SELECT "t"."TransportDemandKey"
FROM "TransportDemandSuppressions" AS "t"
[17:41:12 INF] Executed DbCommand (0ms) [Parameters=[], CommandType='Text', CommandTimeout='30']
SELECT "p"."RuleId", "p"."EffectiveAt", "p"."MatchType", "p"."MaxBoxesPerBasket", "p"."Pattern", "p"."Source", "p"."SupersededAt", "p"."Version"
FROM "PackageCapacityRules" AS "p"
WHERE "p"."SupersededAt" IS NULL
[17:41:12 INF] Executed DbCommand (0ms) [Parameters=[@__package_0='?' (Size = 10)], CommandType='Text', CommandTimeout='30']
SELECT "m"."Package", "m"."FirstSeenAt", "m"."LastSeenAt", "m"."Status"
FROM "MissingPackages" AS "m"
WHERE "m"."Package" = @__package_0
LIMIT 2
[17:41:12 INF] Executed DbCommand (0ms) [Parameters=[@__stationId_0='?' (Size = 9), @__taskType_1='?' (Size = 12)], CommandType='Text', CommandTimeout='30']
SELECT EXISTS (
    SELECT 1
    FROM "StationTaskTypeAdmissions" AS "s"
    WHERE "s"."StationId" = @__stationId_0 AND "s"."TaskType" = @__taskType_1)
[17:41:12 INF] Start processing HTTP request GET http://127.0.0.1:58409/api/v2/sublot-box-count?sublot=L2-SUBLOT-20260909T094024133Z
[17:41:12 INF] Sending HTTP request GET http://127.0.0.1:58409/api/v2/sublot-box-count?sublot=L2-SUBLOT-20260909T094024133Z
[17:41:12 INF] Received HTTP response headers after 8.4487ms - 200
[17:41:12 INF] End processing HTTP request after 9.1358ms - 200
[17:41:12 INF] Executed DbCommand (2ms) [Parameters=[@p0='?' (Size = 36), @p1='?' (DbType = DateTimeOffset), @p2='?' (Size = 64), @p3='?' (DbType = DateTimeOffset), @p4='?' (DbType = DateTimeOffset), @p5='?' (DbType = DateTimeOffset), @p6='?' (Size = 8), @p7='?' (Size = 42)], CommandType='Text', CommandTimeout='30']
INSERT INTO "JourneyBacklog" ("DemandId", "AcceptedAt", "DecisionFingerprint", "DemandCreatedAt", "FirstSeenAt", "LastSeenAt", "ReasonCode", "TransportDemandKey")
VALUES (@p0, @p1, @p2, @p3, @p4, @p5, @p6, @p7);
[17:41:12 INF] Executed DbCommand (0ms) [Parameters=[@__runtimeOptions_VehicleKey_0='?' (Size = 15)], CommandType='Text', CommandTimeout='30']
SELECT EXISTS (
    SELECT 1
    FROM "VehicleDispatchLeases" AS "v"
    WHERE "v"."VehicleKey" = @__runtimeOptions_VehicleKey_0 AND "v"."ReleasedAt" IS NULL)
[17:41:12 INF] Executed DbCommand (0ms) [Parameters=[@__agvId_0='?' (Size = 10)], CommandType='Text', CommandTimeout='30']
SELECT "s"."AgvId", "s"."ActiveUnlockSlotsJson", "s"."CapabilityHash", "s"."CapabilityRevision", "s"."DepartureSafe", "s"."ForcedRecoveryGeneration", "s"."ManifestSha256", "s"."PendingAttemptIdsJson", "s"."PendingResultIdsJson", "s"."ProfileId", "s"."ProtocolCommit", "s"."ProtocolVersion", "s"."ProvenRecoveryCheckpoint", "s"."Readiness", "s"."ReasonCode", "s"."RecoveryReportId", "s"."ReportedForcedRecoveryGeneration", "s"."SafetyHash", "s"."SafetyReasonCodesJson", "s"."SafetyRevision", "s"."SafetyUnknownPresent", "s"."SessionGeneration", "s"."UnsettledSlotOperationAttemptId", "s"."UpdatedAt"
FROM "SessionRecoveries" AS "s"
WHERE "s"."AgvId" = @__agvId_0 AND "s"."Readiness" = 'Ready'
LIMIT 2
[17:41:12 INF] Executed DbCommand (0ms) [Parameters=[@__messageType_0='?' (Size = 18)], CommandType='Text', CommandTimeout='30']
SELECT "p"."MessageId", "p"."ContentHash", "p"."FirstResponseJson", "p"."MessageType", "p"."ReceivedAt", "p"."RequestJson"
FROM "ProtocolInbox" AS "p"
WHERE "p"."MessageType" = @__messageType_0
[17:41:12 INF] Executed DbCommand (0ms) [Parameters=[@__messageType_0='?' (Size = 19)], CommandType='Text', CommandTimeout='30']
SELECT "p"."MessageId", "p"."ContentHash", "p"."FirstResponseJson", "p"."MessageType", "p"."ReceivedAt", "p"."RequestJson"
FROM "ProtocolInbox" AS "p"
WHERE "p"."MessageType" = @__messageType_0
[17:41:12 INF] Executed DbCommand (0ms) [Parameters=[], CommandType='Text', CommandTimeout='30']
SELECT "p"."MessageId", "p"."ContentHash", "p"."FirstResponseJson", "p"."MessageType", "p"."ReceivedAt", "p"."RequestJson"
FROM "ProtocolInbox" AS "p"
WHERE "p"."MessageType" IN ('SafetyStateSnapshot', 'SafetyStateChanged')
[17:41:12 INF] Executed DbCommand (0ms) [Parameters=[], CommandType='Text', CommandTimeout='30']
SELECT "p"."MessageId", "p"."ContentHash", "p"."FirstResponseJson", "p"."MessageType", "p"."ReceivedAt", "p"."RequestJson"
FROM "ProtocolInbox" AS "p"
[17:41:12 INF] Start processing HTTP request GET http://127.0.0.1:58408/api/task/vehicles/getVehicleInfoByDeviceKey?key=BROKERX-L2-0001
[17:41:12 INF] Sending HTTP request GET http://127.0.0.1:58408/api/task/vehicles/getVehicleInfoByDeviceKey?key=BROKERX-L2-0001
[17:41:12 INF] Received HTTP response headers after 0.8552ms - 200
[17:41:12 INF] End processing HTTP request after 1.7312ms - 200
[17:41:12 INF] Start processing HTTP request GET http://127.0.0.1:58409/api/v2/contract
[17:41:12 INF] Sending HTTP request GET http://127.0.0.1:58409/api/v2/contract
[17:41:12 INF] Received HTTP response headers after 1.3504ms - 200
[17:41:12 INF] End processing HTTP request after 2.7082ms - 200
[17:41:12 INF] Start processing HTTP request GET http://127.0.0.1:58409/api/v2/externally-readable-demand-catalog
[17:41:12 INF] Sending HTTP request GET http://127.0.0.1:58409/api/v2/externally-readable-demand-catalog
[17:41:12 INF] Received HTTP response headers after 0.8965ms - 200
[17:41:12 INF] End processing HTTP request after 2.0104ms - 200
[17:41:12 INF] Executed DbCommand (0ms) [Parameters=[@__agvId_0='?' (Size = 10)], CommandType='Text', CommandTimeout='30']
SELECT "s"."AgvId", "s"."ActiveUnlockSlotsJson", "s"."CapabilityHash", "s"."CapabilityRevision", "s"."DepartureSafe", "s"."ForcedRecoveryGeneration", "s"."ManifestSha256", "s"."PendingAttemptIdsJson", "s"."PendingResultIdsJson", "s"."ProfileId", "s"."ProtocolCommit", "s"."ProtocolVersion", "s"."ProvenRecoveryCheckpoint", "s"."Readiness", "s"."ReasonCode", "s"."RecoveryReportId", "s"."ReportedForcedRecoveryGeneration", "s"."SafetyHash", "s"."SafetyReasonCodesJson", "s"."SafetyRevision", "s"."SafetyUnknownPresent", "s"."SessionGeneration", "s"."UnsettledSlotOperationAttemptId", "s"."UpdatedAt"
FROM "SessionRecoveries" AS "s"
WHERE "s"."AgvId" = @__agvId_0 AND "s"."Readiness" = 'Ready'
LIMIT 2
[17:41:12 INF] Executed DbCommand (0ms) [Parameters=[@__messageType_0='?' (Size = 18)], CommandType='Text', CommandTimeout='30']
SELECT "p"."MessageId", "p"."ContentHash", "p"."FirstResponseJson", "p"."MessageType", "p"."ReceivedAt", "p"."RequestJson"
FROM "ProtocolInbox" AS "p"
WHERE "p"."MessageType" = @__messageType_0
[17:41:12 INF] Executed DbCommand (0ms) [Parameters=[@__messageType_0='?' (Size = 19)], CommandType='Text', CommandTimeout='30']
SELECT "p"."MessageId", "p"."ContentHash", "p"."FirstResponseJson", "p"."MessageType", "p"."ReceivedAt", "p"."RequestJson"
FROM "ProtocolInbox" AS "p"
WHERE "p"."MessageType" = @__messageType_0
[17:41:12 INF] Executed DbCommand (0ms) [Parameters=[], CommandType='Text', CommandTimeout='30']
SELECT "p"."MessageId", "p"."ContentHash", "p"."FirstResponseJson", "p"."MessageType", "p"."ReceivedAt", "p"."RequestJson"
FROM "ProtocolInbox" AS "p"
WHERE "p"."MessageType" IN ('SafetyStateSnapshot', 'SafetyStateChanged')
[17:41:12 INF] Executed DbCommand (0ms) [Parameters=[], CommandType='Text', CommandTimeout='30']
SELECT "p"."MessageId", "p"."ContentHash", "p"."FirstResponseJson", "p"."MessageType", "p"."ReceivedAt", "p"."RequestJson"
FROM "ProtocolInbox" AS "p"
[17:41:12 INF] Start processing HTTP request GET http://127.0.0.1:58408/api/task/vehicles/getVehicleInfoByDeviceKey?key=BROKERX-L2-0001
[17:41:12 INF] Sending HTTP request GET http://127.0.0.1:58408/api/task/vehicles/getVehicleInfoByDeviceKey?key=BROKERX-L2-0001
[17:41:12 INF] Received HTTP response headers after 0.8416ms - 200
[17:41:12 INF] End processing HTTP request after 1.6459ms - 200
[17:41:12 INF] Executed DbCommand (0ms) [Parameters=[@__snapshot_DemandId_0='?' (Size = 36), @__snapshot_TransportDemandKey_1='?' (Size = 42)], CommandType='Text', CommandTimeout='30']
SELECT "a"."DemandId", "a"."AcceptedAt", "a"."CatalogRevision", "a"."CreatedAt", "a"."DemandRevision", "a"."Generation", "a"."HistoryEpoch", "a"."LiveMesFieldsJson", "a"."SeriesId", "a"."Status", "a"."Sublot", "a"."TransportDemandKey", "a"."ValueObservedAt", "a"."ValuePollTraceId", "a"."ValueProjectionCommitId", "a"."WorkType"
FROM "AcceptedDemands" AS "a"
WHERE "a"."DemandId" = @__snapshot_DemandId_0 OR "a"."TransportDemandKey" = @__snapshot_TransportDemandKey_1
LIMIT 2
[17:41:12 INF] Executed DbCommand (0ms) [Parameters=[@__orderIntent_VehicleKey_0='?' (Size = 15)], CommandType='Text', CommandTimeout='30']
SELECT "v"."JourneyId", "v"."AcquiredAt", "v"."ReleasedAt", "v"."VehicleKey"
FROM "VehicleDispatchLeases" AS "v"
WHERE "v"."VehicleKey" = @__orderIntent_VehicleKey_0 AND "v"."ReleasedAt" IS NULL
LIMIT 2
[17:41:12 INF] Executed DbCommand (0ms) [Parameters=[@__runtime_AgvId_0='?' (Size = 10)], CommandType='Text', CommandTimeout='30']
SELECT MAX("j"."VehicleBusinessRevision") AS "VehicleBusiness", MAX("j"."WorklistRevision") AS "Worklist", MAX("j"."PlanRevision") AS "Plan"
FROM "JourneyRuntimes" AS "j"
WHERE "j"."AgvId" = @__runtime_AgvId_0
GROUP BY "j"."AgvId"
LIMIT 2
[17:41:12 INF] Executed DbCommand (0ms) [Parameters=[@__snapshot_DemandId_0='?' (Size = 36)], CommandType='Text', CommandTimeout='30']
SELECT "j"."DemandId", "j"."AcceptedAt", "j"."DecisionFingerprint", "j"."DemandCreatedAt", "j"."FirstSeenAt", "j"."LastSeenAt", "j"."ReasonCode", "j"."TransportDemandKey"
FROM "JourneyBacklog" AS "j"
WHERE "j"."DemandId" = @__snapshot_DemandId_0
LIMIT 2
[17:41:12 INF] Executed DbCommand (0ms) [Parameters=[@p0='?' (Size = 36), @p1='?' (DbType = DateTimeOffset), @p2='?' (DbType = Int64), @p3='?' (DbType = DateTimeOffset), @p4='?' (DbType = Int64), @p5='?' (DbType = Int32), @p6='?' (Size = 36), @p7='?' (Size = 89), @p8='?' (Size = 39), @p9='?' (Size = 8), @p10='?' (Size = 29), @p11='?' (Size = 42), @p12='?' (DbType = DateTimeOffset), @p13='?' (Size = 38), @p14='?' (Size = 39), @p15='?' (Size = 12)], CommandType='Text', CommandTimeout='30']
INSERT INTO "AcceptedDemands" ("DemandId", "AcceptedAt", "CatalogRevision", "CreatedAt", "DemandRevision", "Generation", "HistoryEpoch", "LiveMesFieldsJson", "SeriesId", "Status", "Sublot", "TransportDemandKey", "ValueObservedAt", "ValuePollTraceId", "ValueProjectionCommitId", "WorkType")
VALUES (@p0, @p1, @p2, @p3, @p4, @p5, @p6, @p7, @p8, @p9, @p10, @p11, @p12, @p13, @p14, @p15);
[17:41:12 INF] Executed DbCommand (0ms) [Parameters=[@p3='?' (Size = 36), @p0='?' (DbType = DateTimeOffset), @p1='?' (DbType = DateTimeOffset), @p2='?' (Size = 8)], CommandType='Text', CommandTimeout='30']
UPDATE "JourneyBacklog" SET "AcceptedAt" = @p0, "LastSeenAt" = @p1, "ReasonCode" = @p2
WHERE "DemandId" = @p3
RETURNING 1;
[17:41:12 INF] Executed DbCommand (0ms) [Parameters=[@p0='?' (Size = 36), @p1='?' (Size = 36), @p2='?', @p3='?' (DbType = DateTimeOffset), @p4='?' (DbType = Int32), @p5='?' (Size = 36), @p6='?' (DbType = DateTimeOffset), @p7='?' (Size = 36), @p8='?' (DbType = DateTimeOffset), @p9='?' (Size = 7), @p10='?' (DbType = Int32), @p11='?' (Size = 3), @p12='?' (Size = 36), @p13='?' (DbType = DateTimeOffset), @p14='?' (Size = 36)], CommandType='Text', CommandTimeout='30']
INSERT INTO "JourneyDemands" ("DemandId", "JourneyId", "ConsumedSublotMessageId", "CreatedAt", "ExpectedBasketCount", "LoadCommandMessageId", "LoadCommandedAt", "LoadSlotOperationAttemptId", "LoadedAt", "State", "StopSequence", "TargetSlotsJson", "UnloadCommandMessageId", "UnloadCommandedAt", "UnloadSlotOperationAttemptId")
VALUES (@p0, @p1, @p2, @p3, @p4, @p5, @p6, @p7, @p8, @p9, @p10, @p11, @p12, @p13, @p14);
[17:41:12 INF] Executed DbCommand (0ms) [Parameters=[@p0='?' (Size = 36), @p1='?' (Size = 10), @p2='?' (DbType = Int64), @p3='?', @p4='?' (DbType = DateTimeOffset), @p5='?' (DbType = Int32), @p6='?' (DbType = Int64), @p7='?' (Size = 19), @p8='?' (Size = 2), @p9='?' (DbType = Int32), @p10='?' (DbType = DateTimeOffset), @p11='?', @p12='?' (DbType = Int32), @p13='?' (Size = 6), @p14='?' (DbType = Int32), @p15='?' (Size = 36), @p16='?' (DbType = Int64), @p17='?' (Size = 21), @p18='?' (DbType = DateTimeOffset), @p19='?' (DbType = Int64), @p20='?' (Size = 15), @p21='?' (DbType = Int64)], CommandType='Text', CommandTimeout='30']
INSERT INTO "JourneyRuntimes" ("JourneyId", "AgvId", "AgvLifecycleGeneration", "BlockReasonCode", "CreatedAt", "CurrentStopSequence", "DispatchGeneration", "DispatchZone", "GateStationId", "GateStationRiotId", "HoldingStartedAt", "LoadingClosedReason", "MapId", "MapIdentity", "NextStopSequence", "OperationSessionId", "PlanRevision", "Stage", "UpdatedAt", "VehicleBusinessRevision", "VehicleKey", "WorklistRevision")
VALUES (@p0, @p1, @p2, @p3, @p4, @p5, @p6, @p7, @p8, @p9, @p10, @p11, @p12, @p13, @p14, @p15, @p16, @p17, @p18, @p19, @p20, @p21);
[17:41:12 INF] Executed DbCommand (0ms) [Parameters=[@p0='?' (Size = 36), @p1='?' (DbType = Int32), @p2='?', @p3='?' (DbType = DateTimeOffset), @p4='?' (Size = 9), @p5='?' (DbType = Int32), @p6='?' (Size = 36), @p7='?' (Size = 36), @p8='?' (DbType = Int64), @p9='?' (Size = 36), @p10='?' (Size = 36), @p11='?' (Size = 6), @p12='?' (Size = 71), @p13='?' (Size = 7), @p14='?' (Size = 9), @p15='?' (DbType = Int32), @p16='?' (DbType = DateTimeOffset), @p17='?' (DbType = DateTimeOffset), @p18='?' (Size = 45), @p19='?' (Size = 36), @p20='?' (DbType = Int64), @p21='?' (DbType = Int64)], CommandType='Text', CommandTimeout='30']
INSERT INTO "JourneyStops" ("JourneyId", "Sequence", "ConsumedSafetyResultMessageId", "CreatedAt", "LegType", "LoadRound", "MovementLegId", "PlanMessageId", "PlanRevision", "PreDepartureSafetyCheckId", "PreDepartureSafetyCheckMessageId", "Role", "RouteEvidenceId", "State", "StationId", "StationRiotId", "SublotWaitStartedAt", "UpdatedAt", "UpperId", "VehicleBusinessMessageId", "VehicleBusinessRevision", "WorklistRevision")
VALUES (@p0, @p1, @p2, @p3, @p4, @p5, @p6, @p7, @p8, @p9, @p10, @p11, @p12, @p13, @p14, @p15, @p16, @p17, @p18, @p19, @p20, @p21);
[17:41:12 INF] Executed DbCommand (0ms) [Parameters=[@p0='?' (Size = 36), @p1='?' (DbType = Int32), @p2='?', @p3='?' (DbType = DateTimeOffset), @p4='?' (Size = 7), @p5='?' (DbType = Int32), @p6='?' (Size = 36), @p7='?' (Size = 36), @p8='?' (DbType = Int64), @p9='?' (Size = 36), @p10='?' (Size = 36), @p11='?' (Size = 4), @p12='?' (Size = 71), @p13='?' (Size = 7), @p14='?' (Size = 2), @p15='?' (DbType = Int32), @p16='?' (DbType = DateTimeOffset), @p17='?' (DbType = DateTimeOffset), @p18='?' (Size = 45), @p19='?' (Size = 36), @p20='?' (DbType = Int64), @p21='?' (DbType = Int64)], CommandType='Text', CommandTimeout='30']
INSERT INTO "JourneyStops" ("JourneyId", "Sequence", "ConsumedSafetyResultMessageId", "CreatedAt", "LegType", "LoadRound", "MovementLegId", "PlanMessageId", "PlanRevision", "PreDepartureSafetyCheckId", "PreDepartureSafetyCheckMessageId", "Role", "RouteEvidenceId", "State", "StationId", "StationRiotId", "SublotWaitStartedAt", "UpdatedAt", "UpperId", "VehicleBusinessMessageId", "VehicleBusinessRevision", "WorklistRevision")
VALUES (@p0, @p1, @p2, @p3, @p4, @p5, @p6, @p7, @p8, @p9, @p10, @p11, @p12, @p13, @p14, @p15, @p16, @p17, @p18, @p19, @p20, @p21);
[17:41:12 INF] Executed DbCommand (1ms) [Parameters=[@p0='?' (Size = 36), @p1='?' (DbType = Int64), @p2='?' (DbType = Int32), @p3='?', @p4='?' (DbType = DateTimeOffset), @p5='?' (DbType = DateTimeOffset), @p6='?' (Size = 36), @p7='?' (DbType = Int32), @p8='?' (DbType = Int64), @p9='?' (DbType = Int32), @p10='?' (DbType = Int64), @p11='?', @p12='?', @p13='?' (DbType = DateTimeOffset), @p14='?', @p15='?', @p16='?' (DbType = DateTimeOffset), @p17='?', @p18='?' (DbType = Int32), @p19='?', @p20='?' (Size = 9), @p21='?' (Size = 22), @p22='?' (Size = 9), @p23='?' (Size = 45), @p24='?' (Size = 15)], CommandType='Text', CommandTimeout='30']
INSERT INTO "OrderIntents" ("MovementLegId", "AgvLifecycleGeneration", "CreateAttemptCount", "CreateAttemptId", "CreateDispatchArmedAt", "CreatedAt", "DemandId", "DestinationStationId", "DispatchAuditSequence", "DispatchAuditVersion", "DispatchGeneration", "ExperimentalCreateAuthorizationId", "LastCreateOutcome", "LastCreateOutcomeAt", "LastCreateReceiptJson", "LastReconciliationOutcome", "LastReconciliationOutcomeAt", "LastReconciliationReceiptJson", "MapId", "OrderId", "Purpose", "Status", "TargetStationId", "UpperId", "VehicleKey")
VALUES (@p0, @p1, @p2, @p3, @p4, @p5, @p6, @p7, @p8, @p9, @p10, @p11, @p12, @p13, @p14, @p15, @p16, @p17, @p18, @p19, @p20, @p21, @p22, @p23, @p24);
[17:41:12 INF] Executed DbCommand (0ms) [Parameters=[@p0='?' (Size = 36), @p1='?' (DbType = DateTimeOffset), @p2='?' (DbType = DateTimeOffset), @p3='?' (Size = 15)], CommandType='Text', CommandTimeout='30']
INSERT INTO "VehicleDispatchLeases" ("JourneyId", "AcquiredAt", "ReleasedAt", "VehicleKey")
VALUES (@p0, @p1, @p2, @p3);
[17:41:12 INF] Executed DbCommand (0ms) [Parameters=[@__upperId_0='?' (Size = 45)], CommandType='Text', CommandTimeout='30']
SELECT "o"."MovementLegId", "o"."AgvLifecycleGeneration", "o"."CreateAttemptCount", "o"."CreateAttemptId", "o"."CreateDispatchArmedAt", "o"."CreatedAt", "o"."DemandId", "o"."DestinationStationId", "o"."DispatchAuditSequence", "o"."DispatchAuditVersion", "o"."DispatchGeneration", "o"."ExperimentalCreateAuthorizationId", "o"."LastCreateOutcome", "o"."LastCreateOutcomeAt", "o"."LastCreateReceiptJson", "o"."LastReconciliationOutcome", "o"."LastReconciliationOutcomeAt", "o"."LastReconciliationReceiptJson", "o"."MapId", "o"."OrderId", "o"."Purpose", "o"."Status", "o"."TargetStationId", "o"."UpperId", "o"."VehicleKey"
FROM "OrderIntents" AS "o"
WHERE "o"."UpperId" = @__upperId_0
LIMIT 2
[17:41:13 INF] Executed DbCommand (0ms) [Parameters=[], CommandType='Text', CommandTimeout='30']
SELECT "e"."AuthorizationId", "e"."AgvLifecycleGeneration", "e"."AuthorizationVersion", "e"."ConsumedAt", "e"."ConsumedByAttemptId", "e"."DemandId", "e"."DispatchGeneration", "e"."ExpiresAt", "e"."MovementLegId", "e"."PersistedAt", "e"."UpperId"
FROM "ExperimentalRiotCreateAuthorizations" AS "e"
WHERE 0
LIMIT 2
[17:41:13 INF] Start processing HTTP request GET http://127.0.0.1:58408/api/order/v1/orderRecord/detailByUpperId/W2G-7fa98ffe-f55f-af53-8542-8d005cf89407-S1-1
[17:41:13 INF] Sending HTTP request GET http://127.0.0.1:58408/api/order/v1/orderRecord/detailByUpperId/W2G-7fa98ffe-f55f-af53-8542-8d005cf89407-S1-1
[17:41:13 INF] Received HTTP response headers after 6.8489ms - 404
[17:41:13 INF] End processing HTTP request after 7.9132ms - 404
[17:41:13 INF] Executed DbCommand (0ms) [Parameters=[@__upperId_0='?' (Size = 45)], CommandType='Text', CommandTimeout='30']
SELECT "o"."MovementLegId", "o"."AgvLifecycleGeneration", "o"."CreateAttemptCount", "o"."CreateAttemptId", "o"."CreateDispatchArmedAt", "o"."CreatedAt", "o"."DemandId", "o"."DestinationStationId", "o"."DispatchAuditSequence", "o"."DispatchAuditVersion", "o"."DispatchGeneration", "o"."ExperimentalCreateAuthorizationId", "o"."LastCreateOutcome", "o"."LastCreateOutcomeAt", "o"."LastCreateReceiptJson", "o"."LastReconciliationOutcome", "o"."LastReconciliationOutcomeAt", "o"."LastReconciliationReceiptJson", "o"."MapId", "o"."OrderId", "o"."Purpose", "o"."Status", "o"."TargetStationId", "o"."UpperId", "o"."VehicleKey"
FROM "OrderIntents" AS "o"
WHERE "o"."UpperId" = @__upperId_0
LIMIT 2
[17:41:13 INF] Executed DbCommand (1ms) [Parameters=[@p4='?' (Size = 36), @p5='?' (DbType = Int32), @p0='?' (DbType = Int64), @p6='?' (DbType = Int64), @p8='?', @p1='?' (Size = 31), @p2='?' (DbType = DateTimeOffset), @p3='?' (Size = 188), @p7='?' (Size = 22)], CommandType='Text', CommandTimeout='30']
UPDATE "OrderIntents" SET "DispatchAuditSequence" = @p0, "LastReconciliationOutcome" = @p1, "LastReconciliationOutcomeAt" = @p2, "LastReconciliationReceiptJson" = @p3
WHERE "MovementLegId" = @p4 AND "CreateAttemptCount" = @p5 AND "DispatchAuditSequence" = @p6 AND "ExperimentalCreateAuthorizationId" IS NULL AND "Status" = @p7
RETURNING 1;
[17:41:13 INF] Executed DbCommand (0ms) [Parameters=[@p0='?' (Size = 36), @p1='?', @p2='?' (DbType = Int32), @p3='?', @p4='?' (Size = 36), @p5='?' (DbType = Int64), @p6='?', @p7='?', @p8='?', @p9='?' (DbType = Int32), @p10='?' (Size = 36), @p11='?' (DbType = DateTimeOffset), @p12='?' (Size = 9), @p13='?' (Size = 25), @p14='?' (Size = 8), @p15='?' (DbType = DateTimeOffset), @p16='?' (Size = 9), @p17='?', @p18='?' (DbType = Boolean), @p19='?', @p20='?' (DbType = Int64), @p21='?' (Size = 45)], CommandType='Text', CommandTimeout='30']
INSERT INTO "RiotDispatchAuditEvents" ("AuditEventId", "AttemptId", "AttemptNumber", "BusinessCode", "DemandId", "DispatchGeneration", "EligibilityBasis", "ExperimentalAuthorizationId", "FailureCategory", "HttpStatusCode", "MovementLegId", "OccurredAt", "Outcome", "Phase", "ReceiptClassification", "ReceiptObservedAt", "ReceiptOperation", "RequestSemanticSha256", "ResultPresent", "ReturnedOrderId", "Sequence", "UpperId")
VALUES (@p0, @p1, @p2, @p3, @p4, @p5, @p6, @p7, @p8, @p9, @p10, @p11, @p12, @p13, @p14, @p15, @p16, @p17, @p18, @p19, @p20, @p21);
[17:41:13 INF] Executed DbCommand (0ms) [Parameters=[@__upperId_0='?' (Size = 45)], CommandType='Text', CommandTimeout='30']
SELECT "o"."MovementLegId", "o"."AgvLifecycleGeneration", "o"."CreateAttemptCount", "o"."CreateAttemptId", "o"."CreateDispatchArmedAt", "o"."CreatedAt", "o"."DemandId", "o"."DestinationStationId", "o"."DispatchAuditSequence", "o"."DispatchAuditVersion", "o"."DispatchGeneration", "o"."ExperimentalCreateAuthorizationId", "o"."LastCreateOutcome", "o"."LastCreateOutcomeAt", "o"."LastCreateReceiptJson", "o"."LastReconciliationOutcome", "o"."LastReconciliationOutcomeAt", "o"."LastReconciliationReceiptJson", "o"."MapId", "o"."OrderId", "o"."Purpose", "o"."Status", "o"."TargetStationId", "o"."UpperId", "o"."VehicleKey"
FROM "OrderIntents" AS "o"
WHERE "o"."UpperId" = @__upperId_0
LIMIT 2
[17:41:13 INF] Executed DbCommand (0ms) [Parameters=[@p7='?' (Size = 36), @p0='?' (DbType = Int32), @p8='?' (DbType = Int32), @p1='?' (Size = 36), @p2='?' (DbType = DateTimeOffset), @p3='?' (DbType = Int64), @p9='?' (DbType = Int64), @p11='?', @p4='?' (Size = 13), @p5='?' (DbType = DateTimeOffset), @p6='?' (Size = 16), @p10='?' (Size = 22)], CommandType='Text', CommandTimeout='30']
UPDATE "OrderIntents" SET "CreateAttemptCount" = @p0, "CreateAttemptId" = @p1, "CreateDispatchArmedAt" = @p2, "DispatchAuditSequence" = @p3, "LastCreateOutcome" = @p4, "LastCreateOutcomeAt" = @p5, "Status" = @p6
WHERE "MovementLegId" = @p7 AND "CreateAttemptCount" = @p8 AND "DispatchAuditSequence" = @p9 AND "ExperimentalCreateAuthorizationId" IS NULL AND "Status" = @p10
RETURNING 1;
[17:41:13 INF] Executed DbCommand (0ms) [Parameters=[@p0='?' (Size = 36), @p1='?' (Size = 36), @p2='?' (DbType = Int32), @p3='?', @p4='?' (Size = 36), @p5='?' (DbType = Int64), @p6='?', @p7='?', @p8='?', @p9='?' (DbType = Int32), @p10='?' (Size = 36), @p11='?' (DbType = DateTimeOffset), @p12='?' (Size = 5), @p13='?' (Size = 15), @p14='?', @p15='?' (DbType = DateTimeOffset), @p16='?', @p17='?' (Size = 64), @p18='?' (DbType = Boolean), @p19='?', @p20='?' (DbType = Int64), @p21='?' (Size = 45)], CommandType='Text', CommandTimeout='30']
INSERT INTO "RiotDispatchAuditEvents" ("AuditEventId", "AttemptId", "AttemptNumber", "BusinessCode", "DemandId", "DispatchGeneration", "EligibilityBasis", "ExperimentalAuthorizationId", "FailureCategory", "HttpStatusCode", "MovementLegId", "OccurredAt", "Outcome", "Phase", "ReceiptClassification", "ReceiptObservedAt", "ReceiptOperation", "RequestSemanticSha256", "ResultPresent", "ReturnedOrderId", "Sequence", "UpperId")
VALUES (@p0, @p1, @p2, @p3, @p4, @p5, @p6, @p7, @p8, @p9, @p10, @p11, @p12, @p13, @p14, @p15, @p16, @p17, @p18, @p19, @p20, @p21);
[17:41:13 INF] Executed DbCommand (0ms) [Parameters=[@__upperId_0='?' (Size = 45)], CommandType='Text', CommandTimeout='30']
SELECT "o"."MovementLegId", "o"."AgvLifecycleGeneration", "o"."CreateAttemptCount", "o"."CreateAttemptId", "o"."CreateDispatchArmedAt", "o"."CreatedAt", "o"."DemandId", "o"."DestinationStationId", "o"."DispatchAuditSequence", "o"."DispatchAuditVersion", "o"."DispatchGeneration", "o"."ExperimentalCreateAuthorizationId", "o"."LastCreateOutcome", "o"."LastCreateOutcomeAt", "o"."LastCreateReceiptJson", "o"."LastReconciliationOutcome", "o"."LastReconciliationOutcomeAt", "o"."LastReconciliationReceiptJson", "o"."MapId", "o"."OrderId", "o"."Purpose", "o"."Status", "o"."TargetStationId", "o"."UpperId", "o"."VehicleKey"
FROM "OrderIntents" AS "o"
WHERE "o"."UpperId" = @__upperId_0
LIMIT 2
[17:41:13 INF] Executed DbCommand (0ms) [Parameters=[@p3='?' (Size = 36), @p4='?' (DbType = Int32), @p0='?' (DbType = Int64), @p5='?' (DbType = Int64), @p7='?', @p1='?' (Size = 20), @p2='?' (DbType = DateTimeOffset), @p6='?' (Size = 16)], CommandType='Text', CommandTimeout='30']
UPDATE "OrderIntents" SET "DispatchAuditSequence" = @p0, "LastCreateOutcome" = @p1, "LastCreateOutcomeAt" = @p2
WHERE "MovementLegId" = @p3 AND "CreateAttemptCount" = @p4 AND "DispatchAuditSequence" = @p5 AND "ExperimentalCreateAuthorizationId" IS NULL AND "Status" = @p6
RETURNING 1;
[17:41:13 INF] Executed DbCommand (0ms) [Parameters=[@p0='?' (Size = 36), @p1='?' (Size = 36), @p2='?' (DbType = Int32), @p3='?', @p4='?' (Size = 36), @p5='?' (DbType = Int64), @p6='?', @p7='?', @p8='?', @p9='?' (DbType = Int32), @p10='?' (Size = 36), @p11='?' (DbType = DateTimeOffset), @p12='?' (Size = 7), @p13='?' (Size = 14), @p14='?', @p15='?' (DbType = DateTimeOffset), @p16='?', @p17='?' (Size = 64), @p18='?' (DbType = Boolean), @p19='?', @p20='?' (DbType = Int64), @p21='?' (Size = 45)], CommandType='Text', CommandTimeout='30']
INSERT INTO "RiotDispatchAuditEvents" ("AuditEventId", "AttemptId", "AttemptNumber", "BusinessCode", "DemandId", "DispatchGeneration", "EligibilityBasis", "ExperimentalAuthorizationId", "FailureCategory", "HttpStatusCode", "MovementLegId", "OccurredAt", "Outcome", "Phase", "ReceiptClassification", "ReceiptObservedAt", "ReceiptOperation", "RequestSemanticSha256", "ResultPresent", "ReturnedOrderId", "Sequence", "UpperId")
VALUES (@p0, @p1, @p2, @p3, @p4, @p5, @p6, @p7, @p8, @p9, @p10, @p11, @p12, @p13, @p14, @p15, @p16, @p17, @p18, @p19, @p20, @p21);
[17:41:13 INF] Start processing HTTP request POST http://127.0.0.1:58408/api/order/v1/add/byDefaultMissions
[17:41:13 INF] Sending HTTP request POST http://127.0.0.1:58408/api/order/v1/add/byDefaultMissions
[17:41:13 INF] Received HTTP response headers after 19.5627ms - 200
[17:41:13 INF] End processing HTTP request after 20.8377ms - 200
[17:41:13 INF] Executed DbCommand (0ms) [Parameters=[@__upperId_0='?' (Size = 45)], CommandType='Text', CommandTimeout='30']
SELECT "o"."MovementLegId", "o"."AgvLifecycleGeneration", "o"."CreateAttemptCount", "o"."CreateAttemptId", "o"."CreateDispatchArmedAt", "o"."CreatedAt", "o"."DemandId", "o"."DestinationStationId", "o"."DispatchAuditSequence", "o"."DispatchAuditVersion", "o"."DispatchGeneration", "o"."ExperimentalCreateAuthorizationId", "o"."LastCreateOutcome", "o"."LastCreateOutcomeAt", "o"."LastCreateReceiptJson", "o"."LastReconciliationOutcome", "o"."LastReconciliationOutcomeAt", "o"."LastReconciliationReceiptJson", "o"."MapId", "o"."OrderId", "o"."Purpose", "o"."Status", "o"."TargetStationId", "o"."UpperId", "o"."VehicleKey"
FROM "OrderIntents" AS "o"
WHERE "o"."UpperId" = @__upperId_0
LIMIT 2
[17:41:13 INF] Executed DbCommand (0ms) [Parameters=[@p4='?' (Size = 36), @p5='?' (DbType = Int32), @p0='?' (DbType = Int64), @p6='?' (DbType = Int64), @p8='?', @p1='?' (Size = 22), @p2='?' (DbType = DateTimeOffset), @p3='?' (Size = 188), @p7='?' (Size = 16)], CommandType='Text', CommandTimeout='30']
UPDATE "OrderIntents" SET "DispatchAuditSequence" = @p0, "LastCreateOutcome" = @p1, "LastCreateOutcomeAt" = @p2, "LastCreateReceiptJson" = @p3
WHERE "MovementLegId" = @p4 AND "CreateAttemptCount" = @p5 AND "DispatchAuditSequence" = @p6 AND "ExperimentalCreateAuthorizationId" IS NULL AND "Status" = @p7
RETURNING 1;
[17:41:13 INF] Executed DbCommand (0ms) [Parameters=[@p0='?' (Size = 36), @p1='?' (Size = 36), @p2='?' (DbType = Int32), @p3='?', @p4='?' (Size = 36), @p5='?' (DbType = Int64), @p6='?', @p7='?', @p8='?', @p9='?' (DbType = Int32), @p10='?' (Size = 36), @p11='?' (DbType = DateTimeOffset), @p12='?' (Size = 8), @p13='?' (Size = 15), @p14='?' (Size = 11), @p15='?' (DbType = DateTimeOffset), @p16='?' (Size = 6), @p17='?', @p18='?' (DbType = Boolean), @p19='?' (Size = 12), @p20='?' (DbType = Int64), @p21='?' (Size = 45)], CommandType='Text', CommandTimeout='30']
INSERT INTO "RiotDispatchAuditEvents" ("AuditEventId", "AttemptId", "AttemptNumber", "BusinessCode", "DemandId", "DispatchGeneration", "EligibilityBasis", "ExperimentalAuthorizationId", "FailureCategory", "HttpStatusCode", "MovementLegId", "OccurredAt", "Outcome", "Phase", "ReceiptClassification", "ReceiptObservedAt", "ReceiptOperation", "RequestSemanticSha256", "ResultPresent", "ReturnedOrderId", "Sequence", "UpperId")
VALUES (@p0, @p1, @p2, @p3, @p4, @p5, @p6, @p7, @p8, @p9, @p10, @p11, @p12, @p13, @p14, @p15, @p16, @p17, @p18, @p19, @p20, @p21);
[17:41:13 INF] Start processing HTTP request GET http://127.0.0.1:58408/api/order/v1/orderRecord/detailByUpperId/W2G-7fa98ffe-f55f-af53-8542-8d005cf89407-S1-1
[17:41:13 INF] Sending HTTP request GET http://127.0.0.1:58408/api/order/v1/orderRecord/detailByUpperId/W2G-7fa98ffe-f55f-af53-8542-8d005cf89407-S1-1
[17:41:13 INF] Received HTTP response headers after 7.2493ms - 200
[17:41:13 INF] End processing HTTP request after 8.357ms - 200
[17:41:13 INF] Executed DbCommand (0ms) [Parameters=[@__upperId_0='?' (Size = 45)], CommandType='Text', CommandTimeout='30']
SELECT "o"."MovementLegId", "o"."AgvLifecycleGeneration", "o"."CreateAttemptCount", "o"."CreateAttemptId", "o"."CreateDispatchArmedAt", "o"."CreatedAt", "o"."DemandId", "o"."DestinationStationId", "o"."DispatchAuditSequence", "o"."DispatchAuditVersion", "o"."DispatchGeneration", "o"."ExperimentalCreateAuthorizationId", "o"."LastCreateOutcome", "o"."LastCreateOutcomeAt", "o"."LastCreateReceiptJson", "o"."LastReconciliationOutcome", "o"."LastReconciliationOutcomeAt", "o"."LastReconciliationReceiptJson", "o"."MapId", "o"."OrderId", "o"."Purpose", "o"."Status", "o"."TargetStationId", "o"."UpperId", "o"."VehicleKey"
FROM "OrderIntents" AS "o"
WHERE "o"."UpperId" = @__upperId_0
LIMIT 2
[17:41:13 INF] Executed DbCommand (0ms) [Parameters=[@p6='?' (Size = 36), @p7='?' (DbType = Int32), @p0='?' (DbType = Int64), @p8='?' (DbType = Int64), @p10='?', @p1='?' (Size = 33), @p2='?' (DbType = DateTimeOffset), @p3='?' (Size = 185), @p4='?' (Size = 12), @p5='?' (Size = 9), @p9='?' (Size = 16)], CommandType='Text', CommandTimeout='30']
UPDATE "OrderIntents" SET "DispatchAuditSequence" = @p0, "LastReconciliationOutcome" = @p1, "LastReconciliationOutcomeAt" = @p2, "LastReconciliationReceiptJson" = @p3, "OrderId" = @p4, "Status" = @p5
WHERE "MovementLegId" = @p6 AND "CreateAttemptCount" = @p7 AND "DispatchAuditSequence" = @p8 AND "ExperimentalCreateAuthorizationId" IS NULL AND "Status" = @p9
RETURNING 1;
[17:41:13 INF] Executed DbCommand (0ms) [Parameters=[@p0='?' (Size = 36), @p1='?' (Size = 36), @p2='?' (DbType = Int32), @p3='?', @p4='?' (Size = 36), @p5='?' (DbType = Int64), @p6='?', @p7='?', @p8='?', @p9='?' (DbType = Int32), @p10='?' (Size = 36), @p11='?' (DbType = DateTimeOffset), @p12='?' (Size = 9), @p13='?' (Size = 26), @p14='?' (Size = 5), @p15='?' (DbType = DateTimeOffset), @p16='?' (Size = 9), @p17='?', @p18='?' (DbType = Boolean), @p19='?' (Size = 12), @p20='?' (DbType = Int64), @p21='?' (Size = 45)], CommandType='Text', CommandTimeout='30']
INSERT INTO "RiotDispatchAuditEvents" ("AuditEventId", "AttemptId", "AttemptNumber", "BusinessCode", "DemandId", "DispatchGeneration", "EligibilityBasis", "ExperimentalAuthorizationId", "FailureCategory", "HttpStatusCode", "MovementLegId", "OccurredAt", "Outcome", "Phase", "ReceiptClassification", "ReceiptObservedAt", "ReceiptOperation", "RequestSemanticSha256", "ResultPresent", "ReturnedOrderId", "Sequence", "UpperId")
VALUES (@p0, @p1, @p2, @p3, @p4, @p5, @p6, @p7, @p8, @p9, @p10, @p11, @p12, @p13, @p14, @p15, @p16, @p17, @p18, @p19, @p20, @p21);
[17:41:13 INF] Start processing HTTP request GET http://127.0.0.1:58408/api/imap/v1/mapInfo/stations/25
[17:41:13 INF] Sending HTTP request GET http://127.0.0.1:58408/api/imap/v1/mapInfo/stations/25
[17:41:13 INF] Received HTTP response headers after 0.7902ms - 200
[17:41:13 INF] End processing HTTP request after 1.6318ms - 200
[17:41:13 INF] Executed DbCommand (0ms) [Parameters=[], CommandType='Text', CommandTimeout='30']
SELECT "a"."Id", "a"."ContentHash", "a"."DeploymentId", "a"."ImportedAt", "a"."Version"
FROM "AdmissionPolicyState" AS "a"
WHERE "a"."Id" = 1
LIMIT 2
[17:41:13 INF] Executed DbCommand (0ms) [Parameters=[], CommandType='Text', CommandTimeout='30']
SELECT "j"."JourneyId", "j"."AgvId", "j"."AgvLifecycleGeneration", "j"."BlockReasonCode", "j"."CreatedAt", "j"."CurrentStopSequence", "j"."DispatchGeneration", "j"."DispatchZone", "j"."GateStationId", "j"."GateStationRiotId", "j"."HoldingStartedAt", "j"."LoadingClosedReason", "j"."MapId", "j"."MapIdentity", "j"."NextStopSequence", "j"."OperationSessionId", "j"."PlanRevision", "j"."Stage", "j"."UpdatedAt", "j"."VehicleBusinessRevision", "j"."VehicleKey", "j"."WorklistRevision"
FROM "JourneyRuntimes" AS "j"
WHERE "j"."Stage" <> 'Completed'
[17:41:13 INF] Executed DbCommand (0ms) [Parameters=[@__runtime_JourneyId_0='?' (Size = 36)], CommandType='Text', CommandTimeout='30']
SELECT "j"."JourneyId", "j"."Sequence", "j"."ConsumedSafetyResultMessageId", "j"."CreatedAt", "j"."LegType", "j"."LoadRound", "j"."MovementLegId", "j"."PlanMessageId", "j"."PlanRevision", "j"."PreDepartureSafetyCheckId", "j"."PreDepartureSafetyCheckMessageId", "j"."Role", "j"."RouteEvidenceId", "j"."State", "j"."StationId", "j"."StationRiotId", "j"."SublotWaitStartedAt", "j"."UpdatedAt", "j"."UpperId", "j"."VehicleBusinessMessageId", "j"."VehicleBusinessRevision", "j"."WorklistRevision"
FROM "JourneyStops" AS "j"
WHERE "j"."JourneyId" = @__runtime_JourneyId_0
[17:41:13 INF] Executed DbCommand (0ms) [Parameters=[@__runtime_JourneyId_0='?' (Size = 36)], CommandType='Text', CommandTimeout='30']
SELECT "j"."JourneyId", "j"."DemandId", "j"."ConsumedSublotMessageId", "j"."CreatedAt", "j"."ExpectedBasketCount", "j"."LoadCommandMessageId", "j"."LoadCommandedAt", "j"."LoadSlotOperationAttemptId", "j"."LoadedAt", "j"."State", "j"."StopSequence", "j"."TargetSlotsJson", "j"."UnloadCommandMessageId", "j"."UnloadCommandedAt", "j"."UnloadSlotOperationAttemptId"
FROM "JourneyDemands" AS "j"
WHERE "j"."JourneyId" = @__runtime_JourneyId_0
[17:41:13 INF] Executed DbCommand (0ms) [Parameters=[@__agvId_0='?' (Size = 10)], CommandType='Text', CommandTimeout='30']
SELECT "s"."AgvId", "s"."ActiveUnlockSlotsJson", "s"."CapabilityHash", "s"."CapabilityRevision", "s"."DepartureSafe", "s"."ForcedRecoveryGeneration", "s"."ManifestSha256", "s"."PendingAttemptIdsJson", "s"."PendingResultIdsJson", "s"."ProfileId", "s"."ProtocolCommit", "s"."ProtocolVersion", "s"."ProvenRecoveryCheckpoint", "s"."Readiness", "s"."ReasonCode", "s"."RecoveryReportId", "s"."ReportedForcedRecoveryGeneration", "s"."SafetyHash", "s"."SafetyReasonCodesJson", "s"."SafetyRevision", "s"."SafetyUnknownPresent", "s"."SessionGeneration", "s"."UnsettledSlotOperationAttemptId", "s"."UpdatedAt"
FROM "SessionRecoveries" AS "s"
WHERE "s"."AgvId" = @__agvId_0 AND "s"."Readiness" = 'Ready'
LIMIT 2
[17:41:13 INF] Executed DbCommand (0ms) [Parameters=[], CommandType='Text', CommandTimeout='30']
SELECT "p"."MessageId", "p"."AcknowledgedAt", "p"."CreatedAt", "p"."FencedAt", "p"."MessageType", "p"."PayloadJson"
FROM "ProtocolOutbox" AS "p"
WHERE "p"."AcknowledgedAt" IS NULL AND "p"."FencedAt" IS NULL
[17:41:13 INF] Executed DbCommand (0ms) [Parameters=[@__upperId_0='?' (Size = 45)], CommandType='Text', CommandTimeout='30']
SELECT "o"."MovementLegId", "o"."AgvLifecycleGeneration", "o"."CreateAttemptCount", "o"."CreateAttemptId", "o"."CreateDispatchArmedAt", "o"."CreatedAt", "o"."DemandId", "o"."DestinationStationId", "o"."DispatchAuditSequence", "o"."DispatchAuditVersion", "o"."DispatchGeneration", "o"."ExperimentalCreateAuthorizationId", "o"."LastCreateOutcome", "o"."LastCreateOutcomeAt", "o"."LastCreateReceiptJson", "o"."LastReconciliationOutcome", "o"."LastReconciliationOutcomeAt", "o"."LastReconciliationReceiptJson", "o"."MapId", "o"."OrderId", "o"."Purpose", "o"."Status", "o"."TargetStationId", "o"."UpperId", "o"."VehicleKey"
FROM "OrderIntents" AS "o"
WHERE "o"."UpperId" = @__upperId_0
LIMIT 2
[17:41:13 INF] Start processing HTTP request GET http://127.0.0.1:58408/api/task/v1/task/getVehicleInfo/BROKERX-L2-0001
[17:41:13 INF] Sending HTTP request GET http://127.0.0.1:58408/api/task/v1/task/getVehicleInfo/BROKERX-L2-0001
[17:41:13 INF] Received HTTP response headers after 1.058ms - 200
[17:41:13 INF] End processing HTTP request after 2.0372ms - 200
[17:41:13 INF] Start processing HTTP request GET http://127.0.0.1:58408/api/order/v1/orderRecord?pageNum=1&pageSize=100&filterByState=1&filterByState=3&filterByState=7&filterByState=9
[17:41:13 INF] Sending HTTP request GET http://127.0.0.1:58408/api/order/v1/orderRecord?pageNum=1&pageSize=100&filterByState=1&filterByState=3&filterByState=7&filterByState=9
[17:41:13 INF] Received HTTP response headers after 3.3329ms - 200
[17:41:13 INF] End processing HTTP request after 4.4025ms - 200
[17:41:13 INF] HTTP GET /api/onboard/v1/vehicle-safety responded 200 in 8.5471 ms
[17:41:13 INF] Executed DbCommand (0ms) [Parameters=[@__stop_MovementLegId_0='?' (Size = 36)], CommandType='Text', CommandTimeout='30']
SELECT "o"."MovementLegId", "o"."AgvLifecycleGeneration", "o"."CreateAttemptCount", "o"."CreateAttemptId", "o"."CreateDispatchArmedAt", "o"."CreatedAt", "o"."DemandId", "o"."DestinationStationId", "o"."DispatchAuditSequence", "o"."DispatchAuditVersion", "o"."DispatchGeneration", "o"."ExperimentalCreateAuthorizationId", "o"."LastCreateOutcome", "o"."LastCreateOutcomeAt", "o"."LastCreateReceiptJson", "o"."LastReconciliationOutcome", "o"."LastReconciliationOutcomeAt", "o"."LastReconciliationReceiptJson", "o"."MapId", "o"."OrderId", "o"."Purpose", "o"."Status", "o"."TargetStationId", "o"."UpperId", "o"."VehicleKey"
FROM "OrderIntents" AS "o"
WHERE "o"."MovementLegId" = @__stop_MovementLegId_0
LIMIT 2
[17:41:13 INF] Start processing HTTP request GET http://127.0.0.1:58408/api/order/v1/orderRecord/detailByUpperId/W2G-7fa98ffe-f55f-af53-8542-8d005cf89407-S1-1
[17:41:13 INF] Sending HTTP request GET http://127.0.0.1:58408/api/order/v1/orderRecord/detailByUpperId/W2G-7fa98ffe-f55f-af53-8542-8d005cf89407-S1-1
[17:41:13 INF] Received HTTP response headers after 0.7224ms - 200
[17:41:13 INF] End processing HTTP request after 1.5807ms - 200
[17:41:13 INF] Start processing HTTP request GET http://127.0.0.1:58408/api/task/vehicles/getVehicleInfoByDeviceKey?key=BROKERX-L2-0001
[17:41:13 INF] Sending HTTP request GET http://127.0.0.1:58408/api/task/vehicles/getVehicleInfoByDeviceKey?key=BROKERX-L2-0001
[17:41:13 INF] Received HTTP response headers after 0.5697ms - 200
[17:41:13 INF] End processing HTTP request after 1.3029ms - 200
[17:41:13 INF] Executed DbCommand (0ms) [Parameters=[@__agvId_0='?' (Size = 10)], CommandType='Text', CommandTimeout='30']
SELECT "s"."AgvId", "s"."ActiveUnlockSlotsJson", "s"."CapabilityHash", "s"."CapabilityRevision", "s"."DepartureSafe", "s"."ForcedRecoveryGeneration", "s"."ManifestSha256", "s"."PendingAttemptIdsJson", "s"."PendingResultIdsJson", "s"."ProfileId", "s"."ProtocolCommit", "s"."ProtocolVersion", "s"."ProvenRecoveryCheckpoint", "s"."Readiness", "s"."ReasonCode", "s"."RecoveryReportId", "s"."ReportedForcedRecoveryGeneration", "s"."SafetyHash", "s"."SafetyReasonCodesJson", "s"."SafetyRevision", "s"."SafetyUnknownPresent", "s"."SessionGeneration", "s"."UnsettledSlotOperationAttemptId", "s"."UpdatedAt"
FROM "SessionRecoveries" AS "s"
WHERE "s"."AgvId" = @__agvId_0 AND "s"."Readiness" = 'Ready'
LIMIT 2
[17:41:13 INF] Executed DbCommand (0ms) [Parameters=[@__messageType_0='?' (Size = 18)], CommandType='Text', CommandTimeout='30']
SELECT "p"."MessageId", "p"."ContentHash", "p"."FirstResponseJson", "p"."MessageType", "p"."ReceivedAt", "p"."RequestJson"
FROM "ProtocolInbox" AS "p"
WHERE "p"."MessageType" = @__messageType_0
[17:41:13 INF] Executed DbCommand (0ms) [Parameters=[@__messageType_0='?' (Size = 19)], CommandType='Text', CommandTimeout='30']
SELECT "p"."MessageId", "p"."ContentHash", "p"."FirstResponseJson", "p"."MessageType", "p"."ReceivedAt", "p"."RequestJson"
FROM "ProtocolInbox" AS "p"
WHERE "p"."MessageType" = @__messageType_0
[17:41:13 INF] Executed DbCommand (0ms) [Parameters=[], CommandType='Text', CommandTimeout='30']
SELECT "p"."MessageId", "p"."ContentHash", "p"."FirstResponseJson", "p"."MessageType", "p"."ReceivedAt", "p"."RequestJson"
FROM "ProtocolInbox" AS "p"
WHERE "p"."MessageType" IN ('SafetyStateSnapshot', 'SafetyStateChanged')
[17:41:13 INF] Executed DbCommand (0ms) [Parameters=[], CommandType='Text', CommandTimeout='30']
SELECT "p"."MessageId", "p"."ContentHash", "p"."FirstResponseJson", "p"."MessageType", "p"."ReceivedAt", "p"."RequestJson"
FROM "ProtocolInbox" AS "p"
[17:41:13 INF] Executed DbCommand (0ms) [Parameters=[@p1='?' (Size = 36), @p2='?' (DbType = Int32), @p0='?' (Size = 7)], CommandType='Text', CommandTimeout='30']
UPDATE "JourneyStops" SET "State" = @p0
WHERE "JourneyId" = @p1 AND "Sequence" = @p2
RETURNING 1;
[17:41:13 INF] Start processing HTTP request GET http://127.0.0.1:58409/api/v2/contract
[17:41:13 INF] Sending HTTP request GET http://127.0.0.1:58409/api/v2/contract
[17:41:13 INF] Received HTTP response headers after 1.2887ms - 200
[17:41:13 INF] End processing HTTP request after 2.0206ms - 200
[17:41:13 INF] Start processing HTTP request GET http://127.0.0.1:58409/api/v2/externally-readable-demand-catalog
[17:41:13 INF] Sending HTTP request GET http://127.0.0.1:58409/api/v2/externally-readable-demand-catalog
[17:41:13 INF] Received HTTP response headers after 0.6862ms - 200
[17:41:13 INF] End processing HTTP request after 1.4875ms - 200
[17:41:13 INF] Executed DbCommand (0ms) [Parameters=[@__agvId_0='?' (Size = 10)], CommandType='Text', CommandTimeout='30']
SELECT "s"."AgvId", "s"."ActiveUnlockSlotsJson", "s"."CapabilityHash", "s"."CapabilityRevision", "s"."DepartureSafe", "s"."ForcedRecoveryGeneration", "s"."ManifestSha256", "s"."PendingAttemptIdsJson", "s"."PendingResultIdsJson", "s"."ProfileId", "s"."ProtocolCommit", "s"."ProtocolVersion", "s"."ProvenRecoveryCheckpoint", "s"."Readiness", "s"."ReasonCode", "s"."RecoveryReportId", "s"."ReportedForcedRecoveryGeneration", "s"."SafetyHash", "s"."SafetyReasonCodesJson", "s"."SafetyRevision", "s"."SafetyUnknownPresent", "s"."SessionGeneration", "s"."UnsettledSlotOperationAttemptId", "s"."UpdatedAt"
FROM "SessionRecoveries" AS "s"
WHERE "s"."AgvId" = @__agvId_0 AND "s"."Readiness" = 'Ready'
LIMIT 2
[17:41:13 INF] Executed DbCommand (0ms) [Parameters=[@__messageType_0='?' (Size = 18)], CommandType='Text', CommandTimeout='30']
SELECT "p"."MessageId", "p"."ContentHash", "p"."FirstResponseJson", "p"."MessageType", "p"."ReceivedAt", "p"."RequestJson"
FROM "ProtocolInbox" AS "p"
WHERE "p"."MessageType" = @__messageType_0
[17:41:13 INF] Executed DbCommand (0ms) [Parameters=[@__messageType_0='?' (Size = 19)], CommandType='Text', CommandTimeout='30']
SELECT "p"."MessageId", "p"."ContentHash", "p"."FirstResponseJson", "p"."MessageType", "p"."ReceivedAt", "p"."RequestJson"
FROM "ProtocolInbox" AS "p"
WHERE "p"."MessageType" = @__messageType_0
[17:41:13 INF] Executed DbCommand (0ms) [Parameters=[], CommandType='Text', CommandTimeout='30']
SELECT "p"."MessageId", "p"."ContentHash", "p"."FirstResponseJson", "p"."MessageType", "p"."ReceivedAt", "p"."RequestJson"
FROM "ProtocolInbox" AS "p"
WHERE "p"."MessageType" IN ('SafetyStateSnapshot', 'SafetyStateChanged')
[17:41:13 INF] Executed DbCommand (0ms) [Parameters=[], CommandType='Text', CommandTimeout='30']
SELECT "p"."MessageId", "p"."ContentHash", "p"."FirstResponseJson", "p"."MessageType", "p"."ReceivedAt", "p"."RequestJson"
FROM "ProtocolInbox" AS "p"
[17:41:13 INF] Start processing HTTP request GET http://127.0.0.1:58408/api/task/vehicles/getVehicleInfoByDeviceKey?key=BROKERX-L2-0001
[17:41:13 INF] Sending HTTP request GET http://127.0.0.1:58408/api/task/vehicles/getVehicleInfoByDeviceKey?key=BROKERX-L2-0001
[17:41:13 INF] Received HTTP response headers after 0.7709ms - 200
[17:41:13 INF] End processing HTTP request after 1.4942ms - 200
[17:41:13 INF] Executed DbCommand (0ms) [Parameters=[], CommandType='Text', CommandTimeout='30']
SELECT "j"."DemandId", "j"."AcceptedAt", "j"."DecisionFingerprint", "j"."DemandCreatedAt", "j"."FirstSeenAt", "j"."LastSeenAt", "j"."ReasonCode", "j"."TransportDemandKey"
FROM "JourneyBacklog" AS "j"
[17:41:13 INF] Executed DbCommand (0ms) [Parameters=[], CommandType='Text', CommandTimeout='30']
SELECT "a"."DemandId"
FROM "AcceptedDemands" AS "a"
[17:41:13 INF] Executed DbCommand (0ms) [Parameters=[], CommandType='Text', CommandTimeout='30']
SELECT "t"."TransportDemandKey"
FROM "TransportDemandSuppressions" AS "t"
[17:41:13 INF] Executed DbCommand (0ms) [Parameters=[@p2='?' (Size = 36), @p0='?' (DbType = DateTimeOffset), @p1='?' (Size = 23)], CommandType='Text', CommandTimeout='30']
UPDATE "JourneyBacklog" SET "LastSeenAt" = @p0, "ReasonCode" = @p1
WHERE "DemandId" = @p2
RETURNING 1;
[17:41:13 INF] Executed DbCommand (0ms) [Parameters=[@__messageId_0='?' (Size = 36)], CommandType='Text', CommandTimeout='30']
SELECT "p"."MessageId", "p"."AcknowledgedAt", "p"."CreatedAt", "p"."FencedAt", "p"."MessageType", "p"."PayloadJson"
FROM "ProtocolOutbox" AS "p"
WHERE "p"."MessageId" = @__messageId_0
LIMIT 2
[17:41:13 INF] Executed DbCommand (0ms) [Parameters=[@__messageId_0='?' (Size = 36)], CommandType='Text', CommandTimeout='30']
SELECT "p"."MessageId", "p"."AcknowledgedAt", "p"."CreatedAt", "p"."FencedAt", "p"."MessageType", "p"."PayloadJson"
FROM "ProtocolOutbox" AS "p"
WHERE "p"."MessageId" = @__messageId_0
LIMIT 2
[17:41:13 INF] Executed DbCommand (0ms) [Parameters=[@p3='?' (Size = 36), @p0='?' (DbType = Int64), @p1='?' (DbType = Int64), @p2='?' (DbType = Int64)], CommandType='Text', CommandTimeout='30']
UPDATE "JourneyRuntimes" SET "PlanRevision" = @p0, "VehicleBusinessRevision" = @p1, "WorklistRevision" = @p2
WHERE "JourneyId" = @p3
RETURNING 1;
[17:41:13 INF] Executed DbCommand (0ms) [Parameters=[@p3='?' (Size = 36), @p4='?' (DbType = Int32), @p0='?' (DbType = Int64), @p1='?' (DbType = Int64), @p2='?' (DbType = Int64)], CommandType='Text', CommandTimeout='30']
UPDATE "JourneyStops" SET "PlanRevision" = @p0, "VehicleBusinessRevision" = @p1, "WorklistRevision" = @p2
WHERE "JourneyId" = @p3 AND "Sequence" = @p4
RETURNING 1;
[17:41:13 INF] Executed DbCommand (0ms) [Parameters=[@p0='?' (Size = 36), @p1='?' (DbType = DateTimeOffset), @p2='?' (DbType = DateTimeOffset), @p3='?' (DbType = DateTimeOffset), @p4='?' (Size = 28), @p5='?' (Size = 582)], CommandType='Text', CommandTimeout='30']
INSERT INTO "ProtocolOutbox" ("MessageId", "AcknowledgedAt", "CreatedAt", "FencedAt", "MessageType", "PayloadJson")
VALUES (@p0, @p1, @p2, @p3, @p4, @p5);
[17:41:13 INF] Executed DbCommand (0ms) [Parameters=[@__messageId_0='?' (Size = 36)], CommandType='Text', CommandTimeout='30']
SELECT "p"."MessageId", "p"."AcknowledgedAt", "p"."CreatedAt", "p"."FencedAt", "p"."MessageType", "p"."PayloadJson"
FROM "ProtocolOutbox" AS "p"
WHERE "p"."MessageId" = @__messageId_0
LIMIT 2
[17:41:13 INF] Executed DbCommand (0ms) [Parameters=[@__messageId_0='?' (Size = 36)], CommandType='Text', CommandTimeout='30']
SELECT "p"."MessageId", "p"."AcknowledgedAt", "p"."CreatedAt", "p"."FencedAt", "p"."MessageType", "p"."PayloadJson"
FROM "ProtocolOutbox" AS "p"
WHERE "p"."MessageId" = @__messageId_0
LIMIT 2
[17:41:13 INF] Executed DbCommand (1ms) [Parameters=[@p0='?' (Size = 36), @p1='?' (DbType = DateTimeOffset), @p2='?' (DbType = DateTimeOffset), @p3='?' (DbType = DateTimeOffset), @p4='?' (Size = 24), @p5='?' (Size = 742)], CommandType='Text', CommandTimeout='30']
INSERT INTO "ProtocolOutbox" ("MessageId", "AcknowledgedAt", "CreatedAt", "FencedAt", "MessageType", "PayloadJson")
VALUES (@p0, @p1, @p2, @p3, @p4, @p5);
[17:41:13 INF] Executed DbCommand (0ms) [Parameters=[@__messageId_0='?' (Size = 36)], CommandType='Text', CommandTimeout='30']
SELECT "p"."MessageId", "p"."ContentHash", "p"."FirstResponseJson", "p"."MessageType", "p"."ReceivedAt", "p"."RequestJson"
FROM "ProtocolInbox" AS "p"
WHERE "p"."MessageId" = @__messageId_0
LIMIT 2
[17:41:13 INF] Executed DbCommand (0ms) [Parameters=[@__messageId_0='?' (Size = 36)], CommandType='Text', CommandTimeout='30']
SELECT "p"."MessageId", "p"."AcknowledgedAt", "p"."CreatedAt", "p"."FencedAt", "p"."MessageType", "p"."PayloadJson"
FROM "ProtocolOutbox" AS "p"
WHERE "p"."MessageId" = @__messageId_0
LIMIT 2
[17:41:13 INF] Executed DbCommand (0ms) [Parameters=[@p1='?' (Size = 36), @p0='?' (DbType = DateTimeOffset)], CommandType='Text', CommandTimeout='30']
UPDATE "ProtocolOutbox" SET "AcknowledgedAt" = @p0
WHERE "MessageId" = @p1
RETURNING 1;
[17:41:13 INF] Executed DbCommand (0ms) [Parameters=[@p0='?' (Size = 36), @p1='?' (Size = 64), @p2='?', @p3='?' (Size = 18), @p4='?' (DbType = DateTimeOffset), @p5='?' (Size = 634)], CommandType='Text', CommandTimeout='30']
INSERT INTO "ProtocolInbox" ("MessageId", "ContentHash", "FirstResponseJson", "MessageType", "ReceivedAt", "RequestJson")
VALUES (@p0, @p1, @p2, @p3, @p4, @p5);
[17:41:13 INF] Executed DbCommand (0ms) [Parameters=[@__messageId_0='?' (Size = 36)], CommandType='Text', CommandTimeout='30']
SELECT "p"."MessageId", "p"."ContentHash", "p"."FirstResponseJson", "p"."MessageType", "p"."ReceivedAt", "p"."RequestJson"
FROM "ProtocolInbox" AS "p"
WHERE "p"."MessageId" = @__messageId_0
LIMIT 2
[17:41:13 INF] Executed DbCommand (0ms) [Parameters=[@__messageId_0='?' (Size = 36)], CommandType='Text', CommandTimeout='30']
SELECT "p"."MessageId", "p"."AcknowledgedAt", "p"."CreatedAt", "p"."FencedAt", "p"."MessageType", "p"."PayloadJson"
FROM "ProtocolOutbox" AS "p"
WHERE "p"."MessageId" = @__messageId_0
LIMIT 2
[17:41:13 INF] Executed DbCommand (0ms) [Parameters=[@p1='?' (Size = 36), @p0='?' (DbType = DateTimeOffset)], CommandType='Text', CommandTimeout='30']
UPDATE "ProtocolOutbox" SET "AcknowledgedAt" = @p0
WHERE "MessageId" = @p1
RETURNING 1;
[17:41:13 INF] Executed DbCommand (0ms) [Parameters=[@p0='?' (Size = 36), @p1='?' (Size = 64), @p2='?', @p3='?' (Size = 18), @p4='?' (DbType = DateTimeOffset), @p5='?' (Size = 629)], CommandType='Text', CommandTimeout='30']
INSERT INTO "ProtocolInbox" ("MessageId", "ContentHash", "FirstResponseJson", "MessageType", "ReceivedAt", "RequestJson")
VALUES (@p0, @p1, @p2, @p3, @p4, @p5);
[17:41:13 INF] Executed DbCommand (1ms) [Parameters=[@__ids_0='?' (Size = 40)], CommandType='Text', CommandTimeout='30']
SELECT "a"."DemandId", "a"."AcceptedAt", "a"."CatalogRevision", "a"."CreatedAt", "a"."DemandRevision", "a"."Generation", "a"."HistoryEpoch", "a"."LiveMesFieldsJson", "a"."SeriesId", "a"."Status", "a"."Sublot", "a"."TransportDemandKey", "a"."ValueObservedAt", "a"."ValuePollTraceId", "a"."ValueProjectionCommitId", "a"."WorkType"
FROM "AcceptedDemands" AS "a"
WHERE "a"."DemandId" IN (
    SELECT "i"."value"
    FROM json_each(@__ids_0) AS "i"
)
[17:41:13 INF] Executed DbCommand (0ms) [Parameters=[@__messageId_0='?' (Size = 36)], CommandType='Text', CommandTimeout='30']
SELECT "p"."MessageId", "p"."AcknowledgedAt", "p"."CreatedAt", "p"."FencedAt", "p"."MessageType", "p"."PayloadJson"
FROM "ProtocolOutbox" AS "p"
WHERE "p"."MessageId" = @__messageId_0
LIMIT 2
[17:41:13 INF] Executed DbCommand (0ms) [Parameters=[@__messageId_0='?' (Size = 36)], CommandType='Text', CommandTimeout='30']
SELECT "p"."MessageId", "p"."AcknowledgedAt", "p"."CreatedAt", "p"."FencedAt", "p"."MessageType", "p"."PayloadJson"
FROM "ProtocolOutbox" AS "p"
WHERE "p"."MessageId" = @__messageId_0
LIMIT 2
[17:41:13 INF] Executed DbCommand (0ms) [Parameters=[@p2='?' (Size = 36), @p3='?' (DbType = Int32), @p0='?' (DbType = Int32), @p1='?' (DbType = DateTimeOffset)], CommandType='Text', CommandTimeout='30']
UPDATE "JourneyStops" SET "LoadRound" = @p0, "SublotWaitStartedAt" = @p1
WHERE "JourneyId" = @p2 AND "Sequence" = @p3
RETURNING 1;
[17:41:13 INF] Executed DbCommand (0ms) [Parameters=[@p0='?' (Size = 36), @p1='?' (DbType = DateTimeOffset), @p2='?' (DbType = DateTimeOffset), @p3='?' (DbType = DateTimeOffset), @p4='?' (Size = 27), @p5='?' (Size = 814)], CommandType='Text', CommandTimeout='30']
INSERT INTO "ProtocolOutbox" ("MessageId", "AcknowledgedAt", "CreatedAt", "FencedAt", "MessageType", "PayloadJson")
VALUES (@p0, @p1, @p2, @p3, @p4, @p5);
[17:41:13 INF] Executed DbCommand (0ms) [Parameters=[@__messageId_0='?' (Size = 36)], CommandType='Text', CommandTimeout='30']
SELECT "p"."MessageId", "p"."AcknowledgedAt", "p"."CreatedAt", "p"."FencedAt", "p"."MessageType", "p"."PayloadJson"
FROM "ProtocolOutbox" AS "p"
WHERE "p"."MessageId" = @__messageId_0
LIMIT 2
[17:41:13 INF] Executed DbCommand (0ms) [Parameters=[@__messageId_0='?' (Size = 36)], CommandType='Text', CommandTimeout='30']
SELECT "p"."MessageId", "p"."AcknowledgedAt", "p"."CreatedAt", "p"."FencedAt", "p"."MessageType", "p"."PayloadJson"
FROM "ProtocolOutbox" AS "p"
WHERE "p"."MessageId" = @__messageId_0
LIMIT 2
[17:41:13 INF] Executed DbCommand (0ms) [Parameters=[@__messageId_0='?' (Size = 36)], CommandType='Text', CommandTimeout='30']
SELECT "p"."MessageId", "p"."ContentHash", "p"."FirstResponseJson", "p"."MessageType", "p"."ReceivedAt", "p"."RequestJson"
FROM "ProtocolInbox" AS "p"
WHERE "p"."MessageId" = @__messageId_0
LIMIT 2
[17:41:13 INF] Executed DbCommand (1ms) [Parameters=[@p0='?' (Size = 36), @p1='?' (DbType = DateTimeOffset), @p2='?' (DbType = DateTimeOffset), @p3='?' (DbType = DateTimeOffset), @p4='?' (Size = 20), @p5='?' (Size = 669)], CommandType='Text', CommandTimeout='30']
INSERT INTO "ProtocolOutbox" ("MessageId", "AcknowledgedAt", "CreatedAt", "FencedAt", "MessageType", "PayloadJson")
VALUES (@p0, @p1, @p2, @p3, @p4, @p5);
[17:41:13 INF] Executed DbCommand (0ms) [Parameters=[@__messageId_0='?' (Size = 36)], CommandType='Text', CommandTimeout='30']
SELECT "p"."MessageId", "p"."AcknowledgedAt", "p"."CreatedAt", "p"."FencedAt", "p"."MessageType", "p"."PayloadJson"
FROM "ProtocolOutbox" AS "p"
WHERE "p"."MessageId" = @__messageId_0
LIMIT 2
[17:41:13 INF] Executed DbCommand (0ms) [Parameters=[@p1='?' (Size = 36), @p0='?' (DbType = DateTimeOffset)], CommandType='Text', CommandTimeout='30']
UPDATE "ProtocolOutbox" SET "AcknowledgedAt" = @p0
WHERE "MessageId" = @p1
RETURNING 1;
[17:41:13 INF] Executed DbCommand (0ms) [Parameters=[@p0='?' (Size = 36), @p1='?' (Size = 64), @p2='?', @p3='?' (Size = 18), @p4='?' (DbType = DateTimeOffset), @p5='?' (Size = 633)], CommandType='Text', CommandTimeout='30']
INSERT INTO "ProtocolInbox" ("MessageId", "ContentHash", "FirstResponseJson", "MessageType", "ReceivedAt", "RequestJson")
VALUES (@p0, @p1, @p2, @p3, @p4, @p5);
[17:41:13 INF] Executed DbCommand (0ms) [Parameters=[@p2='?' (Size = 36), @p0='?' (Size = 14), @p1='?' (DbType = DateTimeOffset)], CommandType='Text', CommandTimeout='30']
UPDATE "JourneyRuntimes" SET "Stage" = @p0, "UpdatedAt" = @p1
WHERE "JourneyId" = @p2
RETURNING 1;
[17:41:13 INF] Executed DbCommand (0ms) [Parameters=[@p1='?' (Size = 36), @p2='?' (DbType = Int32), @p0='?' (DbType = DateTimeOffset)], CommandType='Text', CommandTimeout='30']
UPDATE "JourneyStops" SET "UpdatedAt" = @p0
WHERE "JourneyId" = @p1 AND "Sequence" = @p2
RETURNING 1;
[17:41:13 INF] Executed DbCommand (0ms) [Parameters=[@__messageId_0='?' (Size = 36)], CommandType='Text', CommandTimeout='30']
SELECT "p"."MessageId", "p"."ContentHash", "p"."FirstResponseJson", "p"."MessageType", "p"."ReceivedAt", "p"."RequestJson"
FROM "ProtocolInbox" AS "p"
WHERE "p"."MessageId" = @__messageId_0
LIMIT 2
[17:41:13 INF] Executed DbCommand (0ms) [Parameters=[@p0='?' (Size = 36), @p1='?' (Size = 64), @p2='?' (Size = 663), @p3='?' (Size = 15), @p4='?' (DbType = DateTimeOffset), @p5='?' (Size = 734)], CommandType='Text', CommandTimeout='30']
INSERT INTO "ProtocolInbox" ("MessageId", "ContentHash", "FirstResponseJson", "MessageType", "ReceivedAt", "RequestJson")
VALUES (@p0, @p1, @p2, @p3, @p4, @p5);
[17:41:14 INF] Start processing HTTP request GET http://127.0.0.1:58408/api/imap/v1/mapInfo/stations/25
[17:41:14 INF] Sending HTTP request GET http://127.0.0.1:58408/api/imap/v1/mapInfo/stations/25
[17:41:14 INF] Received HTTP response headers after 0.9434ms - 200
[17:41:14 INF] End processing HTTP request after 2.3208ms - 200
[17:41:14 INF] Executed DbCommand (0ms) [Parameters=[], CommandType='Text', CommandTimeout='30']
SELECT "a"."Id", "a"."ContentHash", "a"."DeploymentId", "a"."ImportedAt", "a"."Version"
FROM "AdmissionPolicyState" AS "a"
WHERE "a"."Id" = 1
LIMIT 2
[17:41:14 INF] Executed DbCommand (0ms) [Parameters=[], CommandType='Text', CommandTimeout='30']
SELECT "j"."JourneyId", "j"."AgvId", "j"."AgvLifecycleGeneration", "j"."BlockReasonCode", "j"."CreatedAt", "j"."CurrentStopSequence", "j"."DispatchGeneration", "j"."DispatchZone", "j"."GateStationId", "j"."GateStationRiotId", "j"."HoldingStartedAt", "j"."LoadingClosedReason", "j"."MapId", "j"."MapIdentity", "j"."NextStopSequence", "j"."OperationSessionId", "j"."PlanRevision", "j"."Stage", "j"."UpdatedAt", "j"."VehicleBusinessRevision", "j"."VehicleKey", "j"."WorklistRevision"
FROM "JourneyRuntimes" AS "j"
WHERE "j"."Stage" <> 'Completed'
[17:41:14 INF] Executed DbCommand (0ms) [Parameters=[@__runtime_JourneyId_0='?' (Size = 36)], CommandType='Text', CommandTimeout='30']
SELECT "j"."JourneyId", "j"."Sequence", "j"."ConsumedSafetyResultMessageId", "j"."CreatedAt", "j"."LegType", "j"."LoadRound", "j"."MovementLegId", "j"."PlanMessageId", "j"."PlanRevision", "j"."PreDepartureSafetyCheckId", "j"."PreDepartureSafetyCheckMessageId", "j"."Role", "j"."RouteEvidenceId", "j"."State", "j"."StationId", "j"."StationRiotId", "j"."SublotWaitStartedAt", "j"."UpdatedAt", "j"."UpperId", "j"."VehicleBusinessMessageId", "j"."VehicleBusinessRevision", "j"."WorklistRevision"
FROM "JourneyStops" AS "j"
WHERE "j"."JourneyId" = @__runtime_JourneyId_0
[17:41:14 INF] Executed DbCommand (0ms) [Parameters=[@__runtime_JourneyId_0='?' (Size = 36)], CommandType='Text', CommandTimeout='30']
SELECT "j"."JourneyId", "j"."DemandId", "j"."ConsumedSublotMessageId", "j"."CreatedAt", "j"."ExpectedBasketCount", "j"."LoadCommandMessageId", "j"."LoadCommandedAt", "j"."LoadSlotOperationAttemptId", "j"."LoadedAt", "j"."State", "j"."StopSequence", "j"."TargetSlotsJson", "j"."UnloadCommandMessageId", "j"."UnloadCommandedAt", "j"."UnloadSlotOperationAttemptId"
FROM "JourneyDemands" AS "j"
WHERE "j"."JourneyId" = @__runtime_JourneyId_0
[17:41:14 INF] Executed DbCommand (0ms) [Parameters=[@__agvId_0='?' (Size = 10)], CommandType='Text', CommandTimeout='30']
SELECT "s"."AgvId", "s"."ActiveUnlockSlotsJson", "s"."CapabilityHash", "s"."CapabilityRevision", "s"."DepartureSafe", "s"."ForcedRecoveryGeneration", "s"."ManifestSha256", "s"."PendingAttemptIdsJson", "s"."PendingResultIdsJson", "s"."ProfileId", "s"."ProtocolCommit", "s"."ProtocolVersion", "s"."ProvenRecoveryCheckpoint", "s"."Readiness", "s"."ReasonCode", "s"."RecoveryReportId", "s"."ReportedForcedRecoveryGeneration", "s"."SafetyHash", "s"."SafetyReasonCodesJson", "s"."SafetyRevision", "s"."SafetyUnknownPresent", "s"."SessionGeneration", "s"."UnsettledSlotOperationAttemptId", "s"."UpdatedAt"
FROM "SessionRecoveries" AS "s"
WHERE "s"."AgvId" = @__agvId_0 AND "s"."Readiness" = 'Ready'
LIMIT 2
[17:41:14 INF] Executed DbCommand (0ms) [Parameters=[], CommandType='Text', CommandTimeout='30']
SELECT "p"."MessageId", "p"."AcknowledgedAt", "p"."CreatedAt", "p"."FencedAt", "p"."MessageType", "p"."PayloadJson"
FROM "ProtocolOutbox" AS "p"
WHERE "p"."AcknowledgedAt" IS NULL AND "p"."FencedAt" IS NULL
[17:41:14 INF] Executed DbCommand (0ms) [Parameters=[@__ids_0='?' (Size = 40)], CommandType='Text', CommandTimeout='30']
SELECT "a"."DemandId", "a"."AcceptedAt", "a"."CatalogRevision", "a"."CreatedAt", "a"."DemandRevision", "a"."Generation", "a"."HistoryEpoch", "a"."LiveMesFieldsJson", "a"."SeriesId", "a"."Status", "a"."Sublot", "a"."TransportDemandKey", "a"."ValueObservedAt", "a"."ValuePollTraceId", "a"."ValueProjectionCommitId", "a"."WorkType"
FROM "AcceptedDemands" AS "a"
WHERE "a"."DemandId" IN (
    SELECT "i"."value"
    FROM json_each(@__ids_0) AS "i"
)
[17:41:14 INF] Executed DbCommand (0ms) [Parameters=[], CommandType='Text', CommandTimeout='30']
SELECT "p"."MessageId", "p"."ContentHash", "p"."FirstResponseJson", "p"."MessageType", "p"."ReceivedAt", "p"."RequestJson"
FROM "ProtocolInbox" AS "p"
WHERE "p"."MessageType" = 'SublotSubmitted'
[17:41:14 INF] Executed DbCommand (0ms) [Parameters=[@__stationId_0='?' (Size = 9), @__taskType_1='?' (Size = 12)], CommandType='Text', CommandTimeout='30']
SELECT EXISTS (
    SELECT 1
    FROM "StationTaskTypeAdmissions" AS "s"
    WHERE "s"."StationId" = @__stationId_0 AND "s"."TaskType" = @__taskType_1)
[17:41:14 INF] Executed DbCommand (0ms) [Parameters=[@__entered_DemandId_0='?' (Size = 36)], CommandType='Text', CommandTimeout='30']
SELECT "a"."DemandId", "a"."AcceptedAt", "a"."CatalogRevision", "a"."CreatedAt", "a"."DemandRevision", "a"."Generation", "a"."HistoryEpoch", "a"."LiveMesFieldsJson", "a"."SeriesId", "a"."Status", "a"."Sublot", "a"."TransportDemandKey", "a"."ValueObservedAt", "a"."ValuePollTraceId", "a"."ValueProjectionCommitId", "a"."WorkType"
FROM "AcceptedDemands" AS "a"
WHERE "a"."DemandId" = @__entered_DemandId_0
LIMIT 2
[17:41:14 INF] Executed DbCommand (0ms) [Parameters=[@__stationId_0='?' (Size = 9), @__taskType_1='?' (Size = 12)], CommandType='Text', CommandTimeout='30']
SELECT EXISTS (
    SELECT 1
    FROM "StationTaskTypeAdmissions" AS "s"
    WHERE "s"."StationId" = @__stationId_0 AND "s"."TaskType" = @__taskType_1)
[17:41:14 INF] Executed DbCommand (0ms) [Parameters=[], CommandType='Text', CommandTimeout='30']
SELECT "p"."RuleId", "p"."EffectiveAt", "p"."MatchType", "p"."MaxBoxesPerBasket", "p"."Pattern", "p"."Source", "p"."SupersededAt", "p"."Version"
FROM "PackageCapacityRules" AS "p"
WHERE "p"."SupersededAt" IS NULL
[17:41:14 INF] Executed DbCommand (0ms) [Parameters=[@__package_0='?' (Size = 10)], CommandType='Text', CommandTimeout='30']
SELECT "m"."Package", "m"."FirstSeenAt", "m"."LastSeenAt", "m"."Status"
FROM "MissingPackages" AS "m"
WHERE "m"."Package" = @__package_0
LIMIT 2
[17:41:14 INF] Start processing HTTP request GET http://127.0.0.1:58409/api/v2/sublot-box-count?sublot=L2-SUBLOT-20260909T094024133Z
[17:41:14 INF] Sending HTTP request GET http://127.0.0.1:58409/api/v2/sublot-box-count?sublot=L2-SUBLOT-20260909T094024133Z
[17:41:14 INF] Received HTTP response headers after 1.1677ms - 200
[17:41:14 INF] End processing HTTP request after 2.1971ms - 200
[17:41:14 INF] Executed DbCommand (0ms) [Parameters=[@__demand_DemandId_0='?' (Size = 36)], CommandType='Text', CommandTimeout='30']
SELECT "a"."DemandId", "a"."AcceptedAt", "a"."CatalogRevision", "a"."CreatedAt", "a"."DemandRevision", "a"."Generation", "a"."HistoryEpoch", "a"."LiveMesFieldsJson", "a"."SeriesId", "a"."Status", "a"."Sublot", "a"."TransportDemandKey", "a"."ValueObservedAt", "a"."ValuePollTraceId", "a"."ValueProjectionCommitId", "a"."WorkType"
FROM "AcceptedDemands" AS "a"
WHERE "a"."DemandId" = @__demand_DemandId_0
LIMIT 2
[17:41:14 INF] Executed DbCommand (0ms) [Parameters=[@__messageId_0='?' (Size = 36)], CommandType='Text', CommandTimeout='30']
SELECT "p"."MessageId", "p"."AcknowledgedAt", "p"."CreatedAt", "p"."FencedAt", "p"."MessageType", "p"."PayloadJson"
FROM "ProtocolOutbox" AS "p"
WHERE "p"."MessageId" = @__messageId_0
LIMIT 2
[17:41:14 INF] Executed DbCommand (0ms) [Parameters=[@__plan_SlotOperationAttemptId_0='?' (Size = 36)], CommandType='Text', CommandTimeout='30']
SELECT "s"."SlotOperationAttemptId", "s"."CommittedAt", "s"."ContentHash", "s"."CreatedAt", "s"."DemandId", "s"."EvidenceJson", "s"."ForcedRecoveryGeneration", "s"."OperationType", "s"."Status", "s"."SublotId", "s"."TargetSlotsJson"
FROM "StationOperations" AS "s"
WHERE "s"."SlotOperationAttemptId" = @__plan_SlotOperationAttemptId_0
LIMIT 2
[17:41:14 INF] Start processing HTTP request GET http://127.0.0.1:58408/api/task/v1/task/getVehicleInfo/BROKERX-L2-0001
[17:41:14 INF] Sending HTTP request GET http://127.0.0.1:58408/api/task/v1/task/getVehicleInfo/BROKERX-L2-0001
[17:41:14 INF] Received HTTP response headers after 0.7048ms - 200
[17:41:14 INF] End processing HTTP request after 1.5677ms - 200
[17:41:14 INF] Start processing HTTP request GET http://127.0.0.1:58408/api/order/v1/orderRecord?pageNum=1&pageSize=100&filterByState=1&filterByState=3&filterByState=7&filterByState=9
[17:41:14 INF] Sending HTTP request GET http://127.0.0.1:58408/api/order/v1/orderRecord?pageNum=1&pageSize=100&filterByState=1&filterByState=3&filterByState=7&filterByState=9
[17:41:14 INF] Executed DbCommand (0ms) [Parameters=[@__messageId_0='?' (Size = 36)], CommandType='Text', CommandTimeout='30']
SELECT EXISTS (
    SELECT 1
    FROM "ProtocolOutbox" AS "p"
    WHERE "p"."MessageId" = @__messageId_0)
[17:41:14 INF] Received HTTP response headers after 0.7283ms - 200
[17:41:14 INF] End processing HTTP request after 1.5928ms - 200
[17:41:14 INF] HTTP GET /api/onboard/v1/vehicle-safety responded 200 in 4.8017 ms
[17:41:14 INF] Executed DbCommand (0ms) [Parameters=[], CommandType='Text', CommandTimeout='30']
SELECT "a"."Id", "a"."ContentHash", "a"."DeploymentId", "a"."ImportedAt", "a"."Version"
FROM "AdmissionPolicyState" AS "a"
WHERE "a"."Id" = 1
LIMIT 2
[17:41:14 INF] Executed DbCommand (0ms) [Parameters=[@__plan_AdmissionStationId_0='?' (Size = 9), @__plan_AdmissionTaskType_1='?' (Size = 12)], CommandType='Text', CommandTimeout='30']
SELECT EXISTS (
    SELECT 1
    FROM "StationTaskTypeAdmissions" AS "s"
    WHERE "s"."StationId" = @__plan_AdmissionStationId_0 AND "s"."TaskType" = @__plan_AdmissionTaskType_1)
[17:41:14 INF] Executed DbCommand (0ms) [Parameters=[@p0='?' (Size = 36), @p1='?' (DbType = Int64), @p2='?' (DbType = DateTimeOffset), @p3='?' (DbType = Boolean), @p4='?' (Size = 9), @p5='?' (Size = 12)], CommandType='Text', CommandTimeout='30']
INSERT INTO "AdmissionDecisionSnapshots" ("SlotOperationAttemptId", "AdmissionPolicyVersion", "AdmittedAt", "Allowed", "StationId", "TaskType")
VALUES (@p0, @p1, @p2, @p3, @p4, @p5);
[17:41:14 INF] Executed DbCommand (0ms) [Parameters=[@p0='?' (Size = 36), @p1='?' (DbType = DateTimeOffset), @p2='?' (DbType = DateTimeOffset), @p3='?' (DbType = DateTimeOffset), @p4='?' (Size = 20), @p5='?' (Size = 789)], CommandType='Text', CommandTimeout='30']
INSERT INTO "ProtocolOutbox" ("MessageId", "AcknowledgedAt", "CreatedAt", "FencedAt", "MessageType", "PayloadJson")
VALUES (@p0, @p1, @p2, @p3, @p4, @p5);
[17:41:14 INF] Executed DbCommand (0ms) [Parameters=[@p0='?' (Size = 36), @p1='?' (DbType = DateTimeOffset), @p2='?' (Size = 64), @p3='?' (DbType = DateTimeOffset), @p4='?' (Size = 36), @p5='?', @p6='?' (DbType = Int64), @p7='?' (Size = 4), @p8='?' (Size = 8), @p9='?' (Size = 29), @p10='?' (Size = 3)], CommandType='Text', CommandTimeout='30']
INSERT INTO "StationOperations" ("SlotOperationAttemptId", "CommittedAt", "ContentHash", "CreatedAt", "DemandId", "EvidenceJson", "ForcedRecoveryGeneration", "OperationType", "Status", "SublotId", "TargetSlotsJson")
VALUES (@p0, @p1, @p2, @p3, @p4, @p5, @p6, @p7, @p8, @p9, @p10);
[17:41:14 INF] Executed DbCommand (0ms) [Parameters=[@__messageId_0='?' (Size = 36)], CommandType='Text', CommandTimeout='30']
SELECT "p"."MessageId", "p"."AcknowledgedAt", "p"."CreatedAt", "p"."FencedAt", "p"."MessageType", "p"."PayloadJson"
FROM "ProtocolOutbox" AS "p"
WHERE "p"."MessageId" = @__messageId_0
LIMIT 2
[17:41:14 INF] Executed DbCommand (0ms) [Parameters=[@p2='?' (Size = 36), @p3='?' (Size = 36), @p0='?' (Size = 36), @p1='?' (DbType = DateTimeOffset)], CommandType='Text', CommandTimeout='30']
UPDATE "JourneyDemands" SET "ConsumedSublotMessageId" = @p0, "LoadCommandedAt" = @p1
WHERE "DemandId" = @p2 AND "JourneyId" = @p3
RETURNING 1;
[17:41:14 INF] Executed DbCommand (0ms) [Parameters=[@p1='?' (Size = 36), @p0='?' (DbType = DateTimeOffset)], CommandType='Text', CommandTimeout='30']
UPDATE "ProtocolOutbox" SET "AcknowledgedAt" = @p0
WHERE "MessageId" = @p1
RETURNING 1;
[17:41:14 INF] Executed DbCommand (0ms) [Parameters=[@p2='?' (Size = 36), @p0='?' (Size = 18), @p1='?' (DbType = DateTimeOffset)], CommandType='Text', CommandTimeout='30']
UPDATE "JourneyRuntimes" SET "Stage" = @p0, "UpdatedAt" = @p1
WHERE "JourneyId" = @p2
RETURNING 1;
[17:41:14 INF] Executed DbCommand (0ms) [Parameters=[@p1='?' (Size = 36), @p2='?' (DbType = Int32), @p0='?' (DbType = DateTimeOffset)], CommandType='Text', CommandTimeout='30']
UPDATE "JourneyStops" SET "UpdatedAt" = @p0
WHERE "JourneyId" = @p1 AND "Sequence" = @p2
RETURNING 1;
[17:41:14 INF] Executed DbCommand (0ms) [Parameters=[@__messageId_0='?' (Size = 36)], CommandType='Text', CommandTimeout='30']
SELECT "p"."MessageId", "p"."ContentHash", "p"."FirstResponseJson", "p"."MessageType", "p"."ReceivedAt", "p"."RequestJson"
FROM "ProtocolInbox" AS "p"
WHERE "p"."MessageId" = @__messageId_0
LIMIT 2
[17:41:14 INF] Executed DbCommand (0ms) [Parameters=[@p0='?' (Size = 36), @p1='?' (Size = 64), @p2='?' (Size = 664), @p3='?' (Size = 17), @p4='?' (DbType = DateTimeOffset), @p5='?' (Size = 571)], CommandType='Text', CommandTimeout='30']
INSERT INTO "ProtocolInbox" ("MessageId", "ContentHash", "FirstResponseJson", "MessageType", "ReceivedAt", "RequestJson")
VALUES (@p0, @p1, @p2, @p3, @p4, @p5);
[17:41:14 INF] Executed DbCommand (0ms) [Parameters=[@__messageId_0='?' (Size = 36)], CommandType='Text', CommandTimeout='30']
SELECT "p"."MessageId", "p"."ContentHash", "p"."FirstResponseJson", "p"."MessageType", "p"."ReceivedAt", "p"."RequestJson"
FROM "ProtocolInbox" AS "p"
WHERE "p"."MessageId" = @__messageId_0
LIMIT 2
[17:41:14 INF] Executed DbCommand (0ms) [Parameters=[@p0='?' (Size = 36), @p1='?' (Size = 64), @p2='?' (Size = 665), @p3='?' (Size = 17), @p4='?' (DbType = DateTimeOffset), @p5='?' (Size = 572)], CommandType='Text', CommandTimeout='30']
INSERT INTO "ProtocolInbox" ("MessageId", "ContentHash", "FirstResponseJson", "MessageType", "ReceivedAt", "RequestJson")
VALUES (@p0, @p1, @p2, @p3, @p4, @p5);
[17:41:14 INF] Executed DbCommand (0ms) [Parameters=[@__messageId_0='?' (Size = 36)], CommandType='Text', CommandTimeout='30']
SELECT "p"."MessageId", "p"."ContentHash", "p"."FirstResponseJson", "p"."MessageType", "p"."ReceivedAt", "p"."RequestJson"
FROM "ProtocolInbox" AS "p"
WHERE "p"."MessageId" = @__messageId_0
LIMIT 2
[17:41:14 INF] Executed DbCommand (0ms) [Parameters=[@__agvId_0='?' (Size = 10)], CommandType='Text', CommandTimeout='30']
SELECT "s"."AgvId", "s"."ActiveUnlockSlotsJson", "s"."CapabilityHash", "s"."CapabilityRevision", "s"."DepartureSafe", "s"."ForcedRecoveryGeneration", "s"."ManifestSha256", "s"."PendingAttemptIdsJson", "s"."PendingResultIdsJson", "s"."ProfileId", "s"."ProtocolCommit", "s"."ProtocolVersion", "s"."ProvenRecoveryCheckpoint", "s"."Readiness", "s"."ReasonCode", "s"."RecoveryReportId", "s"."ReportedForcedRecoveryGeneration", "s"."SafetyHash", "s"."SafetyReasonCodesJson", "s"."SafetyRevision", "s"."SafetyUnknownPresent", "s"."SessionGeneration", "s"."UnsettledSlotOperationAttemptId", "s"."UpdatedAt"
FROM "SessionRecoveries" AS "s"
WHERE "s"."AgvId" = @__agvId_0
LIMIT 2
[17:41:14 INF] Executed DbCommand (0ms) [Parameters=[@p7='?' (Size = 10), @p0='?' (DbType = Boolean), @p1='?' (Size = 16), @p2='?' (Size = 20), @p3='?' (Size = 64), @p4='?' (Size = 27), @p5='?' (DbType = Int64), @p6='?' (DbType = DateTimeOffset)], CommandType='Text', CommandTimeout='30']
UPDATE "SessionRecoveries" SET "DepartureSafe" = @p0, "Readiness" = @p1, "ReasonCode" = @p2, "SafetyHash" = @p3, "SafetyReasonCodesJson" = @p4, "SafetyRevision" = @p5, "UpdatedAt" = @p6
WHERE "AgvId" = @p7
RETURNING 1;
[17:41:14 INF] Executed DbCommand (0ms) [Parameters=[@__agvId_0='?' (Size = 10)], CommandType='Text', CommandTimeout='30']
SELECT "s"."AgvId", "s"."ActiveUnlockSlotsJson", "s"."CapabilityHash", "s"."CapabilityRevision", "s"."DepartureSafe", "s"."ForcedRecoveryGeneration", "s"."ManifestSha256", "s"."PendingAttemptIdsJson", "s"."PendingResultIdsJson", "s"."ProfileId", "s"."ProtocolCommit", "s"."ProtocolVersion", "s"."ProvenRecoveryCheckpoint", "s"."Readiness", "s"."ReasonCode", "s"."RecoveryReportId", "s"."ReportedForcedRecoveryGeneration", "s"."SafetyHash", "s"."SafetyReasonCodesJson", "s"."SafetyRevision", "s"."SafetyUnknownPresent", "s"."SessionGeneration", "s"."UnsettledSlotOperationAttemptId", "s"."UpdatedAt"
FROM "SessionRecoveries" AS "s"
WHERE "s"."AgvId" = @__agvId_0
LIMIT 2
[17:41:14 INF] Executed DbCommand (0ms) [Parameters=[], CommandType='Text', CommandTimeout='30']
SELECT EXISTS (
    SELECT 1
    FROM "StationOperations" AS "s"
    WHERE "s"."Status" = 'Prepared')
[17:41:14 INF] Executed DbCommand (0ms) [Parameters=[@__agvId_0='?' (Size = 10)], CommandType='Text', CommandTimeout='30']
SELECT EXISTS (
    SELECT 1
    FROM "StationOperations" AS "s"
    INNER JOIN "JourneyDemands" AS "j" ON "s"."DemandId" = "j"."DemandId"
    INNER JOIN "JourneyRuntimes" AS "j0" ON "j"."JourneyId" = "j0"."JourneyId"
    WHERE "j0"."AgvId" = @__agvId_0 AND "s"."Status" = 'RecoveryRequired')
[17:41:14 INF] Executed DbCommand (0ms) [Parameters=[@p3='?' (Size = 10), @p0='?' (Size = 5), @p1='?' (Size = 5), @p2='?' (DbType = DateTimeOffset)], CommandType='Text', CommandTimeout='30']
UPDATE "SessionRecoveries" SET "Readiness" = @p0, "ReasonCode" = @p1, "UpdatedAt" = @p2
WHERE "AgvId" = @p3
RETURNING 1;
[17:41:14 INF] Executed DbCommand (0ms) [Parameters=[@p0='?' (Size = 36), @p1='?' (Size = 64), @p2='?' (Size = 1234), @p3='?' (Size = 18), @p4='?' (DbType = DateTimeOffset), @p5='?' (Size = 680)], CommandType='Text', CommandTimeout='30']
INSERT INTO "ProtocolInbox" ("MessageId", "ContentHash", "FirstResponseJson", "MessageType", "ReceivedAt", "RequestJson")
VALUES (@p0, @p1, @p2, @p3, @p4, @p5);
[17:41:14 INF] Executed DbCommand (0ms) [Parameters=[@__messageId_0='?' (Size = 36)], CommandType='Text', CommandTimeout='30']
SELECT "p"."MessageId", "p"."ContentHash", "p"."FirstResponseJson", "p"."MessageType", "p"."ReceivedAt", "p"."RequestJson"
FROM "ProtocolInbox" AS "p"
WHERE "p"."MessageId" = @__messageId_0
LIMIT 2
[17:41:14 INF] Executed DbCommand (0ms) [Parameters=[@__agvId_0='?' (Size = 10)], CommandType='Text', CommandTimeout='30']
SELECT "s"."AgvId", "s"."ActiveUnlockSlotsJson", "s"."CapabilityHash", "s"."CapabilityRevision", "s"."DepartureSafe", "s"."ForcedRecoveryGeneration", "s"."ManifestSha256", "s"."PendingAttemptIdsJson", "s"."PendingResultIdsJson", "s"."ProfileId", "s"."ProtocolCommit", "s"."ProtocolVersion", "s"."ProvenRecoveryCheckpoint", "s"."Readiness", "s"."ReasonCode", "s"."RecoveryReportId", "s"."ReportedForcedRecoveryGeneration", "s"."SafetyHash", "s"."SafetyReasonCodesJson", "s"."SafetyRevision", "s"."SafetyUnknownPresent", "s"."SessionGeneration", "s"."UnsettledSlotOperationAttemptId", "s"."UpdatedAt"
FROM "SessionRecoveries" AS "s"
WHERE "s"."AgvId" = @__agvId_0
LIMIT 2
[17:41:14 INF] Executed DbCommand (0ms) [Parameters=[@p6='?' (Size = 10), @p0='?' (Size = 16), @p1='?' (Size = 20), @p2='?' (Size = 64), @p3='?' (Size = 45), @p4='?' (DbType = Int64), @p5='?' (DbType = DateTimeOffset)], CommandType='Text', CommandTimeout='30']
UPDATE "SessionRecoveries" SET "Readiness" = @p0, "ReasonCode" = @p1, "SafetyHash" = @p2, "SafetyReasonCodesJson" = @p3, "SafetyRevision" = @p4, "UpdatedAt" = @p5
WHERE "AgvId" = @p6
RETURNING 1;
[17:41:14 INF] Executed DbCommand (0ms) [Parameters=[@__agvId_0='?' (Size = 10)], CommandType='Text', CommandTimeout='30']
SELECT "s"."AgvId", "s"."ActiveUnlockSlotsJson", "s"."CapabilityHash", "s"."CapabilityRevision", "s"."DepartureSafe", "s"."ForcedRecoveryGeneration", "s"."ManifestSha256", "s"."PendingAttemptIdsJson", "s"."PendingResultIdsJson", "s"."ProfileId", "s"."ProtocolCommit", "s"."ProtocolVersion", "s"."ProvenRecoveryCheckpoint", "s"."Readiness", "s"."ReasonCode", "s"."RecoveryReportId", "s"."ReportedForcedRecoveryGeneration", "s"."SafetyHash", "s"."SafetyReasonCodesJson", "s"."SafetyRevision", "s"."SafetyUnknownPresent", "s"."SessionGeneration", "s"."UnsettledSlotOperationAttemptId", "s"."UpdatedAt"
FROM "SessionRecoveries" AS "s"
WHERE "s"."AgvId" = @__agvId_0
LIMIT 2
[17:41:14 INF] Executed DbCommand (0ms) [Parameters=[], CommandType='Text', CommandTimeout='30']
SELECT EXISTS (
    SELECT 1
    FROM "StationOperations" AS "s"
    WHERE "s"."Status" = 'Prepared')
[17:41:14 INF] Executed DbCommand (0ms) [Parameters=[@__agvId_0='?' (Size = 10)], CommandType='Text', CommandTimeout='30']
SELECT EXISTS (
    SELECT 1
    FROM "StationOperations" AS "s"
    INNER JOIN "JourneyDemands" AS "j" ON "s"."DemandId" = "j"."DemandId"
    INNER JOIN "JourneyRuntimes" AS "j0" ON "j"."JourneyId" = "j0"."JourneyId"
    WHERE "j0"."AgvId" = @__agvId_0 AND "s"."Status" = 'RecoveryRequired')
[17:41:14 INF] Executed DbCommand (0ms) [Parameters=[@p3='?' (Size = 10), @p0='?' (Size = 5), @p1='?' (Size = 5), @p2='?' (DbType = DateTimeOffset)], CommandType='Text', CommandTimeout='30']
UPDATE "SessionRecoveries" SET "Readiness" = @p0, "ReasonCode" = @p1, "UpdatedAt" = @p2
WHERE "AgvId" = @p3
RETURNING 1;
[17:41:14 INF] Executed DbCommand (0ms) [Parameters=[@p0='?' (Size = 36), @p1='?' (Size = 64), @p2='?' (Size = 1235), @p3='?' (Size = 18), @p4='?' (DbType = DateTimeOffset), @p5='?' (Size = 699)], CommandType='Text', CommandTimeout='30']
INSERT INTO "ProtocolInbox" ("MessageId", "ContentHash", "FirstResponseJson", "MessageType", "ReceivedAt", "RequestJson")
VALUES (@p0, @p1, @p2, @p3, @p4, @p5);
[17:41:15 INF] Executed DbCommand (0ms) [Parameters=[@__messageId_0='?' (Size = 36)], CommandType='Text', CommandTimeout='30']
SELECT "p"."MessageId", "p"."ContentHash", "p"."FirstResponseJson", "p"."MessageType", "p"."ReceivedAt", "p"."RequestJson"
FROM "ProtocolInbox" AS "p"
WHERE "p"."MessageId" = @__messageId_0
LIMIT 2
[17:41:15 INF] Executed DbCommand (0ms) [Parameters=[@__agvId_0='?' (Size = 10)], CommandType='Text', CommandTimeout='30']
SELECT "s"."AgvId", "s"."ActiveUnlockSlotsJson", "s"."CapabilityHash", "s"."CapabilityRevision", "s"."DepartureSafe", "s"."ForcedRecoveryGeneration", "s"."ManifestSha256", "s"."PendingAttemptIdsJson", "s"."PendingResultIdsJson", "s"."ProfileId", "s"."ProtocolCommit", "s"."ProtocolVersion", "s"."ProvenRecoveryCheckpoint", "s"."Readiness", "s"."ReasonCode", "s"."RecoveryReportId", "s"."ReportedForcedRecoveryGeneration", "s"."SafetyHash", "s"."SafetyReasonCodesJson", "s"."SafetyRevision", "s"."SafetyUnknownPresent", "s"."SessionGeneration", "s"."UnsettledSlotOperationAttemptId", "s"."UpdatedAt"
FROM "SessionRecoveries" AS "s"
WHERE "s"."AgvId" = @__agvId_0
LIMIT 2
[17:41:15 INF] Executed DbCommand (0ms) [Parameters=[@p6='?' (Size = 10), @p0='?' (Size = 16), @p1='?' (Size = 20), @p2='?' (Size = 64), @p3='?' (Size = 19), @p4='?' (DbType = Int64), @p5='?' (DbType = DateTimeOffset)], CommandType='Text', CommandTimeout='30']
UPDATE "SessionRecoveries" SET "Readiness" = @p0, "ReasonCode" = @p1, "SafetyHash" = @p2, "SafetyReasonCodesJson" = @p3, "SafetyRevision" = @p4, "UpdatedAt" = @p5
WHERE "AgvId" = @p6
RETURNING 1;
[17:41:15 INF] Executed DbCommand (0ms) [Parameters=[@__agvId_0='?' (Size = 10)], CommandType='Text', CommandTimeout='30']
SELECT "s"."AgvId", "s"."ActiveUnlockSlotsJson", "s"."CapabilityHash", "s"."CapabilityRevision", "s"."DepartureSafe", "s"."ForcedRecoveryGeneration", "s"."ManifestSha256", "s"."PendingAttemptIdsJson", "s"."PendingResultIdsJson", "s"."ProfileId", "s"."ProtocolCommit", "s"."ProtocolVersion", "s"."ProvenRecoveryCheckpoint", "s"."Readiness", "s"."ReasonCode", "s"."RecoveryReportId", "s"."ReportedForcedRecoveryGeneration", "s"."SafetyHash", "s"."SafetyReasonCodesJson", "s"."SafetyRevision", "s"."SafetyUnknownPresent", "s"."SessionGeneration", "s"."UnsettledSlotOperationAttemptId", "s"."UpdatedAt"
FROM "SessionRecoveries" AS "s"
WHERE "s"."AgvId" = @__agvId_0
LIMIT 2
[17:41:15 INF] Executed DbCommand (0ms) [Parameters=[], CommandType='Text', CommandTimeout='30']
SELECT EXISTS (
    SELECT 1
    FROM "StationOperations" AS "s"
    WHERE "s"."Status" = 'Prepared')
[17:41:15 INF] Executed DbCommand (0ms) [Parameters=[@__agvId_0='?' (Size = 10)], CommandType='Text', CommandTimeout='30']
SELECT EXISTS (
    SELECT 1
    FROM "StationOperations" AS "s"
    INNER JOIN "JourneyDemands" AS "j" ON "s"."DemandId" = "j"."DemandId"
    INNER JOIN "JourneyRuntimes" AS "j0" ON "j"."JourneyId" = "j0"."JourneyId"
    WHERE "j0"."AgvId" = @__agvId_0 AND "s"."Status" = 'RecoveryRequired')
[17:41:15 INF] Executed DbCommand (0ms) [Parameters=[@p3='?' (Size = 10), @p0='?' (Size = 5), @p1='?' (Size = 5), @p2='?' (DbType = DateTimeOffset)], CommandType='Text', CommandTimeout='30']
UPDATE "SessionRecoveries" SET "Readiness" = @p0, "ReasonCode" = @p1, "UpdatedAt" = @p2
WHERE "AgvId" = @p3
RETURNING 1;
[17:41:15 INF] Executed DbCommand (0ms) [Parameters=[@p0='?' (Size = 36), @p1='?' (Size = 64), @p2='?' (Size = 1235), @p3='?' (Size = 18), @p4='?' (DbType = DateTimeOffset), @p5='?' (Size = 672)], CommandType='Text', CommandTimeout='30']
INSERT INTO "ProtocolInbox" ("MessageId", "ContentHash", "FirstResponseJson", "MessageType", "ReceivedAt", "RequestJson")
VALUES (@p0, @p1, @p2, @p3, @p4, @p5);
[17:41:15 INF] Start processing HTTP request GET http://127.0.0.1:58408/api/imap/v1/mapInfo/stations/25
[17:41:15 INF] Sending HTTP request GET http://127.0.0.1:58408/api/imap/v1/mapInfo/stations/25
[17:41:15 INF] Received HTTP response headers after 0.7255ms - 200
[17:41:15 INF] End processing HTTP request after 2.2458ms - 200
[17:41:15 INF] Executed DbCommand (0ms) [Parameters=[], CommandType='Text', CommandTimeout='30']
SELECT "a"."Id", "a"."ContentHash", "a"."DeploymentId", "a"."ImportedAt", "a"."Version"
FROM "AdmissionPolicyState" AS "a"
WHERE "a"."Id" = 1
LIMIT 2
[17:41:15 INF] Executed DbCommand (0ms) [Parameters=[], CommandType='Text', CommandTimeout='30']
SELECT "j"."JourneyId", "j"."AgvId", "j"."AgvLifecycleGeneration", "j"."BlockReasonCode", "j"."CreatedAt", "j"."CurrentStopSequence", "j"."DispatchGeneration", "j"."DispatchZone", "j"."GateStationId", "j"."GateStationRiotId", "j"."HoldingStartedAt", "j"."LoadingClosedReason", "j"."MapId", "j"."MapIdentity", "j"."NextStopSequence", "j"."OperationSessionId", "j"."PlanRevision", "j"."Stage", "j"."UpdatedAt", "j"."VehicleBusinessRevision", "j"."VehicleKey", "j"."WorklistRevision"
FROM "JourneyRuntimes" AS "j"
WHERE "j"."Stage" <> 'Completed'
[17:41:15 INF] Executed DbCommand (0ms) [Parameters=[@__runtime_JourneyId_0='?' (Size = 36)], CommandType='Text', CommandTimeout='30']
SELECT "j"."JourneyId", "j"."Sequence", "j"."ConsumedSafetyResultMessageId", "j"."CreatedAt", "j"."LegType", "j"."LoadRound", "j"."MovementLegId", "j"."PlanMessageId", "j"."PlanRevision", "j"."PreDepartureSafetyCheckId", "j"."PreDepartureSafetyCheckMessageId", "j"."Role", "j"."RouteEvidenceId", "j"."State", "j"."StationId", "j"."StationRiotId", "j"."SublotWaitStartedAt", "j"."UpdatedAt", "j"."UpperId", "j"."VehicleBusinessMessageId", "j"."VehicleBusinessRevision", "j"."WorklistRevision"
FROM "JourneyStops" AS "j"
WHERE "j"."JourneyId" = @__runtime_JourneyId_0
[17:41:15 INF] Executed DbCommand (0ms) [Parameters=[@__runtime_JourneyId_0='?' (Size = 36)], CommandType='Text', CommandTimeout='30']
SELECT "j"."JourneyId", "j"."DemandId", "j"."ConsumedSublotMessageId", "j"."CreatedAt", "j"."ExpectedBasketCount", "j"."LoadCommandMessageId", "j"."LoadCommandedAt", "j"."LoadSlotOperationAttemptId", "j"."LoadedAt", "j"."State", "j"."StopSequence", "j"."TargetSlotsJson", "j"."UnloadCommandMessageId", "j"."UnloadCommandedAt", "j"."UnloadSlotOperationAttemptId"
FROM "JourneyDemands" AS "j"
WHERE "j"."JourneyId" = @__runtime_JourneyId_0
[17:41:15 INF] Executed DbCommand (0ms) [Parameters=[@__agvId_0='?' (Size = 10)], CommandType='Text', CommandTimeout='30']
SELECT "s"."AgvId", "s"."ActiveUnlockSlotsJson", "s"."CapabilityHash", "s"."CapabilityRevision", "s"."DepartureSafe", "s"."ForcedRecoveryGeneration", "s"."ManifestSha256", "s"."PendingAttemptIdsJson", "s"."PendingResultIdsJson", "s"."ProfileId", "s"."ProtocolCommit", "s"."ProtocolVersion", "s"."ProvenRecoveryCheckpoint", "s"."Readiness", "s"."ReasonCode", "s"."RecoveryReportId", "s"."ReportedForcedRecoveryGeneration", "s"."SafetyHash", "s"."SafetyReasonCodesJson", "s"."SafetyRevision", "s"."SafetyUnknownPresent", "s"."SessionGeneration", "s"."UnsettledSlotOperationAttemptId", "s"."UpdatedAt"
FROM "SessionRecoveries" AS "s"
WHERE "s"."AgvId" = @__agvId_0 AND "s"."Readiness" = 'Ready'
LIMIT 2
[17:41:15 INF] Executed DbCommand (0ms) [Parameters=[], CommandType='Text', CommandTimeout='30']
SELECT "p"."MessageId", "p"."AcknowledgedAt", "p"."CreatedAt", "p"."FencedAt", "p"."MessageType", "p"."PayloadJson"
FROM "ProtocolOutbox" AS "p"
WHERE "p"."AcknowledgedAt" IS NULL AND "p"."FencedAt" IS NULL
[17:41:15 INF] Executed DbCommand (0ms) [Parameters=[@__loading_LoadSlotOperationAttemptId_0='?' (Size = 36)], CommandType='Text', CommandTimeout='30']
SELECT "s"."SlotOperationAttemptId", "s"."CommittedAt", "s"."ContentHash", "s"."CreatedAt", "s"."DemandId", "s"."EvidenceJson", "s"."ForcedRecoveryGeneration", "s"."OperationType", "s"."Status", "s"."SublotId", "s"."TargetSlotsJson"
FROM "StationOperations" AS "s"
WHERE "s"."SlotOperationAttemptId" = @__loading_LoadSlotOperationAttemptId_0
LIMIT 2
[17:41:15 INF] Start processing HTTP request GET http://127.0.0.1:58408/api/task/v1/task/getVehicleInfo/BROKERX-L2-0001
[17:41:15 INF] Sending HTTP request GET http://127.0.0.1:58408/api/task/v1/task/getVehicleInfo/BROKERX-L2-0001
[17:41:15 INF] Received HTTP response headers after 0.8192ms - 200
[17:41:15 INF] End processing HTTP request after 2.4974ms - 200
[17:41:15 INF] Start processing HTTP request GET http://127.0.0.1:58408/api/order/v1/orderRecord?pageNum=1&pageSize=100&filterByState=1&filterByState=3&filterByState=7&filterByState=9
[17:41:15 INF] Sending HTTP request GET http://127.0.0.1:58408/api/order/v1/orderRecord?pageNum=1&pageSize=100&filterByState=1&filterByState=3&filterByState=7&filterByState=9
[17:41:15 INF] Received HTTP response headers after 0.63ms - 200
[17:41:15 INF] End processing HTTP request after 1.4576ms - 200
[17:41:15 INF] HTTP GET /api/onboard/v1/vehicle-safety responded 200 in 5.5900 ms
[17:41:15 INF] Executed DbCommand (0ms) [Parameters=[@__messageId_0='?' (Size = 36)], CommandType='Text', CommandTimeout='30']
SELECT "p"."MessageId", "p"."ContentHash", "p"."FirstResponseJson", "p"."MessageType", "p"."ReceivedAt", "p"."RequestJson"
FROM "ProtocolInbox" AS "p"
WHERE "p"."MessageId" = @__messageId_0
LIMIT 2
[17:41:15 INF] Executed DbCommand (0ms) [Parameters=[@p0='?' (Size = 36), @p1='?' (Size = 64), @p2='?' (Size = 665), @p3='?' (Size = 17), @p4='?' (DbType = DateTimeOffset), @p5='?' (Size = 579)], CommandType='Text', CommandTimeout='30']
INSERT INTO "ProtocolInbox" ("MessageId", "ContentHash", "FirstResponseJson", "MessageType", "ReceivedAt", "RequestJson")
VALUES (@p0, @p1, @p2, @p3, @p4, @p5);
[17:41:15 INF] Executed DbCommand (0ms) [Parameters=[@__messageId_0='?' (Size = 36)], CommandType='Text', CommandTimeout='30']
SELECT "p"."MessageId", "p"."ContentHash", "p"."FirstResponseJson", "p"."MessageType", "p"."ReceivedAt", "p"."RequestJson"
FROM "ProtocolInbox" AS "p"
WHERE "p"."MessageId" = @__messageId_0
LIMIT 2
[17:41:15 INF] Executed DbCommand (0ms) [Parameters=[@__agvId_0='?' (Size = 10)], CommandType='Text', CommandTimeout='30']
SELECT "s"."AgvId", "s"."ActiveUnlockSlotsJson", "s"."CapabilityHash", "s"."CapabilityRevision", "s"."DepartureSafe", "s"."ForcedRecoveryGeneration", "s"."ManifestSha256", "s"."PendingAttemptIdsJson", "s"."PendingResultIdsJson", "s"."ProfileId", "s"."ProtocolCommit", "s"."ProtocolVersion", "s"."ProvenRecoveryCheckpoint", "s"."Readiness", "s"."ReasonCode", "s"."RecoveryReportId", "s"."ReportedForcedRecoveryGeneration", "s"."SafetyHash", "s"."SafetyReasonCodesJson", "s"."SafetyRevision", "s"."SafetyUnknownPresent", "s"."SessionGeneration", "s"."UnsettledSlotOperationAttemptId", "s"."UpdatedAt"
FROM "SessionRecoveries" AS "s"
WHERE "s"."AgvId" = @__agvId_0
LIMIT 2
[17:41:15 INF] Executed DbCommand (0ms) [Parameters=[@p7='?' (Size = 10), @p0='?' (DbType = Boolean), @p1='?' (Size = 16), @p2='?' (Size = 20), @p3='?' (Size = 64), @p4='?' (Size = 2), @p5='?' (DbType = Int64), @p6='?' (DbType = DateTimeOffset)], CommandType='Text', CommandTimeout='30']
UPDATE "SessionRecoveries" SET "DepartureSafe" = @p0, "Readiness" = @p1, "ReasonCode" = @p2, "SafetyHash" = @p3, "SafetyReasonCodesJson" = @p4, "SafetyRevision" = @p5, "UpdatedAt" = @p6
WHERE "AgvId" = @p7
RETURNING 1;
[17:41:15 INF] Executed DbCommand (0ms) [Parameters=[@__agvId_0='?' (Size = 10)], CommandType='Text', CommandTimeout='30']
SELECT "s"."AgvId", "s"."ActiveUnlockSlotsJson", "s"."CapabilityHash", "s"."CapabilityRevision", "s"."DepartureSafe", "s"."ForcedRecoveryGeneration", "s"."ManifestSha256", "s"."PendingAttemptIdsJson", "s"."PendingResultIdsJson", "s"."ProfileId", "s"."ProtocolCommit", "s"."ProtocolVersion", "s"."ProvenRecoveryCheckpoint", "s"."Readiness", "s"."ReasonCode", "s"."RecoveryReportId", "s"."ReportedForcedRecoveryGeneration", "s"."SafetyHash", "s"."SafetyReasonCodesJson", "s"."SafetyRevision", "s"."SafetyUnknownPresent", "s"."SessionGeneration", "s"."UnsettledSlotOperationAttemptId", "s"."UpdatedAt"
FROM "SessionRecoveries" AS "s"
WHERE "s"."AgvId" = @__agvId_0
LIMIT 2
[17:41:15 INF] Executed DbCommand (0ms) [Parameters=[@__agvId_0='?' (Size = 10)], CommandType='Text', CommandTimeout='30']
SELECT EXISTS (
    SELECT 1
    FROM "StationOperations" AS "s"
    INNER JOIN "JourneyDemands" AS "j" ON "s"."DemandId" = "j"."DemandId"
    INNER JOIN "JourneyRuntimes" AS "j0" ON "j"."JourneyId" = "j0"."JourneyId"
    WHERE "j0"."AgvId" = @__agvId_0 AND "s"."Status" = 'RecoveryRequired')
[17:41:15 INF] Executed DbCommand (0ms) [Parameters=[@p3='?' (Size = 10), @p0='?' (Size = 5), @p1='?' (Size = 5), @p2='?' (DbType = DateTimeOffset)], CommandType='Text', CommandTimeout='30']
UPDATE "SessionRecoveries" SET "Readiness" = @p0, "ReasonCode" = @p1, "UpdatedAt" = @p2
WHERE "AgvId" = @p3
RETURNING 1;
[17:41:15 INF] Executed DbCommand (0ms) [Parameters=[@p0='?' (Size = 36), @p1='?' (Size = 64), @p2='?' (Size = 1235), @p3='?' (Size = 18), @p4='?' (DbType = DateTimeOffset), @p5='?' (Size = 653)], CommandType='Text', CommandTimeout='30']
INSERT INTO "ProtocolInbox" ("MessageId", "ContentHash", "FirstResponseJson", "MessageType", "ReceivedAt", "RequestJson")
VALUES (@p0, @p1, @p2, @p3, @p4, @p5);
[17:41:16 INF] Executed DbCommand (0ms) [Parameters=[@__messageId_0='?' (Size = 36)], CommandType='Text', CommandTimeout='30']
SELECT "p"."MessageId", "p"."ContentHash", "p"."FirstResponseJson", "p"."MessageType", "p"."ReceivedAt", "p"."RequestJson"
FROM "ProtocolInbox" AS "p"
WHERE "p"."MessageId" = @__messageId_0
LIMIT 2
[17:41:16 INF] Executed DbCommand (0ms) [Parameters=[@p0='?' (Size = 36), @p1='?' (Size = 64), @p2='?' (Size = 665), @p3='?' (Size = 17), @p4='?' (DbType = DateTimeOffset), @p5='?' (Size = 572)], CommandType='Text', CommandTimeout='30']
INSERT INTO "ProtocolInbox" ("MessageId", "ContentHash", "FirstResponseJson", "MessageType", "ReceivedAt", "RequestJson")
VALUES (@p0, @p1, @p2, @p3, @p4, @p5);
[17:41:16 INF] Start processing HTTP request GET http://127.0.0.1:58408/api/imap/v1/mapInfo/stations/25
[17:41:16 INF] Sending HTTP request GET http://127.0.0.1:58408/api/imap/v1/mapInfo/stations/25
[17:41:16 INF] Received HTTP response headers after 0.71ms - 200
[17:41:16 INF] End processing HTTP request after 2.23ms - 200
[17:41:16 INF] Executed DbCommand (0ms) [Parameters=[], CommandType='Text', CommandTimeout='30']
SELECT "a"."Id", "a"."ContentHash", "a"."DeploymentId", "a"."ImportedAt", "a"."Version"
FROM "AdmissionPolicyState" AS "a"
WHERE "a"."Id" = 1
LIMIT 2
[17:41:16 INF] Executed DbCommand (0ms) [Parameters=[], CommandType='Text', CommandTimeout='30']
SELECT "j"."JourneyId", "j"."AgvId", "j"."AgvLifecycleGeneration", "j"."BlockReasonCode", "j"."CreatedAt", "j"."CurrentStopSequence", "j"."DispatchGeneration", "j"."DispatchZone", "j"."GateStationId", "j"."GateStationRiotId", "j"."HoldingStartedAt", "j"."LoadingClosedReason", "j"."MapId", "j"."MapIdentity", "j"."NextStopSequence", "j"."OperationSessionId", "j"."PlanRevision", "j"."Stage", "j"."UpdatedAt", "j"."VehicleBusinessRevision", "j"."VehicleKey", "j"."WorklistRevision"
FROM "JourneyRuntimes" AS "j"
WHERE "j"."Stage" <> 'Completed'
[17:41:16 INF] Executed DbCommand (0ms) [Parameters=[@__runtime_JourneyId_0='?' (Size = 36)], CommandType='Text', CommandTimeout='30']
SELECT "j"."JourneyId", "j"."Sequence", "j"."ConsumedSafetyResultMessageId", "j"."CreatedAt", "j"."LegType", "j"."LoadRound", "j"."MovementLegId", "j"."PlanMessageId", "j"."PlanRevision", "j"."PreDepartureSafetyCheckId", "j"."PreDepartureSafetyCheckMessageId", "j"."Role", "j"."RouteEvidenceId", "j"."State", "j"."StationId", "j"."StationRiotId", "j"."SublotWaitStartedAt", "j"."UpdatedAt", "j"."UpperId", "j"."VehicleBusinessMessageId", "j"."VehicleBusinessRevision", "j"."WorklistRevision"
FROM "JourneyStops" AS "j"
WHERE "j"."JourneyId" = @__runtime_JourneyId_0
[17:41:16 INF] Executed DbCommand (0ms) [Parameters=[@__runtime_JourneyId_0='?' (Size = 36)], CommandType='Text', CommandTimeout='30']
SELECT "j"."JourneyId", "j"."DemandId", "j"."ConsumedSublotMessageId", "j"."CreatedAt", "j"."ExpectedBasketCount", "j"."LoadCommandMessageId", "j"."LoadCommandedAt", "j"."LoadSlotOperationAttemptId", "j"."LoadedAt", "j"."State", "j"."StopSequence", "j"."TargetSlotsJson", "j"."UnloadCommandMessageId", "j"."UnloadCommandedAt", "j"."UnloadSlotOperationAttemptId"
FROM "JourneyDemands" AS "j"
WHERE "j"."JourneyId" = @__runtime_JourneyId_0
[17:41:16 INF] Executed DbCommand (1ms) [Parameters=[@__agvId_0='?' (Size = 10)], CommandType='Text', CommandTimeout='30']
SELECT "s"."AgvId", "s"."ActiveUnlockSlotsJson", "s"."CapabilityHash", "s"."CapabilityRevision", "s"."DepartureSafe", "s"."ForcedRecoveryGeneration", "s"."ManifestSha256", "s"."PendingAttemptIdsJson", "s"."PendingResultIdsJson", "s"."ProfileId", "s"."ProtocolCommit", "s"."ProtocolVersion", "s"."ProvenRecoveryCheckpoint", "s"."Readiness", "s"."ReasonCode", "s"."RecoveryReportId", "s"."ReportedForcedRecoveryGeneration", "s"."SafetyHash", "s"."SafetyReasonCodesJson", "s"."SafetyRevision", "s"."SafetyUnknownPresent", "s"."SessionGeneration", "s"."UnsettledSlotOperationAttemptId", "s"."UpdatedAt"
FROM "SessionRecoveries" AS "s"
WHERE "s"."AgvId" = @__agvId_0 AND "s"."Readiness" = 'Ready'
LIMIT 2
[17:41:16 INF] Executed DbCommand (0ms) [Parameters=[], CommandType='Text', CommandTimeout='30']
SELECT "p"."MessageId", "p"."AcknowledgedAt", "p"."CreatedAt", "p"."FencedAt", "p"."MessageType", "p"."PayloadJson"
FROM "ProtocolOutbox" AS "p"
WHERE "p"."AcknowledgedAt" IS NULL AND "p"."FencedAt" IS NULL
[17:41:16 INF] Executed DbCommand (0ms) [Parameters=[@__loading_LoadSlotOperationAttemptId_0='?' (Size = 36)], CommandType='Text', CommandTimeout='30']
SELECT "s"."SlotOperationAttemptId", "s"."CommittedAt", "s"."ContentHash", "s"."CreatedAt", "s"."DemandId", "s"."EvidenceJson", "s"."ForcedRecoveryGeneration", "s"."OperationType", "s"."Status", "s"."SublotId", "s"."TargetSlotsJson"
FROM "StationOperations" AS "s"
WHERE "s"."SlotOperationAttemptId" = @__loading_LoadSlotOperationAttemptId_0
LIMIT 2
[17:41:16 INF] Executed DbCommand (0ms) [Parameters=[@__messageId_0='?' (Size = 36)], CommandType='Text', CommandTimeout='30']
SELECT "p"."MessageId", "p"."ContentHash", "p"."FirstResponseJson", "p"."MessageType", "p"."ReceivedAt", "p"."RequestJson"
FROM "ProtocolInbox" AS "p"
WHERE "p"."MessageId" = @__messageId_0
LIMIT 2
[17:41:16 INF] Executed DbCommand (0ms) [Parameters=[@__agvId_0='?' (Size = 10)], CommandType='Text', CommandTimeout='30']
SELECT "s"."AgvId", "s"."ActiveUnlockSlotsJson", "s"."CapabilityHash", "s"."CapabilityRevision", "s"."DepartureSafe", "s"."ForcedRecoveryGeneration", "s"."ManifestSha256", "s"."PendingAttemptIdsJson", "s"."PendingResultIdsJson", "s"."ProfileId", "s"."ProtocolCommit", "s"."ProtocolVersion", "s"."ProvenRecoveryCheckpoint", "s"."Readiness", "s"."ReasonCode", "s"."RecoveryReportId", "s"."ReportedForcedRecoveryGeneration", "s"."SafetyHash", "s"."SafetyReasonCodesJson", "s"."SafetyRevision", "s"."SafetyUnknownPresent", "s"."SessionGeneration", "s"."UnsettledSlotOperationAttemptId", "s"."UpdatedAt"
FROM "SessionRecoveries" AS "s"
WHERE "s"."AgvId" = @__agvId_0
LIMIT 2
[17:41:16 INF] Executed DbCommand (0ms) [Parameters=[@p7='?' (Size = 10), @p0='?' (DbType = Boolean), @p1='?' (Size = 16), @p2='?' (Size = 20), @p3='?' (Size = 64), @p4='?' (Size = 27), @p5='?' (DbType = Int64), @p6='?' (DbType = DateTimeOffset)], CommandType='Text', CommandTimeout='30']
UPDATE "SessionRecoveries" SET "DepartureSafe" = @p0, "Readiness" = @p1, "ReasonCode" = @p2, "SafetyHash" = @p3, "SafetyReasonCodesJson" = @p4, "SafetyRevision" = @p5, "UpdatedAt" = @p6
WHERE "AgvId" = @p7
RETURNING 1;
[17:41:16 INF] Executed DbCommand (0ms) [Parameters=[@__agvId_0='?' (Size = 10)], CommandType='Text', CommandTimeout='30']
SELECT "s"."AgvId", "s"."ActiveUnlockSlotsJson", "s"."CapabilityHash", "s"."CapabilityRevision", "s"."DepartureSafe", "s"."ForcedRecoveryGeneration", "s"."ManifestSha256", "s"."PendingAttemptIdsJson", "s"."PendingResultIdsJson", "s"."ProfileId", "s"."ProtocolCommit", "s"."ProtocolVersion", "s"."ProvenRecoveryCheckpoint", "s"."Readiness", "s"."ReasonCode", "s"."RecoveryReportId", "s"."ReportedForcedRecoveryGeneration", "s"."SafetyHash", "s"."SafetyReasonCodesJson", "s"."SafetyRevision", "s"."SafetyUnknownPresent", "s"."SessionGeneration", "s"."UnsettledSlotOperationAttemptId", "s"."UpdatedAt"
FROM "SessionRecoveries" AS "s"
WHERE "s"."AgvId" = @__agvId_0
LIMIT 2
[17:41:16 INF] Executed DbCommand (0ms) [Parameters=[], CommandType='Text', CommandTimeout='30']
SELECT EXISTS (
    SELECT 1
    FROM "StationOperations" AS "s"
    WHERE "s"."Status" = 'Prepared')
[17:41:16 INF] Executed DbCommand (0ms) [Parameters=[@__agvId_0='?' (Size = 10)], CommandType='Text', CommandTimeout='30']
SELECT EXISTS (
    SELECT 1
    FROM "StationOperations" AS "s"
    INNER JOIN "JourneyDemands" AS "j" ON "s"."DemandId" = "j"."DemandId"
    INNER JOIN "JourneyRuntimes" AS "j0" ON "j"."JourneyId" = "j0"."JourneyId"
    WHERE "j0"."AgvId" = @__agvId_0 AND "s"."Status" = 'RecoveryRequired')
[17:41:16 INF] Executed DbCommand (0ms) [Parameters=[@p3='?' (Size = 10), @p0='?' (Size = 5), @p1='?' (Size = 5), @p2='?' (DbType = DateTimeOffset)], CommandType='Text', CommandTimeout='30']
UPDATE "SessionRecoveries" SET "Readiness" = @p0, "ReasonCode" = @p1, "UpdatedAt" = @p2
WHERE "AgvId" = @p3
RETURNING 1;
[17:41:16 INF] Executed DbCommand (0ms) [Parameters=[@p0='?' (Size = 36), @p1='?' (Size = 64), @p2='?' (Size = 1235), @p3='?' (Size = 18), @p4='?' (DbType = DateTimeOffset), @p5='?' (Size = 679)], CommandType='Text', CommandTimeout='30']
INSERT INTO "ProtocolInbox" ("MessageId", "ContentHash", "FirstResponseJson", "MessageType", "ReceivedAt", "RequestJson")
VALUES (@p0, @p1, @p2, @p3, @p4, @p5);
[17:41:16 INF] Start processing HTTP request GET http://127.0.0.1:58408/api/task/v1/task/getVehicleInfo/BROKERX-L2-0001
[17:41:16 INF] Sending HTTP request GET http://127.0.0.1:58408/api/task/v1/task/getVehicleInfo/BROKERX-L2-0001
[17:41:16 INF] Received HTTP response headers after 0.7724ms - 200
[17:41:16 INF] End processing HTTP request after 2.1694ms - 200
[17:41:16 INF] Start processing HTTP request GET http://127.0.0.1:58408/api/order/v1/orderRecord?pageNum=1&pageSize=100&filterByState=1&filterByState=3&filterByState=7&filterByState=9
[17:41:16 INF] Sending HTTP request GET http://127.0.0.1:58408/api/order/v1/orderRecord?pageNum=1&pageSize=100&filterByState=1&filterByState=3&filterByState=7&filterByState=9
[17:41:16 INF] Received HTTP response headers after 0.7718ms - 200
[17:41:16 INF] End processing HTTP request after 1.6018ms - 200
[17:41:16 INF] HTTP GET /api/onboard/v1/vehicle-safety responded 200 in 5.5421 ms
[17:41:16 INF] Executed DbCommand (0ms) [Parameters=[@__messageId_0='?' (Size = 36)], CommandType='Text', CommandTimeout='30']
SELECT "p"."MessageId", "p"."ContentHash", "p"."FirstResponseJson", "p"."MessageType", "p"."ReceivedAt", "p"."RequestJson"
FROM "ProtocolInbox" AS "p"
WHERE "p"."MessageId" = @__messageId_0
LIMIT 2
[17:41:16 INF] Executed DbCommand (0ms) [Parameters=[@__agvId_0='?' (Size = 10)], CommandType='Text', CommandTimeout='30']
SELECT "s"."AgvId", "s"."ActiveUnlockSlotsJson", "s"."CapabilityHash", "s"."CapabilityRevision", "s"."DepartureSafe", "s"."ForcedRecoveryGeneration", "s"."ManifestSha256", "s"."PendingAttemptIdsJson", "s"."PendingResultIdsJson", "s"."ProfileId", "s"."ProtocolCommit", "s"."ProtocolVersion", "s"."ProvenRecoveryCheckpoint", "s"."Readiness", "s"."ReasonCode", "s"."RecoveryReportId", "s"."ReportedForcedRecoveryGeneration", "s"."SafetyHash", "s"."SafetyReasonCodesJson", "s"."SafetyRevision", "s"."SafetyUnknownPresent", "s"."SessionGeneration", "s"."UnsettledSlotOperationAttemptId", "s"."UpdatedAt"
FROM "SessionRecoveries" AS "s"
WHERE "s"."AgvId" = @__agvId_0
LIMIT 2
[17:41:16 INF] Executed DbCommand (0ms) [Parameters=[@p6='?' (Size = 10), @p0='?' (Size = 16), @p1='?' (Size = 20), @p2='?' (Size = 64), @p3='?' (Size = 45), @p4='?' (DbType = Int64), @p5='?' (DbType = DateTimeOffset)], CommandType='Text', CommandTimeout='30']
UPDATE "SessionRecoveries" SET "Readiness" = @p0, "ReasonCode" = @p1, "SafetyHash" = @p2, "SafetyReasonCodesJson" = @p3, "SafetyRevision" = @p4, "UpdatedAt" = @p5
WHERE "AgvId" = @p6
RETURNING 1;
[17:41:16 INF] Executed DbCommand (0ms) [Parameters=[@__agvId_0='?' (Size = 10)], CommandType='Text', CommandTimeout='30']
SELECT "s"."AgvId", "s"."ActiveUnlockSlotsJson", "s"."CapabilityHash", "s"."CapabilityRevision", "s"."DepartureSafe", "s"."ForcedRecoveryGeneration", "s"."ManifestSha256", "s"."PendingAttemptIdsJson", "s"."PendingResultIdsJson", "s"."ProfileId", "s"."ProtocolCommit", "s"."ProtocolVersion", "s"."ProvenRecoveryCheckpoint", "s"."Readiness", "s"."ReasonCode", "s"."RecoveryReportId", "s"."ReportedForcedRecoveryGeneration", "s"."SafetyHash", "s"."SafetyReasonCodesJson", "s"."SafetyRevision", "s"."SafetyUnknownPresent", "s"."SessionGeneration", "s"."UnsettledSlotOperationAttemptId", "s"."UpdatedAt"
FROM "SessionRecoveries" AS "s"
WHERE "s"."AgvId" = @__agvId_0
LIMIT 2
[17:41:16 INF] Executed DbCommand (0ms) [Parameters=[], CommandType='Text', CommandTimeout='30']
SELECT EXISTS (
    SELECT 1
    FROM "StationOperations" AS "s"
    WHERE "s"."Status" = 'Prepared')
[17:41:16 INF] Executed DbCommand (0ms) [Parameters=[@__agvId_0='?' (Size = 10)], CommandType='Text', CommandTimeout='30']
SELECT EXISTS (
    SELECT 1
    FROM "StationOperations" AS "s"
    INNER JOIN "JourneyDemands" AS "j" ON "s"."DemandId" = "j"."DemandId"
    INNER JOIN "JourneyRuntimes" AS "j0" ON "j"."JourneyId" = "j0"."JourneyId"
    WHERE "j0"."AgvId" = @__agvId_0 AND "s"."Status" = 'RecoveryRequired')
[17:41:16 INF] Executed DbCommand (0ms) [Parameters=[@p3='?' (Size = 10), @p0='?' (Size = 5), @p1='?' (Size = 5), @p2='?' (DbType = DateTimeOffset)], CommandType='Text', CommandTimeout='30']
UPDATE "SessionRecoveries" SET "Readiness" = @p0, "ReasonCode" = @p1, "UpdatedAt" = @p2
WHERE "AgvId" = @p3
RETURNING 1;
[17:41:16 INF] Executed DbCommand (0ms) [Parameters=[@p0='?' (Size = 36), @p1='?' (Size = 64), @p2='?' (Size = 1235), @p3='?' (Size = 18), @p4='?' (DbType = DateTimeOffset), @p5='?' (Size = 698)], CommandType='Text', CommandTimeout='30']
INSERT INTO "ProtocolInbox" ("MessageId", "ContentHash", "FirstResponseJson", "MessageType", "ReceivedAt", "RequestJson")
VALUES (@p0, @p1, @p2, @p3, @p4, @p5);
[17:41:16 INF] Executed DbCommand (0ms) [Parameters=[@__messageId_0='?' (Size = 36)], CommandType='Text', CommandTimeout='30']
SELECT "p"."MessageId", "p"."ContentHash", "p"."FirstResponseJson", "p"."MessageType", "p"."ReceivedAt", "p"."RequestJson"
FROM "ProtocolInbox" AS "p"
WHERE "p"."MessageId" = @__messageId_0
LIMIT 2
[17:41:16 INF] Executed DbCommand (0ms) [Parameters=[@__agvId_0='?' (Size = 10)], CommandType='Text', CommandTimeout='30']
SELECT "s"."AgvId", "s"."ActiveUnlockSlotsJson", "s"."CapabilityHash", "s"."CapabilityRevision", "s"."DepartureSafe", "s"."ForcedRecoveryGeneration", "s"."ManifestSha256", "s"."PendingAttemptIdsJson", "s"."PendingResultIdsJson", "s"."ProfileId", "s"."ProtocolCommit", "s"."ProtocolVersion", "s"."ProvenRecoveryCheckpoint", "s"."Readiness", "s"."ReasonCode", "s"."RecoveryReportId", "s"."ReportedForcedRecoveryGeneration", "s"."SafetyHash", "s"."SafetyReasonCodesJson", "s"."SafetyRevision", "s"."SafetyUnknownPresent", "s"."SessionGeneration", "s"."UnsettledSlotOperationAttemptId", "s"."UpdatedAt"
FROM "SessionRecoveries" AS "s"
WHERE "s"."AgvId" = @__agvId_0
LIMIT 2
[17:41:16 INF] Executed DbCommand (0ms) [Parameters=[@p6='?' (Size = 10), @p0='?' (Size = 16), @p1='?' (Size = 20), @p2='?' (Size = 64), @p3='?' (Size = 27), @p4='?' (DbType = Int64), @p5='?' (DbType = DateTimeOffset)], CommandType='Text', CommandTimeout='30']
UPDATE "SessionRecoveries" SET "Readiness" = @p0, "ReasonCode" = @p1, "SafetyHash" = @p2, "SafetyReasonCodesJson" = @p3, "SafetyRevision" = @p4, "UpdatedAt" = @p5
WHERE "AgvId" = @p6
RETURNING 1;
[17:41:16 INF] Executed DbCommand (0ms) [Parameters=[@__agvId_0='?' (Size = 10)], CommandType='Text', CommandTimeout='30']
SELECT "s"."AgvId", "s"."ActiveUnlockSlotsJson", "s"."CapabilityHash", "s"."CapabilityRevision", "s"."DepartureSafe", "s"."ForcedRecoveryGeneration", "s"."ManifestSha256", "s"."PendingAttemptIdsJson", "s"."PendingResultIdsJson", "s"."ProfileId", "s"."ProtocolCommit", "s"."ProtocolVersion", "s"."ProvenRecoveryCheckpoint", "s"."Readiness", "s"."ReasonCode", "s"."RecoveryReportId", "s"."ReportedForcedRecoveryGeneration", "s"."SafetyHash", "s"."SafetyReasonCodesJson", "s"."SafetyRevision", "s"."SafetyUnknownPresent", "s"."SessionGeneration", "s"."UnsettledSlotOperationAttemptId", "s"."UpdatedAt"
FROM "SessionRecoveries" AS "s"
WHERE "s"."AgvId" = @__agvId_0
LIMIT 2
[17:41:16 INF] Executed DbCommand (0ms) [Parameters=[], CommandType='Text', CommandTimeout='30']
SELECT EXISTS (
    SELECT 1
    FROM "StationOperations" AS "s"
    WHERE "s"."Status" = 'Prepared')
[17:41:16 INF] Executed DbCommand (0ms) [Parameters=[@__agvId_0='?' (Size = 10)], CommandType='Text', CommandTimeout='30']
SELECT EXISTS (
    SELECT 1
    FROM "StationOperations" AS "s"
    INNER JOIN "JourneyDemands" AS "j" ON "s"."DemandId" = "j"."DemandId"
    INNER JOIN "JourneyRuntimes" AS "j0" ON "j"."JourneyId" = "j0"."JourneyId"
    WHERE "j0"."AgvId" = @__agvId_0 AND "s"."Status" = 'RecoveryRequired')
[17:41:16 INF] Executed DbCommand (0ms) [Parameters=[@p3='?' (Size = 10), @p0='?' (Size = 5), @p1='?' (Size = 5), @p2='?' (DbType = DateTimeOffset)], CommandType='Text', CommandTimeout='30']
UPDATE "SessionRecoveries" SET "Readiness" = @p0, "ReasonCode" = @p1, "UpdatedAt" = @p2
WHERE "AgvId" = @p3
RETURNING 1;
[17:41:16 INF] Executed DbCommand (0ms) [Parameters=[@p0='?' (Size = 36), @p1='?' (Size = 64), @p2='?' (Size = 1234), @p3='?' (Size = 18), @p4='?' (DbType = DateTimeOffset), @p5='?' (Size = 680)], CommandType='Text', CommandTimeout='30']
INSERT INTO "ProtocolInbox" ("MessageId", "ContentHash", "FirstResponseJson", "MessageType", "ReceivedAt", "RequestJson")
VALUES (@p0, @p1, @p2, @p3, @p4, @p5);
[17:41:16 INF] Executed DbCommand (0ms) [Parameters=[@__messageId_0='?' (Size = 36)], CommandType='Text', CommandTimeout='30']
SELECT "p"."MessageId", "p"."ContentHash", "p"."FirstResponseJson", "p"."MessageType", "p"."ReceivedAt", "p"."RequestJson"
FROM "ProtocolInbox" AS "p"
WHERE "p"."MessageId" = @__messageId_0
LIMIT 2
[17:41:16 INF] Executed DbCommand (0ms) [Parameters=[@__agvId_0='?' (Size = 10)], CommandType='Text', CommandTimeout='30']
SELECT "s"."AgvId", "s"."ActiveUnlockSlotsJson", "s"."CapabilityHash", "s"."CapabilityRevision", "s"."DepartureSafe", "s"."ForcedRecoveryGeneration", "s"."ManifestSha256", "s"."PendingAttemptIdsJson", "s"."PendingResultIdsJson", "s"."ProfileId", "s"."ProtocolCommit", "s"."ProtocolVersion", "s"."ProvenRecoveryCheckpoint", "s"."Readiness", "s"."ReasonCode", "s"."RecoveryReportId", "s"."ReportedForcedRecoveryGeneration", "s"."SafetyHash", "s"."SafetyReasonCodesJson", "s"."SafetyRevision", "s"."SafetyUnknownPresent", "s"."SessionGeneration", "s"."UnsettledSlotOperationAttemptId", "s"."UpdatedAt"
FROM "SessionRecoveries" AS "s"
WHERE "s"."AgvId" = @__agvId_0
LIMIT 2
[17:41:16 INF] Executed DbCommand (0ms) [Parameters=[@p7='?' (Size = 10), @p0='?' (DbType = Boolean), @p1='?' (Size = 16), @p2='?' (Size = 20), @p3='?' (Size = 64), @p4='?' (Size = 2), @p5='?' (DbType = Int64), @p6='?' (DbType = DateTimeOffset)], CommandType='Text', CommandTimeout='30']
UPDATE "SessionRecoveries" SET "DepartureSafe" = @p0, "Readiness" = @p1, "ReasonCode" = @p2, "SafetyHash" = @p3, "SafetyReasonCodesJson" = @p4, "SafetyRevision" = @p5, "UpdatedAt" = @p6
WHERE "AgvId" = @p7
RETURNING 1;
[17:41:16 INF] Executed DbCommand (0ms) [Parameters=[@__agvId_0='?' (Size = 10)], CommandType='Text', CommandTimeout='30']
SELECT "s"."AgvId", "s"."ActiveUnlockSlotsJson", "s"."CapabilityHash", "s"."CapabilityRevision", "s"."DepartureSafe", "s"."ForcedRecoveryGeneration", "s"."ManifestSha256", "s"."PendingAttemptIdsJson", "s"."PendingResultIdsJson", "s"."ProfileId", "s"."ProtocolCommit", "s"."ProtocolVersion", "s"."ProvenRecoveryCheckpoint", "s"."Readiness", "s"."ReasonCode", "s"."RecoveryReportId", "s"."ReportedForcedRecoveryGeneration", "s"."SafetyHash", "s"."SafetyReasonCodesJson", "s"."SafetyRevision", "s"."SafetyUnknownPresent", "s"."SessionGeneration", "s"."UnsettledSlotOperationAttemptId", "s"."UpdatedAt"
FROM "SessionRecoveries" AS "s"
WHERE "s"."AgvId" = @__agvId_0
LIMIT 2
[17:41:16 INF] Executed DbCommand (0ms) [Parameters=[@__agvId_0='?' (Size = 10)], CommandType='Text', CommandTimeout='30']
SELECT EXISTS (
    SELECT 1
    FROM "StationOperations" AS "s"
    INNER JOIN "JourneyDemands" AS "j" ON "s"."DemandId" = "j"."DemandId"
    INNER JOIN "JourneyRuntimes" AS "j0" ON "j"."JourneyId" = "j0"."JourneyId"
    WHERE "j0"."AgvId" = @__agvId_0 AND "s"."Status" = 'RecoveryRequired')
[17:41:16 INF] Executed DbCommand (0ms) [Parameters=[@p3='?' (Size = 10), @p0='?' (Size = 5), @p1='?' (Size = 5), @p2='?' (DbType = DateTimeOffset)], CommandType='Text', CommandTimeout='30']
UPDATE "SessionRecoveries" SET "Readiness" = @p0, "ReasonCode" = @p1, "UpdatedAt" = @p2
WHERE "AgvId" = @p3
RETURNING 1;
[17:41:16 INF] Executed DbCommand (0ms) [Parameters=[@p0='?' (Size = 36), @p1='?' (Size = 64), @p2='?' (Size = 1235), @p3='?' (Size = 18), @p4='?' (DbType = DateTimeOffset), @p5='?' (Size = 654)], CommandType='Text', CommandTimeout='30']
INSERT INTO "ProtocolInbox" ("MessageId", "ContentHash", "FirstResponseJson", "MessageType", "ReceivedAt", "RequestJson")
VALUES (@p0, @p1, @p2, @p3, @p4, @p5);
[17:41:16 INF] Executed DbCommand (0ms) [Parameters=[@__messageId_0='?' (Size = 36)], CommandType='Text', CommandTimeout='30']
SELECT "p"."MessageId", "p"."ContentHash", "p"."FirstResponseJson", "p"."MessageType", "p"."ReceivedAt", "p"."RequestJson"
FROM "ProtocolInbox" AS "p"
WHERE "p"."MessageId" = @__messageId_0
LIMIT 2
[17:41:16 INF] Executed DbCommand (0ms) [Parameters=[@p0='?' (Size = 36), @p1='?' (Size = 64), @p2='?' (Size = 536), @p3='?' (Size = 9), @p4='?' (DbType = DateTimeOffset), @p5='?' (Size = 428)], CommandType='Text', CommandTimeout='30']
INSERT INTO "ProtocolInbox" ("MessageId", "ContentHash", "FirstResponseJson", "MessageType", "ReceivedAt", "RequestJson")
VALUES (@p0, @p1, @p2, @p3, @p4, @p5);
[17:41:17 INF] Start processing HTTP request GET http://127.0.0.1:58408/api/imap/v1/mapInfo/stations/25
[17:41:17 INF] Sending HTTP request GET http://127.0.0.1:58408/api/imap/v1/mapInfo/stations/25
[17:41:17 INF] Received HTTP response headers after 0.8194ms - 200
[17:41:17 INF] End processing HTTP request after 2.2812ms - 200
[17:41:17 INF] Executed DbCommand (0ms) [Parameters=[], CommandType='Text', CommandTimeout='30']
SELECT "a"."Id", "a"."ContentHash", "a"."DeploymentId", "a"."ImportedAt", "a"."Version"
FROM "AdmissionPolicyState" AS "a"
WHERE "a"."Id" = 1
LIMIT 2
[17:41:17 INF] Executed DbCommand (0ms) [Parameters=[], CommandType='Text', CommandTimeout='30']
SELECT "j"."JourneyId", "j"."AgvId", "j"."AgvLifecycleGeneration", "j"."BlockReasonCode", "j"."CreatedAt", "j"."CurrentStopSequence", "j"."DispatchGeneration", "j"."DispatchZone", "j"."GateStationId", "j"."GateStationRiotId", "j"."HoldingStartedAt", "j"."LoadingClosedReason", "j"."MapId", "j"."MapIdentity", "j"."NextStopSequence", "j"."OperationSessionId", "j"."PlanRevision", "j"."Stage", "j"."UpdatedAt", "j"."VehicleBusinessRevision", "j"."VehicleKey", "j"."WorklistRevision"
FROM "JourneyRuntimes" AS "j"
WHERE "j"."Stage" <> 'Completed'
[17:41:17 INF] Executed DbCommand (0ms) [Parameters=[@__runtime_JourneyId_0='?' (Size = 36)], CommandType='Text', CommandTimeout='30']
SELECT "j"."JourneyId", "j"."Sequence", "j"."ConsumedSafetyResultMessageId", "j"."CreatedAt", "j"."LegType", "j"."LoadRound", "j"."MovementLegId", "j"."PlanMessageId", "j"."PlanRevision", "j"."PreDepartureSafetyCheckId", "j"."PreDepartureSafetyCheckMessageId", "j"."Role", "j"."RouteEvidenceId", "j"."State", "j"."StationId", "j"."StationRiotId", "j"."SublotWaitStartedAt", "j"."UpdatedAt", "j"."UpperId", "j"."VehicleBusinessMessageId", "j"."VehicleBusinessRevision", "j"."WorklistRevision"
FROM "JourneyStops" AS "j"
WHERE "j"."JourneyId" = @__runtime_JourneyId_0
[17:41:17 INF] Executed DbCommand (0ms) [Parameters=[@__runtime_JourneyId_0='?' (Size = 36)], CommandType='Text', CommandTimeout='30']
SELECT "j"."JourneyId", "j"."DemandId", "j"."ConsumedSublotMessageId", "j"."CreatedAt", "j"."ExpectedBasketCount", "j"."LoadCommandMessageId", "j"."LoadCommandedAt", "j"."LoadSlotOperationAttemptId", "j"."LoadedAt", "j"."State", "j"."StopSequence", "j"."TargetSlotsJson", "j"."UnloadCommandMessageId", "j"."UnloadCommandedAt", "j"."UnloadSlotOperationAttemptId"
FROM "JourneyDemands" AS "j"
WHERE "j"."JourneyId" = @__runtime_JourneyId_0
[17:41:17 INF] Executed DbCommand (0ms) [Parameters=[@__agvId_0='?' (Size = 10)], CommandType='Text', CommandTimeout='30']
SELECT "s"."AgvId", "s"."ActiveUnlockSlotsJson", "s"."CapabilityHash", "s"."CapabilityRevision", "s"."DepartureSafe", "s"."ForcedRecoveryGeneration", "s"."ManifestSha256", "s"."PendingAttemptIdsJson", "s"."PendingResultIdsJson", "s"."ProfileId", "s"."ProtocolCommit", "s"."ProtocolVersion", "s"."ProvenRecoveryCheckpoint", "s"."Readiness", "s"."ReasonCode", "s"."RecoveryReportId", "s"."ReportedForcedRecoveryGeneration", "s"."SafetyHash", "s"."SafetyReasonCodesJson", "s"."SafetyRevision", "s"."SafetyUnknownPresent", "s"."SessionGeneration", "s"."UnsettledSlotOperationAttemptId", "s"."UpdatedAt"
FROM "SessionRecoveries" AS "s"
WHERE "s"."AgvId" = @__agvId_0 AND "s"."Readiness" = 'Ready'
LIMIT 2
[17:41:17 INF] Executed DbCommand (0ms) [Parameters=[], CommandType='Text', CommandTimeout='30']
SELECT "p"."MessageId", "p"."AcknowledgedAt", "p"."CreatedAt", "p"."FencedAt", "p"."MessageType", "p"."PayloadJson"
FROM "ProtocolOutbox" AS "p"
WHERE "p"."AcknowledgedAt" IS NULL AND "p"."FencedAt" IS NULL
[17:41:17 INF] Executed DbCommand (0ms) [Parameters=[@__loading_LoadSlotOperationAttemptId_0='?' (Size = 36)], CommandType='Text', CommandTimeout='30']
SELECT "s"."SlotOperationAttemptId", "s"."CommittedAt", "s"."ContentHash", "s"."CreatedAt", "s"."DemandId", "s"."EvidenceJson", "s"."ForcedRecoveryGeneration", "s"."OperationType", "s"."Status", "s"."SublotId", "s"."TargetSlotsJson"
FROM "StationOperations" AS "s"
WHERE "s"."SlotOperationAttemptId" = @__loading_LoadSlotOperationAttemptId_0
LIMIT 2
[17:41:17 INF] Start processing HTTP request GET http://127.0.0.1:58408/api/task/v1/task/getVehicleInfo/BROKERX-L2-0001
[17:41:17 INF] Sending HTTP request GET http://127.0.0.1:58408/api/task/v1/task/getVehicleInfo/BROKERX-L2-0001
[17:41:17 INF] Received HTTP response headers after 0.7984ms - 200
[17:41:17 INF] End processing HTTP request after 2.4118ms - 200
[17:41:17 INF] Start processing HTTP request GET http://127.0.0.1:58408/api/order/v1/orderRecord?pageNum=1&pageSize=100&filterByState=1&filterByState=3&filterByState=7&filterByState=9
[17:41:17 INF] Sending HTTP request GET http://127.0.0.1:58408/api/order/v1/orderRecord?pageNum=1&pageSize=100&filterByState=1&filterByState=3&filterByState=7&filterByState=9
[17:41:17 INF] Received HTTP response headers after 0.8984ms - 200
[17:41:17 INF] End processing HTTP request after 1.7284ms - 200
[17:41:17 INF] HTTP GET /api/onboard/v1/vehicle-safety responded 200 in 5.9553 ms
[17:41:18 INF] Start processing HTTP request GET http://127.0.0.1:58408/api/imap/v1/mapInfo/stations/25
[17:41:18 INF] Sending HTTP request GET http://127.0.0.1:58408/api/imap/v1/mapInfo/stations/25
[17:41:18 INF] Received HTTP response headers after 0.5935ms - 200
[17:41:18 INF] End processing HTTP request after 1.8706ms - 200
[17:41:18 INF] Executed DbCommand (0ms) [Parameters=[], CommandType='Text', CommandTimeout='30']
SELECT "a"."Id", "a"."ContentHash", "a"."DeploymentId", "a"."ImportedAt", "a"."Version"
FROM "AdmissionPolicyState" AS "a"
WHERE "a"."Id" = 1
LIMIT 2
[17:41:18 INF] Executed DbCommand (0ms) [Parameters=[], CommandType='Text', CommandTimeout='30']
SELECT "j"."JourneyId", "j"."AgvId", "j"."AgvLifecycleGeneration", "j"."BlockReasonCode", "j"."CreatedAt", "j"."CurrentStopSequence", "j"."DispatchGeneration", "j"."DispatchZone", "j"."GateStationId", "j"."GateStationRiotId", "j"."HoldingStartedAt", "j"."LoadingClosedReason", "j"."MapId", "j"."MapIdentity", "j"."NextStopSequence", "j"."OperationSessionId", "j"."PlanRevision", "j"."Stage", "j"."UpdatedAt", "j"."VehicleBusinessRevision", "j"."VehicleKey", "j"."WorklistRevision"
FROM "JourneyRuntimes" AS "j"
WHERE "j"."Stage" <> 'Completed'
[17:41:18 INF] Executed DbCommand (0ms) [Parameters=[@__runtime_JourneyId_0='?' (Size = 36)], CommandType='Text', CommandTimeout='30']
SELECT "j"."JourneyId", "j"."Sequence", "j"."ConsumedSafetyResultMessageId", "j"."CreatedAt", "j"."LegType", "j"."LoadRound", "j"."MovementLegId", "j"."PlanMessageId", "j"."PlanRevision", "j"."PreDepartureSafetyCheckId", "j"."PreDepartureSafetyCheckMessageId", "j"."Role", "j"."RouteEvidenceId", "j"."State", "j"."StationId", "j"."StationRiotId", "j"."SublotWaitStartedAt", "j"."UpdatedAt", "j"."UpperId", "j"."VehicleBusinessMessageId", "j"."VehicleBusinessRevision", "j"."WorklistRevision"
FROM "JourneyStops" AS "j"
WHERE "j"."JourneyId" = @__runtime_JourneyId_0
[17:41:18 INF] Executed DbCommand (0ms) [Parameters=[@__runtime_JourneyId_0='?' (Size = 36)], CommandType='Text', CommandTimeout='30']
SELECT "j"."JourneyId", "j"."DemandId", "j"."ConsumedSublotMessageId", "j"."CreatedAt", "j"."ExpectedBasketCount", "j"."LoadCommandMessageId", "j"."LoadCommandedAt", "j"."LoadSlotOperationAttemptId", "j"."LoadedAt", "j"."State", "j"."StopSequence", "j"."TargetSlotsJson", "j"."UnloadCommandMessageId", "j"."UnloadCommandedAt", "j"."UnloadSlotOperationAttemptId"
FROM "JourneyDemands" AS "j"
WHERE "j"."JourneyId" = @__runtime_JourneyId_0
[17:41:18 INF] Executed DbCommand (0ms) [Parameters=[@__agvId_0='?' (Size = 10)], CommandType='Text', CommandTimeout='30']
SELECT "s"."AgvId", "s"."ActiveUnlockSlotsJson", "s"."CapabilityHash", "s"."CapabilityRevision", "s"."DepartureSafe", "s"."ForcedRecoveryGeneration", "s"."ManifestSha256", "s"."PendingAttemptIdsJson", "s"."PendingResultIdsJson", "s"."ProfileId", "s"."ProtocolCommit", "s"."ProtocolVersion", "s"."ProvenRecoveryCheckpoint", "s"."Readiness", "s"."ReasonCode", "s"."RecoveryReportId", "s"."ReportedForcedRecoveryGeneration", "s"."SafetyHash", "s"."SafetyReasonCodesJson", "s"."SafetyRevision", "s"."SafetyUnknownPresent", "s"."SessionGeneration", "s"."UnsettledSlotOperationAttemptId", "s"."UpdatedAt"
FROM "SessionRecoveries" AS "s"
WHERE "s"."AgvId" = @__agvId_0 AND "s"."Readiness" = 'Ready'
LIMIT 2
[17:41:18 INF] Executed DbCommand (0ms) [Parameters=[], CommandType='Text', CommandTimeout='30']
SELECT "p"."MessageId", "p"."AcknowledgedAt", "p"."CreatedAt", "p"."FencedAt", "p"."MessageType", "p"."PayloadJson"
FROM "ProtocolOutbox" AS "p"
WHERE "p"."AcknowledgedAt" IS NULL AND "p"."FencedAt" IS NULL
[17:41:18 INF] Executed DbCommand (0ms) [Parameters=[@__loading_LoadSlotOperationAttemptId_0='?' (Size = 36)], CommandType='Text', CommandTimeout='30']
SELECT "s"."SlotOperationAttemptId", "s"."CommittedAt", "s"."ContentHash", "s"."CreatedAt", "s"."DemandId", "s"."EvidenceJson", "s"."ForcedRecoveryGeneration", "s"."OperationType", "s"."Status", "s"."SublotId", "s"."TargetSlotsJson"
FROM "StationOperations" AS "s"
WHERE "s"."SlotOperationAttemptId" = @__loading_LoadSlotOperationAttemptId_0
LIMIT 2
[17:41:18 INF] Start processing HTTP request GET http://127.0.0.1:58408/api/task/v1/task/getVehicleInfo/BROKERX-L2-0001
[17:41:18 INF] Sending HTTP request GET http://127.0.0.1:58408/api/task/v1/task/getVehicleInfo/BROKERX-L2-0001
[17:41:18 INF] Received HTTP response headers after 0.8485ms - 200
[17:41:18 INF] End processing HTTP request after 1.9591ms - 200
[17:41:18 INF] Start processing HTTP request GET http://127.0.0.1:58408/api/order/v1/orderRecord?pageNum=1&pageSize=100&filterByState=1&filterByState=3&filterByState=7&filterByState=9
[17:41:18 INF] Sending HTTP request GET http://127.0.0.1:58408/api/order/v1/orderRecord?pageNum=1&pageSize=100&filterByState=1&filterByState=3&filterByState=7&filterByState=9
[17:41:18 INF] Received HTTP response headers after 0.6906ms - 200
[17:41:18 INF] End processing HTTP request after 1.535ms - 200
[17:41:18 INF] HTTP GET /api/onboard/v1/vehicle-safety responded 200 in 5.1537 ms
[17:41:19 INF] Executed DbCommand (0ms) [Parameters=[@__messageId_0='?' (Size = 36)], CommandType='Text', CommandTimeout='30']
SELECT "p"."MessageId", "p"."ContentHash", "p"."FirstResponseJson", "p"."MessageType", "p"."ReceivedAt", "p"."RequestJson"
FROM "ProtocolInbox" AS "p"
WHERE "p"."MessageId" = @__messageId_0
LIMIT 2
[17:41:19 INF] Executed DbCommand (0ms) [Parameters=[@p0='?' (Size = 36), @p1='?' (Size = 64), @p2='?' (Size = 664), @p3='?' (Size = 17), @p4='?' (DbType = DateTimeOffset), @p5='?' (Size = 573)], CommandType='Text', CommandTimeout='30']
INSERT INTO "ProtocolInbox" ("MessageId", "ContentHash", "FirstResponseJson", "MessageType", "ReceivedAt", "RequestJson")
VALUES (@p0, @p1, @p2, @p3, @p4, @p5);
[17:41:19 INF] Start processing HTTP request GET http://127.0.0.1:58408/api/imap/v1/mapInfo/stations/25
[17:41:19 INF] Sending HTTP request GET http://127.0.0.1:58408/api/imap/v1/mapInfo/stations/25
[17:41:19 INF] Received HTTP response headers after 0.6299ms - 200
[17:41:19 INF] End processing HTTP request after 1.5168ms - 200
[17:41:19 INF] Executed DbCommand (0ms) [Parameters=[], CommandType='Text', CommandTimeout='30']
SELECT "a"."Id", "a"."ContentHash", "a"."DeploymentId", "a"."ImportedAt", "a"."Version"
FROM "AdmissionPolicyState" AS "a"
WHERE "a"."Id" = 1
LIMIT 2
[17:41:19 INF] Executed DbCommand (0ms) [Parameters=[], CommandType='Text', CommandTimeout='30']
SELECT "j"."JourneyId", "j"."AgvId", "j"."AgvLifecycleGeneration", "j"."BlockReasonCode", "j"."CreatedAt", "j"."CurrentStopSequence", "j"."DispatchGeneration", "j"."DispatchZone", "j"."GateStationId", "j"."GateStationRiotId", "j"."HoldingStartedAt", "j"."LoadingClosedReason", "j"."MapId", "j"."MapIdentity", "j"."NextStopSequence", "j"."OperationSessionId", "j"."PlanRevision", "j"."Stage", "j"."UpdatedAt", "j"."VehicleBusinessRevision", "j"."VehicleKey", "j"."WorklistRevision"
FROM "JourneyRuntimes" AS "j"
WHERE "j"."Stage" <> 'Completed'
[17:41:19 INF] Executed DbCommand (0ms) [Parameters=[@__runtime_JourneyId_0='?' (Size = 36)], CommandType='Text', CommandTimeout='30']
SELECT "j"."JourneyId", "j"."Sequence", "j"."ConsumedSafetyResultMessageId", "j"."CreatedAt", "j"."LegType", "j"."LoadRound", "j"."MovementLegId", "j"."PlanMessageId", "j"."PlanRevision", "j"."PreDepartureSafetyCheckId", "j"."PreDepartureSafetyCheckMessageId", "j"."Role", "j"."RouteEvidenceId", "j"."State", "j"."StationId", "j"."StationRiotId", "j"."SublotWaitStartedAt", "j"."UpdatedAt", "j"."UpperId", "j"."VehicleBusinessMessageId", "j"."VehicleBusinessRevision", "j"."WorklistRevision"
FROM "JourneyStops" AS "j"
WHERE "j"."JourneyId" = @__runtime_JourneyId_0
[17:41:19 INF] Executed DbCommand (0ms) [Parameters=[@__runtime_JourneyId_0='?' (Size = 36)], CommandType='Text', CommandTimeout='30']
SELECT "j"."JourneyId", "j"."DemandId", "j"."ConsumedSublotMessageId", "j"."CreatedAt", "j"."ExpectedBasketCount", "j"."LoadCommandMessageId", "j"."LoadCommandedAt", "j"."LoadSlotOperationAttemptId", "j"."LoadedAt", "j"."State", "j"."StopSequence", "j"."TargetSlotsJson", "j"."UnloadCommandMessageId", "j"."UnloadCommandedAt", "j"."UnloadSlotOperationAttemptId"
FROM "JourneyDemands" AS "j"
WHERE "j"."JourneyId" = @__runtime_JourneyId_0
[17:41:19 INF] Executed DbCommand (0ms) [Parameters=[@__agvId_0='?' (Size = 10)], CommandType='Text', CommandTimeout='30']
SELECT "s"."AgvId", "s"."ActiveUnlockSlotsJson", "s"."CapabilityHash", "s"."CapabilityRevision", "s"."DepartureSafe", "s"."ForcedRecoveryGeneration", "s"."ManifestSha256", "s"."PendingAttemptIdsJson", "s"."PendingResultIdsJson", "s"."ProfileId", "s"."ProtocolCommit", "s"."ProtocolVersion", "s"."ProvenRecoveryCheckpoint", "s"."Readiness", "s"."ReasonCode", "s"."RecoveryReportId", "s"."ReportedForcedRecoveryGeneration", "s"."SafetyHash", "s"."SafetyReasonCodesJson", "s"."SafetyRevision", "s"."SafetyUnknownPresent", "s"."SessionGeneration", "s"."UnsettledSlotOperationAttemptId", "s"."UpdatedAt"
FROM "SessionRecoveries" AS "s"
WHERE "s"."AgvId" = @__agvId_0 AND "s"."Readiness" = 'Ready'
LIMIT 2
[17:41:19 INF] Executed DbCommand (0ms) [Parameters=[], CommandType='Text', CommandTimeout='30']
SELECT "p"."MessageId", "p"."AcknowledgedAt", "p"."CreatedAt", "p"."FencedAt", "p"."MessageType", "p"."PayloadJson"
FROM "ProtocolOutbox" AS "p"
WHERE "p"."AcknowledgedAt" IS NULL AND "p"."FencedAt" IS NULL
[17:41:19 INF] Executed DbCommand (0ms) [Parameters=[@__loading_LoadSlotOperationAttemptId_0='?' (Size = 36)], CommandType='Text', CommandTimeout='30']
SELECT "s"."SlotOperationAttemptId", "s"."CommittedAt", "s"."ContentHash", "s"."CreatedAt", "s"."DemandId", "s"."EvidenceJson", "s"."ForcedRecoveryGeneration", "s"."OperationType", "s"."Status", "s"."SublotId", "s"."TargetSlotsJson"
FROM "StationOperations" AS "s"
WHERE "s"."SlotOperationAttemptId" = @__loading_LoadSlotOperationAttemptId_0
LIMIT 2
[17:41:19 INF] Executed DbCommand (0ms) [Parameters=[@__messageId_0='?' (Size = 36)], CommandType='Text', CommandTimeout='30']
SELECT "p"."MessageId", "p"."ContentHash", "p"."FirstResponseJson", "p"."MessageType", "p"."ReceivedAt", "p"."RequestJson"
FROM "ProtocolInbox" AS "p"
WHERE "p"."MessageId" = @__messageId_0
LIMIT 2
[17:41:19 INF] Executed DbCommand (0ms) [Parameters=[@__slotOperationAttemptId_0='?' (Size = 36)], CommandType='Text', CommandTimeout='30']
SELECT "s"."ForcedRecoveryGeneration"
FROM "StationOperations" AS "s"
WHERE "s"."SlotOperationAttemptId" = @__slotOperationAttemptId_0
LIMIT 2
[17:41:19 INF] Executed DbCommand (0ms) [Parameters=[@__result_ResultId_0='?' (Size = 36)], CommandType='Text', CommandTimeout='30']
SELECT "o"."ResultId", "o"."AgvId", "o"."ContentHash", "o"."EvidenceJson", "o"."ForcedRecoveryGeneration", "o"."HistoricalOnly", "o"."ObservedAt", "o"."OverallOutcome", "o"."ReceivedAt", "o"."ResultContentSha256", "o"."SlotOperationAttemptId", "o"."SupersededByResultId"
FROM "OperationResults" AS "o"
WHERE "o"."ResultId" = @__result_ResultId_0
LIMIT 2
[17:41:19 INF] Executed DbCommand (0ms) [Parameters=[@__result_SlotOperationAttemptId_0='?' (Size = 36), @__forcedRecoveryGeneration_1='?' (DbType = Int64)], CommandType='Text', CommandTimeout='30']
SELECT "o"."ResultId", "o"."AgvId", "o"."ContentHash", "o"."EvidenceJson", "o"."ForcedRecoveryGeneration", "o"."HistoricalOnly", "o"."ObservedAt", "o"."OverallOutcome", "o"."ReceivedAt", "o"."ResultContentSha256", "o"."SlotOperationAttemptId", "o"."SupersededByResultId"
FROM "OperationResults" AS "o"
WHERE "o"."SlotOperationAttemptId" = @__result_SlotOperationAttemptId_0 AND "o"."ForcedRecoveryGeneration" = @__forcedRecoveryGeneration_1 AND "o"."SupersededByResultId" IS NULL
[17:41:19 INF] Executed DbCommand (0ms) [Parameters=[@__agvId_0='?' (Size = 10)], CommandType='Text', CommandTimeout='30']
SELECT "v"."ForcedRecoveryGeneration"
FROM "VehicleRecoveryGenerations" AS "v"
WHERE "v"."AgvId" = @__agvId_0
LIMIT 2
[17:41:19 INF] Executed DbCommand (0ms) [Parameters=[@__result_SlotOperationAttemptId_0='?' (Size = 36)], CommandType='Text', CommandTimeout='30']
SELECT "s"."SlotOperationAttemptId", "s"."CommittedAt", "s"."ContentHash", "s"."CreatedAt", "s"."DemandId", "s"."EvidenceJson", "s"."ForcedRecoveryGeneration", "s"."OperationType", "s"."Status", "s"."SublotId", "s"."TargetSlotsJson"
FROM "StationOperations" AS "s"
WHERE "s"."SlotOperationAttemptId" = @__result_SlotOperationAttemptId_0
LIMIT 2
[17:41:19 INF] Executed DbCommand (0ms) [Parameters=[@__result_DemandId_0='?' (Size = 36)], CommandType='Text', CommandTimeout='30']
SELECT "a"."DemandId", "a"."AcceptedAt", "a"."CatalogRevision", "a"."CreatedAt", "a"."DemandRevision", "a"."Generation", "a"."HistoryEpoch", "a"."LiveMesFieldsJson", "a"."SeriesId", "a"."Status", "a"."Sublot", "a"."TransportDemandKey", "a"."ValueObservedAt", "a"."ValuePollTraceId", "a"."ValueProjectionCommitId", "a"."WorkType"
FROM "AcceptedDemands" AS "a"
WHERE "a"."DemandId" = @__result_DemandId_0
LIMIT 2
[17:41:19 INF] Executed DbCommand (0ms) [Parameters=[@p1='?' (Size = 36), @p0='?' (Size = 16)], CommandType='Text', CommandTimeout='30']
UPDATE "AcceptedDemands" SET "Status" = @p0
WHERE "DemandId" = @p1
RETURNING 1;
[17:41:19 INF] Executed DbCommand (0ms) [Parameters=[@p0='?' (Size = 36), @p1='?' (Size = 10), @p2='?' (Size = 64), @p3='?' (Size = 71), @p4='?' (DbType = Int64), @p5='?' (DbType = Boolean), @p6='?' (DbType = DateTimeOffset), @p7='?' (Size = 7), @p8='?' (DbType = DateTimeOffset), @p9='?' (Size = 64), @p10='?' (Size = 36), @p11='?'], CommandType='Text', CommandTimeout='30']
INSERT INTO "OperationResults" ("ResultId", "AgvId", "ContentHash", "EvidenceJson", "ForcedRecoveryGeneration", "HistoricalOnly", "ObservedAt", "OverallOutcome", "ReceivedAt", "ResultContentSha256", "SlotOperationAttemptId", "SupersededByResultId")
VALUES (@p0, @p1, @p2, @p3, @p4, @p5, @p6, @p7, @p8, @p9, @p10, @p11);
[17:41:19 INF] Executed DbCommand (0ms) [Parameters=[@p1='?' (Size = 36), @p0='?' (Size = 16)], CommandType='Text', CommandTimeout='30']
UPDATE "StationOperations" SET "Status" = @p0
WHERE "SlotOperationAttemptId" = @p1
RETURNING 1;
[17:41:19 INF] Start processing HTTP request GET http://127.0.0.1:58408/api/task/v1/task/getVehicleInfo/BROKERX-L2-0001
[17:41:19 INF] Sending HTTP request GET http://127.0.0.1:58408/api/task/v1/task/getVehicleInfo/BROKERX-L2-0001
[17:41:19 INF] Received HTTP response headers after 0.7442ms - 200
[17:41:19 INF] End processing HTTP request after 1.5927ms - 200
[17:41:19 INF] Start processing HTTP request GET http://127.0.0.1:58408/api/order/v1/orderRecord?pageNum=1&pageSize=100&filterByState=1&filterByState=3&filterByState=7&filterByState=9
[17:41:19 INF] Sending HTTP request GET http://127.0.0.1:58408/api/order/v1/orderRecord?pageNum=1&pageSize=100&filterByState=1&filterByState=3&filterByState=7&filterByState=9
[17:41:19 INF] Received HTTP response headers after 0.7009ms - 200
[17:41:19 INF] End processing HTTP request after 1.6223ms - 200
[17:41:19 INF] HTTP GET /api/onboard/v1/vehicle-safety responded 200 in 4.9830 ms
[17:41:19 INF] Executed DbCommand (0ms) [Parameters=[@__slotOperationAttemptId_0='?' (Size = 36)], CommandType='Text', CommandTimeout='30']
SELECT "r"."WorkflowId", "r"."AgvId", "r"."CommandContentHash", "r"."CommandMessageId", "r"."CommandMessageType", "r"."CreatedAt", "r"."DemandId", "r"."ExceptionRecoverySessionId", "r"."ForcedRecoveryGeneration", "r"."HandoffId", "r"."Outcome", "r"."RequestContentHash", "r"."RequestMessageId", "r"."ResultContentHash", "r"."ResultMessageId", "r"."SlotOperationAttemptId", "r"."SlotsJson", "r"."State", "r"."UpdatedAt", "r"."WorkflowType"
FROM "RecoveryWorkflows" AS "r"
WHERE "r"."WorkflowType" = 'RESUME_AFTER_REPAIR' AND "r"."SlotOperationAttemptId" = @__slotOperationAttemptId_0 AND "r"."State" <> 'Reconciled' AND "r"."State" <> 'HistoricalOnly'
LIMIT 2
[17:41:19 INF] Executed DbCommand (0ms) [Parameters=[@__agvId_0='?' (Size = 10)], CommandType='Text', CommandTimeout='30']
SELECT "s"."AgvId", "s"."ActiveUnlockSlotsJson", "s"."CapabilityHash", "s"."CapabilityRevision", "s"."DepartureSafe", "s"."ForcedRecoveryGeneration", "s"."ManifestSha256", "s"."PendingAttemptIdsJson", "s"."PendingResultIdsJson", "s"."ProfileId", "s"."ProtocolCommit", "s"."ProtocolVersion", "s"."ProvenRecoveryCheckpoint", "s"."Readiness", "s"."ReasonCode", "s"."RecoveryReportId", "s"."ReportedForcedRecoveryGeneration", "s"."SafetyHash", "s"."SafetyReasonCodesJson", "s"."SafetyRevision", "s"."SafetyUnknownPresent", "s"."SessionGeneration", "s"."UnsettledSlotOperationAttemptId", "s"."UpdatedAt"
FROM "SessionRecoveries" AS "s"
WHERE "s"."AgvId" = @__agvId_0
LIMIT 2
[17:41:19 INF] Executed DbCommand (0ms) [Parameters=[@__agvId_0='?' (Size = 10)], CommandType='Text', CommandTimeout='30']
SELECT EXISTS (
    SELECT 1
    FROM "StationOperations" AS "s"
    INNER JOIN "JourneyDemands" AS "j" ON "s"."DemandId" = "j"."DemandId"
    INNER JOIN "JourneyRuntimes" AS "j0" ON "j"."JourneyId" = "j0"."JourneyId"
    WHERE "j0"."AgvId" = @__agvId_0 AND "s"."Status" = 'RecoveryRequired')
[17:41:19 INF] Executed DbCommand (0ms) [Parameters=[@p3='?' (Size = 10), @p0='?' (Size = 16), @p1='?' (Size = 27), @p2='?' (DbType = DateTimeOffset)], CommandType='Text', CommandTimeout='30']
UPDATE "SessionRecoveries" SET "Readiness" = @p0, "ReasonCode" = @p1, "UpdatedAt" = @p2
WHERE "AgvId" = @p3
RETURNING 1;
[17:41:19 INF] Executed DbCommand (0ms) [Parameters=[@p0='?' (Size = 36), @p1='?' (Size = 64), @p2='?' (Size = 1272), @p3='?' (Size = 15), @p4='?' (DbType = DateTimeOffset), @p5='?' (Size = 909)], CommandType='Text', CommandTimeout='30']
INSERT INTO "ProtocolInbox" ("MessageId", "ContentHash", "FirstResponseJson", "MessageType", "ReceivedAt", "RequestJson")
VALUES (@p0, @p1, @p2, @p3, @p4, @p5);
[17:41:19 INF] Executed DbCommand (0ms) [Parameters=[], CommandType='Text', CommandTimeout='30']
SELECT "p"."MessageId", "p"."AcknowledgedAt", "p"."CreatedAt", "p"."FencedAt", "p"."MessageType", "p"."PayloadJson"
FROM "ProtocolOutbox" AS "p"
WHERE "p"."MessageType" = 'ExceptionRecoverySessionSnapshot' AND "p"."AcknowledgedAt" IS NULL AND "p"."FencedAt" IS NULL
[17:41:20 INF] Start processing HTTP request GET http://127.0.0.1:58408/api/imap/v1/mapInfo/stations/25
[17:41:20 INF] Sending HTTP request GET http://127.0.0.1:58408/api/imap/v1/mapInfo/stations/25
[17:41:20 INF] Received HTTP response headers after 0.5743ms - 200
[17:41:20 INF] End processing HTTP request after 2.082ms - 200
[17:41:20 INF] Executed DbCommand (0ms) [Parameters=[], CommandType='Text', CommandTimeout='30']
SELECT "a"."Id", "a"."ContentHash", "a"."DeploymentId", "a"."ImportedAt", "a"."Version"
FROM "AdmissionPolicyState" AS "a"
WHERE "a"."Id" = 1
LIMIT 2
[17:41:20 INF] Executed DbCommand (0ms) [Parameters=[], CommandType='Text', CommandTimeout='30']
SELECT "j"."JourneyId", "j"."AgvId", "j"."AgvLifecycleGeneration", "j"."BlockReasonCode", "j"."CreatedAt", "j"."CurrentStopSequence", "j"."DispatchGeneration", "j"."DispatchZone", "j"."GateStationId", "j"."GateStationRiotId", "j"."HoldingStartedAt", "j"."LoadingClosedReason", "j"."MapId", "j"."MapIdentity", "j"."NextStopSequence", "j"."OperationSessionId", "j"."PlanRevision", "j"."Stage", "j"."UpdatedAt", "j"."VehicleBusinessRevision", "j"."VehicleKey", "j"."WorklistRevision"
FROM "JourneyRuntimes" AS "j"
WHERE "j"."Stage" <> 'Completed'
[17:41:20 INF] Executed DbCommand (0ms) [Parameters=[@__runtime_JourneyId_0='?' (Size = 36)], CommandType='Text', CommandTimeout='30']
SELECT "j"."JourneyId", "j"."Sequence", "j"."ConsumedSafetyResultMessageId", "j"."CreatedAt", "j"."LegType", "j"."LoadRound", "j"."MovementLegId", "j"."PlanMessageId", "j"."PlanRevision", "j"."PreDepartureSafetyCheckId", "j"."PreDepartureSafetyCheckMessageId", "j"."Role", "j"."RouteEvidenceId", "j"."State", "j"."StationId", "j"."StationRiotId", "j"."SublotWaitStartedAt", "j"."UpdatedAt", "j"."UpperId", "j"."VehicleBusinessMessageId", "j"."VehicleBusinessRevision", "j"."WorklistRevision"
FROM "JourneyStops" AS "j"
WHERE "j"."JourneyId" = @__runtime_JourneyId_0
[17:41:20 INF] Executed DbCommand (0ms) [Parameters=[@__runtime_JourneyId_0='?' (Size = 36)], CommandType='Text', CommandTimeout='30']
SELECT "j"."JourneyId", "j"."DemandId", "j"."ConsumedSublotMessageId", "j"."CreatedAt", "j"."ExpectedBasketCount", "j"."LoadCommandMessageId", "j"."LoadCommandedAt", "j"."LoadSlotOperationAttemptId", "j"."LoadedAt", "j"."State", "j"."StopSequence", "j"."TargetSlotsJson", "j"."UnloadCommandMessageId", "j"."UnloadCommandedAt", "j"."UnloadSlotOperationAttemptId"
FROM "JourneyDemands" AS "j"
WHERE "j"."JourneyId" = @__runtime_JourneyId_0
[17:41:20 INF] Executed DbCommand (0ms) [Parameters=[@__agvId_0='?' (Size = 10)], CommandType='Text', CommandTimeout='30']
SELECT "s"."AgvId", "s"."ActiveUnlockSlotsJson", "s"."CapabilityHash", "s"."CapabilityRevision", "s"."DepartureSafe", "s"."ForcedRecoveryGeneration", "s"."ManifestSha256", "s"."PendingAttemptIdsJson", "s"."PendingResultIdsJson", "s"."ProfileId", "s"."ProtocolCommit", "s"."ProtocolVersion", "s"."ProvenRecoveryCheckpoint", "s"."Readiness", "s"."ReasonCode", "s"."RecoveryReportId", "s"."ReportedForcedRecoveryGeneration", "s"."SafetyHash", "s"."SafetyReasonCodesJson", "s"."SafetyRevision", "s"."SafetyUnknownPresent", "s"."SessionGeneration", "s"."UnsettledSlotOperationAttemptId", "s"."UpdatedAt"
FROM "SessionRecoveries" AS "s"
WHERE "s"."AgvId" = @__agvId_0 AND "s"."Readiness" = 'Ready'
LIMIT 2
[17:41:20 INF] Executed DbCommand (0ms) [Parameters=[@__attemptId_0='?' (Size = 36)], CommandType='Text', CommandTimeout='30']
SELECT "s"."SlotOperationAttemptId", "s"."CommittedAt", "s"."ContentHash", "s"."CreatedAt", "s"."DemandId", "s"."EvidenceJson", "s"."ForcedRecoveryGeneration", "s"."OperationType", "s"."Status", "s"."SublotId", "s"."TargetSlotsJson"
FROM "StationOperations" AS "s"
WHERE "s"."SlotOperationAttemptId" = @__attemptId_0
LIMIT 2
[17:41:20 INF] Executed DbCommand (0ms) [Parameters=[@p3='?' (Size = 36), @p0='?' (Size = 29), @p1='?' (Size = 7), @p2='?' (DbType = DateTimeOffset)], CommandType='Text', CommandTimeout='30']
UPDATE "JourneyRuntimes" SET "BlockReasonCode" = @p0, "Stage" = @p1, "UpdatedAt" = @p2
WHERE "JourneyId" = @p3
RETURNING 1;
[17:41:20 INF] Start processing HTTP request GET http://127.0.0.1:58408/api/task/v1/task/getVehicleInfo/BROKERX-L2-0001
[17:41:20 INF] Sending HTTP request GET http://127.0.0.1:58408/api/task/v1/task/getVehicleInfo/BROKERX-L2-0001
[17:41:20 INF] Received HTTP response headers after 0.9013ms - 200
[17:41:20 INF] End processing HTTP request after 2.4935ms - 200
[17:41:20 INF] Start processing HTTP request GET http://127.0.0.1:58408/api/order/v1/orderRecord?pageNum=1&pageSize=100&filterByState=1&filterByState=3&filterByState=7&filterByState=9
[17:41:20 INF] Sending HTTP request GET http://127.0.0.1:58408/api/order/v1/orderRecord?pageNum=1&pageSize=100&filterByState=1&filterByState=3&filterByState=7&filterByState=9
[17:41:20 INF] Received HTTP response headers after 0.8659ms - 200
[17:41:20 INF] End processing HTTP request after 2.1755ms - 200
[17:41:20 INF] HTTP GET /api/onboard/v1/vehicle-safety responded 200 in 6.3527 ms
[17:41:21 INF] Start processing HTTP request GET http://127.0.0.1:58408/api/imap/v1/mapInfo/stations/25
[17:41:21 INF] Sending HTTP request GET http://127.0.0.1:58408/api/imap/v1/mapInfo/stations/25
[17:41:21 INF] Received HTTP response headers after 0.6653ms - 200
[17:41:21 INF] End processing HTTP request after 1.9872ms - 200
[17:41:21 INF] Executed DbCommand (0ms) [Parameters=[], CommandType='Text', CommandTimeout='30']
SELECT "a"."Id", "a"."ContentHash", "a"."DeploymentId", "a"."ImportedAt", "a"."Version"
FROM "AdmissionPolicyState" AS "a"
WHERE "a"."Id" = 1
LIMIT 2
[17:41:21 INF] Executed DbCommand (0ms) [Parameters=[], CommandType='Text', CommandTimeout='30']
SELECT "j"."JourneyId", "j"."AgvId", "j"."AgvLifecycleGeneration", "j"."BlockReasonCode", "j"."CreatedAt", "j"."CurrentStopSequence", "j"."DispatchGeneration", "j"."DispatchZone", "j"."GateStationId", "j"."GateStationRiotId", "j"."HoldingStartedAt", "j"."LoadingClosedReason", "j"."MapId", "j"."MapIdentity", "j"."NextStopSequence", "j"."OperationSessionId", "j"."PlanRevision", "j"."Stage", "j"."UpdatedAt", "j"."VehicleBusinessRevision", "j"."VehicleKey", "j"."WorklistRevision"
FROM "JourneyRuntimes" AS "j"
WHERE "j"."Stage" <> 'Completed'
[17:41:21 INF] Executed DbCommand (0ms) [Parameters=[@__runtime_JourneyId_0='?' (Size = 36)], CommandType='Text', CommandTimeout='30']
SELECT "j"."JourneyId", "j"."Sequence", "j"."ConsumedSafetyResultMessageId", "j"."CreatedAt", "j"."LegType", "j"."LoadRound", "j"."MovementLegId", "j"."PlanMessageId", "j"."PlanRevision", "j"."PreDepartureSafetyCheckId", "j"."PreDepartureSafetyCheckMessageId", "j"."Role", "j"."RouteEvidenceId", "j"."State", "j"."StationId", "j"."StationRiotId", "j"."SublotWaitStartedAt", "j"."UpdatedAt", "j"."UpperId", "j"."VehicleBusinessMessageId", "j"."VehicleBusinessRevision", "j"."WorklistRevision"
FROM "JourneyStops" AS "j"
WHERE "j"."JourneyId" = @__runtime_JourneyId_0
[17:41:21 INF] Executed DbCommand (0ms) [Parameters=[@__runtime_JourneyId_0='?' (Size = 36)], CommandType='Text', CommandTimeout='30']
SELECT "j"."JourneyId", "j"."DemandId", "j"."ConsumedSublotMessageId", "j"."CreatedAt", "j"."ExpectedBasketCount", "j"."LoadCommandMessageId", "j"."LoadCommandedAt", "j"."LoadSlotOperationAttemptId", "j"."LoadedAt", "j"."State", "j"."StopSequence", "j"."TargetSlotsJson", "j"."UnloadCommandMessageId", "j"."UnloadCommandedAt", "j"."UnloadSlotOperationAttemptId"
FROM "JourneyDemands" AS "j"
WHERE "j"."JourneyId" = @__runtime_JourneyId_0
[17:41:21 INF] Executed DbCommand (0ms) [Parameters=[@__agvId_0='?' (Size = 10)], CommandType='Text', CommandTimeout='30']
SELECT "s"."AgvId", "s"."ActiveUnlockSlotsJson", "s"."CapabilityHash", "s"."CapabilityRevision", "s"."DepartureSafe", "s"."ForcedRecoveryGeneration", "s"."ManifestSha256", "s"."PendingAttemptIdsJson", "s"."PendingResultIdsJson", "s"."ProfileId", "s"."ProtocolCommit", "s"."ProtocolVersion", "s"."ProvenRecoveryCheckpoint", "s"."Readiness", "s"."ReasonCode", "s"."RecoveryReportId", "s"."ReportedForcedRecoveryGeneration", "s"."SafetyHash", "s"."SafetyReasonCodesJson", "s"."SafetyRevision", "s"."SafetyUnknownPresent", "s"."SessionGeneration", "s"."UnsettledSlotOperationAttemptId", "s"."UpdatedAt"
FROM "SessionRecoveries" AS "s"
WHERE "s"."AgvId" = @__agvId_0 AND "s"."Readiness" = 'Ready'
LIMIT 2
[17:41:21 INF] Start processing HTTP request GET http://127.0.0.1:58408/api/task/v1/task/getVehicleInfo/BROKERX-L2-0001
[17:41:21 INF] Sending HTTP request GET http://127.0.0.1:58408/api/task/v1/task/getVehicleInfo/BROKERX-L2-0001
[17:41:21 INF] Received HTTP response headers after 0.6168ms - 200
[17:41:21 INF] End processing HTTP request after 2.1368ms - 200
[17:41:21 INF] Start processing HTTP request GET http://127.0.0.1:58408/api/order/v1/orderRecord?pageNum=1&pageSize=100&filterByState=1&filterByState=3&filterByState=7&filterByState=9
[17:41:21 INF] Sending HTTP request GET http://127.0.0.1:58408/api/order/v1/orderRecord?pageNum=1&pageSize=100&filterByState=1&filterByState=3&filterByState=7&filterByState=9
[17:41:21 INF] Received HTTP response headers after 0.4667ms - 200
[17:41:21 INF] End processing HTTP request after 1.2101ms - 200
[17:41:21 INF] HTTP GET /api/onboard/v1/vehicle-safety responded 200 in 4.8354 ms
[17:41:21 INF] Executed DbCommand (0ms) [Parameters=[@__messageId_0='?' (Size = 36)], CommandType='Text', CommandTimeout='30']
SELECT "p"."MessageId", "p"."ContentHash", "p"."FirstResponseJson", "p"."MessageType", "p"."ReceivedAt", "p"."RequestJson"
FROM "ProtocolInbox" AS "p"
WHERE "p"."MessageId" = @__messageId_0
LIMIT 2
[17:41:21 INF] Executed DbCommand (0ms) [Parameters=[@p0='?' (Size = 36), @p1='?' (Size = 64), @p2='?' (Size = 536), @p3='?' (Size = 9), @p4='?' (DbType = DateTimeOffset), @p5='?' (Size = 428)], CommandType='Text', CommandTimeout='30']
INSERT INTO "ProtocolInbox" ("MessageId", "ContentHash", "FirstResponseJson", "MessageType", "ReceivedAt", "RequestJson")
VALUES (@p0, @p1, @p2, @p3, @p4, @p5);
[17:41:22 INF] Start processing HTTP request GET http://127.0.0.1:58408/api/imap/v1/mapInfo/stations/25
[17:41:22 INF] Sending HTTP request GET http://127.0.0.1:58408/api/imap/v1/mapInfo/stations/25
[17:41:22 INF] Received HTTP response headers after 0.5716ms - 200
[17:41:22 INF] End processing HTTP request after 1.892ms - 200
[17:41:22 INF] Executed DbCommand (0ms) [Parameters=[], CommandType='Text', CommandTimeout='30']
SELECT "a"."Id", "a"."ContentHash", "a"."DeploymentId", "a"."ImportedAt", "a"."Version"
FROM "AdmissionPolicyState" AS "a"
WHERE "a"."Id" = 1
LIMIT 2
[17:41:22 INF] Executed DbCommand (0ms) [Parameters=[], CommandType='Text', CommandTimeout='30']
SELECT "j"."JourneyId", "j"."AgvId", "j"."AgvLifecycleGeneration", "j"."BlockReasonCode", "j"."CreatedAt", "j"."CurrentStopSequence", "j"."DispatchGeneration", "j"."DispatchZone", "j"."GateStationId", "j"."GateStationRiotId", "j"."HoldingStartedAt", "j"."LoadingClosedReason", "j"."MapId", "j"."MapIdentity", "j"."NextStopSequence", "j"."OperationSessionId", "j"."PlanRevision", "j"."Stage", "j"."UpdatedAt", "j"."VehicleBusinessRevision", "j"."VehicleKey", "j"."WorklistRevision"
FROM "JourneyRuntimes" AS "j"
WHERE "j"."Stage" <> 'Completed'
[17:41:22 INF] Executed DbCommand (0ms) [Parameters=[@__runtime_JourneyId_0='?' (Size = 36)], CommandType='Text', CommandTimeout='30']
SELECT "j"."JourneyId", "j"."Sequence", "j"."ConsumedSafetyResultMessageId", "j"."CreatedAt", "j"."LegType", "j"."LoadRound", "j"."MovementLegId", "j"."PlanMessageId", "j"."PlanRevision", "j"."PreDepartureSafetyCheckId", "j"."PreDepartureSafetyCheckMessageId", "j"."Role", "j"."RouteEvidenceId", "j"."State", "j"."StationId", "j"."StationRiotId", "j"."SublotWaitStartedAt", "j"."UpdatedAt", "j"."UpperId", "j"."VehicleBusinessMessageId", "j"."VehicleBusinessRevision", "j"."WorklistRevision"
FROM "JourneyStops" AS "j"
WHERE "j"."JourneyId" = @__runtime_JourneyId_0
[17:41:22 INF] Executed DbCommand (0ms) [Parameters=[@__runtime_JourneyId_0='?' (Size = 36)], CommandType='Text', CommandTimeout='30']
SELECT "j"."JourneyId", "j"."DemandId", "j"."ConsumedSublotMessageId", "j"."CreatedAt", "j"."ExpectedBasketCount", "j"."LoadCommandMessageId", "j"."LoadCommandedAt", "j"."LoadSlotOperationAttemptId", "j"."LoadedAt", "j"."State", "j"."StopSequence", "j"."TargetSlotsJson", "j"."UnloadCommandMessageId", "j"."UnloadCommandedAt", "j"."UnloadSlotOperationAttemptId"
FROM "JourneyDemands" AS "j"
WHERE "j"."JourneyId" = @__runtime_JourneyId_0
[17:41:22 INF] Executed DbCommand (0ms) [Parameters=[@__agvId_0='?' (Size = 10)], CommandType='Text', CommandTimeout='30']
SELECT "s"."AgvId", "s"."ActiveUnlockSlotsJson", "s"."CapabilityHash", "s"."CapabilityRevision", "s"."DepartureSafe", "s"."ForcedRecoveryGeneration", "s"."ManifestSha256", "s"."PendingAttemptIdsJson", "s"."PendingResultIdsJson", "s"."ProfileId", "s"."ProtocolCommit", "s"."ProtocolVersion", "s"."ProvenRecoveryCheckpoint", "s"."Readiness", "s"."ReasonCode", "s"."RecoveryReportId", "s"."ReportedForcedRecoveryGeneration", "s"."SafetyHash", "s"."SafetyReasonCodesJson", "s"."SafetyRevision", "s"."SafetyUnknownPresent", "s"."SessionGeneration", "s"."UnsettledSlotOperationAttemptId", "s"."UpdatedAt"
FROM "SessionRecoveries" AS "s"
WHERE "s"."AgvId" = @__agvId_0 AND "s"."Readiness" = 'Ready'
LIMIT 2
[17:41:22 INF] Start processing HTTP request GET http://127.0.0.1:58408/api/task/v1/task/getVehicleInfo/BROKERX-L2-0001
[17:41:22 INF] Sending HTTP request GET http://127.0.0.1:58408/api/task/v1/task/getVehicleInfo/BROKERX-L2-0001
[17:41:22 INF] Received HTTP response headers after 0.5968ms - 200
[17:41:22 INF] End processing HTTP request after 1.8111ms - 200
[17:41:22 INF] Start processing HTTP request GET http://127.0.0.1:58408/api/order/v1/orderRecord?pageNum=1&pageSize=100&filterByState=1&filterByState=3&filterByState=7&filterByState=9
[17:41:22 INF] Sending HTTP request GET http://127.0.0.1:58408/api/order/v1/orderRecord?pageNum=1&pageSize=100&filterByState=1&filterByState=3&filterByState=7&filterByState=9
[17:41:22 INF] Received HTTP response headers after 0.4859ms - 200
[17:41:22 INF] End processing HTTP request after 1.2155ms - 200
[17:41:22 INF] HTTP GET /api/onboard/v1/vehicle-safety responded 200 in 4.3720 ms
[17:41:23 INF] Start processing HTTP request GET http://127.0.0.1:58408/api/imap/v1/mapInfo/stations/25
[17:41:23 INF] Sending HTTP request GET http://127.0.0.1:58408/api/imap/v1/mapInfo/stations/25
[17:41:23 INF] Received HTTP response headers after 1.1905ms - 200
[17:41:23 INF] End processing HTTP request after 4.8052ms - 200
[17:41:23 INF] Executed DbCommand (0ms) [Parameters=[], CommandType='Text', CommandTimeout='30']
SELECT "a"."Id", "a"."ContentHash", "a"."DeploymentId", "a"."ImportedAt", "a"."Version"
FROM "AdmissionPolicyState" AS "a"
WHERE "a"."Id" = 1
LIMIT 2
[17:41:23 INF] Executed DbCommand (0ms) [Parameters=[], CommandType='Text', CommandTimeout='30']
SELECT "j"."JourneyId", "j"."AgvId", "j"."AgvLifecycleGeneration", "j"."BlockReasonCode", "j"."CreatedAt", "j"."CurrentStopSequence", "j"."DispatchGeneration", "j"."DispatchZone", "j"."GateStationId", "j"."GateStationRiotId", "j"."HoldingStartedAt", "j"."LoadingClosedReason", "j"."MapId", "j"."MapIdentity", "j"."NextStopSequence", "j"."OperationSessionId", "j"."PlanRevision", "j"."Stage", "j"."UpdatedAt", "j"."VehicleBusinessRevision", "j"."VehicleKey", "j"."WorklistRevision"
FROM "JourneyRuntimes" AS "j"
WHERE "j"."Stage" <> 'Completed'
[17:41:23 INF] Executed DbCommand (0ms) [Parameters=[@__runtime_JourneyId_0='?' (Size = 36)], CommandType='Text', CommandTimeout='30']
SELECT "j"."JourneyId", "j"."Sequence", "j"."ConsumedSafetyResultMessageId", "j"."CreatedAt", "j"."LegType", "j"."LoadRound", "j"."MovementLegId", "j"."PlanMessageId", "j"."PlanRevision", "j"."PreDepartureSafetyCheckId", "j"."PreDepartureSafetyCheckMessageId", "j"."Role", "j"."RouteEvidenceId", "j"."State", "j"."StationId", "j"."StationRiotId", "j"."SublotWaitStartedAt", "j"."UpdatedAt", "j"."UpperId", "j"."VehicleBusinessMessageId", "j"."VehicleBusinessRevision", "j"."WorklistRevision"
FROM "JourneyStops" AS "j"
WHERE "j"."JourneyId" = @__runtime_JourneyId_0
[17:41:23 INF] Executed DbCommand (0ms) [Parameters=[@__runtime_JourneyId_0='?' (Size = 36)], CommandType='Text', CommandTimeout='30']
SELECT "j"."JourneyId", "j"."DemandId", "j"."ConsumedSublotMessageId", "j"."CreatedAt", "j"."ExpectedBasketCount", "j"."LoadCommandMessageId", "j"."LoadCommandedAt", "j"."LoadSlotOperationAttemptId", "j"."LoadedAt", "j"."State", "j"."StopSequence", "j"."TargetSlotsJson", "j"."UnloadCommandMessageId", "j"."UnloadCommandedAt", "j"."UnloadSlotOperationAttemptId"
FROM "JourneyDemands" AS "j"
WHERE "j"."JourneyId" = @__runtime_JourneyId_0
[17:41:23 INF] Executed DbCommand (0ms) [Parameters=[@__agvId_0='?' (Size = 10)], CommandType='Text', CommandTimeout='30']
SELECT "s"."AgvId", "s"."ActiveUnlockSlotsJson", "s"."CapabilityHash", "s"."CapabilityRevision", "s"."DepartureSafe", "s"."ForcedRecoveryGeneration", "s"."ManifestSha256", "s"."PendingAttemptIdsJson", "s"."PendingResultIdsJson", "s"."ProfileId", "s"."ProtocolCommit", "s"."ProtocolVersion", "s"."ProvenRecoveryCheckpoint", "s"."Readiness", "s"."ReasonCode", "s"."RecoveryReportId", "s"."ReportedForcedRecoveryGeneration", "s"."SafetyHash", "s"."SafetyReasonCodesJson", "s"."SafetyRevision", "s"."SafetyUnknownPresent", "s"."SessionGeneration", "s"."UnsettledSlotOperationAttemptId", "s"."UpdatedAt"
FROM "SessionRecoveries" AS "s"
WHERE "s"."AgvId" = @__agvId_0 AND "s"."Readiness" = 'Ready'
LIMIT 2
[17:41:23 INF] Start processing HTTP request GET http://127.0.0.1:58408/api/task/v1/task/getVehicleInfo/BROKERX-L2-0001
[17:41:23 INF] Sending HTTP request GET http://127.0.0.1:58408/api/task/v1/task/getVehicleInfo/BROKERX-L2-0001
[17:41:23 INF] Received HTTP response headers after 0.6591ms - 200
[17:41:23 INF] End processing HTTP request after 2.1288ms - 200
[17:41:23 INF] Start processing HTTP request GET http://127.0.0.1:58408/api/order/v1/orderRecord?pageNum=1&pageSize=100&filterByState=1&filterByState=3&filterByState=7&filterByState=9
[17:41:23 INF] Sending HTTP request GET http://127.0.0.1:58408/api/order/v1/orderRecord?pageNum=1&pageSize=100&filterByState=1&filterByState=3&filterByState=7&filterByState=9
[17:41:23 INF] Received HTTP response headers after 0.6443ms - 200
[17:41:23 INF] End processing HTTP request after 1.4088ms - 200
[17:41:23 INF] HTTP GET /api/onboard/v1/vehicle-safety responded 200 in 4.9758 ms
[17:41:24 INF] Start processing HTTP request GET http://127.0.0.1:58408/api/imap/v1/mapInfo/stations/25
[17:41:24 INF] Sending HTTP request GET http://127.0.0.1:58408/api/imap/v1/mapInfo/stations/25
[17:41:24 INF] Received HTTP response headers after 0.7241ms - 200
[17:41:24 INF] End processing HTTP request after 2.2116ms - 200
[17:41:24 INF] Executed DbCommand (0ms) [Parameters=[], CommandType='Text', CommandTimeout='30']
SELECT "a"."Id", "a"."ContentHash", "a"."DeploymentId", "a"."ImportedAt", "a"."Version"
FROM "AdmissionPolicyState" AS "a"
WHERE "a"."Id" = 1
LIMIT 2
[17:41:24 INF] Executed DbCommand (0ms) [Parameters=[], CommandType='Text', CommandTimeout='30']
SELECT "j"."JourneyId", "j"."AgvId", "j"."AgvLifecycleGeneration", "j"."BlockReasonCode", "j"."CreatedAt", "j"."CurrentStopSequence", "j"."DispatchGeneration", "j"."DispatchZone", "j"."GateStationId", "j"."GateStationRiotId", "j"."HoldingStartedAt", "j"."LoadingClosedReason", "j"."MapId", "j"."MapIdentity", "j"."NextStopSequence", "j"."OperationSessionId", "j"."PlanRevision", "j"."Stage", "j"."UpdatedAt", "j"."VehicleBusinessRevision", "j"."VehicleKey", "j"."WorklistRevision"
FROM "JourneyRuntimes" AS "j"
WHERE "j"."Stage" <> 'Completed'
[17:41:24 INF] Executed DbCommand (0ms) [Parameters=[@__runtime_JourneyId_0='?' (Size = 36)], CommandType='Text', CommandTimeout='30']
SELECT "j"."JourneyId", "j"."Sequence", "j"."ConsumedSafetyResultMessageId", "j"."CreatedAt", "j"."LegType", "j"."LoadRound", "j"."MovementLegId", "j"."PlanMessageId", "j"."PlanRevision", "j"."PreDepartureSafetyCheckId", "j"."PreDepartureSafetyCheckMessageId", "j"."Role", "j"."RouteEvidenceId", "j"."State", "j"."StationId", "j"."StationRiotId", "j"."SublotWaitStartedAt", "j"."UpdatedAt", "j"."UpperId", "j"."VehicleBusinessMessageId", "j"."VehicleBusinessRevision", "j"."WorklistRevision"
FROM "JourneyStops" AS "j"
WHERE "j"."JourneyId" = @__runtime_JourneyId_0
[17:41:24 INF] Executed DbCommand (0ms) [Parameters=[@__runtime_JourneyId_0='?' (Size = 36)], CommandType='Text', CommandTimeout='30']
SELECT "j"."JourneyId", "j"."DemandId", "j"."ConsumedSublotMessageId", "j"."CreatedAt", "j"."ExpectedBasketCount", "j"."LoadCommandMessageId", "j"."LoadCommandedAt", "j"."LoadSlotOperationAttemptId", "j"."LoadedAt", "j"."State", "j"."StopSequence", "j"."TargetSlotsJson", "j"."UnloadCommandMessageId", "j"."UnloadCommandedAt", "j"."UnloadSlotOperationAttemptId"
FROM "JourneyDemands" AS "j"
WHERE "j"."JourneyId" = @__runtime_JourneyId_0
[17:41:24 INF] Executed DbCommand (0ms) [Parameters=[@__agvId_0='?' (Size = 10)], CommandType='Text', CommandTimeout='30']
SELECT "s"."AgvId", "s"."ActiveUnlockSlotsJson", "s"."CapabilityHash", "s"."CapabilityRevision", "s"."DepartureSafe", "s"."ForcedRecoveryGeneration", "s"."ManifestSha256", "s"."PendingAttemptIdsJson", "s"."PendingResultIdsJson", "s"."ProfileId", "s"."ProtocolCommit", "s"."ProtocolVersion", "s"."ProvenRecoveryCheckpoint", "s"."Readiness", "s"."ReasonCode", "s"."RecoveryReportId", "s"."ReportedForcedRecoveryGeneration", "s"."SafetyHash", "s"."SafetyReasonCodesJson", "s"."SafetyRevision", "s"."SafetyUnknownPresent", "s"."SessionGeneration", "s"."UnsettledSlotOperationAttemptId", "s"."UpdatedAt"
FROM "SessionRecoveries" AS "s"
WHERE "s"."AgvId" = @__agvId_0 AND "s"."Readiness" = 'Ready'
LIMIT 2
[17:41:24 INF] Start processing HTTP request GET http://127.0.0.1:58408/api/task/v1/task/getVehicleInfo/BROKERX-L2-0001
[17:41:24 INF] Sending HTTP request GET http://127.0.0.1:58408/api/task/v1/task/getVehicleInfo/BROKERX-L2-0001
[17:41:24 INF] Received HTTP response headers after 0.5759ms - 200
[17:41:24 INF] End processing HTTP request after 3.9289ms - 200
[17:41:24 INF] Start processing HTTP request GET http://127.0.0.1:58408/api/order/v1/orderRecord?pageNum=1&pageSize=100&filterByState=1&filterByState=3&filterByState=7&filterByState=9
[17:41:24 INF] Sending HTTP request GET http://127.0.0.1:58408/api/order/v1/orderRecord?pageNum=1&pageSize=100&filterByState=1&filterByState=3&filterByState=7&filterByState=9
[17:41:24 INF] Received HTTP response headers after 0.4844ms - 200
[17:41:24 INF] End processing HTTP request after 1.218ms - 200
[17:41:24 INF] HTTP GET /api/onboard/v1/vehicle-safety responded 200 in 6.3703 ms
[17:41:25 INF] Start processing HTTP request GET http://127.0.0.1:58408/api/imap/v1/mapInfo/stations/25
[17:41:25 INF] Sending HTTP request GET http://127.0.0.1:58408/api/imap/v1/mapInfo/stations/25
[17:41:25 INF] Received HTTP response headers after 0.5918ms - 200
[17:41:25 INF] End processing HTTP request after 2.0427ms - 200
[17:41:25 INF] Executed DbCommand (0ms) [Parameters=[], CommandType='Text', CommandTimeout='30']
SELECT "a"."Id", "a"."ContentHash", "a"."DeploymentId", "a"."ImportedAt", "a"."Version"
FROM "AdmissionPolicyState" AS "a"
WHERE "a"."Id" = 1
LIMIT 2
[17:41:25 INF] Executed DbCommand (0ms) [Parameters=[], CommandType='Text', CommandTimeout='30']
SELECT "j"."JourneyId", "j"."AgvId", "j"."AgvLifecycleGeneration", "j"."BlockReasonCode", "j"."CreatedAt", "j"."CurrentStopSequence", "j"."DispatchGeneration", "j"."DispatchZone", "j"."GateStationId", "j"."GateStationRiotId", "j"."HoldingStartedAt", "j"."LoadingClosedReason", "j"."MapId", "j"."MapIdentity", "j"."NextStopSequence", "j"."OperationSessionId", "j"."PlanRevision", "j"."Stage", "j"."UpdatedAt", "j"."VehicleBusinessRevision", "j"."VehicleKey", "j"."WorklistRevision"
FROM "JourneyRuntimes" AS "j"
WHERE "j"."Stage" <> 'Completed'
[17:41:25 INF] Executed DbCommand (0ms) [Parameters=[@__runtime_JourneyId_0='?' (Size = 36)], CommandType='Text', CommandTimeout='30']
SELECT "j"."JourneyId", "j"."Sequence", "j"."ConsumedSafetyResultMessageId", "j"."CreatedAt", "j"."LegType", "j"."LoadRound", "j"."MovementLegId", "j"."PlanMessageId", "j"."PlanRevision", "j"."PreDepartureSafetyCheckId", "j"."PreDepartureSafetyCheckMessageId", "j"."Role", "j"."RouteEvidenceId", "j"."State", "j"."StationId", "j"."StationRiotId", "j"."SublotWaitStartedAt", "j"."UpdatedAt", "j"."UpperId", "j"."VehicleBusinessMessageId", "j"."VehicleBusinessRevision", "j"."WorklistRevision"
FROM "JourneyStops" AS "j"
WHERE "j"."JourneyId" = @__runtime_JourneyId_0
[17:41:25 INF] Executed DbCommand (0ms) [Parameters=[@__runtime_JourneyId_0='?' (Size = 36)], CommandType='Text', CommandTimeout='30']
SELECT "j"."JourneyId", "j"."DemandId", "j"."ConsumedSublotMessageId", "j"."CreatedAt", "j"."ExpectedBasketCount", "j"."LoadCommandMessageId", "j"."LoadCommandedAt", "j"."LoadSlotOperationAttemptId", "j"."LoadedAt", "j"."State", "j"."StopSequence", "j"."TargetSlotsJson", "j"."UnloadCommandMessageId", "j"."UnloadCommandedAt", "j"."UnloadSlotOperationAttemptId"
FROM "JourneyDemands" AS "j"
WHERE "j"."JourneyId" = @__runtime_JourneyId_0
[17:41:25 INF] Executed DbCommand (0ms) [Parameters=[@__agvId_0='?' (Size = 10)], CommandType='Text', CommandTimeout='30']
SELECT "s"."AgvId", "s"."ActiveUnlockSlotsJson", "s"."CapabilityHash", "s"."CapabilityRevision", "s"."DepartureSafe", "s"."ForcedRecoveryGeneration", "s"."ManifestSha256", "s"."PendingAttemptIdsJson", "s"."PendingResultIdsJson", "s"."ProfileId", "s"."ProtocolCommit", "s"."ProtocolVersion", "s"."ProvenRecoveryCheckpoint", "s"."Readiness", "s"."ReasonCode", "s"."RecoveryReportId", "s"."ReportedForcedRecoveryGeneration", "s"."SafetyHash", "s"."SafetyReasonCodesJson", "s"."SafetyRevision", "s"."SafetyUnknownPresent", "s"."SessionGeneration", "s"."UnsettledSlotOperationAttemptId", "s"."UpdatedAt"
FROM "SessionRecoveries" AS "s"
WHERE "s"."AgvId" = @__agvId_0 AND "s"."Readiness" = 'Ready'
LIMIT 2
[17:41:25 INF] Start processing HTTP request GET http://127.0.0.1:58408/api/task/v1/task/getVehicleInfo/BROKERX-L2-0001
[17:41:25 INF] Sending HTTP request GET http://127.0.0.1:58408/api/task/v1/task/getVehicleInfo/BROKERX-L2-0001
[17:41:25 INF] Received HTTP response headers after 0.592ms - 200
[17:41:25 INF] End processing HTTP request after 3.8237ms - 200
[17:41:25 INF] Start processing HTTP request GET http://127.0.0.1:58408/api/order/v1/orderRecord?pageNum=1&pageSize=100&filterByState=1&filterByState=3&filterByState=7&filterByState=9
[17:41:25 INF] Sending HTTP request GET http://127.0.0.1:58408/api/order/v1/orderRecord?pageNum=1&pageSize=100&filterByState=1&filterByState=3&filterByState=7&filterByState=9
[17:41:25 INF] Received HTTP response headers after 0.7701ms - 200
[17:41:25 INF] End processing HTTP request after 4.0742ms - 200
[17:41:25 INF] HTTP GET /api/onboard/v1/vehicle-safety responded 200 in 9.6886 ms
[17:41:26 INF] Start processing HTTP request GET http://127.0.0.1:58408/api/imap/v1/mapInfo/stations/25
[17:41:26 INF] Sending HTTP request GET http://127.0.0.1:58408/api/imap/v1/mapInfo/stations/25
[17:41:26 INF] Received HTTP response headers after 0.5154ms - 200
[17:41:26 INF] End processing HTTP request after 1.6898ms - 200
[17:41:26 INF] Executed DbCommand (0ms) [Parameters=[], CommandType='Text', CommandTimeout='30']
SELECT "a"."Id", "a"."ContentHash", "a"."DeploymentId", "a"."ImportedAt", "a"."Version"
FROM "AdmissionPolicyState" AS "a"
WHERE "a"."Id" = 1
LIMIT 2
[17:41:26 INF] Executed DbCommand (0ms) [Parameters=[], CommandType='Text', CommandTimeout='30']
SELECT "j"."JourneyId", "j"."AgvId", "j"."AgvLifecycleGeneration", "j"."BlockReasonCode", "j"."CreatedAt", "j"."CurrentStopSequence", "j"."DispatchGeneration", "j"."DispatchZone", "j"."GateStationId", "j"."GateStationRiotId", "j"."HoldingStartedAt", "j"."LoadingClosedReason", "j"."MapId", "j"."MapIdentity", "j"."NextStopSequence", "j"."OperationSessionId", "j"."PlanRevision", "j"."Stage", "j"."UpdatedAt", "j"."VehicleBusinessRevision", "j"."VehicleKey", "j"."WorklistRevision"
FROM "JourneyRuntimes" AS "j"
WHERE "j"."Stage" <> 'Completed'
[17:41:26 INF] Executed DbCommand (0ms) [Parameters=[@__runtime_JourneyId_0='?' (Size = 36)], CommandType='Text', CommandTimeout='30']
SELECT "j"."JourneyId", "j"."Sequence", "j"."ConsumedSafetyResultMessageId", "j"."CreatedAt", "j"."LegType", "j"."LoadRound", "j"."MovementLegId", "j"."PlanMessageId", "j"."PlanRevision", "j"."PreDepartureSafetyCheckId", "j"."PreDepartureSafetyCheckMessageId", "j"."Role", "j"."RouteEvidenceId", "j"."State", "j"."StationId", "j"."StationRiotId", "j"."SublotWaitStartedAt", "j"."UpdatedAt", "j"."UpperId", "j"."VehicleBusinessMessageId", "j"."VehicleBusinessRevision", "j"."WorklistRevision"
FROM "JourneyStops" AS "j"
WHERE "j"."JourneyId" = @__runtime_JourneyId_0
[17:41:26 INF] Executed DbCommand (0ms) [Parameters=[@__runtime_JourneyId_0='?' (Size = 36)], CommandType='Text', CommandTimeout='30']
SELECT "j"."JourneyId", "j"."DemandId", "j"."ConsumedSublotMessageId", "j"."CreatedAt", "j"."ExpectedBasketCount", "j"."LoadCommandMessageId", "j"."LoadCommandedAt", "j"."LoadSlotOperationAttemptId", "j"."LoadedAt", "j"."State", "j"."StopSequence", "j"."TargetSlotsJson", "j"."UnloadCommandMessageId", "j"."UnloadCommandedAt", "j"."UnloadSlotOperationAttemptId"
FROM "JourneyDemands" AS "j"
WHERE "j"."JourneyId" = @__runtime_JourneyId_0
[17:41:26 INF] Executed DbCommand (0ms) [Parameters=[@__agvId_0='?' (Size = 10)], CommandType='Text', CommandTimeout='30']
SELECT "s"."AgvId", "s"."ActiveUnlockSlotsJson", "s"."CapabilityHash", "s"."CapabilityRevision", "s"."DepartureSafe", "s"."ForcedRecoveryGeneration", "s"."ManifestSha256", "s"."PendingAttemptIdsJson", "s"."PendingResultIdsJson", "s"."ProfileId", "s"."ProtocolCommit", "s"."ProtocolVersion", "s"."ProvenRecoveryCheckpoint", "s"."Readiness", "s"."ReasonCode", "s"."RecoveryReportId", "s"."ReportedForcedRecoveryGeneration", "s"."SafetyHash", "s"."SafetyReasonCodesJson", "s"."SafetyRevision", "s"."SafetyUnknownPresent", "s"."SessionGeneration", "s"."UnsettledSlotOperationAttemptId", "s"."UpdatedAt"
FROM "SessionRecoveries" AS "s"
WHERE "s"."AgvId" = @__agvId_0 AND "s"."Readiness" = 'Ready'
LIMIT 2
[17:41:26 INF] Start processing HTTP request GET http://127.0.0.1:58408/api/task/v1/task/getVehicleInfo/BROKERX-L2-0001
[17:41:26 INF] Sending HTTP request GET http://127.0.0.1:58408/api/task/v1/task/getVehicleInfo/BROKERX-L2-0001
[17:41:26 INF] Received HTTP response headers after 0.5731ms - 200
[17:41:26 INF] End processing HTTP request after 2.0388ms - 200
[17:41:26 INF] Start processing HTTP request GET http://127.0.0.1:58408/api/order/v1/orderRecord?pageNum=1&pageSize=100&filterByState=1&filterByState=3&filterByState=7&filterByState=9
[17:41:26 INF] Sending HTTP request GET http://127.0.0.1:58408/api/order/v1/orderRecord?pageNum=1&pageSize=100&filterByState=1&filterByState=3&filterByState=7&filterByState=9
[17:41:26 INF] Received HTTP response headers after 0.4387ms - 200
[17:41:26 INF] End processing HTTP request after 1.254ms - 200
[17:41:26 INF] HTTP GET /api/onboard/v1/vehicle-safety responded 200 in 4.5478 ms
[17:41:26 INF] Executed DbCommand (0ms) [Parameters=[@__messageId_0='?' (Size = 36)], CommandType='Text', CommandTimeout='30']
SELECT "p"."MessageId", "p"."ContentHash", "p"."FirstResponseJson", "p"."MessageType", "p"."ReceivedAt", "p"."RequestJson"
FROM "ProtocolInbox" AS "p"
WHERE "p"."MessageId" = @__messageId_0
LIMIT 2
[17:41:26 INF] Executed DbCommand (0ms) [Parameters=[@p0='?' (Size = 36), @p1='?' (Size = 64), @p2='?' (Size = 535), @p3='?' (Size = 9), @p4='?' (DbType = DateTimeOffset), @p5='?' (Size = 428)], CommandType='Text', CommandTimeout='30']
INSERT INTO "ProtocolInbox" ("MessageId", "ContentHash", "FirstResponseJson", "MessageType", "ReceivedAt", "RequestJson")
VALUES (@p0, @p1, @p2, @p3, @p4, @p5);
[17:41:27 INF] Start processing HTTP request GET http://127.0.0.1:58408/api/imap/v1/mapInfo/stations/25
[17:41:27 INF] Sending HTTP request GET http://127.0.0.1:58408/api/imap/v1/mapInfo/stations/25
[17:41:27 INF] Received HTTP response headers after 0.5373ms - 200
[17:41:27 INF] End processing HTTP request after 3.8976ms - 200
[17:41:27 INF] Executed DbCommand (0ms) [Parameters=[], CommandType='Text', CommandTimeout='30']
SELECT "a"."Id", "a"."ContentHash", "a"."DeploymentId", "a"."ImportedAt", "a"."Version"
FROM "AdmissionPolicyState" AS "a"
WHERE "a"."Id" = 1
LIMIT 2
[17:41:27 INF] Executed DbCommand (0ms) [Parameters=[], CommandType='Text', CommandTimeout='30']
SELECT "j"."JourneyId", "j"."AgvId", "j"."AgvLifecycleGeneration", "j"."BlockReasonCode", "j"."CreatedAt", "j"."CurrentStopSequence", "j"."DispatchGeneration", "j"."DispatchZone", "j"."GateStationId", "j"."GateStationRiotId", "j"."HoldingStartedAt", "j"."LoadingClosedReason", "j"."MapId", "j"."MapIdentity", "j"."NextStopSequence", "j"."OperationSessionId", "j"."PlanRevision", "j"."Stage", "j"."UpdatedAt", "j"."VehicleBusinessRevision", "j"."VehicleKey", "j"."WorklistRevision"
FROM "JourneyRuntimes" AS "j"
WHERE "j"."Stage" <> 'Completed'
[17:41:27 INF] Executed DbCommand (0ms) [Parameters=[@__runtime_JourneyId_0='?' (Size = 36)], CommandType='Text', CommandTimeout='30']
SELECT "j"."JourneyId", "j"."Sequence", "j"."ConsumedSafetyResultMessageId", "j"."CreatedAt", "j"."LegType", "j"."LoadRound", "j"."MovementLegId", "j"."PlanMessageId", "j"."PlanRevision", "j"."PreDepartureSafetyCheckId", "j"."PreDepartureSafetyCheckMessageId", "j"."Role", "j"."RouteEvidenceId", "j"."State", "j"."StationId", "j"."StationRiotId", "j"."SublotWaitStartedAt", "j"."UpdatedAt", "j"."UpperId", "j"."VehicleBusinessMessageId", "j"."VehicleBusinessRevision", "j"."WorklistRevision"
FROM "JourneyStops" AS "j"
WHERE "j"."JourneyId" = @__runtime_JourneyId_0
[17:41:27 INF] Executed DbCommand (0ms) [Parameters=[@__runtime_JourneyId_0='?' (Size = 36)], CommandType='Text', CommandTimeout='30']
SELECT "j"."JourneyId", "j"."DemandId", "j"."ConsumedSublotMessageId", "j"."CreatedAt", "j"."ExpectedBasketCount", "j"."LoadCommandMessageId", "j"."LoadCommandedAt", "j"."LoadSlotOperationAttemptId", "j"."LoadedAt", "j"."State", "j"."StopSequence", "j"."TargetSlotsJson", "j"."UnloadCommandMessageId", "j"."UnloadCommandedAt", "j"."UnloadSlotOperationAttemptId"
FROM "JourneyDemands" AS "j"
WHERE "j"."JourneyId" = @__runtime_JourneyId_0
[17:41:27 INF] Executed DbCommand (0ms) [Parameters=[@__agvId_0='?' (Size = 10)], CommandType='Text', CommandTimeout='30']
SELECT "s"."AgvId", "s"."ActiveUnlockSlotsJson", "s"."CapabilityHash", "s"."CapabilityRevision", "s"."DepartureSafe", "s"."ForcedRecoveryGeneration", "s"."ManifestSha256", "s"."PendingAttemptIdsJson", "s"."PendingResultIdsJson", "s"."ProfileId", "s"."ProtocolCommit", "s"."ProtocolVersion", "s"."ProvenRecoveryCheckpoint", "s"."Readiness", "s"."ReasonCode", "s"."RecoveryReportId", "s"."ReportedForcedRecoveryGeneration", "s"."SafetyHash", "s"."SafetyReasonCodesJson", "s"."SafetyRevision", "s"."SafetyUnknownPresent", "s"."SessionGeneration", "s"."UnsettledSlotOperationAttemptId", "s"."UpdatedAt"
FROM "SessionRecoveries" AS "s"
WHERE "s"."AgvId" = @__agvId_0 AND "s"."Readiness" = 'Ready'
LIMIT 2
[17:41:27 INF] Start processing HTTP request GET http://127.0.0.1:58408/api/task/v1/task/getVehicleInfo/BROKERX-L2-0001
[17:41:27 INF] Sending HTTP request GET http://127.0.0.1:58408/api/task/v1/task/getVehicleInfo/BROKERX-L2-0001
[17:41:27 INF] Received HTTP response headers after 0.5349ms - 200
[17:41:27 INF] End processing HTTP request after 3.7855ms - 200
[17:41:27 INF] Start processing HTTP request GET http://127.0.0.1:58408/api/order/v1/orderRecord?pageNum=1&pageSize=100&filterByState=1&filterByState=3&filterByState=7&filterByState=9
[17:41:27 INF] Sending HTTP request GET http://127.0.0.1:58408/api/order/v1/orderRecord?pageNum=1&pageSize=100&filterByState=1&filterByState=3&filterByState=7&filterByState=9
[17:41:27 INF] Received HTTP response headers after 0.493ms - 200
[17:41:27 INF] End processing HTTP request after 1.2257ms - 200
[17:41:27 INF] HTTP GET /api/onboard/v1/vehicle-safety responded 200 in 6.4287 ms
[17:41:28 INF] Start processing HTTP request GET http://127.0.0.1:58408/api/imap/v1/mapInfo/stations/25
[17:41:28 INF] Sending HTTP request GET http://127.0.0.1:58408/api/imap/v1/mapInfo/stations/25
[17:41:28 INF] Received HTTP response headers after 0.5649ms - 200
[17:41:28 INF] End processing HTTP request after 1.8769ms - 200
[17:41:28 INF] Executed DbCommand (0ms) [Parameters=[], CommandType='Text', CommandTimeout='30']
SELECT "a"."Id", "a"."ContentHash", "a"."DeploymentId", "a"."ImportedAt", "a"."Version"
FROM "AdmissionPolicyState" AS "a"
WHERE "a"."Id" = 1
LIMIT 2
[17:41:28 INF] Executed DbCommand (0ms) [Parameters=[], CommandType='Text', CommandTimeout='30']
SELECT "j"."JourneyId", "j"."AgvId", "j"."AgvLifecycleGeneration", "j"."BlockReasonCode", "j"."CreatedAt", "j"."CurrentStopSequence", "j"."DispatchGeneration", "j"."DispatchZone", "j"."GateStationId", "j"."GateStationRiotId", "j"."HoldingStartedAt", "j"."LoadingClosedReason", "j"."MapId", "j"."MapIdentity", "j"."NextStopSequence", "j"."OperationSessionId", "j"."PlanRevision", "j"."Stage", "j"."UpdatedAt", "j"."VehicleBusinessRevision", "j"."VehicleKey", "j"."WorklistRevision"
FROM "JourneyRuntimes" AS "j"
WHERE "j"."Stage" <> 'Completed'
[17:41:28 INF] Executed DbCommand (0ms) [Parameters=[@__runtime_JourneyId_0='?' (Size = 36)], CommandType='Text', CommandTimeout='30']
SELECT "j"."JourneyId", "j"."Sequence", "j"."ConsumedSafetyResultMessageId", "j"."CreatedAt", "j"."LegType", "j"."LoadRound", "j"."MovementLegId", "j"."PlanMessageId", "j"."PlanRevision", "j"."PreDepartureSafetyCheckId", "j"."PreDepartureSafetyCheckMessageId", "j"."Role", "j"."RouteEvidenceId", "j"."State", "j"."StationId", "j"."StationRiotId", "j"."SublotWaitStartedAt", "j"."UpdatedAt", "j"."UpperId", "j"."VehicleBusinessMessageId", "j"."VehicleBusinessRevision", "j"."WorklistRevision"
FROM "JourneyStops" AS "j"
WHERE "j"."JourneyId" = @__runtime_JourneyId_0
[17:41:28 INF] Executed DbCommand (0ms) [Parameters=[@__runtime_JourneyId_0='?' (Size = 36)], CommandType='Text', CommandTimeout='30']
SELECT "j"."JourneyId", "j"."DemandId", "j"."ConsumedSublotMessageId", "j"."CreatedAt", "j"."ExpectedBasketCount", "j"."LoadCommandMessageId", "j"."LoadCommandedAt", "j"."LoadSlotOperationAttemptId", "j"."LoadedAt", "j"."State", "j"."StopSequence", "j"."TargetSlotsJson", "j"."UnloadCommandMessageId", "j"."UnloadCommandedAt", "j"."UnloadSlotOperationAttemptId"
FROM "JourneyDemands" AS "j"
WHERE "j"."JourneyId" = @__runtime_JourneyId_0
[17:41:28 INF] Executed DbCommand (0ms) [Parameters=[@__agvId_0='?' (Size = 10)], CommandType='Text', CommandTimeout='30']
SELECT "s"."AgvId", "s"."ActiveUnlockSlotsJson", "s"."CapabilityHash", "s"."CapabilityRevision", "s"."DepartureSafe", "s"."ForcedRecoveryGeneration", "s"."ManifestSha256", "s"."PendingAttemptIdsJson", "s"."PendingResultIdsJson", "s"."ProfileId", "s"."ProtocolCommit", "s"."ProtocolVersion", "s"."ProvenRecoveryCheckpoint", "s"."Readiness", "s"."ReasonCode", "s"."RecoveryReportId", "s"."ReportedForcedRecoveryGeneration", "s"."SafetyHash", "s"."SafetyReasonCodesJson", "s"."SafetyRevision", "s"."SafetyUnknownPresent", "s"."SessionGeneration", "s"."UnsettledSlotOperationAttemptId", "s"."UpdatedAt"
FROM "SessionRecoveries" AS "s"
WHERE "s"."AgvId" = @__agvId_0 AND "s"."Readiness" = 'Ready'
LIMIT 2
[17:41:28 INF] Start processing HTTP request GET http://127.0.0.1:58408/api/task/v1/task/getVehicleInfo/BROKERX-L2-0001
[17:41:28 INF] Sending HTTP request GET http://127.0.0.1:58408/api/task/v1/task/getVehicleInfo/BROKERX-L2-0001
[17:41:28 INF] Received HTTP response headers after 0.568ms - 200
[17:41:28 INF] End processing HTTP request after 1.8716ms - 200
[17:41:28 INF] Start processing HTTP request GET http://127.0.0.1:58408/api/order/v1/orderRecord?pageNum=1&pageSize=100&filterByState=1&filterByState=3&filterByState=7&filterByState=9
[17:41:28 INF] Sending HTTP request GET http://127.0.0.1:58408/api/order/v1/orderRecord?pageNum=1&pageSize=100&filterByState=1&filterByState=3&filterByState=7&filterByState=9
[17:41:28 INF] Received HTTP response headers after 0.5515ms - 200
[17:41:28 INF] End processing HTTP request after 1.3879ms - 200
[17:41:28 INF] HTTP GET /api/onboard/v1/vehicle-safety responded 200 in 4.5223 ms
[17:41:29 INF] Start processing HTTP request GET http://127.0.0.1:58408/api/imap/v1/mapInfo/stations/25
[17:41:29 INF] Sending HTTP request GET http://127.0.0.1:58408/api/imap/v1/mapInfo/stations/25
[17:41:29 INF] Received HTTP response headers after 0.6615ms - 200
[17:41:29 INF] End processing HTTP request after 1.9671ms - 200
[17:41:29 INF] Executed DbCommand (0ms) [Parameters=[], CommandType='Text', CommandTimeout='30']
SELECT "a"."Id", "a"."ContentHash", "a"."DeploymentId", "a"."ImportedAt", "a"."Version"
FROM "AdmissionPolicyState" AS "a"
WHERE "a"."Id" = 1
LIMIT 2
[17:41:29 INF] Executed DbCommand (0ms) [Parameters=[], CommandType='Text', CommandTimeout='30']
SELECT "j"."JourneyId", "j"."AgvId", "j"."AgvLifecycleGeneration", "j"."BlockReasonCode", "j"."CreatedAt", "j"."CurrentStopSequence", "j"."DispatchGeneration", "j"."DispatchZone", "j"."GateStationId", "j"."GateStationRiotId", "j"."HoldingStartedAt", "j"."LoadingClosedReason", "j"."MapId", "j"."MapIdentity", "j"."NextStopSequence", "j"."OperationSessionId", "j"."PlanRevision", "j"."Stage", "j"."UpdatedAt", "j"."VehicleBusinessRevision", "j"."VehicleKey", "j"."WorklistRevision"
FROM "JourneyRuntimes" AS "j"
WHERE "j"."Stage" <> 'Completed'
[17:41:29 INF] Executed DbCommand (0ms) [Parameters=[@__runtime_JourneyId_0='?' (Size = 36)], CommandType='Text', CommandTimeout='30']
SELECT "j"."JourneyId", "j"."Sequence", "j"."ConsumedSafetyResultMessageId", "j"."CreatedAt", "j"."LegType", "j"."LoadRound", "j"."MovementLegId", "j"."PlanMessageId", "j"."PlanRevision", "j"."PreDepartureSafetyCheckId", "j"."PreDepartureSafetyCheckMessageId", "j"."Role", "j"."RouteEvidenceId", "j"."State", "j"."StationId", "j"."StationRiotId", "j"."SublotWaitStartedAt", "j"."UpdatedAt", "j"."UpperId", "j"."VehicleBusinessMessageId", "j"."VehicleBusinessRevision", "j"."WorklistRevision"
FROM "JourneyStops" AS "j"
WHERE "j"."JourneyId" = @__runtime_JourneyId_0
[17:41:29 INF] Executed DbCommand (0ms) [Parameters=[@__runtime_JourneyId_0='?' (Size = 36)], CommandType='Text', CommandTimeout='30']
SELECT "j"."JourneyId", "j"."DemandId", "j"."ConsumedSublotMessageId", "j"."CreatedAt", "j"."ExpectedBasketCount", "j"."LoadCommandMessageId", "j"."LoadCommandedAt", "j"."LoadSlotOperationAttemptId", "j"."LoadedAt", "j"."State", "j"."StopSequence", "j"."TargetSlotsJson", "j"."UnloadCommandMessageId", "j"."UnloadCommandedAt", "j"."UnloadSlotOperationAttemptId"
FROM "JourneyDemands" AS "j"
WHERE "j"."JourneyId" = @__runtime_JourneyId_0
[17:41:29 INF] Executed DbCommand (0ms) [Parameters=[@__agvId_0='?' (Size = 10)], CommandType='Text', CommandTimeout='30']
SELECT "s"."AgvId", "s"."ActiveUnlockSlotsJson", "s"."CapabilityHash", "s"."CapabilityRevision", "s"."DepartureSafe", "s"."ForcedRecoveryGeneration", "s"."ManifestSha256", "s"."PendingAttemptIdsJson", "s"."PendingResultIdsJson", "s"."ProfileId", "s"."ProtocolCommit", "s"."ProtocolVersion", "s"."ProvenRecoveryCheckpoint", "s"."Readiness", "s"."ReasonCode", "s"."RecoveryReportId", "s"."ReportedForcedRecoveryGeneration", "s"."SafetyHash", "s"."SafetyReasonCodesJson", "s"."SafetyRevision", "s"."SafetyUnknownPresent", "s"."SessionGeneration", "s"."UnsettledSlotOperationAttemptId", "s"."UpdatedAt"
FROM "SessionRecoveries" AS "s"
WHERE "s"."AgvId" = @__agvId_0 AND "s"."Readiness" = 'Ready'
LIMIT 2
[17:41:29 INF] Start processing HTTP request GET http://127.0.0.1:58408/api/task/v1/task/getVehicleInfo/BROKERX-L2-0001
[17:41:29 INF] Sending HTTP request GET http://127.0.0.1:58408/api/task/v1/task/getVehicleInfo/BROKERX-L2-0001
[17:41:29 INF] Received HTTP response headers after 0.4727ms - 200
[17:41:29 INF] End processing HTTP request after 1.8711ms - 200
[17:41:29 INF] Start processing HTTP request GET http://127.0.0.1:58408/api/order/v1/orderRecord?pageNum=1&pageSize=100&filterByState=1&filterByState=3&filterByState=7&filterByState=9
[17:41:29 INF] Sending HTTP request GET http://127.0.0.1:58408/api/order/v1/orderRecord?pageNum=1&pageSize=100&filterByState=1&filterByState=3&filterByState=7&filterByState=9
[17:41:29 INF] Received HTTP response headers after 0.4102ms - 200
[17:41:29 INF] End processing HTTP request after 1.229ms - 200
[17:41:29 INF] HTTP GET /api/onboard/v1/vehicle-safety responded 200 in 4.2658 ms
[17:41:30 INF] Start processing HTTP request GET http://127.0.0.1:58408/api/imap/v1/mapInfo/stations/25
[17:41:30 INF] Sending HTTP request GET http://127.0.0.1:58408/api/imap/v1/mapInfo/stations/25
[17:41:30 INF] Received HTTP response headers after 0.4837ms - 200
[17:41:30 INF] End processing HTTP request after 1.7248ms - 200
[17:41:30 INF] Executed DbCommand (0ms) [Parameters=[], CommandType='Text', CommandTimeout='30']
SELECT "a"."Id", "a"."ContentHash", "a"."DeploymentId", "a"."ImportedAt", "a"."Version"
FROM "AdmissionPolicyState" AS "a"
WHERE "a"."Id" = 1
LIMIT 2
[17:41:30 INF] Executed DbCommand (0ms) [Parameters=[], CommandType='Text', CommandTimeout='30']
SELECT "j"."JourneyId", "j"."AgvId", "j"."AgvLifecycleGeneration", "j"."BlockReasonCode", "j"."CreatedAt", "j"."CurrentStopSequence", "j"."DispatchGeneration", "j"."DispatchZone", "j"."GateStationId", "j"."GateStationRiotId", "j"."HoldingStartedAt", "j"."LoadingClosedReason", "j"."MapId", "j"."MapIdentity", "j"."NextStopSequence", "j"."OperationSessionId", "j"."PlanRevision", "j"."Stage", "j"."UpdatedAt", "j"."VehicleBusinessRevision", "j"."VehicleKey", "j"."WorklistRevision"
FROM "JourneyRuntimes" AS "j"
WHERE "j"."Stage" <> 'Completed'
[17:41:30 INF] Executed DbCommand (0ms) [Parameters=[@__runtime_JourneyId_0='?' (Size = 36)], CommandType='Text', CommandTimeout='30']
SELECT "j"."JourneyId", "j"."Sequence", "j"."ConsumedSafetyResultMessageId", "j"."CreatedAt", "j"."LegType", "j"."LoadRound", "j"."MovementLegId", "j"."PlanMessageId", "j"."PlanRevision", "j"."PreDepartureSafetyCheckId", "j"."PreDepartureSafetyCheckMessageId", "j"."Role", "j"."RouteEvidenceId", "j"."State", "j"."StationId", "j"."StationRiotId", "j"."SublotWaitStartedAt", "j"."UpdatedAt", "j"."UpperId", "j"."VehicleBusinessMessageId", "j"."VehicleBusinessRevision", "j"."WorklistRevision"
FROM "JourneyStops" AS "j"
WHERE "j"."JourneyId" = @__runtime_JourneyId_0
[17:41:30 INF] Executed DbCommand (0ms) [Parameters=[@__runtime_JourneyId_0='?' (Size = 36)], CommandType='Text', CommandTimeout='30']
SELECT "j"."JourneyId", "j"."DemandId", "j"."ConsumedSublotMessageId", "j"."CreatedAt", "j"."ExpectedBasketCount", "j"."LoadCommandMessageId", "j"."LoadCommandedAt", "j"."LoadSlotOperationAttemptId", "j"."LoadedAt", "j"."State", "j"."StopSequence", "j"."TargetSlotsJson", "j"."UnloadCommandMessageId", "j"."UnloadCommandedAt", "j"."UnloadSlotOperationAttemptId"
FROM "JourneyDemands" AS "j"
WHERE "j"."JourneyId" = @__runtime_JourneyId_0
[17:41:30 INF] Executed DbCommand (0ms) [Parameters=[@__agvId_0='?' (Size = 10)], CommandType='Text', CommandTimeout='30']
SELECT "s"."AgvId", "s"."ActiveUnlockSlotsJson", "s"."CapabilityHash", "s"."CapabilityRevision", "s"."DepartureSafe", "s"."ForcedRecoveryGeneration", "s"."ManifestSha256", "s"."PendingAttemptIdsJson", "s"."PendingResultIdsJson", "s"."ProfileId", "s"."ProtocolCommit", "s"."ProtocolVersion", "s"."ProvenRecoveryCheckpoint", "s"."Readiness", "s"."ReasonCode", "s"."RecoveryReportId", "s"."ReportedForcedRecoveryGeneration", "s"."SafetyHash", "s"."SafetyReasonCodesJson", "s"."SafetyRevision", "s"."SafetyUnknownPresent", "s"."SessionGeneration", "s"."UnsettledSlotOperationAttemptId", "s"."UpdatedAt"
FROM "SessionRecoveries" AS "s"
WHERE "s"."AgvId" = @__agvId_0 AND "s"."Readiness" = 'Ready'
LIMIT 2
[17:41:30 INF] Start processing HTTP request GET http://127.0.0.1:58408/api/task/v1/task/getVehicleInfo/BROKERX-L2-0001
[17:41:30 INF] Sending HTTP request GET http://127.0.0.1:58408/api/task/v1/task/getVehicleInfo/BROKERX-L2-0001
[17:41:30 INF] Received HTTP response headers after 0.6509ms - 200
[17:41:30 INF] End processing HTTP request after 1.5847ms - 200
[17:41:30 INF] Start processing HTTP request GET http://127.0.0.1:58408/api/order/v1/orderRecord?pageNum=1&pageSize=100&filterByState=1&filterByState=3&filterByState=7&filterByState=9
[17:41:30 INF] Sending HTTP request GET http://127.0.0.1:58408/api/order/v1/orderRecord?pageNum=1&pageSize=100&filterByState=1&filterByState=3&filterByState=7&filterByState=9
[17:41:30 INF] Received HTTP response headers after 0.7125ms - 200
[17:41:30 INF] End processing HTTP request after 1.6528ms - 200
[17:41:30 INF] HTTP GET /api/onboard/v1/vehicle-safety responded 200 in 4.8133 ms
[17:41:31 INF] Start processing HTTP request GET http://127.0.0.1:58408/api/imap/v1/mapInfo/stations/25
[17:41:31 INF] Sending HTTP request GET http://127.0.0.1:58408/api/imap/v1/mapInfo/stations/25
[17:41:31 INF] Received HTTP response headers after 0.4921ms - 200
[17:41:31 INF] End processing HTTP request after 1.8235ms - 200
[17:41:31 INF] Executed DbCommand (0ms) [Parameters=[], CommandType='Text', CommandTimeout='30']
SELECT "a"."Id", "a"."ContentHash", "a"."DeploymentId", "a"."ImportedAt", "a"."Version"
FROM "AdmissionPolicyState" AS "a"
WHERE "a"."Id" = 1
LIMIT 2
[17:41:31 INF] Executed DbCommand (0ms) [Parameters=[], CommandType='Text', CommandTimeout='30']
SELECT "j"."JourneyId", "j"."AgvId", "j"."AgvLifecycleGeneration", "j"."BlockReasonCode", "j"."CreatedAt", "j"."CurrentStopSequence", "j"."DispatchGeneration", "j"."DispatchZone", "j"."GateStationId", "j"."GateStationRiotId", "j"."HoldingStartedAt", "j"."LoadingClosedReason", "j"."MapId", "j"."MapIdentity", "j"."NextStopSequence", "j"."OperationSessionId", "j"."PlanRevision", "j"."Stage", "j"."UpdatedAt", "j"."VehicleBusinessRevision", "j"."VehicleKey", "j"."WorklistRevision"
FROM "JourneyRuntimes" AS "j"
WHERE "j"."Stage" <> 'Completed'
[17:41:31 INF] Executed DbCommand (0ms) [Parameters=[@__runtime_JourneyId_0='?' (Size = 36)], CommandType='Text', CommandTimeout='30']
SELECT "j"."JourneyId", "j"."Sequence", "j"."ConsumedSafetyResultMessageId", "j"."CreatedAt", "j"."LegType", "j"."LoadRound", "j"."MovementLegId", "j"."PlanMessageId", "j"."PlanRevision", "j"."PreDepartureSafetyCheckId", "j"."PreDepartureSafetyCheckMessageId", "j"."Role", "j"."RouteEvidenceId", "j"."State", "j"."StationId", "j"."StationRiotId", "j"."SublotWaitStartedAt", "j"."UpdatedAt", "j"."UpperId", "j"."VehicleBusinessMessageId", "j"."VehicleBusinessRevision", "j"."WorklistRevision"
FROM "JourneyStops" AS "j"
WHERE "j"."JourneyId" = @__runtime_JourneyId_0
[17:41:31 INF] Executed DbCommand (0ms) [Parameters=[@__runtime_JourneyId_0='?' (Size = 36)], CommandType='Text', CommandTimeout='30']
SELECT "j"."JourneyId", "j"."DemandId", "j"."ConsumedSublotMessageId", "j"."CreatedAt", "j"."ExpectedBasketCount", "j"."LoadCommandMessageId", "j"."LoadCommandedAt", "j"."LoadSlotOperationAttemptId", "j"."LoadedAt", "j"."State", "j"."StopSequence", "j"."TargetSlotsJson", "j"."UnloadCommandMessageId", "j"."UnloadCommandedAt", "j"."UnloadSlotOperationAttemptId"
FROM "JourneyDemands" AS "j"
WHERE "j"."JourneyId" = @__runtime_JourneyId_0
[17:41:31 INF] Executed DbCommand (0ms) [Parameters=[@__agvId_0='?' (Size = 10)], CommandType='Text', CommandTimeout='30']
SELECT "s"."AgvId", "s"."ActiveUnlockSlotsJson", "s"."CapabilityHash", "s"."CapabilityRevision", "s"."DepartureSafe", "s"."ForcedRecoveryGeneration", "s"."ManifestSha256", "s"."PendingAttemptIdsJson", "s"."PendingResultIdsJson", "s"."ProfileId", "s"."ProtocolCommit", "s"."ProtocolVersion", "s"."ProvenRecoveryCheckpoint", "s"."Readiness", "s"."ReasonCode", "s"."RecoveryReportId", "s"."ReportedForcedRecoveryGeneration", "s"."SafetyHash", "s"."SafetyReasonCodesJson", "s"."SafetyRevision", "s"."SafetyUnknownPresent", "s"."SessionGeneration", "s"."UnsettledSlotOperationAttemptId", "s"."UpdatedAt"
FROM "SessionRecoveries" AS "s"
WHERE "s"."AgvId" = @__agvId_0 AND "s"."Readiness" = 'Ready'
LIMIT 2
[17:41:31 INF] Start processing HTTP request GET http://127.0.0.1:58408/api/task/v1/task/getVehicleInfo/BROKERX-L2-0001
[17:41:31 INF] Sending HTTP request GET http://127.0.0.1:58408/api/task/v1/task/getVehicleInfo/BROKERX-L2-0001
[17:41:31 INF] Received HTTP response headers after 0.5735ms - 200
[17:41:31 INF] End processing HTTP request after 3.902ms - 200
[17:41:31 INF] Start processing HTTP request GET http://127.0.0.1:58408/api/order/v1/orderRecord?pageNum=1&pageSize=100&filterByState=1&filterByState=3&filterByState=7&filterByState=9
[17:41:31 INF] Sending HTTP request GET http://127.0.0.1:58408/api/order/v1/orderRecord?pageNum=1&pageSize=100&filterByState=1&filterByState=3&filterByState=7&filterByState=9
[17:41:31 INF] Received HTTP response headers after 0.7314ms - 200
[17:41:31 INF] End processing HTTP request after 1.5647ms - 200
[17:41:31 INF] HTTP GET /api/onboard/v1/vehicle-safety responded 200 in 6.8873 ms
[17:41:32 INF] Executed DbCommand (0ms) [Parameters=[@__messageId_0='?' (Size = 36)], CommandType='Text', CommandTimeout='30']
SELECT "p"."MessageId", "p"."ContentHash", "p"."FirstResponseJson", "p"."MessageType", "p"."ReceivedAt", "p"."RequestJson"
FROM "ProtocolInbox" AS "p"
WHERE "p"."MessageId" = @__messageId_0
LIMIT 2
[17:41:32 INF] Executed DbCommand (0ms) [Parameters=[@p0='?' (Size = 36), @p1='?' (Size = 64), @p2='?' (Size = 536), @p3='?' (Size = 9), @p4='?' (DbType = DateTimeOffset), @p5='?' (Size = 428)], CommandType='Text', CommandTimeout='30']
INSERT INTO "ProtocolInbox" ("MessageId", "ContentHash", "FirstResponseJson", "MessageType", "ReceivedAt", "RequestJson")
VALUES (@p0, @p1, @p2, @p3, @p4, @p5);
[17:41:32 INF] Start processing HTTP request GET http://127.0.0.1:58408/api/imap/v1/mapInfo/stations/25
[17:41:32 INF] Sending HTTP request GET http://127.0.0.1:58408/api/imap/v1/mapInfo/stations/25
[17:41:32 INF] Received HTTP response headers after 0.4701ms - 200
[17:41:32 INF] End processing HTTP request after 1.6819ms - 200
[17:41:32 INF] Executed DbCommand (0ms) [Parameters=[], CommandType='Text', CommandTimeout='30']
SELECT "a"."Id", "a"."ContentHash", "a"."DeploymentId", "a"."ImportedAt", "a"."Version"
FROM "AdmissionPolicyState" AS "a"
WHERE "a"."Id" = 1
LIMIT 2
[17:41:32 INF] Executed DbCommand (0ms) [Parameters=[], CommandType='Text', CommandTimeout='30']
SELECT "j"."JourneyId", "j"."AgvId", "j"."AgvLifecycleGeneration", "j"."BlockReasonCode", "j"."CreatedAt", "j"."CurrentStopSequence", "j"."DispatchGeneration", "j"."DispatchZone", "j"."GateStationId", "j"."GateStationRiotId", "j"."HoldingStartedAt", "j"."LoadingClosedReason", "j"."MapId", "j"."MapIdentity", "j"."NextStopSequence", "j"."OperationSessionId", "j"."PlanRevision", "j"."Stage", "j"."UpdatedAt", "j"."VehicleBusinessRevision", "j"."VehicleKey", "j"."WorklistRevision"
FROM "JourneyRuntimes" AS "j"
WHERE "j"."Stage" <> 'Completed'
[17:41:32 INF] Executed DbCommand (0ms) [Parameters=[@__runtime_JourneyId_0='?' (Size = 36)], CommandType='Text', CommandTimeout='30']
SELECT "j"."JourneyId", "j"."Sequence", "j"."ConsumedSafetyResultMessageId", "j"."CreatedAt", "j"."LegType", "j"."LoadRound", "j"."MovementLegId", "j"."PlanMessageId", "j"."PlanRevision", "j"."PreDepartureSafetyCheckId", "j"."PreDepartureSafetyCheckMessageId", "j"."Role", "j"."RouteEvidenceId", "j"."State", "j"."StationId", "j"."StationRiotId", "j"."SublotWaitStartedAt", "j"."UpdatedAt", "j"."UpperId", "j"."VehicleBusinessMessageId", "j"."VehicleBusinessRevision", "j"."WorklistRevision"
FROM "JourneyStops" AS "j"
WHERE "j"."JourneyId" = @__runtime_JourneyId_0
[17:41:32 INF] Executed DbCommand (0ms) [Parameters=[@__runtime_JourneyId_0='?' (Size = 36)], CommandType='Text', CommandTimeout='30']
SELECT "j"."JourneyId", "j"."DemandId", "j"."ConsumedSublotMessageId", "j"."CreatedAt", "j"."ExpectedBasketCount", "j"."LoadCommandMessageId", "j"."LoadCommandedAt", "j"."LoadSlotOperationAttemptId", "j"."LoadedAt", "j"."State", "j"."StopSequence", "j"."TargetSlotsJson", "j"."UnloadCommandMessageId", "j"."UnloadCommandedAt", "j"."UnloadSlotOperationAttemptId"
FROM "JourneyDemands" AS "j"
WHERE "j"."JourneyId" = @__runtime_JourneyId_0
[17:41:32 INF] Executed DbCommand (0ms) [Parameters=[@__agvId_0='?' (Size = 10)], CommandType='Text', CommandTimeout='30']
SELECT "s"."AgvId", "s"."ActiveUnlockSlotsJson", "s"."CapabilityHash", "s"."CapabilityRevision", "s"."DepartureSafe", "s"."ForcedRecoveryGeneration", "s"."ManifestSha256", "s"."PendingAttemptIdsJson", "s"."PendingResultIdsJson", "s"."ProfileId", "s"."ProtocolCommit", "s"."ProtocolVersion", "s"."ProvenRecoveryCheckpoint", "s"."Readiness", "s"."ReasonCode", "s"."RecoveryReportId", "s"."ReportedForcedRecoveryGeneration", "s"."SafetyHash", "s"."SafetyReasonCodesJson", "s"."SafetyRevision", "s"."SafetyUnknownPresent", "s"."SessionGeneration", "s"."UnsettledSlotOperationAttemptId", "s"."UpdatedAt"
FROM "SessionRecoveries" AS "s"
WHERE "s"."AgvId" = @__agvId_0 AND "s"."Readiness" = 'Ready'
LIMIT 2
[17:41:32 INF] Start processing HTTP request GET http://127.0.0.1:58408/api/task/v1/task/getVehicleInfo/BROKERX-L2-0001
[17:41:32 INF] Sending HTTP request GET http://127.0.0.1:58408/api/task/v1/task/getVehicleInfo/BROKERX-L2-0001
[17:41:32 INF] Received HTTP response headers after 0.5854ms - 200
[17:41:32 INF] End processing HTTP request after 6.4535ms - 200
[17:41:32 INF] Start processing HTTP request GET http://127.0.0.1:58408/api/order/v1/orderRecord?pageNum=1&pageSize=100&filterByState=1&filterByState=3&filterByState=7&filterByState=9
[17:41:32 INF] Sending HTTP request GET http://127.0.0.1:58408/api/order/v1/orderRecord?pageNum=1&pageSize=100&filterByState=1&filterByState=3&filterByState=7&filterByState=9
[17:41:32 INF] Received HTTP response headers after 0.4639ms - 200
[17:41:32 INF] End processing HTTP request after 1.2243ms - 200
[17:41:32 INF] HTTP GET /api/onboard/v1/vehicle-safety responded 200 in 8.9697 ms
[17:41:33 INF] Start processing HTTP request GET http://127.0.0.1:58408/api/imap/v1/mapInfo/stations/25
[17:41:33 INF] Sending HTTP request GET http://127.0.0.1:58408/api/imap/v1/mapInfo/stations/25
[17:41:33 INF] Received HTTP response headers after 0.763ms - 200
[17:41:33 INF] End processing HTTP request after 1.7157ms - 200
[17:41:33 INF] Executed DbCommand (0ms) [Parameters=[], CommandType='Text', CommandTimeout='30']
SELECT "a"."Id", "a"."ContentHash", "a"."DeploymentId", "a"."ImportedAt", "a"."Version"
FROM "AdmissionPolicyState" AS "a"
WHERE "a"."Id" = 1
LIMIT 2
[17:41:33 INF] Executed DbCommand (0ms) [Parameters=[], CommandType='Text', CommandTimeout='30']
SELECT "j"."JourneyId", "j"."AgvId", "j"."AgvLifecycleGeneration", "j"."BlockReasonCode", "j"."CreatedAt", "j"."CurrentStopSequence", "j"."DispatchGeneration", "j"."DispatchZone", "j"."GateStationId", "j"."GateStationRiotId", "j"."HoldingStartedAt", "j"."LoadingClosedReason", "j"."MapId", "j"."MapIdentity", "j"."NextStopSequence", "j"."OperationSessionId", "j"."PlanRevision", "j"."Stage", "j"."UpdatedAt", "j"."VehicleBusinessRevision", "j"."VehicleKey", "j"."WorklistRevision"
FROM "JourneyRuntimes" AS "j"
WHERE "j"."Stage" <> 'Completed'
[17:41:33 INF] Executed DbCommand (0ms) [Parameters=[@__runtime_JourneyId_0='?' (Size = 36)], CommandType='Text', CommandTimeout='30']
SELECT "j"."JourneyId", "j"."Sequence", "j"."ConsumedSafetyResultMessageId", "j"."CreatedAt", "j"."LegType", "j"."LoadRound", "j"."MovementLegId", "j"."PlanMessageId", "j"."PlanRevision", "j"."PreDepartureSafetyCheckId", "j"."PreDepartureSafetyCheckMessageId", "j"."Role", "j"."RouteEvidenceId", "j"."State", "j"."StationId", "j"."StationRiotId", "j"."SublotWaitStartedAt", "j"."UpdatedAt", "j"."UpperId", "j"."VehicleBusinessMessageId", "j"."VehicleBusinessRevision", "j"."WorklistRevision"
FROM "JourneyStops" AS "j"
WHERE "j"."JourneyId" = @__runtime_JourneyId_0
[17:41:33 INF] Executed DbCommand (0ms) [Parameters=[@__runtime_JourneyId_0='?' (Size = 36)], CommandType='Text', CommandTimeout='30']
SELECT "j"."JourneyId", "j"."DemandId", "j"."ConsumedSublotMessageId", "j"."CreatedAt", "j"."ExpectedBasketCount", "j"."LoadCommandMessageId", "j"."LoadCommandedAt", "j"."LoadSlotOperationAttemptId", "j"."LoadedAt", "j"."State", "j"."StopSequence", "j"."TargetSlotsJson", "j"."UnloadCommandMessageId", "j"."UnloadCommandedAt", "j"."UnloadSlotOperationAttemptId"
FROM "JourneyDemands" AS "j"
WHERE "j"."JourneyId" = @__runtime_JourneyId_0
[17:41:33 INF] Executed DbCommand (0ms) [Parameters=[@__agvId_0='?' (Size = 10)], CommandType='Text', CommandTimeout='30']
SELECT "s"."AgvId", "s"."ActiveUnlockSlotsJson", "s"."CapabilityHash", "s"."CapabilityRevision", "s"."DepartureSafe", "s"."ForcedRecoveryGeneration", "s"."ManifestSha256", "s"."PendingAttemptIdsJson", "s"."PendingResultIdsJson", "s"."ProfileId", "s"."ProtocolCommit", "s"."ProtocolVersion", "s"."ProvenRecoveryCheckpoint", "s"."Readiness", "s"."ReasonCode", "s"."RecoveryReportId", "s"."ReportedForcedRecoveryGeneration", "s"."SafetyHash", "s"."SafetyReasonCodesJson", "s"."SafetyRevision", "s"."SafetyUnknownPresent", "s"."SessionGeneration", "s"."UnsettledSlotOperationAttemptId", "s"."UpdatedAt"
FROM "SessionRecoveries" AS "s"
WHERE "s"."AgvId" = @__agvId_0 AND "s"."Readiness" = 'Ready'
LIMIT 2
[17:41:33 INF] Start processing HTTP request GET http://127.0.0.1:58408/api/task/v1/task/getVehicleInfo/BROKERX-L2-0001
[17:41:33 INF] Sending HTTP request GET http://127.0.0.1:58408/api/task/v1/task/getVehicleInfo/BROKERX-L2-0001
[17:41:33 INF] Received HTTP response headers after 0.5761ms - 200
[17:41:33 INF] End processing HTTP request after 1.8848ms - 200
[17:41:33 INF] Start processing HTTP request GET http://127.0.0.1:58408/api/order/v1/orderRecord?pageNum=1&pageSize=100&filterByState=1&filterByState=3&filterByState=7&filterByState=9
[17:41:33 INF] Sending HTTP request GET http://127.0.0.1:58408/api/order/v1/orderRecord?pageNum=1&pageSize=100&filterByState=1&filterByState=3&filterByState=7&filterByState=9
[17:41:33 INF] Received HTTP response headers after 0.6775ms - 200
[17:41:33 INF] End processing HTTP request after 1.5575ms - 200
[17:41:33 INF] HTTP GET /api/onboard/v1/vehicle-safety responded 200 in 4.9233 ms
[17:41:34 INF] Start processing HTTP request GET http://127.0.0.1:58408/api/imap/v1/mapInfo/stations/25
[17:41:34 INF] Sending HTTP request GET http://127.0.0.1:58408/api/imap/v1/mapInfo/stations/25
[17:41:34 INF] Received HTTP response headers after 0.532ms - 200
[17:41:34 INF] End processing HTTP request after 1.833ms - 200
[17:41:34 INF] Executed DbCommand (0ms) [Parameters=[], CommandType='Text', CommandTimeout='30']
SELECT "a"."Id", "a"."ContentHash", "a"."DeploymentId", "a"."ImportedAt", "a"."Version"
FROM "AdmissionPolicyState" AS "a"
WHERE "a"."Id" = 1
LIMIT 2
[17:41:34 INF] Executed DbCommand (0ms) [Parameters=[], CommandType='Text', CommandTimeout='30']
SELECT "j"."JourneyId", "j"."AgvId", "j"."AgvLifecycleGeneration", "j"."BlockReasonCode", "j"."CreatedAt", "j"."CurrentStopSequence", "j"."DispatchGeneration", "j"."DispatchZone", "j"."GateStationId", "j"."GateStationRiotId", "j"."HoldingStartedAt", "j"."LoadingClosedReason", "j"."MapId", "j"."MapIdentity", "j"."NextStopSequence", "j"."OperationSessionId", "j"."PlanRevision", "j"."Stage", "j"."UpdatedAt", "j"."VehicleBusinessRevision", "j"."VehicleKey", "j"."WorklistRevision"
FROM "JourneyRuntimes" AS "j"
WHERE "j"."Stage" <> 'Completed'
[17:41:34 INF] Executed DbCommand (0ms) [Parameters=[@__runtime_JourneyId_0='?' (Size = 36)], CommandType='Text', CommandTimeout='30']
SELECT "j"."JourneyId", "j"."Sequence", "j"."ConsumedSafetyResultMessageId", "j"."CreatedAt", "j"."LegType", "j"."LoadRound", "j"."MovementLegId", "j"."PlanMessageId", "j"."PlanRevision", "j"."PreDepartureSafetyCheckId", "j"."PreDepartureSafetyCheckMessageId", "j"."Role", "j"."RouteEvidenceId", "j"."State", "j"."StationId", "j"."StationRiotId", "j"."SublotWaitStartedAt", "j"."UpdatedAt", "j"."UpperId", "j"."VehicleBusinessMessageId", "j"."VehicleBusinessRevision", "j"."WorklistRevision"
FROM "JourneyStops" AS "j"
WHERE "j"."JourneyId" = @__runtime_JourneyId_0
[17:41:34 INF] Executed DbCommand (0ms) [Parameters=[@__runtime_JourneyId_0='?' (Size = 36)], CommandType='Text', CommandTimeout='30']
SELECT "j"."JourneyId", "j"."DemandId", "j"."ConsumedSublotMessageId", "j"."CreatedAt", "j"."ExpectedBasketCount", "j"."LoadCommandMessageId", "j"."LoadCommandedAt", "j"."LoadSlotOperationAttemptId", "j"."LoadedAt", "j"."State", "j"."StopSequence", "j"."TargetSlotsJson", "j"."UnloadCommandMessageId", "j"."UnloadCommandedAt", "j"."UnloadSlotOperationAttemptId"
FROM "JourneyDemands" AS "j"
WHERE "j"."JourneyId" = @__runtime_JourneyId_0
[17:41:34 INF] Executed DbCommand (0ms) [Parameters=[@__agvId_0='?' (Size = 10)], CommandType='Text', CommandTimeout='30']
SELECT "s"."AgvId", "s"."ActiveUnlockSlotsJson", "s"."CapabilityHash", "s"."CapabilityRevision", "s"."DepartureSafe", "s"."ForcedRecoveryGeneration", "s"."ManifestSha256", "s"."PendingAttemptIdsJson", "s"."PendingResultIdsJson", "s"."ProfileId", "s"."ProtocolCommit", "s"."ProtocolVersion", "s"."ProvenRecoveryCheckpoint", "s"."Readiness", "s"."ReasonCode", "s"."RecoveryReportId", "s"."ReportedForcedRecoveryGeneration", "s"."SafetyHash", "s"."SafetyReasonCodesJson", "s"."SafetyRevision", "s"."SafetyUnknownPresent", "s"."SessionGeneration", "s"."UnsettledSlotOperationAttemptId", "s"."UpdatedAt"
FROM "SessionRecoveries" AS "s"
WHERE "s"."AgvId" = @__agvId_0 AND "s"."Readiness" = 'Ready'
LIMIT 2
[17:41:34 INF] Start processing HTTP request GET http://127.0.0.1:58408/api/task/v1/task/getVehicleInfo/BROKERX-L2-0001
[17:41:34 INF] Sending HTTP request GET http://127.0.0.1:58408/api/task/v1/task/getVehicleInfo/BROKERX-L2-0001
[17:41:34 INF] Received HTTP response headers after 0.4559ms - 200
[17:41:34 INF] End processing HTTP request after 3.6435ms - 200
[17:41:34 INF] Start processing HTTP request GET http://127.0.0.1:58408/api/order/v1/orderRecord?pageNum=1&pageSize=100&filterByState=1&filterByState=3&filterByState=7&filterByState=9
[17:41:34 INF] Sending HTTP request GET http://127.0.0.1:58408/api/order/v1/orderRecord?pageNum=1&pageSize=100&filterByState=1&filterByState=3&filterByState=7&filterByState=9
[17:41:34 INF] Received HTTP response headers after 0.356ms - 200
[17:41:34 INF] End processing HTTP request after 1.096ms - 200
[17:41:34 INF] HTTP GET /api/onboard/v1/vehicle-safety responded 200 in 5.8742 ms
[17:41:35 INF] Start processing HTTP request GET http://127.0.0.1:58408/api/imap/v1/mapInfo/stations/25
[17:41:35 INF] Sending HTTP request GET http://127.0.0.1:58408/api/imap/v1/mapInfo/stations/25
[17:41:35 INF] Received HTTP response headers after 0.4768ms - 200
[17:41:35 INF] End processing HTTP request after 3.747ms - 200
[17:41:35 INF] Executed DbCommand (0ms) [Parameters=[], CommandType='Text', CommandTimeout='30']
SELECT "a"."Id", "a"."ContentHash", "a"."DeploymentId", "a"."ImportedAt", "a"."Version"
FROM "AdmissionPolicyState" AS "a"
WHERE "a"."Id" = 1
LIMIT 2
[17:41:35 INF] Executed DbCommand (0ms) [Parameters=[], CommandType='Text', CommandTimeout='30']
SELECT "j"."JourneyId", "j"."AgvId", "j"."AgvLifecycleGeneration", "j"."BlockReasonCode", "j"."CreatedAt", "j"."CurrentStopSequence", "j"."DispatchGeneration", "j"."DispatchZone", "j"."GateStationId", "j"."GateStationRiotId", "j"."HoldingStartedAt", "j"."LoadingClosedReason", "j"."MapId", "j"."MapIdentity", "j"."NextStopSequence", "j"."OperationSessionId", "j"."PlanRevision", "j"."Stage", "j"."UpdatedAt", "j"."VehicleBusinessRevision", "j"."VehicleKey", "j"."WorklistRevision"
FROM "JourneyRuntimes" AS "j"
WHERE "j"."Stage" <> 'Completed'
[17:41:35 INF] Executed DbCommand (0ms) [Parameters=[@__runtime_JourneyId_0='?' (Size = 36)], CommandType='Text', CommandTimeout='30']
SELECT "j"."JourneyId", "j"."Sequence", "j"."ConsumedSafetyResultMessageId", "j"."CreatedAt", "j"."LegType", "j"."LoadRound", "j"."MovementLegId", "j"."PlanMessageId", "j"."PlanRevision", "j"."PreDepartureSafetyCheckId", "j"."PreDepartureSafetyCheckMessageId", "j"."Role", "j"."RouteEvidenceId", "j"."State", "j"."StationId", "j"."StationRiotId", "j"."SublotWaitStartedAt", "j"."UpdatedAt", "j"."UpperId", "j"."VehicleBusinessMessageId", "j"."VehicleBusinessRevision", "j"."WorklistRevision"
FROM "JourneyStops" AS "j"
WHERE "j"."JourneyId" = @__runtime_JourneyId_0
[17:41:35 INF] Executed DbCommand (0ms) [Parameters=[@__runtime_JourneyId_0='?' (Size = 36)], CommandType='Text', CommandTimeout='30']
SELECT "j"."JourneyId", "j"."DemandId", "j"."ConsumedSublotMessageId", "j"."CreatedAt", "j"."ExpectedBasketCount", "j"."LoadCommandMessageId", "j"."LoadCommandedAt", "j"."LoadSlotOperationAttemptId", "j"."LoadedAt", "j"."State", "j"."StopSequence", "j"."TargetSlotsJson", "j"."UnloadCommandMessageId", "j"."UnloadCommandedAt", "j"."UnloadSlotOperationAttemptId"
FROM "JourneyDemands" AS "j"
WHERE "j"."JourneyId" = @__runtime_JourneyId_0
[17:41:35 INF] Executed DbCommand (0ms) [Parameters=[@__agvId_0='?' (Size = 10)], CommandType='Text', CommandTimeout='30']
SELECT "s"."AgvId", "s"."ActiveUnlockSlotsJson", "s"."CapabilityHash", "s"."CapabilityRevision", "s"."DepartureSafe", "s"."ForcedRecoveryGeneration", "s"."ManifestSha256", "s"."PendingAttemptIdsJson", "s"."PendingResultIdsJson", "s"."ProfileId", "s"."ProtocolCommit", "s"."ProtocolVersion", "s"."ProvenRecoveryCheckpoint", "s"."Readiness", "s"."ReasonCode", "s"."RecoveryReportId", "s"."ReportedForcedRecoveryGeneration", "s"."SafetyHash", "s"."SafetyReasonCodesJson", "s"."SafetyRevision", "s"."SafetyUnknownPresent", "s"."SessionGeneration", "s"."UnsettledSlotOperationAttemptId", "s"."UpdatedAt"
FROM "SessionRecoveries" AS "s"
WHERE "s"."AgvId" = @__agvId_0 AND "s"."Readiness" = 'Ready'
LIMIT 2
[17:41:35 INF] Start processing HTTP request GET http://127.0.0.1:58408/api/task/v1/task/getVehicleInfo/BROKERX-L2-0001
[17:41:35 INF] Sending HTTP request GET http://127.0.0.1:58408/api/task/v1/task/getVehicleInfo/BROKERX-L2-0001
[17:41:35 INF] Received HTTP response headers after 0.6915ms - 200
[17:41:35 INF] End processing HTTP request after 4.2371ms - 200
[17:41:35 INF] Start processing HTTP request GET http://127.0.0.1:58408/api/order/v1/orderRecord?pageNum=1&pageSize=100&filterByState=1&filterByState=3&filterByState=7&filterByState=9
[17:41:35 INF] Sending HTTP request GET http://127.0.0.1:58408/api/order/v1/orderRecord?pageNum=1&pageSize=100&filterByState=1&filterByState=3&filterByState=7&filterByState=9
[17:41:35 INF] Received HTTP response headers after 0.4915ms - 200
[17:41:35 INF] End processing HTTP request after 1.2534ms - 200
[17:41:35 INF] HTTP GET /api/onboard/v1/vehicle-safety responded 200 in 6.7711 ms
[17:41:36 INF] Start processing HTTP request GET http://127.0.0.1:58408/api/imap/v1/mapInfo/stations/25
[17:41:36 INF] Sending HTTP request GET http://127.0.0.1:58408/api/imap/v1/mapInfo/stations/25
[17:41:36 INF] Received HTTP response headers after 0.5954ms - 200
[17:41:36 INF] End processing HTTP request after 2.0258ms - 200
[17:41:36 INF] Executed DbCommand (0ms) [Parameters=[], CommandType='Text', CommandTimeout='30']
SELECT "a"."Id", "a"."ContentHash", "a"."DeploymentId", "a"."ImportedAt", "a"."Version"
FROM "AdmissionPolicyState" AS "a"
WHERE "a"."Id" = 1
LIMIT 2
[17:41:36 INF] Executed DbCommand (0ms) [Parameters=[], CommandType='Text', CommandTimeout='30']
SELECT "j"."JourneyId", "j"."AgvId", "j"."AgvLifecycleGeneration", "j"."BlockReasonCode", "j"."CreatedAt", "j"."CurrentStopSequence", "j"."DispatchGeneration", "j"."DispatchZone", "j"."GateStationId", "j"."GateStationRiotId", "j"."HoldingStartedAt", "j"."LoadingClosedReason", "j"."MapId", "j"."MapIdentity", "j"."NextStopSequence", "j"."OperationSessionId", "j"."PlanRevision", "j"."Stage", "j"."UpdatedAt", "j"."VehicleBusinessRevision", "j"."VehicleKey", "j"."WorklistRevision"
FROM "JourneyRuntimes" AS "j"
WHERE "j"."Stage" <> 'Completed'
[17:41:36 INF] Executed DbCommand (0ms) [Parameters=[@__runtime_JourneyId_0='?' (Size = 36)], CommandType='Text', CommandTimeout='30']
SELECT "j"."JourneyId", "j"."Sequence", "j"."ConsumedSafetyResultMessageId", "j"."CreatedAt", "j"."LegType", "j"."LoadRound", "j"."MovementLegId", "j"."PlanMessageId", "j"."PlanRevision", "j"."PreDepartureSafetyCheckId", "j"."PreDepartureSafetyCheckMessageId", "j"."Role", "j"."RouteEvidenceId", "j"."State", "j"."StationId", "j"."StationRiotId", "j"."SublotWaitStartedAt", "j"."UpdatedAt", "j"."UpperId", "j"."VehicleBusinessMessageId", "j"."VehicleBusinessRevision", "j"."WorklistRevision"
FROM "JourneyStops" AS "j"
WHERE "j"."JourneyId" = @__runtime_JourneyId_0
[17:41:36 INF] Executed DbCommand (0ms) [Parameters=[@__runtime_JourneyId_0='?' (Size = 36)], CommandType='Text', CommandTimeout='30']
SELECT "j"."JourneyId", "j"."DemandId", "j"."ConsumedSublotMessageId", "j"."CreatedAt", "j"."ExpectedBasketCount", "j"."LoadCommandMessageId", "j"."LoadCommandedAt", "j"."LoadSlotOperationAttemptId", "j"."LoadedAt", "j"."State", "j"."StopSequence", "j"."TargetSlotsJson", "j"."UnloadCommandMessageId", "j"."UnloadCommandedAt", "j"."UnloadSlotOperationAttemptId"
FROM "JourneyDemands" AS "j"
WHERE "j"."JourneyId" = @__runtime_JourneyId_0
[17:41:36 INF] Executed DbCommand (0ms) [Parameters=[@__agvId_0='?' (Size = 10)], CommandType='Text', CommandTimeout='30']
SELECT "s"."AgvId", "s"."ActiveUnlockSlotsJson", "s"."CapabilityHash", "s"."CapabilityRevision", "s"."DepartureSafe", "s"."ForcedRecoveryGeneration", "s"."ManifestSha256", "s"."PendingAttemptIdsJson", "s"."PendingResultIdsJson", "s"."ProfileId", "s"."ProtocolCommit", "s"."ProtocolVersion", "s"."ProvenRecoveryCheckpoint", "s"."Readiness", "s"."ReasonCode", "s"."RecoveryReportId", "s"."ReportedForcedRecoveryGeneration", "s"."SafetyHash", "s"."SafetyReasonCodesJson", "s"."SafetyRevision", "s"."SafetyUnknownPresent", "s"."SessionGeneration", "s"."UnsettledSlotOperationAttemptId", "s"."UpdatedAt"
FROM "SessionRecoveries" AS "s"
WHERE "s"."AgvId" = @__agvId_0 AND "s"."Readiness" = 'Ready'
LIMIT 2
[17:41:36 INF] Start processing HTTP request GET http://127.0.0.1:58408/api/task/v1/task/getVehicleInfo/BROKERX-L2-0001
[17:41:36 INF] Sending HTTP request GET http://127.0.0.1:58408/api/task/v1/task/getVehicleInfo/BROKERX-L2-0001
[17:41:36 INF] Received HTTP response headers after 0.5788ms - 200
[17:41:36 INF] End processing HTTP request after 3.8794ms - 200
[17:41:36 INF] Start processing HTTP request GET http://127.0.0.1:58408/api/order/v1/orderRecord?pageNum=1&pageSize=100&filterByState=1&filterByState=3&filterByState=7&filterByState=9
[17:41:36 INF] Sending HTTP request GET http://127.0.0.1:58408/api/order/v1/orderRecord?pageNum=1&pageSize=100&filterByState=1&filterByState=3&filterByState=7&filterByState=9
[17:41:36 INF] Received HTTP response headers after 0.6102ms - 200
[17:41:36 INF] End processing HTTP request after 1.4791ms - 200
[17:41:36 INF] HTTP GET /api/onboard/v1/vehicle-safety responded 200 in 6.8281 ms
[17:41:37 INF] Executed DbCommand (0ms) [Parameters=[@__messageId_0='?' (Size = 36)], CommandType='Text', CommandTimeout='30']
SELECT "p"."MessageId", "p"."ContentHash", "p"."FirstResponseJson", "p"."MessageType", "p"."ReceivedAt", "p"."RequestJson"
FROM "ProtocolInbox" AS "p"
WHERE "p"."MessageId" = @__messageId_0
LIMIT 2
[17:41:37 INF] Executed DbCommand (0ms) [Parameters=[@p0='?' (Size = 36), @p1='?' (Size = 64), @p2='?' (Size = 536), @p3='?' (Size = 9), @p4='?' (DbType = DateTimeOffset), @p5='?' (Size = 428)], CommandType='Text', CommandTimeout='30']
INSERT INTO "ProtocolInbox" ("MessageId", "ContentHash", "FirstResponseJson", "MessageType", "ReceivedAt", "RequestJson")
VALUES (@p0, @p1, @p2, @p3, @p4, @p5);
[17:41:37 INF] Start processing HTTP request GET http://127.0.0.1:58408/api/imap/v1/mapInfo/stations/25
[17:41:37 INF] Sending HTTP request GET http://127.0.0.1:58408/api/imap/v1/mapInfo/stations/25
[17:41:37 INF] Received HTTP response headers after 0.5421ms - 200
[17:41:37 INF] End processing HTTP request after 3.8978ms - 200
[17:41:37 INF] Executed DbCommand (0ms) [Parameters=[], CommandType='Text', CommandTimeout='30']
SELECT "a"."Id", "a"."ContentHash", "a"."DeploymentId", "a"."ImportedAt", "a"."Version"
FROM "AdmissionPolicyState" AS "a"
WHERE "a"."Id" = 1
LIMIT 2
[17:41:37 INF] Executed DbCommand (0ms) [Parameters=[], CommandType='Text', CommandTimeout='30']
SELECT "j"."JourneyId", "j"."AgvId", "j"."AgvLifecycleGeneration", "j"."BlockReasonCode", "j"."CreatedAt", "j"."CurrentStopSequence", "j"."DispatchGeneration", "j"."DispatchZone", "j"."GateStationId", "j"."GateStationRiotId", "j"."HoldingStartedAt", "j"."LoadingClosedReason", "j"."MapId", "j"."MapIdentity", "j"."NextStopSequence", "j"."OperationSessionId", "j"."PlanRevision", "j"."Stage", "j"."UpdatedAt", "j"."VehicleBusinessRevision", "j"."VehicleKey", "j"."WorklistRevision"
FROM "JourneyRuntimes" AS "j"
WHERE "j"."Stage" <> 'Completed'
[17:41:37 INF] Executed DbCommand (0ms) [Parameters=[@__runtime_JourneyId_0='?' (Size = 36)], CommandType='Text', CommandTimeout='30']
SELECT "j"."JourneyId", "j"."Sequence", "j"."ConsumedSafetyResultMessageId", "j"."CreatedAt", "j"."LegType", "j"."LoadRound", "j"."MovementLegId", "j"."PlanMessageId", "j"."PlanRevision", "j"."PreDepartureSafetyCheckId", "j"."PreDepartureSafetyCheckMessageId", "j"."Role", "j"."RouteEvidenceId", "j"."State", "j"."StationId", "j"."StationRiotId", "j"."SublotWaitStartedAt", "j"."UpdatedAt", "j"."UpperId", "j"."VehicleBusinessMessageId", "j"."VehicleBusinessRevision", "j"."WorklistRevision"
FROM "JourneyStops" AS "j"
WHERE "j"."JourneyId" = @__runtime_JourneyId_0
[17:41:37 INF] Executed DbCommand (0ms) [Parameters=[@__runtime_JourneyId_0='?' (Size = 36)], CommandType='Text', CommandTimeout='30']
SELECT "j"."JourneyId", "j"."DemandId", "j"."ConsumedSublotMessageId", "j"."CreatedAt", "j"."ExpectedBasketCount", "j"."LoadCommandMessageId", "j"."LoadCommandedAt", "j"."LoadSlotOperationAttemptId", "j"."LoadedAt", "j"."State", "j"."StopSequence", "j"."TargetSlotsJson", "j"."UnloadCommandMessageId", "j"."UnloadCommandedAt", "j"."UnloadSlotOperationAttemptId"
FROM "JourneyDemands" AS "j"
WHERE "j"."JourneyId" = @__runtime_JourneyId_0
[17:41:37 INF] Executed DbCommand (0ms) [Parameters=[@__agvId_0='?' (Size = 10)], CommandType='Text', CommandTimeout='30']
SELECT "s"."AgvId", "s"."ActiveUnlockSlotsJson", "s"."CapabilityHash", "s"."CapabilityRevision", "s"."DepartureSafe", "s"."ForcedRecoveryGeneration", "s"."ManifestSha256", "s"."PendingAttemptIdsJson", "s"."PendingResultIdsJson", "s"."ProfileId", "s"."ProtocolCommit", "s"."ProtocolVersion", "s"."ProvenRecoveryCheckpoint", "s"."Readiness", "s"."ReasonCode", "s"."RecoveryReportId", "s"."ReportedForcedRecoveryGeneration", "s"."SafetyHash", "s"."SafetyReasonCodesJson", "s"."SafetyRevision", "s"."SafetyUnknownPresent", "s"."SessionGeneration", "s"."UnsettledSlotOperationAttemptId", "s"."UpdatedAt"
FROM "SessionRecoveries" AS "s"
WHERE "s"."AgvId" = @__agvId_0 AND "s"."Readiness" = 'Ready'
LIMIT 2
[17:41:37 INF] Start processing HTTP request GET http://127.0.0.1:58408/api/task/v1/task/getVehicleInfo/BROKERX-L2-0001
[17:41:37 INF] Sending HTTP request GET http://127.0.0.1:58408/api/task/v1/task/getVehicleInfo/BROKERX-L2-0001
[17:41:37 INF] Received HTTP response headers after 0.5898ms - 200
[17:41:37 INF] End processing HTTP request after 3.8058ms - 200
[17:41:37 INF] Start processing HTTP request GET http://127.0.0.1:58408/api/order/v1/orderRecord?pageNum=1&pageSize=100&filterByState=1&filterByState=3&filterByState=7&filterByState=9
[17:41:37 INF] Sending HTTP request GET http://127.0.0.1:58408/api/order/v1/orderRecord?pageNum=1&pageSize=100&filterByState=1&filterByState=3&filterByState=7&filterByState=9
[17:41:37 INF] Received HTTP response headers after 0.4072ms - 200
[17:41:37 INF] End processing HTTP request after 1.1938ms - 200
[17:41:37 INF] HTTP GET /api/onboard/v1/vehicle-safety responded 200 in 6.3707 ms
[17:41:38 INF] Start processing HTTP request GET http://127.0.0.1:58408/api/imap/v1/mapInfo/stations/25
[17:41:38 INF] Sending HTTP request GET http://127.0.0.1:58408/api/imap/v1/mapInfo/stations/25
[17:41:38 INF] Received HTTP response headers after 0.5168ms - 200
[17:41:38 INF] End processing HTTP request after 1.8128ms - 200
[17:41:38 INF] Executed DbCommand (0ms) [Parameters=[], CommandType='Text', CommandTimeout='30']
SELECT "a"."Id", "a"."ContentHash", "a"."DeploymentId", "a"."ImportedAt", "a"."Version"
FROM "AdmissionPolicyState" AS "a"
WHERE "a"."Id" = 1
LIMIT 2
[17:41:38 INF] Executed DbCommand (0ms) [Parameters=[], CommandType='Text', CommandTimeout='30']
SELECT "j"."JourneyId", "j"."AgvId", "j"."AgvLifecycleGeneration", "j"."BlockReasonCode", "j"."CreatedAt", "j"."CurrentStopSequence", "j"."DispatchGeneration", "j"."DispatchZone", "j"."GateStationId", "j"."GateStationRiotId", "j"."HoldingStartedAt", "j"."LoadingClosedReason", "j"."MapId", "j"."MapIdentity", "j"."NextStopSequence", "j"."OperationSessionId", "j"."PlanRevision", "j"."Stage", "j"."UpdatedAt", "j"."VehicleBusinessRevision", "j"."VehicleKey", "j"."WorklistRevision"
FROM "JourneyRuntimes" AS "j"
WHERE "j"."Stage" <> 'Completed'
[17:41:38 INF] Executed DbCommand (0ms) [Parameters=[@__runtime_JourneyId_0='?' (Size = 36)], CommandType='Text', CommandTimeout='30']
SELECT "j"."JourneyId", "j"."Sequence", "j"."ConsumedSafetyResultMessageId", "j"."CreatedAt", "j"."LegType", "j"."LoadRound", "j"."MovementLegId", "j"."PlanMessageId", "j"."PlanRevision", "j"."PreDepartureSafetyCheckId", "j"."PreDepartureSafetyCheckMessageId", "j"."Role", "j"."RouteEvidenceId", "j"."State", "j"."StationId", "j"."StationRiotId", "j"."SublotWaitStartedAt", "j"."UpdatedAt", "j"."UpperId", "j"."VehicleBusinessMessageId", "j"."VehicleBusinessRevision", "j"."WorklistRevision"
FROM "JourneyStops" AS "j"
WHERE "j"."JourneyId" = @__runtime_JourneyId_0
[17:41:38 INF] Executed DbCommand (0ms) [Parameters=[@__runtime_JourneyId_0='?' (Size = 36)], CommandType='Text', CommandTimeout='30']
SELECT "j"."JourneyId", "j"."DemandId", "j"."ConsumedSublotMessageId", "j"."CreatedAt", "j"."ExpectedBasketCount", "j"."LoadCommandMessageId", "j"."LoadCommandedAt", "j"."LoadSlotOperationAttemptId", "j"."LoadedAt", "j"."State", "j"."StopSequence", "j"."TargetSlotsJson", "j"."UnloadCommandMessageId", "j"."UnloadCommandedAt", "j"."UnloadSlotOperationAttemptId"
FROM "JourneyDemands" AS "j"
WHERE "j"."JourneyId" = @__runtime_JourneyId_0
[17:41:38 INF] Executed DbCommand (0ms) [Parameters=[@__agvId_0='?' (Size = 10)], CommandType='Text', CommandTimeout='30']
SELECT "s"."AgvId", "s"."ActiveUnlockSlotsJson", "s"."CapabilityHash", "s"."CapabilityRevision", "s"."DepartureSafe", "s"."ForcedRecoveryGeneration", "s"."ManifestSha256", "s"."PendingAttemptIdsJson", "s"."PendingResultIdsJson", "s"."ProfileId", "s"."ProtocolCommit", "s"."ProtocolVersion", "s"."ProvenRecoveryCheckpoint", "s"."Readiness", "s"."ReasonCode", "s"."RecoveryReportId", "s"."ReportedForcedRecoveryGeneration", "s"."SafetyHash", "s"."SafetyReasonCodesJson", "s"."SafetyRevision", "s"."SafetyUnknownPresent", "s"."SessionGeneration", "s"."UnsettledSlotOperationAttemptId", "s"."UpdatedAt"
FROM "SessionRecoveries" AS "s"
WHERE "s"."AgvId" = @__agvId_0 AND "s"."Readiness" = 'Ready'
LIMIT 2
[17:41:38 INF] Start processing HTTP request GET http://127.0.0.1:58408/api/task/v1/task/getVehicleInfo/BROKERX-L2-0001
[17:41:38 INF] Sending HTTP request GET http://127.0.0.1:58408/api/task/v1/task/getVehicleInfo/BROKERX-L2-0001
[17:41:38 INF] Received HTTP response headers after 0.5111ms - 200
[17:41:38 INF] End processing HTTP request after 1.9766ms - 200
[17:41:38 INF] Start processing HTTP request GET http://127.0.0.1:58408/api/order/v1/orderRecord?pageNum=1&pageSize=100&filterByState=1&filterByState=3&filterByState=7&filterByState=9
[17:41:38 INF] Sending HTTP request GET http://127.0.0.1:58408/api/order/v1/orderRecord?pageNum=1&pageSize=100&filterByState=1&filterByState=3&filterByState=7&filterByState=9
[17:41:38 INF] Received HTTP response headers after 0.4254ms - 200
[17:41:38 INF] End processing HTTP request after 1.3015ms - 200
[17:41:38 INF] HTTP GET /api/onboard/v1/vehicle-safety responded 200 in 4.5460 ms
[17:41:39 INF] Start processing HTTP request GET http://127.0.0.1:58408/api/imap/v1/mapInfo/stations/25
[17:41:39 INF] Sending HTTP request GET http://127.0.0.1:58408/api/imap/v1/mapInfo/stations/25
[17:41:39 INF] Received HTTP response headers after 0.5972ms - 200
[17:41:39 INF] End processing HTTP request after 3.9992ms - 200
[17:41:39 INF] Executed DbCommand (0ms) [Parameters=[], CommandType='Text', CommandTimeout='30']
SELECT "a"."Id", "a"."ContentHash", "a"."DeploymentId", "a"."ImportedAt", "a"."Version"
FROM "AdmissionPolicyState" AS "a"
WHERE "a"."Id" = 1
LIMIT 2
[17:41:39 INF] Executed DbCommand (0ms) [Parameters=[], CommandType='Text', CommandTimeout='30']
SELECT "j"."JourneyId", "j"."AgvId", "j"."AgvLifecycleGeneration", "j"."BlockReasonCode", "j"."CreatedAt", "j"."CurrentStopSequence", "j"."DispatchGeneration", "j"."DispatchZone", "j"."GateStationId", "j"."GateStationRiotId", "j"."HoldingStartedAt", "j"."LoadingClosedReason", "j"."MapId", "j"."MapIdentity", "j"."NextStopSequence", "j"."OperationSessionId", "j"."PlanRevision", "j"."Stage", "j"."UpdatedAt", "j"."VehicleBusinessRevision", "j"."VehicleKey", "j"."WorklistRevision"
FROM "JourneyRuntimes" AS "j"
WHERE "j"."Stage" <> 'Completed'
[17:41:39 INF] Executed DbCommand (0ms) [Parameters=[@__runtime_JourneyId_0='?' (Size = 36)], CommandType='Text', CommandTimeout='30']
SELECT "j"."JourneyId", "j"."Sequence", "j"."ConsumedSafetyResultMessageId", "j"."CreatedAt", "j"."LegType", "j"."LoadRound", "j"."MovementLegId", "j"."PlanMessageId", "j"."PlanRevision", "j"."PreDepartureSafetyCheckId", "j"."PreDepartureSafetyCheckMessageId", "j"."Role", "j"."RouteEvidenceId", "j"."State", "j"."StationId", "j"."StationRiotId", "j"."SublotWaitStartedAt", "j"."UpdatedAt", "j"."UpperId", "j"."VehicleBusinessMessageId", "j"."VehicleBusinessRevision", "j"."WorklistRevision"
FROM "JourneyStops" AS "j"
WHERE "j"."JourneyId" = @__runtime_JourneyId_0
[17:41:39 INF] Executed DbCommand (0ms) [Parameters=[@__runtime_JourneyId_0='?' (Size = 36)], CommandType='Text', CommandTimeout='30']
SELECT "j"."JourneyId", "j"."DemandId", "j"."ConsumedSublotMessageId", "j"."CreatedAt", "j"."ExpectedBasketCount", "j"."LoadCommandMessageId", "j"."LoadCommandedAt", "j"."LoadSlotOperationAttemptId", "j"."LoadedAt", "j"."State", "j"."StopSequence", "j"."TargetSlotsJson", "j"."UnloadCommandMessageId", "j"."UnloadCommandedAt", "j"."UnloadSlotOperationAttemptId"
FROM "JourneyDemands" AS "j"
WHERE "j"."JourneyId" = @__runtime_JourneyId_0
[17:41:39 INF] Executed DbCommand (0ms) [Parameters=[@__agvId_0='?' (Size = 10)], CommandType='Text', CommandTimeout='30']
SELECT "s"."AgvId", "s"."ActiveUnlockSlotsJson", "s"."CapabilityHash", "s"."CapabilityRevision", "s"."DepartureSafe", "s"."ForcedRecoveryGeneration", "s"."ManifestSha256", "s"."PendingAttemptIdsJson", "s"."PendingResultIdsJson", "s"."ProfileId", "s"."ProtocolCommit", "s"."ProtocolVersion", "s"."ProvenRecoveryCheckpoint", "s"."Readiness", "s"."ReasonCode", "s"."RecoveryReportId", "s"."ReportedForcedRecoveryGeneration", "s"."SafetyHash", "s"."SafetyReasonCodesJson", "s"."SafetyRevision", "s"."SafetyUnknownPresent", "s"."SessionGeneration", "s"."UnsettledSlotOperationAttemptId", "s"."UpdatedAt"
FROM "SessionRecoveries" AS "s"
WHERE "s"."AgvId" = @__agvId_0 AND "s"."Readiness" = 'Ready'
LIMIT 2
[17:41:39 INF] Start processing HTTP request GET http://127.0.0.1:58408/api/task/v1/task/getVehicleInfo/BROKERX-L2-0001
[17:41:39 INF] Sending HTTP request GET http://127.0.0.1:58408/api/task/v1/task/getVehicleInfo/BROKERX-L2-0001
[17:41:39 INF] Received HTTP response headers after 0.5484ms - 200
[17:41:39 INF] End processing HTTP request after 4.1231ms - 200
[17:41:39 INF] Start processing HTTP request GET http://127.0.0.1:58408/api/order/v1/orderRecord?pageNum=1&pageSize=100&filterByState=1&filterByState=3&filterByState=7&filterByState=9
[17:41:39 INF] Sending HTTP request GET http://127.0.0.1:58408/api/order/v1/orderRecord?pageNum=1&pageSize=100&filterByState=1&filterByState=3&filterByState=7&filterByState=9
[17:41:39 INF] Received HTTP response headers after 0.4493ms - 200
[17:41:39 INF] End processing HTTP request after 1.2261ms - 200
[17:41:39 INF] HTTP GET /api/onboard/v1/vehicle-safety responded 200 in 6.6751 ms
[17:41:40 INF] Start processing HTTP request GET http://127.0.0.1:58408/api/imap/v1/mapInfo/stations/25
[17:41:40 INF] Sending HTTP request GET http://127.0.0.1:58408/api/imap/v1/mapInfo/stations/25
[17:41:40 INF] Received HTTP response headers after 0.4814ms - 200
[17:41:40 INF] End processing HTTP request after 1.6976ms - 200
[17:41:40 INF] Executed DbCommand (0ms) [Parameters=[], CommandType='Text', CommandTimeout='30']
SELECT "a"."Id", "a"."ContentHash", "a"."DeploymentId", "a"."ImportedAt", "a"."Version"
FROM "AdmissionPolicyState" AS "a"
WHERE "a"."Id" = 1
LIMIT 2
[17:41:40 INF] Executed DbCommand (0ms) [Parameters=[], CommandType='Text', CommandTimeout='30']
SELECT "j"."JourneyId", "j"."AgvId", "j"."AgvLifecycleGeneration", "j"."BlockReasonCode", "j"."CreatedAt", "j"."CurrentStopSequence", "j"."DispatchGeneration", "j"."DispatchZone", "j"."GateStationId", "j"."GateStationRiotId", "j"."HoldingStartedAt", "j"."LoadingClosedReason", "j"."MapId", "j"."MapIdentity", "j"."NextStopSequence", "j"."OperationSessionId", "j"."PlanRevision", "j"."Stage", "j"."UpdatedAt", "j"."VehicleBusinessRevision", "j"."VehicleKey", "j"."WorklistRevision"
FROM "JourneyRuntimes" AS "j"
WHERE "j"."Stage" <> 'Completed'
[17:41:40 INF] Executed DbCommand (0ms) [Parameters=[@__runtime_JourneyId_0='?' (Size = 36)], CommandType='Text', CommandTimeout='30']
SELECT "j"."JourneyId", "j"."Sequence", "j"."ConsumedSafetyResultMessageId", "j"."CreatedAt", "j"."LegType", "j"."LoadRound", "j"."MovementLegId", "j"."PlanMessageId", "j"."PlanRevision", "j"."PreDepartureSafetyCheckId", "j"."PreDepartureSafetyCheckMessageId", "j"."Role", "j"."RouteEvidenceId", "j"."State", "j"."StationId", "j"."StationRiotId", "j"."SublotWaitStartedAt", "j"."UpdatedAt", "j"."UpperId", "j"."VehicleBusinessMessageId", "j"."VehicleBusinessRevision", "j"."WorklistRevision"
FROM "JourneyStops" AS "j"
WHERE "j"."JourneyId" = @__runtime_JourneyId_0
[17:41:40 INF] Executed DbCommand (0ms) [Parameters=[@__runtime_JourneyId_0='?' (Size = 36)], CommandType='Text', CommandTimeout='30']
SELECT "j"."JourneyId", "j"."DemandId", "j"."ConsumedSublotMessageId", "j"."CreatedAt", "j"."ExpectedBasketCount", "j"."LoadCommandMessageId", "j"."LoadCommandedAt", "j"."LoadSlotOperationAttemptId", "j"."LoadedAt", "j"."State", "j"."StopSequence", "j"."TargetSlotsJson", "j"."UnloadCommandMessageId", "j"."UnloadCommandedAt", "j"."UnloadSlotOperationAttemptId"
FROM "JourneyDemands" AS "j"
WHERE "j"."JourneyId" = @__runtime_JourneyId_0
[17:41:40 INF] Executed DbCommand (0ms) [Parameters=[@__agvId_0='?' (Size = 10)], CommandType='Text', CommandTimeout='30']
SELECT "s"."AgvId", "s"."ActiveUnlockSlotsJson", "s"."CapabilityHash", "s"."CapabilityRevision", "s"."DepartureSafe", "s"."ForcedRecoveryGeneration", "s"."ManifestSha256", "s"."PendingAttemptIdsJson", "s"."PendingResultIdsJson", "s"."ProfileId", "s"."ProtocolCommit", "s"."ProtocolVersion", "s"."ProvenRecoveryCheckpoint", "s"."Readiness", "s"."ReasonCode", "s"."RecoveryReportId", "s"."ReportedForcedRecoveryGeneration", "s"."SafetyHash", "s"."SafetyReasonCodesJson", "s"."SafetyRevision", "s"."SafetyUnknownPresent", "s"."SessionGeneration", "s"."UnsettledSlotOperationAttemptId", "s"."UpdatedAt"
FROM "SessionRecoveries" AS "s"
WHERE "s"."AgvId" = @__agvId_0 AND "s"."Readiness" = 'Ready'
LIMIT 2
[17:41:40 INF] Start processing HTTP request GET http://127.0.0.1:58408/api/task/v1/task/getVehicleInfo/BROKERX-L2-0001
[17:41:40 INF] Sending HTTP request GET http://127.0.0.1:58408/api/task/v1/task/getVehicleInfo/BROKERX-L2-0001
[17:41:40 INF] Received HTTP response headers after 0.6766ms - 200
[17:41:40 INF] End processing HTTP request after 2.1099ms - 200
[17:41:40 INF] Start processing HTTP request GET http://127.0.0.1:58408/api/order/v1/orderRecord?pageNum=1&pageSize=100&filterByState=1&filterByState=3&filterByState=7&filterByState=9
[17:41:40 INF] Sending HTTP request GET http://127.0.0.1:58408/api/order/v1/orderRecord?pageNum=1&pageSize=100&filterByState=1&filterByState=3&filterByState=7&filterByState=9
[17:41:40 INF] Received HTTP response headers after 0.903ms - 200
[17:41:40 INF] End processing HTTP request after 1.8705ms - 200
[17:41:40 INF] HTTP GET /api/onboard/v1/vehicle-safety responded 200 in 6.4757 ms
[17:41:41 INF] Start processing HTTP request GET http://127.0.0.1:58408/api/imap/v1/mapInfo/stations/25
[17:41:41 INF] Sending HTTP request GET http://127.0.0.1:58408/api/imap/v1/mapInfo/stations/25
[17:41:41 INF] Received HTTP response headers after 0.5682ms - 200
[17:41:41 INF] End processing HTTP request after 4.0292ms - 200
[17:41:41 INF] Executed DbCommand (0ms) [Parameters=[], CommandType='Text', CommandTimeout='30']
SELECT "a"."Id", "a"."ContentHash", "a"."DeploymentId", "a"."ImportedAt", "a"."Version"
FROM "AdmissionPolicyState" AS "a"
WHERE "a"."Id" = 1
LIMIT 2
[17:41:41 INF] Executed DbCommand (0ms) [Parameters=[], CommandType='Text', CommandTimeout='30']
SELECT "j"."JourneyId", "j"."AgvId", "j"."AgvLifecycleGeneration", "j"."BlockReasonCode", "j"."CreatedAt", "j"."CurrentStopSequence", "j"."DispatchGeneration", "j"."DispatchZone", "j"."GateStationId", "j"."GateStationRiotId", "j"."HoldingStartedAt", "j"."LoadingClosedReason", "j"."MapId", "j"."MapIdentity", "j"."NextStopSequence", "j"."OperationSessionId", "j"."PlanRevision", "j"."Stage", "j"."UpdatedAt", "j"."VehicleBusinessRevision", "j"."VehicleKey", "j"."WorklistRevision"
FROM "JourneyRuntimes" AS "j"
WHERE "j"."Stage" <> 'Completed'
[17:41:41 INF] Executed DbCommand (0ms) [Parameters=[@__runtime_JourneyId_0='?' (Size = 36)], CommandType='Text', CommandTimeout='30']
SELECT "j"."JourneyId", "j"."Sequence", "j"."ConsumedSafetyResultMessageId", "j"."CreatedAt", "j"."LegType", "j"."LoadRound", "j"."MovementLegId", "j"."PlanMessageId", "j"."PlanRevision", "j"."PreDepartureSafetyCheckId", "j"."PreDepartureSafetyCheckMessageId", "j"."Role", "j"."RouteEvidenceId", "j"."State", "j"."StationId", "j"."StationRiotId", "j"."SublotWaitStartedAt", "j"."UpdatedAt", "j"."UpperId", "j"."VehicleBusinessMessageId", "j"."VehicleBusinessRevision", "j"."WorklistRevision"
FROM "JourneyStops" AS "j"
WHERE "j"."JourneyId" = @__runtime_JourneyId_0
[17:41:41 INF] Executed DbCommand (0ms) [Parameters=[@__runtime_JourneyId_0='?' (Size = 36)], CommandType='Text', CommandTimeout='30']
SELECT "j"."JourneyId", "j"."DemandId", "j"."ConsumedSublotMessageId", "j"."CreatedAt", "j"."ExpectedBasketCount", "j"."LoadCommandMessageId", "j"."LoadCommandedAt", "j"."LoadSlotOperationAttemptId", "j"."LoadedAt", "j"."State", "j"."StopSequence", "j"."TargetSlotsJson", "j"."UnloadCommandMessageId", "j"."UnloadCommandedAt", "j"."UnloadSlotOperationAttemptId"
FROM "JourneyDemands" AS "j"
WHERE "j"."JourneyId" = @__runtime_JourneyId_0
[17:41:41 INF] Executed DbCommand (0ms) [Parameters=[@__agvId_0='?' (Size = 10)], CommandType='Text', CommandTimeout='30']
SELECT "s"."AgvId", "s"."ActiveUnlockSlotsJson", "s"."CapabilityHash", "s"."CapabilityRevision", "s"."DepartureSafe", "s"."ForcedRecoveryGeneration", "s"."ManifestSha256", "s"."PendingAttemptIdsJson", "s"."PendingResultIdsJson", "s"."ProfileId", "s"."ProtocolCommit", "s"."ProtocolVersion", "s"."ProvenRecoveryCheckpoint", "s"."Readiness", "s"."ReasonCode", "s"."RecoveryReportId", "s"."ReportedForcedRecoveryGeneration", "s"."SafetyHash", "s"."SafetyReasonCodesJson", "s"."SafetyRevision", "s"."SafetyUnknownPresent", "s"."SessionGeneration", "s"."UnsettledSlotOperationAttemptId", "s"."UpdatedAt"
FROM "SessionRecoveries" AS "s"
WHERE "s"."AgvId" = @__agvId_0 AND "s"."Readiness" = 'Ready'
LIMIT 2
[17:41:41 INF] Start processing HTTP request GET http://127.0.0.1:58408/api/task/v1/task/getVehicleInfo/BROKERX-L2-0001
[17:41:41 INF] Sending HTTP request GET http://127.0.0.1:58408/api/task/v1/task/getVehicleInfo/BROKERX-L2-0001
[17:41:41 INF] Received HTTP response headers after 0.5573ms - 200
[17:41:41 INF] End processing HTTP request after 4.1975ms - 200
[17:41:41 INF] Start processing HTTP request GET http://127.0.0.1:58408/api/order/v1/orderRecord?pageNum=1&pageSize=100&filterByState=1&filterByState=3&filterByState=7&filterByState=9
[17:41:41 INF] Sending HTTP request GET http://127.0.0.1:58408/api/order/v1/orderRecord?pageNum=1&pageSize=100&filterByState=1&filterByState=3&filterByState=7&filterByState=9
[17:41:41 INF] Received HTTP response headers after 0.471ms - 200
[17:41:41 INF] End processing HTTP request after 1.2039ms - 200
[17:41:41 INF] HTTP GET /api/onboard/v1/vehicle-safety responded 200 in 6.5987 ms
[17:41:42 INF] Executed DbCommand (0ms) [Parameters=[@__messageId_0='?' (Size = 36)], CommandType='Text', CommandTimeout='30']
SELECT "p"."MessageId", "p"."ContentHash", "p"."FirstResponseJson", "p"."MessageType", "p"."ReceivedAt", "p"."RequestJson"
FROM "ProtocolInbox" AS "p"
WHERE "p"."MessageId" = @__messageId_0
LIMIT 2
[17:41:42 INF] Executed DbCommand (0ms) [Parameters=[@p0='?' (Size = 36), @p1='?' (Size = 64), @p2='?' (Size = 536), @p3='?' (Size = 9), @p4='?' (DbType = DateTimeOffset), @p5='?' (Size = 428)], CommandType='Text', CommandTimeout='30']
INSERT INTO "ProtocolInbox" ("MessageId", "ContentHash", "FirstResponseJson", "MessageType", "ReceivedAt", "RequestJson")
VALUES (@p0, @p1, @p2, @p3, @p4, @p5);
[17:41:42 INF] Start processing HTTP request GET http://127.0.0.1:58408/api/imap/v1/mapInfo/stations/25
[17:41:42 INF] Sending HTTP request GET http://127.0.0.1:58408/api/imap/v1/mapInfo/stations/25
[17:41:42 INF] Received HTTP response headers after 0.4553ms - 200
[17:41:42 INF] End processing HTTP request after 1.7409ms - 200
[17:41:42 INF] Executed DbCommand (0ms) [Parameters=[], CommandType='Text', CommandTimeout='30']
SELECT "a"."Id", "a"."ContentHash", "a"."DeploymentId", "a"."ImportedAt", "a"."Version"
FROM "AdmissionPolicyState" AS "a"
WHERE "a"."Id" = 1
LIMIT 2
[17:41:42 INF] Executed DbCommand (0ms) [Parameters=[], CommandType='Text', CommandTimeout='30']
SELECT "j"."JourneyId", "j"."AgvId", "j"."AgvLifecycleGeneration", "j"."BlockReasonCode", "j"."CreatedAt", "j"."CurrentStopSequence", "j"."DispatchGeneration", "j"."DispatchZone", "j"."GateStationId", "j"."GateStationRiotId", "j"."HoldingStartedAt", "j"."LoadingClosedReason", "j"."MapId", "j"."MapIdentity", "j"."NextStopSequence", "j"."OperationSessionId", "j"."PlanRevision", "j"."Stage", "j"."UpdatedAt", "j"."VehicleBusinessRevision", "j"."VehicleKey", "j"."WorklistRevision"
FROM "JourneyRuntimes" AS "j"
WHERE "j"."Stage" <> 'Completed'
[17:41:42 INF] Executed DbCommand (0ms) [Parameters=[@__runtime_JourneyId_0='?' (Size = 36)], CommandType='Text', CommandTimeout='30']
SELECT "j"."JourneyId", "j"."Sequence", "j"."ConsumedSafetyResultMessageId", "j"."CreatedAt", "j"."LegType", "j"."LoadRound", "j"."MovementLegId", "j"."PlanMessageId", "j"."PlanRevision", "j"."PreDepartureSafetyCheckId", "j"."PreDepartureSafetyCheckMessageId", "j"."Role", "j"."RouteEvidenceId", "j"."State", "j"."StationId", "j"."StationRiotId", "j"."SublotWaitStartedAt", "j"."UpdatedAt", "j"."UpperId", "j"."VehicleBusinessMessageId", "j"."VehicleBusinessRevision", "j"."WorklistRevision"
FROM "JourneyStops" AS "j"
WHERE "j"."JourneyId" = @__runtime_JourneyId_0
[17:41:42 INF] Executed DbCommand (0ms) [Parameters=[@__runtime_JourneyId_0='?' (Size = 36)], CommandType='Text', CommandTimeout='30']
SELECT "j"."JourneyId", "j"."DemandId", "j"."ConsumedSublotMessageId", "j"."CreatedAt", "j"."ExpectedBasketCount", "j"."LoadCommandMessageId", "j"."LoadCommandedAt", "j"."LoadSlotOperationAttemptId", "j"."LoadedAt", "j"."State", "j"."StopSequence", "j"."TargetSlotsJson", "j"."UnloadCommandMessageId", "j"."UnloadCommandedAt", "j"."UnloadSlotOperationAttemptId"
FROM "JourneyDemands" AS "j"
WHERE "j"."JourneyId" = @__runtime_JourneyId_0
[17:41:42 INF] Executed DbCommand (0ms) [Parameters=[@__agvId_0='?' (Size = 10)], CommandType='Text', CommandTimeout='30']
SELECT "s"."AgvId", "s"."ActiveUnlockSlotsJson", "s"."CapabilityHash", "s"."CapabilityRevision", "s"."DepartureSafe", "s"."ForcedRecoveryGeneration", "s"."ManifestSha256", "s"."PendingAttemptIdsJson", "s"."PendingResultIdsJson", "s"."ProfileId", "s"."ProtocolCommit", "s"."ProtocolVersion", "s"."ProvenRecoveryCheckpoint", "s"."Readiness", "s"."ReasonCode", "s"."RecoveryReportId", "s"."ReportedForcedRecoveryGeneration", "s"."SafetyHash", "s"."SafetyReasonCodesJson", "s"."SafetyRevision", "s"."SafetyUnknownPresent", "s"."SessionGeneration", "s"."UnsettledSlotOperationAttemptId", "s"."UpdatedAt"
FROM "SessionRecoveries" AS "s"
WHERE "s"."AgvId" = @__agvId_0 AND "s"."Readiness" = 'Ready'
LIMIT 2
[17:41:42 INF] Start processing HTTP request GET http://127.0.0.1:58408/api/task/v1/task/getVehicleInfo/BROKERX-L2-0001
[17:41:42 INF] Sending HTTP request GET http://127.0.0.1:58408/api/task/v1/task/getVehicleInfo/BROKERX-L2-0001
[17:41:42 INF] Received HTTP response headers after 0.4998ms - 200
[17:41:42 INF] End processing HTTP request after 3.7736ms - 200
[17:41:42 INF] Start processing HTTP request GET http://127.0.0.1:58408/api/order/v1/orderRecord?pageNum=1&pageSize=100&filterByState=1&filterByState=3&filterByState=7&filterByState=9
[17:41:42 INF] Sending HTTP request GET http://127.0.0.1:58408/api/order/v1/orderRecord?pageNum=1&pageSize=100&filterByState=1&filterByState=3&filterByState=7&filterByState=9
[17:41:42 INF] Received HTTP response headers after 0.3337ms - 200
[17:41:42 INF] End processing HTTP request after 1.0894ms - 200
[17:41:42 INF] HTTP GET /api/onboard/v1/vehicle-safety responded 200 in 6.0446 ms
[17:41:43 INF] Start processing HTTP request GET http://127.0.0.1:58408/api/imap/v1/mapInfo/stations/25
[17:41:43 INF] Sending HTTP request GET http://127.0.0.1:58408/api/imap/v1/mapInfo/stations/25
[17:41:43 INF] Received HTTP response headers after 0.4697ms - 200
[17:41:43 INF] End processing HTTP request after 3.722ms - 200
[17:41:43 INF] Executed DbCommand (0ms) [Parameters=[], CommandType='Text', CommandTimeout='30']
SELECT "a"."Id", "a"."ContentHash", "a"."DeploymentId", "a"."ImportedAt", "a"."Version"
FROM "AdmissionPolicyState" AS "a"
WHERE "a"."Id" = 1
LIMIT 2
[17:41:43 INF] Executed DbCommand (0ms) [Parameters=[], CommandType='Text', CommandTimeout='30']
SELECT "j"."JourneyId", "j"."AgvId", "j"."AgvLifecycleGeneration", "j"."BlockReasonCode", "j"."CreatedAt", "j"."CurrentStopSequence", "j"."DispatchGeneration", "j"."DispatchZone", "j"."GateStationId", "j"."GateStationRiotId", "j"."HoldingStartedAt", "j"."LoadingClosedReason", "j"."MapId", "j"."MapIdentity", "j"."NextStopSequence", "j"."OperationSessionId", "j"."PlanRevision", "j"."Stage", "j"."UpdatedAt", "j"."VehicleBusinessRevision", "j"."VehicleKey", "j"."WorklistRevision"
FROM "JourneyRuntimes" AS "j"
WHERE "j"."Stage" <> 'Completed'
[17:41:43 INF] Executed DbCommand (0ms) [Parameters=[@__runtime_JourneyId_0='?' (Size = 36)], CommandType='Text', CommandTimeout='30']
SELECT "j"."JourneyId", "j"."Sequence", "j"."ConsumedSafetyResultMessageId", "j"."CreatedAt", "j"."LegType", "j"."LoadRound", "j"."MovementLegId", "j"."PlanMessageId", "j"."PlanRevision", "j"."PreDepartureSafetyCheckId", "j"."PreDepartureSafetyCheckMessageId", "j"."Role", "j"."RouteEvidenceId", "j"."State", "j"."StationId", "j"."StationRiotId", "j"."SublotWaitStartedAt", "j"."UpdatedAt", "j"."UpperId", "j"."VehicleBusinessMessageId", "j"."VehicleBusinessRevision", "j"."WorklistRevision"
FROM "JourneyStops" AS "j"
WHERE "j"."JourneyId" = @__runtime_JourneyId_0
[17:41:43 INF] Executed DbCommand (0ms) [Parameters=[@__runtime_JourneyId_0='?' (Size = 36)], CommandType='Text', CommandTimeout='30']
SELECT "j"."JourneyId", "j"."DemandId", "j"."ConsumedSublotMessageId", "j"."CreatedAt", "j"."ExpectedBasketCount", "j"."LoadCommandMessageId", "j"."LoadCommandedAt", "j"."LoadSlotOperationAttemptId", "j"."LoadedAt", "j"."State", "j"."StopSequence", "j"."TargetSlotsJson", "j"."UnloadCommandMessageId", "j"."UnloadCommandedAt", "j"."UnloadSlotOperationAttemptId"
FROM "JourneyDemands" AS "j"
WHERE "j"."JourneyId" = @__runtime_JourneyId_0
[17:41:43 INF] Executed DbCommand (0ms) [Parameters=[@__agvId_0='?' (Size = 10)], CommandType='Text', CommandTimeout='30']
SELECT "s"."AgvId", "s"."ActiveUnlockSlotsJson", "s"."CapabilityHash", "s"."CapabilityRevision", "s"."DepartureSafe", "s"."ForcedRecoveryGeneration", "s"."ManifestSha256", "s"."PendingAttemptIdsJson", "s"."PendingResultIdsJson", "s"."ProfileId", "s"."ProtocolCommit", "s"."ProtocolVersion", "s"."ProvenRecoveryCheckpoint", "s"."Readiness", "s"."ReasonCode", "s"."RecoveryReportId", "s"."ReportedForcedRecoveryGeneration", "s"."SafetyHash", "s"."SafetyReasonCodesJson", "s"."SafetyRevision", "s"."SafetyUnknownPresent", "s"."SessionGeneration", "s"."UnsettledSlotOperationAttemptId", "s"."UpdatedAt"
FROM "SessionRecoveries" AS "s"
WHERE "s"."AgvId" = @__agvId_0 AND "s"."Readiness" = 'Ready'
LIMIT 2
[17:41:43 INF] Start processing HTTP request GET http://127.0.0.1:58408/api/task/v1/task/getVehicleInfo/BROKERX-L2-0001
[17:41:43 INF] Sending HTTP request GET http://127.0.0.1:58408/api/task/v1/task/getVehicleInfo/BROKERX-L2-0001
[17:41:43 INF] Received HTTP response headers after 0.5419ms - 200
[17:41:43 INF] End processing HTTP request after 3.8885ms - 200
[17:41:43 INF] Start processing HTTP request GET http://127.0.0.1:58408/api/order/v1/orderRecord?pageNum=1&pageSize=100&filterByState=1&filterByState=3&filterByState=7&filterByState=9
[17:41:43 INF] Sending HTTP request GET http://127.0.0.1:58408/api/order/v1/orderRecord?pageNum=1&pageSize=100&filterByState=1&filterByState=3&filterByState=7&filterByState=9
[17:41:43 INF] Received HTTP response headers after 0.382ms - 200
[17:41:43 INF] End processing HTTP request after 1.1891ms - 200
[17:41:43 INF] HTTP GET /api/onboard/v1/vehicle-safety responded 200 in 6.2261 ms
[17:41:44 INF] Start processing HTTP request GET http://127.0.0.1:58408/api/imap/v1/mapInfo/stations/25
[17:41:44 INF] Sending HTTP request GET http://127.0.0.1:58408/api/imap/v1/mapInfo/stations/25
[17:41:44 INF] Received HTTP response headers after 0.4885ms - 200
[17:41:44 INF] End processing HTTP request after 1.8131ms - 200
[17:41:44 INF] Executed DbCommand (0ms) [Parameters=[], CommandType='Text', CommandTimeout='30']
SELECT "a"."Id", "a"."ContentHash", "a"."DeploymentId", "a"."ImportedAt", "a"."Version"
FROM "AdmissionPolicyState" AS "a"
WHERE "a"."Id" = 1
LIMIT 2
[17:41:44 INF] Executed DbCommand (0ms) [Parameters=[], CommandType='Text', CommandTimeout='30']
SELECT "j"."JourneyId", "j"."AgvId", "j"."AgvLifecycleGeneration", "j"."BlockReasonCode", "j"."CreatedAt", "j"."CurrentStopSequence", "j"."DispatchGeneration", "j"."DispatchZone", "j"."GateStationId", "j"."GateStationRiotId", "j"."HoldingStartedAt", "j"."LoadingClosedReason", "j"."MapId", "j"."MapIdentity", "j"."NextStopSequence", "j"."OperationSessionId", "j"."PlanRevision", "j"."Stage", "j"."UpdatedAt", "j"."VehicleBusinessRevision", "j"."VehicleKey", "j"."WorklistRevision"
FROM "JourneyRuntimes" AS "j"
WHERE "j"."Stage" <> 'Completed'
[17:41:44 INF] Executed DbCommand (0ms) [Parameters=[@__runtime_JourneyId_0='?' (Size = 36)], CommandType='Text', CommandTimeout='30']
SELECT "j"."JourneyId", "j"."Sequence", "j"."ConsumedSafetyResultMessageId", "j"."CreatedAt", "j"."LegType", "j"."LoadRound", "j"."MovementLegId", "j"."PlanMessageId", "j"."PlanRevision", "j"."PreDepartureSafetyCheckId", "j"."PreDepartureSafetyCheckMessageId", "j"."Role", "j"."RouteEvidenceId", "j"."State", "j"."StationId", "j"."StationRiotId", "j"."SublotWaitStartedAt", "j"."UpdatedAt", "j"."UpperId", "j"."VehicleBusinessMessageId", "j"."VehicleBusinessRevision", "j"."WorklistRevision"
FROM "JourneyStops" AS "j"
WHERE "j"."JourneyId" = @__runtime_JourneyId_0
[17:41:44 INF] Executed DbCommand (0ms) [Parameters=[@__runtime_JourneyId_0='?' (Size = 36)], CommandType='Text', CommandTimeout='30']
SELECT "j"."JourneyId", "j"."DemandId", "j"."ConsumedSublotMessageId", "j"."CreatedAt", "j"."ExpectedBasketCount", "j"."LoadCommandMessageId", "j"."LoadCommandedAt", "j"."LoadSlotOperationAttemptId", "j"."LoadedAt", "j"."State", "j"."StopSequence", "j"."TargetSlotsJson", "j"."UnloadCommandMessageId", "j"."UnloadCommandedAt", "j"."UnloadSlotOperationAttemptId"
FROM "JourneyDemands" AS "j"
WHERE "j"."JourneyId" = @__runtime_JourneyId_0
[17:41:44 INF] Executed DbCommand (0ms) [Parameters=[@__agvId_0='?' (Size = 10)], CommandType='Text', CommandTimeout='30']
SELECT "s"."AgvId", "s"."ActiveUnlockSlotsJson", "s"."CapabilityHash", "s"."CapabilityRevision", "s"."DepartureSafe", "s"."ForcedRecoveryGeneration", "s"."ManifestSha256", "s"."PendingAttemptIdsJson", "s"."PendingResultIdsJson", "s"."ProfileId", "s"."ProtocolCommit", "s"."ProtocolVersion", "s"."ProvenRecoveryCheckpoint", "s"."Readiness", "s"."ReasonCode", "s"."RecoveryReportId", "s"."ReportedForcedRecoveryGeneration", "s"."SafetyHash", "s"."SafetyReasonCodesJson", "s"."SafetyRevision", "s"."SafetyUnknownPresent", "s"."SessionGeneration", "s"."UnsettledSlotOperationAttemptId", "s"."UpdatedAt"
FROM "SessionRecoveries" AS "s"
WHERE "s"."AgvId" = @__agvId_0 AND "s"."Readiness" = 'Ready'
LIMIT 2
[17:41:44 INF] Start processing HTTP request GET http://127.0.0.1:58408/api/task/v1/task/getVehicleInfo/BROKERX-L2-0001
[17:41:44 INF] Sending HTTP request GET http://127.0.0.1:58408/api/task/v1/task/getVehicleInfo/BROKERX-L2-0001
[17:41:44 INF] Received HTTP response headers after 0.4972ms - 200
[17:41:44 INF] End processing HTTP request after 3.6549ms - 200
[17:41:44 INF] Start processing HTTP request GET http://127.0.0.1:58408/api/order/v1/orderRecord?pageNum=1&pageSize=100&filterByState=1&filterByState=3&filterByState=7&filterByState=9
[17:41:44 INF] Sending HTTP request GET http://127.0.0.1:58408/api/order/v1/orderRecord?pageNum=1&pageSize=100&filterByState=1&filterByState=3&filterByState=7&filterByState=9
[17:41:44 INF] Received HTTP response headers after 0.3472ms - 200
[17:41:44 INF] End processing HTTP request after 0.9384ms - 200
[17:41:44 INF] HTTP GET /api/onboard/v1/vehicle-safety responded 200 in 5.7726 ms
[17:41:45 INF] Start processing HTTP request GET http://127.0.0.1:58408/api/imap/v1/mapInfo/stations/25
[17:41:45 INF] Sending HTTP request GET http://127.0.0.1:58408/api/imap/v1/mapInfo/stations/25
[17:41:45 INF] Received HTTP response headers after 0.548ms - 200
[17:41:45 INF] End processing HTTP request after 4.1513ms - 200
[17:41:45 INF] Executed DbCommand (0ms) [Parameters=[], CommandType='Text', CommandTimeout='30']
SELECT "a"."Id", "a"."ContentHash", "a"."DeploymentId", "a"."ImportedAt", "a"."Version"
FROM "AdmissionPolicyState" AS "a"
WHERE "a"."Id" = 1
LIMIT 2
[17:41:45 INF] Executed DbCommand (0ms) [Parameters=[], CommandType='Text', CommandTimeout='30']
SELECT "j"."JourneyId", "j"."AgvId", "j"."AgvLifecycleGeneration", "j"."BlockReasonCode", "j"."CreatedAt", "j"."CurrentStopSequence", "j"."DispatchGeneration", "j"."DispatchZone", "j"."GateStationId", "j"."GateStationRiotId", "j"."HoldingStartedAt", "j"."LoadingClosedReason", "j"."MapId", "j"."MapIdentity", "j"."NextStopSequence", "j"."OperationSessionId", "j"."PlanRevision", "j"."Stage", "j"."UpdatedAt", "j"."VehicleBusinessRevision", "j"."VehicleKey", "j"."WorklistRevision"
FROM "JourneyRuntimes" AS "j"
WHERE "j"."Stage" <> 'Completed'
[17:41:45 INF] Executed DbCommand (0ms) [Parameters=[@__runtime_JourneyId_0='?' (Size = 36)], CommandType='Text', CommandTimeout='30']
SELECT "j"."JourneyId", "j"."Sequence", "j"."ConsumedSafetyResultMessageId", "j"."CreatedAt", "j"."LegType", "j"."LoadRound", "j"."MovementLegId", "j"."PlanMessageId", "j"."PlanRevision", "j"."PreDepartureSafetyCheckId", "j"."PreDepartureSafetyCheckMessageId", "j"."Role", "j"."RouteEvidenceId", "j"."State", "j"."StationId", "j"."StationRiotId", "j"."SublotWaitStartedAt", "j"."UpdatedAt", "j"."UpperId", "j"."VehicleBusinessMessageId", "j"."VehicleBusinessRevision", "j"."WorklistRevision"
FROM "JourneyStops" AS "j"
WHERE "j"."JourneyId" = @__runtime_JourneyId_0
[17:41:45 INF] Executed DbCommand (0ms) [Parameters=[@__runtime_JourneyId_0='?' (Size = 36)], CommandType='Text', CommandTimeout='30']
SELECT "j"."JourneyId", "j"."DemandId", "j"."ConsumedSublotMessageId", "j"."CreatedAt", "j"."ExpectedBasketCount", "j"."LoadCommandMessageId", "j"."LoadCommandedAt", "j"."LoadSlotOperationAttemptId", "j"."LoadedAt", "j"."State", "j"."StopSequence", "j"."TargetSlotsJson", "j"."UnloadCommandMessageId", "j"."UnloadCommandedAt", "j"."UnloadSlotOperationAttemptId"
FROM "JourneyDemands" AS "j"
WHERE "j"."JourneyId" = @__runtime_JourneyId_0
[17:41:45 INF] Executed DbCommand (0ms) [Parameters=[@__agvId_0='?' (Size = 10)], CommandType='Text', CommandTimeout='30']
SELECT "s"."AgvId", "s"."ActiveUnlockSlotsJson", "s"."CapabilityHash", "s"."CapabilityRevision", "s"."DepartureSafe", "s"."ForcedRecoveryGeneration", "s"."ManifestSha256", "s"."PendingAttemptIdsJson", "s"."PendingResultIdsJson", "s"."ProfileId", "s"."ProtocolCommit", "s"."ProtocolVersion", "s"."ProvenRecoveryCheckpoint", "s"."Readiness", "s"."ReasonCode", "s"."RecoveryReportId", "s"."ReportedForcedRecoveryGeneration", "s"."SafetyHash", "s"."SafetyReasonCodesJson", "s"."SafetyRevision", "s"."SafetyUnknownPresent", "s"."SessionGeneration", "s"."UnsettledSlotOperationAttemptId", "s"."UpdatedAt"
FROM "SessionRecoveries" AS "s"
WHERE "s"."AgvId" = @__agvId_0 AND "s"."Readiness" = 'Ready'
LIMIT 2
[17:41:45 INF] Start processing HTTP request GET http://127.0.0.1:58408/api/task/v1/task/getVehicleInfo/BROKERX-L2-0001
[17:41:45 INF] Sending HTTP request GET http://127.0.0.1:58408/api/task/v1/task/getVehicleInfo/BROKERX-L2-0001
[17:41:45 INF] Received HTTP response headers after 0.3956ms - 200
[17:41:45 INF] End processing HTTP request after 1.574ms - 200
[17:41:45 INF] Start processing HTTP request GET http://127.0.0.1:58408/api/order/v1/orderRecord?pageNum=1&pageSize=100&filterByState=1&filterByState=3&filterByState=7&filterByState=9
[17:41:45 INF] Sending HTTP request GET http://127.0.0.1:58408/api/order/v1/orderRecord?pageNum=1&pageSize=100&filterByState=1&filterByState=3&filterByState=7&filterByState=9
[17:41:45 INF] Received HTTP response headers after 0.3638ms - 200
[17:41:45 INF] End processing HTTP request after 1.1388ms - 200
[17:41:45 INF] HTTP GET /api/onboard/v1/vehicle-safety responded 200 in 3.6468 ms
[17:41:46 INF] Start processing HTTP request GET http://127.0.0.1:58408/api/imap/v1/mapInfo/stations/25
[17:41:46 INF] Sending HTTP request GET http://127.0.0.1:58408/api/imap/v1/mapInfo/stations/25
[17:41:46 INF] Received HTTP response headers after 0.4433ms - 200
[17:41:46 INF] End processing HTTP request after 1.7445ms - 200
[17:41:46 INF] Executed DbCommand (0ms) [Parameters=[], CommandType='Text', CommandTimeout='30']
SELECT "a"."Id", "a"."ContentHash", "a"."DeploymentId", "a"."ImportedAt", "a"."Version"
FROM "AdmissionPolicyState" AS "a"
WHERE "a"."Id" = 1
LIMIT 2
[17:41:46 INF] Executed DbCommand (0ms) [Parameters=[], CommandType='Text', CommandTimeout='30']
SELECT "j"."JourneyId", "j"."AgvId", "j"."AgvLifecycleGeneration", "j"."BlockReasonCode", "j"."CreatedAt", "j"."CurrentStopSequence", "j"."DispatchGeneration", "j"."DispatchZone", "j"."GateStationId", "j"."GateStationRiotId", "j"."HoldingStartedAt", "j"."LoadingClosedReason", "j"."MapId", "j"."MapIdentity", "j"."NextStopSequence", "j"."OperationSessionId", "j"."PlanRevision", "j"."Stage", "j"."UpdatedAt", "j"."VehicleBusinessRevision", "j"."VehicleKey", "j"."WorklistRevision"
FROM "JourneyRuntimes" AS "j"
WHERE "j"."Stage" <> 'Completed'
[17:41:46 INF] Executed DbCommand (0ms) [Parameters=[@__runtime_JourneyId_0='?' (Size = 36)], CommandType='Text', CommandTimeout='30']
SELECT "j"."JourneyId", "j"."Sequence", "j"."ConsumedSafetyResultMessageId", "j"."CreatedAt", "j"."LegType", "j"."LoadRound", "j"."MovementLegId", "j"."PlanMessageId", "j"."PlanRevision", "j"."PreDepartureSafetyCheckId", "j"."PreDepartureSafetyCheckMessageId", "j"."Role", "j"."RouteEvidenceId", "j"."State", "j"."StationId", "j"."StationRiotId", "j"."SublotWaitStartedAt", "j"."UpdatedAt", "j"."UpperId", "j"."VehicleBusinessMessageId", "j"."VehicleBusinessRevision", "j"."WorklistRevision"
FROM "JourneyStops" AS "j"
WHERE "j"."JourneyId" = @__runtime_JourneyId_0
[17:41:46 INF] Executed DbCommand (0ms) [Parameters=[@__runtime_JourneyId_0='?' (Size = 36)], CommandType='Text', CommandTimeout='30']
SELECT "j"."JourneyId", "j"."DemandId", "j"."ConsumedSublotMessageId", "j"."CreatedAt", "j"."ExpectedBasketCount", "j"."LoadCommandMessageId", "j"."LoadCommandedAt", "j"."LoadSlotOperationAttemptId", "j"."LoadedAt", "j"."State", "j"."StopSequence", "j"."TargetSlotsJson", "j"."UnloadCommandMessageId", "j"."UnloadCommandedAt", "j"."UnloadSlotOperationAttemptId"
FROM "JourneyDemands" AS "j"
WHERE "j"."JourneyId" = @__runtime_JourneyId_0
[17:41:46 INF] Executed DbCommand (0ms) [Parameters=[@__agvId_0='?' (Size = 10)], CommandType='Text', CommandTimeout='30']
SELECT "s"."AgvId", "s"."ActiveUnlockSlotsJson", "s"."CapabilityHash", "s"."CapabilityRevision", "s"."DepartureSafe", "s"."ForcedRecoveryGeneration", "s"."ManifestSha256", "s"."PendingAttemptIdsJson", "s"."PendingResultIdsJson", "s"."ProfileId", "s"."ProtocolCommit", "s"."ProtocolVersion", "s"."ProvenRecoveryCheckpoint", "s"."Readiness", "s"."ReasonCode", "s"."RecoveryReportId", "s"."ReportedForcedRecoveryGeneration", "s"."SafetyHash", "s"."SafetyReasonCodesJson", "s"."SafetyRevision", "s"."SafetyUnknownPresent", "s"."SessionGeneration", "s"."UnsettledSlotOperationAttemptId", "s"."UpdatedAt"
FROM "SessionRecoveries" AS "s"
WHERE "s"."AgvId" = @__agvId_0 AND "s"."Readiness" = 'Ready'
LIMIT 2
[17:41:46 INF] Start processing HTTP request GET http://127.0.0.1:58408/api/task/v1/task/getVehicleInfo/BROKERX-L2-0001
[17:41:46 INF] Sending HTTP request GET http://127.0.0.1:58408/api/task/v1/task/getVehicleInfo/BROKERX-L2-0001
[17:41:46 INF] Received HTTP response headers after 0.5149ms - 200
[17:41:46 INF] End processing HTTP request after 3.8649ms - 200
[17:41:46 INF] Start processing HTTP request GET http://127.0.0.1:58408/api/order/v1/orderRecord?pageNum=1&pageSize=100&filterByState=1&filterByState=3&filterByState=7&filterByState=9
[17:41:46 INF] Sending HTTP request GET http://127.0.0.1:58408/api/order/v1/orderRecord?pageNum=1&pageSize=100&filterByState=1&filterByState=3&filterByState=7&filterByState=9
[17:41:46 INF] Received HTTP response headers after 0.3939ms - 200
[17:41:46 INF] End processing HTTP request after 1.049ms - 200
[17:41:46 INF] HTTP GET /api/onboard/v1/vehicle-safety responded 200 in 6.1251 ms
[17:41:47 INF] Executed DbCommand (0ms) [Parameters=[@__messageId_0='?' (Size = 36)], CommandType='Text', CommandTimeout='30']
SELECT "p"."MessageId", "p"."ContentHash", "p"."FirstResponseJson", "p"."MessageType", "p"."ReceivedAt", "p"."RequestJson"
FROM "ProtocolInbox" AS "p"
WHERE "p"."MessageId" = @__messageId_0
LIMIT 2
[17:41:47 INF] Executed DbCommand (0ms) [Parameters=[@p0='?' (Size = 36), @p1='?' (Size = 64), @p2='?' (Size = 536), @p3='?' (Size = 9), @p4='?' (DbType = DateTimeOffset), @p5='?' (Size = 428)], CommandType='Text', CommandTimeout='30']
INSERT INTO "ProtocolInbox" ("MessageId", "ContentHash", "FirstResponseJson", "MessageType", "ReceivedAt", "RequestJson")
VALUES (@p0, @p1, @p2, @p3, @p4, @p5);
[17:41:47 INF] Start processing HTTP request GET http://127.0.0.1:58408/api/imap/v1/mapInfo/stations/25
[17:41:47 INF] Sending HTTP request GET http://127.0.0.1:58408/api/imap/v1/mapInfo/stations/25
[17:41:47 INF] Received HTTP response headers after 0.518ms - 200
[17:41:47 INF] End processing HTTP request after 3.889ms - 200
[17:41:47 INF] Executed DbCommand (0ms) [Parameters=[], CommandType='Text', CommandTimeout='30']
SELECT "a"."Id", "a"."ContentHash", "a"."DeploymentId", "a"."ImportedAt", "a"."Version"
FROM "AdmissionPolicyState" AS "a"
WHERE "a"."Id" = 1
LIMIT 2
[17:41:47 INF] Executed DbCommand (0ms) [Parameters=[], CommandType='Text', CommandTimeout='30']
SELECT "j"."JourneyId", "j"."AgvId", "j"."AgvLifecycleGeneration", "j"."BlockReasonCode", "j"."CreatedAt", "j"."CurrentStopSequence", "j"."DispatchGeneration", "j"."DispatchZone", "j"."GateStationId", "j"."GateStationRiotId", "j"."HoldingStartedAt", "j"."LoadingClosedReason", "j"."MapId", "j"."MapIdentity", "j"."NextStopSequence", "j"."OperationSessionId", "j"."PlanRevision", "j"."Stage", "j"."UpdatedAt", "j"."VehicleBusinessRevision", "j"."VehicleKey", "j"."WorklistRevision"
FROM "JourneyRuntimes" AS "j"
WHERE "j"."Stage" <> 'Completed'
[17:41:47 INF] Executed DbCommand (0ms) [Parameters=[@__runtime_JourneyId_0='?' (Size = 36)], CommandType='Text', CommandTimeout='30']
SELECT "j"."JourneyId", "j"."Sequence", "j"."ConsumedSafetyResultMessageId", "j"."CreatedAt", "j"."LegType", "j"."LoadRound", "j"."MovementLegId", "j"."PlanMessageId", "j"."PlanRevision", "j"."PreDepartureSafetyCheckId", "j"."PreDepartureSafetyCheckMessageId", "j"."Role", "j"."RouteEvidenceId", "j"."State", "j"."StationId", "j"."StationRiotId", "j"."SublotWaitStartedAt", "j"."UpdatedAt", "j"."UpperId", "j"."VehicleBusinessMessageId", "j"."VehicleBusinessRevision", "j"."WorklistRevision"
FROM "JourneyStops" AS "j"
WHERE "j"."JourneyId" = @__runtime_JourneyId_0
[17:41:47 INF] Executed DbCommand (0ms) [Parameters=[@__runtime_JourneyId_0='?' (Size = 36)], CommandType='Text', CommandTimeout='30']
SELECT "j"."JourneyId", "j"."DemandId", "j"."ConsumedSublotMessageId", "j"."CreatedAt", "j"."ExpectedBasketCount", "j"."LoadCommandMessageId", "j"."LoadCommandedAt", "j"."LoadSlotOperationAttemptId", "j"."LoadedAt", "j"."State", "j"."StopSequence", "j"."TargetSlotsJson", "j"."UnloadCommandMessageId", "j"."UnloadCommandedAt", "j"."UnloadSlotOperationAttemptId"
FROM "JourneyDemands" AS "j"
WHERE "j"."JourneyId" = @__runtime_JourneyId_0
[17:41:47 INF] Executed DbCommand (0ms) [Parameters=[@__agvId_0='?' (Size = 10)], CommandType='Text', CommandTimeout='30']
SELECT "s"."AgvId", "s"."ActiveUnlockSlotsJson", "s"."CapabilityHash", "s"."CapabilityRevision", "s"."DepartureSafe", "s"."ForcedRecoveryGeneration", "s"."ManifestSha256", "s"."PendingAttemptIdsJson", "s"."PendingResultIdsJson", "s"."ProfileId", "s"."ProtocolCommit", "s"."ProtocolVersion", "s"."ProvenRecoveryCheckpoint", "s"."Readiness", "s"."ReasonCode", "s"."RecoveryReportId", "s"."ReportedForcedRecoveryGeneration", "s"."SafetyHash", "s"."SafetyReasonCodesJson", "s"."SafetyRevision", "s"."SafetyUnknownPresent", "s"."SessionGeneration", "s"."UnsettledSlotOperationAttemptId", "s"."UpdatedAt"
FROM "SessionRecoveries" AS "s"
WHERE "s"."AgvId" = @__agvId_0 AND "s"."Readiness" = 'Ready'
LIMIT 2
[17:41:47 INF] Start processing HTTP request GET http://127.0.0.1:58408/api/task/v1/task/getVehicleInfo/BROKERX-L2-0001
[17:41:47 INF] Sending HTTP request GET http://127.0.0.1:58408/api/task/v1/task/getVehicleInfo/BROKERX-L2-0001
[17:41:47 INF] Received HTTP response headers after 0.5435ms - 200
[17:41:47 INF] End processing HTTP request after 1.9173ms - 200
[17:41:47 INF] Start processing HTTP request GET http://127.0.0.1:58408/api/order/v1/orderRecord?pageNum=1&pageSize=100&filterByState=1&filterByState=3&filterByState=7&filterByState=9
[17:41:47 INF] Sending HTTP request GET http://127.0.0.1:58408/api/order/v1/orderRecord?pageNum=1&pageSize=100&filterByState=1&filterByState=3&filterByState=7&filterByState=9
[17:41:47 INF] Received HTTP response headers after 0.4123ms - 200
[17:41:47 INF] End processing HTTP request after 1.3431ms - 200
[17:41:47 INF] HTTP GET /api/onboard/v1/vehicle-safety responded 200 in 4.3926 ms
[17:41:48 INF] Start processing HTTP request GET http://127.0.0.1:58408/api/imap/v1/mapInfo/stations/25
[17:41:48 INF] Sending HTTP request GET http://127.0.0.1:58408/api/imap/v1/mapInfo/stations/25
[17:41:48 INF] Received HTTP response headers after 0.4762ms - 200
[17:41:48 INF] End processing HTTP request after 1.3208ms - 200
[17:41:48 INF] Executed DbCommand (0ms) [Parameters=[], CommandType='Text', CommandTimeout='30']
SELECT "a"."Id", "a"."ContentHash", "a"."DeploymentId", "a"."ImportedAt", "a"."Version"
FROM "AdmissionPolicyState" AS "a"
WHERE "a"."Id" = 1
LIMIT 2
[17:41:48 INF] Executed DbCommand (0ms) [Parameters=[], CommandType='Text', CommandTimeout='30']
SELECT "j"."JourneyId", "j"."AgvId", "j"."AgvLifecycleGeneration", "j"."BlockReasonCode", "j"."CreatedAt", "j"."CurrentStopSequence", "j"."DispatchGeneration", "j"."DispatchZone", "j"."GateStationId", "j"."GateStationRiotId", "j"."HoldingStartedAt", "j"."LoadingClosedReason", "j"."MapId", "j"."MapIdentity", "j"."NextStopSequence", "j"."OperationSessionId", "j"."PlanRevision", "j"."Stage", "j"."UpdatedAt", "j"."VehicleBusinessRevision", "j"."VehicleKey", "j"."WorklistRevision"
FROM "JourneyRuntimes" AS "j"
WHERE "j"."Stage" <> 'Completed'
[17:41:48 INF] Executed DbCommand (0ms) [Parameters=[@__runtime_JourneyId_0='?' (Size = 36)], CommandType='Text', CommandTimeout='30']
SELECT "j"."JourneyId", "j"."Sequence", "j"."ConsumedSafetyResultMessageId", "j"."CreatedAt", "j"."LegType", "j"."LoadRound", "j"."MovementLegId", "j"."PlanMessageId", "j"."PlanRevision", "j"."PreDepartureSafetyCheckId", "j"."PreDepartureSafetyCheckMessageId", "j"."Role", "j"."RouteEvidenceId", "j"."State", "j"."StationId", "j"."StationRiotId", "j"."SublotWaitStartedAt", "j"."UpdatedAt", "j"."UpperId", "j"."VehicleBusinessMessageId", "j"."VehicleBusinessRevision", "j"."WorklistRevision"
FROM "JourneyStops" AS "j"
WHERE "j"."JourneyId" = @__runtime_JourneyId_0
[17:41:48 INF] Executed DbCommand (0ms) [Parameters=[@__runtime_JourneyId_0='?' (Size = 36)], CommandType='Text', CommandTimeout='30']
SELECT "j"."JourneyId", "j"."DemandId", "j"."ConsumedSublotMessageId", "j"."CreatedAt", "j"."ExpectedBasketCount", "j"."LoadCommandMessageId", "j"."LoadCommandedAt", "j"."LoadSlotOperationAttemptId", "j"."LoadedAt", "j"."State", "j"."StopSequence", "j"."TargetSlotsJson", "j"."UnloadCommandMessageId", "j"."UnloadCommandedAt", "j"."UnloadSlotOperationAttemptId"
FROM "JourneyDemands" AS "j"
WHERE "j"."JourneyId" = @__runtime_JourneyId_0
[17:41:48 INF] Executed DbCommand (0ms) [Parameters=[@__agvId_0='?' (Size = 10)], CommandType='Text', CommandTimeout='30']
SELECT "s"."AgvId", "s"."ActiveUnlockSlotsJson", "s"."CapabilityHash", "s"."CapabilityRevision", "s"."DepartureSafe", "s"."ForcedRecoveryGeneration", "s"."ManifestSha256", "s"."PendingAttemptIdsJson", "s"."PendingResultIdsJson", "s"."ProfileId", "s"."ProtocolCommit", "s"."ProtocolVersion", "s"."ProvenRecoveryCheckpoint", "s"."Readiness", "s"."ReasonCode", "s"."RecoveryReportId", "s"."ReportedForcedRecoveryGeneration", "s"."SafetyHash", "s"."SafetyReasonCodesJson", "s"."SafetyRevision", "s"."SafetyUnknownPresent", "s"."SessionGeneration", "s"."UnsettledSlotOperationAttemptId", "s"."UpdatedAt"
FROM "SessionRecoveries" AS "s"
WHERE "s"."AgvId" = @__agvId_0 AND "s"."Readiness" = 'Ready'
LIMIT 2
[17:41:48 INF] Start processing HTTP request GET http://127.0.0.1:58408/api/task/v1/task/getVehicleInfo/BROKERX-L2-0001
[17:41:48 INF] Sending HTTP request GET http://127.0.0.1:58408/api/task/v1/task/getVehicleInfo/BROKERX-L2-0001
[17:41:48 INF] Received HTTP response headers after 0.4991ms - 200
[17:41:48 INF] End processing HTTP request after 3.7444ms - 200
[17:41:48 INF] Start processing HTTP request GET http://127.0.0.1:58408/api/order/v1/orderRecord?pageNum=1&pageSize=100&filterByState=1&filterByState=3&filterByState=7&filterByState=9
[17:41:48 INF] Sending HTTP request GET http://127.0.0.1:58408/api/order/v1/orderRecord?pageNum=1&pageSize=100&filterByState=1&filterByState=3&filterByState=7&filterByState=9
[17:41:48 INF] Received HTTP response headers after 0.4841ms - 200
[17:41:48 INF] End processing HTTP request after 1.3428ms - 200
[17:41:48 INF] HTTP GET /api/onboard/v1/vehicle-safety responded 200 in 6.1712 ms
[17:41:49 INF] Start processing HTTP request GET http://127.0.0.1:58408/api/imap/v1/mapInfo/stations/25
[17:41:49 INF] Sending HTTP request GET http://127.0.0.1:58408/api/imap/v1/mapInfo/stations/25
[17:41:49 INF] Received HTTP response headers after 0.5028ms - 200
[17:41:49 INF] End processing HTTP request after 3.7329ms - 200
[17:41:49 INF] Executed DbCommand (0ms) [Parameters=[], CommandType='Text', CommandTimeout='30']
SELECT "a"."Id", "a"."ContentHash", "a"."DeploymentId", "a"."ImportedAt", "a"."Version"
FROM "AdmissionPolicyState" AS "a"
WHERE "a"."Id" = 1
LIMIT 2
[17:41:49 INF] Executed DbCommand (0ms) [Parameters=[], CommandType='Text', CommandTimeout='30']
SELECT "j"."JourneyId", "j"."AgvId", "j"."AgvLifecycleGeneration", "j"."BlockReasonCode", "j"."CreatedAt", "j"."CurrentStopSequence", "j"."DispatchGeneration", "j"."DispatchZone", "j"."GateStationId", "j"."GateStationRiotId", "j"."HoldingStartedAt", "j"."LoadingClosedReason", "j"."MapId", "j"."MapIdentity", "j"."NextStopSequence", "j"."OperationSessionId", "j"."PlanRevision", "j"."Stage", "j"."UpdatedAt", "j"."VehicleBusinessRevision", "j"."VehicleKey", "j"."WorklistRevision"
FROM "JourneyRuntimes" AS "j"
WHERE "j"."Stage" <> 'Completed'
[17:41:49 INF] Executed DbCommand (0ms) [Parameters=[@__runtime_JourneyId_0='?' (Size = 36)], CommandType='Text', CommandTimeout='30']
SELECT "j"."JourneyId", "j"."Sequence", "j"."ConsumedSafetyResultMessageId", "j"."CreatedAt", "j"."LegType", "j"."LoadRound", "j"."MovementLegId", "j"."PlanMessageId", "j"."PlanRevision", "j"."PreDepartureSafetyCheckId", "j"."PreDepartureSafetyCheckMessageId", "j"."Role", "j"."RouteEvidenceId", "j"."State", "j"."StationId", "j"."StationRiotId", "j"."SublotWaitStartedAt", "j"."UpdatedAt", "j"."UpperId", "j"."VehicleBusinessMessageId", "j"."VehicleBusinessRevision", "j"."WorklistRevision"
FROM "JourneyStops" AS "j"
WHERE "j"."JourneyId" = @__runtime_JourneyId_0
[17:41:49 INF] Executed DbCommand (0ms) [Parameters=[@__runtime_JourneyId_0='?' (Size = 36)], CommandType='Text', CommandTimeout='30']
SELECT "j"."JourneyId", "j"."DemandId", "j"."ConsumedSublotMessageId", "j"."CreatedAt", "j"."ExpectedBasketCount", "j"."LoadCommandMessageId", "j"."LoadCommandedAt", "j"."LoadSlotOperationAttemptId", "j"."LoadedAt", "j"."State", "j"."StopSequence", "j"."TargetSlotsJson", "j"."UnloadCommandMessageId", "j"."UnloadCommandedAt", "j"."UnloadSlotOperationAttemptId"
FROM "JourneyDemands" AS "j"
WHERE "j"."JourneyId" = @__runtime_JourneyId_0
[17:41:49 INF] Executed DbCommand (0ms) [Parameters=[@__agvId_0='?' (Size = 10)], CommandType='Text', CommandTimeout='30']
SELECT "s"."AgvId", "s"."ActiveUnlockSlotsJson", "s"."CapabilityHash", "s"."CapabilityRevision", "s"."DepartureSafe", "s"."ForcedRecoveryGeneration", "s"."ManifestSha256", "s"."PendingAttemptIdsJson", "s"."PendingResultIdsJson", "s"."ProfileId", "s"."ProtocolCommit", "s"."ProtocolVersion", "s"."ProvenRecoveryCheckpoint", "s"."Readiness", "s"."ReasonCode", "s"."RecoveryReportId", "s"."ReportedForcedRecoveryGeneration", "s"."SafetyHash", "s"."SafetyReasonCodesJson", "s"."SafetyRevision", "s"."SafetyUnknownPresent", "s"."SessionGeneration", "s"."UnsettledSlotOperationAttemptId", "s"."UpdatedAt"
FROM "SessionRecoveries" AS "s"
WHERE "s"."AgvId" = @__agvId_0 AND "s"."Readiness" = 'Ready'
LIMIT 2
[17:41:49 INF] Start processing HTTP request GET http://127.0.0.1:58408/api/task/v1/task/getVehicleInfo/BROKERX-L2-0001
[17:41:49 INF] Sending HTTP request GET http://127.0.0.1:58408/api/task/v1/task/getVehicleInfo/BROKERX-L2-0001
[17:41:49 INF] Received HTTP response headers after 0.4969ms - 200
[17:41:49 INF] End processing HTTP request after 1.6613ms - 200
[17:41:49 INF] Start processing HTTP request GET http://127.0.0.1:58408/api/order/v1/orderRecord?pageNum=1&pageSize=100&filterByState=1&filterByState=3&filterByState=7&filterByState=9
[17:41:49 INF] Sending HTTP request GET http://127.0.0.1:58408/api/order/v1/orderRecord?pageNum=1&pageSize=100&filterByState=1&filterByState=3&filterByState=7&filterByState=9
[17:41:49 INF] Received HTTP response headers after 0.3926ms - 200
[17:41:49 INF] End processing HTTP request after 1.1163ms - 200
[17:41:49 INF] HTTP GET /api/onboard/v1/vehicle-safety responded 200 in 3.8772 ms
[17:41:50 INF] Start processing HTTP request GET http://127.0.0.1:58408/api/imap/v1/mapInfo/stations/25
[17:41:50 INF] Sending HTTP request GET http://127.0.0.1:58408/api/imap/v1/mapInfo/stations/25
[17:41:50 INF] Received HTTP response headers after 0.5219ms - 200
[17:41:50 INF] End processing HTTP request after 1.7925ms - 200
[17:41:50 INF] Executed DbCommand (0ms) [Parameters=[], CommandType='Text', CommandTimeout='30']
SELECT "a"."Id", "a"."ContentHash", "a"."DeploymentId", "a"."ImportedAt", "a"."Version"
FROM "AdmissionPolicyState" AS "a"
WHERE "a"."Id" = 1
LIMIT 2
[17:41:50 INF] Executed DbCommand (0ms) [Parameters=[], CommandType='Text', CommandTimeout='30']
SELECT "j"."JourneyId", "j"."AgvId", "j"."AgvLifecycleGeneration", "j"."BlockReasonCode", "j"."CreatedAt", "j"."CurrentStopSequence", "j"."DispatchGeneration", "j"."DispatchZone", "j"."GateStationId", "j"."GateStationRiotId", "j"."HoldingStartedAt", "j"."LoadingClosedReason", "j"."MapId", "j"."MapIdentity", "j"."NextStopSequence", "j"."OperationSessionId", "j"."PlanRevision", "j"."Stage", "j"."UpdatedAt", "j"."VehicleBusinessRevision", "j"."VehicleKey", "j"."WorklistRevision"
FROM "JourneyRuntimes" AS "j"
WHERE "j"."Stage" <> 'Completed'
[17:41:50 INF] Executed DbCommand (0ms) [Parameters=[@__runtime_JourneyId_0='?' (Size = 36)], CommandType='Text', CommandTimeout='30']
SELECT "j"."JourneyId", "j"."Sequence", "j"."ConsumedSafetyResultMessageId", "j"."CreatedAt", "j"."LegType", "j"."LoadRound", "j"."MovementLegId", "j"."PlanMessageId", "j"."PlanRevision", "j"."PreDepartureSafetyCheckId", "j"."PreDepartureSafetyCheckMessageId", "j"."Role", "j"."RouteEvidenceId", "j"."State", "j"."StationId", "j"."StationRiotId", "j"."SublotWaitStartedAt", "j"."UpdatedAt", "j"."UpperId", "j"."VehicleBusinessMessageId", "j"."VehicleBusinessRevision", "j"."WorklistRevision"
FROM "JourneyStops" AS "j"
WHERE "j"."JourneyId" = @__runtime_JourneyId_0
[17:41:50 INF] Executed DbCommand (0ms) [Parameters=[@__runtime_JourneyId_0='?' (Size = 36)], CommandType='Text', CommandTimeout='30']
SELECT "j"."JourneyId", "j"."DemandId", "j"."ConsumedSublotMessageId", "j"."CreatedAt", "j"."ExpectedBasketCount", "j"."LoadCommandMessageId", "j"."LoadCommandedAt", "j"."LoadSlotOperationAttemptId", "j"."LoadedAt", "j"."State", "j"."StopSequence", "j"."TargetSlotsJson", "j"."UnloadCommandMessageId", "j"."UnloadCommandedAt", "j"."UnloadSlotOperationAttemptId"
FROM "JourneyDemands" AS "j"
WHERE "j"."JourneyId" = @__runtime_JourneyId_0
[17:41:50 INF] Executed DbCommand (0ms) [Parameters=[@__agvId_0='?' (Size = 10)], CommandType='Text', CommandTimeout='30']
SELECT "s"."AgvId", "s"."ActiveUnlockSlotsJson", "s"."CapabilityHash", "s"."CapabilityRevision", "s"."DepartureSafe", "s"."ForcedRecoveryGeneration", "s"."ManifestSha256", "s"."PendingAttemptIdsJson", "s"."PendingResultIdsJson", "s"."ProfileId", "s"."ProtocolCommit", "s"."ProtocolVersion", "s"."ProvenRecoveryCheckpoint", "s"."Readiness", "s"."ReasonCode", "s"."RecoveryReportId", "s"."ReportedForcedRecoveryGeneration", "s"."SafetyHash", "s"."SafetyReasonCodesJson", "s"."SafetyRevision", "s"."SafetyUnknownPresent", "s"."SessionGeneration", "s"."UnsettledSlotOperationAttemptId", "s"."UpdatedAt"
FROM "SessionRecoveries" AS "s"
WHERE "s"."AgvId" = @__agvId_0 AND "s"."Readiness" = 'Ready'
LIMIT 2
[17:41:50 INF] Start processing HTTP request GET http://127.0.0.1:58408/api/task/v1/task/getVehicleInfo/BROKERX-L2-0001
[17:41:50 INF] Sending HTTP request GET http://127.0.0.1:58408/api/task/v1/task/getVehicleInfo/BROKERX-L2-0001
[17:41:50 INF] Received HTTP response headers after 0.493ms - 200
[17:41:50 INF] End processing HTTP request after 3.7054ms - 200
[17:41:50 INF] Start processing HTTP request GET http://127.0.0.1:58408/api/order/v1/orderRecord?pageNum=1&pageSize=100&filterByState=1&filterByState=3&filterByState=7&filterByState=9
[17:41:50 INF] Sending HTTP request GET http://127.0.0.1:58408/api/order/v1/orderRecord?pageNum=1&pageSize=100&filterByState=1&filterByState=3&filterByState=7&filterByState=9
[17:41:50 INF] Received HTTP response headers after 0.5811ms - 200
[17:41:50 INF] End processing HTTP request after 1.3624ms - 200
[17:41:50 INF] HTTP GET /api/onboard/v1/vehicle-safety responded 200 in 6.2185 ms
[17:41:51 INF] Start processing HTTP request GET http://127.0.0.1:58408/api/imap/v1/mapInfo/stations/25
[17:41:51 INF] Sending HTTP request GET http://127.0.0.1:58408/api/imap/v1/mapInfo/stations/25
[17:41:51 INF] Received HTTP response headers after 0.4912ms - 200
[17:41:51 INF] End processing HTTP request after 3.6103ms - 200
[17:41:51 INF] Executed DbCommand (0ms) [Parameters=[], CommandType='Text', CommandTimeout='30']
SELECT "a"."Id", "a"."ContentHash", "a"."DeploymentId", "a"."ImportedAt", "a"."Version"
FROM "AdmissionPolicyState" AS "a"
WHERE "a"."Id" = 1
LIMIT 2
[17:41:51 INF] Executed DbCommand (0ms) [Parameters=[], CommandType='Text', CommandTimeout='30']
SELECT "j"."JourneyId", "j"."AgvId", "j"."AgvLifecycleGeneration", "j"."BlockReasonCode", "j"."CreatedAt", "j"."CurrentStopSequence", "j"."DispatchGeneration", "j"."DispatchZone", "j"."GateStationId", "j"."GateStationRiotId", "j"."HoldingStartedAt", "j"."LoadingClosedReason", "j"."MapId", "j"."MapIdentity", "j"."NextStopSequence", "j"."OperationSessionId", "j"."PlanRevision", "j"."Stage", "j"."UpdatedAt", "j"."VehicleBusinessRevision", "j"."VehicleKey", "j"."WorklistRevision"
FROM "JourneyRuntimes" AS "j"
WHERE "j"."Stage" <> 'Completed'
[17:41:51 INF] Executed DbCommand (0ms) [Parameters=[@__runtime_JourneyId_0='?' (Size = 36)], CommandType='Text', CommandTimeout='30']
SELECT "j"."JourneyId", "j"."Sequence", "j"."ConsumedSafetyResultMessageId", "j"."CreatedAt", "j"."LegType", "j"."LoadRound", "j"."MovementLegId", "j"."PlanMessageId", "j"."PlanRevision", "j"."PreDepartureSafetyCheckId", "j"."PreDepartureSafetyCheckMessageId", "j"."Role", "j"."RouteEvidenceId", "j"."State", "j"."StationId", "j"."StationRiotId", "j"."SublotWaitStartedAt", "j"."UpdatedAt", "j"."UpperId", "j"."VehicleBusinessMessageId", "j"."VehicleBusinessRevision", "j"."WorklistRevision"
FROM "JourneyStops" AS "j"
WHERE "j"."JourneyId" = @__runtime_JourneyId_0
[17:41:51 INF] Executed DbCommand (0ms) [Parameters=[@__runtime_JourneyId_0='?' (Size = 36)], CommandType='Text', CommandTimeout='30']
SELECT "j"."JourneyId", "j"."DemandId", "j"."ConsumedSublotMessageId", "j"."CreatedAt", "j"."ExpectedBasketCount", "j"."LoadCommandMessageId", "j"."LoadCommandedAt", "j"."LoadSlotOperationAttemptId", "j"."LoadedAt", "j"."State", "j"."StopSequence", "j"."TargetSlotsJson", "j"."UnloadCommandMessageId", "j"."UnloadCommandedAt", "j"."UnloadSlotOperationAttemptId"
FROM "JourneyDemands" AS "j"
WHERE "j"."JourneyId" = @__runtime_JourneyId_0
[17:41:51 INF] Executed DbCommand (0ms) [Parameters=[@__agvId_0='?' (Size = 10)], CommandType='Text', CommandTimeout='30']
SELECT "s"."AgvId", "s"."ActiveUnlockSlotsJson", "s"."CapabilityHash", "s"."CapabilityRevision", "s"."DepartureSafe", "s"."ForcedRecoveryGeneration", "s"."ManifestSha256", "s"."PendingAttemptIdsJson", "s"."PendingResultIdsJson", "s"."ProfileId", "s"."ProtocolCommit", "s"."ProtocolVersion", "s"."ProvenRecoveryCheckpoint", "s"."Readiness", "s"."ReasonCode", "s"."RecoveryReportId", "s"."ReportedForcedRecoveryGeneration", "s"."SafetyHash", "s"."SafetyReasonCodesJson", "s"."SafetyRevision", "s"."SafetyUnknownPresent", "s"."SessionGeneration", "s"."UnsettledSlotOperationAttemptId", "s"."UpdatedAt"
FROM "SessionRecoveries" AS "s"
WHERE "s"."AgvId" = @__agvId_0 AND "s"."Readiness" = 'Ready'
LIMIT 2
[17:41:51 INF] Start processing HTTP request GET http://127.0.0.1:58408/api/task/v1/task/getVehicleInfo/BROKERX-L2-0001
[17:41:51 INF] Sending HTTP request GET http://127.0.0.1:58408/api/task/v1/task/getVehicleInfo/BROKERX-L2-0001
[17:41:51 INF] Received HTTP response headers after 0.5419ms - 200
[17:41:51 INF] End processing HTTP request after 3.6574ms - 200
[17:41:51 INF] Start processing HTTP request GET http://127.0.0.1:58408/api/order/v1/orderRecord?pageNum=1&pageSize=100&filterByState=1&filterByState=3&filterByState=7&filterByState=9
[17:41:51 INF] Sending HTTP request GET http://127.0.0.1:58408/api/order/v1/orderRecord?pageNum=1&pageSize=100&filterByState=1&filterByState=3&filterByState=7&filterByState=9
[17:41:51 INF] Received HTTP response headers after 0.359ms - 200
[17:41:51 INF] End processing HTTP request after 1.1382ms - 200
[17:41:51 INF] HTTP GET /api/onboard/v1/vehicle-safety responded 200 in 5.7788 ms
[17:41:52 INF] Executed DbCommand (0ms) [Parameters=[@__messageId_0='?' (Size = 36)], CommandType='Text', CommandTimeout='30']
SELECT "p"."MessageId", "p"."ContentHash", "p"."FirstResponseJson", "p"."MessageType", "p"."ReceivedAt", "p"."RequestJson"
FROM "ProtocolInbox" AS "p"
WHERE "p"."MessageId" = @__messageId_0
LIMIT 2
[17:41:52 INF] Executed DbCommand (0ms) [Parameters=[@p0='?' (Size = 36), @p1='?' (Size = 64), @p2='?' (Size = 536), @p3='?' (Size = 9), @p4='?' (DbType = DateTimeOffset), @p5='?' (Size = 428)], CommandType='Text', CommandTimeout='30']
INSERT INTO "ProtocolInbox" ("MessageId", "ContentHash", "FirstResponseJson", "MessageType", "ReceivedAt", "RequestJson")
VALUES (@p0, @p1, @p2, @p3, @p4, @p5);
[17:41:52 INF] Start processing HTTP request GET http://127.0.0.1:58408/api/imap/v1/mapInfo/stations/25
[17:41:52 INF] Sending HTTP request GET http://127.0.0.1:58408/api/imap/v1/mapInfo/stations/25
[17:41:52 INF] Received HTTP response headers after 0.3513ms - 200
[17:41:52 INF] End processing HTTP request after 1.3318ms - 200
[17:41:52 INF] Executed DbCommand (0ms) [Parameters=[], CommandType='Text', CommandTimeout='30']
SELECT "a"."Id", "a"."ContentHash", "a"."DeploymentId", "a"."ImportedAt", "a"."Version"
FROM "AdmissionPolicyState" AS "a"
WHERE "a"."Id" = 1
LIMIT 2
[17:41:52 INF] Executed DbCommand (0ms) [Parameters=[], CommandType='Text', CommandTimeout='30']
SELECT "j"."JourneyId", "j"."AgvId", "j"."AgvLifecycleGeneration", "j"."BlockReasonCode", "j"."CreatedAt", "j"."CurrentStopSequence", "j"."DispatchGeneration", "j"."DispatchZone", "j"."GateStationId", "j"."GateStationRiotId", "j"."HoldingStartedAt", "j"."LoadingClosedReason", "j"."MapId", "j"."MapIdentity", "j"."NextStopSequence", "j"."OperationSessionId", "j"."PlanRevision", "j"."Stage", "j"."UpdatedAt", "j"."VehicleBusinessRevision", "j"."VehicleKey", "j"."WorklistRevision"
FROM "JourneyRuntimes" AS "j"
WHERE "j"."Stage" <> 'Completed'
[17:41:52 INF] Executed DbCommand (0ms) [Parameters=[@__runtime_JourneyId_0='?' (Size = 36)], CommandType='Text', CommandTimeout='30']
SELECT "j"."JourneyId", "j"."Sequence", "j"."ConsumedSafetyResultMessageId", "j"."CreatedAt", "j"."LegType", "j"."LoadRound", "j"."MovementLegId", "j"."PlanMessageId", "j"."PlanRevision", "j"."PreDepartureSafetyCheckId", "j"."PreDepartureSafetyCheckMessageId", "j"."Role", "j"."RouteEvidenceId", "j"."State", "j"."StationId", "j"."StationRiotId", "j"."SublotWaitStartedAt", "j"."UpdatedAt", "j"."UpperId", "j"."VehicleBusinessMessageId", "j"."VehicleBusinessRevision", "j"."WorklistRevision"
FROM "JourneyStops" AS "j"
WHERE "j"."JourneyId" = @__runtime_JourneyId_0
[17:41:52 INF] Executed DbCommand (0ms) [Parameters=[@__runtime_JourneyId_0='?' (Size = 36)], CommandType='Text', CommandTimeout='30']
SELECT "j"."JourneyId", "j"."DemandId", "j"."ConsumedSublotMessageId", "j"."CreatedAt", "j"."ExpectedBasketCount", "j"."LoadCommandMessageId", "j"."LoadCommandedAt", "j"."LoadSlotOperationAttemptId", "j"."LoadedAt", "j"."State", "j"."StopSequence", "j"."TargetSlotsJson", "j"."UnloadCommandMessageId", "j"."UnloadCommandedAt", "j"."UnloadSlotOperationAttemptId"
FROM "JourneyDemands" AS "j"
WHERE "j"."JourneyId" = @__runtime_JourneyId_0
[17:41:52 INF] Executed DbCommand (0ms) [Parameters=[@__agvId_0='?' (Size = 10)], CommandType='Text', CommandTimeout='30']
SELECT "s"."AgvId", "s"."ActiveUnlockSlotsJson", "s"."CapabilityHash", "s"."CapabilityRevision", "s"."DepartureSafe", "s"."ForcedRecoveryGeneration", "s"."ManifestSha256", "s"."PendingAttemptIdsJson", "s"."PendingResultIdsJson", "s"."ProfileId", "s"."ProtocolCommit", "s"."ProtocolVersion", "s"."ProvenRecoveryCheckpoint", "s"."Readiness", "s"."ReasonCode", "s"."RecoveryReportId", "s"."ReportedForcedRecoveryGeneration", "s"."SafetyHash", "s"."SafetyReasonCodesJson", "s"."SafetyRevision", "s"."SafetyUnknownPresent", "s"."SessionGeneration", "s"."UnsettledSlotOperationAttemptId", "s"."UpdatedAt"
FROM "SessionRecoveries" AS "s"
WHERE "s"."AgvId" = @__agvId_0 AND "s"."Readiness" = 'Ready'
LIMIT 2
[17:41:52 INF] Start processing HTTP request GET http://127.0.0.1:58408/api/task/v1/task/getVehicleInfo/BROKERX-L2-0001
[17:41:52 INF] Sending HTTP request GET http://127.0.0.1:58408/api/task/v1/task/getVehicleInfo/BROKERX-L2-0001
[17:41:52 INF] Received HTTP response headers after 0.5626ms - 200
[17:41:52 INF] End processing HTTP request after 3.9087ms - 200
[17:41:52 INF] Start processing HTTP request GET http://127.0.0.1:58408/api/order/v1/orderRecord?pageNum=1&pageSize=100&filterByState=1&filterByState=3&filterByState=7&filterByState=9
[17:41:52 INF] Sending HTTP request GET http://127.0.0.1:58408/api/order/v1/orderRecord?pageNum=1&pageSize=100&filterByState=1&filterByState=3&filterByState=7&filterByState=9
[17:41:52 INF] Received HTTP response headers after 0.3732ms - 200
[17:41:52 INF] End processing HTTP request after 1.1897ms - 200
[17:41:52 INF] HTTP GET /api/onboard/v1/vehicle-safety responded 200 in 6.2054 ms
[17:41:53 INF] Start processing HTTP request GET http://127.0.0.1:58408/api/imap/v1/mapInfo/stations/25
[17:41:53 INF] Sending HTTP request GET http://127.0.0.1:58408/api/imap/v1/mapInfo/stations/25
[17:41:53 INF] Received HTTP response headers after 0.5203ms - 200
[17:41:53 INF] End processing HTTP request after 3.8229ms - 200
[17:41:53 INF] Executed DbCommand (0ms) [Parameters=[], CommandType='Text', CommandTimeout='30']
SELECT "a"."Id", "a"."ContentHash", "a"."DeploymentId", "a"."ImportedAt", "a"."Version"
FROM "AdmissionPolicyState" AS "a"
WHERE "a"."Id" = 1
LIMIT 2
[17:41:53 INF] Executed DbCommand (0ms) [Parameters=[], CommandType='Text', CommandTimeout='30']
SELECT "j"."JourneyId", "j"."AgvId", "j"."AgvLifecycleGeneration", "j"."BlockReasonCode", "j"."CreatedAt", "j"."CurrentStopSequence", "j"."DispatchGeneration", "j"."DispatchZone", "j"."GateStationId", "j"."GateStationRiotId", "j"."HoldingStartedAt", "j"."LoadingClosedReason", "j"."MapId", "j"."MapIdentity", "j"."NextStopSequence", "j"."OperationSessionId", "j"."PlanRevision", "j"."Stage", "j"."UpdatedAt", "j"."VehicleBusinessRevision", "j"."VehicleKey", "j"."WorklistRevision"
FROM "JourneyRuntimes" AS "j"
WHERE "j"."Stage" <> 'Completed'
[17:41:53 INF] Executed DbCommand (0ms) [Parameters=[@__runtime_JourneyId_0='?' (Size = 36)], CommandType='Text', CommandTimeout='30']
SELECT "j"."JourneyId", "j"."Sequence", "j"."ConsumedSafetyResultMessageId", "j"."CreatedAt", "j"."LegType", "j"."LoadRound", "j"."MovementLegId", "j"."PlanMessageId", "j"."PlanRevision", "j"."PreDepartureSafetyCheckId", "j"."PreDepartureSafetyCheckMessageId", "j"."Role", "j"."RouteEvidenceId", "j"."State", "j"."StationId", "j"."StationRiotId", "j"."SublotWaitStartedAt", "j"."UpdatedAt", "j"."UpperId", "j"."VehicleBusinessMessageId", "j"."VehicleBusinessRevision", "j"."WorklistRevision"
FROM "JourneyStops" AS "j"
WHERE "j"."JourneyId" = @__runtime_JourneyId_0
[17:41:53 INF] Executed DbCommand (0ms) [Parameters=[@__runtime_JourneyId_0='?' (Size = 36)], CommandType='Text', CommandTimeout='30']
SELECT "j"."JourneyId", "j"."DemandId", "j"."ConsumedSublotMessageId", "j"."CreatedAt", "j"."ExpectedBasketCount", "j"."LoadCommandMessageId", "j"."LoadCommandedAt", "j"."LoadSlotOperationAttemptId", "j"."LoadedAt", "j"."State", "j"."StopSequence", "j"."TargetSlotsJson", "j"."UnloadCommandMessageId", "j"."UnloadCommandedAt", "j"."UnloadSlotOperationAttemptId"
FROM "JourneyDemands" AS "j"
WHERE "j"."JourneyId" = @__runtime_JourneyId_0
[17:41:53 INF] Executed DbCommand (0ms) [Parameters=[@__agvId_0='?' (Size = 10)], CommandType='Text', CommandTimeout='30']
SELECT "s"."AgvId", "s"."ActiveUnlockSlotsJson", "s"."CapabilityHash", "s"."CapabilityRevision", "s"."DepartureSafe", "s"."ForcedRecoveryGeneration", "s"."ManifestSha256", "s"."PendingAttemptIdsJson", "s"."PendingResultIdsJson", "s"."ProfileId", "s"."ProtocolCommit", "s"."ProtocolVersion", "s"."ProvenRecoveryCheckpoint", "s"."Readiness", "s"."ReasonCode", "s"."RecoveryReportId", "s"."ReportedForcedRecoveryGeneration", "s"."SafetyHash", "s"."SafetyReasonCodesJson", "s"."SafetyRevision", "s"."SafetyUnknownPresent", "s"."SessionGeneration", "s"."UnsettledSlotOperationAttemptId", "s"."UpdatedAt"
FROM "SessionRecoveries" AS "s"
WHERE "s"."AgvId" = @__agvId_0 AND "s"."Readiness" = 'Ready'
LIMIT 2
[17:41:53 INF] Start processing HTTP request GET http://127.0.0.1:58408/api/task/v1/task/getVehicleInfo/BROKERX-L2-0001
[17:41:53 INF] Sending HTTP request GET http://127.0.0.1:58408/api/task/v1/task/getVehicleInfo/BROKERX-L2-0001
[17:41:53 INF] Received HTTP response headers after 0.5807ms - 200
[17:41:53 INF] End processing HTTP request after 3.2449ms - 200
[17:41:53 INF] Start processing HTTP request GET http://127.0.0.1:58408/api/order/v1/orderRecord?pageNum=1&pageSize=100&filterByState=1&filterByState=3&filterByState=7&filterByState=9
[17:41:53 INF] Sending HTTP request GET http://127.0.0.1:58408/api/order/v1/orderRecord?pageNum=1&pageSize=100&filterByState=1&filterByState=3&filterByState=7&filterByState=9
[17:41:53 INF] Received HTTP response headers after 0.5346ms - 200
[17:41:53 INF] End processing HTTP request after 1.286ms - 200
[17:41:53 INF] HTTP GET /api/onboard/v1/vehicle-safety responded 200 in 5.7122 ms
[17:41:54 INF] Start processing HTTP request GET http://127.0.0.1:58408/api/imap/v1/mapInfo/stations/25
[17:41:54 INF] Sending HTTP request GET http://127.0.0.1:58408/api/imap/v1/mapInfo/stations/25
[17:41:54 INF] Received HTTP response headers after 0.4906ms - 200
[17:41:54 INF] End processing HTTP request after 1.8685ms - 200
[17:41:54 INF] Executed DbCommand (0ms) [Parameters=[], CommandType='Text', CommandTimeout='30']
SELECT "a"."Id", "a"."ContentHash", "a"."DeploymentId", "a"."ImportedAt", "a"."Version"
FROM "AdmissionPolicyState" AS "a"
WHERE "a"."Id" = 1
LIMIT 2
[17:41:54 INF] Executed DbCommand (0ms) [Parameters=[], CommandType='Text', CommandTimeout='30']
SELECT "j"."JourneyId", "j"."AgvId", "j"."AgvLifecycleGeneration", "j"."BlockReasonCode", "j"."CreatedAt", "j"."CurrentStopSequence", "j"."DispatchGeneration", "j"."DispatchZone", "j"."GateStationId", "j"."GateStationRiotId", "j"."HoldingStartedAt", "j"."LoadingClosedReason", "j"."MapId", "j"."MapIdentity", "j"."NextStopSequence", "j"."OperationSessionId", "j"."PlanRevision", "j"."Stage", "j"."UpdatedAt", "j"."VehicleBusinessRevision", "j"."VehicleKey", "j"."WorklistRevision"
FROM "JourneyRuntimes" AS "j"
WHERE "j"."Stage" <> 'Completed'
[17:41:54 INF] Executed DbCommand (0ms) [Parameters=[@__runtime_JourneyId_0='?' (Size = 36)], CommandType='Text', CommandTimeout='30']
SELECT "j"."JourneyId", "j"."Sequence", "j"."ConsumedSafetyResultMessageId", "j"."CreatedAt", "j"."LegType", "j"."LoadRound", "j"."MovementLegId", "j"."PlanMessageId", "j"."PlanRevision", "j"."PreDepartureSafetyCheckId", "j"."PreDepartureSafetyCheckMessageId", "j"."Role", "j"."RouteEvidenceId", "j"."State", "j"."StationId", "j"."StationRiotId", "j"."SublotWaitStartedAt", "j"."UpdatedAt", "j"."UpperId", "j"."VehicleBusinessMessageId", "j"."VehicleBusinessRevision", "j"."WorklistRevision"
FROM "JourneyStops" AS "j"
WHERE "j"."JourneyId" = @__runtime_JourneyId_0
[17:41:54 INF] Executed DbCommand (0ms) [Parameters=[@__runtime_JourneyId_0='?' (Size = 36)], CommandType='Text', CommandTimeout='30']
SELECT "j"."JourneyId", "j"."DemandId", "j"."ConsumedSublotMessageId", "j"."CreatedAt", "j"."ExpectedBasketCount", "j"."LoadCommandMessageId", "j"."LoadCommandedAt", "j"."LoadSlotOperationAttemptId", "j"."LoadedAt", "j"."State", "j"."StopSequence", "j"."TargetSlotsJson", "j"."UnloadCommandMessageId", "j"."UnloadCommandedAt", "j"."UnloadSlotOperationAttemptId"
FROM "JourneyDemands" AS "j"
WHERE "j"."JourneyId" = @__runtime_JourneyId_0
[17:41:54 INF] Executed DbCommand (0ms) [Parameters=[@__agvId_0='?' (Size = 10)], CommandType='Text', CommandTimeout='30']
SELECT "s"."AgvId", "s"."ActiveUnlockSlotsJson", "s"."CapabilityHash", "s"."CapabilityRevision", "s"."DepartureSafe", "s"."ForcedRecoveryGeneration", "s"."ManifestSha256", "s"."PendingAttemptIdsJson", "s"."PendingResultIdsJson", "s"."ProfileId", "s"."ProtocolCommit", "s"."ProtocolVersion", "s"."ProvenRecoveryCheckpoint", "s"."Readiness", "s"."ReasonCode", "s"."RecoveryReportId", "s"."ReportedForcedRecoveryGeneration", "s"."SafetyHash", "s"."SafetyReasonCodesJson", "s"."SafetyRevision", "s"."SafetyUnknownPresent", "s"."SessionGeneration", "s"."UnsettledSlotOperationAttemptId", "s"."UpdatedAt"
FROM "SessionRecoveries" AS "s"
WHERE "s"."AgvId" = @__agvId_0 AND "s"."Readiness" = 'Ready'
LIMIT 2
[17:41:54 INF] Start processing HTTP request GET http://127.0.0.1:58408/api/task/v1/task/getVehicleInfo/BROKERX-L2-0001
[17:41:54 INF] Sending HTTP request GET http://127.0.0.1:58408/api/task/v1/task/getVehicleInfo/BROKERX-L2-0001
[17:41:54 INF] Received HTTP response headers after 0.4803ms - 200
[17:41:54 INF] End processing HTTP request after 3.781ms - 200
[17:41:54 INF] Start processing HTTP request GET http://127.0.0.1:58408/api/order/v1/orderRecord?pageNum=1&pageSize=100&filterByState=1&filterByState=3&filterByState=7&filterByState=9
[17:41:54 INF] Sending HTTP request GET http://127.0.0.1:58408/api/order/v1/orderRecord?pageNum=1&pageSize=100&filterByState=1&filterByState=3&filterByState=7&filterByState=9
[17:41:54 INF] Received HTTP response headers after 0.3358ms - 200
[17:41:54 INF] End processing HTTP request after 1.0079ms - 200
[17:41:54 INF] HTTP GET /api/onboard/v1/vehicle-safety responded 200 in 6.0167 ms
[17:41:55 INF] Start processing HTTP request GET http://127.0.0.1:58408/api/imap/v1/mapInfo/stations/25
[17:41:55 INF] Sending HTTP request GET http://127.0.0.1:58408/api/imap/v1/mapInfo/stations/25
[17:41:55 INF] Received HTTP response headers after 0.5304ms - 200
[17:41:55 INF] End processing HTTP request after 1.7491ms - 200
[17:41:55 INF] Executed DbCommand (0ms) [Parameters=[], CommandType='Text', CommandTimeout='30']
SELECT "a"."Id", "a"."ContentHash", "a"."DeploymentId", "a"."ImportedAt", "a"."Version"
FROM "AdmissionPolicyState" AS "a"
WHERE "a"."Id" = 1
LIMIT 2
[17:41:55 INF] Executed DbCommand (0ms) [Parameters=[], CommandType='Text', CommandTimeout='30']
SELECT "j"."JourneyId", "j"."AgvId", "j"."AgvLifecycleGeneration", "j"."BlockReasonCode", "j"."CreatedAt", "j"."CurrentStopSequence", "j"."DispatchGeneration", "j"."DispatchZone", "j"."GateStationId", "j"."GateStationRiotId", "j"."HoldingStartedAt", "j"."LoadingClosedReason", "j"."MapId", "j"."MapIdentity", "j"."NextStopSequence", "j"."OperationSessionId", "j"."PlanRevision", "j"."Stage", "j"."UpdatedAt", "j"."VehicleBusinessRevision", "j"."VehicleKey", "j"."WorklistRevision"
FROM "JourneyRuntimes" AS "j"
WHERE "j"."Stage" <> 'Completed'
[17:41:55 INF] Executed DbCommand (0ms) [Parameters=[@__runtime_JourneyId_0='?' (Size = 36)], CommandType='Text', CommandTimeout='30']
SELECT "j"."JourneyId", "j"."Sequence", "j"."ConsumedSafetyResultMessageId", "j"."CreatedAt", "j"."LegType", "j"."LoadRound", "j"."MovementLegId", "j"."PlanMessageId", "j"."PlanRevision", "j"."PreDepartureSafetyCheckId", "j"."PreDepartureSafetyCheckMessageId", "j"."Role", "j"."RouteEvidenceId", "j"."State", "j"."StationId", "j"."StationRiotId", "j"."SublotWaitStartedAt", "j"."UpdatedAt", "j"."UpperId", "j"."VehicleBusinessMessageId", "j"."VehicleBusinessRevision", "j"."WorklistRevision"
FROM "JourneyStops" AS "j"
WHERE "j"."JourneyId" = @__runtime_JourneyId_0
[17:41:55 INF] Executed DbCommand (0ms) [Parameters=[@__runtime_JourneyId_0='?' (Size = 36)], CommandType='Text', CommandTimeout='30']
SELECT "j"."JourneyId", "j"."DemandId", "j"."ConsumedSublotMessageId", "j"."CreatedAt", "j"."ExpectedBasketCount", "j"."LoadCommandMessageId", "j"."LoadCommandedAt", "j"."LoadSlotOperationAttemptId", "j"."LoadedAt", "j"."State", "j"."StopSequence", "j"."TargetSlotsJson", "j"."UnloadCommandMessageId", "j"."UnloadCommandedAt", "j"."UnloadSlotOperationAttemptId"
FROM "JourneyDemands" AS "j"
WHERE "j"."JourneyId" = @__runtime_JourneyId_0
[17:41:55 INF] Executed DbCommand (0ms) [Parameters=[@__agvId_0='?' (Size = 10)], CommandType='Text', CommandTimeout='30']
SELECT "s"."AgvId", "s"."ActiveUnlockSlotsJson", "s"."CapabilityHash", "s"."CapabilityRevision", "s"."DepartureSafe", "s"."ForcedRecoveryGeneration", "s"."ManifestSha256", "s"."PendingAttemptIdsJson", "s"."PendingResultIdsJson", "s"."ProfileId", "s"."ProtocolCommit", "s"."ProtocolVersion", "s"."ProvenRecoveryCheckpoint", "s"."Readiness", "s"."ReasonCode", "s"."RecoveryReportId", "s"."ReportedForcedRecoveryGeneration", "s"."SafetyHash", "s"."SafetyReasonCodesJson", "s"."SafetyRevision", "s"."SafetyUnknownPresent", "s"."SessionGeneration", "s"."UnsettledSlotOperationAttemptId", "s"."UpdatedAt"
FROM "SessionRecoveries" AS "s"
WHERE "s"."AgvId" = @__agvId_0 AND "s"."Readiness" = 'Ready'
LIMIT 2
[17:41:55 INF] Start processing HTTP request GET http://127.0.0.1:58408/api/task/v1/task/getVehicleInfo/BROKERX-L2-0001
[17:41:55 INF] Sending HTTP request GET http://127.0.0.1:58408/api/task/v1/task/getVehicleInfo/BROKERX-L2-0001
[17:41:55 INF] Received HTTP response headers after 0.4915ms - 200
[17:41:55 INF] End processing HTTP request after 3.7513ms - 200
[17:41:55 INF] Start processing HTTP request GET http://127.0.0.1:58408/api/order/v1/orderRecord?pageNum=1&pageSize=100&filterByState=1&filterByState=3&filterByState=7&filterByState=9
[17:41:55 INF] Sending HTTP request GET http://127.0.0.1:58408/api/order/v1/orderRecord?pageNum=1&pageSize=100&filterByState=1&filterByState=3&filterByState=7&filterByState=9
[17:41:55 INF] Received HTTP response headers after 0.3735ms - 200
[17:41:55 INF] End processing HTTP request after 1.0728ms - 200
[17:41:55 INF] HTTP GET /api/onboard/v1/vehicle-safety responded 200 in 5.9171 ms
[17:41:56 INF] Start processing HTTP request GET http://127.0.0.1:58408/api/imap/v1/mapInfo/stations/25
[17:41:56 INF] Sending HTTP request GET http://127.0.0.1:58408/api/imap/v1/mapInfo/stations/25
[17:41:56 INF] Received HTTP response headers after 0.5266ms - 200
[17:41:56 INF] End processing HTTP request after 1.6075ms - 200
[17:41:56 INF] Executed DbCommand (0ms) [Parameters=[], CommandType='Text', CommandTimeout='30']
SELECT "a"."Id", "a"."ContentHash", "a"."DeploymentId", "a"."ImportedAt", "a"."Version"
FROM "AdmissionPolicyState" AS "a"
WHERE "a"."Id" = 1
LIMIT 2
[17:41:56 INF] Executed DbCommand (0ms) [Parameters=[], CommandType='Text', CommandTimeout='30']
SELECT "j"."JourneyId", "j"."AgvId", "j"."AgvLifecycleGeneration", "j"."BlockReasonCode", "j"."CreatedAt", "j"."CurrentStopSequence", "j"."DispatchGeneration", "j"."DispatchZone", "j"."GateStationId", "j"."GateStationRiotId", "j"."HoldingStartedAt", "j"."LoadingClosedReason", "j"."MapId", "j"."MapIdentity", "j"."NextStopSequence", "j"."OperationSessionId", "j"."PlanRevision", "j"."Stage", "j"."UpdatedAt", "j"."VehicleBusinessRevision", "j"."VehicleKey", "j"."WorklistRevision"
FROM "JourneyRuntimes" AS "j"
WHERE "j"."Stage" <> 'Completed'
[17:41:56 INF] Executed DbCommand (0ms) [Parameters=[@__runtime_JourneyId_0='?' (Size = 36)], CommandType='Text', CommandTimeout='30']
SELECT "j"."JourneyId", "j"."Sequence", "j"."ConsumedSafetyResultMessageId", "j"."CreatedAt", "j"."LegType", "j"."LoadRound", "j"."MovementLegId", "j"."PlanMessageId", "j"."PlanRevision", "j"."PreDepartureSafetyCheckId", "j"."PreDepartureSafetyCheckMessageId", "j"."Role", "j"."RouteEvidenceId", "j"."State", "j"."StationId", "j"."StationRiotId", "j"."SublotWaitStartedAt", "j"."UpdatedAt", "j"."UpperId", "j"."VehicleBusinessMessageId", "j"."VehicleBusinessRevision", "j"."WorklistRevision"
FROM "JourneyStops" AS "j"
WHERE "j"."JourneyId" = @__runtime_JourneyId_0
[17:41:56 INF] Executed DbCommand (0ms) [Parameters=[@__runtime_JourneyId_0='?' (Size = 36)], CommandType='Text', CommandTimeout='30']
SELECT "j"."JourneyId", "j"."DemandId", "j"."ConsumedSublotMessageId", "j"."CreatedAt", "j"."ExpectedBasketCount", "j"."LoadCommandMessageId", "j"."LoadCommandedAt", "j"."LoadSlotOperationAttemptId", "j"."LoadedAt", "j"."State", "j"."StopSequence", "j"."TargetSlotsJson", "j"."UnloadCommandMessageId", "j"."UnloadCommandedAt", "j"."UnloadSlotOperationAttemptId"
FROM "JourneyDemands" AS "j"
WHERE "j"."JourneyId" = @__runtime_JourneyId_0
[17:41:56 INF] Executed DbCommand (0ms) [Parameters=[@__agvId_0='?' (Size = 10)], CommandType='Text', CommandTimeout='30']
SELECT "s"."AgvId", "s"."ActiveUnlockSlotsJson", "s"."CapabilityHash", "s"."CapabilityRevision", "s"."DepartureSafe", "s"."ForcedRecoveryGeneration", "s"."ManifestSha256", "s"."PendingAttemptIdsJson", "s"."PendingResultIdsJson", "s"."ProfileId", "s"."ProtocolCommit", "s"."ProtocolVersion", "s"."ProvenRecoveryCheckpoint", "s"."Readiness", "s"."ReasonCode", "s"."RecoveryReportId", "s"."ReportedForcedRecoveryGeneration", "s"."SafetyHash", "s"."SafetyReasonCodesJson", "s"."SafetyRevision", "s"."SafetyUnknownPresent", "s"."SessionGeneration", "s"."UnsettledSlotOperationAttemptId", "s"."UpdatedAt"
FROM "SessionRecoveries" AS "s"
WHERE "s"."AgvId" = @__agvId_0 AND "s"."Readiness" = 'Ready'
LIMIT 2
[17:41:56 INF] Start processing HTTP request GET http://127.0.0.1:58408/api/task/v1/task/getVehicleInfo/BROKERX-L2-0001
[17:41:56 INF] Sending HTTP request GET http://127.0.0.1:58408/api/task/v1/task/getVehicleInfo/BROKERX-L2-0001
[17:41:56 INF] Received HTTP response headers after 0.5109ms - 200
[17:41:56 INF] End processing HTTP request after 3.8653ms - 200
[17:41:56 INF] Start processing HTTP request GET http://127.0.0.1:58408/api/order/v1/orderRecord?pageNum=1&pageSize=100&filterByState=1&filterByState=3&filterByState=7&filterByState=9
[17:41:56 INF] Sending HTTP request GET http://127.0.0.1:58408/api/order/v1/orderRecord?pageNum=1&pageSize=100&filterByState=1&filterByState=3&filterByState=7&filterByState=9
[17:41:56 INF] Received HTTP response headers after 0.4379ms - 200
[17:41:56 INF] End processing HTTP request after 1.1627ms - 200
[17:41:56 INF] HTTP GET /api/onboard/v1/vehicle-safety responded 200 in 5.9790 ms
[17:41:57 INF] Executed DbCommand (0ms) [Parameters=[@__messageId_0='?' (Size = 36)], CommandType='Text', CommandTimeout='30']
SELECT "p"."MessageId", "p"."ContentHash", "p"."FirstResponseJson", "p"."MessageType", "p"."ReceivedAt", "p"."RequestJson"
FROM "ProtocolInbox" AS "p"
WHERE "p"."MessageId" = @__messageId_0
LIMIT 2
[17:41:57 INF] Executed DbCommand (0ms) [Parameters=[@p0='?' (Size = 36), @p1='?' (Size = 64), @p2='?' (Size = 535), @p3='?' (Size = 9), @p4='?' (DbType = DateTimeOffset), @p5='?' (Size = 428)], CommandType='Text', CommandTimeout='30']
INSERT INTO "ProtocolInbox" ("MessageId", "ContentHash", "FirstResponseJson", "MessageType", "ReceivedAt", "RequestJson")
VALUES (@p0, @p1, @p2, @p3, @p4, @p5);
[17:41:57 INF] Start processing HTTP request GET http://127.0.0.1:58408/api/imap/v1/mapInfo/stations/25
[17:41:57 INF] Sending HTTP request GET http://127.0.0.1:58408/api/imap/v1/mapInfo/stations/25
[17:41:57 INF] Received HTTP response headers after 0.5146ms - 200
[17:41:57 INF] End processing HTTP request after 3.8159ms - 200
[17:41:57 INF] Executed DbCommand (0ms) [Parameters=[], CommandType='Text', CommandTimeout='30']
SELECT "a"."Id", "a"."ContentHash", "a"."DeploymentId", "a"."ImportedAt", "a"."Version"
FROM "AdmissionPolicyState" AS "a"
WHERE "a"."Id" = 1
LIMIT 2
[17:41:57 INF] Executed DbCommand (0ms) [Parameters=[], CommandType='Text', CommandTimeout='30']
SELECT "j"."JourneyId", "j"."AgvId", "j"."AgvLifecycleGeneration", "j"."BlockReasonCode", "j"."CreatedAt", "j"."CurrentStopSequence", "j"."DispatchGeneration", "j"."DispatchZone", "j"."GateStationId", "j"."GateStationRiotId", "j"."HoldingStartedAt", "j"."LoadingClosedReason", "j"."MapId", "j"."MapIdentity", "j"."NextStopSequence", "j"."OperationSessionId", "j"."PlanRevision", "j"."Stage", "j"."UpdatedAt", "j"."VehicleBusinessRevision", "j"."VehicleKey", "j"."WorklistRevision"
FROM "JourneyRuntimes" AS "j"
WHERE "j"."Stage" <> 'Completed'
[17:41:57 INF] Executed DbCommand (0ms) [Parameters=[@__runtime_JourneyId_0='?' (Size = 36)], CommandType='Text', CommandTimeout='30']
SELECT "j"."JourneyId", "j"."Sequence", "j"."ConsumedSafetyResultMessageId", "j"."CreatedAt", "j"."LegType", "j"."LoadRound", "j"."MovementLegId", "j"."PlanMessageId", "j"."PlanRevision", "j"."PreDepartureSafetyCheckId", "j"."PreDepartureSafetyCheckMessageId", "j"."Role", "j"."RouteEvidenceId", "j"."State", "j"."StationId", "j"."StationRiotId", "j"."SublotWaitStartedAt", "j"."UpdatedAt", "j"."UpperId", "j"."VehicleBusinessMessageId", "j"."VehicleBusinessRevision", "j"."WorklistRevision"
FROM "JourneyStops" AS "j"
WHERE "j"."JourneyId" = @__runtime_JourneyId_0
[17:41:57 INF] Executed DbCommand (0ms) [Parameters=[@__runtime_JourneyId_0='?' (Size = 36)], CommandType='Text', CommandTimeout='30']
SELECT "j"."JourneyId", "j"."DemandId", "j"."ConsumedSublotMessageId", "j"."CreatedAt", "j"."ExpectedBasketCount", "j"."LoadCommandMessageId", "j"."LoadCommandedAt", "j"."LoadSlotOperationAttemptId", "j"."LoadedAt", "j"."State", "j"."StopSequence", "j"."TargetSlotsJson", "j"."UnloadCommandMessageId", "j"."UnloadCommandedAt", "j"."UnloadSlotOperationAttemptId"
FROM "JourneyDemands" AS "j"
WHERE "j"."JourneyId" = @__runtime_JourneyId_0
[17:41:57 INF] Executed DbCommand (0ms) [Parameters=[@__agvId_0='?' (Size = 10)], CommandType='Text', CommandTimeout='30']
SELECT "s"."AgvId", "s"."ActiveUnlockSlotsJson", "s"."CapabilityHash", "s"."CapabilityRevision", "s"."DepartureSafe", "s"."ForcedRecoveryGeneration", "s"."ManifestSha256", "s"."PendingAttemptIdsJson", "s"."PendingResultIdsJson", "s"."ProfileId", "s"."ProtocolCommit", "s"."ProtocolVersion", "s"."ProvenRecoveryCheckpoint", "s"."Readiness", "s"."ReasonCode", "s"."RecoveryReportId", "s"."ReportedForcedRecoveryGeneration", "s"."SafetyHash", "s"."SafetyReasonCodesJson", "s"."SafetyRevision", "s"."SafetyUnknownPresent", "s"."SessionGeneration", "s"."UnsettledSlotOperationAttemptId", "s"."UpdatedAt"
FROM "SessionRecoveries" AS "s"
WHERE "s"."AgvId" = @__agvId_0 AND "s"."Readiness" = 'Ready'
LIMIT 2
[17:41:57 INF] Start processing HTTP request GET http://127.0.0.1:58408/api/task/v1/task/getVehicleInfo/BROKERX-L2-0001
[17:41:57 INF] Sending HTTP request GET http://127.0.0.1:58408/api/task/v1/task/getVehicleInfo/BROKERX-L2-0001
[17:41:57 INF] Received HTTP response headers after 0.7282ms - 200
[17:41:57 INF] End processing HTTP request after 2.1872ms - 200
[17:41:57 INF] Start processing HTTP request GET http://127.0.0.1:58408/api/order/v1/orderRecord?pageNum=1&pageSize=100&filterByState=1&filterByState=3&filterByState=7&filterByState=9
[17:41:57 INF] Sending HTTP request GET http://127.0.0.1:58408/api/order/v1/orderRecord?pageNum=1&pageSize=100&filterByState=1&filterByState=3&filterByState=7&filterByState=9
[17:41:57 INF] Received HTTP response headers after 0.5625ms - 200
[17:41:57 INF] End processing HTTP request after 1.4269ms - 200
[17:41:57 INF] HTTP GET /api/onboard/v1/vehicle-safety responded 200 in 5.2017 ms
[17:41:58 INF] Start processing HTTP request GET http://127.0.0.1:58408/api/imap/v1/mapInfo/stations/25
[17:41:58 INF] Sending HTTP request GET http://127.0.0.1:58408/api/imap/v1/mapInfo/stations/25
[17:41:58 INF] Received HTTP response headers after 0.4604ms - 200
[17:41:58 INF] End processing HTTP request after 1.4228ms - 200
[17:41:58 INF] Executed DbCommand (0ms) [Parameters=[], CommandType='Text', CommandTimeout='30']
SELECT "a"."Id", "a"."ContentHash", "a"."DeploymentId", "a"."ImportedAt", "a"."Version"
FROM "AdmissionPolicyState" AS "a"
WHERE "a"."Id" = 1
LIMIT 2
[17:41:58 INF] Executed DbCommand (0ms) [Parameters=[], CommandType='Text', CommandTimeout='30']
SELECT "j"."JourneyId", "j"."AgvId", "j"."AgvLifecycleGeneration", "j"."BlockReasonCode", "j"."CreatedAt", "j"."CurrentStopSequence", "j"."DispatchGeneration", "j"."DispatchZone", "j"."GateStationId", "j"."GateStationRiotId", "j"."HoldingStartedAt", "j"."LoadingClosedReason", "j"."MapId", "j"."MapIdentity", "j"."NextStopSequence", "j"."OperationSessionId", "j"."PlanRevision", "j"."Stage", "j"."UpdatedAt", "j"."VehicleBusinessRevision", "j"."VehicleKey", "j"."WorklistRevision"
FROM "JourneyRuntimes" AS "j"
WHERE "j"."Stage" <> 'Completed'
[17:41:58 INF] Executed DbCommand (0ms) [Parameters=[@__runtime_JourneyId_0='?' (Size = 36)], CommandType='Text', CommandTimeout='30']
SELECT "j"."JourneyId", "j"."Sequence", "j"."ConsumedSafetyResultMessageId", "j"."CreatedAt", "j"."LegType", "j"."LoadRound", "j"."MovementLegId", "j"."PlanMessageId", "j"."PlanRevision", "j"."PreDepartureSafetyCheckId", "j"."PreDepartureSafetyCheckMessageId", "j"."Role", "j"."RouteEvidenceId", "j"."State", "j"."StationId", "j"."StationRiotId", "j"."SublotWaitStartedAt", "j"."UpdatedAt", "j"."UpperId", "j"."VehicleBusinessMessageId", "j"."VehicleBusinessRevision", "j"."WorklistRevision"
FROM "JourneyStops" AS "j"
WHERE "j"."JourneyId" = @__runtime_JourneyId_0
[17:41:58 INF] Executed DbCommand (0ms) [Parameters=[@__runtime_JourneyId_0='?' (Size = 36)], CommandType='Text', CommandTimeout='30']
SELECT "j"."JourneyId", "j"."DemandId", "j"."ConsumedSublotMessageId", "j"."CreatedAt", "j"."ExpectedBasketCount", "j"."LoadCommandMessageId", "j"."LoadCommandedAt", "j"."LoadSlotOperationAttemptId", "j"."LoadedAt", "j"."State", "j"."StopSequence", "j"."TargetSlotsJson", "j"."UnloadCommandMessageId", "j"."UnloadCommandedAt", "j"."UnloadSlotOperationAttemptId"
FROM "JourneyDemands" AS "j"
WHERE "j"."JourneyId" = @__runtime_JourneyId_0
[17:41:58 INF] Executed DbCommand (0ms) [Parameters=[@__agvId_0='?' (Size = 10)], CommandType='Text', CommandTimeout='30']
SELECT "s"."AgvId", "s"."ActiveUnlockSlotsJson", "s"."CapabilityHash", "s"."CapabilityRevision", "s"."DepartureSafe", "s"."ForcedRecoveryGeneration", "s"."ManifestSha256", "s"."PendingAttemptIdsJson", "s"."PendingResultIdsJson", "s"."ProfileId", "s"."ProtocolCommit", "s"."ProtocolVersion", "s"."ProvenRecoveryCheckpoint", "s"."Readiness", "s"."ReasonCode", "s"."RecoveryReportId", "s"."ReportedForcedRecoveryGeneration", "s"."SafetyHash", "s"."SafetyReasonCodesJson", "s"."SafetyRevision", "s"."SafetyUnknownPresent", "s"."SessionGeneration", "s"."UnsettledSlotOperationAttemptId", "s"."UpdatedAt"
FROM "SessionRecoveries" AS "s"
WHERE "s"."AgvId" = @__agvId_0 AND "s"."Readiness" = 'Ready'
LIMIT 2
[17:41:58 INF] Start processing HTTP request GET http://127.0.0.1:58408/api/task/v1/task/getVehicleInfo/BROKERX-L2-0001
[17:41:58 INF] Sending HTTP request GET http://127.0.0.1:58408/api/task/v1/task/getVehicleInfo/BROKERX-L2-0001
[17:41:58 INF] Received HTTP response headers after 0.4612ms - 200
[17:41:58 INF] End processing HTTP request after 3.8008ms - 200
[17:41:58 INF] Start processing HTTP request GET http://127.0.0.1:58408/api/order/v1/orderRecord?pageNum=1&pageSize=100&filterByState=1&filterByState=3&filterByState=7&filterByState=9
[17:41:58 INF] Sending HTTP request GET http://127.0.0.1:58408/api/order/v1/orderRecord?pageNum=1&pageSize=100&filterByState=1&filterByState=3&filterByState=7&filterByState=9
[17:41:58 INF] Received HTTP response headers after 0.4674ms - 200
[17:41:58 INF] End processing HTTP request after 1.3305ms - 200
[17:41:58 INF] HTTP GET /api/onboard/v1/vehicle-safety responded 200 in 6.4994 ms
[17:41:59 INF] Start processing HTTP request GET http://127.0.0.1:58408/api/imap/v1/mapInfo/stations/25
[17:41:59 INF] Sending HTTP request GET http://127.0.0.1:58408/api/imap/v1/mapInfo/stations/25
[17:41:59 INF] Received HTTP response headers after 0.5284ms - 200
[17:41:59 INF] End processing HTTP request after 1.9771ms - 200
[17:41:59 INF] Executed DbCommand (0ms) [Parameters=[], CommandType='Text', CommandTimeout='30']
SELECT "a"."Id", "a"."ContentHash", "a"."DeploymentId", "a"."ImportedAt", "a"."Version"
FROM "AdmissionPolicyState" AS "a"
WHERE "a"."Id" = 1
LIMIT 2
[17:41:59 INF] Executed DbCommand (0ms) [Parameters=[], CommandType='Text', CommandTimeout='30']
SELECT "j"."JourneyId", "j"."AgvId", "j"."AgvLifecycleGeneration", "j"."BlockReasonCode", "j"."CreatedAt", "j"."CurrentStopSequence", "j"."DispatchGeneration", "j"."DispatchZone", "j"."GateStationId", "j"."GateStationRiotId", "j"."HoldingStartedAt", "j"."LoadingClosedReason", "j"."MapId", "j"."MapIdentity", "j"."NextStopSequence", "j"."OperationSessionId", "j"."PlanRevision", "j"."Stage", "j"."UpdatedAt", "j"."VehicleBusinessRevision", "j"."VehicleKey", "j"."WorklistRevision"
FROM "JourneyRuntimes" AS "j"
WHERE "j"."Stage" <> 'Completed'
[17:41:59 INF] Executed DbCommand (0ms) [Parameters=[@__runtime_JourneyId_0='?' (Size = 36)], CommandType='Text', CommandTimeout='30']
SELECT "j"."JourneyId", "j"."Sequence", "j"."ConsumedSafetyResultMessageId", "j"."CreatedAt", "j"."LegType", "j"."LoadRound", "j"."MovementLegId", "j"."PlanMessageId", "j"."PlanRevision", "j"."PreDepartureSafetyCheckId", "j"."PreDepartureSafetyCheckMessageId", "j"."Role", "j"."RouteEvidenceId", "j"."State", "j"."StationId", "j"."StationRiotId", "j"."SublotWaitStartedAt", "j"."UpdatedAt", "j"."UpperId", "j"."VehicleBusinessMessageId", "j"."VehicleBusinessRevision", "j"."WorklistRevision"
FROM "JourneyStops" AS "j"
WHERE "j"."JourneyId" = @__runtime_JourneyId_0
[17:41:59 INF] Executed DbCommand (0ms) [Parameters=[@__runtime_JourneyId_0='?' (Size = 36)], CommandType='Text', CommandTimeout='30']
SELECT "j"."JourneyId", "j"."DemandId", "j"."ConsumedSublotMessageId", "j"."CreatedAt", "j"."ExpectedBasketCount", "j"."LoadCommandMessageId", "j"."LoadCommandedAt", "j"."LoadSlotOperationAttemptId", "j"."LoadedAt", "j"."State", "j"."StopSequence", "j"."TargetSlotsJson", "j"."UnloadCommandMessageId", "j"."UnloadCommandedAt", "j"."UnloadSlotOperationAttemptId"
FROM "JourneyDemands" AS "j"
WHERE "j"."JourneyId" = @__runtime_JourneyId_0
[17:41:59 INF] Executed DbCommand (0ms) [Parameters=[@__agvId_0='?' (Size = 10)], CommandType='Text', CommandTimeout='30']
SELECT "s"."AgvId", "s"."ActiveUnlockSlotsJson", "s"."CapabilityHash", "s"."CapabilityRevision", "s"."DepartureSafe", "s"."ForcedRecoveryGeneration", "s"."ManifestSha256", "s"."PendingAttemptIdsJson", "s"."PendingResultIdsJson", "s"."ProfileId", "s"."ProtocolCommit", "s"."ProtocolVersion", "s"."ProvenRecoveryCheckpoint", "s"."Readiness", "s"."ReasonCode", "s"."RecoveryReportId", "s"."ReportedForcedRecoveryGeneration", "s"."SafetyHash", "s"."SafetyReasonCodesJson", "s"."SafetyRevision", "s"."SafetyUnknownPresent", "s"."SessionGeneration", "s"."UnsettledSlotOperationAttemptId", "s"."UpdatedAt"
FROM "SessionRecoveries" AS "s"
WHERE "s"."AgvId" = @__agvId_0 AND "s"."Readiness" = 'Ready'
LIMIT 2
[17:41:59 INF] Start processing HTTP request GET http://127.0.0.1:58408/api/task/v1/task/getVehicleInfo/BROKERX-L2-0001
[17:41:59 INF] Sending HTTP request GET http://127.0.0.1:58408/api/task/v1/task/getVehicleInfo/BROKERX-L2-0001
[17:41:59 INF] Received HTTP response headers after 0.5606ms - 200
[17:41:59 INF] End processing HTTP request after 3.8788ms - 200
[17:41:59 INF] Start processing HTTP request GET http://127.0.0.1:58408/api/order/v1/orderRecord?pageNum=1&pageSize=100&filterByState=1&filterByState=3&filterByState=7&filterByState=9
[17:41:59 INF] Sending HTTP request GET http://127.0.0.1:58408/api/order/v1/orderRecord?pageNum=1&pageSize=100&filterByState=1&filterByState=3&filterByState=7&filterByState=9
[17:41:59 INF] Received HTTP response headers after 0.3766ms - 200
[17:41:59 INF] End processing HTTP request after 1.0392ms - 200
[17:41:59 INF] HTTP GET /api/onboard/v1/vehicle-safety responded 200 in 6.0360 ms
[17:42:00 INF] Start processing HTTP request GET http://127.0.0.1:58408/api/imap/v1/mapInfo/stations/25
[17:42:00 INF] Sending HTTP request GET http://127.0.0.1:58408/api/imap/v1/mapInfo/stations/25
[17:42:00 INF] Received HTTP response headers after 0.5052ms - 200
[17:42:00 INF] End processing HTTP request after 1.8103ms - 200
[17:42:00 INF] Executed DbCommand (0ms) [Parameters=[], CommandType='Text', CommandTimeout='30']
SELECT "a"."Id", "a"."ContentHash", "a"."DeploymentId", "a"."ImportedAt", "a"."Version"
FROM "AdmissionPolicyState" AS "a"
WHERE "a"."Id" = 1
LIMIT 2
[17:42:00 INF] Executed DbCommand (0ms) [Parameters=[], CommandType='Text', CommandTimeout='30']
SELECT "j"."JourneyId", "j"."AgvId", "j"."AgvLifecycleGeneration", "j"."BlockReasonCode", "j"."CreatedAt", "j"."CurrentStopSequence", "j"."DispatchGeneration", "j"."DispatchZone", "j"."GateStationId", "j"."GateStationRiotId", "j"."HoldingStartedAt", "j"."LoadingClosedReason", "j"."MapId", "j"."MapIdentity", "j"."NextStopSequence", "j"."OperationSessionId", "j"."PlanRevision", "j"."Stage", "j"."UpdatedAt", "j"."VehicleBusinessRevision", "j"."VehicleKey", "j"."WorklistRevision"
FROM "JourneyRuntimes" AS "j"
WHERE "j"."Stage" <> 'Completed'
[17:42:00 INF] Executed DbCommand (0ms) [Parameters=[@__runtime_JourneyId_0='?' (Size = 36)], CommandType='Text', CommandTimeout='30']
SELECT "j"."JourneyId", "j"."Sequence", "j"."ConsumedSafetyResultMessageId", "j"."CreatedAt", "j"."LegType", "j"."LoadRound", "j"."MovementLegId", "j"."PlanMessageId", "j"."PlanRevision", "j"."PreDepartureSafetyCheckId", "j"."PreDepartureSafetyCheckMessageId", "j"."Role", "j"."RouteEvidenceId", "j"."State", "j"."StationId", "j"."StationRiotId", "j"."SublotWaitStartedAt", "j"."UpdatedAt", "j"."UpperId", "j"."VehicleBusinessMessageId", "j"."VehicleBusinessRevision", "j"."WorklistRevision"
FROM "JourneyStops" AS "j"
WHERE "j"."JourneyId" = @__runtime_JourneyId_0
[17:42:00 INF] Executed DbCommand (0ms) [Parameters=[@__runtime_JourneyId_0='?' (Size = 36)], CommandType='Text', CommandTimeout='30']
SELECT "j"."JourneyId", "j"."DemandId", "j"."ConsumedSublotMessageId", "j"."CreatedAt", "j"."ExpectedBasketCount", "j"."LoadCommandMessageId", "j"."LoadCommandedAt", "j"."LoadSlotOperationAttemptId", "j"."LoadedAt", "j"."State", "j"."StopSequence", "j"."TargetSlotsJson", "j"."UnloadCommandMessageId", "j"."UnloadCommandedAt", "j"."UnloadSlotOperationAttemptId"
FROM "JourneyDemands" AS "j"
WHERE "j"."JourneyId" = @__runtime_JourneyId_0
[17:42:00 INF] Executed DbCommand (0ms) [Parameters=[@__agvId_0='?' (Size = 10)], CommandType='Text', CommandTimeout='30']
SELECT "s"."AgvId", "s"."ActiveUnlockSlotsJson", "s"."CapabilityHash", "s"."CapabilityRevision", "s"."DepartureSafe", "s"."ForcedRecoveryGeneration", "s"."ManifestSha256", "s"."PendingAttemptIdsJson", "s"."PendingResultIdsJson", "s"."ProfileId", "s"."ProtocolCommit", "s"."ProtocolVersion", "s"."ProvenRecoveryCheckpoint", "s"."Readiness", "s"."ReasonCode", "s"."RecoveryReportId", "s"."ReportedForcedRecoveryGeneration", "s"."SafetyHash", "s"."SafetyReasonCodesJson", "s"."SafetyRevision", "s"."SafetyUnknownPresent", "s"."SessionGeneration", "s"."UnsettledSlotOperationAttemptId", "s"."UpdatedAt"
FROM "SessionRecoveries" AS "s"
WHERE "s"."AgvId" = @__agvId_0 AND "s"."Readiness" = 'Ready'
LIMIT 2
[17:42:00 INF] Start processing HTTP request GET http://127.0.0.1:58408/api/task/v1/task/getVehicleInfo/BROKERX-L2-0001
[17:42:00 INF] Sending HTTP request GET http://127.0.0.1:58408/api/task/v1/task/getVehicleInfo/BROKERX-L2-0001
[17:42:00 INF] Received HTTP response headers after 0.4517ms - 200
[17:42:00 INF] End processing HTTP request after 3.7576ms - 200
[17:42:00 INF] Start processing HTTP request GET http://127.0.0.1:58408/api/order/v1/orderRecord?pageNum=1&pageSize=100&filterByState=1&filterByState=3&filterByState=7&filterByState=9
[17:42:00 INF] Sending HTTP request GET http://127.0.0.1:58408/api/order/v1/orderRecord?pageNum=1&pageSize=100&filterByState=1&filterByState=3&filterByState=7&filterByState=9
[17:42:00 INF] Received HTTP response headers after 0.288ms - 200
[17:42:00 INF] End processing HTTP request after 0.9484ms - 200
[17:42:00 INF] HTTP GET /api/onboard/v1/vehicle-safety responded 200 in 5.8661 ms
[17:42:01 INF] Start processing HTTP request GET http://127.0.0.1:58408/api/imap/v1/mapInfo/stations/25
[17:42:01 INF] Sending HTTP request GET http://127.0.0.1:58408/api/imap/v1/mapInfo/stations/25
[17:42:01 INF] Received HTTP response headers after 0.5515ms - 200
[17:42:01 INF] End processing HTTP request after 1.9281ms - 200
[17:42:01 INF] Executed DbCommand (0ms) [Parameters=[], CommandType='Text', CommandTimeout='30']
SELECT "a"."Id", "a"."ContentHash", "a"."DeploymentId", "a"."ImportedAt", "a"."Version"
FROM "AdmissionPolicyState" AS "a"
WHERE "a"."Id" = 1
LIMIT 2
[17:42:01 INF] Executed DbCommand (0ms) [Parameters=[], CommandType='Text', CommandTimeout='30']
SELECT "j"."JourneyId", "j"."AgvId", "j"."AgvLifecycleGeneration", "j"."BlockReasonCode", "j"."CreatedAt", "j"."CurrentStopSequence", "j"."DispatchGeneration", "j"."DispatchZone", "j"."GateStationId", "j"."GateStationRiotId", "j"."HoldingStartedAt", "j"."LoadingClosedReason", "j"."MapId", "j"."MapIdentity", "j"."NextStopSequence", "j"."OperationSessionId", "j"."PlanRevision", "j"."Stage", "j"."UpdatedAt", "j"."VehicleBusinessRevision", "j"."VehicleKey", "j"."WorklistRevision"
FROM "JourneyRuntimes" AS "j"
WHERE "j"."Stage" <> 'Completed'
[17:42:01 INF] Executed DbCommand (0ms) [Parameters=[@__runtime_JourneyId_0='?' (Size = 36)], CommandType='Text', CommandTimeout='30']
SELECT "j"."JourneyId", "j"."Sequence", "j"."ConsumedSafetyResultMessageId", "j"."CreatedAt", "j"."LegType", "j"."LoadRound", "j"."MovementLegId", "j"."PlanMessageId", "j"."PlanRevision", "j"."PreDepartureSafetyCheckId", "j"."PreDepartureSafetyCheckMessageId", "j"."Role", "j"."RouteEvidenceId", "j"."State", "j"."StationId", "j"."StationRiotId", "j"."SublotWaitStartedAt", "j"."UpdatedAt", "j"."UpperId", "j"."VehicleBusinessMessageId", "j"."VehicleBusinessRevision", "j"."WorklistRevision"
FROM "JourneyStops" AS "j"
WHERE "j"."JourneyId" = @__runtime_JourneyId_0
[17:42:01 INF] Executed DbCommand (0ms) [Parameters=[@__runtime_JourneyId_0='?' (Size = 36)], CommandType='Text', CommandTimeout='30']
SELECT "j"."JourneyId", "j"."DemandId", "j"."ConsumedSublotMessageId", "j"."CreatedAt", "j"."ExpectedBasketCount", "j"."LoadCommandMessageId", "j"."LoadCommandedAt", "j"."LoadSlotOperationAttemptId", "j"."LoadedAt", "j"."State", "j"."StopSequence", "j"."TargetSlotsJson", "j"."UnloadCommandMessageId", "j"."UnloadCommandedAt", "j"."UnloadSlotOperationAttemptId"
FROM "JourneyDemands" AS "j"
WHERE "j"."JourneyId" = @__runtime_JourneyId_0
[17:42:01 INF] Executed DbCommand (0ms) [Parameters=[@__agvId_0='?' (Size = 10)], CommandType='Text', CommandTimeout='30']
SELECT "s"."AgvId", "s"."ActiveUnlockSlotsJson", "s"."CapabilityHash", "s"."CapabilityRevision", "s"."DepartureSafe", "s"."ForcedRecoveryGeneration", "s"."ManifestSha256", "s"."PendingAttemptIdsJson", "s"."PendingResultIdsJson", "s"."ProfileId", "s"."ProtocolCommit", "s"."ProtocolVersion", "s"."ProvenRecoveryCheckpoint", "s"."Readiness", "s"."ReasonCode", "s"."RecoveryReportId", "s"."ReportedForcedRecoveryGeneration", "s"."SafetyHash", "s"."SafetyReasonCodesJson", "s"."SafetyRevision", "s"."SafetyUnknownPresent", "s"."SessionGeneration", "s"."UnsettledSlotOperationAttemptId", "s"."UpdatedAt"
FROM "SessionRecoveries" AS "s"
WHERE "s"."AgvId" = @__agvId_0 AND "s"."Readiness" = 'Ready'
LIMIT 2
[17:42:01 INF] Start processing HTTP request GET http://127.0.0.1:58408/api/task/v1/task/getVehicleInfo/BROKERX-L2-0001
[17:42:01 INF] Sending HTTP request GET http://127.0.0.1:58408/api/task/v1/task/getVehicleInfo/BROKERX-L2-0001
[17:42:01 INF] Received HTTP response headers after 0.4753ms - 200
[17:42:01 INF] End processing HTTP request after 3.7787ms - 200
[17:42:01 INF] Start processing HTTP request GET http://127.0.0.1:58408/api/order/v1/orderRecord?pageNum=1&pageSize=100&filterByState=1&filterByState=3&filterByState=7&filterByState=9
[17:42:01 INF] Sending HTTP request GET http://127.0.0.1:58408/api/order/v1/orderRecord?pageNum=1&pageSize=100&filterByState=1&filterByState=3&filterByState=7&filterByState=9
[17:42:01 INF] Received HTTP response headers after 0.5347ms - 200
[17:42:01 INF] End processing HTTP request after 1.3252ms - 200
[17:42:01 INF] HTTP GET /api/onboard/v1/vehicle-safety responded 200 in 6.3824 ms
[17:42:02 INF] Executed DbCommand (0ms) [Parameters=[@__messageId_0='?' (Size = 36)], CommandType='Text', CommandTimeout='30']
SELECT "p"."MessageId", "p"."ContentHash", "p"."FirstResponseJson", "p"."MessageType", "p"."ReceivedAt", "p"."RequestJson"
FROM "ProtocolInbox" AS "p"
WHERE "p"."MessageId" = @__messageId_0
LIMIT 2
[17:42:02 INF] Executed DbCommand (0ms) [Parameters=[@p0='?' (Size = 36), @p1='?' (Size = 64), @p2='?' (Size = 535), @p3='?' (Size = 9), @p4='?' (DbType = DateTimeOffset), @p5='?' (Size = 428)], CommandType='Text', CommandTimeout='30']
INSERT INTO "ProtocolInbox" ("MessageId", "ContentHash", "FirstResponseJson", "MessageType", "ReceivedAt", "RequestJson")
VALUES (@p0, @p1, @p2, @p3, @p4, @p5);
[17:42:02 INF] Start processing HTTP request GET http://127.0.0.1:58408/api/imap/v1/mapInfo/stations/25
[17:42:02 INF] Sending HTTP request GET http://127.0.0.1:58408/api/imap/v1/mapInfo/stations/25
[17:42:02 INF] Received HTTP response headers after 0.5112ms - 200
[17:42:02 INF] End processing HTTP request after 1.9639ms - 200
[17:42:02 INF] Executed DbCommand (0ms) [Parameters=[], CommandType='Text', CommandTimeout='30']
SELECT "a"."Id", "a"."ContentHash", "a"."DeploymentId", "a"."ImportedAt", "a"."Version"
FROM "AdmissionPolicyState" AS "a"
WHERE "a"."Id" = 1
LIMIT 2
[17:42:02 INF] Executed DbCommand (0ms) [Parameters=[], CommandType='Text', CommandTimeout='30']
SELECT "j"."JourneyId", "j"."AgvId", "j"."AgvLifecycleGeneration", "j"."BlockReasonCode", "j"."CreatedAt", "j"."CurrentStopSequence", "j"."DispatchGeneration", "j"."DispatchZone", "j"."GateStationId", "j"."GateStationRiotId", "j"."HoldingStartedAt", "j"."LoadingClosedReason", "j"."MapId", "j"."MapIdentity", "j"."NextStopSequence", "j"."OperationSessionId", "j"."PlanRevision", "j"."Stage", "j"."UpdatedAt", "j"."VehicleBusinessRevision", "j"."VehicleKey", "j"."WorklistRevision"
FROM "JourneyRuntimes" AS "j"
WHERE "j"."Stage" <> 'Completed'
[17:42:02 INF] Executed DbCommand (0ms) [Parameters=[@__runtime_JourneyId_0='?' (Size = 36)], CommandType='Text', CommandTimeout='30']
SELECT "j"."JourneyId", "j"."Sequence", "j"."ConsumedSafetyResultMessageId", "j"."CreatedAt", "j"."LegType", "j"."LoadRound", "j"."MovementLegId", "j"."PlanMessageId", "j"."PlanRevision", "j"."PreDepartureSafetyCheckId", "j"."PreDepartureSafetyCheckMessageId", "j"."Role", "j"."RouteEvidenceId", "j"."State", "j"."StationId", "j"."StationRiotId", "j"."SublotWaitStartedAt", "j"."UpdatedAt", "j"."UpperId", "j"."VehicleBusinessMessageId", "j"."VehicleBusinessRevision", "j"."WorklistRevision"
FROM "JourneyStops" AS "j"
WHERE "j"."JourneyId" = @__runtime_JourneyId_0
[17:42:02 INF] Executed DbCommand (0ms) [Parameters=[@__runtime_JourneyId_0='?' (Size = 36)], CommandType='Text', CommandTimeout='30']
SELECT "j"."JourneyId", "j"."DemandId", "j"."ConsumedSublotMessageId", "j"."CreatedAt", "j"."ExpectedBasketCount", "j"."LoadCommandMessageId", "j"."LoadCommandedAt", "j"."LoadSlotOperationAttemptId", "j"."LoadedAt", "j"."State", "j"."StopSequence", "j"."TargetSlotsJson", "j"."UnloadCommandMessageId", "j"."UnloadCommandedAt", "j"."UnloadSlotOperationAttemptId"
FROM "JourneyDemands" AS "j"
WHERE "j"."JourneyId" = @__runtime_JourneyId_0
[17:42:02 INF] Executed DbCommand (0ms) [Parameters=[@__agvId_0='?' (Size = 10)], CommandType='Text', CommandTimeout='30']
SELECT "s"."AgvId", "s"."ActiveUnlockSlotsJson", "s"."CapabilityHash", "s"."CapabilityRevision", "s"."DepartureSafe", "s"."ForcedRecoveryGeneration", "s"."ManifestSha256", "s"."PendingAttemptIdsJson", "s"."PendingResultIdsJson", "s"."ProfileId", "s"."ProtocolCommit", "s"."ProtocolVersion", "s"."ProvenRecoveryCheckpoint", "s"."Readiness", "s"."ReasonCode", "s"."RecoveryReportId", "s"."ReportedForcedRecoveryGeneration", "s"."SafetyHash", "s"."SafetyReasonCodesJson", "s"."SafetyRevision", "s"."SafetyUnknownPresent", "s"."SessionGeneration", "s"."UnsettledSlotOperationAttemptId", "s"."UpdatedAt"
FROM "SessionRecoveries" AS "s"
WHERE "s"."AgvId" = @__agvId_0 AND "s"."Readiness" = 'Ready'
LIMIT 2
[17:42:02 INF] Start processing HTTP request GET http://127.0.0.1:58408/api/task/v1/task/getVehicleInfo/BROKERX-L2-0001
[17:42:03 INF] Sending HTTP request GET http://127.0.0.1:58408/api/task/v1/task/getVehicleInfo/BROKERX-L2-0001
[17:42:03 INF] Received HTTP response headers after 0.4852ms - 200
[17:42:03 INF] End processing HTTP request after 3.7467ms - 200
[17:42:03 INF] Start processing HTTP request GET http://127.0.0.1:58408/api/order/v1/orderRecord?pageNum=1&pageSize=100&filterByState=1&filterByState=3&filterByState=7&filterByState=9
[17:42:03 INF] Sending HTTP request GET http://127.0.0.1:58408/api/order/v1/orderRecord?pageNum=1&pageSize=100&filterByState=1&filterByState=3&filterByState=7&filterByState=9
[17:42:03 INF] Received HTTP response headers after 0.3915ms - 200
[17:42:03 INF] End processing HTTP request after 1.1763ms - 200
[17:42:03 INF] HTTP GET /api/onboard/v1/vehicle-safety responded 200 in 6.0104 ms
[17:42:03 INF] Start processing HTTP request GET http://127.0.0.1:58408/api/imap/v1/mapInfo/stations/25
[17:42:03 INF] Sending HTTP request GET http://127.0.0.1:58408/api/imap/v1/mapInfo/stations/25
[17:42:03 INF] Received HTTP response headers after 0.5321ms - 200
[17:42:03 INF] End processing HTTP request after 3.5284ms - 200
[17:42:03 INF] Executed DbCommand (0ms) [Parameters=[], CommandType='Text', CommandTimeout='30']
SELECT "a"."Id", "a"."ContentHash", "a"."DeploymentId", "a"."ImportedAt", "a"."Version"
FROM "AdmissionPolicyState" AS "a"
WHERE "a"."Id" = 1
LIMIT 2
[17:42:03 INF] Executed DbCommand (0ms) [Parameters=[], CommandType='Text', CommandTimeout='30']
SELECT "j"."JourneyId", "j"."AgvId", "j"."AgvLifecycleGeneration", "j"."BlockReasonCode", "j"."CreatedAt", "j"."CurrentStopSequence", "j"."DispatchGeneration", "j"."DispatchZone", "j"."GateStationId", "j"."GateStationRiotId", "j"."HoldingStartedAt", "j"."LoadingClosedReason", "j"."MapId", "j"."MapIdentity", "j"."NextStopSequence", "j"."OperationSessionId", "j"."PlanRevision", "j"."Stage", "j"."UpdatedAt", "j"."VehicleBusinessRevision", "j"."VehicleKey", "j"."WorklistRevision"
FROM "JourneyRuntimes" AS "j"
WHERE "j"."Stage" <> 'Completed'
[17:42:03 INF] Executed DbCommand (0ms) [Parameters=[@__runtime_JourneyId_0='?' (Size = 36)], CommandType='Text', CommandTimeout='30']
SELECT "j"."JourneyId", "j"."Sequence", "j"."ConsumedSafetyResultMessageId", "j"."CreatedAt", "j"."LegType", "j"."LoadRound", "j"."MovementLegId", "j"."PlanMessageId", "j"."PlanRevision", "j"."PreDepartureSafetyCheckId", "j"."PreDepartureSafetyCheckMessageId", "j"."Role", "j"."RouteEvidenceId", "j"."State", "j"."StationId", "j"."StationRiotId", "j"."SublotWaitStartedAt", "j"."UpdatedAt", "j"."UpperId", "j"."VehicleBusinessMessageId", "j"."VehicleBusinessRevision", "j"."WorklistRevision"
FROM "JourneyStops" AS "j"
WHERE "j"."JourneyId" = @__runtime_JourneyId_0
[17:42:03 INF] Executed DbCommand (0ms) [Parameters=[@__runtime_JourneyId_0='?' (Size = 36)], CommandType='Text', CommandTimeout='30']
SELECT "j"."JourneyId", "j"."DemandId", "j"."ConsumedSublotMessageId", "j"."CreatedAt", "j"."ExpectedBasketCount", "j"."LoadCommandMessageId", "j"."LoadCommandedAt", "j"."LoadSlotOperationAttemptId", "j"."LoadedAt", "j"."State", "j"."StopSequence", "j"."TargetSlotsJson", "j"."UnloadCommandMessageId", "j"."UnloadCommandedAt", "j"."UnloadSlotOperationAttemptId"
FROM "JourneyDemands" AS "j"
WHERE "j"."JourneyId" = @__runtime_JourneyId_0
[17:42:03 INF] Executed DbCommand (0ms) [Parameters=[@__agvId_0='?' (Size = 10)], CommandType='Text', CommandTimeout='30']
SELECT "s"."AgvId", "s"."ActiveUnlockSlotsJson", "s"."CapabilityHash", "s"."CapabilityRevision", "s"."DepartureSafe", "s"."ForcedRecoveryGeneration", "s"."ManifestSha256", "s"."PendingAttemptIdsJson", "s"."PendingResultIdsJson", "s"."ProfileId", "s"."ProtocolCommit", "s"."ProtocolVersion", "s"."ProvenRecoveryCheckpoint", "s"."Readiness", "s"."ReasonCode", "s"."RecoveryReportId", "s"."ReportedForcedRecoveryGeneration", "s"."SafetyHash", "s"."SafetyReasonCodesJson", "s"."SafetyRevision", "s"."SafetyUnknownPresent", "s"."SessionGeneration", "s"."UnsettledSlotOperationAttemptId", "s"."UpdatedAt"
FROM "SessionRecoveries" AS "s"
WHERE "s"."AgvId" = @__agvId_0 AND "s"."Readiness" = 'Ready'
LIMIT 2
[17:42:04 INF] Start processing HTTP request GET http://127.0.0.1:58408/api/task/v1/task/getVehicleInfo/BROKERX-L2-0001
[17:42:04 INF] Sending HTTP request GET http://127.0.0.1:58408/api/task/v1/task/getVehicleInfo/BROKERX-L2-0001
[17:42:04 INF] Received HTTP response headers after 0.4878ms - 200
[17:42:04 INF] End processing HTTP request after 3.7786ms - 200
[17:42:04 INF] Start processing HTTP request GET http://127.0.0.1:58408/api/order/v1/orderRecord?pageNum=1&pageSize=100&filterByState=1&filterByState=3&filterByState=7&filterByState=9
[17:42:04 INF] Sending HTTP request GET http://127.0.0.1:58408/api/order/v1/orderRecord?pageNum=1&pageSize=100&filterByState=1&filterByState=3&filterByState=7&filterByState=9
[17:42:04 INF] Received HTTP response headers after 0.3585ms - 200
[17:42:04 INF] End processing HTTP request after 0.9455ms - 200
[17:42:04 INF] HTTP GET /api/onboard/v1/vehicle-safety responded 200 in 5.9200 ms
[17:42:04 INF] Start processing HTTP request GET http://127.0.0.1:58408/api/imap/v1/mapInfo/stations/25
[17:42:04 INF] Sending HTTP request GET http://127.0.0.1:58408/api/imap/v1/mapInfo/stations/25
[17:42:04 INF] Received HTTP response headers after 0.5127ms - 200
[17:42:04 INF] End processing HTTP request after 1.8276ms - 200
[17:42:04 INF] Executed DbCommand (0ms) [Parameters=[], CommandType='Text', CommandTimeout='30']
SELECT "a"."Id", "a"."ContentHash", "a"."DeploymentId", "a"."ImportedAt", "a"."Version"
FROM "AdmissionPolicyState" AS "a"
WHERE "a"."Id" = 1
LIMIT 2
[17:42:04 INF] Executed DbCommand (0ms) [Parameters=[], CommandType='Text', CommandTimeout='30']
SELECT "j"."JourneyId", "j"."AgvId", "j"."AgvLifecycleGeneration", "j"."BlockReasonCode", "j"."CreatedAt", "j"."CurrentStopSequence", "j"."DispatchGeneration", "j"."DispatchZone", "j"."GateStationId", "j"."GateStationRiotId", "j"."HoldingStartedAt", "j"."LoadingClosedReason", "j"."MapId", "j"."MapIdentity", "j"."NextStopSequence", "j"."OperationSessionId", "j"."PlanRevision", "j"."Stage", "j"."UpdatedAt", "j"."VehicleBusinessRevision", "j"."VehicleKey", "j"."WorklistRevision"
FROM "JourneyRuntimes" AS "j"
WHERE "j"."Stage" <> 'Completed'
[17:42:04 INF] Executed DbCommand (0ms) [Parameters=[@__runtime_JourneyId_0='?' (Size = 36)], CommandType='Text', CommandTimeout='30']
SELECT "j"."JourneyId", "j"."Sequence", "j"."ConsumedSafetyResultMessageId", "j"."CreatedAt", "j"."LegType", "j"."LoadRound", "j"."MovementLegId", "j"."PlanMessageId", "j"."PlanRevision", "j"."PreDepartureSafetyCheckId", "j"."PreDepartureSafetyCheckMessageId", "j"."Role", "j"."RouteEvidenceId", "j"."State", "j"."StationId", "j"."StationRiotId", "j"."SublotWaitStartedAt", "j"."UpdatedAt", "j"."UpperId", "j"."VehicleBusinessMessageId", "j"."VehicleBusinessRevision", "j"."WorklistRevision"
FROM "JourneyStops" AS "j"
WHERE "j"."JourneyId" = @__runtime_JourneyId_0
[17:42:04 INF] Executed DbCommand (0ms) [Parameters=[@__runtime_JourneyId_0='?' (Size = 36)], CommandType='Text', CommandTimeout='30']
SELECT "j"."JourneyId", "j"."DemandId", "j"."ConsumedSublotMessageId", "j"."CreatedAt", "j"."ExpectedBasketCount", "j"."LoadCommandMessageId", "j"."LoadCommandedAt", "j"."LoadSlotOperationAttemptId", "j"."LoadedAt", "j"."State", "j"."StopSequence", "j"."TargetSlotsJson", "j"."UnloadCommandMessageId", "j"."UnloadCommandedAt", "j"."UnloadSlotOperationAttemptId"
FROM "JourneyDemands" AS "j"
WHERE "j"."JourneyId" = @__runtime_JourneyId_0
[17:42:04 INF] Executed DbCommand (0ms) [Parameters=[@__agvId_0='?' (Size = 10)], CommandType='Text', CommandTimeout='30']
SELECT "s"."AgvId", "s"."ActiveUnlockSlotsJson", "s"."CapabilityHash", "s"."CapabilityRevision", "s"."DepartureSafe", "s"."ForcedRecoveryGeneration", "s"."ManifestSha256", "s"."PendingAttemptIdsJson", "s"."PendingResultIdsJson", "s"."ProfileId", "s"."ProtocolCommit", "s"."ProtocolVersion", "s"."ProvenRecoveryCheckpoint", "s"."Readiness", "s"."ReasonCode", "s"."RecoveryReportId", "s"."ReportedForcedRecoveryGeneration", "s"."SafetyHash", "s"."SafetyReasonCodesJson", "s"."SafetyRevision", "s"."SafetyUnknownPresent", "s"."SessionGeneration", "s"."UnsettledSlotOperationAttemptId", "s"."UpdatedAt"
FROM "SessionRecoveries" AS "s"
WHERE "s"."AgvId" = @__agvId_0 AND "s"."Readiness" = 'Ready'
LIMIT 2
[17:42:05 INF] Start processing HTTP request GET http://127.0.0.1:58408/api/task/v1/task/getVehicleInfo/BROKERX-L2-0001
[17:42:05 INF] Sending HTTP request GET http://127.0.0.1:58408/api/task/v1/task/getVehicleInfo/BROKERX-L2-0001
[17:42:05 INF] Received HTTP response headers after 0.7176ms - 200
[17:42:05 INF] End processing HTTP request after 4.1547ms - 200
[17:42:05 INF] Start processing HTTP request GET http://127.0.0.1:58408/api/order/v1/orderRecord?pageNum=1&pageSize=100&filterByState=1&filterByState=3&filterByState=7&filterByState=9
[17:42:05 INF] Sending HTTP request GET http://127.0.0.1:58408/api/order/v1/orderRecord?pageNum=1&pageSize=100&filterByState=1&filterByState=3&filterByState=7&filterByState=9
[17:42:05 INF] Received HTTP response headers after 0.4825ms - 200
[17:42:05 INF] End processing HTTP request after 1.2174ms - 200
[17:42:05 INF] HTTP GET /api/onboard/v1/vehicle-safety responded 200 in 6.5799 ms
[17:42:05 INF] Start processing HTTP request GET http://127.0.0.1:58408/api/imap/v1/mapInfo/stations/25
[17:42:05 INF] Sending HTTP request GET http://127.0.0.1:58408/api/imap/v1/mapInfo/stations/25
[17:42:05 INF] Received HTTP response headers after 0.4449ms - 200
[17:42:05 INF] End processing HTTP request after 3.6845ms - 200
[17:42:05 INF] Executed DbCommand (0ms) [Parameters=[], CommandType='Text', CommandTimeout='30']
SELECT "a"."Id", "a"."ContentHash", "a"."DeploymentId", "a"."ImportedAt", "a"."Version"
FROM "AdmissionPolicyState" AS "a"
WHERE "a"."Id" = 1
LIMIT 2
[17:42:05 INF] Executed DbCommand (0ms) [Parameters=[], CommandType='Text', CommandTimeout='30']
SELECT "j"."JourneyId", "j"."AgvId", "j"."AgvLifecycleGeneration", "j"."BlockReasonCode", "j"."CreatedAt", "j"."CurrentStopSequence", "j"."DispatchGeneration", "j"."DispatchZone", "j"."GateStationId", "j"."GateStationRiotId", "j"."HoldingStartedAt", "j"."LoadingClosedReason", "j"."MapId", "j"."MapIdentity", "j"."NextStopSequence", "j"."OperationSessionId", "j"."PlanRevision", "j"."Stage", "j"."UpdatedAt", "j"."VehicleBusinessRevision", "j"."VehicleKey", "j"."WorklistRevision"
FROM "JourneyRuntimes" AS "j"
WHERE "j"."Stage" <> 'Completed'
[17:42:05 INF] Executed DbCommand (0ms) [Parameters=[@__runtime_JourneyId_0='?' (Size = 36)], CommandType='Text', CommandTimeout='30']
SELECT "j"."JourneyId", "j"."Sequence", "j"."ConsumedSafetyResultMessageId", "j"."CreatedAt", "j"."LegType", "j"."LoadRound", "j"."MovementLegId", "j"."PlanMessageId", "j"."PlanRevision", "j"."PreDepartureSafetyCheckId", "j"."PreDepartureSafetyCheckMessageId", "j"."Role", "j"."RouteEvidenceId", "j"."State", "j"."StationId", "j"."StationRiotId", "j"."SublotWaitStartedAt", "j"."UpdatedAt", "j"."UpperId", "j"."VehicleBusinessMessageId", "j"."VehicleBusinessRevision", "j"."WorklistRevision"
FROM "JourneyStops" AS "j"
WHERE "j"."JourneyId" = @__runtime_JourneyId_0
[17:42:05 INF] Executed DbCommand (0ms) [Parameters=[@__runtime_JourneyId_0='?' (Size = 36)], CommandType='Text', CommandTimeout='30']
SELECT "j"."JourneyId", "j"."DemandId", "j"."ConsumedSublotMessageId", "j"."CreatedAt", "j"."ExpectedBasketCount", "j"."LoadCommandMessageId", "j"."LoadCommandedAt", "j"."LoadSlotOperationAttemptId", "j"."LoadedAt", "j"."State", "j"."StopSequence", "j"."TargetSlotsJson", "j"."UnloadCommandMessageId", "j"."UnloadCommandedAt", "j"."UnloadSlotOperationAttemptId"
FROM "JourneyDemands" AS "j"
WHERE "j"."JourneyId" = @__runtime_JourneyId_0
[17:42:05 INF] Executed DbCommand (0ms) [Parameters=[@__agvId_0='?' (Size = 10)], CommandType='Text', CommandTimeout='30']
SELECT "s"."AgvId", "s"."ActiveUnlockSlotsJson", "s"."CapabilityHash", "s"."CapabilityRevision", "s"."DepartureSafe", "s"."ForcedRecoveryGeneration", "s"."ManifestSha256", "s"."PendingAttemptIdsJson", "s"."PendingResultIdsJson", "s"."ProfileId", "s"."ProtocolCommit", "s"."ProtocolVersion", "s"."ProvenRecoveryCheckpoint", "s"."Readiness", "s"."ReasonCode", "s"."RecoveryReportId", "s"."ReportedForcedRecoveryGeneration", "s"."SafetyHash", "s"."SafetyReasonCodesJson", "s"."SafetyRevision", "s"."SafetyUnknownPresent", "s"."SessionGeneration", "s"."UnsettledSlotOperationAttemptId", "s"."UpdatedAt"
FROM "SessionRecoveries" AS "s"
WHERE "s"."AgvId" = @__agvId_0 AND "s"."Readiness" = 'Ready'
LIMIT 2
[17:42:06 INF] Start processing HTTP request GET http://127.0.0.1:58408/api/task/v1/task/getVehicleInfo/BROKERX-L2-0001
[17:42:06 INF] Sending HTTP request GET http://127.0.0.1:58408/api/task/v1/task/getVehicleInfo/BROKERX-L2-0001
[17:42:06 INF] Received HTTP response headers after 0.5478ms - 200
[17:42:06 INF] End processing HTTP request after 3.8328ms - 200
[17:42:06 INF] Start processing HTTP request GET http://127.0.0.1:58408/api/order/v1/orderRecord?pageNum=1&pageSize=100&filterByState=1&filterByState=3&filterByState=7&filterByState=9
[17:42:06 INF] Sending HTTP request GET http://127.0.0.1:58408/api/order/v1/orderRecord?pageNum=1&pageSize=100&filterByState=1&filterByState=3&filterByState=7&filterByState=9
[17:42:06 INF] Received HTTP response headers after 0.4088ms - 200
[17:42:06 INF] End processing HTTP request after 1.2741ms - 200
[17:42:06 INF] HTTP GET /api/onboard/v1/vehicle-safety responded 200 in 6.1463 ms
[17:42:06 INF] Start processing HTTP request GET http://127.0.0.1:58408/api/imap/v1/mapInfo/stations/25
[17:42:06 INF] Sending HTTP request GET http://127.0.0.1:58408/api/imap/v1/mapInfo/stations/25
[17:42:06 INF] Received HTTP response headers after 0.428ms - 200
[17:42:06 INF] End processing HTTP request after 1.7199ms - 200
[17:42:06 INF] Executed DbCommand (0ms) [Parameters=[], CommandType='Text', CommandTimeout='30']
SELECT "a"."Id", "a"."ContentHash", "a"."DeploymentId", "a"."ImportedAt", "a"."Version"
FROM "AdmissionPolicyState" AS "a"
WHERE "a"."Id" = 1
LIMIT 2
[17:42:06 INF] Executed DbCommand (0ms) [Parameters=[], CommandType='Text', CommandTimeout='30']
SELECT "j"."JourneyId", "j"."AgvId", "j"."AgvLifecycleGeneration", "j"."BlockReasonCode", "j"."CreatedAt", "j"."CurrentStopSequence", "j"."DispatchGeneration", "j"."DispatchZone", "j"."GateStationId", "j"."GateStationRiotId", "j"."HoldingStartedAt", "j"."LoadingClosedReason", "j"."MapId", "j"."MapIdentity", "j"."NextStopSequence", "j"."OperationSessionId", "j"."PlanRevision", "j"."Stage", "j"."UpdatedAt", "j"."VehicleBusinessRevision", "j"."VehicleKey", "j"."WorklistRevision"
FROM "JourneyRuntimes" AS "j"
WHERE "j"."Stage" <> 'Completed'
[17:42:06 INF] Executed DbCommand (0ms) [Parameters=[@__runtime_JourneyId_0='?' (Size = 36)], CommandType='Text', CommandTimeout='30']
SELECT "j"."JourneyId", "j"."Sequence", "j"."ConsumedSafetyResultMessageId", "j"."CreatedAt", "j"."LegType", "j"."LoadRound", "j"."MovementLegId", "j"."PlanMessageId", "j"."PlanRevision", "j"."PreDepartureSafetyCheckId", "j"."PreDepartureSafetyCheckMessageId", "j"."Role", "j"."RouteEvidenceId", "j"."State", "j"."StationId", "j"."StationRiotId", "j"."SublotWaitStartedAt", "j"."UpdatedAt", "j"."UpperId", "j"."VehicleBusinessMessageId", "j"."VehicleBusinessRevision", "j"."WorklistRevision"
FROM "JourneyStops" AS "j"
WHERE "j"."JourneyId" = @__runtime_JourneyId_0
[17:42:06 INF] Executed DbCommand (0ms) [Parameters=[@__runtime_JourneyId_0='?' (Size = 36)], CommandType='Text', CommandTimeout='30']
SELECT "j"."JourneyId", "j"."DemandId", "j"."ConsumedSublotMessageId", "j"."CreatedAt", "j"."ExpectedBasketCount", "j"."LoadCommandMessageId", "j"."LoadCommandedAt", "j"."LoadSlotOperationAttemptId", "j"."LoadedAt", "j"."State", "j"."StopSequence", "j"."TargetSlotsJson", "j"."UnloadCommandMessageId", "j"."UnloadCommandedAt", "j"."UnloadSlotOperationAttemptId"
FROM "JourneyDemands" AS "j"
WHERE "j"."JourneyId" = @__runtime_JourneyId_0
[17:42:06 INF] Executed DbCommand (0ms) [Parameters=[@__agvId_0='?' (Size = 10)], CommandType='Text', CommandTimeout='30']
SELECT "s"."AgvId", "s"."ActiveUnlockSlotsJson", "s"."CapabilityHash", "s"."CapabilityRevision", "s"."DepartureSafe", "s"."ForcedRecoveryGeneration", "s"."ManifestSha256", "s"."PendingAttemptIdsJson", "s"."PendingResultIdsJson", "s"."ProfileId", "s"."ProtocolCommit", "s"."ProtocolVersion", "s"."ProvenRecoveryCheckpoint", "s"."Readiness", "s"."ReasonCode", "s"."RecoveryReportId", "s"."ReportedForcedRecoveryGeneration", "s"."SafetyHash", "s"."SafetyReasonCodesJson", "s"."SafetyRevision", "s"."SafetyUnknownPresent", "s"."SessionGeneration", "s"."UnsettledSlotOperationAttemptId", "s"."UpdatedAt"
FROM "SessionRecoveries" AS "s"
WHERE "s"."AgvId" = @__agvId_0 AND "s"."Readiness" = 'Ready'
LIMIT 2
[17:42:07 INF] Start processing HTTP request GET http://127.0.0.1:58408/api/task/v1/task/getVehicleInfo/BROKERX-L2-0001
[17:42:07 INF] Sending HTTP request GET http://127.0.0.1:58408/api/task/v1/task/getVehicleInfo/BROKERX-L2-0001
[17:42:07 INF] Received HTTP response headers after 0.5622ms - 200
[17:42:07 INF] End processing HTTP request after 3.9769ms - 200
[17:42:07 INF] Start processing HTTP request GET http://127.0.0.1:58408/api/order/v1/orderRecord?pageNum=1&pageSize=100&filterByState=1&filterByState=3&filterByState=7&filterByState=9
[17:42:07 INF] Sending HTTP request GET http://127.0.0.1:58408/api/order/v1/orderRecord?pageNum=1&pageSize=100&filterByState=1&filterByState=3&filterByState=7&filterByState=9
[17:42:07 INF] Received HTTP response headers after 0.4818ms - 200
[17:42:07 INF] End processing HTTP request after 1.1906ms - 200
[17:42:07 INF] HTTP GET /api/onboard/v1/vehicle-safety responded 200 in 6.3214 ms
[17:42:07 INF] Executed DbCommand (0ms) [Parameters=[@__messageId_0='?' (Size = 36)], CommandType='Text', CommandTimeout='30']
SELECT "p"."MessageId", "p"."ContentHash", "p"."FirstResponseJson", "p"."MessageType", "p"."ReceivedAt", "p"."RequestJson"
FROM "ProtocolInbox" AS "p"
WHERE "p"."MessageId" = @__messageId_0
LIMIT 2
[17:42:07 INF] Executed DbCommand (0ms) [Parameters=[@p0='?' (Size = 36), @p1='?' (Size = 64), @p2='?' (Size = 536), @p3='?' (Size = 9), @p4='?' (DbType = DateTimeOffset), @p5='?' (Size = 428)], CommandType='Text', CommandTimeout='30']
INSERT INTO "ProtocolInbox" ("MessageId", "ContentHash", "FirstResponseJson", "MessageType", "ReceivedAt", "RequestJson")
VALUES (@p0, @p1, @p2, @p3, @p4, @p5);
[17:42:07 INF] Start processing HTTP request GET http://127.0.0.1:58408/api/imap/v1/mapInfo/stations/25
[17:42:07 INF] Sending HTTP request GET http://127.0.0.1:58408/api/imap/v1/mapInfo/stations/25
[17:42:07 INF] Received HTTP response headers after 0.5814ms - 200
[17:42:07 INF] End processing HTTP request after 3.8883ms - 200
[17:42:07 INF] Executed DbCommand (0ms) [Parameters=[], CommandType='Text', CommandTimeout='30']
SELECT "a"."Id", "a"."ContentHash", "a"."DeploymentId", "a"."ImportedAt", "a"."Version"
FROM "AdmissionPolicyState" AS "a"
WHERE "a"."Id" = 1
LIMIT 2
[17:42:07 INF] Executed DbCommand (0ms) [Parameters=[], CommandType='Text', CommandTimeout='30']
SELECT "j"."JourneyId", "j"."AgvId", "j"."AgvLifecycleGeneration", "j"."BlockReasonCode", "j"."CreatedAt", "j"."CurrentStopSequence", "j"."DispatchGeneration", "j"."DispatchZone", "j"."GateStationId", "j"."GateStationRiotId", "j"."HoldingStartedAt", "j"."LoadingClosedReason", "j"."MapId", "j"."MapIdentity", "j"."NextStopSequence", "j"."OperationSessionId", "j"."PlanRevision", "j"."Stage", "j"."UpdatedAt", "j"."VehicleBusinessRevision", "j"."VehicleKey", "j"."WorklistRevision"
FROM "JourneyRuntimes" AS "j"
WHERE "j"."Stage" <> 'Completed'
[17:42:07 INF] Executed DbCommand (0ms) [Parameters=[@__runtime_JourneyId_0='?' (Size = 36)], CommandType='Text', CommandTimeout='30']
SELECT "j"."JourneyId", "j"."Sequence", "j"."ConsumedSafetyResultMessageId", "j"."CreatedAt", "j"."LegType", "j"."LoadRound", "j"."MovementLegId", "j"."PlanMessageId", "j"."PlanRevision", "j"."PreDepartureSafetyCheckId", "j"."PreDepartureSafetyCheckMessageId", "j"."Role", "j"."RouteEvidenceId", "j"."State", "j"."StationId", "j"."StationRiotId", "j"."SublotWaitStartedAt", "j"."UpdatedAt", "j"."UpperId", "j"."VehicleBusinessMessageId", "j"."VehicleBusinessRevision", "j"."WorklistRevision"
FROM "JourneyStops" AS "j"
WHERE "j"."JourneyId" = @__runtime_JourneyId_0
[17:42:07 INF] Executed DbCommand (0ms) [Parameters=[@__runtime_JourneyId_0='?' (Size = 36)], CommandType='Text', CommandTimeout='30']
SELECT "j"."JourneyId", "j"."DemandId", "j"."ConsumedSublotMessageId", "j"."CreatedAt", "j"."ExpectedBasketCount", "j"."LoadCommandMessageId", "j"."LoadCommandedAt", "j"."LoadSlotOperationAttemptId", "j"."LoadedAt", "j"."State", "j"."StopSequence", "j"."TargetSlotsJson", "j"."UnloadCommandMessageId", "j"."UnloadCommandedAt", "j"."UnloadSlotOperationAttemptId"
FROM "JourneyDemands" AS "j"
WHERE "j"."JourneyId" = @__runtime_JourneyId_0
[17:42:07 INF] Executed DbCommand (0ms) [Parameters=[@__agvId_0='?' (Size = 10)], CommandType='Text', CommandTimeout='30']
SELECT "s"."AgvId", "s"."ActiveUnlockSlotsJson", "s"."CapabilityHash", "s"."CapabilityRevision", "s"."DepartureSafe", "s"."ForcedRecoveryGeneration", "s"."ManifestSha256", "s"."PendingAttemptIdsJson", "s"."PendingResultIdsJson", "s"."ProfileId", "s"."ProtocolCommit", "s"."ProtocolVersion", "s"."ProvenRecoveryCheckpoint", "s"."Readiness", "s"."ReasonCode", "s"."RecoveryReportId", "s"."ReportedForcedRecoveryGeneration", "s"."SafetyHash", "s"."SafetyReasonCodesJson", "s"."SafetyRevision", "s"."SafetyUnknownPresent", "s"."SessionGeneration", "s"."UnsettledSlotOperationAttemptId", "s"."UpdatedAt"
FROM "SessionRecoveries" AS "s"
WHERE "s"."AgvId" = @__agvId_0 AND "s"."Readiness" = 'Ready'
LIMIT 2
[17:42:08 INF] Start processing HTTP request GET http://127.0.0.1:58408/api/task/v1/task/getVehicleInfo/BROKERX-L2-0001
[17:42:08 INF] Sending HTTP request GET http://127.0.0.1:58408/api/task/v1/task/getVehicleInfo/BROKERX-L2-0001
[17:42:08 INF] Received HTTP response headers after 0.5554ms - 200
[17:42:08 INF] End processing HTTP request after 3.9306ms - 200
[17:42:08 INF] Start processing HTTP request GET http://127.0.0.1:58408/api/order/v1/orderRecord?pageNum=1&pageSize=100&filterByState=1&filterByState=3&filterByState=7&filterByState=9
[17:42:08 INF] Sending HTTP request GET http://127.0.0.1:58408/api/order/v1/orderRecord?pageNum=1&pageSize=100&filterByState=1&filterByState=3&filterByState=7&filterByState=9
[17:42:08 INF] Received HTTP response headers after 0.513ms - 200
[17:42:08 INF] End processing HTTP request after 1.2317ms - 200
[17:42:08 INF] HTTP GET /api/onboard/v1/vehicle-safety responded 200 in 6.2883 ms
[17:42:08 INF] Start processing HTTP request GET http://127.0.0.1:58408/api/imap/v1/mapInfo/stations/25
[17:42:08 INF] Sending HTTP request GET http://127.0.0.1:58408/api/imap/v1/mapInfo/stations/25
[17:42:08 INF] Received HTTP response headers after 0.5072ms - 200
[17:42:08 INF] End processing HTTP request after 1.9286ms - 200
[17:42:08 INF] Executed DbCommand (0ms) [Parameters=[], CommandType='Text', CommandTimeout='30']
SELECT "a"."Id", "a"."ContentHash", "a"."DeploymentId", "a"."ImportedAt", "a"."Version"
FROM "AdmissionPolicyState" AS "a"
WHERE "a"."Id" = 1
LIMIT 2
[17:42:08 INF] Executed DbCommand (0ms) [Parameters=[], CommandType='Text', CommandTimeout='30']
SELECT "j"."JourneyId", "j"."AgvId", "j"."AgvLifecycleGeneration", "j"."BlockReasonCode", "j"."CreatedAt", "j"."CurrentStopSequence", "j"."DispatchGeneration", "j"."DispatchZone", "j"."GateStationId", "j"."GateStationRiotId", "j"."HoldingStartedAt", "j"."LoadingClosedReason", "j"."MapId", "j"."MapIdentity", "j"."NextStopSequence", "j"."OperationSessionId", "j"."PlanRevision", "j"."Stage", "j"."UpdatedAt", "j"."VehicleBusinessRevision", "j"."VehicleKey", "j"."WorklistRevision"
FROM "JourneyRuntimes" AS "j"
WHERE "j"."Stage" <> 'Completed'
[17:42:08 INF] Executed DbCommand (0ms) [Parameters=[@__runtime_JourneyId_0='?' (Size = 36)], CommandType='Text', CommandTimeout='30']
SELECT "j"."JourneyId", "j"."Sequence", "j"."ConsumedSafetyResultMessageId", "j"."CreatedAt", "j"."LegType", "j"."LoadRound", "j"."MovementLegId", "j"."PlanMessageId", "j"."PlanRevision", "j"."PreDepartureSafetyCheckId", "j"."PreDepartureSafetyCheckMessageId", "j"."Role", "j"."RouteEvidenceId", "j"."State", "j"."StationId", "j"."StationRiotId", "j"."SublotWaitStartedAt", "j"."UpdatedAt", "j"."UpperId", "j"."VehicleBusinessMessageId", "j"."VehicleBusinessRevision", "j"."WorklistRevision"
FROM "JourneyStops" AS "j"
WHERE "j"."JourneyId" = @__runtime_JourneyId_0
[17:42:08 INF] Executed DbCommand (0ms) [Parameters=[@__runtime_JourneyId_0='?' (Size = 36)], CommandType='Text', CommandTimeout='30']
SELECT "j"."JourneyId", "j"."DemandId", "j"."ConsumedSublotMessageId", "j"."CreatedAt", "j"."ExpectedBasketCount", "j"."LoadCommandMessageId", "j"."LoadCommandedAt", "j"."LoadSlotOperationAttemptId", "j"."LoadedAt", "j"."State", "j"."StopSequence", "j"."TargetSlotsJson", "j"."UnloadCommandMessageId", "j"."UnloadCommandedAt", "j"."UnloadSlotOperationAttemptId"
FROM "JourneyDemands" AS "j"
WHERE "j"."JourneyId" = @__runtime_JourneyId_0
[17:42:08 INF] Executed DbCommand (0ms) [Parameters=[@__agvId_0='?' (Size = 10)], CommandType='Text', CommandTimeout='30']
SELECT "s"."AgvId", "s"."ActiveUnlockSlotsJson", "s"."CapabilityHash", "s"."CapabilityRevision", "s"."DepartureSafe", "s"."ForcedRecoveryGeneration", "s"."ManifestSha256", "s"."PendingAttemptIdsJson", "s"."PendingResultIdsJson", "s"."ProfileId", "s"."ProtocolCommit", "s"."ProtocolVersion", "s"."ProvenRecoveryCheckpoint", "s"."Readiness", "s"."ReasonCode", "s"."RecoveryReportId", "s"."ReportedForcedRecoveryGeneration", "s"."SafetyHash", "s"."SafetyReasonCodesJson", "s"."SafetyRevision", "s"."SafetyUnknownPresent", "s"."SessionGeneration", "s"."UnsettledSlotOperationAttemptId", "s"."UpdatedAt"
FROM "SessionRecoveries" AS "s"
WHERE "s"."AgvId" = @__agvId_0 AND "s"."Readiness" = 'Ready'
LIMIT 2
[17:42:09 INF] Start processing HTTP request GET http://127.0.0.1:58408/api/task/v1/task/getVehicleInfo/BROKERX-L2-0001
[17:42:09 INF] Sending HTTP request GET http://127.0.0.1:58408/api/task/v1/task/getVehicleInfo/BROKERX-L2-0001
[17:42:09 INF] Received HTTP response headers after 0.5857ms - 200
[17:42:09 INF] End processing HTTP request after 4.0549ms - 200
[17:42:09 INF] Start processing HTTP request GET http://127.0.0.1:58408/api/order/v1/orderRecord?pageNum=1&pageSize=100&filterByState=1&filterByState=3&filterByState=7&filterByState=9
[17:42:09 INF] Sending HTTP request GET http://127.0.0.1:58408/api/order/v1/orderRecord?pageNum=1&pageSize=100&filterByState=1&filterByState=3&filterByState=7&filterByState=9
[17:42:09 INF] Received HTTP response headers after 0.3857ms - 200
[17:42:09 INF] End processing HTTP request after 1.0054ms - 200
[17:42:09 INF] HTTP GET /api/onboard/v1/vehicle-safety responded 200 in 6.1228 ms
[17:42:09 INF] Start processing HTTP request GET http://127.0.0.1:58408/api/imap/v1/mapInfo/stations/25
[17:42:09 INF] Sending HTTP request GET http://127.0.0.1:58408/api/imap/v1/mapInfo/stations/25
[17:42:09 INF] Received HTTP response headers after 0.571ms - 200
[17:42:09 INF] End processing HTTP request after 1.9029ms - 200
[17:42:09 INF] Executed DbCommand (0ms) [Parameters=[], CommandType='Text', CommandTimeout='30']
SELECT "a"."Id", "a"."ContentHash", "a"."DeploymentId", "a"."ImportedAt", "a"."Version"
FROM "AdmissionPolicyState" AS "a"
WHERE "a"."Id" = 1
LIMIT 2
[17:42:09 INF] Executed DbCommand (0ms) [Parameters=[], CommandType='Text', CommandTimeout='30']
SELECT "j"."JourneyId", "j"."AgvId", "j"."AgvLifecycleGeneration", "j"."BlockReasonCode", "j"."CreatedAt", "j"."CurrentStopSequence", "j"."DispatchGeneration", "j"."DispatchZone", "j"."GateStationId", "j"."GateStationRiotId", "j"."HoldingStartedAt", "j"."LoadingClosedReason", "j"."MapId", "j"."MapIdentity", "j"."NextStopSequence", "j"."OperationSessionId", "j"."PlanRevision", "j"."Stage", "j"."UpdatedAt", "j"."VehicleBusinessRevision", "j"."VehicleKey", "j"."WorklistRevision"
FROM "JourneyRuntimes" AS "j"
WHERE "j"."Stage" <> 'Completed'
[17:42:09 INF] Executed DbCommand (0ms) [Parameters=[@__runtime_JourneyId_0='?' (Size = 36)], CommandType='Text', CommandTimeout='30']
SELECT "j"."JourneyId", "j"."Sequence", "j"."ConsumedSafetyResultMessageId", "j"."CreatedAt", "j"."LegType", "j"."LoadRound", "j"."MovementLegId", "j"."PlanMessageId", "j"."PlanRevision", "j"."PreDepartureSafetyCheckId", "j"."PreDepartureSafetyCheckMessageId", "j"."Role", "j"."RouteEvidenceId", "j"."State", "j"."StationId", "j"."StationRiotId", "j"."SublotWaitStartedAt", "j"."UpdatedAt", "j"."UpperId", "j"."VehicleBusinessMessageId", "j"."VehicleBusinessRevision", "j"."WorklistRevision"
FROM "JourneyStops" AS "j"
WHERE "j"."JourneyId" = @__runtime_JourneyId_0
[17:42:09 INF] Executed DbCommand (0ms) [Parameters=[@__runtime_JourneyId_0='?' (Size = 36)], CommandType='Text', CommandTimeout='30']
SELECT "j"."JourneyId", "j"."DemandId", "j"."ConsumedSublotMessageId", "j"."CreatedAt", "j"."ExpectedBasketCount", "j"."LoadCommandMessageId", "j"."LoadCommandedAt", "j"."LoadSlotOperationAttemptId", "j"."LoadedAt", "j"."State", "j"."StopSequence", "j"."TargetSlotsJson", "j"."UnloadCommandMessageId", "j"."UnloadCommandedAt", "j"."UnloadSlotOperationAttemptId"
FROM "JourneyDemands" AS "j"
WHERE "j"."JourneyId" = @__runtime_JourneyId_0
[17:42:09 INF] Executed DbCommand (0ms) [Parameters=[@__agvId_0='?' (Size = 10)], CommandType='Text', CommandTimeout='30']
SELECT "s"."AgvId", "s"."ActiveUnlockSlotsJson", "s"."CapabilityHash", "s"."CapabilityRevision", "s"."DepartureSafe", "s"."ForcedRecoveryGeneration", "s"."ManifestSha256", "s"."PendingAttemptIdsJson", "s"."PendingResultIdsJson", "s"."ProfileId", "s"."ProtocolCommit", "s"."ProtocolVersion", "s"."ProvenRecoveryCheckpoint", "s"."Readiness", "s"."ReasonCode", "s"."RecoveryReportId", "s"."ReportedForcedRecoveryGeneration", "s"."SafetyHash", "s"."SafetyReasonCodesJson", "s"."SafetyRevision", "s"."SafetyUnknownPresent", "s"."SessionGeneration", "s"."UnsettledSlotOperationAttemptId", "s"."UpdatedAt"
FROM "SessionRecoveries" AS "s"
WHERE "s"."AgvId" = @__agvId_0 AND "s"."Readiness" = 'Ready'
LIMIT 2
[17:42:10 INF] Start processing HTTP request GET http://127.0.0.1:58408/api/task/v1/task/getVehicleInfo/BROKERX-L2-0001
[17:42:10 INF] Sending HTTP request GET http://127.0.0.1:58408/api/task/v1/task/getVehicleInfo/BROKERX-L2-0001
[17:42:10 INF] Received HTTP response headers after 0.5263ms - 200
[17:42:10 INF] End processing HTTP request after 3.7102ms - 200
[17:42:10 INF] Start processing HTTP request GET http://127.0.0.1:58408/api/order/v1/orderRecord?pageNum=1&pageSize=100&filterByState=1&filterByState=3&filterByState=7&filterByState=9
[17:42:10 INF] Sending HTTP request GET http://127.0.0.1:58408/api/order/v1/orderRecord?pageNum=1&pageSize=100&filterByState=1&filterByState=3&filterByState=7&filterByState=9
[17:42:10 INF] Received HTTP response headers after 0.4185ms - 200
[17:42:10 INF] End processing HTTP request after 1.1187ms - 200
[17:42:10 INF] HTTP GET /api/onboard/v1/vehicle-safety responded 200 in 5.9283 ms
[17:42:10 INF] Start processing HTTP request GET http://127.0.0.1:58408/api/imap/v1/mapInfo/stations/25
[17:42:10 INF] Sending HTTP request GET http://127.0.0.1:58408/api/imap/v1/mapInfo/stations/25
[17:42:10 INF] Received HTTP response headers after 0.4978ms - 200
[17:42:10 INF] End processing HTTP request after 1.8388ms - 200
[17:42:10 INF] Executed DbCommand (0ms) [Parameters=[], CommandType='Text', CommandTimeout='30']
SELECT "a"."Id", "a"."ContentHash", "a"."DeploymentId", "a"."ImportedAt", "a"."Version"
FROM "AdmissionPolicyState" AS "a"
WHERE "a"."Id" = 1
LIMIT 2
[17:42:10 INF] Executed DbCommand (0ms) [Parameters=[], CommandType='Text', CommandTimeout='30']
SELECT "j"."JourneyId", "j"."AgvId", "j"."AgvLifecycleGeneration", "j"."BlockReasonCode", "j"."CreatedAt", "j"."CurrentStopSequence", "j"."DispatchGeneration", "j"."DispatchZone", "j"."GateStationId", "j"."GateStationRiotId", "j"."HoldingStartedAt", "j"."LoadingClosedReason", "j"."MapId", "j"."MapIdentity", "j"."NextStopSequence", "j"."OperationSessionId", "j"."PlanRevision", "j"."Stage", "j"."UpdatedAt", "j"."VehicleBusinessRevision", "j"."VehicleKey", "j"."WorklistRevision"
FROM "JourneyRuntimes" AS "j"
WHERE "j"."Stage" <> 'Completed'
[17:42:10 INF] Executed DbCommand (0ms) [Parameters=[@__runtime_JourneyId_0='?' (Size = 36)], CommandType='Text', CommandTimeout='30']
SELECT "j"."JourneyId", "j"."Sequence", "j"."ConsumedSafetyResultMessageId", "j"."CreatedAt", "j"."LegType", "j"."LoadRound", "j"."MovementLegId", "j"."PlanMessageId", "j"."PlanRevision", "j"."PreDepartureSafetyCheckId", "j"."PreDepartureSafetyCheckMessageId", "j"."Role", "j"."RouteEvidenceId", "j"."State", "j"."StationId", "j"."StationRiotId", "j"."SublotWaitStartedAt", "j"."UpdatedAt", "j"."UpperId", "j"."VehicleBusinessMessageId", "j"."VehicleBusinessRevision", "j"."WorklistRevision"
FROM "JourneyStops" AS "j"
WHERE "j"."JourneyId" = @__runtime_JourneyId_0
[17:42:10 INF] Executed DbCommand (0ms) [Parameters=[@__runtime_JourneyId_0='?' (Size = 36)], CommandType='Text', CommandTimeout='30']
SELECT "j"."JourneyId", "j"."DemandId", "j"."ConsumedSublotMessageId", "j"."CreatedAt", "j"."ExpectedBasketCount", "j"."LoadCommandMessageId", "j"."LoadCommandedAt", "j"."LoadSlotOperationAttemptId", "j"."LoadedAt", "j"."State", "j"."StopSequence", "j"."TargetSlotsJson", "j"."UnloadCommandMessageId", "j"."UnloadCommandedAt", "j"."UnloadSlotOperationAttemptId"
FROM "JourneyDemands" AS "j"
WHERE "j"."JourneyId" = @__runtime_JourneyId_0
[17:42:10 INF] Executed DbCommand (0ms) [Parameters=[@__agvId_0='?' (Size = 10)], CommandType='Text', CommandTimeout='30']
SELECT "s"."AgvId", "s"."ActiveUnlockSlotsJson", "s"."CapabilityHash", "s"."CapabilityRevision", "s"."DepartureSafe", "s"."ForcedRecoveryGeneration", "s"."ManifestSha256", "s"."PendingAttemptIdsJson", "s"."PendingResultIdsJson", "s"."ProfileId", "s"."ProtocolCommit", "s"."ProtocolVersion", "s"."ProvenRecoveryCheckpoint", "s"."Readiness", "s"."ReasonCode", "s"."RecoveryReportId", "s"."ReportedForcedRecoveryGeneration", "s"."SafetyHash", "s"."SafetyReasonCodesJson", "s"."SafetyRevision", "s"."SafetyUnknownPresent", "s"."SessionGeneration", "s"."UnsettledSlotOperationAttemptId", "s"."UpdatedAt"
FROM "SessionRecoveries" AS "s"
WHERE "s"."AgvId" = @__agvId_0 AND "s"."Readiness" = 'Ready'
LIMIT 2
[17:42:11 INF] Start processing HTTP request GET http://127.0.0.1:58408/api/task/v1/task/getVehicleInfo/BROKERX-L2-0001
[17:42:11 INF] Sending HTTP request GET http://127.0.0.1:58408/api/task/v1/task/getVehicleInfo/BROKERX-L2-0001
[17:42:11 INF] Received HTTP response headers after 0.8318ms - 200
[17:42:11 INF] End processing HTTP request after 4.5641ms - 200
[17:42:11 INF] Start processing HTTP request GET http://127.0.0.1:58408/api/order/v1/orderRecord?pageNum=1&pageSize=100&filterByState=1&filterByState=3&filterByState=7&filterByState=9
[17:42:11 INF] Sending HTTP request GET http://127.0.0.1:58408/api/order/v1/orderRecord?pageNum=1&pageSize=100&filterByState=1&filterByState=3&filterByState=7&filterByState=9
[17:42:11 INF] Received HTTP response headers after 0.4458ms - 200
[17:42:11 INF] End processing HTTP request after 1.3182ms - 200
[17:42:11 INF] HTTP GET /api/onboard/v1/vehicle-safety responded 200 in 7.2976 ms
[17:42:11 INF] Start processing HTTP request GET http://127.0.0.1:58408/api/imap/v1/mapInfo/stations/25
[17:42:11 INF] Sending HTTP request GET http://127.0.0.1:58408/api/imap/v1/mapInfo/stations/25
[17:42:11 INF] Received HTTP response headers after 0.4643ms - 200
[17:42:11 INF] End processing HTTP request after 3.6189ms - 200
[17:42:11 INF] Executed DbCommand (0ms) [Parameters=[], CommandType='Text', CommandTimeout='30']
SELECT "a"."Id", "a"."ContentHash", "a"."DeploymentId", "a"."ImportedAt", "a"."Version"
FROM "AdmissionPolicyState" AS "a"
WHERE "a"."Id" = 1
LIMIT 2
[17:42:11 INF] Executed DbCommand (0ms) [Parameters=[], CommandType='Text', CommandTimeout='30']
SELECT "j"."JourneyId", "j"."AgvId", "j"."AgvLifecycleGeneration", "j"."BlockReasonCode", "j"."CreatedAt", "j"."CurrentStopSequence", "j"."DispatchGeneration", "j"."DispatchZone", "j"."GateStationId", "j"."GateStationRiotId", "j"."HoldingStartedAt", "j"."LoadingClosedReason", "j"."MapId", "j"."MapIdentity", "j"."NextStopSequence", "j"."OperationSessionId", "j"."PlanRevision", "j"."Stage", "j"."UpdatedAt", "j"."VehicleBusinessRevision", "j"."VehicleKey", "j"."WorklistRevision"
FROM "JourneyRuntimes" AS "j"
WHERE "j"."Stage" <> 'Completed'
[17:42:11 INF] Executed DbCommand (0ms) [Parameters=[@__runtime_JourneyId_0='?' (Size = 36)], CommandType='Text', CommandTimeout='30']
SELECT "j"."JourneyId", "j"."Sequence", "j"."ConsumedSafetyResultMessageId", "j"."CreatedAt", "j"."LegType", "j"."LoadRound", "j"."MovementLegId", "j"."PlanMessageId", "j"."PlanRevision", "j"."PreDepartureSafetyCheckId", "j"."PreDepartureSafetyCheckMessageId", "j"."Role", "j"."RouteEvidenceId", "j"."State", "j"."StationId", "j"."StationRiotId", "j"."SublotWaitStartedAt", "j"."UpdatedAt", "j"."UpperId", "j"."VehicleBusinessMessageId", "j"."VehicleBusinessRevision", "j"."WorklistRevision"
FROM "JourneyStops" AS "j"
WHERE "j"."JourneyId" = @__runtime_JourneyId_0
[17:42:11 INF] Executed DbCommand (0ms) [Parameters=[@__runtime_JourneyId_0='?' (Size = 36)], CommandType='Text', CommandTimeout='30']
SELECT "j"."JourneyId", "j"."DemandId", "j"."ConsumedSublotMessageId", "j"."CreatedAt", "j"."ExpectedBasketCount", "j"."LoadCommandMessageId", "j"."LoadCommandedAt", "j"."LoadSlotOperationAttemptId", "j"."LoadedAt", "j"."State", "j"."StopSequence", "j"."TargetSlotsJson", "j"."UnloadCommandMessageId", "j"."UnloadCommandedAt", "j"."UnloadSlotOperationAttemptId"
FROM "JourneyDemands" AS "j"
WHERE "j"."JourneyId" = @__runtime_JourneyId_0
[17:42:11 INF] Executed DbCommand (0ms) [Parameters=[@__agvId_0='?' (Size = 10)], CommandType='Text', CommandTimeout='30']
SELECT "s"."AgvId", "s"."ActiveUnlockSlotsJson", "s"."CapabilityHash", "s"."CapabilityRevision", "s"."DepartureSafe", "s"."ForcedRecoveryGeneration", "s"."ManifestSha256", "s"."PendingAttemptIdsJson", "s"."PendingResultIdsJson", "s"."ProfileId", "s"."ProtocolCommit", "s"."ProtocolVersion", "s"."ProvenRecoveryCheckpoint", "s"."Readiness", "s"."ReasonCode", "s"."RecoveryReportId", "s"."ReportedForcedRecoveryGeneration", "s"."SafetyHash", "s"."SafetyReasonCodesJson", "s"."SafetyRevision", "s"."SafetyUnknownPresent", "s"."SessionGeneration", "s"."UnsettledSlotOperationAttemptId", "s"."UpdatedAt"
FROM "SessionRecoveries" AS "s"
WHERE "s"."AgvId" = @__agvId_0 AND "s"."Readiness" = 'Ready'
LIMIT 2
[17:42:12 INF] Executed DbCommand (0ms) [Parameters=[@__messageId_0='?' (Size = 36)], CommandType='Text', CommandTimeout='30']
SELECT "p"."MessageId", "p"."ContentHash", "p"."FirstResponseJson", "p"."MessageType", "p"."ReceivedAt", "p"."RequestJson"
FROM "ProtocolInbox" AS "p"
WHERE "p"."MessageId" = @__messageId_0
LIMIT 2
[17:42:12 INF] Executed DbCommand (0ms) [Parameters=[@p0='?' (Size = 36), @p1='?' (Size = 64), @p2='?' (Size = 536), @p3='?' (Size = 9), @p4='?' (DbType = DateTimeOffset), @p5='?' (Size = 428)], CommandType='Text', CommandTimeout='30']
INSERT INTO "ProtocolInbox" ("MessageId", "ContentHash", "FirstResponseJson", "MessageType", "ReceivedAt", "RequestJson")
VALUES (@p0, @p1, @p2, @p3, @p4, @p5);
[17:42:12 INF] Start processing HTTP request GET http://127.0.0.1:58408/api/task/v1/task/getVehicleInfo/BROKERX-L2-0001
[17:42:12 INF] Sending HTTP request GET http://127.0.0.1:58408/api/task/v1/task/getVehicleInfo/BROKERX-L2-0001
[17:42:12 INF] Received HTTP response headers after 0.4517ms - 200
[17:42:12 INF] End processing HTTP request after 2.0597ms - 200
[17:42:12 INF] Start processing HTTP request GET http://127.0.0.1:58408/api/order/v1/orderRecord?pageNum=1&pageSize=100&filterByState=1&filterByState=3&filterByState=7&filterByState=9
[17:42:12 INF] Sending HTTP request GET http://127.0.0.1:58408/api/order/v1/orderRecord?pageNum=1&pageSize=100&filterByState=1&filterByState=3&filterByState=7&filterByState=9
[17:42:12 INF] Received HTTP response headers after 0.5438ms - 200
[17:42:12 INF] End processing HTTP request after 1.3174ms - 200
[17:42:12 INF] HTTP GET /api/onboard/v1/vehicle-safety responded 200 in 4.6672 ms
[17:42:12 INF] Start processing HTTP request GET http://127.0.0.1:58408/api/imap/v1/mapInfo/stations/25
[17:42:12 INF] Sending HTTP request GET http://127.0.0.1:58408/api/imap/v1/mapInfo/stations/25
[17:42:12 INF] Received HTTP response headers after 0.4189ms - 200
[17:42:12 INF] End processing HTTP request after 1.6289ms - 200
[17:42:12 INF] Executed DbCommand (0ms) [Parameters=[], CommandType='Text', CommandTimeout='30']
SELECT "a"."Id", "a"."ContentHash", "a"."DeploymentId", "a"."ImportedAt", "a"."Version"
FROM "AdmissionPolicyState" AS "a"
WHERE "a"."Id" = 1
LIMIT 2
[17:42:12 INF] Executed DbCommand (0ms) [Parameters=[], CommandType='Text', CommandTimeout='30']
SELECT "j"."JourneyId", "j"."AgvId", "j"."AgvLifecycleGeneration", "j"."BlockReasonCode", "j"."CreatedAt", "j"."CurrentStopSequence", "j"."DispatchGeneration", "j"."DispatchZone", "j"."GateStationId", "j"."GateStationRiotId", "j"."HoldingStartedAt", "j"."LoadingClosedReason", "j"."MapId", "j"."MapIdentity", "j"."NextStopSequence", "j"."OperationSessionId", "j"."PlanRevision", "j"."Stage", "j"."UpdatedAt", "j"."VehicleBusinessRevision", "j"."VehicleKey", "j"."WorklistRevision"
FROM "JourneyRuntimes" AS "j"
WHERE "j"."Stage" <> 'Completed'
[17:42:12 INF] Executed DbCommand (0ms) [Parameters=[@__runtime_JourneyId_0='?' (Size = 36)], CommandType='Text', CommandTimeout='30']
SELECT "j"."JourneyId", "j"."Sequence", "j"."ConsumedSafetyResultMessageId", "j"."CreatedAt", "j"."LegType", "j"."LoadRound", "j"."MovementLegId", "j"."PlanMessageId", "j"."PlanRevision", "j"."PreDepartureSafetyCheckId", "j"."PreDepartureSafetyCheckMessageId", "j"."Role", "j"."RouteEvidenceId", "j"."State", "j"."StationId", "j"."StationRiotId", "j"."SublotWaitStartedAt", "j"."UpdatedAt", "j"."UpperId", "j"."VehicleBusinessMessageId", "j"."VehicleBusinessRevision", "j"."WorklistRevision"
FROM "JourneyStops" AS "j"
WHERE "j"."JourneyId" = @__runtime_JourneyId_0
[17:42:12 INF] Executed DbCommand (0ms) [Parameters=[@__runtime_JourneyId_0='?' (Size = 36)], CommandType='Text', CommandTimeout='30']
SELECT "j"."JourneyId", "j"."DemandId", "j"."ConsumedSublotMessageId", "j"."CreatedAt", "j"."ExpectedBasketCount", "j"."LoadCommandMessageId", "j"."LoadCommandedAt", "j"."LoadSlotOperationAttemptId", "j"."LoadedAt", "j"."State", "j"."StopSequence", "j"."TargetSlotsJson", "j"."UnloadCommandMessageId", "j"."UnloadCommandedAt", "j"."UnloadSlotOperationAttemptId"
FROM "JourneyDemands" AS "j"
WHERE "j"."JourneyId" = @__runtime_JourneyId_0
[17:42:12 INF] Executed DbCommand (0ms) [Parameters=[@__agvId_0='?' (Size = 10)], CommandType='Text', CommandTimeout='30']
SELECT "s"."AgvId", "s"."ActiveUnlockSlotsJson", "s"."CapabilityHash", "s"."CapabilityRevision", "s"."DepartureSafe", "s"."ForcedRecoveryGeneration", "s"."ManifestSha256", "s"."PendingAttemptIdsJson", "s"."PendingResultIdsJson", "s"."ProfileId", "s"."ProtocolCommit", "s"."ProtocolVersion", "s"."ProvenRecoveryCheckpoint", "s"."Readiness", "s"."ReasonCode", "s"."RecoveryReportId", "s"."ReportedForcedRecoveryGeneration", "s"."SafetyHash", "s"."SafetyReasonCodesJson", "s"."SafetyRevision", "s"."SafetyUnknownPresent", "s"."SessionGeneration", "s"."UnsettledSlotOperationAttemptId", "s"."UpdatedAt"
FROM "SessionRecoveries" AS "s"
WHERE "s"."AgvId" = @__agvId_0 AND "s"."Readiness" = 'Ready'
LIMIT 2
[17:42:13 INF] Start processing HTTP request GET http://127.0.0.1:58408/api/task/v1/task/getVehicleInfo/BROKERX-L2-0001
[17:42:13 INF] Sending HTTP request GET http://127.0.0.1:58408/api/task/v1/task/getVehicleInfo/BROKERX-L2-0001
[17:42:13 INF] Received HTTP response headers after 0.4467ms - 200
[17:42:13 INF] End processing HTTP request after 3.5787ms - 200
[17:42:13 INF] Start processing HTTP request GET http://127.0.0.1:58408/api/order/v1/orderRecord?pageNum=1&pageSize=100&filterByState=1&filterByState=3&filterByState=7&filterByState=9
[17:42:13 INF] Sending HTTP request GET http://127.0.0.1:58408/api/order/v1/orderRecord?pageNum=1&pageSize=100&filterByState=1&filterByState=3&filterByState=7&filterByState=9
[17:42:13 INF] Received HTTP response headers after 0.3412ms - 200
[17:42:13 INF] End processing HTTP request after 0.9052ms - 200
[17:42:13 INF] HTTP GET /api/onboard/v1/vehicle-safety responded 200 in 5.4861 ms
[17:42:13 INF] Start processing HTTP request GET http://127.0.0.1:58408/api/imap/v1/mapInfo/stations/25
[17:42:13 INF] Sending HTTP request GET http://127.0.0.1:58408/api/imap/v1/mapInfo/stations/25
[17:42:13 INF] Received HTTP response headers after 0.4926ms - 200
[17:42:13 INF] End processing HTTP request after 3.6029ms - 200
[17:42:13 INF] Executed DbCommand (0ms) [Parameters=[], CommandType='Text', CommandTimeout='30']
SELECT "a"."Id", "a"."ContentHash", "a"."DeploymentId", "a"."ImportedAt", "a"."Version"
FROM "AdmissionPolicyState" AS "a"
WHERE "a"."Id" = 1
LIMIT 2
[17:42:13 INF] Executed DbCommand (0ms) [Parameters=[], CommandType='Text', CommandTimeout='30']
SELECT "j"."JourneyId", "j"."AgvId", "j"."AgvLifecycleGeneration", "j"."BlockReasonCode", "j"."CreatedAt", "j"."CurrentStopSequence", "j"."DispatchGeneration", "j"."DispatchZone", "j"."GateStationId", "j"."GateStationRiotId", "j"."HoldingStartedAt", "j"."LoadingClosedReason", "j"."MapId", "j"."MapIdentity", "j"."NextStopSequence", "j"."OperationSessionId", "j"."PlanRevision", "j"."Stage", "j"."UpdatedAt", "j"."VehicleBusinessRevision", "j"."VehicleKey", "j"."WorklistRevision"
FROM "JourneyRuntimes" AS "j"
WHERE "j"."Stage" <> 'Completed'
[17:42:13 INF] Executed DbCommand (0ms) [Parameters=[@__runtime_JourneyId_0='?' (Size = 36)], CommandType='Text', CommandTimeout='30']
SELECT "j"."JourneyId", "j"."Sequence", "j"."ConsumedSafetyResultMessageId", "j"."CreatedAt", "j"."LegType", "j"."LoadRound", "j"."MovementLegId", "j"."PlanMessageId", "j"."PlanRevision", "j"."PreDepartureSafetyCheckId", "j"."PreDepartureSafetyCheckMessageId", "j"."Role", "j"."RouteEvidenceId", "j"."State", "j"."StationId", "j"."StationRiotId", "j"."SublotWaitStartedAt", "j"."UpdatedAt", "j"."UpperId", "j"."VehicleBusinessMessageId", "j"."VehicleBusinessRevision", "j"."WorklistRevision"
FROM "JourneyStops" AS "j"
WHERE "j"."JourneyId" = @__runtime_JourneyId_0
[17:42:13 INF] Executed DbCommand (0ms) [Parameters=[@__runtime_JourneyId_0='?' (Size = 36)], CommandType='Text', CommandTimeout='30']
SELECT "j"."JourneyId", "j"."DemandId", "j"."ConsumedSublotMessageId", "j"."CreatedAt", "j"."ExpectedBasketCount", "j"."LoadCommandMessageId", "j"."LoadCommandedAt", "j"."LoadSlotOperationAttemptId", "j"."LoadedAt", "j"."State", "j"."StopSequence", "j"."TargetSlotsJson", "j"."UnloadCommandMessageId", "j"."UnloadCommandedAt", "j"."UnloadSlotOperationAttemptId"
FROM "JourneyDemands" AS "j"
WHERE "j"."JourneyId" = @__runtime_JourneyId_0
[17:42:13 INF] Executed DbCommand (0ms) [Parameters=[@__agvId_0='?' (Size = 10)], CommandType='Text', CommandTimeout='30']
SELECT "s"."AgvId", "s"."ActiveUnlockSlotsJson", "s"."CapabilityHash", "s"."CapabilityRevision", "s"."DepartureSafe", "s"."ForcedRecoveryGeneration", "s"."ManifestSha256", "s"."PendingAttemptIdsJson", "s"."PendingResultIdsJson", "s"."ProfileId", "s"."ProtocolCommit", "s"."ProtocolVersion", "s"."ProvenRecoveryCheckpoint", "s"."Readiness", "s"."ReasonCode", "s"."RecoveryReportId", "s"."ReportedForcedRecoveryGeneration", "s"."SafetyHash", "s"."SafetyReasonCodesJson", "s"."SafetyRevision", "s"."SafetyUnknownPresent", "s"."SessionGeneration", "s"."UnsettledSlotOperationAttemptId", "s"."UpdatedAt"
FROM "SessionRecoveries" AS "s"
WHERE "s"."AgvId" = @__agvId_0 AND "s"."Readiness" = 'Ready'
LIMIT 2
[17:42:14 INF] Start processing HTTP request GET http://127.0.0.1:58408/api/task/v1/task/getVehicleInfo/BROKERX-L2-0001
[17:42:14 INF] Sending HTTP request GET http://127.0.0.1:58408/api/task/v1/task/getVehicleInfo/BROKERX-L2-0001
[17:42:14 INF] Received HTTP response headers after 0.5129ms - 200
[17:42:14 INF] End processing HTTP request after 3.87ms - 200
[17:42:14 INF] Start processing HTTP request GET http://127.0.0.1:58408/api/order/v1/orderRecord?pageNum=1&pageSize=100&filterByState=1&filterByState=3&filterByState=7&filterByState=9
[17:42:14 INF] Sending HTTP request GET http://127.0.0.1:58408/api/order/v1/orderRecord?pageNum=1&pageSize=100&filterByState=1&filterByState=3&filterByState=7&filterByState=9
[17:42:14 INF] Received HTTP response headers after 0.4729ms - 200
[17:42:14 INF] End processing HTTP request after 1.2267ms - 200
[17:42:14 INF] HTTP GET /api/onboard/v1/vehicle-safety responded 200 in 6.2355 ms
[17:42:14 INF] Start processing HTTP request GET http://127.0.0.1:58408/api/imap/v1/mapInfo/stations/25
[17:42:14 INF] Sending HTTP request GET http://127.0.0.1:58408/api/imap/v1/mapInfo/stations/25
[17:42:14 INF] Received HTTP response headers after 0.4245ms - 200
[17:42:14 INF] End processing HTTP request after 1.6526ms - 200
[17:42:14 INF] Executed DbCommand (0ms) [Parameters=[], CommandType='Text', CommandTimeout='30']
SELECT "a"."Id", "a"."ContentHash", "a"."DeploymentId", "a"."ImportedAt", "a"."Version"
FROM "AdmissionPolicyState" AS "a"
WHERE "a"."Id" = 1
LIMIT 2
[17:42:14 INF] Executed DbCommand (0ms) [Parameters=[], CommandType='Text', CommandTimeout='30']
SELECT "j"."JourneyId", "j"."AgvId", "j"."AgvLifecycleGeneration", "j"."BlockReasonCode", "j"."CreatedAt", "j"."CurrentStopSequence", "j"."DispatchGeneration", "j"."DispatchZone", "j"."GateStationId", "j"."GateStationRiotId", "j"."HoldingStartedAt", "j"."LoadingClosedReason", "j"."MapId", "j"."MapIdentity", "j"."NextStopSequence", "j"."OperationSessionId", "j"."PlanRevision", "j"."Stage", "j"."UpdatedAt", "j"."VehicleBusinessRevision", "j"."VehicleKey", "j"."WorklistRevision"
FROM "JourneyRuntimes" AS "j"
WHERE "j"."Stage" <> 'Completed'
[17:42:14 INF] Executed DbCommand (0ms) [Parameters=[@__runtime_JourneyId_0='?' (Size = 36)], CommandType='Text', CommandTimeout='30']
SELECT "j"."JourneyId", "j"."Sequence", "j"."ConsumedSafetyResultMessageId", "j"."CreatedAt", "j"."LegType", "j"."LoadRound", "j"."MovementLegId", "j"."PlanMessageId", "j"."PlanRevision", "j"."PreDepartureSafetyCheckId", "j"."PreDepartureSafetyCheckMessageId", "j"."Role", "j"."RouteEvidenceId", "j"."State", "j"."StationId", "j"."StationRiotId", "j"."SublotWaitStartedAt", "j"."UpdatedAt", "j"."UpperId", "j"."VehicleBusinessMessageId", "j"."VehicleBusinessRevision", "j"."WorklistRevision"
FROM "JourneyStops" AS "j"
WHERE "j"."JourneyId" = @__runtime_JourneyId_0
[17:42:14 INF] Executed DbCommand (0ms) [Parameters=[@__runtime_JourneyId_0='?' (Size = 36)], CommandType='Text', CommandTimeout='30']
SELECT "j"."JourneyId", "j"."DemandId", "j"."ConsumedSublotMessageId", "j"."CreatedAt", "j"."ExpectedBasketCount", "j"."LoadCommandMessageId", "j"."LoadCommandedAt", "j"."LoadSlotOperationAttemptId", "j"."LoadedAt", "j"."State", "j"."StopSequence", "j"."TargetSlotsJson", "j"."UnloadCommandMessageId", "j"."UnloadCommandedAt", "j"."UnloadSlotOperationAttemptId"
FROM "JourneyDemands" AS "j"
WHERE "j"."JourneyId" = @__runtime_JourneyId_0
[17:42:14 INF] Executed DbCommand (0ms) [Parameters=[@__agvId_0='?' (Size = 10)], CommandType='Text', CommandTimeout='30']
SELECT "s"."AgvId", "s"."ActiveUnlockSlotsJson", "s"."CapabilityHash", "s"."CapabilityRevision", "s"."DepartureSafe", "s"."ForcedRecoveryGeneration", "s"."ManifestSha256", "s"."PendingAttemptIdsJson", "s"."PendingResultIdsJson", "s"."ProfileId", "s"."ProtocolCommit", "s"."ProtocolVersion", "s"."ProvenRecoveryCheckpoint", "s"."Readiness", "s"."ReasonCode", "s"."RecoveryReportId", "s"."ReportedForcedRecoveryGeneration", "s"."SafetyHash", "s"."SafetyReasonCodesJson", "s"."SafetyRevision", "s"."SafetyUnknownPresent", "s"."SessionGeneration", "s"."UnsettledSlotOperationAttemptId", "s"."UpdatedAt"
FROM "SessionRecoveries" AS "s"
WHERE "s"."AgvId" = @__agvId_0 AND "s"."Readiness" = 'Ready'
LIMIT 2
[17:42:15 INF] Start processing HTTP request GET http://127.0.0.1:58408/api/task/v1/task/getVehicleInfo/BROKERX-L2-0001
[17:42:15 INF] Sending HTTP request GET http://127.0.0.1:58408/api/task/v1/task/getVehicleInfo/BROKERX-L2-0001
[17:42:15 INF] Received HTTP response headers after 0.4615ms - 200
[17:42:15 INF] End processing HTTP request after 3.7591ms - 200
[17:42:15 INF] Start processing HTTP request GET http://127.0.0.1:58408/api/order/v1/orderRecord?pageNum=1&pageSize=100&filterByState=1&filterByState=3&filterByState=7&filterByState=9
[17:42:15 INF] Sending HTTP request GET http://127.0.0.1:58408/api/order/v1/orderRecord?pageNum=1&pageSize=100&filterByState=1&filterByState=3&filterByState=7&filterByState=9
[17:42:15 INF] Received HTTP response headers after 0.3497ms - 200
[17:42:15 INF] End processing HTTP request after 1.0406ms - 200
[17:42:15 INF] HTTP GET /api/onboard/v1/vehicle-safety responded 200 in 6.0049 ms
[17:42:15 INF] Start processing HTTP request GET http://127.0.0.1:58408/api/imap/v1/mapInfo/stations/25
[17:42:15 INF] Sending HTTP request GET http://127.0.0.1:58408/api/imap/v1/mapInfo/stations/25
[17:42:15 INF] Received HTTP response headers after 0.4055ms - 200
[17:42:15 INF] End processing HTTP request after 2.4468ms - 200
[17:42:15 INF] Executed DbCommand (0ms) [Parameters=[], CommandType='Text', CommandTimeout='30']
SELECT "a"."Id", "a"."ContentHash", "a"."DeploymentId", "a"."ImportedAt", "a"."Version"
FROM "AdmissionPolicyState" AS "a"
WHERE "a"."Id" = 1
LIMIT 2
[17:42:15 INF] Executed DbCommand (0ms) [Parameters=[], CommandType='Text', CommandTimeout='30']
SELECT "j"."JourneyId", "j"."AgvId", "j"."AgvLifecycleGeneration", "j"."BlockReasonCode", "j"."CreatedAt", "j"."CurrentStopSequence", "j"."DispatchGeneration", "j"."DispatchZone", "j"."GateStationId", "j"."GateStationRiotId", "j"."HoldingStartedAt", "j"."LoadingClosedReason", "j"."MapId", "j"."MapIdentity", "j"."NextStopSequence", "j"."OperationSessionId", "j"."PlanRevision", "j"."Stage", "j"."UpdatedAt", "j"."VehicleBusinessRevision", "j"."VehicleKey", "j"."WorklistRevision"
FROM "JourneyRuntimes" AS "j"
WHERE "j"."Stage" <> 'Completed'
[17:42:15 INF] Executed DbCommand (0ms) [Parameters=[@__runtime_JourneyId_0='?' (Size = 36)], CommandType='Text', CommandTimeout='30']
SELECT "j"."JourneyId", "j"."Sequence", "j"."ConsumedSafetyResultMessageId", "j"."CreatedAt", "j"."LegType", "j"."LoadRound", "j"."MovementLegId", "j"."PlanMessageId", "j"."PlanRevision", "j"."PreDepartureSafetyCheckId", "j"."PreDepartureSafetyCheckMessageId", "j"."Role", "j"."RouteEvidenceId", "j"."State", "j"."StationId", "j"."StationRiotId", "j"."SublotWaitStartedAt", "j"."UpdatedAt", "j"."UpperId", "j"."VehicleBusinessMessageId", "j"."VehicleBusinessRevision", "j"."WorklistRevision"
FROM "JourneyStops" AS "j"
WHERE "j"."JourneyId" = @__runtime_JourneyId_0
[17:42:15 INF] Executed DbCommand (0ms) [Parameters=[@__runtime_JourneyId_0='?' (Size = 36)], CommandType='Text', CommandTimeout='30']
SELECT "j"."JourneyId", "j"."DemandId", "j"."ConsumedSublotMessageId", "j"."CreatedAt", "j"."ExpectedBasketCount", "j"."LoadCommandMessageId", "j"."LoadCommandedAt", "j"."LoadSlotOperationAttemptId", "j"."LoadedAt", "j"."State", "j"."StopSequence", "j"."TargetSlotsJson", "j"."UnloadCommandMessageId", "j"."UnloadCommandedAt", "j"."UnloadSlotOperationAttemptId"
FROM "JourneyDemands" AS "j"
WHERE "j"."JourneyId" = @__runtime_JourneyId_0
[17:42:15 INF] Executed DbCommand (0ms) [Parameters=[@__agvId_0='?' (Size = 10)], CommandType='Text', CommandTimeout='30']
SELECT "s"."AgvId", "s"."ActiveUnlockSlotsJson", "s"."CapabilityHash", "s"."CapabilityRevision", "s"."DepartureSafe", "s"."ForcedRecoveryGeneration", "s"."ManifestSha256", "s"."PendingAttemptIdsJson", "s"."PendingResultIdsJson", "s"."ProfileId", "s"."ProtocolCommit", "s"."ProtocolVersion", "s"."ProvenRecoveryCheckpoint", "s"."Readiness", "s"."ReasonCode", "s"."RecoveryReportId", "s"."ReportedForcedRecoveryGeneration", "s"."SafetyHash", "s"."SafetyReasonCodesJson", "s"."SafetyRevision", "s"."SafetyUnknownPresent", "s"."SessionGeneration", "s"."UnsettledSlotOperationAttemptId", "s"."UpdatedAt"
FROM "SessionRecoveries" AS "s"
WHERE "s"."AgvId" = @__agvId_0 AND "s"."Readiness" = 'Ready'
LIMIT 2
[17:42:16 INF] Start processing HTTP request GET http://127.0.0.1:58408/api/task/v1/task/getVehicleInfo/BROKERX-L2-0001
[17:42:16 INF] Sending HTTP request GET http://127.0.0.1:58408/api/task/v1/task/getVehicleInfo/BROKERX-L2-0001
[17:42:16 INF] Received HTTP response headers after 0.5051ms - 200
[17:42:16 INF] End processing HTTP request after 1.9469ms - 200
[17:42:16 INF] Start processing HTTP request GET http://127.0.0.1:58408/api/order/v1/orderRecord?pageNum=1&pageSize=100&filterByState=1&filterByState=3&filterByState=7&filterByState=9
[17:42:16 INF] Sending HTTP request GET http://127.0.0.1:58408/api/order/v1/orderRecord?pageNum=1&pageSize=100&filterByState=1&filterByState=3&filterByState=7&filterByState=9
[17:42:16 INF] Received HTTP response headers after 0.4108ms - 200
[17:42:16 INF] End processing HTTP request after 1.1918ms - 200
[17:42:16 INF] HTTP GET /api/onboard/v1/vehicle-safety responded 200 in 4.2137 ms
[17:42:16 INF] Start processing HTTP request GET http://127.0.0.1:58408/api/imap/v1/mapInfo/stations/25
[17:42:16 INF] Sending HTTP request GET http://127.0.0.1:58408/api/imap/v1/mapInfo/stations/25
[17:42:16 INF] Received HTTP response headers after 0.5637ms - 200
[17:42:16 INF] End processing HTTP request after 1.8651ms - 200
[17:42:16 INF] Executed DbCommand (0ms) [Parameters=[], CommandType='Text', CommandTimeout='30']
SELECT "a"."Id", "a"."ContentHash", "a"."DeploymentId", "a"."ImportedAt", "a"."Version"
FROM "AdmissionPolicyState" AS "a"
WHERE "a"."Id" = 1
LIMIT 2
[17:42:16 INF] Executed DbCommand (0ms) [Parameters=[], CommandType='Text', CommandTimeout='30']
SELECT "j"."JourneyId", "j"."AgvId", "j"."AgvLifecycleGeneration", "j"."BlockReasonCode", "j"."CreatedAt", "j"."CurrentStopSequence", "j"."DispatchGeneration", "j"."DispatchZone", "j"."GateStationId", "j"."GateStationRiotId", "j"."HoldingStartedAt", "j"."LoadingClosedReason", "j"."MapId", "j"."MapIdentity", "j"."NextStopSequence", "j"."OperationSessionId", "j"."PlanRevision", "j"."Stage", "j"."UpdatedAt", "j"."VehicleBusinessRevision", "j"."VehicleKey", "j"."WorklistRevision"
FROM "JourneyRuntimes" AS "j"
WHERE "j"."Stage" <> 'Completed'
[17:42:16 INF] Executed DbCommand (0ms) [Parameters=[@__runtime_JourneyId_0='?' (Size = 36)], CommandType='Text', CommandTimeout='30']
SELECT "j"."JourneyId", "j"."Sequence", "j"."ConsumedSafetyResultMessageId", "j"."CreatedAt", "j"."LegType", "j"."LoadRound", "j"."MovementLegId", "j"."PlanMessageId", "j"."PlanRevision", "j"."PreDepartureSafetyCheckId", "j"."PreDepartureSafetyCheckMessageId", "j"."Role", "j"."RouteEvidenceId", "j"."State", "j"."StationId", "j"."StationRiotId", "j"."SublotWaitStartedAt", "j"."UpdatedAt", "j"."UpperId", "j"."VehicleBusinessMessageId", "j"."VehicleBusinessRevision", "j"."WorklistRevision"
FROM "JourneyStops" AS "j"
WHERE "j"."JourneyId" = @__runtime_JourneyId_0
[17:42:16 INF] Executed DbCommand (0ms) [Parameters=[@__runtime_JourneyId_0='?' (Size = 36)], CommandType='Text', CommandTimeout='30']
SELECT "j"."JourneyId", "j"."DemandId", "j"."ConsumedSublotMessageId", "j"."CreatedAt", "j"."ExpectedBasketCount", "j"."LoadCommandMessageId", "j"."LoadCommandedAt", "j"."LoadSlotOperationAttemptId", "j"."LoadedAt", "j"."State", "j"."StopSequence", "j"."TargetSlotsJson", "j"."UnloadCommandMessageId", "j"."UnloadCommandedAt", "j"."UnloadSlotOperationAttemptId"
FROM "JourneyDemands" AS "j"
WHERE "j"."JourneyId" = @__runtime_JourneyId_0
[17:42:16 INF] Executed DbCommand (0ms) [Parameters=[@__agvId_0='?' (Size = 10)], CommandType='Text', CommandTimeout='30']
SELECT "s"."AgvId", "s"."ActiveUnlockSlotsJson", "s"."CapabilityHash", "s"."CapabilityRevision", "s"."DepartureSafe", "s"."ForcedRecoveryGeneration", "s"."ManifestSha256", "s"."PendingAttemptIdsJson", "s"."PendingResultIdsJson", "s"."ProfileId", "s"."ProtocolCommit", "s"."ProtocolVersion", "s"."ProvenRecoveryCheckpoint", "s"."Readiness", "s"."ReasonCode", "s"."RecoveryReportId", "s"."ReportedForcedRecoveryGeneration", "s"."SafetyHash", "s"."SafetyReasonCodesJson", "s"."SafetyRevision", "s"."SafetyUnknownPresent", "s"."SessionGeneration", "s"."UnsettledSlotOperationAttemptId", "s"."UpdatedAt"
FROM "SessionRecoveries" AS "s"
WHERE "s"."AgvId" = @__agvId_0 AND "s"."Readiness" = 'Ready'
LIMIT 2
[17:42:17 INF] Executed DbCommand (0ms) [Parameters=[@__messageId_0='?' (Size = 36)], CommandType='Text', CommandTimeout='30']
SELECT "p"."MessageId", "p"."ContentHash", "p"."FirstResponseJson", "p"."MessageType", "p"."ReceivedAt", "p"."RequestJson"
FROM "ProtocolInbox" AS "p"
WHERE "p"."MessageId" = @__messageId_0
LIMIT 2
[17:42:17 INF] Executed DbCommand (0ms) [Parameters=[@p0='?' (Size = 36), @p1='?' (Size = 64), @p2='?' (Size = 536), @p3='?' (Size = 9), @p4='?' (DbType = DateTimeOffset), @p5='?' (Size = 428)], CommandType='Text', CommandTimeout='30']
INSERT INTO "ProtocolInbox" ("MessageId", "ContentHash", "FirstResponseJson", "MessageType", "ReceivedAt", "RequestJson")
VALUES (@p0, @p1, @p2, @p3, @p4, @p5);
[17:42:17 WRN] Onboard connection ended with a protocol or transport error.
System.IO.IOException: Unable to read data from the transport connection: An existing connection was forcibly closed by the remote host..
 ---> System.Net.Sockets.SocketException (10054): An existing connection was forcibly closed by the remote host.
   --- End of inner exception stack trace ---
   at System.Net.Sockets.Socket.AwaitableSocketAsyncEventArgs.ThrowException(SocketError error, CancellationToken cancellationToken)
   at System.Net.Sockets.Socket.AwaitableSocketAsyncEventArgs.System.Threading.Tasks.Sources.IValueTaskSource<System.Int32>.GetResult(Int16 token)
   at System.IO.StreamReader.ReadBufferAsync(CancellationToken cancellationToken)
   at System.IO.StreamReader.ReadLineAsyncInternal(CancellationToken cancellationToken)
   at ControlServer.Host.Transport.OnboardTcpServer.HandleClientAsync(TcpClient client, CancellationToken cancellationToken) in C:\Users\szy\Desktop\8005-workspace\repos\8005-agv-control-server\src\ControlServer.Host\Transport\OnboardTcpServer.cs:line 68
   at ControlServer.Host.Transport.OnboardTcpServer.HandleClientAsync(TcpClient client, CancellationToken cancellationToken) in C:\Users\szy\Desktop\8005-workspace\repos\8005-agv-control-server\src\ControlServer.Host\Transport\OnboardTcpServer.cs:line 96
   at ControlServer.Host.Transport.OnboardTcpServer.HandleClientAsync(TcpClient client, CancellationToken cancellationToken) in C:\Users\szy\Desktop\8005-workspace\repos\8005-agv-control-server\src\ControlServer.Host\Transport\OnboardTcpServer.cs:line 96
   at ControlServer.Host.Transport.OnboardTcpServer.HandleClientAsync(TcpClient client, CancellationToken cancellationToken) in C:\Users\szy\Desktop\8005-workspace\repos\8005-agv-control-server\src\ControlServer.Host\Transport\OnboardTcpServer.cs:line 96
   at ControlServer.Host.Transport.OnboardTcpServer.ExecuteAsync(CancellationToken stoppingToken) in C:\Users\szy\Desktop\8005-workspace\repos\8005-agv-control-server\src\ControlServer.Host\Transport\OnboardTcpServer.cs:line 37
