[21:02:10 INF] Executed DbCommand (7ms) [Parameters=[], CommandType='Text', CommandTimeout='30']
SELECT COUNT(*) FROM "sqlite_master" WHERE "name" = '__EFMigrationsHistory' AND "type" = 'table';
[21:02:10 INF] Executed DbCommand (0ms) [Parameters=[], CommandType='Text', CommandTimeout='30']
SELECT COUNT(*) FROM "sqlite_master" WHERE "name" = '__EFMigrationsHistory' AND "type" = 'table';
[21:02:10 INF] Executed DbCommand (1ms) [Parameters=[], CommandType='Text', CommandTimeout='30']
SELECT "MigrationId", "ProductVersion"
FROM "__EFMigrationsHistory"
ORDER BY "MigrationId";
[21:02:10 INF] No migrations were applied. The database is already up to date.
[21:02:10 INF] Executed DbCommand (0ms) [Parameters=[], CommandType='Text', CommandTimeout='30']
SELECT "a"."AuditRecordId", "a"."Action", "a"."ActorAttribution", "a"."ActorIdentity", "a"."ClaimedAdministratorRole", "a"."DetailJson", "a"."ObjectId", "a"."ObjectKind", "a"."Outcome", "a"."RecordedAt", "a"."RecordedAtUtcTicks", "a"."SnapshotId", "a"."Version"
FROM "AdministratorAuditRecords" AS "a"
WHERE "a"."Action" = 'AUDIT_RETENTION_POLICY_CONFIGURED'
ORDER BY "a"."RecordedAtUtcTicks" DESC, "a"."AuditRecordId" DESC
LIMIT 1
[21:02:10 INF] Executed DbCommand (0ms) [Parameters=[], CommandType='Text', CommandTimeout='30']
SELECT MAX("d"."Version")
FROM "DispatchZoneAreaAssignmentVersions" AS "d"
[21:02:10 WRN] JourneyRuntime:gateStationId (¹Ø¿¨) / gateStationRiotId (210) are still configured but are ignored since control-server#160: the WIRE_TO_GATE end station is the Map's binding in the task type station preset. Remove the two keys, and check that binding if the gate here is not the preset's.
[21:02:10 INF] Executed DbCommand (0ms) [Parameters=[], CommandType='Text', CommandTimeout='30']
SELECT "t"."Version", "t"."ContentSha256", "t"."LoadedAt", "t"."SnapshotId", "t"."Source"
FROM "TaskTypeStationRuleVersions" AS "t"
ORDER BY "t"."Version" DESC
LIMIT 1
[21:02:10 INF] Executed DbCommand (2ms) [Parameters=[@__objectKind_0='?' (Size = 19), @__objectId_1='?' (Size = 23), @__version_2='?' (DbType = Int64)], CommandType='Text', CommandTimeout='30']
SELECT "g"."SnapshotId", "g"."ContentJson", "g"."ContentSha256", "g"."FrozenAt", "g"."ObjectId", "g"."ObjectKind", "g"."Version"
FROM "GovernedConfigurationSnapshots" AS "g"
WHERE "g"."ObjectKind" = @__objectKind_0 AND "g"."ObjectId" = @__objectId_1 AND "g"."Version" = @__version_2
LIMIT 2
[21:02:10 INF] Executed DbCommand (1ms) [Parameters=[@p0='?' (Size = 32), @p1='?' (Size = 340), @p2='?' (Size = 64), @p3='?' (DbType = DateTimeOffset), @p4='?' (Size = 23), @p5='?' (Size = 19), @p6='?' (DbType = Int64)], CommandType='Text', CommandTimeout='30']
INSERT INTO "GovernedConfigurationSnapshots" ("SnapshotId", "ContentJson", "ContentSha256", "FrozenAt", "ObjectId", "ObjectKind", "Version")
VALUES (@p0, @p1, @p2, @p3, @p4, @p5, @p6);
[21:02:10 INF] Executed DbCommand (0ms) [Parameters=[@p0='?' (Size = 32), @p1='?' (Size = 37), @p2='?' (Size = 34), @p3='?' (Size = 40), @p4='?' (Size = 131), @p5='?' (Size = 23), @p6='?' (Size = 19), @p7='?' (Size = 9), @p8='?' (DbType = DateTimeOffset), @p9='?' (DbType = Int64), @p10='?' (Size = 32), @p11='?' (DbType = Int64)], CommandType='Text', CommandTimeout='30']
INSERT INTO "BusinessAuditRecords" ("AuditRecordId", "Action", "ActorAttribution", "ActorIdentity", "DetailJson", "ObjectId", "ObjectKind", "Outcome", "RecordedAt", "RecordedAtUtcTicks", "SnapshotId", "Version")
VALUES (@p0, @p1, @p2, @p3, @p4, @p5, @p6, @p7, @p8, @p9, @p10, @p11);
[21:02:10 INF] Executed DbCommand (0ms) [Parameters=[@p0='?' (DbType = Int64), @p1='?' (Size = 64), @p2='?' (DbType = DateTimeOffset), @p3='?' (Size = 32), @p4='?' (Size = 94)], CommandType='Text', CommandTimeout='30']
INSERT INTO "TaskTypeStationRuleVersions" ("Version", "ContentSha256", "LoadedAt", "SnapshotId", "Source")
VALUES (@p0, @p1, @p2, @p3, @p4);
[21:02:10 INF] Executed DbCommand (0ms) [Parameters=[@p0='?' (Size = 11), @p1='?' (DbType = Int64), @p2='?' (Size = 11)], CommandType='Text', CommandTimeout='30']
INSERT INTO "TaskTypeStationRules" ("TaskType", "Version", "FixedEnd")
VALUES (@p0, @p1, @p2);
[21:02:10 INF] Executed DbCommand (0ms) [Parameters=[@p0='?' (Size = 19), @p1='?' (DbType = Int64), @p2='?' (Size = 11)], CommandType='Text', CommandTimeout='30']
INSERT INTO "TaskTypeStationRules" ("TaskType", "Version", "FixedEnd")
VALUES (@p0, @p1, @p2);
[21:02:10 INF] Executed DbCommand (0ms) [Parameters=[@p0='?' (Size = 15), @p1='?' (DbType = Int64), @p2='?' (Size = 6)], CommandType='Text', CommandTimeout='30']
INSERT INTO "TaskTypeStationRules" ("TaskType", "Version", "FixedEnd")
VALUES (@p0, @p1, @p2);
[21:02:10 INF] Executed DbCommand (0ms) [Parameters=[@p0='?' (Size = 12), @p1='?' (DbType = Int64), @p2='?' (Size = 11)], CommandType='Text', CommandTimeout='30']
INSERT INTO "TaskTypeStationRules" ("TaskType", "Version", "FixedEnd")
VALUES (@p0, @p1, @p2);
[21:02:10 INF] Executed DbCommand (0ms) [Parameters=[@p0='?' (Size = 16), @p1='?' (DbType = Int64), @p2='?' (Size = 11)], CommandType='Text', CommandTimeout='30']
INSERT INTO "TaskTypeStationRules" ("TaskType", "Version", "FixedEnd")
VALUES (@p0, @p1, @p2);
[21:02:10 INF] Executed DbCommand (0ms) [Parameters=[@p0='?' (Size = 15), @p1='?' (DbType = Int64), @p2='?' (Size = 11)], CommandType='Text', CommandTimeout='30']
INSERT INTO "TaskTypeStationRules" ("TaskType", "Version", "FixedEnd")
VALUES (@p0, @p1, @p2);
[21:02:10 INF] Executed DbCommand (0ms) [Parameters=[@__mapId_0='?' (DbType = Int32)], CommandType='Text', CommandTimeout='30']
SELECT "t"."MapId", "t"."ActiveVersion", "t"."PendingVersion", "t"."State", "t"."UpdatedAt"
FROM "TaskTypeStationActiveBindingSets" AS "t"
WHERE "t"."MapId" = @__mapId_0
LIMIT 2
[21:02:10 INF] Executed DbCommand (0ms) [Parameters=[@__ruleVersion_0='?' (DbType = Int64)], CommandType='Text', CommandTimeout='30']
SELECT EXISTS (
    SELECT 1
    FROM "TaskTypeStationRuleVersions" AS "t"
    WHERE "t"."Version" = @__ruleVersion_0)
[21:02:10 INF] Executed DbCommand (0ms) [Parameters=[@__ruleVersion_0='?' (DbType = Int64)], CommandType='Text', CommandTimeout='30']
SELECT "t"."TaskType", "t"."FixedEnd"
FROM "TaskTypeStationRules" AS "t"
WHERE "t"."Version" = @__ruleVersion_0
[21:02:10 INF] Executed DbCommand (0ms) [Parameters=[@__mapId_0='?' (DbType = Int32)], CommandType='Text', CommandTimeout='30']
SELECT "t"."MapId", "t"."Version", "t"."CatalogRevision", "t"."ContentSha256", "t"."LoadedAt", "t"."RuleVersion", "t"."SnapshotId", "t"."Source"
FROM "TaskTypeStationBindingSetVersions" AS "t"
WHERE "t"."MapId" = @__mapId_0
ORDER BY "t"."Version" DESC
LIMIT 1
[21:02:10 INF] Executed DbCommand (0ms) [Parameters=[@__objectKind_0='?' (Size = 20), @__objectId_1='?' (Size = 6), @__version_2='?' (DbType = Int64)], CommandType='Text', CommandTimeout='30']
SELECT "g"."SnapshotId", "g"."ContentJson", "g"."ContentSha256", "g"."FrozenAt", "g"."ObjectId", "g"."ObjectKind", "g"."Version"
FROM "GovernedConfigurationSnapshots" AS "g"
WHERE "g"."ObjectKind" = @__objectKind_0 AND "g"."ObjectId" = @__objectId_1 AND "g"."Version" = @__version_2
LIMIT 2
[21:02:10 INF] Executed DbCommand (0ms) [Parameters=[@p0='?' (Size = 32), @p1='?' (Size = 193), @p2='?' (Size = 64), @p3='?' (DbType = DateTimeOffset), @p4='?' (Size = 6), @p5='?' (Size = 20), @p6='?' (DbType = Int64)], CommandType='Text', CommandTimeout='30']
INSERT INTO "GovernedConfigurationSnapshots" ("SnapshotId", "ContentJson", "ContentSha256", "FrozenAt", "ObjectId", "ObjectKind", "Version")
VALUES (@p0, @p1, @p2, @p3, @p4, @p5, @p6);
[21:02:10 INF] Executed DbCommand (0ms) [Parameters=[@p0='?' (Size = 32), @p1='?' (Size = 44), @p2='?' (Size = 34), @p3='?' (Size = 40), @p4='?' (Size = 131), @p5='?' (Size = 6), @p6='?' (Size = 20), @p7='?' (Size = 9), @p8='?' (DbType = DateTimeOffset), @p9='?' (DbType = Int64), @p10='?' (Size = 32), @p11='?' (DbType = Int64)], CommandType='Text', CommandTimeout='30']
INSERT INTO "BusinessAuditRecords" ("AuditRecordId", "Action", "ActorAttribution", "ActorIdentity", "DetailJson", "ObjectId", "ObjectKind", "Outcome", "RecordedAt", "RecordedAtUtcTicks", "SnapshotId", "Version")
VALUES (@p0, @p1, @p2, @p3, @p4, @p5, @p6, @p7, @p8, @p9, @p10, @p11);
[21:02:10 INF] Executed DbCommand (0ms) [Parameters=[@p0='?' (DbType = Int32), @p1='?' (DbType = Int64), @p2='?' (DbType = Int64), @p3='?' (Size = 64), @p4='?' (DbType = DateTimeOffset), @p5='?' (DbType = Int64), @p6='?' (Size = 32), @p7='?' (Size = 94)], CommandType='Text', CommandTimeout='30']
INSERT INTO "TaskTypeStationBindingSetVersions" ("MapId", "Version", "CatalogRevision", "ContentSha256", "LoadedAt", "RuleVersion", "SnapshotId", "Source")
VALUES (@p0, @p1, @p2, @p3, @p4, @p5, @p6, @p7);
[21:02:10 INF] Executed DbCommand (0ms) [Parameters=[@p0='?' (DbType = Int32), @p1='?' (Size = 12), @p2='?' (DbType = Int64), @p3='?' (Size = 23), @p4='?' (Size = 2), @p5='?' (DbType = Int32)], CommandType='Text', CommandTimeout='30']
INSERT INTO "TaskTypeStationBindings" ("MapId", "TaskType", "Version", "SiteVerificationRef", "StationName", "StationRiotId")
VALUES (@p0, @p1, @p2, @p3, @p4, @p5);
[21:02:10 INF] Executed DbCommand (0ms) [Parameters=[@p0='?' (DbType = Int32), @p1='?' (Size = 12), @p2='?' (DbType = Int64)], CommandType='Text', CommandTimeout='30']
INSERT INTO "TaskTypeStationRequirements" ("MapId", "TaskType", "Version")
VALUES (@p0, @p1, @p2);
[21:02:10 INF] Executed DbCommand (0ms) [Parameters=[@__mapId_0='?' (DbType = Int32), @__version_1='?' (DbType = Int64)], CommandType='Text', CommandTimeout='30']
SELECT EXISTS (
    SELECT 1
    FROM "TaskTypeStationBindingSetVersions" AS "t"
    WHERE "t"."MapId" = @__mapId_0 AND "t"."Version" = @__version_1)
[21:02:10 INF] Executed DbCommand (0ms) [Parameters=[@__mapId_0='?' (DbType = Int32)], CommandType='Text', CommandTimeout='30']
SELECT "t"."MapId", "t"."ActiveVersion", "t"."PendingVersion", "t"."State", "t"."UpdatedAt"
FROM "TaskTypeStationActiveBindingSets" AS "t"
WHERE "t"."MapId" = @__mapId_0
LIMIT 2
[21:02:11 INF] Executed DbCommand (0ms) [Parameters=[@p0='?' (DbType = Int32), @p1='?' (DbType = Int64), @p2='?' (DbType = Int64), @p3='?' (Size = 6), @p4='?' (DbType = DateTimeOffset)], CommandType='Text', CommandTimeout='30']
INSERT INTO "TaskTypeStationActiveBindingSets" ("MapId", "ActiveVersion", "PendingVersion", "State", "UpdatedAt")
VALUES (@p0, @p1, @p2, @p3, @p4);
[21:02:11 INF] Task type station preset C:\Users\szy\AppData\Local\Temp\l2-20260919T130202877Z\task-type-stations.settings.json loaded: rule version 1 (new), Map 25 binding set version 1 (new) active.
[21:02:11 INF] Onboard NDJSON listener started on 127.0.0.1:48405; transport=plaintext
[21:02:11 INF] Start processing HTTP request GET http://127.0.0.1:48408/api/imap/v1/mapInfo/stations/25
[21:02:11 INF] Sending HTTP request GET http://127.0.0.1:48408/api/imap/v1/mapInfo/stations/25
[21:02:11 INF] Now listening on: http://127.0.0.1:48407
[21:02:11 INF] Application started. Press Ctrl+C to shut down.
[21:02:11 INF] Hosting environment: Production
[21:02:11 INF] Content root path: C:\Users\szy\Desktop\8005-workspace-v2\worktrees\rig-cs165-8005-agv-control-server\src\ControlServer.Host\bin\Release\net8.0\win-x64
[21:02:11 INF] Received HTTP response headers after 44.6129ms - 200
[21:02:11 INF] End processing HTTP request after 49.8654ms - 200
[21:02:11 INF] Executed DbCommand (0ms) [Parameters=[@__mapId_0='?' (DbType = Int32)], CommandType='Text', CommandTimeout='30']
SELECT "t"."MapId", "t"."ActiveVersion", "t"."PendingVersion", "t"."State", "t"."UpdatedAt"
FROM "TaskTypeStationActiveBindingSets" AS "t"
WHERE "t"."MapId" = @__mapId_0
LIMIT 2
[21:02:11 INF] Executed DbCommand (0ms) [Parameters=[@__mapId_0='?' (DbType = Int32), @__version_1='?' (DbType = Int64)], CommandType='Text', CommandTimeout='30']
SELECT "t"."MapId", "t"."Version", "t"."CatalogRevision", "t"."ContentSha256", "t"."LoadedAt", "t"."RuleVersion", "t"."SnapshotId", "t"."Source"
FROM "TaskTypeStationBindingSetVersions" AS "t"
WHERE "t"."MapId" = @__mapId_0 AND "t"."Version" = @__version_1
LIMIT 2
[21:02:11 INF] Executed DbCommand (0ms) [Parameters=[@__mapId_0='?' (DbType = Int32), @__version_1='?' (DbType = Int64)], CommandType='Text', CommandTimeout='30']
SELECT "t"."TaskType"
FROM "TaskTypeStationRequirements" AS "t"
WHERE "t"."MapId" = @__mapId_0 AND "t"."Version" = @__version_1
[21:02:11 INF] Executed DbCommand (0ms) [Parameters=[@__mapId_0='?' (DbType = Int32), @__version_1='?' (DbType = Int64)], CommandType='Text', CommandTimeout='30']
SELECT "t"."MapId", "t"."Version", "t"."TaskType", "t"."SiteVerificationRef", "t"."StationName", "t"."StationRiotId"
FROM "TaskTypeStationBindings" AS "t"
WHERE "t"."MapId" = @__mapId_0 AND "t"."Version" = @__version_1
[21:02:11 INF] Executed DbCommand (0ms) [Parameters=[@__version_0='?' (DbType = Int64)], CommandType='Text', CommandTimeout='30']
SELECT "t"."Version", "t"."ContentSha256", "t"."LoadedAt", "t"."SnapshotId", "t"."Source"
FROM "TaskTypeStationRuleVersions" AS "t"
WHERE "t"."Version" = @__version_0
LIMIT 2
[21:02:11 INF] Executed DbCommand (0ms) [Parameters=[@__version_0='?' (DbType = Int64)], CommandType='Text', CommandTimeout='30']
SELECT "t"."Version", "t"."TaskType", "t"."FixedEnd"
FROM "TaskTypeStationRules" AS "t"
WHERE "t"."Version" = @__version_0
[21:02:11 INF] Executed DbCommand (0ms) [Parameters=[@__mapId_0='?' (DbType = Int32)], CommandType='Text', CommandTimeout='30']
SELECT "t"."MapId", "t"."ActiveVersion", "t"."PendingVersion", "t"."State", "t"."UpdatedAt"
FROM "TaskTypeStationActiveBindingSets" AS "t"
WHERE "t"."MapId" = @__mapId_0
LIMIT 2
[21:02:11 INF] Executed DbCommand (0ms) [Parameters=[@__mapId_0='?' (DbType = Int32)], CommandType='Text', CommandTimeout='30']
SELECT "t"."HoldId", "t"."DetailJson", "t"."MapId", "t"."RaisedAt", "t"."RaisedBy", "t"."ReasonCode", "t"."ReleasedAt", "t"."ReleasedBy", "t"."Source", "t"."TaskType"
FROM "TaskTypeStationHolds" AS "t"
WHERE "t"."MapId" = @__mapId_0 AND "t"."ReleasedAt" IS NULL
[21:02:11 INF] Executed DbCommand (0ms) [Parameters=[@__mapId_0='?' (DbType = Int32)], CommandType='Text', CommandTimeout='30']
SELECT "m"."MapId", "m"."ApprovedMaxUnconfirmedSeconds", "m"."ApprovedSyncPeriodSeconds", "m"."CatalogRevision", "m"."LastAttemptAt", "m"."LastCompleteConfirmationAt", "m"."LastFailureReason", "m"."State", "m"."UpdatedAt"
FROM "MapStationCatalogStates" AS "m"
WHERE "m"."MapId" = @__mapId_0
LIMIT 2
[21:02:11 INF] Executed DbCommand (1ms) [Parameters=[@p0='?' (DbType = Int32), @p1='?' (DbType = Int32), @p2='?' (DbType = Int32), @p3='?' (DbType = Int64), @p4='?' (DbType = DateTimeOffset), @p5='?' (DbType = DateTimeOffset), @p6='?', @p7='?' (Size = 5), @p8='?' (DbType = DateTimeOffset)], CommandType='Text', CommandTimeout='30']
INSERT INTO "MapStationCatalogStates" ("MapId", "ApprovedMaxUnconfirmedSeconds", "ApprovedSyncPeriodSeconds", "CatalogRevision", "LastAttemptAt", "LastCompleteConfirmationAt", "LastFailureReason", "State", "UpdatedAt")
VALUES (@p0, @p1, @p2, @p3, @p4, @p5, @p6, @p7, @p8);
[21:02:11 INF] Executed DbCommand (0ms) [Parameters=[@__mapId_0='?' (DbType = Int32)], CommandType='Text', CommandTimeout='30']
SELECT "t"."MapId", "t"."ActiveVersion", "t"."PendingVersion", "t"."State", "t"."UpdatedAt"
FROM "TaskTypeStationActiveBindingSets" AS "t"
WHERE "t"."MapId" = @__mapId_0
LIMIT 2
[21:02:11 INF] Executed DbCommand (0ms) [Parameters=[@__mapId_0='?' (DbType = Int32), @__version_1='?' (DbType = Int64)], CommandType='Text', CommandTimeout='30']
SELECT "t"."MapId", "t"."Version", "t"."CatalogRevision", "t"."ContentSha256", "t"."LoadedAt", "t"."RuleVersion", "t"."SnapshotId", "t"."Source"
FROM "TaskTypeStationBindingSetVersions" AS "t"
WHERE "t"."MapId" = @__mapId_0 AND "t"."Version" = @__version_1
LIMIT 2
[21:02:11 INF] Executed DbCommand (0ms) [Parameters=[@__mapId_0='?' (DbType = Int32), @__version_1='?' (DbType = Int64)], CommandType='Text', CommandTimeout='30']
SELECT "t"."TaskType"
FROM "TaskTypeStationRequirements" AS "t"
WHERE "t"."MapId" = @__mapId_0 AND "t"."Version" = @__version_1
[21:02:11 INF] Executed DbCommand (0ms) [Parameters=[@__mapId_0='?' (DbType = Int32), @__version_1='?' (DbType = Int64)], CommandType='Text', CommandTimeout='30']
SELECT "t"."MapId", "t"."Version", "t"."TaskType", "t"."SiteVerificationRef", "t"."StationName", "t"."StationRiotId"
FROM "TaskTypeStationBindings" AS "t"
WHERE "t"."MapId" = @__mapId_0 AND "t"."Version" = @__version_1
[21:02:11 INF] Executed DbCommand (0ms) [Parameters=[@__mapId_0='?' (DbType = Int32)], CommandType='Text', CommandTimeout='30']
SELECT "t"."MapId", "t"."ActiveVersion", "t"."PendingVersion", "t"."State", "t"."UpdatedAt"
FROM "TaskTypeStationActiveBindingSets" AS "t"
WHERE "t"."MapId" = @__mapId_0
LIMIT 2
[21:02:11 INF] Executed DbCommand (0ms) [Parameters=[@__mapId_0='?' (DbType = Int32), @__version_1='?' (DbType = Int64)], CommandType='Text', CommandTimeout='30']
SELECT "t"."MapId", "t"."Version", "t"."CatalogRevision", "t"."ContentSha256", "t"."LoadedAt", "t"."RuleVersion", "t"."SnapshotId", "t"."Source"
FROM "TaskTypeStationBindingSetVersions" AS "t"
WHERE "t"."MapId" = @__mapId_0 AND "t"."Version" = @__version_1
LIMIT 2
[21:02:11 INF] Executed DbCommand (0ms) [Parameters=[@__mapId_0='?' (DbType = Int32), @__version_1='?' (DbType = Int64)], CommandType='Text', CommandTimeout='30']
SELECT "t"."TaskType"
FROM "TaskTypeStationRequirements" AS "t"
WHERE "t"."MapId" = @__mapId_0 AND "t"."Version" = @__version_1
[21:02:11 INF] Executed DbCommand (0ms) [Parameters=[@__mapId_0='?' (DbType = Int32), @__version_1='?' (DbType = Int64)], CommandType='Text', CommandTimeout='30']
SELECT "t"."MapId", "t"."Version", "t"."TaskType", "t"."SiteVerificationRef", "t"."StationName", "t"."StationRiotId"
FROM "TaskTypeStationBindings" AS "t"
WHERE "t"."MapId" = @__mapId_0 AND "t"."Version" = @__version_1
[21:02:11 INF] Executed DbCommand (0ms) [Parameters=[@__version_0='?' (DbType = Int64)], CommandType='Text', CommandTimeout='30']
SELECT "t"."Version", "t"."ContentSha256", "t"."LoadedAt", "t"."SnapshotId", "t"."Source"
FROM "TaskTypeStationRuleVersions" AS "t"
WHERE "t"."Version" = @__version_0
LIMIT 2
[21:02:11 INF] Executed DbCommand (0ms) [Parameters=[@__version_0='?' (DbType = Int64)], CommandType='Text', CommandTimeout='30']
SELECT "t"."Version", "t"."TaskType", "t"."FixedEnd"
FROM "TaskTypeStationRules" AS "t"
WHERE "t"."Version" = @__version_0
[21:02:11 INF] Executed DbCommand (0ms) [Parameters=[], CommandType='Text', CommandTimeout='30']
SELECT "a"."Id", "a"."ContentHash", "a"."DeploymentId", "a"."ImportedAt", "a"."Version"
FROM "AdmissionPolicyState" AS "a"
WHERE "a"."Id" = 1
LIMIT 2
[21:02:11 INF] HTTP GET /health/live responded 200 in 4.0515 ms
[21:02:11 INF] Executed DbCommand (0ms) [Parameters=[@p0='?' (DbType = Int64), @p1='?' (Size = 64), @p2='?' (Size = 22), @p3='?' (DbType = DateTimeOffset), @p4='?', @p5='?' (Size = 209)], CommandType='Text', CommandTimeout='30']
INSERT INTO "AdmissionPolicyAudit" ("Version", "ContentHash", "DeploymentId", "ImportedAt", "PreviousContentHash", "RelationsJson")
VALUES (@p0, @p1, @p2, @p3, @p4, @p5);
[21:02:11 INF] Executed DbCommand (0ms) [Parameters=[@p0='?' (DbType = Int32), @p1='?' (Size = 64), @p2='?' (Size = 22), @p3='?' (DbType = DateTimeOffset), @p4='?' (DbType = Int64)], CommandType='Text', CommandTimeout='30']
INSERT INTO "AdmissionPolicyState" ("Id", "ContentHash", "DeploymentId", "ImportedAt", "Version")
VALUES (@p0, @p1, @p2, @p3, @p4);
[21:02:11 INF] Executed DbCommand (0ms) [Parameters=[@p0='?' (Size = 6), @p1='?' (Size = 15), @p2='?' (DbType = Int64)], CommandType='Text', CommandTimeout='30']
INSERT INTO "StationTaskTypeAdmissions" ("StationId", "TaskType", "PolicyVersion")
VALUES (@p0, @p1, @p2);
[21:02:11 INF] Executed DbCommand (0ms) [Parameters=[@p0='?' (Size = 6), @p1='?' (Size = 12), @p2='?' (DbType = Int64)], CommandType='Text', CommandTimeout='30']
INSERT INTO "StationTaskTypeAdmissions" ("StationId", "TaskType", "PolicyVersion")
VALUES (@p0, @p1, @p2);
[21:02:11 INF] Executed DbCommand (0ms) [Parameters=[@p0='?' (Size = 9), @p1='?' (Size = 15), @p2='?' (DbType = Int64)], CommandType='Text', CommandTimeout='30']
INSERT INTO "StationTaskTypeAdmissions" ("StationId", "TaskType", "PolicyVersion")
VALUES (@p0, @p1, @p2);
[21:02:11 INF] Executed DbCommand (0ms) [Parameters=[@p0='?' (Size = 9), @p1='?' (Size = 12), @p2='?' (DbType = Int64)], CommandType='Text', CommandTimeout='30']
INSERT INTO "StationTaskTypeAdmissions" ("StationId", "TaskType", "PolicyVersion")
VALUES (@p0, @p1, @p2);
[21:02:11 INF] Executed DbCommand (0ms) [Parameters=[], CommandType='Text', CommandTimeout='30']
SELECT "j"."DemandId", "j"."AgvId", "j"."AgvLifecycleGeneration", "j"."BlockReasonCode", "j"."BlockReasonSince", "j"."ConsumedSafetyResultMessageId", "j"."ConsumedSublotMessageId", "j"."CreatedAt", "j"."DispatchGeneration", "j"."DispatchZone", "j"."ExpectedBasketCount", "j"."GateMovementLegId", "j"."GatePlanMessageId", "j"."GateStationId", "j"."GateStationRiotId", "j"."GateUpperId", "j"."GateVehicleBusinessMessageId", "j"."GateWorklistMessageId", "j"."LoadCommandMessageId", "j"."LoadSlotOperationAttemptId", "j"."MapId", "j"."MapIdentity", "j"."OperationSessionId", "j"."PickupMovementLegId", "j"."PickupStationId", "j"."PickupStationRiotId", "j"."PickupUpperId", "j"."PlanMessageId", "j"."PlanRevision", "j"."PreDepartureSafetyCheckId", "j"."PreDepartureSafetyCheckMessageId", "j"."RouteEvidenceId", "j"."Stage", "j"."StationDepartureWaitStartedAt", "j"."SublotRequestMessageId", "j"."TargetSlotsJson", "j"."UnloadCommandMessageId", "j"."UnloadSlotOperationAttemptId", "j"."UpdatedAt", "j"."VehicleBusinessMessageId", "j"."VehicleBusinessRevision", "j"."VehicleKey", "j"."WorklistMessageId", "j"."WorklistRevision"
FROM "JourneyRuntimes" AS "j"
WHERE "j"."Stage" <> 'Completed'
[21:02:11 INF] Executed DbCommand (0ms) [Parameters=[], CommandType='Text', CommandTimeout='30']
SELECT "a"."DemandId"
FROM "AcceptedDemands" AS "a"
WHERE "a"."Status" NOT IN ('Succeeded', 'Cancelled')
[21:02:11 INF] Executed DbCommand (0ms) [Parameters=[], CommandType='Text', CommandTimeout='30']
SELECT "j"."DemandId"
FROM "JourneyRuntimes" AS "j"
[21:02:11 INF] Start processing HTTP request GET http://127.0.0.1:48409/api/v2/contract
[21:02:11 INF] Sending HTTP request GET http://127.0.0.1:48409/api/v2/contract
[21:02:11 INF] Received HTTP response headers after 17.1877ms - 200
[21:02:11 INF] End processing HTTP request after 18.0186ms - 200
[21:02:11 INF] Start processing HTTP request GET http://127.0.0.1:48409/api/v2/externally-readable-demand-catalog
[21:02:11 INF] Sending HTTP request GET http://127.0.0.1:48409/api/v2/externally-readable-demand-catalog
[21:02:11 INF] Received HTTP response headers after 6.8753ms - 200
[21:02:11 INF] End processing HTTP request after 7.498ms - 200
[21:02:11 INF] HTTP GET /version responded 200 in 1.3106 ms
[21:02:11 INF] Executed DbCommand (0ms) [Parameters=[], CommandType='Text', CommandTimeout='30']
SELECT "j"."DemandId", "j"."AcceptedAt", "j"."DecisionFingerprint", "j"."DemandCreatedAt", "j"."FirstSeenAt", "j"."LastSeenAt", "j"."ReasonCode", "j"."TransportDemandKey"
FROM "JourneyBacklog" AS "j"
[21:02:11 INF] Executed DbCommand (0ms) [Parameters=[], CommandType='Text', CommandTimeout='30']
SELECT "a"."DemandId"
FROM "AcceptedDemands" AS "a"
[21:02:11 INF] Executed DbCommand (0ms) [Parameters=[], CommandType='Text', CommandTimeout='30']
SELECT "v"."AgvId", "v"."TaskType", "v"."Allowed", "v"."ConfigurationVersion", "v"."UpdatedAt"
FROM "VehicleTaskTypeAdmissions" AS "v"
[21:02:11 INF] Executed DbCommand (0ms) [Parameters=[], CommandType='Text', CommandTimeout='30']
SELECT "v"."AgvId", "v"."ConfigurationVersion", "v"."RoundTimeoutMilliseconds", "v"."UpdatedAt"
FROM "VehicleDispatchBudgets" AS "v"
[21:02:11 INF] Executed DbCommand (0ms) [Parameters=[], CommandType='Text', CommandTimeout='30']
SELECT "d"."Zone", "d"."AgvId", "d"."ConfigurationVersion", "d"."UpdatedAt"
FROM "DispatchZoneVehicles" AS "d"
[21:02:11 INF] Executed DbCommand (0ms) [Parameters=[], CommandType='Text', CommandTimeout='30']
SELECT "v"."AgvId", "v"."TaskType", "v"."Allowed", "v"."ConfigurationVersion", "v"."UpdatedAt"
FROM "VehicleTaskTypeAdmissions" AS "v"
[21:02:11 INF] Executed DbCommand (0ms) [Parameters=[], CommandType='Text', CommandTimeout='30']
SELECT "v"."AgvId", "v"."ConfigurationVersion", "v"."RoundTimeoutMilliseconds", "v"."UpdatedAt"
FROM "VehicleDispatchBudgets" AS "v"
[21:02:11 INF] Executed DbCommand (0ms) [Parameters=[], CommandType='Text', CommandTimeout='30']
SELECT "d"."Zone", "d"."AgvId", "d"."ConfigurationVersion", "d"."UpdatedAt"
FROM "DispatchZoneVehicles" AS "d"
[21:02:11 INF] Executed DbCommand (0ms) [Parameters=[@p0='?' (Size = 10), @p1='?' (Size = 19), @p2='?' (Size = 64), @p3='?' (DbType = DateTimeOffset)], CommandType='Text', CommandTimeout='30']
INSERT INTO "DispatchZoneVehicles" ("AgvId", "Zone", "ConfigurationVersion", "UpdatedAt")
VALUES (@p0, @p1, @p2, @p3);
[21:02:11 INF] Executed DbCommand (0ms) [Parameters=[@p0='?' (Size = 10), @p1='?' (Size = 64), @p2='?' (DbType = Int32), @p3='?' (DbType = DateTimeOffset)], CommandType='Text', CommandTimeout='30']
INSERT INTO "VehicleDispatchBudgets" ("AgvId", "ConfigurationVersion", "RoundTimeoutMilliseconds", "UpdatedAt")
VALUES (@p0, @p1, @p2, @p3);
[21:02:11 INF] Executed DbCommand (0ms) [Parameters=[@p0='?' (Size = 10), @p1='?' (Size = 11), @p2='?' (DbType = Boolean), @p3='?' (Size = 64), @p4='?' (DbType = DateTimeOffset)], CommandType='Text', CommandTimeout='30']
INSERT INTO "VehicleTaskTypeAdmissions" ("AgvId", "TaskType", "Allowed", "ConfigurationVersion", "UpdatedAt")
VALUES (@p0, @p1, @p2, @p3, @p4);
[21:02:11 INF] Executed DbCommand (0ms) [Parameters=[@p0='?' (Size = 10), @p1='?' (Size = 19), @p2='?' (DbType = Boolean), @p3='?' (Size = 64), @p4='?' (DbType = DateTimeOffset)], CommandType='Text', CommandTimeout='30']
INSERT INTO "VehicleTaskTypeAdmissions" ("AgvId", "TaskType", "Allowed", "ConfigurationVersion", "UpdatedAt")
VALUES (@p0, @p1, @p2, @p3, @p4);
[21:02:11 INF] Executed DbCommand (0ms) [Parameters=[@p0='?' (Size = 10), @p1='?' (Size = 15), @p2='?' (DbType = Boolean), @p3='?' (Size = 64), @p4='?' (DbType = DateTimeOffset)], CommandType='Text', CommandTimeout='30']
INSERT INTO "VehicleTaskTypeAdmissions" ("AgvId", "TaskType", "Allowed", "ConfigurationVersion", "UpdatedAt")
VALUES (@p0, @p1, @p2, @p3, @p4);
[21:02:11 INF] Executed DbCommand (0ms) [Parameters=[@p0='?' (Size = 10), @p1='?' (Size = 12), @p2='?' (DbType = Boolean), @p3='?' (Size = 64), @p4='?' (DbType = DateTimeOffset)], CommandType='Text', CommandTimeout='30']
INSERT INTO "VehicleTaskTypeAdmissions" ("AgvId", "TaskType", "Allowed", "ConfigurationVersion", "UpdatedAt")
VALUES (@p0, @p1, @p2, @p3, @p4);
[21:02:11 INF] Executed DbCommand (0ms) [Parameters=[@p0='?' (Size = 10), @p1='?' (Size = 16), @p2='?' (DbType = Boolean), @p3='?' (Size = 64), @p4='?' (DbType = DateTimeOffset)], CommandType='Text', CommandTimeout='30']
INSERT INTO "VehicleTaskTypeAdmissions" ("AgvId", "TaskType", "Allowed", "ConfigurationVersion", "UpdatedAt")
VALUES (@p0, @p1, @p2, @p3, @p4);
[21:02:11 INF] Executed DbCommand (0ms) [Parameters=[@p0='?' (Size = 10), @p1='?' (Size = 15), @p2='?' (DbType = Boolean), @p3='?' (Size = 64), @p4='?' (DbType = DateTimeOffset)], CommandType='Text', CommandTimeout='30']
INSERT INTO "VehicleTaskTypeAdmissions" ("AgvId", "TaskType", "Allowed", "ConfigurationVersion", "UpdatedAt")
VALUES (@p0, @p1, @p2, @p3, @p4);
[21:02:11 INF] Executed DbCommand (0ms) [Parameters=[], CommandType='Text', CommandTimeout='30']
SELECT MAX("d"."Version")
FROM "DispatchZoneAreaAssignmentVersions" AS "d"
[21:02:11 INF] Executed DbCommand (0ms) [Parameters=[@__agvId_0='?' (Size = 10)], CommandType='Text', CommandTimeout='30']
SELECT "a"."SlotModelVersionId", "a"."SnapshotId"
FROM "ActiveSlotConfigurations" AS "a"
WHERE "a"."AgvId" = @__agvId_0
LIMIT 2
[21:02:11 INF] Executed DbCommand (0ms) [Parameters=[@__agvId_0='?' (Size = 10)], CommandType='Text', CommandTimeout='30']
SELECT "s"."SlotModelVersionId", "s"."CreatedAt"
FROM "SlotIoBindings" AS "s"
WHERE "s"."AgvId" = @__agvId_0 AND "s"."Status" = 'PUBLISHED'
[21:02:11 INF] Executed DbCommand (0ms) [Parameters=[@__agvId_0='?' (Size = 10)], CommandType='Text', CommandTimeout='30']
SELECT "s"."AgvId", "s"."ActiveUnlockSlotsJson", "s"."CapabilityHash", "s"."CapabilityRevision", "s"."DepartureSafe", "s"."ForcedRecoveryGeneration", "s"."ManifestSha256", "s"."PendingAttemptIdsJson", "s"."PendingResultIdsJson", "s"."ProfileId", "s"."ProtocolCommit", "s"."ProtocolVersion", "s"."ProvenRecoveryCheckpoint", "s"."Readiness", "s"."ReasonCode", "s"."RecoveryReportId", "s"."ReportedForcedRecoveryGeneration", "s"."ReportedSlotConfigurationFingerprint", "s"."SafetyHash", "s"."SafetyReasonCodesJson", "s"."SafetyRevision", "s"."SafetyUnknownPresent", "s"."SessionGeneration", "s"."UnsettledSlotOperationAttemptId", "s"."UpdatedAt"
FROM "SessionRecoveries" AS "s"
WHERE "s"."AgvId" = @__agvId_0 AND "s"."Readiness" = 'Ready'
LIMIT 2
[21:02:11 INF] Start processing HTTP request GET http://127.0.0.1:48408/api/task/vehicles/getVehicleInfoByDeviceKey?key=BROKERX-L2-0001
[21:02:11 INF] Sending HTTP request GET http://127.0.0.1:48408/api/task/vehicles/getVehicleInfoByDeviceKey?key=BROKERX-L2-0001
[21:02:11 INF] Received HTTP response headers after 14.8849ms - 200
[21:02:11 INF] End processing HTTP request after 15.7464ms - 200
[21:02:11 INF] Executed DbCommand (0ms) [Parameters=[], CommandType='Text', CommandTimeout='30']
SELECT "s"."DemandId", "s"."ReasonCode", "s"."ClearedAt", "s"."DetailJson", "s"."FirstRaisedAt", "s"."LastSeenAt", "s"."TransportDemandKey"
FROM "StructuralDispatchBlocks" AS "s"
WHERE "s"."ClearedAt" IS NULL
[21:02:12 INF] Start processing HTTP request GET http://127.0.0.1:48408/api/imap/v1/mapInfo/stations/25
[21:02:12 INF] Sending HTTP request GET http://127.0.0.1:48408/api/imap/v1/mapInfo/stations/25
[21:02:12 INF] Received HTTP response headers after 3.2923ms - 200
[21:02:12 INF] End processing HTTP request after 4.1735ms - 200
[21:02:12 INF] Executed DbCommand (0ms) [Parameters=[@__mapId_0='?' (DbType = Int32)], CommandType='Text', CommandTimeout='30']
SELECT "t"."MapId", "t"."ActiveVersion", "t"."PendingVersion", "t"."State", "t"."UpdatedAt"
FROM "TaskTypeStationActiveBindingSets" AS "t"
WHERE "t"."MapId" = @__mapId_0
LIMIT 2
[21:02:12 INF] Executed DbCommand (0ms) [Parameters=[@__mapId_0='?' (DbType = Int32), @__version_1='?' (DbType = Int64)], CommandType='Text', CommandTimeout='30']
SELECT "t"."MapId", "t"."Version", "t"."CatalogRevision", "t"."ContentSha256", "t"."LoadedAt", "t"."RuleVersion", "t"."SnapshotId", "t"."Source"
FROM "TaskTypeStationBindingSetVersions" AS "t"
WHERE "t"."MapId" = @__mapId_0 AND "t"."Version" = @__version_1
LIMIT 2
[21:02:12 INF] Executed DbCommand (0ms) [Parameters=[@__mapId_0='?' (DbType = Int32), @__version_1='?' (DbType = Int64)], CommandType='Text', CommandTimeout='30']
SELECT "t"."TaskType"
FROM "TaskTypeStationRequirements" AS "t"
WHERE "t"."MapId" = @__mapId_0 AND "t"."Version" = @__version_1
[21:02:12 INF] Executed DbCommand (0ms) [Parameters=[@__mapId_0='?' (DbType = Int32), @__version_1='?' (DbType = Int64)], CommandType='Text', CommandTimeout='30']
SELECT "t"."MapId", "t"."Version", "t"."TaskType", "t"."SiteVerificationRef", "t"."StationName", "t"."StationRiotId"
FROM "TaskTypeStationBindings" AS "t"
WHERE "t"."MapId" = @__mapId_0 AND "t"."Version" = @__version_1
[21:02:12 INF] Executed DbCommand (0ms) [Parameters=[@__version_0='?' (DbType = Int64)], CommandType='Text', CommandTimeout='30']
SELECT "t"."Version", "t"."ContentSha256", "t"."LoadedAt", "t"."SnapshotId", "t"."Source"
FROM "TaskTypeStationRuleVersions" AS "t"
WHERE "t"."Version" = @__version_0
LIMIT 2
[21:02:12 INF] Executed DbCommand (0ms) [Parameters=[@__version_0='?' (DbType = Int64)], CommandType='Text', CommandTimeout='30']
SELECT "t"."Version", "t"."TaskType", "t"."FixedEnd"
FROM "TaskTypeStationRules" AS "t"
WHERE "t"."Version" = @__version_0
[21:02:12 INF] Executed DbCommand (0ms) [Parameters=[@__mapId_0='?' (DbType = Int32)], CommandType='Text', CommandTimeout='30']
SELECT "t"."MapId", "t"."ActiveVersion", "t"."PendingVersion", "t"."State", "t"."UpdatedAt"
FROM "TaskTypeStationActiveBindingSets" AS "t"
WHERE "t"."MapId" = @__mapId_0
LIMIT 2
[21:02:12 INF] Executed DbCommand (0ms) [Parameters=[@__mapId_0='?' (DbType = Int32)], CommandType='Text', CommandTimeout='30']
SELECT "t"."HoldId", "t"."DetailJson", "t"."MapId", "t"."RaisedAt", "t"."RaisedBy", "t"."ReasonCode", "t"."ReleasedAt", "t"."ReleasedBy", "t"."Source", "t"."TaskType"
FROM "TaskTypeStationHolds" AS "t"
WHERE "t"."MapId" = @__mapId_0 AND "t"."ReleasedAt" IS NULL
[21:02:12 INF] Executed DbCommand (0ms) [Parameters=[@__mapId_0='?' (DbType = Int32)], CommandType='Text', CommandTimeout='30']
SELECT "m"."MapId", "m"."ApprovedMaxUnconfirmedSeconds", "m"."ApprovedSyncPeriodSeconds", "m"."CatalogRevision", "m"."LastAttemptAt", "m"."LastCompleteConfirmationAt", "m"."LastFailureReason", "m"."State", "m"."UpdatedAt"
FROM "MapStationCatalogStates" AS "m"
WHERE "m"."MapId" = @__mapId_0
LIMIT 2
[21:02:12 INF] Executed DbCommand (0ms) [Parameters=[@p3='?' (DbType = Int32), @p0='?' (DbType = DateTimeOffset), @p1='?' (DbType = DateTimeOffset), @p2='?' (DbType = DateTimeOffset)], CommandType='Text', CommandTimeout='30']
UPDATE "MapStationCatalogStates" SET "LastAttemptAt" = @p0, "LastCompleteConfirmationAt" = @p1, "UpdatedAt" = @p2
WHERE "MapId" = @p3
RETURNING 1;
[21:02:12 INF] Executed DbCommand (0ms) [Parameters=[@__mapId_0='?' (DbType = Int32)], CommandType='Text', CommandTimeout='30']
SELECT "t"."MapId", "t"."ActiveVersion", "t"."PendingVersion", "t"."State", "t"."UpdatedAt"
FROM "TaskTypeStationActiveBindingSets" AS "t"
WHERE "t"."MapId" = @__mapId_0
LIMIT 2
[21:02:12 INF] Executed DbCommand (0ms) [Parameters=[@__mapId_0='?' (DbType = Int32), @__version_1='?' (DbType = Int64)], CommandType='Text', CommandTimeout='30']
SELECT "t"."MapId", "t"."Version", "t"."CatalogRevision", "t"."ContentSha256", "t"."LoadedAt", "t"."RuleVersion", "t"."SnapshotId", "t"."Source"
FROM "TaskTypeStationBindingSetVersions" AS "t"
WHERE "t"."MapId" = @__mapId_0 AND "t"."Version" = @__version_1
LIMIT 2
[21:02:12 INF] Executed DbCommand (0ms) [Parameters=[@__mapId_0='?' (DbType = Int32), @__version_1='?' (DbType = Int64)], CommandType='Text', CommandTimeout='30']
SELECT "t"."TaskType"
FROM "TaskTypeStationRequirements" AS "t"
WHERE "t"."MapId" = @__mapId_0 AND "t"."Version" = @__version_1
[21:02:12 INF] Executed DbCommand (0ms) [Parameters=[@__mapId_0='?' (DbType = Int32), @__version_1='?' (DbType = Int64)], CommandType='Text', CommandTimeout='30']
SELECT "t"."MapId", "t"."Version", "t"."TaskType", "t"."SiteVerificationRef", "t"."StationName", "t"."StationRiotId"
FROM "TaskTypeStationBindings" AS "t"
WHERE "t"."MapId" = @__mapId_0 AND "t"."Version" = @__version_1
[21:02:12 INF] Executed DbCommand (0ms) [Parameters=[@__mapId_0='?' (DbType = Int32)], CommandType='Text', CommandTimeout='30']
SELECT "t"."MapId", "t"."ActiveVersion", "t"."PendingVersion", "t"."State", "t"."UpdatedAt"
FROM "TaskTypeStationActiveBindingSets" AS "t"
WHERE "t"."MapId" = @__mapId_0
LIMIT 2
[21:02:12 INF] Executed DbCommand (0ms) [Parameters=[@__mapId_0='?' (DbType = Int32), @__version_1='?' (DbType = Int64)], CommandType='Text', CommandTimeout='30']
SELECT "t"."MapId", "t"."Version", "t"."CatalogRevision", "t"."ContentSha256", "t"."LoadedAt", "t"."RuleVersion", "t"."SnapshotId", "t"."Source"
FROM "TaskTypeStationBindingSetVersions" AS "t"
WHERE "t"."MapId" = @__mapId_0 AND "t"."Version" = @__version_1
LIMIT 2
[21:02:12 INF] Executed DbCommand (0ms) [Parameters=[@__mapId_0='?' (DbType = Int32), @__version_1='?' (DbType = Int64)], CommandType='Text', CommandTimeout='30']
SELECT "t"."TaskType"
FROM "TaskTypeStationRequirements" AS "t"
WHERE "t"."MapId" = @__mapId_0 AND "t"."Version" = @__version_1
[21:02:12 INF] Executed DbCommand (0ms) [Parameters=[@__mapId_0='?' (DbType = Int32), @__version_1='?' (DbType = Int64)], CommandType='Text', CommandTimeout='30']
SELECT "t"."MapId", "t"."Version", "t"."TaskType", "t"."SiteVerificationRef", "t"."StationName", "t"."StationRiotId"
FROM "TaskTypeStationBindings" AS "t"
WHERE "t"."MapId" = @__mapId_0 AND "t"."Version" = @__version_1
[21:02:12 INF] Executed DbCommand (0ms) [Parameters=[@__version_0='?' (DbType = Int64)], CommandType='Text', CommandTimeout='30']
SELECT "t"."Version", "t"."ContentSha256", "t"."LoadedAt", "t"."SnapshotId", "t"."Source"
FROM "TaskTypeStationRuleVersions" AS "t"
WHERE "t"."Version" = @__version_0
LIMIT 2
[21:02:12 INF] Executed DbCommand (0ms) [Parameters=[@__version_0='?' (DbType = Int64)], CommandType='Text', CommandTimeout='30']
SELECT "t"."Version", "t"."TaskType", "t"."FixedEnd"
FROM "TaskTypeStationRules" AS "t"
WHERE "t"."Version" = @__version_0
[21:02:12 INF] Executed DbCommand (0ms) [Parameters=[], CommandType='Text', CommandTimeout='30']
SELECT "a"."Id", "a"."ContentHash", "a"."DeploymentId", "a"."ImportedAt", "a"."Version"
FROM "AdmissionPolicyState" AS "a"
WHERE "a"."Id" = 1
LIMIT 2
[21:02:12 INF] Executed DbCommand (0ms) [Parameters=[], CommandType='Text', CommandTimeout='30']
SELECT "j"."DemandId", "j"."AgvId", "j"."AgvLifecycleGeneration", "j"."BlockReasonCode", "j"."BlockReasonSince", "j"."ConsumedSafetyResultMessageId", "j"."ConsumedSublotMessageId", "j"."CreatedAt", "j"."DispatchGeneration", "j"."DispatchZone", "j"."ExpectedBasketCount", "j"."GateMovementLegId", "j"."GatePlanMessageId", "j"."GateStationId", "j"."GateStationRiotId", "j"."GateUpperId", "j"."GateVehicleBusinessMessageId", "j"."GateWorklistMessageId", "j"."LoadCommandMessageId", "j"."LoadSlotOperationAttemptId", "j"."MapId", "j"."MapIdentity", "j"."OperationSessionId", "j"."PickupMovementLegId", "j"."PickupStationId", "j"."PickupStationRiotId", "j"."PickupUpperId", "j"."PlanMessageId", "j"."PlanRevision", "j"."PreDepartureSafetyCheckId", "j"."PreDepartureSafetyCheckMessageId", "j"."RouteEvidenceId", "j"."Stage", "j"."StationDepartureWaitStartedAt", "j"."SublotRequestMessageId", "j"."TargetSlotsJson", "j"."UnloadCommandMessageId", "j"."UnloadSlotOperationAttemptId", "j"."UpdatedAt", "j"."VehicleBusinessMessageId", "j"."VehicleBusinessRevision", "j"."VehicleKey", "j"."WorklistMessageId", "j"."WorklistRevision"
FROM "JourneyRuntimes" AS "j"
WHERE "j"."Stage" <> 'Completed'
[21:02:12 INF] Executed DbCommand (0ms) [Parameters=[], CommandType='Text', CommandTimeout='30']
SELECT "a"."DemandId"
FROM "AcceptedDemands" AS "a"
WHERE "a"."Status" NOT IN ('Succeeded', 'Cancelled')
[21:02:12 INF] Executed DbCommand (0ms) [Parameters=[], CommandType='Text', CommandTimeout='30']
SELECT "j"."DemandId"
FROM "JourneyRuntimes" AS "j"
[21:02:12 INF] Start processing HTTP request GET http://127.0.0.1:48409/api/v2/contract
[21:02:12 INF] Sending HTTP request GET http://127.0.0.1:48409/api/v2/contract
[21:02:12 INF] Received HTTP response headers after 1.0616ms - 200
[21:02:12 INF] End processing HTTP request after 1.7485ms - 200
[21:02:12 INF] Start processing HTTP request GET http://127.0.0.1:48409/api/v2/externally-readable-demand-catalog
[21:02:12 INF] Sending HTTP request GET http://127.0.0.1:48409/api/v2/externally-readable-demand-catalog
[21:02:12 INF] Received HTTP response headers after 0.7953ms - 200
[21:02:12 INF] End processing HTTP request after 1.3686ms - 200
[21:02:12 INF] Executed DbCommand (0ms) [Parameters=[], CommandType='Text', CommandTimeout='30']
SELECT "j"."DemandId", "j"."AcceptedAt", "j"."DecisionFingerprint", "j"."DemandCreatedAt", "j"."FirstSeenAt", "j"."LastSeenAt", "j"."ReasonCode", "j"."TransportDemandKey"
FROM "JourneyBacklog" AS "j"
[21:02:12 INF] Executed DbCommand (0ms) [Parameters=[], CommandType='Text', CommandTimeout='30']
SELECT "a"."DemandId"
FROM "AcceptedDemands" AS "a"
[21:02:12 INF] Executed DbCommand (0ms) [Parameters=[], CommandType='Text', CommandTimeout='30']
SELECT "v"."AgvId", "v"."TaskType", "v"."Allowed", "v"."ConfigurationVersion", "v"."UpdatedAt"
FROM "VehicleTaskTypeAdmissions" AS "v"
[21:02:12 INF] Executed DbCommand (0ms) [Parameters=[], CommandType='Text', CommandTimeout='30']
SELECT "v"."AgvId", "v"."ConfigurationVersion", "v"."RoundTimeoutMilliseconds", "v"."UpdatedAt"
FROM "VehicleDispatchBudgets" AS "v"
[21:02:12 INF] Executed DbCommand (0ms) [Parameters=[], CommandType='Text', CommandTimeout='30']
SELECT "d"."Zone", "d"."AgvId", "d"."ConfigurationVersion", "d"."UpdatedAt"
FROM "DispatchZoneVehicles" AS "d"
[21:02:12 INF] Executed DbCommand (0ms) [Parameters=[], CommandType='Text', CommandTimeout='30']
SELECT MAX("d"."Version")
FROM "DispatchZoneAreaAssignmentVersions" AS "d"
[21:02:12 INF] Executed DbCommand (0ms) [Parameters=[@__agvId_0='?' (Size = 10)], CommandType='Text', CommandTimeout='30']
SELECT "a"."SlotModelVersionId", "a"."SnapshotId"
FROM "ActiveSlotConfigurations" AS "a"
WHERE "a"."AgvId" = @__agvId_0
LIMIT 2
[21:02:12 INF] Executed DbCommand (0ms) [Parameters=[@__agvId_0='?' (Size = 10)], CommandType='Text', CommandTimeout='30']
SELECT "s"."SlotModelVersionId", "s"."CreatedAt"
FROM "SlotIoBindings" AS "s"
WHERE "s"."AgvId" = @__agvId_0 AND "s"."Status" = 'PUBLISHED'
[21:02:12 INF] Executed DbCommand (0ms) [Parameters=[@__agvId_0='?' (Size = 10)], CommandType='Text', CommandTimeout='30']
SELECT "s"."AgvId", "s"."ActiveUnlockSlotsJson", "s"."CapabilityHash", "s"."CapabilityRevision", "s"."DepartureSafe", "s"."ForcedRecoveryGeneration", "s"."ManifestSha256", "s"."PendingAttemptIdsJson", "s"."PendingResultIdsJson", "s"."ProfileId", "s"."ProtocolCommit", "s"."ProtocolVersion", "s"."ProvenRecoveryCheckpoint", "s"."Readiness", "s"."ReasonCode", "s"."RecoveryReportId", "s"."ReportedForcedRecoveryGeneration", "s"."ReportedSlotConfigurationFingerprint", "s"."SafetyHash", "s"."SafetyReasonCodesJson", "s"."SafetyRevision", "s"."SafetyUnknownPresent", "s"."SessionGeneration", "s"."UnsettledSlotOperationAttemptId", "s"."UpdatedAt"
FROM "SessionRecoveries" AS "s"
WHERE "s"."AgvId" = @__agvId_0 AND "s"."Readiness" = 'Ready'
LIMIT 2
[21:02:12 INF] Start processing HTTP request GET http://127.0.0.1:48408/api/task/vehicles/getVehicleInfoByDeviceKey?key=BROKERX-L2-0001
[21:02:12 INF] Sending HTTP request GET http://127.0.0.1:48408/api/task/vehicles/getVehicleInfoByDeviceKey?key=BROKERX-L2-0001
[21:02:12 INF] Received HTTP response headers after 1.9077ms - 200
[21:02:12 INF] End processing HTTP request after 2.5741ms - 200
[21:02:12 INF] Executed DbCommand (0ms) [Parameters=[], CommandType='Text', CommandTimeout='30']
SELECT "s"."DemandId", "s"."ReasonCode", "s"."ClearedAt", "s"."DetailJson", "s"."FirstRaisedAt", "s"."LastSeenAt", "s"."TransportDemandKey"
FROM "StructuralDispatchBlocks" AS "s"
WHERE "s"."ClearedAt" IS NULL
[21:02:13 INF] Start processing HTTP request GET http://127.0.0.1:48408/api/task/v1/task/getVehicleInfo/BROKERX-L2-0001
[21:02:13 INF] Sending HTTP request GET http://127.0.0.1:48408/api/task/v1/task/getVehicleInfo/BROKERX-L2-0001
[21:02:13 INF] Received HTTP response headers after 7.7564ms - 200
[21:02:13 INF] End processing HTTP request after 9.7544ms - 200
[21:02:13 INF] Start processing HTTP request GET http://127.0.0.1:48408/api/imap/v1/mapInfo/stations/25
[21:02:13 INF] Sending HTTP request GET http://127.0.0.1:48408/api/imap/v1/mapInfo/stations/25
[21:02:13 INF] Received HTTP response headers after 1.0516ms - 200
[21:02:13 INF] End processing HTTP request after 2.2765ms - 200
[21:02:13 INF] Executed DbCommand (0ms) [Parameters=[@__mapId_0='?' (DbType = Int32)], CommandType='Text', CommandTimeout='30']
SELECT "t"."MapId", "t"."ActiveVersion", "t"."PendingVersion", "t"."State", "t"."UpdatedAt"
FROM "TaskTypeStationActiveBindingSets" AS "t"
WHERE "t"."MapId" = @__mapId_0
LIMIT 2
[21:02:13 INF] Executed DbCommand (0ms) [Parameters=[@__mapId_0='?' (DbType = Int32), @__version_1='?' (DbType = Int64)], CommandType='Text', CommandTimeout='30']
SELECT "t"."MapId", "t"."Version", "t"."CatalogRevision", "t"."ContentSha256", "t"."LoadedAt", "t"."RuleVersion", "t"."SnapshotId", "t"."Source"
FROM "TaskTypeStationBindingSetVersions" AS "t"
WHERE "t"."MapId" = @__mapId_0 AND "t"."Version" = @__version_1
LIMIT 2
[21:02:13 INF] Executed DbCommand (0ms) [Parameters=[@__mapId_0='?' (DbType = Int32), @__version_1='?' (DbType = Int64)], CommandType='Text', CommandTimeout='30']
SELECT "t"."TaskType"
FROM "TaskTypeStationRequirements" AS "t"
WHERE "t"."MapId" = @__mapId_0 AND "t"."Version" = @__version_1
[21:02:13 INF] Executed DbCommand (0ms) [Parameters=[@__mapId_0='?' (DbType = Int32), @__version_1='?' (DbType = Int64)], CommandType='Text', CommandTimeout='30']
SELECT "t"."MapId", "t"."Version", "t"."TaskType", "t"."SiteVerificationRef", "t"."StationName", "t"."StationRiotId"
FROM "TaskTypeStationBindings" AS "t"
WHERE "t"."MapId" = @__mapId_0 AND "t"."Version" = @__version_1
[21:02:13 INF] Executed DbCommand (0ms) [Parameters=[@__version_0='?' (DbType = Int64)], CommandType='Text', CommandTimeout='30']
SELECT "t"."Version", "t"."ContentSha256", "t"."LoadedAt", "t"."SnapshotId", "t"."Source"
FROM "TaskTypeStationRuleVersions" AS "t"
WHERE "t"."Version" = @__version_0
LIMIT 2
[21:02:13 INF] Executed DbCommand (0ms) [Parameters=[@__version_0='?' (DbType = Int64)], CommandType='Text', CommandTimeout='30']
SELECT "t"."Version", "t"."TaskType", "t"."FixedEnd"
FROM "TaskTypeStationRules" AS "t"
WHERE "t"."Version" = @__version_0
[21:02:13 INF] Executed DbCommand (0ms) [Parameters=[@__mapId_0='?' (DbType = Int32)], CommandType='Text', CommandTimeout='30']
SELECT "t"."MapId", "t"."ActiveVersion", "t"."PendingVersion", "t"."State", "t"."UpdatedAt"
FROM "TaskTypeStationActiveBindingSets" AS "t"
WHERE "t"."MapId" = @__mapId_0
LIMIT 2
[21:02:13 INF] Executed DbCommand (0ms) [Parameters=[@__mapId_0='?' (DbType = Int32)], CommandType='Text', CommandTimeout='30']
SELECT "t"."HoldId", "t"."DetailJson", "t"."MapId", "t"."RaisedAt", "t"."RaisedBy", "t"."ReasonCode", "t"."ReleasedAt", "t"."ReleasedBy", "t"."Source", "t"."TaskType"
FROM "TaskTypeStationHolds" AS "t"
WHERE "t"."MapId" = @__mapId_0 AND "t"."ReleasedAt" IS NULL
[21:02:13 INF] Executed DbCommand (0ms) [Parameters=[@__mapId_0='?' (DbType = Int32)], CommandType='Text', CommandTimeout='30']
SELECT "m"."MapId", "m"."ApprovedMaxUnconfirmedSeconds", "m"."ApprovedSyncPeriodSeconds", "m"."CatalogRevision", "m"."LastAttemptAt", "m"."LastCompleteConfirmationAt", "m"."LastFailureReason", "m"."State", "m"."UpdatedAt"
FROM "MapStationCatalogStates" AS "m"
WHERE "m"."MapId" = @__mapId_0
LIMIT 2
[21:02:13 INF] Executed DbCommand (0ms) [Parameters=[@p3='?' (DbType = Int32), @p0='?' (DbType = DateTimeOffset), @p1='?' (DbType = DateTimeOffset), @p2='?' (DbType = DateTimeOffset)], CommandType='Text', CommandTimeout='30']
UPDATE "MapStationCatalogStates" SET "LastAttemptAt" = @p0, "LastCompleteConfirmationAt" = @p1, "UpdatedAt" = @p2
WHERE "MapId" = @p3
RETURNING 1;
[21:02:13 INF] Start processing HTTP request GET http://127.0.0.1:48408/api/order/v1/orderRecord?pageNum=1&pageSize=100&filterByState=1&filterByState=3&filterByState=7&filterByState=9
[21:02:13 INF] Executed DbCommand (0ms) [Parameters=[@__mapId_0='?' (DbType = Int32)], CommandType='Text', CommandTimeout='30']
SELECT "t"."MapId", "t"."ActiveVersion", "t"."PendingVersion", "t"."State", "t"."UpdatedAt"
FROM "TaskTypeStationActiveBindingSets" AS "t"
WHERE "t"."MapId" = @__mapId_0
LIMIT 2
[21:02:13 INF] Sending HTTP request GET http://127.0.0.1:48408/api/order/v1/orderRecord?pageNum=1&pageSize=100&filterByState=1&filterByState=3&filterByState=7&filterByState=9
[21:02:13 INF] Executed DbCommand (0ms) [Parameters=[@__mapId_0='?' (DbType = Int32), @__version_1='?' (DbType = Int64)], CommandType='Text', CommandTimeout='30']
SELECT "t"."MapId", "t"."Version", "t"."CatalogRevision", "t"."ContentSha256", "t"."LoadedAt", "t"."RuleVersion", "t"."SnapshotId", "t"."Source"
FROM "TaskTypeStationBindingSetVersions" AS "t"
WHERE "t"."MapId" = @__mapId_0 AND "t"."Version" = @__version_1
LIMIT 2
[21:02:13 INF] Executed DbCommand (0ms) [Parameters=[@__mapId_0='?' (DbType = Int32), @__version_1='?' (DbType = Int64)], CommandType='Text', CommandTimeout='30']
SELECT "t"."TaskType"
FROM "TaskTypeStationRequirements" AS "t"
WHERE "t"."MapId" = @__mapId_0 AND "t"."Version" = @__version_1
[21:02:13 INF] Executed DbCommand (0ms) [Parameters=[@__mapId_0='?' (DbType = Int32), @__version_1='?' (DbType = Int64)], CommandType='Text', CommandTimeout='30']
SELECT "t"."MapId", "t"."Version", "t"."TaskType", "t"."SiteVerificationRef", "t"."StationName", "t"."StationRiotId"
FROM "TaskTypeStationBindings" AS "t"
WHERE "t"."MapId" = @__mapId_0 AND "t"."Version" = @__version_1
[21:02:13 INF] Executed DbCommand (0ms) [Parameters=[@__mapId_0='?' (DbType = Int32)], CommandType='Text', CommandTimeout='30']
SELECT "t"."MapId", "t"."ActiveVersion", "t"."PendingVersion", "t"."State", "t"."UpdatedAt"
FROM "TaskTypeStationActiveBindingSets" AS "t"
WHERE "t"."MapId" = @__mapId_0
LIMIT 2
[21:02:13 INF] Executed DbCommand (0ms) [Parameters=[@__mapId_0='?' (DbType = Int32), @__version_1='?' (DbType = Int64)], CommandType='Text', CommandTimeout='30']
SELECT "t"."MapId", "t"."Version", "t"."CatalogRevision", "t"."ContentSha256", "t"."LoadedAt", "t"."RuleVersion", "t"."SnapshotId", "t"."Source"
FROM "TaskTypeStationBindingSetVersions" AS "t"
WHERE "t"."MapId" = @__mapId_0 AND "t"."Version" = @__version_1
LIMIT 2
[21:02:13 INF] Executed DbCommand (0ms) [Parameters=[@__mapId_0='?' (DbType = Int32), @__version_1='?' (DbType = Int64)], CommandType='Text', CommandTimeout='30']
SELECT "t"."TaskType"
FROM "TaskTypeStationRequirements" AS "t"
WHERE "t"."MapId" = @__mapId_0 AND "t"."Version" = @__version_1
[21:02:13 INF] Executed DbCommand (0ms) [Parameters=[@__mapId_0='?' (DbType = Int32), @__version_1='?' (DbType = Int64)], CommandType='Text', CommandTimeout='30']
SELECT "t"."MapId", "t"."Version", "t"."TaskType", "t"."SiteVerificationRef", "t"."StationName", "t"."StationRiotId"
FROM "TaskTypeStationBindings" AS "t"
WHERE "t"."MapId" = @__mapId_0 AND "t"."Version" = @__version_1
[21:02:13 INF] Received HTTP response headers after 8.625ms - 200
[21:02:13 INF] End processing HTTP request after 10.211ms - 200
[21:02:13 INF] Executed DbCommand (0ms) [Parameters=[@__version_0='?' (DbType = Int64)], CommandType='Text', CommandTimeout='30']
SELECT "t"."Version", "t"."ContentSha256", "t"."LoadedAt", "t"."SnapshotId", "t"."Source"
FROM "TaskTypeStationRuleVersions" AS "t"
WHERE "t"."Version" = @__version_0
LIMIT 2
[21:02:13 INF] Executed DbCommand (0ms) [Parameters=[@__version_0='?' (DbType = Int64)], CommandType='Text', CommandTimeout='30']
SELECT "t"."Version", "t"."TaskType", "t"."FixedEnd"
FROM "TaskTypeStationRules" AS "t"
WHERE "t"."Version" = @__version_0
[21:02:13 INF] Executed DbCommand (0ms) [Parameters=[], CommandType='Text', CommandTimeout='30']
SELECT "a"."Id", "a"."ContentHash", "a"."DeploymentId", "a"."ImportedAt", "a"."Version"
FROM "AdmissionPolicyState" AS "a"
WHERE "a"."Id" = 1
LIMIT 2
[21:02:13 INF] Executed DbCommand (0ms) [Parameters=[], CommandType='Text', CommandTimeout='30']
SELECT "j"."DemandId", "j"."AgvId", "j"."AgvLifecycleGeneration", "j"."BlockReasonCode", "j"."BlockReasonSince", "j"."ConsumedSafetyResultMessageId", "j"."ConsumedSublotMessageId", "j"."CreatedAt", "j"."DispatchGeneration", "j"."DispatchZone", "j"."ExpectedBasketCount", "j"."GateMovementLegId", "j"."GatePlanMessageId", "j"."GateStationId", "j"."GateStationRiotId", "j"."GateUpperId", "j"."GateVehicleBusinessMessageId", "j"."GateWorklistMessageId", "j"."LoadCommandMessageId", "j"."LoadSlotOperationAttemptId", "j"."MapId", "j"."MapIdentity", "j"."OperationSessionId", "j"."PickupMovementLegId", "j"."PickupStationId", "j"."PickupStationRiotId", "j"."PickupUpperId", "j"."PlanMessageId", "j"."PlanRevision", "j"."PreDepartureSafetyCheckId", "j"."PreDepartureSafetyCheckMessageId", "j"."RouteEvidenceId", "j"."Stage", "j"."StationDepartureWaitStartedAt", "j"."SublotRequestMessageId", "j"."TargetSlotsJson", "j"."UnloadCommandMessageId", "j"."UnloadSlotOperationAttemptId", "j"."UpdatedAt", "j"."VehicleBusinessMessageId", "j"."VehicleBusinessRevision", "j"."VehicleKey", "j"."WorklistMessageId", "j"."WorklistRevision"
FROM "JourneyRuntimes" AS "j"
WHERE "j"."Stage" <> 'Completed'
[21:02:13 INF] Executed DbCommand (0ms) [Parameters=[], CommandType='Text', CommandTimeout='30']
SELECT "a"."DemandId"
FROM "AcceptedDemands" AS "a"
WHERE "a"."Status" NOT IN ('Succeeded', 'Cancelled')
[21:02:13 INF] Executed DbCommand (0ms) [Parameters=[], CommandType='Text', CommandTimeout='30']
SELECT "j"."DemandId"
FROM "JourneyRuntimes" AS "j"
[21:02:13 INF] Start processing HTTP request GET http://127.0.0.1:48409/api/v2/contract
[21:02:13 INF] Sending HTTP request GET http://127.0.0.1:48409/api/v2/contract
[21:02:13 INF] Received HTTP response headers after 1.3203ms - 200
[21:02:13 INF] End processing HTTP request after 2.4327ms - 200
[21:02:13 INF] Start processing HTTP request GET http://127.0.0.1:48409/api/v2/externally-readable-demand-catalog
[21:02:13 INF] Sending HTTP request GET http://127.0.0.1:48409/api/v2/externally-readable-demand-catalog
[21:02:13 INF] Received HTTP response headers after 0.6446ms - 200
[21:02:13 INF] HTTP GET /api/onboard/v1/vehicle-safety responded 200 in 64.2242 ms
[21:02:13 INF] End processing HTTP request after 1.5892ms - 200
[21:02:13 INF] Executed DbCommand (0ms) [Parameters=[], CommandType='Text', CommandTimeout='30']
SELECT "j"."DemandId", "j"."AcceptedAt", "j"."DecisionFingerprint", "j"."DemandCreatedAt", "j"."FirstSeenAt", "j"."LastSeenAt", "j"."ReasonCode", "j"."TransportDemandKey"
FROM "JourneyBacklog" AS "j"
[21:02:13 INF] Executed DbCommand (0ms) [Parameters=[], CommandType='Text', CommandTimeout='30']
SELECT "a"."DemandId"
FROM "AcceptedDemands" AS "a"
[21:02:13 INF] Executed DbCommand (0ms) [Parameters=[], CommandType='Text', CommandTimeout='30']
SELECT "v"."AgvId", "v"."TaskType", "v"."Allowed", "v"."ConfigurationVersion", "v"."UpdatedAt"
FROM "VehicleTaskTypeAdmissions" AS "v"
[21:02:13 INF] Executed DbCommand (0ms) [Parameters=[], CommandType='Text', CommandTimeout='30']
SELECT "v"."AgvId", "v"."ConfigurationVersion", "v"."RoundTimeoutMilliseconds", "v"."UpdatedAt"
FROM "VehicleDispatchBudgets" AS "v"
[21:02:13 INF] Executed DbCommand (0ms) [Parameters=[], CommandType='Text', CommandTimeout='30']
SELECT "d"."Zone", "d"."AgvId", "d"."ConfigurationVersion", "d"."UpdatedAt"
FROM "DispatchZoneVehicles" AS "d"
[21:02:13 INF] Executed DbCommand (0ms) [Parameters=[], CommandType='Text', CommandTimeout='30']
SELECT MAX("d"."Version")
FROM "DispatchZoneAreaAssignmentVersions" AS "d"
[21:02:13 INF] Executed DbCommand (0ms) [Parameters=[@__agvId_0='?' (Size = 10)], CommandType='Text', CommandTimeout='30']
SELECT "a"."SlotModelVersionId", "a"."SnapshotId"
FROM "ActiveSlotConfigurations" AS "a"
WHERE "a"."AgvId" = @__agvId_0
LIMIT 2
[21:02:13 INF] Executed DbCommand (0ms) [Parameters=[@__agvId_0='?' (Size = 10)], CommandType='Text', CommandTimeout='30']
SELECT "s"."SlotModelVersionId", "s"."CreatedAt"
FROM "SlotIoBindings" AS "s"
WHERE "s"."AgvId" = @__agvId_0 AND "s"."Status" = 'PUBLISHED'
[21:02:13 INF] Executed DbCommand (0ms) [Parameters=[@__agvId_0='?' (Size = 10)], CommandType='Text', CommandTimeout='30']
SELECT "s"."AgvId", "s"."ActiveUnlockSlotsJson", "s"."CapabilityHash", "s"."CapabilityRevision", "s"."DepartureSafe", "s"."ForcedRecoveryGeneration", "s"."ManifestSha256", "s"."PendingAttemptIdsJson", "s"."PendingResultIdsJson", "s"."ProfileId", "s"."ProtocolCommit", "s"."ProtocolVersion", "s"."ProvenRecoveryCheckpoint", "s"."Readiness", "s"."ReasonCode", "s"."RecoveryReportId", "s"."ReportedForcedRecoveryGeneration", "s"."ReportedSlotConfigurationFingerprint", "s"."SafetyHash", "s"."SafetyReasonCodesJson", "s"."SafetyRevision", "s"."SafetyUnknownPresent", "s"."SessionGeneration", "s"."UnsettledSlotOperationAttemptId", "s"."UpdatedAt"
FROM "SessionRecoveries" AS "s"
WHERE "s"."AgvId" = @__agvId_0 AND "s"."Readiness" = 'Ready'
LIMIT 2
[21:02:13 INF] Start processing HTTP request GET http://127.0.0.1:48408/api/task/vehicles/getVehicleInfoByDeviceKey?key=BROKERX-L2-0001
[21:02:13 INF] Sending HTTP request GET http://127.0.0.1:48408/api/task/vehicles/getVehicleInfoByDeviceKey?key=BROKERX-L2-0001
[21:02:13 INF] Received HTTP response headers after 1.0995ms - 200
[21:02:13 INF] End processing HTTP request after 2.064ms - 200
[21:02:13 INF] Executed DbCommand (0ms) [Parameters=[], CommandType='Text', CommandTimeout='30']
SELECT "s"."DemandId", "s"."ReasonCode", "s"."ClearedAt", "s"."DetailJson", "s"."FirstRaisedAt", "s"."LastSeenAt", "s"."TransportDemandKey"
FROM "StructuralDispatchBlocks" AS "s"
WHERE "s"."ClearedAt" IS NULL
[21:02:13 INF] Executed DbCommand (0ms) [Parameters=[@__messageId_0='?' (Size = 36)], CommandType='Text', CommandTimeout='30']
SELECT "p"."MessageId", "p"."ContentHash", "p"."FirstResponseJson", "p"."MessageType", "p"."ReceivedAt", "p"."RequestJson"
FROM "ProtocolInbox" AS "p"
WHERE "p"."MessageId" = @__messageId_0
LIMIT 2
[21:02:13 INF] Executed DbCommand (0ms) [Parameters=[@__agvId_0='?' (Size = 10)], CommandType='Text', CommandTimeout='30']
SELECT "s"."SessionGeneration"
FROM "SessionRecoveries" AS "s"
WHERE "s"."AgvId" = @__agvId_0
LIMIT 2
[21:02:13 INF] Executed DbCommand (0ms) [Parameters=[@__identity_AgvId_0='?' (Size = 10)], CommandType='Text', CommandTimeout='30']
SELECT "s"."AgvId", "s"."ActiveUnlockSlotsJson", "s"."CapabilityHash", "s"."CapabilityRevision", "s"."DepartureSafe", "s"."ForcedRecoveryGeneration", "s"."ManifestSha256", "s"."PendingAttemptIdsJson", "s"."PendingResultIdsJson", "s"."ProfileId", "s"."ProtocolCommit", "s"."ProtocolVersion", "s"."ProvenRecoveryCheckpoint", "s"."Readiness", "s"."ReasonCode", "s"."RecoveryReportId", "s"."ReportedForcedRecoveryGeneration", "s"."ReportedSlotConfigurationFingerprint", "s"."SafetyHash", "s"."SafetyReasonCodesJson", "s"."SafetyRevision", "s"."SafetyUnknownPresent", "s"."SessionGeneration", "s"."UnsettledSlotOperationAttemptId", "s"."UpdatedAt"
FROM "SessionRecoveries" AS "s"
WHERE "s"."AgvId" = @__identity_AgvId_0
LIMIT 2
[21:02:13 INF] Executed DbCommand (24ms) [Parameters=[], CommandType='Text', CommandTimeout='30']
SELECT EXISTS (
    SELECT 1
    FROM "SessionRecoveries" AS "s"
    WHERE "s"."Readiness" = 'Ready')
[21:02:13 ERR] HTTP GET /health/ready responded 503 in 32.9115 ms
[21:02:13 INF] Executed DbCommand (0ms) [Parameters=[@__identity_AgvId_0='?' (Size = 10)], CommandType='Text', CommandTimeout='30']
SELECT "j"."DemandId", "j"."AgvId", "j"."AgvLifecycleGeneration", "j"."BlockReasonCode", "j"."BlockReasonSince", "j"."ConsumedSafetyResultMessageId", "j"."ConsumedSublotMessageId", "j"."CreatedAt", "j"."DispatchGeneration", "j"."DispatchZone", "j"."ExpectedBasketCount", "j"."GateMovementLegId", "j"."GatePlanMessageId", "j"."GateStationId", "j"."GateStationRiotId", "j"."GateUpperId", "j"."GateVehicleBusinessMessageId", "j"."GateWorklistMessageId", "j"."LoadCommandMessageId", "j"."LoadSlotOperationAttemptId", "j"."MapId", "j"."MapIdentity", "j"."OperationSessionId", "j"."PickupMovementLegId", "j"."PickupStationId", "j"."PickupStationRiotId", "j"."PickupUpperId", "j"."PlanMessageId", "j"."PlanRevision", "j"."PreDepartureSafetyCheckId", "j"."PreDepartureSafetyCheckMessageId", "j"."RouteEvidenceId", "j"."Stage", "j"."StationDepartureWaitStartedAt", "j"."SublotRequestMessageId", "j"."TargetSlotsJson", "j"."UnloadCommandMessageId", "j"."UnloadSlotOperationAttemptId", "j"."UpdatedAt", "j"."VehicleBusinessMessageId", "j"."VehicleBusinessRevision", "j"."VehicleKey", "j"."WorklistMessageId", "j"."WorklistRevision"
FROM "JourneyRuntimes" AS "j"
WHERE "j"."AgvId" = @__identity_AgvId_0 AND "j"."StationDepartureWaitStartedAt" IS NOT NULL
[21:02:13 INF] Executed DbCommand (0ms) [Parameters=[@p0='?' (Size = 10), @p1='?' (Size = 2), @p2='?', @p3='?' (DbType = Int64), @p4='?' (DbType = Boolean), @p5='?' (DbType = Int64), @p6='?' (Size = 64), @p7='?' (Size = 2), @p8='?' (Size = 2), @p9='?' (Size = 16), @p10='?' (Size = 40), @p11='?' (DbType = Int32), @p12='?', @p13='?' (Size = 16), @p14='?' (Size = 20), @p15='?', @p16='?' (DbType = Int64), @p17='?', @p18='?', @p19='?', @p20='?' (DbType = Int64), @p21='?' (DbType = Boolean), @p22='?' (DbType = Int64), @p23='?', @p24='?' (DbType = DateTimeOffset)], CommandType='Text', CommandTimeout='30']
INSERT INTO "SessionRecoveries" ("AgvId", "ActiveUnlockSlotsJson", "CapabilityHash", "CapabilityRevision", "DepartureSafe", "ForcedRecoveryGeneration", "ManifestSha256", "PendingAttemptIdsJson", "PendingResultIdsJson", "ProfileId", "ProtocolCommit", "ProtocolVersion", "ProvenRecoveryCheckpoint", "Readiness", "ReasonCode", "RecoveryReportId", "ReportedForcedRecoveryGeneration", "ReportedSlotConfigurationFingerprint", "SafetyHash", "SafetyReasonCodesJson", "SafetyRevision", "SafetyUnknownPresent", "SessionGeneration", "UnsettledSlotOperationAttemptId", "UpdatedAt")
VALUES (@p0, @p1, @p2, @p3, @p4, @p5, @p6, @p7, @p8, @p9, @p10, @p11, @p12, @p13, @p14, @p15, @p16, @p17, @p18, @p19, @p20, @p21, @p22, @p23, @p24);
[21:02:14 INF] Executed DbCommand (0ms) [Parameters=[@p0='?' (Size = 36), @p1='?' (Size = 64), @p2='?' (Size = 1064), @p3='?' (Size = 12), @p4='?' (DbType = DateTimeOffset), @p5='?' (Size = 1075)], CommandType='Text', CommandTimeout='30']
INSERT INTO "ProtocolInbox" ("MessageId", "ContentHash", "FirstResponseJson", "MessageType", "ReceivedAt", "RequestJson")
VALUES (@p0, @p1, @p2, @p3, @p4, @p5);
[21:02:14 INF] Executed DbCommand (0ms) [Parameters=[@__messageId_0='?' (Size = 36)], CommandType='Text', CommandTimeout='30']
SELECT "p"."MessageId", "p"."ContentHash", "p"."FirstResponseJson", "p"."MessageType", "p"."ReceivedAt", "p"."RequestJson"
FROM "ProtocolInbox" AS "p"
WHERE "p"."MessageId" = @__messageId_0
LIMIT 2
[21:02:14 INF] Start processing HTTP request GET http://127.0.0.1:48408/api/imap/v1/mapInfo/stations/25
[21:02:14 INF] Executed DbCommand (0ms) [Parameters=[@__agvId_0='?' (Size = 10)], CommandType='Text', CommandTimeout='30']
SELECT "a"."AgvId", "a"."ActivatedAt", "a"."ActivationId", "a"."ConfigurationVersion", "a"."Fingerprint", "a"."SlotModelVersionId", "a"."SnapshotId"
FROM "ActiveSlotConfigurations" AS "a"
WHERE "a"."AgvId" = @__agvId_0
LIMIT 1
[21:02:14 INF] Sending HTTP request GET http://127.0.0.1:48408/api/imap/v1/mapInfo/stations/25
[21:02:14 INF] Received HTTP response headers after 1.1342ms - 200
[21:02:14 INF] End processing HTTP request after 3.0009ms - 200
[21:02:14 INF] Executed DbCommand (0ms) [Parameters=[@__mapId_0='?' (DbType = Int32)], CommandType='Text', CommandTimeout='30']
SELECT "t"."MapId", "t"."ActiveVersion", "t"."PendingVersion", "t"."State", "t"."UpdatedAt"
FROM "TaskTypeStationActiveBindingSets" AS "t"
WHERE "t"."MapId" = @__mapId_0
LIMIT 2
[21:02:14 INF] Executed DbCommand (0ms) [Parameters=[@__mapId_0='?' (DbType = Int32), @__version_1='?' (DbType = Int64)], CommandType='Text', CommandTimeout='30']
SELECT "t"."MapId", "t"."Version", "t"."CatalogRevision", "t"."ContentSha256", "t"."LoadedAt", "t"."RuleVersion", "t"."SnapshotId", "t"."Source"
FROM "TaskTypeStationBindingSetVersions" AS "t"
WHERE "t"."MapId" = @__mapId_0 AND "t"."Version" = @__version_1
LIMIT 2
[21:02:14 INF] Executed DbCommand (0ms) [Parameters=[@__mapId_0='?' (DbType = Int32), @__version_1='?' (DbType = Int64)], CommandType='Text', CommandTimeout='30']
SELECT "t"."TaskType"
FROM "TaskTypeStationRequirements" AS "t"
WHERE "t"."MapId" = @__mapId_0 AND "t"."Version" = @__version_1
[21:02:14 INF] Executed DbCommand (0ms) [Parameters=[@__mapId_0='?' (DbType = Int32), @__version_1='?' (DbType = Int64)], CommandType='Text', CommandTimeout='30']
SELECT "t"."MapId", "t"."Version", "t"."TaskType", "t"."SiteVerificationRef", "t"."StationName", "t"."StationRiotId"
FROM "TaskTypeStationBindings" AS "t"
WHERE "t"."MapId" = @__mapId_0 AND "t"."Version" = @__version_1
[21:02:14 INF] Executed DbCommand (0ms) [Parameters=[@__agvId_0='?' (Size = 10)], CommandType='Text', CommandTimeout='30']
SELECT "a"."AgvId", "a"."ArchiveReason", "a"."ArchivedActiveSlotConfigurationFingerprint", "a"."ArchivedAt", "a"."ArchivedLifecycleGeneration"
FROM "AgvArchives" AS "a"
WHERE "a"."AgvId" = @__agvId_0
LIMIT 1
[21:02:14 INF] Executed DbCommand (0ms) [Parameters=[@__version_0='?' (DbType = Int64)], CommandType='Text', CommandTimeout='30']
SELECT "t"."Version", "t"."ContentSha256", "t"."LoadedAt", "t"."SnapshotId", "t"."Source"
FROM "TaskTypeStationRuleVersions" AS "t"
WHERE "t"."Version" = @__version_0
LIMIT 2
[21:02:14 INF] Executed DbCommand (0ms) [Parameters=[@__version_0='?' (DbType = Int64)], CommandType='Text', CommandTimeout='30']
SELECT "t"."Version", "t"."TaskType", "t"."FixedEnd"
FROM "TaskTypeStationRules" AS "t"
WHERE "t"."Version" = @__version_0
[21:02:14 INF] Executed DbCommand (0ms) [Parameters=[@__mapId_0='?' (DbType = Int32)], CommandType='Text', CommandTimeout='30']
SELECT "t"."MapId", "t"."ActiveVersion", "t"."PendingVersion", "t"."State", "t"."UpdatedAt"
FROM "TaskTypeStationActiveBindingSets" AS "t"
WHERE "t"."MapId" = @__mapId_0
LIMIT 2
[21:02:14 INF] Executed DbCommand (0ms) [Parameters=[@__mapId_0='?' (DbType = Int32)], CommandType='Text', CommandTimeout='30']
SELECT "t"."HoldId", "t"."DetailJson", "t"."MapId", "t"."RaisedAt", "t"."RaisedBy", "t"."ReasonCode", "t"."ReleasedAt", "t"."ReleasedBy", "t"."Source", "t"."TaskType"
FROM "TaskTypeStationHolds" AS "t"
WHERE "t"."MapId" = @__mapId_0 AND "t"."ReleasedAt" IS NULL
[21:02:14 INF] Executed DbCommand (0ms) [Parameters=[@__mapId_0='?' (DbType = Int32)], CommandType='Text', CommandTimeout='30']
SELECT "m"."MapId", "m"."ApprovedMaxUnconfirmedSeconds", "m"."ApprovedSyncPeriodSeconds", "m"."CatalogRevision", "m"."LastAttemptAt", "m"."LastCompleteConfirmationAt", "m"."LastFailureReason", "m"."State", "m"."UpdatedAt"
FROM "MapStationCatalogStates" AS "m"
WHERE "m"."MapId" = @__mapId_0
LIMIT 2
[21:02:14 INF] Executed DbCommand (0ms) [Parameters=[@__agvId_0='?' (Size = 10)], CommandType='Text', CommandTimeout='30']
SELECT "s"."AgvId", "s"."ActiveUnlockSlotsJson", "s"."CapabilityHash", "s"."CapabilityRevision", "s"."DepartureSafe", "s"."ForcedRecoveryGeneration", "s"."ManifestSha256", "s"."PendingAttemptIdsJson", "s"."PendingResultIdsJson", "s"."ProfileId", "s"."ProtocolCommit", "s"."ProtocolVersion", "s"."ProvenRecoveryCheckpoint", "s"."Readiness", "s"."ReasonCode", "s"."RecoveryReportId", "s"."ReportedForcedRecoveryGeneration", "s"."ReportedSlotConfigurationFingerprint", "s"."SafetyHash", "s"."SafetyReasonCodesJson", "s"."SafetyRevision", "s"."SafetyUnknownPresent", "s"."SessionGeneration", "s"."UnsettledSlotOperationAttemptId", "s"."UpdatedAt"
FROM "SessionRecoveries" AS "s"
WHERE "s"."AgvId" = @__agvId_0
LIMIT 2
[21:02:14 INF] Executed DbCommand (0ms) [Parameters=[@p4='?' (Size = 10), @p0='?' (Size = 64), @p1='?' (DbType = Int64), @p2='?' (Size = 64), @p3='?' (DbType = DateTimeOffset)], CommandType='Text', CommandTimeout='30']
UPDATE "SessionRecoveries" SET "CapabilityHash" = @p0, "CapabilityRevision" = @p1, "ReportedSlotConfigurationFingerprint" = @p2, "UpdatedAt" = @p3
WHERE "AgvId" = @p4
RETURNING 1;
[21:02:14 INF] Executed DbCommand (0ms) [Parameters=[@p0='?' (Size = 36), @p1='?' (Size = 64), @p2='?' (Size = 622), @p3='?' (Size = 18), @p4='?' (DbType = DateTimeOffset), @p5='?' (Size = 2072)], CommandType='Text', CommandTimeout='30']
INSERT INTO "ProtocolInbox" ("MessageId", "ContentHash", "FirstResponseJson", "MessageType", "ReceivedAt", "RequestJson")
VALUES (@p0, @p1, @p2, @p3, @p4, @p5);
[21:02:14 INF] Executed DbCommand (0ms) [Parameters=[@__messageId_0='?' (Size = 36)], CommandType='Text', CommandTimeout='30']
SELECT "p"."MessageId", "p"."ContentHash", "p"."FirstResponseJson", "p"."MessageType", "p"."ReceivedAt", "p"."RequestJson"
FROM "ProtocolInbox" AS "p"
WHERE "p"."MessageId" = @__messageId_0
LIMIT 2
[21:02:14 INF] Executed DbCommand (0ms) [Parameters=[@__agvId_0='?' (Size = 10)], CommandType='Text', CommandTimeout='30']
SELECT "s"."AgvId", "s"."ActiveUnlockSlotsJson", "s"."CapabilityHash", "s"."CapabilityRevision", "s"."DepartureSafe", "s"."ForcedRecoveryGeneration", "s"."ManifestSha256", "s"."PendingAttemptIdsJson", "s"."PendingResultIdsJson", "s"."ProfileId", "s"."ProtocolCommit", "s"."ProtocolVersion", "s"."ProvenRecoveryCheckpoint", "s"."Readiness", "s"."ReasonCode", "s"."RecoveryReportId", "s"."ReportedForcedRecoveryGeneration", "s"."ReportedSlotConfigurationFingerprint", "s"."SafetyHash", "s"."SafetyReasonCodesJson", "s"."SafetyRevision", "s"."SafetyUnknownPresent", "s"."SessionGeneration", "s"."UnsettledSlotOperationAttemptId", "s"."UpdatedAt"
FROM "SessionRecoveries" AS "s"
WHERE "s"."AgvId" = @__agvId_0
LIMIT 2
[21:02:14 INF] Executed DbCommand (0ms) [Parameters=[@p6='?' (Size = 10), @p0='?' (DbType = Boolean), @p1='?' (Size = 64), @p2='?' (Size = 2), @p3='?' (DbType = Int64), @p4='?' (DbType = Boolean), @p5='?' (DbType = DateTimeOffset)], CommandType='Text', CommandTimeout='30']
UPDATE "SessionRecoveries" SET "DepartureSafe" = @p0, "SafetyHash" = @p1, "SafetyReasonCodesJson" = @p2, "SafetyRevision" = @p3, "SafetyUnknownPresent" = @p4, "UpdatedAt" = @p5
WHERE "AgvId" = @p6
RETURNING 1;
[21:02:14 INF] Executed DbCommand (0ms) [Parameters=[@p0='?' (Size = 36), @p1='?' (Size = 64), @p2='?' (Size = 624), @p3='?' (Size = 19), @p4='?' (DbType = DateTimeOffset), @p5='?' (Size = 1971)], CommandType='Text', CommandTimeout='30']
INSERT INTO "ProtocolInbox" ("MessageId", "ContentHash", "FirstResponseJson", "MessageType", "ReceivedAt", "RequestJson")
VALUES (@p0, @p1, @p2, @p3, @p4, @p5);
[21:02:14 INF] Executed DbCommand (0ms) [Parameters=[@__messageId_0='?' (Size = 36)], CommandType='Text', CommandTimeout='30']
SELECT "p"."MessageId", "p"."ContentHash", "p"."FirstResponseJson", "p"."MessageType", "p"."ReceivedAt", "p"."RequestJson"
FROM "ProtocolInbox" AS "p"
WHERE "p"."MessageId" = @__messageId_0
LIMIT 2
[21:02:14 INF] Executed DbCommand (0ms) [Parameters=[@__agvId_0='?' (Size = 10)], CommandType='Text', CommandTimeout='30']
SELECT "o"."AlarmsJson"
FROM "OnboardAlarmSnapshots" AS "o"
WHERE "o"."AgvId" = @__agvId_0
LIMIT 1
[21:02:14 INF] Executed DbCommand (0ms) [Parameters=[@__snapshot_AgvId_0='?' (Size = 10)], CommandType='Text', CommandTimeout='30']
SELECT "o"."AgvId", "o"."AlarmsJson", "o"."CapturedAt", "o"."ReceivedAt", "o"."SessionGeneration", "o"."SnapshotSequence"
FROM "OnboardAlarmSnapshots" AS "o"
WHERE "o"."AgvId" = @__snapshot_AgvId_0
LIMIT 1
[21:02:14 INF] Executed DbCommand (0ms) [Parameters=[@p0='?' (Size = 10), @p1='?' (Size = 2), @p2='?' (DbType = DateTimeOffset), @p3='?' (DbType = DateTimeOffset), @p4='?' (DbType = Int64), @p5='?' (DbType = Int64)], CommandType='Text', CommandTimeout='30']
INSERT INTO "OnboardAlarmSnapshots" ("AgvId", "AlarmsJson", "CapturedAt", "ReceivedAt", "SessionGeneration", "SnapshotSequence")
VALUES (@p0, @p1, @p2, @p3, @p4, @p5);
[21:02:14 INF] Executed DbCommand (0ms) [Parameters=[@__agvId_0='?' (Size = 10)], CommandType='Text', CommandTimeout='30']
SELECT "o"."AlarmsJson"
FROM "OnboardAlarmSnapshots" AS "o"
WHERE "o"."AgvId" = @__agvId_0
LIMIT 1
[21:02:14 INF] Executed DbCommand (0ms) [Parameters=[@p0='?' (Size = 36), @p1='?' (Size = 64), @p2='?' (Size = 625), @p3='?' (Size = 20), @p4='?' (DbType = DateTimeOffset), @p5='?' (Size = 485)], CommandType='Text', CommandTimeout='30']
INSERT INTO "ProtocolInbox" ("MessageId", "ContentHash", "FirstResponseJson", "MessageType", "ReceivedAt", "RequestJson")
VALUES (@p0, @p1, @p2, @p3, @p4, @p5);
[21:02:14 INF] Start processing HTTP request GET http://127.0.0.1:48408/api/task/v1/task/getVehicleInfo/BROKERX-L2-0001
[21:02:14 INF] Sending HTTP request GET http://127.0.0.1:48408/api/task/v1/task/getVehicleInfo/BROKERX-L2-0001
[21:02:14 INF] Received HTTP response headers after 1.9922ms - 200
[21:02:14 INF] End processing HTTP request after 3.4735ms - 200
[21:02:14 INF] Start processing HTTP request GET http://127.0.0.1:48408/api/order/v1/orderRecord?pageNum=1&pageSize=100&filterByState=1&filterByState=3&filterByState=7&filterByState=9
[21:02:14 INF] Sending HTTP request GET http://127.0.0.1:48408/api/order/v1/orderRecord?pageNum=1&pageSize=100&filterByState=1&filterByState=3&filterByState=7&filterByState=9
[21:02:14 INF] Executed DbCommand (0ms) [Parameters=[@__messageId_0='?' (Size = 36)], CommandType='Text', CommandTimeout='30']
SELECT "p"."MessageId", "p"."ContentHash", "p"."FirstResponseJson", "p"."MessageType", "p"."ReceivedAt", "p"."RequestJson"
FROM "ProtocolInbox" AS "p"
WHERE "p"."MessageId" = @__messageId_0
LIMIT 2
[21:02:14 INF] Received HTTP response headers after 1.967ms - 200
[21:02:14 INF] End processing HTTP request after 3.6477ms - 200
[21:02:14 INF] HTTP GET /api/onboard/v1/vehicle-safety responded 200 in 9.6260 ms
[21:02:14 INF] Executed DbCommand (0ms) [Parameters=[@__agvId_0='?' (Size = 10)], CommandType='Text', CommandTimeout='30']
SELECT "s"."AgvId", "s"."ActiveUnlockSlotsJson", "s"."CapabilityHash", "s"."CapabilityRevision", "s"."DepartureSafe", "s"."ForcedRecoveryGeneration", "s"."ManifestSha256", "s"."PendingAttemptIdsJson", "s"."PendingResultIdsJson", "s"."ProfileId", "s"."ProtocolCommit", "s"."ProtocolVersion", "s"."ProvenRecoveryCheckpoint", "s"."Readiness", "s"."ReasonCode", "s"."RecoveryReportId", "s"."ReportedForcedRecoveryGeneration", "s"."ReportedSlotConfigurationFingerprint", "s"."SafetyHash", "s"."SafetyReasonCodesJson", "s"."SafetyRevision", "s"."SafetyUnknownPresent", "s"."SessionGeneration", "s"."UnsettledSlotOperationAttemptId", "s"."UpdatedAt"
FROM "SessionRecoveries" AS "s"
WHERE "s"."AgvId" = @__agvId_0
LIMIT 2
[21:02:14 INF] Executed DbCommand (0ms) [Parameters=[@__agvId_0='?' (Size = 10)], CommandType='Text', CommandTimeout='30']
SELECT "v"."ForcedRecoveryGeneration"
FROM "VehicleRecoveryGenerations" AS "v"
WHERE "v"."AgvId" = @__agvId_0
LIMIT 2
[21:02:14 INF] Executed DbCommand (0ms) [Parameters=[@p4='?' (Size = 10), @p0='?' (Size = 4), @p1='?' (Size = 31), @p2='?' (Size = 36), @p3='?' (DbType = DateTimeOffset)], CommandType='Text', CommandTimeout='30']
UPDATE "SessionRecoveries" SET "ProvenRecoveryCheckpoint" = @p0, "ReasonCode" = @p1, "RecoveryReportId" = @p2, "UpdatedAt" = @p3
WHERE "AgvId" = @p4
RETURNING 1;
[21:02:14 INF] Executed DbCommand (0ms) [Parameters=[@__agvId_0='?' (Size = 10)], CommandType='Text', CommandTimeout='30']
SELECT "s"."AgvId", "s"."ActiveUnlockSlotsJson", "s"."CapabilityHash", "s"."CapabilityRevision", "s"."DepartureSafe", "s"."ForcedRecoveryGeneration", "s"."ManifestSha256", "s"."PendingAttemptIdsJson", "s"."PendingResultIdsJson", "s"."ProfileId", "s"."ProtocolCommit", "s"."ProtocolVersion", "s"."ProvenRecoveryCheckpoint", "s"."Readiness", "s"."ReasonCode", "s"."RecoveryReportId", "s"."ReportedForcedRecoveryGeneration", "s"."ReportedSlotConfigurationFingerprint", "s"."SafetyHash", "s"."SafetyReasonCodesJson", "s"."SafetyRevision", "s"."SafetyUnknownPresent", "s"."SessionGeneration", "s"."UnsettledSlotOperationAttemptId", "s"."UpdatedAt"
FROM "SessionRecoveries" AS "s"
WHERE "s"."AgvId" = @__agvId_0
LIMIT 2
[21:02:14 INF] Executed DbCommand (0ms) [Parameters=[@__agvId_0='?' (Size = 10)], CommandType='Text', CommandTimeout='30']
SELECT EXISTS (
    SELECT 1
    FROM "StationOperations" AS "s"
    INNER JOIN "JourneyRuntimes" AS "j" ON "s"."DemandId" = "j"."DemandId"
    WHERE "j"."AgvId" = @__agvId_0 AND "s"."Status" = 'RecoveryRequired')
[21:02:14 INF] Executed DbCommand (0ms) [Parameters=[@__agvId_0='?' (Size = 10)], CommandType='Text', CommandTimeout='30']
SELECT EXISTS (
    SELECT 1
    FROM "RecoveryWorkflows" AS "r"
    WHERE "r"."AgvId" = @__agvId_0 AND "r"."WorkflowType" = 'FORCED_MECHANICAL_RECOVERY' AND "r"."State" <> 'HistoricalOnly' AND NOT EXISTS (
        SELECT 1
        FROM "HardwareRecoveryRecords" AS "h"
        WHERE "h"."RecoveryActionId" = "r"."WorkflowId"))
[21:02:14 INF] Executed DbCommand (0ms) [Parameters=[@__agvId_0='?' (Size = 10)], CommandType='Text', CommandTimeout='30']
SELECT "a"."AgvId", "a"."ActivatedAt", "a"."ActivationId", "a"."ConfigurationVersion", "a"."Fingerprint", "a"."SlotModelVersionId", "a"."SnapshotId"
FROM "ActiveSlotConfigurations" AS "a"
WHERE "a"."AgvId" = @__agvId_0
LIMIT 1
[21:02:14 INF] Executed DbCommand (0ms) [Parameters=[@p3='?' (Size = 10), @p0='?' (Size = 5), @p1='?' (Size = 5), @p2='?' (DbType = DateTimeOffset)], CommandType='Text', CommandTimeout='30']
UPDATE "SessionRecoveries" SET "Readiness" = @p0, "ReasonCode" = @p1, "UpdatedAt" = @p2
WHERE "AgvId" = @p3
RETURNING 1;
[21:02:14 INF] Executed DbCommand (0ms) [Parameters=[@p0='?' (Size = 36), @p1='?' (Size = 64), @p2='?' (Size = 1236), @p3='?' (Size = 19), @p4='?' (DbType = DateTimeOffset), @p5='?' (Size = 731)], CommandType='Text', CommandTimeout='30']
INSERT INTO "ProtocolInbox" ("MessageId", "ContentHash", "FirstResponseJson", "MessageType", "ReceivedAt", "RequestJson")
VALUES (@p0, @p1, @p2, @p3, @p4, @p5);
[21:02:14 INF] Executed DbCommand (0ms) [Parameters=[@__agvId_0='?' (Size = 10)], CommandType='Text', CommandTimeout='30']
SELECT "r"."CommandMessageId"
FROM "RecoveryWorkflows" AS "r"
WHERE "r"."AgvId" = @__agvId_0 AND "r"."CommandMessageId" IS NOT NULL AND "r"."State" <> 'Reconciled' AND "r"."State" <> 'HistoricalOnly'
[21:02:14 INF] Executed DbCommand (12ms) [Parameters=[], CommandType='Text', CommandTimeout='30']
SELECT EXISTS (
    SELECT 1
    FROM "SessionRecoveries" AS "s"
    WHERE "s"."Readiness" = 'Ready')
[21:02:14 INF] HTTP GET /health/ready responded 200 in 15.3286 ms
[21:02:14 INF] Executed DbCommand (0ms) [Parameters=[], CommandType='Text', CommandTimeout='30']
SELECT "p"."MessageId", "p"."AcknowledgedAt", "p"."CreatedAt", "p"."FencedAt", "p"."MessageType", "p"."PayloadJson"
FROM "ProtocolOutbox" AS "p"
WHERE "p"."MessageType" = 'ExceptionRecoverySessionSnapshot' AND "p"."AcknowledgedAt" IS NULL AND "p"."FencedAt" IS NULL
[21:02:14 INF] Executed DbCommand (0ms) [Parameters=[@__agvId_0='?' (Size = 10)], CommandType='Text', CommandTimeout='30']
SELECT "s"."ActivationId", "s"."AgvId", "s"."CommandMessageId", "s"."ConfigurationVersion", "s"."Fingerprint", "s"."IssuedAt", "s"."Kind", "s"."RecoveryRole", "s"."ResultJson", "s"."ResultReceivedAt", "s"."RolledBackToVersion", "s"."SlotModelVersionId", "s"."SnapshotId", "s"."State"
FROM "SlotConfigurationActivations" AS "s"
WHERE "s"."AgvId" = @__agvId_0 AND "s"."State" = 'PENDING_RESULT' AND "s"."RecoveryRole" = 'SLOT_CONFIGURATION'
[21:02:14 INF] Executed DbCommand (0ms) [Parameters=[@__messageId_0='?' (Size = 36)], CommandType='Text', CommandTimeout='30']
SELECT "p"."MessageId", "p"."ContentHash", "p"."FirstResponseJson", "p"."MessageType", "p"."ReceivedAt", "p"."RequestJson"
FROM "ProtocolInbox" AS "p"
WHERE "p"."MessageId" = @__messageId_0
LIMIT 2
[21:02:14 INF] Executed DbCommand (0ms) [Parameters=[@__agvId_0='?' (Size = 10)], CommandType='Text', CommandTimeout='30']
SELECT "s"."AgvId", "s"."ActiveUnlockSlotsJson", "s"."CapabilityHash", "s"."CapabilityRevision", "s"."DepartureSafe", "s"."ForcedRecoveryGeneration", "s"."ManifestSha256", "s"."PendingAttemptIdsJson", "s"."PendingResultIdsJson", "s"."ProfileId", "s"."ProtocolCommit", "s"."ProtocolVersion", "s"."ProvenRecoveryCheckpoint", "s"."Readiness", "s"."ReasonCode", "s"."RecoveryReportId", "s"."ReportedForcedRecoveryGeneration", "s"."ReportedSlotConfigurationFingerprint", "s"."SafetyHash", "s"."SafetyReasonCodesJson", "s"."SafetyRevision", "s"."SafetyUnknownPresent", "s"."SessionGeneration", "s"."UnsettledSlotOperationAttemptId", "s"."UpdatedAt"
FROM "SessionRecoveries" AS "s"
WHERE "s"."AgvId" = @__agvId_0
LIMIT 2
[21:02:14 INF] Executed DbCommand (0ms) [Parameters=[@p5='?' (Size = 10), @p0='?' (Size = 16), @p1='?' (Size = 20), @p2='?' (Size = 64), @p3='?' (DbType = Int64), @p4='?' (DbType = DateTimeOffset)], CommandType='Text', CommandTimeout='30']
UPDATE "SessionRecoveries" SET "Readiness" = @p0, "ReasonCode" = @p1, "SafetyHash" = @p2, "SafetyRevision" = @p3, "UpdatedAt" = @p4
WHERE "AgvId" = @p5
RETURNING 1;
[21:02:14 INF] Executed DbCommand (0ms) [Parameters=[@__agvId_0='?' (Size = 10)], CommandType='Text', CommandTimeout='30']
SELECT "s"."AgvId", "s"."ActiveUnlockSlotsJson", "s"."CapabilityHash", "s"."CapabilityRevision", "s"."DepartureSafe", "s"."ForcedRecoveryGeneration", "s"."ManifestSha256", "s"."PendingAttemptIdsJson", "s"."PendingResultIdsJson", "s"."ProfileId", "s"."ProtocolCommit", "s"."ProtocolVersion", "s"."ProvenRecoveryCheckpoint", "s"."Readiness", "s"."ReasonCode", "s"."RecoveryReportId", "s"."ReportedForcedRecoveryGeneration", "s"."ReportedSlotConfigurationFingerprint", "s"."SafetyHash", "s"."SafetyReasonCodesJson", "s"."SafetyRevision", "s"."SafetyUnknownPresent", "s"."SessionGeneration", "s"."UnsettledSlotOperationAttemptId", "s"."UpdatedAt"
FROM "SessionRecoveries" AS "s"
WHERE "s"."AgvId" = @__agvId_0
LIMIT 2
[21:02:14 INF] Executed DbCommand (0ms) [Parameters=[@__agvId_0='?' (Size = 10)], CommandType='Text', CommandTimeout='30']
SELECT EXISTS (
    SELECT 1
    FROM "StationOperations" AS "s"
    INNER JOIN "JourneyRuntimes" AS "j" ON "s"."DemandId" = "j"."DemandId"
    WHERE "j"."AgvId" = @__agvId_0 AND "s"."Status" = 'RecoveryRequired')
[21:02:14 INF] Executed DbCommand (0ms) [Parameters=[@__agvId_0='?' (Size = 10)], CommandType='Text', CommandTimeout='30']
SELECT EXISTS (
    SELECT 1
    FROM "RecoveryWorkflows" AS "r"
    WHERE "r"."AgvId" = @__agvId_0 AND "r"."WorkflowType" = 'FORCED_MECHANICAL_RECOVERY' AND "r"."State" <> 'HistoricalOnly' AND NOT EXISTS (
        SELECT 1
        FROM "HardwareRecoveryRecords" AS "h"
        WHERE "h"."RecoveryActionId" = "r"."WorkflowId"))
[21:02:14 INF] Executed DbCommand (0ms) [Parameters=[@__agvId_0='?' (Size = 10)], CommandType='Text', CommandTimeout='30']
SELECT "a"."AgvId", "a"."ActivatedAt", "a"."ActivationId", "a"."ConfigurationVersion", "a"."Fingerprint", "a"."SlotModelVersionId", "a"."SnapshotId"
FROM "ActiveSlotConfigurations" AS "a"
WHERE "a"."AgvId" = @__agvId_0
LIMIT 1
[21:02:14 INF] Executed DbCommand (0ms) [Parameters=[@p3='?' (Size = 10), @p0='?' (Size = 5), @p1='?' (Size = 5), @p2='?' (DbType = DateTimeOffset)], CommandType='Text', CommandTimeout='30']
UPDATE "SessionRecoveries" SET "Readiness" = @p0, "ReasonCode" = @p1, "UpdatedAt" = @p2
WHERE "AgvId" = @p3
RETURNING 1;
[21:02:14 INF] Executed DbCommand (0ms) [Parameters=[@__agvId_0='?' (Size = 10)], CommandType='Text', CommandTimeout='30']
SELECT "o"."AlarmsJson"
FROM "OnboardAlarmSnapshots" AS "o"
WHERE "o"."AgvId" = @__agvId_0
LIMIT 1
[21:02:14 INF] Executed DbCommand (0ms) [Parameters=[@p0='?' (Size = 36), @p1='?' (Size = 64), @p2='?' (Size = 1235), @p3='?' (Size = 18), @p4='?' (DbType = DateTimeOffset), @p5='?' (Size = 652)], CommandType='Text', CommandTimeout='30']
INSERT INTO "ProtocolInbox" ("MessageId", "ContentHash", "FirstResponseJson", "MessageType", "ReceivedAt", "RequestJson")
VALUES (@p0, @p1, @p2, @p3, @p4, @p5);
[21:02:14 INF] Executed DbCommand (315ms) [Parameters=[@p3='?' (DbType = Int32), @p0='?' (DbType = DateTimeOffset), @p1='?' (DbType = DateTimeOffset), @p2='?' (DbType = DateTimeOffset)], CommandType='Text', CommandTimeout='30']
UPDATE "MapStationCatalogStates" SET "LastAttemptAt" = @p0, "LastCompleteConfirmationAt" = @p1, "UpdatedAt" = @p2
WHERE "MapId" = @p3
RETURNING 1;
[21:02:14 INF] Executed DbCommand (0ms) [Parameters=[@__mapId_0='?' (DbType = Int32)], CommandType='Text', CommandTimeout='30']
SELECT "t"."MapId", "t"."ActiveVersion", "t"."PendingVersion", "t"."State", "t"."UpdatedAt"
FROM "TaskTypeStationActiveBindingSets" AS "t"
WHERE "t"."MapId" = @__mapId_0
LIMIT 2
[21:02:14 INF] Executed DbCommand (0ms) [Parameters=[@__mapId_0='?' (DbType = Int32), @__version_1='?' (DbType = Int64)], CommandType='Text', CommandTimeout='30']
SELECT "t"."MapId", "t"."Version", "t"."CatalogRevision", "t"."ContentSha256", "t"."LoadedAt", "t"."RuleVersion", "t"."SnapshotId", "t"."Source"
FROM "TaskTypeStationBindingSetVersions" AS "t"
WHERE "t"."MapId" = @__mapId_0 AND "t"."Version" = @__version_1
LIMIT 2
[21:02:14 INF] Executed DbCommand (0ms) [Parameters=[@__mapId_0='?' (DbType = Int32), @__version_1='?' (DbType = Int64)], CommandType='Text', CommandTimeout='30']
SELECT "t"."TaskType"
FROM "TaskTypeStationRequirements" AS "t"
WHERE "t"."MapId" = @__mapId_0 AND "t"."Version" = @__version_1
[21:02:14 INF] Executed DbCommand (0ms) [Parameters=[@__mapId_0='?' (DbType = Int32), @__version_1='?' (DbType = Int64)], CommandType='Text', CommandTimeout='30']
SELECT "t"."MapId", "t"."Version", "t"."TaskType", "t"."SiteVerificationRef", "t"."StationName", "t"."StationRiotId"
FROM "TaskTypeStationBindings" AS "t"
WHERE "t"."MapId" = @__mapId_0 AND "t"."Version" = @__version_1
[21:02:14 INF] Executed DbCommand (0ms) [Parameters=[@__mapId_0='?' (DbType = Int32)], CommandType='Text', CommandTimeout='30']
SELECT "t"."MapId", "t"."ActiveVersion", "t"."PendingVersion", "t"."State", "t"."UpdatedAt"
FROM "TaskTypeStationActiveBindingSets" AS "t"
WHERE "t"."MapId" = @__mapId_0
LIMIT 2
[21:02:14 INF] Executed DbCommand (0ms) [Parameters=[@__mapId_0='?' (DbType = Int32), @__version_1='?' (DbType = Int64)], CommandType='Text', CommandTimeout='30']
SELECT "t"."MapId", "t"."Version", "t"."CatalogRevision", "t"."ContentSha256", "t"."LoadedAt", "t"."RuleVersion", "t"."SnapshotId", "t"."Source"
FROM "TaskTypeStationBindingSetVersions" AS "t"
WHERE "t"."MapId" = @__mapId_0 AND "t"."Version" = @__version_1
LIMIT 2
[21:02:14 INF] Executed DbCommand (0ms) [Parameters=[@__mapId_0='?' (DbType = Int32), @__version_1='?' (DbType = Int64)], CommandType='Text', CommandTimeout='30']
SELECT "t"."TaskType"
FROM "TaskTypeStationRequirements" AS "t"
WHERE "t"."MapId" = @__mapId_0 AND "t"."Version" = @__version_1
[21:02:14 INF] Executed DbCommand (0ms) [Parameters=[@__mapId_0='?' (DbType = Int32), @__version_1='?' (DbType = Int64)], CommandType='Text', CommandTimeout='30']
SELECT "t"."MapId", "t"."Version", "t"."TaskType", "t"."SiteVerificationRef", "t"."StationName", "t"."StationRiotId"
FROM "TaskTypeStationBindings" AS "t"
WHERE "t"."MapId" = @__mapId_0 AND "t"."Version" = @__version_1
[21:02:14 INF] Executed DbCommand (0ms) [Parameters=[@__version_0='?' (DbType = Int64)], CommandType='Text', CommandTimeout='30']
SELECT "t"."Version", "t"."ContentSha256", "t"."LoadedAt", "t"."SnapshotId", "t"."Source"
FROM "TaskTypeStationRuleVersions" AS "t"
WHERE "t"."Version" = @__version_0
LIMIT 2
[21:02:14 INF] Executed DbCommand (0ms) [Parameters=[@__version_0='?' (DbType = Int64)], CommandType='Text', CommandTimeout='30']
SELECT "t"."Version", "t"."TaskType", "t"."FixedEnd"
FROM "TaskTypeStationRules" AS "t"
WHERE "t"."Version" = @__version_0
[21:02:14 INF] Executed DbCommand (0ms) [Parameters=[], CommandType='Text', CommandTimeout='30']
SELECT "a"."Id", "a"."ContentHash", "a"."DeploymentId", "a"."ImportedAt", "a"."Version"
FROM "AdmissionPolicyState" AS "a"
WHERE "a"."Id" = 1
LIMIT 2
[21:02:14 INF] Executed DbCommand (0ms) [Parameters=[], CommandType='Text', CommandTimeout='30']
SELECT "j"."DemandId", "j"."AgvId", "j"."AgvLifecycleGeneration", "j"."BlockReasonCode", "j"."BlockReasonSince", "j"."ConsumedSafetyResultMessageId", "j"."ConsumedSublotMessageId", "j"."CreatedAt", "j"."DispatchGeneration", "j"."DispatchZone", "j"."ExpectedBasketCount", "j"."GateMovementLegId", "j"."GatePlanMessageId", "j"."GateStationId", "j"."GateStationRiotId", "j"."GateUpperId", "j"."GateVehicleBusinessMessageId", "j"."GateWorklistMessageId", "j"."LoadCommandMessageId", "j"."LoadSlotOperationAttemptId", "j"."MapId", "j"."MapIdentity", "j"."OperationSessionId", "j"."PickupMovementLegId", "j"."PickupStationId", "j"."PickupStationRiotId", "j"."PickupUpperId", "j"."PlanMessageId", "j"."PlanRevision", "j"."PreDepartureSafetyCheckId", "j"."PreDepartureSafetyCheckMessageId", "j"."RouteEvidenceId", "j"."Stage", "j"."StationDepartureWaitStartedAt", "j"."SublotRequestMessageId", "j"."TargetSlotsJson", "j"."UnloadCommandMessageId", "j"."UnloadSlotOperationAttemptId", "j"."UpdatedAt", "j"."VehicleBusinessMessageId", "j"."VehicleBusinessRevision", "j"."VehicleKey", "j"."WorklistMessageId", "j"."WorklistRevision"
FROM "JourneyRuntimes" AS "j"
WHERE "j"."Stage" <> 'Completed'
[21:02:14 INF] Executed DbCommand (0ms) [Parameters=[], CommandType='Text', CommandTimeout='30']
SELECT "a"."DemandId"
FROM "AcceptedDemands" AS "a"
WHERE "a"."Status" NOT IN ('Succeeded', 'Cancelled')
[21:02:14 INF] Executed DbCommand (0ms) [Parameters=[], CommandType='Text', CommandTimeout='30']
SELECT "j"."DemandId"
FROM "JourneyRuntimes" AS "j"
[21:02:14 INF] Start processing HTTP request GET http://127.0.0.1:48409/api/v2/contract
[21:02:14 INF] Sending HTTP request GET http://127.0.0.1:48409/api/v2/contract
[21:02:14 INF] Received HTTP response headers after 0.9887ms - 200
[21:02:14 INF] End processing HTTP request after 1.9632ms - 200
[21:02:14 INF] Start processing HTTP request GET http://127.0.0.1:48409/api/v2/externally-readable-demand-catalog
[21:02:14 INF] Sending HTTP request GET http://127.0.0.1:48409/api/v2/externally-readable-demand-catalog
[21:02:14 INF] Received HTTP response headers after 0.7227ms - 200
[21:02:14 INF] End processing HTTP request after 1.6238ms - 200
[21:02:14 INF] Executed DbCommand (0ms) [Parameters=[], CommandType='Text', CommandTimeout='30']
SELECT "j"."DemandId", "j"."AcceptedAt", "j"."DecisionFingerprint", "j"."DemandCreatedAt", "j"."FirstSeenAt", "j"."LastSeenAt", "j"."ReasonCode", "j"."TransportDemandKey"
FROM "JourneyBacklog" AS "j"
[21:02:14 INF] Executed DbCommand (0ms) [Parameters=[], CommandType='Text', CommandTimeout='30']
SELECT "a"."DemandId"
FROM "AcceptedDemands" AS "a"
[21:02:14 INF] Executed DbCommand (0ms) [Parameters=[], CommandType='Text', CommandTimeout='30']
SELECT "v"."AgvId", "v"."TaskType", "v"."Allowed", "v"."ConfigurationVersion", "v"."UpdatedAt"
FROM "VehicleTaskTypeAdmissions" AS "v"
[21:02:14 INF] Executed DbCommand (0ms) [Parameters=[], CommandType='Text', CommandTimeout='30']
SELECT "v"."AgvId", "v"."ConfigurationVersion", "v"."RoundTimeoutMilliseconds", "v"."UpdatedAt"
FROM "VehicleDispatchBudgets" AS "v"
[21:02:14 INF] Executed DbCommand (0ms) [Parameters=[], CommandType='Text', CommandTimeout='30']
SELECT "d"."Zone", "d"."AgvId", "d"."ConfigurationVersion", "d"."UpdatedAt"
FROM "DispatchZoneVehicles" AS "d"
[21:02:14 INF] Executed DbCommand (0ms) [Parameters=[], CommandType='Text', CommandTimeout='30']
SELECT MAX("d"."Version")
FROM "DispatchZoneAreaAssignmentVersions" AS "d"
[21:02:14 INF] Executed DbCommand (0ms) [Parameters=[@__agvId_0='?' (Size = 10)], CommandType='Text', CommandTimeout='30']
SELECT "a"."SlotModelVersionId", "a"."SnapshotId"
FROM "ActiveSlotConfigurations" AS "a"
WHERE "a"."AgvId" = @__agvId_0
LIMIT 2
[21:02:14 INF] Executed DbCommand (0ms) [Parameters=[@__agvId_0='?' (Size = 10)], CommandType='Text', CommandTimeout='30']
SELECT "s"."SlotModelVersionId", "s"."CreatedAt"
FROM "SlotIoBindings" AS "s"
WHERE "s"."AgvId" = @__agvId_0 AND "s"."Status" = 'PUBLISHED'
[21:02:14 INF] Executed DbCommand (0ms) [Parameters=[@__agvId_0='?' (Size = 10)], CommandType='Text', CommandTimeout='30']
SELECT "s"."AgvId", "s"."ActiveUnlockSlotsJson", "s"."CapabilityHash", "s"."CapabilityRevision", "s"."DepartureSafe", "s"."ForcedRecoveryGeneration", "s"."ManifestSha256", "s"."PendingAttemptIdsJson", "s"."PendingResultIdsJson", "s"."ProfileId", "s"."ProtocolCommit", "s"."ProtocolVersion", "s"."ProvenRecoveryCheckpoint", "s"."Readiness", "s"."ReasonCode", "s"."RecoveryReportId", "s"."ReportedForcedRecoveryGeneration", "s"."ReportedSlotConfigurationFingerprint", "s"."SafetyHash", "s"."SafetyReasonCodesJson", "s"."SafetyRevision", "s"."SafetyUnknownPresent", "s"."SessionGeneration", "s"."UnsettledSlotOperationAttemptId", "s"."UpdatedAt"
FROM "SessionRecoveries" AS "s"
WHERE "s"."AgvId" = @__agvId_0 AND "s"."Readiness" = 'Ready'
LIMIT 2
[21:02:14 INF] Executed DbCommand (0ms) [Parameters=[@__messageType_0='?' (Size = 18)], CommandType='Text', CommandTimeout='30']
SELECT "p"."MessageId", "p"."ContentHash", "p"."FirstResponseJson", "p"."MessageType", "p"."ReceivedAt", "p"."RequestJson"
FROM "ProtocolInbox" AS "p"
WHERE "p"."MessageType" = @__messageType_0
[21:02:14 INF] Executed DbCommand (0ms) [Parameters=[], CommandType='Text', CommandTimeout='30']
SELECT "p"."MessageId", "p"."ContentHash", "p"."FirstResponseJson", "p"."MessageType", "p"."ReceivedAt", "p"."RequestJson"
FROM "ProtocolInbox" AS "p"
WHERE "p"."MessageType" = 'SafetyStateSnapshot'
[21:02:14 INF] Executed DbCommand (0ms) [Parameters=[], CommandType='Text', CommandTimeout='30']
SELECT "p"."MessageId", "p"."ContentHash", "p"."FirstResponseJson", "p"."MessageType", "p"."ReceivedAt", "p"."RequestJson"
FROM "ProtocolInbox" AS "p"
WHERE "p"."MessageType" IN ('SafetyStateSnapshot', 'SafetyStateChanged')
[21:02:14 INF] Executed DbCommand (0ms) [Parameters=[], CommandType='Text', CommandTimeout='30']
SELECT "p"."MessageId", "p"."ContentHash", "p"."FirstResponseJson", "p"."MessageType", "p"."ReceivedAt", "p"."RequestJson"
FROM "ProtocolInbox" AS "p"
[21:02:14 INF] Start processing HTTP request GET http://127.0.0.1:48408/api/task/vehicles/getVehicleInfoByDeviceKey?key=BROKERX-L2-0001
[21:02:14 INF] Sending HTTP request GET http://127.0.0.1:48408/api/task/vehicles/getVehicleInfoByDeviceKey?key=BROKERX-L2-0001
[21:02:14 INF] Received HTTP response headers after 1.5272ms - 200
[21:02:14 INF] End processing HTTP request after 2.4828ms - 200
[21:02:14 INF] Executed DbCommand (0ms) [Parameters=[], CommandType='Text', CommandTimeout='30']
SELECT "s"."DemandId", "s"."ReasonCode", "s"."ClearedAt", "s"."DetailJson", "s"."FirstRaisedAt", "s"."LastSeenAt", "s"."TransportDemandKey"
FROM "StructuralDispatchBlocks" AS "s"
WHERE "s"."ClearedAt" IS NULL
[21:02:15 INF] Start processing HTTP request GET http://127.0.0.1:48408/api/imap/v1/mapInfo/stations/25
[21:02:15 INF] Sending HTTP request GET http://127.0.0.1:48408/api/imap/v1/mapInfo/stations/25
[21:02:15 INF] Received HTTP response headers after 1.4094ms - 200
[21:02:15 INF] End processing HTTP request after 4.7938ms - 200
[21:02:15 INF] Executed DbCommand (0ms) [Parameters=[@__mapId_0='?' (DbType = Int32)], CommandType='Text', CommandTimeout='30']
SELECT "t"."MapId", "t"."ActiveVersion", "t"."PendingVersion", "t"."State", "t"."UpdatedAt"
FROM "TaskTypeStationActiveBindingSets" AS "t"
WHERE "t"."MapId" = @__mapId_0
LIMIT 2
[21:02:15 INF] Executed DbCommand (0ms) [Parameters=[@__mapId_0='?' (DbType = Int32), @__version_1='?' (DbType = Int64)], CommandType='Text', CommandTimeout='30']
SELECT "t"."MapId", "t"."Version", "t"."CatalogRevision", "t"."ContentSha256", "t"."LoadedAt", "t"."RuleVersion", "t"."SnapshotId", "t"."Source"
FROM "TaskTypeStationBindingSetVersions" AS "t"
WHERE "t"."MapId" = @__mapId_0 AND "t"."Version" = @__version_1
LIMIT 2
[21:02:15 INF] Executed DbCommand (0ms) [Parameters=[@__mapId_0='?' (DbType = Int32), @__version_1='?' (DbType = Int64)], CommandType='Text', CommandTimeout='30']
SELECT "t"."TaskType"
FROM "TaskTypeStationRequirements" AS "t"
WHERE "t"."MapId" = @__mapId_0 AND "t"."Version" = @__version_1
[21:02:15 INF] Executed DbCommand (0ms) [Parameters=[@__mapId_0='?' (DbType = Int32), @__version_1='?' (DbType = Int64)], CommandType='Text', CommandTimeout='30']
SELECT "t"."MapId", "t"."Version", "t"."TaskType", "t"."SiteVerificationRef", "t"."StationName", "t"."StationRiotId"
FROM "TaskTypeStationBindings" AS "t"
WHERE "t"."MapId" = @__mapId_0 AND "t"."Version" = @__version_1
[21:02:15 INF] Executed DbCommand (0ms) [Parameters=[@__version_0='?' (DbType = Int64)], CommandType='Text', CommandTimeout='30']
SELECT "t"."Version", "t"."ContentSha256", "t"."LoadedAt", "t"."SnapshotId", "t"."Source"
FROM "TaskTypeStationRuleVersions" AS "t"
WHERE "t"."Version" = @__version_0
LIMIT 2
[21:02:15 INF] Executed DbCommand (0ms) [Parameters=[@__version_0='?' (DbType = Int64)], CommandType='Text', CommandTimeout='30']
SELECT "t"."Version", "t"."TaskType", "t"."FixedEnd"
FROM "TaskTypeStationRules" AS "t"
WHERE "t"."Version" = @__version_0
[21:02:15 INF] Executed DbCommand (0ms) [Parameters=[@__mapId_0='?' (DbType = Int32)], CommandType='Text', CommandTimeout='30']
SELECT "t"."MapId", "t"."ActiveVersion", "t"."PendingVersion", "t"."State", "t"."UpdatedAt"
FROM "TaskTypeStationActiveBindingSets" AS "t"
WHERE "t"."MapId" = @__mapId_0
LIMIT 2
[21:02:15 INF] Executed DbCommand (0ms) [Parameters=[@__mapId_0='?' (DbType = Int32)], CommandType='Text', CommandTimeout='30']
SELECT "t"."HoldId", "t"."DetailJson", "t"."MapId", "t"."RaisedAt", "t"."RaisedBy", "t"."ReasonCode", "t"."ReleasedAt", "t"."ReleasedBy", "t"."Source", "t"."TaskType"
FROM "TaskTypeStationHolds" AS "t"
WHERE "t"."MapId" = @__mapId_0 AND "t"."ReleasedAt" IS NULL
[21:02:15 INF] Executed DbCommand (0ms) [Parameters=[@__mapId_0='?' (DbType = Int32)], CommandType='Text', CommandTimeout='30']
SELECT "m"."MapId", "m"."ApprovedMaxUnconfirmedSeconds", "m"."ApprovedSyncPeriodSeconds", "m"."CatalogRevision", "m"."LastAttemptAt", "m"."LastCompleteConfirmationAt", "m"."LastFailureReason", "m"."State", "m"."UpdatedAt"
FROM "MapStationCatalogStates" AS "m"
WHERE "m"."MapId" = @__mapId_0
LIMIT 2
[21:02:15 INF] Executed DbCommand (0ms) [Parameters=[@p3='?' (DbType = Int32), @p0='?' (DbType = DateTimeOffset), @p1='?' (DbType = DateTimeOffset), @p2='?' (DbType = DateTimeOffset)], CommandType='Text', CommandTimeout='30']
UPDATE "MapStationCatalogStates" SET "LastAttemptAt" = @p0, "LastCompleteConfirmationAt" = @p1, "UpdatedAt" = @p2
WHERE "MapId" = @p3
RETURNING 1;
[21:02:15 INF] Executed DbCommand (0ms) [Parameters=[@__mapId_0='?' (DbType = Int32)], CommandType='Text', CommandTimeout='30']
SELECT "t"."MapId", "t"."ActiveVersion", "t"."PendingVersion", "t"."State", "t"."UpdatedAt"
FROM "TaskTypeStationActiveBindingSets" AS "t"
WHERE "t"."MapId" = @__mapId_0
LIMIT 2
[21:02:15 INF] Executed DbCommand (0ms) [Parameters=[@__mapId_0='?' (DbType = Int32), @__version_1='?' (DbType = Int64)], CommandType='Text', CommandTimeout='30']
SELECT "t"."MapId", "t"."Version", "t"."CatalogRevision", "t"."ContentSha256", "t"."LoadedAt", "t"."RuleVersion", "t"."SnapshotId", "t"."Source"
FROM "TaskTypeStationBindingSetVersions" AS "t"
WHERE "t"."MapId" = @__mapId_0 AND "t"."Version" = @__version_1
LIMIT 2
[21:02:15 INF] Executed DbCommand (0ms) [Parameters=[@__mapId_0='?' (DbType = Int32), @__version_1='?' (DbType = Int64)], CommandType='Text', CommandTimeout='30']
SELECT "t"."TaskType"
FROM "TaskTypeStationRequirements" AS "t"
WHERE "t"."MapId" = @__mapId_0 AND "t"."Version" = @__version_1
[21:02:15 INF] Executed DbCommand (0ms) [Parameters=[@__mapId_0='?' (DbType = Int32), @__version_1='?' (DbType = Int64)], CommandType='Text', CommandTimeout='30']
SELECT "t"."MapId", "t"."Version", "t"."TaskType", "t"."SiteVerificationRef", "t"."StationName", "t"."StationRiotId"
FROM "TaskTypeStationBindings" AS "t"
WHERE "t"."MapId" = @__mapId_0 AND "t"."Version" = @__version_1
[21:02:15 INF] Executed DbCommand (0ms) [Parameters=[@__mapId_0='?' (DbType = Int32)], CommandType='Text', CommandTimeout='30']
SELECT "t"."MapId", "t"."ActiveVersion", "t"."PendingVersion", "t"."State", "t"."UpdatedAt"
FROM "TaskTypeStationActiveBindingSets" AS "t"
WHERE "t"."MapId" = @__mapId_0
LIMIT 2
[21:02:15 INF] Executed DbCommand (0ms) [Parameters=[@__mapId_0='?' (DbType = Int32), @__version_1='?' (DbType = Int64)], CommandType='Text', CommandTimeout='30']
SELECT "t"."MapId", "t"."Version", "t"."CatalogRevision", "t"."ContentSha256", "t"."LoadedAt", "t"."RuleVersion", "t"."SnapshotId", "t"."Source"
FROM "TaskTypeStationBindingSetVersions" AS "t"
WHERE "t"."MapId" = @__mapId_0 AND "t"."Version" = @__version_1
LIMIT 2
[21:02:15 INF] Executed DbCommand (0ms) [Parameters=[@__mapId_0='?' (DbType = Int32), @__version_1='?' (DbType = Int64)], CommandType='Text', CommandTimeout='30']
SELECT "t"."TaskType"
FROM "TaskTypeStationRequirements" AS "t"
WHERE "t"."MapId" = @__mapId_0 AND "t"."Version" = @__version_1
[21:02:15 INF] Executed DbCommand (0ms) [Parameters=[@__mapId_0='?' (DbType = Int32), @__version_1='?' (DbType = Int64)], CommandType='Text', CommandTimeout='30']
SELECT "t"."MapId", "t"."Version", "t"."TaskType", "t"."SiteVerificationRef", "t"."StationName", "t"."StationRiotId"
FROM "TaskTypeStationBindings" AS "t"
WHERE "t"."MapId" = @__mapId_0 AND "t"."Version" = @__version_1
[21:02:15 INF] Executed DbCommand (0ms) [Parameters=[@__version_0='?' (DbType = Int64)], CommandType='Text', CommandTimeout='30']
SELECT "t"."Version", "t"."ContentSha256", "t"."LoadedAt", "t"."SnapshotId", "t"."Source"
FROM "TaskTypeStationRuleVersions" AS "t"
WHERE "t"."Version" = @__version_0
LIMIT 2
[21:02:15 INF] Executed DbCommand (0ms) [Parameters=[@__version_0='?' (DbType = Int64)], CommandType='Text', CommandTimeout='30']
SELECT "t"."Version", "t"."TaskType", "t"."FixedEnd"
FROM "TaskTypeStationRules" AS "t"
WHERE "t"."Version" = @__version_0
[21:02:15 INF] Executed DbCommand (0ms) [Parameters=[], CommandType='Text', CommandTimeout='30']
SELECT "a"."Id", "a"."ContentHash", "a"."DeploymentId", "a"."ImportedAt", "a"."Version"
FROM "AdmissionPolicyState" AS "a"
WHERE "a"."Id" = 1
LIMIT 2
[21:02:15 INF] Executed DbCommand (0ms) [Parameters=[], CommandType='Text', CommandTimeout='30']
SELECT "j"."DemandId", "j"."AgvId", "j"."AgvLifecycleGeneration", "j"."BlockReasonCode", "j"."BlockReasonSince", "j"."ConsumedSafetyResultMessageId", "j"."ConsumedSublotMessageId", "j"."CreatedAt", "j"."DispatchGeneration", "j"."DispatchZone", "j"."ExpectedBasketCount", "j"."GateMovementLegId", "j"."GatePlanMessageId", "j"."GateStationId", "j"."GateStationRiotId", "j"."GateUpperId", "j"."GateVehicleBusinessMessageId", "j"."GateWorklistMessageId", "j"."LoadCommandMessageId", "j"."LoadSlotOperationAttemptId", "j"."MapId", "j"."MapIdentity", "j"."OperationSessionId", "j"."PickupMovementLegId", "j"."PickupStationId", "j"."PickupStationRiotId", "j"."PickupUpperId", "j"."PlanMessageId", "j"."PlanRevision", "j"."PreDepartureSafetyCheckId", "j"."PreDepartureSafetyCheckMessageId", "j"."RouteEvidenceId", "j"."Stage", "j"."StationDepartureWaitStartedAt", "j"."SublotRequestMessageId", "j"."TargetSlotsJson", "j"."UnloadCommandMessageId", "j"."UnloadSlotOperationAttemptId", "j"."UpdatedAt", "j"."VehicleBusinessMessageId", "j"."VehicleBusinessRevision", "j"."VehicleKey", "j"."WorklistMessageId", "j"."WorklistRevision"
FROM "JourneyRuntimes" AS "j"
WHERE "j"."Stage" <> 'Completed'
[21:02:15 INF] Executed DbCommand (0ms) [Parameters=[], CommandType='Text', CommandTimeout='30']
SELECT "a"."DemandId"
FROM "AcceptedDemands" AS "a"
WHERE "a"."Status" NOT IN ('Succeeded', 'Cancelled')
[21:02:15 INF] Executed DbCommand (0ms) [Parameters=[], CommandType='Text', CommandTimeout='30']
SELECT "j"."DemandId"
FROM "JourneyRuntimes" AS "j"
[21:02:15 INF] Start processing HTTP request GET http://127.0.0.1:48409/api/v2/contract
[21:02:15 INF] Sending HTTP request GET http://127.0.0.1:48409/api/v2/contract
[21:02:15 INF] Received HTTP response headers after 1.0407ms - 200
[21:02:15 INF] End processing HTTP request after 1.9018ms - 200
[21:02:15 INF] Start processing HTTP request GET http://127.0.0.1:48409/api/v2/externally-readable-demand-catalog
[21:02:15 INF] Sending HTTP request GET http://127.0.0.1:48409/api/v2/externally-readable-demand-catalog
[21:02:15 INF] Received HTTP response headers after 0.6154ms - 200
[21:02:15 INF] End processing HTTP request after 1.4284ms - 200
[21:02:15 INF] Executed DbCommand (0ms) [Parameters=[], CommandType='Text', CommandTimeout='30']
SELECT "j"."DemandId", "j"."AcceptedAt", "j"."DecisionFingerprint", "j"."DemandCreatedAt", "j"."FirstSeenAt", "j"."LastSeenAt", "j"."ReasonCode", "j"."TransportDemandKey"
FROM "JourneyBacklog" AS "j"
[21:02:15 INF] Executed DbCommand (0ms) [Parameters=[], CommandType='Text', CommandTimeout='30']
SELECT "a"."DemandId"
FROM "AcceptedDemands" AS "a"
[21:02:15 INF] Executed DbCommand (0ms) [Parameters=[], CommandType='Text', CommandTimeout='30']
SELECT "v"."AgvId", "v"."TaskType", "v"."Allowed", "v"."ConfigurationVersion", "v"."UpdatedAt"
FROM "VehicleTaskTypeAdmissions" AS "v"
[21:02:15 INF] Executed DbCommand (0ms) [Parameters=[], CommandType='Text', CommandTimeout='30']
SELECT "v"."AgvId", "v"."ConfigurationVersion", "v"."RoundTimeoutMilliseconds", "v"."UpdatedAt"
FROM "VehicleDispatchBudgets" AS "v"
[21:02:15 INF] Executed DbCommand (0ms) [Parameters=[], CommandType='Text', CommandTimeout='30']
SELECT "d"."Zone", "d"."AgvId", "d"."ConfigurationVersion", "d"."UpdatedAt"
FROM "DispatchZoneVehicles" AS "d"
[21:02:15 INF] Executed DbCommand (0ms) [Parameters=[], CommandType='Text', CommandTimeout='30']
SELECT MAX("d"."Version")
FROM "DispatchZoneAreaAssignmentVersions" AS "d"
[21:02:15 INF] Executed DbCommand (0ms) [Parameters=[@__agvId_0='?' (Size = 10)], CommandType='Text', CommandTimeout='30']
SELECT "a"."SlotModelVersionId", "a"."SnapshotId"
FROM "ActiveSlotConfigurations" AS "a"
WHERE "a"."AgvId" = @__agvId_0
LIMIT 2
[21:02:15 INF] Executed DbCommand (0ms) [Parameters=[@__agvId_0='?' (Size = 10)], CommandType='Text', CommandTimeout='30']
SELECT "s"."SlotModelVersionId", "s"."CreatedAt"
FROM "SlotIoBindings" AS "s"
WHERE "s"."AgvId" = @__agvId_0 AND "s"."Status" = 'PUBLISHED'
[21:02:15 INF] Executed DbCommand (0ms) [Parameters=[@__agvId_0='?' (Size = 10)], CommandType='Text', CommandTimeout='30']
SELECT "s"."AgvId", "s"."ActiveUnlockSlotsJson", "s"."CapabilityHash", "s"."CapabilityRevision", "s"."DepartureSafe", "s"."ForcedRecoveryGeneration", "s"."ManifestSha256", "s"."PendingAttemptIdsJson", "s"."PendingResultIdsJson", "s"."ProfileId", "s"."ProtocolCommit", "s"."ProtocolVersion", "s"."ProvenRecoveryCheckpoint", "s"."Readiness", "s"."ReasonCode", "s"."RecoveryReportId", "s"."ReportedForcedRecoveryGeneration", "s"."ReportedSlotConfigurationFingerprint", "s"."SafetyHash", "s"."SafetyReasonCodesJson", "s"."SafetyRevision", "s"."SafetyUnknownPresent", "s"."SessionGeneration", "s"."UnsettledSlotOperationAttemptId", "s"."UpdatedAt"
FROM "SessionRecoveries" AS "s"
WHERE "s"."AgvId" = @__agvId_0 AND "s"."Readiness" = 'Ready'
LIMIT 2
[21:02:15 INF] Executed DbCommand (0ms) [Parameters=[@__messageType_0='?' (Size = 18)], CommandType='Text', CommandTimeout='30']
SELECT "p"."MessageId", "p"."ContentHash", "p"."FirstResponseJson", "p"."MessageType", "p"."ReceivedAt", "p"."RequestJson"
FROM "ProtocolInbox" AS "p"
WHERE "p"."MessageType" = @__messageType_0
[21:02:15 INF] Executed DbCommand (0ms) [Parameters=[], CommandType='Text', CommandTimeout='30']
SELECT "p"."MessageId", "p"."ContentHash", "p"."FirstResponseJson", "p"."MessageType", "p"."ReceivedAt", "p"."RequestJson"
FROM "ProtocolInbox" AS "p"
WHERE "p"."MessageType" = 'SafetyStateSnapshot'
[21:02:15 INF] Executed DbCommand (0ms) [Parameters=[], CommandType='Text', CommandTimeout='30']
SELECT "p"."MessageId", "p"."ContentHash", "p"."FirstResponseJson", "p"."MessageType", "p"."ReceivedAt", "p"."RequestJson"
FROM "ProtocolInbox" AS "p"
WHERE "p"."MessageType" IN ('SafetyStateSnapshot', 'SafetyStateChanged')
[21:02:15 INF] Executed DbCommand (0ms) [Parameters=[], CommandType='Text', CommandTimeout='30']
SELECT "p"."MessageId", "p"."ContentHash", "p"."FirstResponseJson", "p"."MessageType", "p"."ReceivedAt", "p"."RequestJson"
FROM "ProtocolInbox" AS "p"
[21:02:15 INF] Start processing HTTP request GET http://127.0.0.1:48408/api/task/vehicles/getVehicleInfoByDeviceKey?key=BROKERX-L2-0001
[21:02:15 INF] Sending HTTP request GET http://127.0.0.1:48408/api/task/vehicles/getVehicleInfoByDeviceKey?key=BROKERX-L2-0001
[21:02:15 INF] Received HTTP response headers after 0.9364ms - 200
[21:02:15 INF] End processing HTTP request after 1.9247ms - 200
[21:02:15 INF] Executed DbCommand (0ms) [Parameters=[], CommandType='Text', CommandTimeout='30']
SELECT "s"."DemandId", "s"."ReasonCode", "s"."ClearedAt", "s"."DetailJson", "s"."FirstRaisedAt", "s"."LastSeenAt", "s"."TransportDemandKey"
FROM "StructuralDispatchBlocks" AS "s"
WHERE "s"."ClearedAt" IS NULL
[21:02:15 INF] Start processing HTTP request GET http://127.0.0.1:48408/api/task/v1/task/getVehicleInfo/BROKERX-L2-0001
[21:02:15 INF] Sending HTTP request GET http://127.0.0.1:48408/api/task/v1/task/getVehicleInfo/BROKERX-L2-0001
[21:02:15 INF] Received HTTP response headers after 1.1311ms - 200
[21:02:15 INF] End processing HTTP request after 2.6438ms - 200
[21:02:15 INF] Start processing HTTP request GET http://127.0.0.1:48408/api/order/v1/orderRecord?pageNum=1&pageSize=100&filterByState=1&filterByState=3&filterByState=7&filterByState=9
[21:02:15 INF] Sending HTTP request GET http://127.0.0.1:48408/api/order/v1/orderRecord?pageNum=1&pageSize=100&filterByState=1&filterByState=3&filterByState=7&filterByState=9
[21:02:15 INF] Received HTTP response headers after 0.8488ms - 200
[21:02:15 INF] End processing HTTP request after 1.8135ms - 200
[21:02:15 INF] HTTP GET /api/onboard/v1/vehicle-safety responded 200 in 6.7149 ms
[21:02:16 INF] Start processing HTTP request GET http://127.0.0.1:48408/api/imap/v1/mapInfo/stations/25
[21:02:16 INF] Sending HTTP request GET http://127.0.0.1:48408/api/imap/v1/mapInfo/stations/25
[21:02:16 INF] Received HTTP response headers after 1.0886ms - 200
[21:02:16 INF] End processing HTTP request after 4.352ms - 200
[21:02:16 INF] Executed DbCommand (0ms) [Parameters=[@__mapId_0='?' (DbType = Int32)], CommandType='Text', CommandTimeout='30']
SELECT "t"."MapId", "t"."ActiveVersion", "t"."PendingVersion", "t"."State", "t"."UpdatedAt"
FROM "TaskTypeStationActiveBindingSets" AS "t"
WHERE "t"."MapId" = @__mapId_0
LIMIT 2
[21:02:16 INF] Executed DbCommand (0ms) [Parameters=[@__mapId_0='?' (DbType = Int32), @__version_1='?' (DbType = Int64)], CommandType='Text', CommandTimeout='30']
SELECT "t"."MapId", "t"."Version", "t"."CatalogRevision", "t"."ContentSha256", "t"."LoadedAt", "t"."RuleVersion", "t"."SnapshotId", "t"."Source"
FROM "TaskTypeStationBindingSetVersions" AS "t"
WHERE "t"."MapId" = @__mapId_0 AND "t"."Version" = @__version_1
LIMIT 2
[21:02:16 INF] Executed DbCommand (0ms) [Parameters=[@__mapId_0='?' (DbType = Int32), @__version_1='?' (DbType = Int64)], CommandType='Text', CommandTimeout='30']
SELECT "t"."TaskType"
FROM "TaskTypeStationRequirements" AS "t"
WHERE "t"."MapId" = @__mapId_0 AND "t"."Version" = @__version_1
[21:02:16 INF] Executed DbCommand (0ms) [Parameters=[@__mapId_0='?' (DbType = Int32), @__version_1='?' (DbType = Int64)], CommandType='Text', CommandTimeout='30']
SELECT "t"."MapId", "t"."Version", "t"."TaskType", "t"."SiteVerificationRef", "t"."StationName", "t"."StationRiotId"
FROM "TaskTypeStationBindings" AS "t"
WHERE "t"."MapId" = @__mapId_0 AND "t"."Version" = @__version_1
[21:02:16 INF] Executed DbCommand (0ms) [Parameters=[@__version_0='?' (DbType = Int64)], CommandType='Text', CommandTimeout='30']
SELECT "t"."Version", "t"."ContentSha256", "t"."LoadedAt", "t"."SnapshotId", "t"."Source"
FROM "TaskTypeStationRuleVersions" AS "t"
WHERE "t"."Version" = @__version_0
LIMIT 2
[21:02:16 INF] Executed DbCommand (0ms) [Parameters=[@__version_0='?' (DbType = Int64)], CommandType='Text', CommandTimeout='30']
SELECT "t"."Version", "t"."TaskType", "t"."FixedEnd"
FROM "TaskTypeStationRules" AS "t"
WHERE "t"."Version" = @__version_0
[21:02:16 INF] Executed DbCommand (0ms) [Parameters=[@__mapId_0='?' (DbType = Int32)], CommandType='Text', CommandTimeout='30']
SELECT "t"."MapId", "t"."ActiveVersion", "t"."PendingVersion", "t"."State", "t"."UpdatedAt"
FROM "TaskTypeStationActiveBindingSets" AS "t"
WHERE "t"."MapId" = @__mapId_0
LIMIT 2
[21:02:16 INF] Executed DbCommand (0ms) [Parameters=[@__mapId_0='?' (DbType = Int32)], CommandType='Text', CommandTimeout='30']
SELECT "t"."HoldId", "t"."DetailJson", "t"."MapId", "t"."RaisedAt", "t"."RaisedBy", "t"."ReasonCode", "t"."ReleasedAt", "t"."ReleasedBy", "t"."Source", "t"."TaskType"
FROM "TaskTypeStationHolds" AS "t"
WHERE "t"."MapId" = @__mapId_0 AND "t"."ReleasedAt" IS NULL
[21:02:16 INF] Executed DbCommand (0ms) [Parameters=[@__mapId_0='?' (DbType = Int32)], CommandType='Text', CommandTimeout='30']
SELECT "m"."MapId", "m"."ApprovedMaxUnconfirmedSeconds", "m"."ApprovedSyncPeriodSeconds", "m"."CatalogRevision", "m"."LastAttemptAt", "m"."LastCompleteConfirmationAt", "m"."LastFailureReason", "m"."State", "m"."UpdatedAt"
FROM "MapStationCatalogStates" AS "m"
WHERE "m"."MapId" = @__mapId_0
LIMIT 2
[21:02:16 INF] Executed DbCommand (0ms) [Parameters=[@p3='?' (DbType = Int32), @p0='?' (DbType = DateTimeOffset), @p1='?' (DbType = DateTimeOffset), @p2='?' (DbType = DateTimeOffset)], CommandType='Text', CommandTimeout='30']
UPDATE "MapStationCatalogStates" SET "LastAttemptAt" = @p0, "LastCompleteConfirmationAt" = @p1, "UpdatedAt" = @p2
WHERE "MapId" = @p3
RETURNING 1;
[21:02:16 INF] Executed DbCommand (0ms) [Parameters=[@__mapId_0='?' (DbType = Int32)], CommandType='Text', CommandTimeout='30']
SELECT "t"."MapId", "t"."ActiveVersion", "t"."PendingVersion", "t"."State", "t"."UpdatedAt"
FROM "TaskTypeStationActiveBindingSets" AS "t"
WHERE "t"."MapId" = @__mapId_0
LIMIT 2
[21:02:16 INF] Executed DbCommand (0ms) [Parameters=[@__mapId_0='?' (DbType = Int32), @__version_1='?' (DbType = Int64)], CommandType='Text', CommandTimeout='30']
SELECT "t"."MapId", "t"."Version", "t"."CatalogRevision", "t"."ContentSha256", "t"."LoadedAt", "t"."RuleVersion", "t"."SnapshotId", "t"."Source"
FROM "TaskTypeStationBindingSetVersions" AS "t"
WHERE "t"."MapId" = @__mapId_0 AND "t"."Version" = @__version_1
LIMIT 2
[21:02:16 INF] Executed DbCommand (0ms) [Parameters=[@__mapId_0='?' (DbType = Int32), @__version_1='?' (DbType = Int64)], CommandType='Text', CommandTimeout='30']
SELECT "t"."TaskType"
FROM "TaskTypeStationRequirements" AS "t"
WHERE "t"."MapId" = @__mapId_0 AND "t"."Version" = @__version_1
[21:02:16 INF] Executed DbCommand (0ms) [Parameters=[@__mapId_0='?' (DbType = Int32), @__version_1='?' (DbType = Int64)], CommandType='Text', CommandTimeout='30']
SELECT "t"."MapId", "t"."Version", "t"."TaskType", "t"."SiteVerificationRef", "t"."StationName", "t"."StationRiotId"
FROM "TaskTypeStationBindings" AS "t"
WHERE "t"."MapId" = @__mapId_0 AND "t"."Version" = @__version_1
[21:02:16 INF] Executed DbCommand (0ms) [Parameters=[@__mapId_0='?' (DbType = Int32)], CommandType='Text', CommandTimeout='30']
SELECT "t"."MapId", "t"."ActiveVersion", "t"."PendingVersion", "t"."State", "t"."UpdatedAt"
FROM "TaskTypeStationActiveBindingSets" AS "t"
WHERE "t"."MapId" = @__mapId_0
LIMIT 2
[21:02:16 INF] Executed DbCommand (0ms) [Parameters=[@__mapId_0='?' (DbType = Int32), @__version_1='?' (DbType = Int64)], CommandType='Text', CommandTimeout='30']
SELECT "t"."MapId", "t"."Version", "t"."CatalogRevision", "t"."ContentSha256", "t"."LoadedAt", "t"."RuleVersion", "t"."SnapshotId", "t"."Source"
FROM "TaskTypeStationBindingSetVersions" AS "t"
WHERE "t"."MapId" = @__mapId_0 AND "t"."Version" = @__version_1
LIMIT 2
[21:02:16 INF] Executed DbCommand (0ms) [Parameters=[@__mapId_0='?' (DbType = Int32), @__version_1='?' (DbType = Int64)], CommandType='Text', CommandTimeout='30']
SELECT "t"."TaskType"
FROM "TaskTypeStationRequirements" AS "t"
WHERE "t"."MapId" = @__mapId_0 AND "t"."Version" = @__version_1
[21:02:16 INF] Executed DbCommand (0ms) [Parameters=[@__mapId_0='?' (DbType = Int32), @__version_1='?' (DbType = Int64)], CommandType='Text', CommandTimeout='30']
SELECT "t"."MapId", "t"."Version", "t"."TaskType", "t"."SiteVerificationRef", "t"."StationName", "t"."StationRiotId"
FROM "TaskTypeStationBindings" AS "t"
WHERE "t"."MapId" = @__mapId_0 AND "t"."Version" = @__version_1
[21:02:16 INF] Executed DbCommand (0ms) [Parameters=[@__version_0='?' (DbType = Int64)], CommandType='Text', CommandTimeout='30']
SELECT "t"."Version", "t"."ContentSha256", "t"."LoadedAt", "t"."SnapshotId", "t"."Source"
FROM "TaskTypeStationRuleVersions" AS "t"
WHERE "t"."Version" = @__version_0
LIMIT 2
[21:02:16 INF] Executed DbCommand (0ms) [Parameters=[@__version_0='?' (DbType = Int64)], CommandType='Text', CommandTimeout='30']
SELECT "t"."Version", "t"."TaskType", "t"."FixedEnd"
FROM "TaskTypeStationRules" AS "t"
WHERE "t"."Version" = @__version_0
[21:02:16 INF] Executed DbCommand (0ms) [Parameters=[], CommandType='Text', CommandTimeout='30']
SELECT "a"."Id", "a"."ContentHash", "a"."DeploymentId", "a"."ImportedAt", "a"."Version"
FROM "AdmissionPolicyState" AS "a"
WHERE "a"."Id" = 1
LIMIT 2
[21:02:16 INF] Executed DbCommand (0ms) [Parameters=[], CommandType='Text', CommandTimeout='30']
SELECT "j"."DemandId", "j"."AgvId", "j"."AgvLifecycleGeneration", "j"."BlockReasonCode", "j"."BlockReasonSince", "j"."ConsumedSafetyResultMessageId", "j"."ConsumedSublotMessageId", "j"."CreatedAt", "j"."DispatchGeneration", "j"."DispatchZone", "j"."ExpectedBasketCount", "j"."GateMovementLegId", "j"."GatePlanMessageId", "j"."GateStationId", "j"."GateStationRiotId", "j"."GateUpperId", "j"."GateVehicleBusinessMessageId", "j"."GateWorklistMessageId", "j"."LoadCommandMessageId", "j"."LoadSlotOperationAttemptId", "j"."MapId", "j"."MapIdentity", "j"."OperationSessionId", "j"."PickupMovementLegId", "j"."PickupStationId", "j"."PickupStationRiotId", "j"."PickupUpperId", "j"."PlanMessageId", "j"."PlanRevision", "j"."PreDepartureSafetyCheckId", "j"."PreDepartureSafetyCheckMessageId", "j"."RouteEvidenceId", "j"."Stage", "j"."StationDepartureWaitStartedAt", "j"."SublotRequestMessageId", "j"."TargetSlotsJson", "j"."UnloadCommandMessageId", "j"."UnloadSlotOperationAttemptId", "j"."UpdatedAt", "j"."VehicleBusinessMessageId", "j"."VehicleBusinessRevision", "j"."VehicleKey", "j"."WorklistMessageId", "j"."WorklistRevision"
FROM "JourneyRuntimes" AS "j"
WHERE "j"."Stage" <> 'Completed'
[21:02:16 INF] Executed DbCommand (0ms) [Parameters=[], CommandType='Text', CommandTimeout='30']
SELECT "a"."DemandId"
FROM "AcceptedDemands" AS "a"
WHERE "a"."Status" NOT IN ('Succeeded', 'Cancelled')
[21:02:16 INF] Executed DbCommand (0ms) [Parameters=[], CommandType='Text', CommandTimeout='30']
SELECT "j"."DemandId"
FROM "JourneyRuntimes" AS "j"
[21:02:16 INF] Start processing HTTP request GET http://127.0.0.1:48409/api/v2/contract
[21:02:16 INF] Sending HTTP request GET http://127.0.0.1:48409/api/v2/contract
[21:02:16 INF] Received HTTP response headers after 0.9829ms - 200
[21:02:16 INF] End processing HTTP request after 1.6691ms - 200
[21:02:16 INF] Start processing HTTP request GET http://127.0.0.1:48409/api/v2/externally-readable-demand-catalog
[21:02:16 INF] Sending HTTP request GET http://127.0.0.1:48409/api/v2/externally-readable-demand-catalog
[21:02:16 INF] Received HTTP response headers after 0.6915ms - 200
[21:02:16 INF] End processing HTTP request after 1.5873ms - 200
[21:02:16 INF] Executed DbCommand (0ms) [Parameters=[], CommandType='Text', CommandTimeout='30']
SELECT "j"."DemandId", "j"."AcceptedAt", "j"."DecisionFingerprint", "j"."DemandCreatedAt", "j"."FirstSeenAt", "j"."LastSeenAt", "j"."ReasonCode", "j"."TransportDemandKey"
FROM "JourneyBacklog" AS "j"
[21:02:16 INF] Executed DbCommand (0ms) [Parameters=[], CommandType='Text', CommandTimeout='30']
SELECT "a"."DemandId"
FROM "AcceptedDemands" AS "a"
[21:02:16 INF] Executed DbCommand (0ms) [Parameters=[], CommandType='Text', CommandTimeout='30']
SELECT "v"."AgvId", "v"."TaskType", "v"."Allowed", "v"."ConfigurationVersion", "v"."UpdatedAt"
FROM "VehicleTaskTypeAdmissions" AS "v"
[21:02:16 INF] Executed DbCommand (0ms) [Parameters=[], CommandType='Text', CommandTimeout='30']
SELECT "v"."AgvId", "v"."ConfigurationVersion", "v"."RoundTimeoutMilliseconds", "v"."UpdatedAt"
FROM "VehicleDispatchBudgets" AS "v"
[21:02:16 INF] Executed DbCommand (0ms) [Parameters=[], CommandType='Text', CommandTimeout='30']
SELECT "d"."Zone", "d"."AgvId", "d"."ConfigurationVersion", "d"."UpdatedAt"
FROM "DispatchZoneVehicles" AS "d"
[21:02:16 INF] Executed DbCommand (0ms) [Parameters=[], CommandType='Text', CommandTimeout='30']
SELECT MAX("d"."Version")
FROM "DispatchZoneAreaAssignmentVersions" AS "d"
[21:02:16 INF] Executed DbCommand (0ms) [Parameters=[@__agvId_0='?' (Size = 10)], CommandType='Text', CommandTimeout='30']
SELECT "a"."SlotModelVersionId", "a"."SnapshotId"
FROM "ActiveSlotConfigurations" AS "a"
WHERE "a"."AgvId" = @__agvId_0
LIMIT 2
[21:02:16 INF] Executed DbCommand (0ms) [Parameters=[@__agvId_0='?' (Size = 10)], CommandType='Text', CommandTimeout='30']
SELECT "s"."SlotModelVersionId", "s"."CreatedAt"
FROM "SlotIoBindings" AS "s"
WHERE "s"."AgvId" = @__agvId_0 AND "s"."Status" = 'PUBLISHED'
[21:02:16 INF] Executed DbCommand (0ms) [Parameters=[@__agvId_0='?' (Size = 10)], CommandType='Text', CommandTimeout='30']
SELECT "s"."AgvId", "s"."ActiveUnlockSlotsJson", "s"."CapabilityHash", "s"."CapabilityRevision", "s"."DepartureSafe", "s"."ForcedRecoveryGeneration", "s"."ManifestSha256", "s"."PendingAttemptIdsJson", "s"."PendingResultIdsJson", "s"."ProfileId", "s"."ProtocolCommit", "s"."ProtocolVersion", "s"."ProvenRecoveryCheckpoint", "s"."Readiness", "s"."ReasonCode", "s"."RecoveryReportId", "s"."ReportedForcedRecoveryGeneration", "s"."ReportedSlotConfigurationFingerprint", "s"."SafetyHash", "s"."SafetyReasonCodesJson", "s"."SafetyRevision", "s"."SafetyUnknownPresent", "s"."SessionGeneration", "s"."UnsettledSlotOperationAttemptId", "s"."UpdatedAt"
FROM "SessionRecoveries" AS "s"
WHERE "s"."AgvId" = @__agvId_0 AND "s"."Readiness" = 'Ready'
LIMIT 2
[21:02:16 INF] Executed DbCommand (0ms) [Parameters=[@__messageType_0='?' (Size = 18)], CommandType='Text', CommandTimeout='30']
SELECT "p"."MessageId", "p"."ContentHash", "p"."FirstResponseJson", "p"."MessageType", "p"."ReceivedAt", "p"."RequestJson"
FROM "ProtocolInbox" AS "p"
WHERE "p"."MessageType" = @__messageType_0
[21:02:16 INF] Executed DbCommand (0ms) [Parameters=[], CommandType='Text', CommandTimeout='30']
SELECT "p"."MessageId", "p"."ContentHash", "p"."FirstResponseJson", "p"."MessageType", "p"."ReceivedAt", "p"."RequestJson"
FROM "ProtocolInbox" AS "p"
WHERE "p"."MessageType" = 'SafetyStateSnapshot'
[21:02:16 INF] Executed DbCommand (0ms) [Parameters=[], CommandType='Text', CommandTimeout='30']
SELECT "p"."MessageId", "p"."ContentHash", "p"."FirstResponseJson", "p"."MessageType", "p"."ReceivedAt", "p"."RequestJson"
FROM "ProtocolInbox" AS "p"
WHERE "p"."MessageType" IN ('SafetyStateSnapshot', 'SafetyStateChanged')
[21:02:16 INF] Executed DbCommand (0ms) [Parameters=[], CommandType='Text', CommandTimeout='30']
SELECT "p"."MessageId", "p"."ContentHash", "p"."FirstResponseJson", "p"."MessageType", "p"."ReceivedAt", "p"."RequestJson"
FROM "ProtocolInbox" AS "p"
[21:02:16 INF] Start processing HTTP request GET http://127.0.0.1:48408/api/task/vehicles/getVehicleInfoByDeviceKey?key=BROKERX-L2-0001
[21:02:16 INF] Sending HTTP request GET http://127.0.0.1:48408/api/task/vehicles/getVehicleInfoByDeviceKey?key=BROKERX-L2-0001
[21:02:16 INF] Received HTTP response headers after 0.9788ms - 200
[21:02:16 INF] End processing HTTP request after 2.0278ms - 200
[21:02:16 INF] Executed DbCommand (0ms) [Parameters=[], CommandType='Text', CommandTimeout='30']
SELECT "s"."DemandId", "s"."ReasonCode", "s"."ClearedAt", "s"."DetailJson", "s"."FirstRaisedAt", "s"."LastSeenAt", "s"."TransportDemandKey"
FROM "StructuralDispatchBlocks" AS "s"
WHERE "s"."ClearedAt" IS NULL
[21:02:16 INF] Start processing HTTP request GET http://127.0.0.1:48408/api/task/v1/task/getVehicleInfo/BROKERX-L2-0001
[21:02:16 INF] Sending HTTP request GET http://127.0.0.1:48408/api/task/v1/task/getVehicleInfo/BROKERX-L2-0001
[21:02:16 INF] Received HTTP response headers after 0.8366ms - 200
[21:02:16 INF] End processing HTTP request after 2.2021ms - 200
[21:02:16 INF] Start processing HTTP request GET http://127.0.0.1:48408/api/order/v1/orderRecord?pageNum=1&pageSize=100&filterByState=1&filterByState=3&filterByState=7&filterByState=9
[21:02:16 INF] Sending HTTP request GET http://127.0.0.1:48408/api/order/v1/orderRecord?pageNum=1&pageSize=100&filterByState=1&filterByState=3&filterByState=7&filterByState=9
[21:02:16 INF] Received HTTP response headers after 0.8146ms - 200
[21:02:16 INF] End processing HTTP request after 1.5316ms - 200
[21:02:16 INF] HTTP GET /api/onboard/v1/vehicle-safety responded 200 in 5.3559 ms
[21:02:17 INF] Start processing HTTP request GET http://127.0.0.1:48408/api/imap/v1/mapInfo/stations/25
[21:02:17 INF] Sending HTTP request GET http://127.0.0.1:48408/api/imap/v1/mapInfo/stations/25
[21:02:17 INF] Received HTTP response headers after 0.9182ms - 200
[21:02:17 INF] End processing HTTP request after 4.3436ms - 200
[21:02:17 INF] Executed DbCommand (0ms) [Parameters=[@__mapId_0='?' (DbType = Int32)], CommandType='Text', CommandTimeout='30']
SELECT "t"."MapId", "t"."ActiveVersion", "t"."PendingVersion", "t"."State", "t"."UpdatedAt"
FROM "TaskTypeStationActiveBindingSets" AS "t"
WHERE "t"."MapId" = @__mapId_0
LIMIT 2
[21:02:17 INF] Executed DbCommand (0ms) [Parameters=[@__mapId_0='?' (DbType = Int32), @__version_1='?' (DbType = Int64)], CommandType='Text', CommandTimeout='30']
SELECT "t"."MapId", "t"."Version", "t"."CatalogRevision", "t"."ContentSha256", "t"."LoadedAt", "t"."RuleVersion", "t"."SnapshotId", "t"."Source"
FROM "TaskTypeStationBindingSetVersions" AS "t"
WHERE "t"."MapId" = @__mapId_0 AND "t"."Version" = @__version_1
LIMIT 2
[21:02:17 INF] Executed DbCommand (0ms) [Parameters=[@__mapId_0='?' (DbType = Int32), @__version_1='?' (DbType = Int64)], CommandType='Text', CommandTimeout='30']
SELECT "t"."TaskType"
FROM "TaskTypeStationRequirements" AS "t"
WHERE "t"."MapId" = @__mapId_0 AND "t"."Version" = @__version_1
[21:02:17 INF] Executed DbCommand (0ms) [Parameters=[@__mapId_0='?' (DbType = Int32), @__version_1='?' (DbType = Int64)], CommandType='Text', CommandTimeout='30']
SELECT "t"."MapId", "t"."Version", "t"."TaskType", "t"."SiteVerificationRef", "t"."StationName", "t"."StationRiotId"
FROM "TaskTypeStationBindings" AS "t"
WHERE "t"."MapId" = @__mapId_0 AND "t"."Version" = @__version_1
[21:02:17 INF] Executed DbCommand (0ms) [Parameters=[@__version_0='?' (DbType = Int64)], CommandType='Text', CommandTimeout='30']
SELECT "t"."Version", "t"."ContentSha256", "t"."LoadedAt", "t"."SnapshotId", "t"."Source"
FROM "TaskTypeStationRuleVersions" AS "t"
WHERE "t"."Version" = @__version_0
LIMIT 2
[21:02:17 INF] Executed DbCommand (0ms) [Parameters=[@__version_0='?' (DbType = Int64)], CommandType='Text', CommandTimeout='30']
SELECT "t"."Version", "t"."TaskType", "t"."FixedEnd"
FROM "TaskTypeStationRules" AS "t"
WHERE "t"."Version" = @__version_0
[21:02:17 INF] Executed DbCommand (0ms) [Parameters=[@__mapId_0='?' (DbType = Int32)], CommandType='Text', CommandTimeout='30']
SELECT "t"."MapId", "t"."ActiveVersion", "t"."PendingVersion", "t"."State", "t"."UpdatedAt"
FROM "TaskTypeStationActiveBindingSets" AS "t"
WHERE "t"."MapId" = @__mapId_0
LIMIT 2
[21:02:17 INF] Executed DbCommand (0ms) [Parameters=[@__mapId_0='?' (DbType = Int32)], CommandType='Text', CommandTimeout='30']
SELECT "t"."HoldId", "t"."DetailJson", "t"."MapId", "t"."RaisedAt", "t"."RaisedBy", "t"."ReasonCode", "t"."ReleasedAt", "t"."ReleasedBy", "t"."Source", "t"."TaskType"
FROM "TaskTypeStationHolds" AS "t"
WHERE "t"."MapId" = @__mapId_0 AND "t"."ReleasedAt" IS NULL
[21:02:17 INF] Executed DbCommand (0ms) [Parameters=[@__mapId_0='?' (DbType = Int32)], CommandType='Text', CommandTimeout='30']
SELECT "m"."MapId", "m"."ApprovedMaxUnconfirmedSeconds", "m"."ApprovedSyncPeriodSeconds", "m"."CatalogRevision", "m"."LastAttemptAt", "m"."LastCompleteConfirmationAt", "m"."LastFailureReason", "m"."State", "m"."UpdatedAt"
FROM "MapStationCatalogStates" AS "m"
WHERE "m"."MapId" = @__mapId_0
LIMIT 2
[21:02:17 INF] Executed DbCommand (0ms) [Parameters=[@p3='?' (DbType = Int32), @p0='?' (DbType = DateTimeOffset), @p1='?' (DbType = DateTimeOffset), @p2='?' (DbType = DateTimeOffset)], CommandType='Text', CommandTimeout='30']
UPDATE "MapStationCatalogStates" SET "LastAttemptAt" = @p0, "LastCompleteConfirmationAt" = @p1, "UpdatedAt" = @p2
WHERE "MapId" = @p3
RETURNING 1;
[21:02:17 INF] Executed DbCommand (0ms) [Parameters=[@__mapId_0='?' (DbType = Int32)], CommandType='Text', CommandTimeout='30']
SELECT "t"."MapId", "t"."ActiveVersion", "t"."PendingVersion", "t"."State", "t"."UpdatedAt"
FROM "TaskTypeStationActiveBindingSets" AS "t"
WHERE "t"."MapId" = @__mapId_0
LIMIT 2
[21:02:17 INF] Executed DbCommand (0ms) [Parameters=[@__mapId_0='?' (DbType = Int32), @__version_1='?' (DbType = Int64)], CommandType='Text', CommandTimeout='30']
SELECT "t"."MapId", "t"."Version", "t"."CatalogRevision", "t"."ContentSha256", "t"."LoadedAt", "t"."RuleVersion", "t"."SnapshotId", "t"."Source"
FROM "TaskTypeStationBindingSetVersions" AS "t"
WHERE "t"."MapId" = @__mapId_0 AND "t"."Version" = @__version_1
LIMIT 2
[21:02:17 INF] Executed DbCommand (0ms) [Parameters=[@__mapId_0='?' (DbType = Int32), @__version_1='?' (DbType = Int64)], CommandType='Text', CommandTimeout='30']
SELECT "t"."TaskType"
FROM "TaskTypeStationRequirements" AS "t"
WHERE "t"."MapId" = @__mapId_0 AND "t"."Version" = @__version_1
[21:02:17 INF] Executed DbCommand (0ms) [Parameters=[@__mapId_0='?' (DbType = Int32), @__version_1='?' (DbType = Int64)], CommandType='Text', CommandTimeout='30']
SELECT "t"."MapId", "t"."Version", "t"."TaskType", "t"."SiteVerificationRef", "t"."StationName", "t"."StationRiotId"
FROM "TaskTypeStationBindings" AS "t"
WHERE "t"."MapId" = @__mapId_0 AND "t"."Version" = @__version_1
[21:02:17 INF] Executed DbCommand (0ms) [Parameters=[@__mapId_0='?' (DbType = Int32)], CommandType='Text', CommandTimeout='30']
SELECT "t"."MapId", "t"."ActiveVersion", "t"."PendingVersion", "t"."State", "t"."UpdatedAt"
FROM "TaskTypeStationActiveBindingSets" AS "t"
WHERE "t"."MapId" = @__mapId_0
LIMIT 2
[21:02:17 INF] Executed DbCommand (0ms) [Parameters=[@__mapId_0='?' (DbType = Int32), @__version_1='?' (DbType = Int64)], CommandType='Text', CommandTimeout='30']
SELECT "t"."MapId", "t"."Version", "t"."CatalogRevision", "t"."ContentSha256", "t"."LoadedAt", "t"."RuleVersion", "t"."SnapshotId", "t"."Source"
FROM "TaskTypeStationBindingSetVersions" AS "t"
WHERE "t"."MapId" = @__mapId_0 AND "t"."Version" = @__version_1
LIMIT 2
[21:02:17 INF] Executed DbCommand (0ms) [Parameters=[@__mapId_0='?' (DbType = Int32), @__version_1='?' (DbType = Int64)], CommandType='Text', CommandTimeout='30']
SELECT "t"."TaskType"
FROM "TaskTypeStationRequirements" AS "t"
WHERE "t"."MapId" = @__mapId_0 AND "t"."Version" = @__version_1
[21:02:17 INF] Executed DbCommand (0ms) [Parameters=[@__mapId_0='?' (DbType = Int32), @__version_1='?' (DbType = Int64)], CommandType='Text', CommandTimeout='30']
SELECT "t"."MapId", "t"."Version", "t"."TaskType", "t"."SiteVerificationRef", "t"."StationName", "t"."StationRiotId"
FROM "TaskTypeStationBindings" AS "t"
WHERE "t"."MapId" = @__mapId_0 AND "t"."Version" = @__version_1
[21:02:17 INF] Executed DbCommand (0ms) [Parameters=[@__version_0='?' (DbType = Int64)], CommandType='Text', CommandTimeout='30']
SELECT "t"."Version", "t"."ContentSha256", "t"."LoadedAt", "t"."SnapshotId", "t"."Source"
FROM "TaskTypeStationRuleVersions" AS "t"
WHERE "t"."Version" = @__version_0
LIMIT 2
[21:02:17 INF] Executed DbCommand (0ms) [Parameters=[@__version_0='?' (DbType = Int64)], CommandType='Text', CommandTimeout='30']
SELECT "t"."Version", "t"."TaskType", "t"."FixedEnd"
FROM "TaskTypeStationRules" AS "t"
WHERE "t"."Version" = @__version_0
[21:02:17 INF] Executed DbCommand (0ms) [Parameters=[], CommandType='Text', CommandTimeout='30']
SELECT "a"."Id", "a"."ContentHash", "a"."DeploymentId", "a"."ImportedAt", "a"."Version"
FROM "AdmissionPolicyState" AS "a"
WHERE "a"."Id" = 1
LIMIT 2
[21:02:17 INF] Executed DbCommand (0ms) [Parameters=[], CommandType='Text', CommandTimeout='30']
SELECT "j"."DemandId", "j"."AgvId", "j"."AgvLifecycleGeneration", "j"."BlockReasonCode", "j"."BlockReasonSince", "j"."ConsumedSafetyResultMessageId", "j"."ConsumedSublotMessageId", "j"."CreatedAt", "j"."DispatchGeneration", "j"."DispatchZone", "j"."ExpectedBasketCount", "j"."GateMovementLegId", "j"."GatePlanMessageId", "j"."GateStationId", "j"."GateStationRiotId", "j"."GateUpperId", "j"."GateVehicleBusinessMessageId", "j"."GateWorklistMessageId", "j"."LoadCommandMessageId", "j"."LoadSlotOperationAttemptId", "j"."MapId", "j"."MapIdentity", "j"."OperationSessionId", "j"."PickupMovementLegId", "j"."PickupStationId", "j"."PickupStationRiotId", "j"."PickupUpperId", "j"."PlanMessageId", "j"."PlanRevision", "j"."PreDepartureSafetyCheckId", "j"."PreDepartureSafetyCheckMessageId", "j"."RouteEvidenceId", "j"."Stage", "j"."StationDepartureWaitStartedAt", "j"."SublotRequestMessageId", "j"."TargetSlotsJson", "j"."UnloadCommandMessageId", "j"."UnloadSlotOperationAttemptId", "j"."UpdatedAt", "j"."VehicleBusinessMessageId", "j"."VehicleBusinessRevision", "j"."VehicleKey", "j"."WorklistMessageId", "j"."WorklistRevision"
FROM "JourneyRuntimes" AS "j"
WHERE "j"."Stage" <> 'Completed'
[21:02:17 INF] Executed DbCommand (0ms) [Parameters=[], CommandType='Text', CommandTimeout='30']
SELECT "a"."DemandId"
FROM "AcceptedDemands" AS "a"
WHERE "a"."Status" NOT IN ('Succeeded', 'Cancelled')
[21:02:17 INF] Executed DbCommand (0ms) [Parameters=[], CommandType='Text', CommandTimeout='30']
SELECT "j"."DemandId"
FROM "JourneyRuntimes" AS "j"
[21:02:17 INF] Start processing HTTP request GET http://127.0.0.1:48409/api/v2/contract
[21:02:17 INF] Sending HTTP request GET http://127.0.0.1:48409/api/v2/contract
[21:02:17 INF] Received HTTP response headers after 0.9277ms - 200
[21:02:17 INF] End processing HTTP request after 1.7152ms - 200
[21:02:17 INF] Start processing HTTP request GET http://127.0.0.1:48409/api/v2/externally-readable-demand-catalog
[21:02:17 INF] Sending HTTP request GET http://127.0.0.1:48409/api/v2/externally-readable-demand-catalog
[21:02:17 INF] Received HTTP response headers after 0.6485ms - 200
[21:02:17 INF] End processing HTTP request after 1.7257ms - 200
[21:02:17 INF] Executed DbCommand (0ms) [Parameters=[], CommandType='Text', CommandTimeout='30']
SELECT "j"."DemandId", "j"."AcceptedAt", "j"."DecisionFingerprint", "j"."DemandCreatedAt", "j"."FirstSeenAt", "j"."LastSeenAt", "j"."ReasonCode", "j"."TransportDemandKey"
FROM "JourneyBacklog" AS "j"
[21:02:17 INF] Executed DbCommand (0ms) [Parameters=[], CommandType='Text', CommandTimeout='30']
SELECT "a"."DemandId"
FROM "AcceptedDemands" AS "a"
[21:02:17 INF] Executed DbCommand (0ms) [Parameters=[], CommandType='Text', CommandTimeout='30']
SELECT "v"."AgvId", "v"."TaskType", "v"."Allowed", "v"."ConfigurationVersion", "v"."UpdatedAt"
FROM "VehicleTaskTypeAdmissions" AS "v"
[21:02:17 INF] Executed DbCommand (0ms) [Parameters=[], CommandType='Text', CommandTimeout='30']
SELECT "v"."AgvId", "v"."ConfigurationVersion", "v"."RoundTimeoutMilliseconds", "v"."UpdatedAt"
FROM "VehicleDispatchBudgets" AS "v"
[21:02:17 INF] Executed DbCommand (0ms) [Parameters=[], CommandType='Text', CommandTimeout='30']
SELECT "d"."Zone", "d"."AgvId", "d"."ConfigurationVersion", "d"."UpdatedAt"
FROM "DispatchZoneVehicles" AS "d"
[21:02:17 INF] Executed DbCommand (0ms) [Parameters=[], CommandType='Text', CommandTimeout='30']
SELECT MAX("d"."Version")
FROM "DispatchZoneAreaAssignmentVersions" AS "d"
[21:02:17 INF] Executed DbCommand (0ms) [Parameters=[@__agvId_0='?' (Size = 10)], CommandType='Text', CommandTimeout='30']
SELECT "a"."SlotModelVersionId", "a"."SnapshotId"
FROM "ActiveSlotConfigurations" AS "a"
WHERE "a"."AgvId" = @__agvId_0
LIMIT 2
[21:02:17 INF] Executed DbCommand (0ms) [Parameters=[@__agvId_0='?' (Size = 10)], CommandType='Text', CommandTimeout='30']
SELECT "s"."SlotModelVersionId", "s"."CreatedAt"
FROM "SlotIoBindings" AS "s"
WHERE "s"."AgvId" = @__agvId_0 AND "s"."Status" = 'PUBLISHED'
[21:02:17 INF] Executed DbCommand (0ms) [Parameters=[@__slotModelVersionId_0='?' (Size = 32)], CommandType='Text', CommandTimeout='30']
SELECT "s"."SlotModelVersionId", "s"."PhysicalSlotNumber", "s"."SlotPosition", "s"."SlotTemplateId"
FROM "SlotModelSlots" AS "s"
WHERE "s"."SlotModelVersionId" = @__slotModelVersionId_0
[21:02:17 INF] Executed DbCommand (0ms) [Parameters=[@__agvId_0='?' (Size = 10)], CommandType='Text', CommandTimeout='30']
SELECT "s"."AgvId", "s"."ActiveUnlockSlotsJson", "s"."CapabilityHash", "s"."CapabilityRevision", "s"."DepartureSafe", "s"."ForcedRecoveryGeneration", "s"."ManifestSha256", "s"."PendingAttemptIdsJson", "s"."PendingResultIdsJson", "s"."ProfileId", "s"."ProtocolCommit", "s"."ProtocolVersion", "s"."ProvenRecoveryCheckpoint", "s"."Readiness", "s"."ReasonCode", "s"."RecoveryReportId", "s"."ReportedForcedRecoveryGeneration", "s"."ReportedSlotConfigurationFingerprint", "s"."SafetyHash", "s"."SafetyReasonCodesJson", "s"."SafetyRevision", "s"."SafetyUnknownPresent", "s"."SessionGeneration", "s"."UnsettledSlotOperationAttemptId", "s"."UpdatedAt"
FROM "SessionRecoveries" AS "s"
WHERE "s"."AgvId" = @__agvId_0 AND "s"."Readiness" = 'Ready'
LIMIT 2
[21:02:17 INF] Executed DbCommand (0ms) [Parameters=[@__messageType_0='?' (Size = 18)], CommandType='Text', CommandTimeout='30']
SELECT "p"."MessageId", "p"."ContentHash", "p"."FirstResponseJson", "p"."MessageType", "p"."ReceivedAt", "p"."RequestJson"
FROM "ProtocolInbox" AS "p"
WHERE "p"."MessageType" = @__messageType_0
[21:02:17 INF] Executed DbCommand (0ms) [Parameters=[], CommandType='Text', CommandTimeout='30']
SELECT "p"."MessageId", "p"."ContentHash", "p"."FirstResponseJson", "p"."MessageType", "p"."ReceivedAt", "p"."RequestJson"
FROM "ProtocolInbox" AS "p"
WHERE "p"."MessageType" = 'SafetyStateSnapshot'
[21:02:17 INF] Executed DbCommand (0ms) [Parameters=[], CommandType='Text', CommandTimeout='30']
SELECT "p"."MessageId", "p"."ContentHash", "p"."FirstResponseJson", "p"."MessageType", "p"."ReceivedAt", "p"."RequestJson"
FROM "ProtocolInbox" AS "p"
WHERE "p"."MessageType" IN ('SafetyStateSnapshot', 'SafetyStateChanged')
[21:02:17 INF] Executed DbCommand (0ms) [Parameters=[], CommandType='Text', CommandTimeout='30']
SELECT "p"."MessageId", "p"."ContentHash", "p"."FirstResponseJson", "p"."MessageType", "p"."ReceivedAt", "p"."RequestJson"
FROM "ProtocolInbox" AS "p"
[21:02:17 INF] Start processing HTTP request GET http://127.0.0.1:48408/api/task/vehicles/getVehicleInfoByDeviceKey?key=BROKERX-L2-0001
[21:02:17 INF] Sending HTTP request GET http://127.0.0.1:48408/api/task/vehicles/getVehicleInfoByDeviceKey?key=BROKERX-L2-0001
[21:02:17 INF] Received HTTP response headers after 0.8624ms - 200
[21:02:17 INF] End processing HTTP request after 1.7361ms - 200
[21:02:17 INF] Executed DbCommand (0ms) [Parameters=[], CommandType='Text', CommandTimeout='30']
SELECT "s"."DemandId", "s"."ReasonCode", "s"."ClearedAt", "s"."DetailJson", "s"."FirstRaisedAt", "s"."LastSeenAt", "s"."TransportDemandKey"
FROM "StructuralDispatchBlocks" AS "s"
WHERE "s"."ClearedAt" IS NULL
[21:02:17 INF] Start processing HTTP request GET http://127.0.0.1:48408/api/task/v1/task/getVehicleInfo/BROKERX-L2-0001
[21:02:17 INF] Sending HTTP request GET http://127.0.0.1:48408/api/task/v1/task/getVehicleInfo/BROKERX-L2-0001
[21:02:17 INF] Received HTTP response headers after 0.8138ms - 200
[21:02:17 INF] End processing HTTP request after 2.2726ms - 200
[21:02:17 INF] Start processing HTTP request GET http://127.0.0.1:48408/api/order/v1/orderRecord?pageNum=1&pageSize=100&filterByState=1&filterByState=3&filterByState=7&filterByState=9
[21:02:17 INF] Sending HTTP request GET http://127.0.0.1:48408/api/order/v1/orderRecord?pageNum=1&pageSize=100&filterByState=1&filterByState=3&filterByState=7&filterByState=9
[21:02:17 INF] Received HTTP response headers after 0.7347ms - 200
[21:02:17 INF] End processing HTTP request after 1.588ms - 200
[21:02:17 INF] HTTP GET /api/onboard/v1/vehicle-safety responded 200 in 5.6327 ms
[21:02:18 INF] Start processing HTTP request GET http://127.0.0.1:48408/api/imap/v1/mapInfo/stations/25
[21:02:18 INF] Sending HTTP request GET http://127.0.0.1:48408/api/imap/v1/mapInfo/stations/25
[21:02:18 INF] Received HTTP response headers after 0.8002ms - 200
[21:02:18 INF] End processing HTTP request after 2.4689ms - 200
[21:02:18 INF] Executed DbCommand (0ms) [Parameters=[@__mapId_0='?' (DbType = Int32)], CommandType='Text', CommandTimeout='30']
SELECT "t"."MapId", "t"."ActiveVersion", "t"."PendingVersion", "t"."State", "t"."UpdatedAt"
FROM "TaskTypeStationActiveBindingSets" AS "t"
WHERE "t"."MapId" = @__mapId_0
LIMIT 2
[21:02:18 INF] Executed DbCommand (0ms) [Parameters=[@__mapId_0='?' (DbType = Int32), @__version_1='?' (DbType = Int64)], CommandType='Text', CommandTimeout='30']
SELECT "t"."MapId", "t"."Version", "t"."CatalogRevision", "t"."ContentSha256", "t"."LoadedAt", "t"."RuleVersion", "t"."SnapshotId", "t"."Source"
FROM "TaskTypeStationBindingSetVersions" AS "t"
WHERE "t"."MapId" = @__mapId_0 AND "t"."Version" = @__version_1
LIMIT 2
[21:02:18 INF] Executed DbCommand (0ms) [Parameters=[@__mapId_0='?' (DbType = Int32), @__version_1='?' (DbType = Int64)], CommandType='Text', CommandTimeout='30']
SELECT "t"."TaskType"
FROM "TaskTypeStationRequirements" AS "t"
WHERE "t"."MapId" = @__mapId_0 AND "t"."Version" = @__version_1
[21:02:18 INF] Executed DbCommand (0ms) [Parameters=[@__mapId_0='?' (DbType = Int32), @__version_1='?' (DbType = Int64)], CommandType='Text', CommandTimeout='30']
SELECT "t"."MapId", "t"."Version", "t"."TaskType", "t"."SiteVerificationRef", "t"."StationName", "t"."StationRiotId"
FROM "TaskTypeStationBindings" AS "t"
WHERE "t"."MapId" = @__mapId_0 AND "t"."Version" = @__version_1
[21:02:18 INF] Executed DbCommand (0ms) [Parameters=[@__version_0='?' (DbType = Int64)], CommandType='Text', CommandTimeout='30']
SELECT "t"."Version", "t"."ContentSha256", "t"."LoadedAt", "t"."SnapshotId", "t"."Source"
FROM "TaskTypeStationRuleVersions" AS "t"
WHERE "t"."Version" = @__version_0
LIMIT 2
[21:02:18 INF] Executed DbCommand (0ms) [Parameters=[@__version_0='?' (DbType = Int64)], CommandType='Text', CommandTimeout='30']
SELECT "t"."Version", "t"."TaskType", "t"."FixedEnd"
FROM "TaskTypeStationRules" AS "t"
WHERE "t"."Version" = @__version_0
[21:02:18 INF] Executed DbCommand (0ms) [Parameters=[@__mapId_0='?' (DbType = Int32)], CommandType='Text', CommandTimeout='30']
SELECT "t"."MapId", "t"."ActiveVersion", "t"."PendingVersion", "t"."State", "t"."UpdatedAt"
FROM "TaskTypeStationActiveBindingSets" AS "t"
WHERE "t"."MapId" = @__mapId_0
LIMIT 2
[21:02:18 INF] Executed DbCommand (0ms) [Parameters=[@__mapId_0='?' (DbType = Int32)], CommandType='Text', CommandTimeout='30']
SELECT "t"."HoldId", "t"."DetailJson", "t"."MapId", "t"."RaisedAt", "t"."RaisedBy", "t"."ReasonCode", "t"."ReleasedAt", "t"."ReleasedBy", "t"."Source", "t"."TaskType"
FROM "TaskTypeStationHolds" AS "t"
WHERE "t"."MapId" = @__mapId_0 AND "t"."ReleasedAt" IS NULL
[21:02:18 INF] Executed DbCommand (0ms) [Parameters=[@__mapId_0='?' (DbType = Int32)], CommandType='Text', CommandTimeout='30']
SELECT "m"."MapId", "m"."ApprovedMaxUnconfirmedSeconds", "m"."ApprovedSyncPeriodSeconds", "m"."CatalogRevision", "m"."LastAttemptAt", "m"."LastCompleteConfirmationAt", "m"."LastFailureReason", "m"."State", "m"."UpdatedAt"
FROM "MapStationCatalogStates" AS "m"
WHERE "m"."MapId" = @__mapId_0
LIMIT 2
[21:02:18 INF] Executed DbCommand (0ms) [Parameters=[@p3='?' (DbType = Int32), @p0='?' (DbType = DateTimeOffset), @p1='?' (DbType = DateTimeOffset), @p2='?' (DbType = DateTimeOffset)], CommandType='Text', CommandTimeout='30']
UPDATE "MapStationCatalogStates" SET "LastAttemptAt" = @p0, "LastCompleteConfirmationAt" = @p1, "UpdatedAt" = @p2
WHERE "MapId" = @p3
RETURNING 1;
[21:02:18 INF] Executed DbCommand (0ms) [Parameters=[@__mapId_0='?' (DbType = Int32)], CommandType='Text', CommandTimeout='30']
SELECT "t"."MapId", "t"."ActiveVersion", "t"."PendingVersion", "t"."State", "t"."UpdatedAt"
FROM "TaskTypeStationActiveBindingSets" AS "t"
WHERE "t"."MapId" = @__mapId_0
LIMIT 2
[21:02:18 INF] Executed DbCommand (0ms) [Parameters=[@__mapId_0='?' (DbType = Int32), @__version_1='?' (DbType = Int64)], CommandType='Text', CommandTimeout='30']
SELECT "t"."MapId", "t"."Version", "t"."CatalogRevision", "t"."ContentSha256", "t"."LoadedAt", "t"."RuleVersion", "t"."SnapshotId", "t"."Source"
FROM "TaskTypeStationBindingSetVersions" AS "t"
WHERE "t"."MapId" = @__mapId_0 AND "t"."Version" = @__version_1
LIMIT 2
[21:02:18 INF] Executed DbCommand (0ms) [Parameters=[@__mapId_0='?' (DbType = Int32), @__version_1='?' (DbType = Int64)], CommandType='Text', CommandTimeout='30']
SELECT "t"."TaskType"
FROM "TaskTypeStationRequirements" AS "t"
WHERE "t"."MapId" = @__mapId_0 AND "t"."Version" = @__version_1
[21:02:18 INF] Executed DbCommand (0ms) [Parameters=[@__mapId_0='?' (DbType = Int32), @__version_1='?' (DbType = Int64)], CommandType='Text', CommandTimeout='30']
SELECT "t"."MapId", "t"."Version", "t"."TaskType", "t"."SiteVerificationRef", "t"."StationName", "t"."StationRiotId"
FROM "TaskTypeStationBindings" AS "t"
WHERE "t"."MapId" = @__mapId_0 AND "t"."Version" = @__version_1
[21:02:18 INF] Executed DbCommand (0ms) [Parameters=[@__mapId_0='?' (DbType = Int32)], CommandType='Text', CommandTimeout='30']
SELECT "t"."MapId", "t"."ActiveVersion", "t"."PendingVersion", "t"."State", "t"."UpdatedAt"
FROM "TaskTypeStationActiveBindingSets" AS "t"
WHERE "t"."MapId" = @__mapId_0
LIMIT 2
[21:02:18 INF] Executed DbCommand (0ms) [Parameters=[@__mapId_0='?' (DbType = Int32), @__version_1='?' (DbType = Int64)], CommandType='Text', CommandTimeout='30']
SELECT "t"."MapId", "t"."Version", "t"."CatalogRevision", "t"."ContentSha256", "t"."LoadedAt", "t"."RuleVersion", "t"."SnapshotId", "t"."Source"
FROM "TaskTypeStationBindingSetVersions" AS "t"
WHERE "t"."MapId" = @__mapId_0 AND "t"."Version" = @__version_1
LIMIT 2
[21:02:18 INF] Executed DbCommand (0ms) [Parameters=[@__mapId_0='?' (DbType = Int32), @__version_1='?' (DbType = Int64)], CommandType='Text', CommandTimeout='30']
SELECT "t"."TaskType"
FROM "TaskTypeStationRequirements" AS "t"
WHERE "t"."MapId" = @__mapId_0 AND "t"."Version" = @__version_1
[21:02:18 INF] Executed DbCommand (0ms) [Parameters=[@__mapId_0='?' (DbType = Int32), @__version_1='?' (DbType = Int64)], CommandType='Text', CommandTimeout='30']
SELECT "t"."MapId", "t"."Version", "t"."TaskType", "t"."SiteVerificationRef", "t"."StationName", "t"."StationRiotId"
FROM "TaskTypeStationBindings" AS "t"
WHERE "t"."MapId" = @__mapId_0 AND "t"."Version" = @__version_1
[21:02:18 INF] Executed DbCommand (0ms) [Parameters=[@__version_0='?' (DbType = Int64)], CommandType='Text', CommandTimeout='30']
SELECT "t"."Version", "t"."ContentSha256", "t"."LoadedAt", "t"."SnapshotId", "t"."Source"
FROM "TaskTypeStationRuleVersions" AS "t"
WHERE "t"."Version" = @__version_0
LIMIT 2
[21:02:18 INF] Executed DbCommand (0ms) [Parameters=[@__version_0='?' (DbType = Int64)], CommandType='Text', CommandTimeout='30']
SELECT "t"."Version", "t"."TaskType", "t"."FixedEnd"
FROM "TaskTypeStationRules" AS "t"
WHERE "t"."Version" = @__version_0
[21:02:18 INF] Executed DbCommand (0ms) [Parameters=[], CommandType='Text', CommandTimeout='30']
SELECT "a"."Id", "a"."ContentHash", "a"."DeploymentId", "a"."ImportedAt", "a"."Version"
FROM "AdmissionPolicyState" AS "a"
WHERE "a"."Id" = 1
LIMIT 2
[21:02:18 INF] Executed DbCommand (0ms) [Parameters=[], CommandType='Text', CommandTimeout='30']
SELECT "j"."DemandId", "j"."AgvId", "j"."AgvLifecycleGeneration", "j"."BlockReasonCode", "j"."BlockReasonSince", "j"."ConsumedSafetyResultMessageId", "j"."ConsumedSublotMessageId", "j"."CreatedAt", "j"."DispatchGeneration", "j"."DispatchZone", "j"."ExpectedBasketCount", "j"."GateMovementLegId", "j"."GatePlanMessageId", "j"."GateStationId", "j"."GateStationRiotId", "j"."GateUpperId", "j"."GateVehicleBusinessMessageId", "j"."GateWorklistMessageId", "j"."LoadCommandMessageId", "j"."LoadSlotOperationAttemptId", "j"."MapId", "j"."MapIdentity", "j"."OperationSessionId", "j"."PickupMovementLegId", "j"."PickupStationId", "j"."PickupStationRiotId", "j"."PickupUpperId", "j"."PlanMessageId", "j"."PlanRevision", "j"."PreDepartureSafetyCheckId", "j"."PreDepartureSafetyCheckMessageId", "j"."RouteEvidenceId", "j"."Stage", "j"."StationDepartureWaitStartedAt", "j"."SublotRequestMessageId", "j"."TargetSlotsJson", "j"."UnloadCommandMessageId", "j"."UnloadSlotOperationAttemptId", "j"."UpdatedAt", "j"."VehicleBusinessMessageId", "j"."VehicleBusinessRevision", "j"."VehicleKey", "j"."WorklistMessageId", "j"."WorklistRevision"
FROM "JourneyRuntimes" AS "j"
WHERE "j"."Stage" <> 'Completed'
[21:02:18 INF] Executed DbCommand (0ms) [Parameters=[], CommandType='Text', CommandTimeout='30']
SELECT "a"."DemandId"
FROM "AcceptedDemands" AS "a"
WHERE "a"."Status" NOT IN ('Succeeded', 'Cancelled')
[21:02:18 INF] Executed DbCommand (0ms) [Parameters=[], CommandType='Text', CommandTimeout='30']
SELECT "j"."DemandId"
FROM "JourneyRuntimes" AS "j"
[21:02:18 INF] Start processing HTTP request GET http://127.0.0.1:48409/api/v2/contract
[21:02:18 INF] Sending HTTP request GET http://127.0.0.1:48409/api/v2/contract
[21:02:18 INF] Received HTTP response headers after 0.9481ms - 200
[21:02:18 INF] End processing HTTP request after 1.7696ms - 200
[21:02:18 INF] Start processing HTTP request GET http://127.0.0.1:48409/api/v2/externally-readable-demand-catalog
[21:02:18 INF] Sending HTTP request GET http://127.0.0.1:48409/api/v2/externally-readable-demand-catalog
[21:02:18 INF] Received HTTP response headers after 0.5991ms - 200
[21:02:18 INF] End processing HTTP request after 1.4292ms - 200
[21:02:18 INF] Executed DbCommand (0ms) [Parameters=[], CommandType='Text', CommandTimeout='30']
SELECT "j"."DemandId", "j"."AcceptedAt", "j"."DecisionFingerprint", "j"."DemandCreatedAt", "j"."FirstSeenAt", "j"."LastSeenAt", "j"."ReasonCode", "j"."TransportDemandKey"
FROM "JourneyBacklog" AS "j"
[21:02:18 INF] Executed DbCommand (0ms) [Parameters=[], CommandType='Text', CommandTimeout='30']
SELECT "a"."DemandId"
FROM "AcceptedDemands" AS "a"
[21:02:18 INF] Executed DbCommand (0ms) [Parameters=[], CommandType='Text', CommandTimeout='30']
SELECT "v"."AgvId", "v"."TaskType", "v"."Allowed", "v"."ConfigurationVersion", "v"."UpdatedAt"
FROM "VehicleTaskTypeAdmissions" AS "v"
[21:02:18 INF] Executed DbCommand (0ms) [Parameters=[], CommandType='Text', CommandTimeout='30']
SELECT "v"."AgvId", "v"."ConfigurationVersion", "v"."RoundTimeoutMilliseconds", "v"."UpdatedAt"
FROM "VehicleDispatchBudgets" AS "v"
[21:02:18 INF] Executed DbCommand (0ms) [Parameters=[], CommandType='Text', CommandTimeout='30']
SELECT "d"."Zone", "d"."AgvId", "d"."ConfigurationVersion", "d"."UpdatedAt"
FROM "DispatchZoneVehicles" AS "d"
[21:02:18 INF] Executed DbCommand (0ms) [Parameters=[], CommandType='Text', CommandTimeout='30']
SELECT MAX("d"."Version")
FROM "DispatchZoneAreaAssignmentVersions" AS "d"
[21:02:18 INF] Executed DbCommand (0ms) [Parameters=[@__version_0='?' (DbType = Int64)], CommandType='Text', CommandTimeout='30']
SELECT "d"."Version", "d"."ContentSha256", "d"."EntryCount", "d"."ImportedAt", "d"."SnapshotId"
FROM "DispatchZoneAreaAssignmentVersions" AS "d"
WHERE "d"."Version" = @__version_0
LIMIT 2
[21:02:18 INF] Executed DbCommand (0ms) [Parameters=[@__version_0='?' (DbType = Int64)], CommandType='Text', CommandTimeout='30']
SELECT "d"."Version", "d"."Area", "d"."DispatchZone", "d"."SlotPosition"
FROM "DispatchZoneAreaAssignments" AS "d"
WHERE "d"."Version" = @__version_0
[21:02:18 INF] Executed DbCommand (0ms) [Parameters=[@__agvId_0='?' (Size = 10)], CommandType='Text', CommandTimeout='30']
SELECT "a"."SlotModelVersionId", "a"."SnapshotId"
FROM "ActiveSlotConfigurations" AS "a"
WHERE "a"."AgvId" = @__agvId_0
LIMIT 2
[21:02:18 INF] Executed DbCommand (0ms) [Parameters=[@__agvId_0='?' (Size = 10)], CommandType='Text', CommandTimeout='30']
SELECT "s"."SlotModelVersionId", "s"."CreatedAt"
FROM "SlotIoBindings" AS "s"
WHERE "s"."AgvId" = @__agvId_0 AND "s"."Status" = 'PUBLISHED'
[21:02:18 INF] Executed DbCommand (0ms) [Parameters=[@__slotModelVersionId_0='?' (Size = 32)], CommandType='Text', CommandTimeout='30']
SELECT "s"."SlotModelVersionId", "s"."PhysicalSlotNumber", "s"."SlotPosition", "s"."SlotTemplateId"
FROM "SlotModelSlots" AS "s"
WHERE "s"."SlotModelVersionId" = @__slotModelVersionId_0
[21:02:18 INF] Executed DbCommand (0ms) [Parameters=[@__agvId_0='?' (Size = 10)], CommandType='Text', CommandTimeout='30']
SELECT "s"."AgvId", "s"."ActiveUnlockSlotsJson", "s"."CapabilityHash", "s"."CapabilityRevision", "s"."DepartureSafe", "s"."ForcedRecoveryGeneration", "s"."ManifestSha256", "s"."PendingAttemptIdsJson", "s"."PendingResultIdsJson", "s"."ProfileId", "s"."ProtocolCommit", "s"."ProtocolVersion", "s"."ProvenRecoveryCheckpoint", "s"."Readiness", "s"."ReasonCode", "s"."RecoveryReportId", "s"."ReportedForcedRecoveryGeneration", "s"."ReportedSlotConfigurationFingerprint", "s"."SafetyHash", "s"."SafetyReasonCodesJson", "s"."SafetyRevision", "s"."SafetyUnknownPresent", "s"."SessionGeneration", "s"."UnsettledSlotOperationAttemptId", "s"."UpdatedAt"
FROM "SessionRecoveries" AS "s"
WHERE "s"."AgvId" = @__agvId_0 AND "s"."Readiness" = 'Ready'
LIMIT 2
[21:02:18 INF] Executed DbCommand (0ms) [Parameters=[@__messageType_0='?' (Size = 18)], CommandType='Text', CommandTimeout='30']
SELECT "p"."MessageId", "p"."ContentHash", "p"."FirstResponseJson", "p"."MessageType", "p"."ReceivedAt", "p"."RequestJson"
FROM "ProtocolInbox" AS "p"
WHERE "p"."MessageType" = @__messageType_0
[21:02:18 INF] Executed DbCommand (0ms) [Parameters=[], CommandType='Text', CommandTimeout='30']
SELECT "p"."MessageId", "p"."ContentHash", "p"."FirstResponseJson", "p"."MessageType", "p"."ReceivedAt", "p"."RequestJson"
FROM "ProtocolInbox" AS "p"
WHERE "p"."MessageType" = 'SafetyStateSnapshot'
[21:02:18 INF] Executed DbCommand (0ms) [Parameters=[], CommandType='Text', CommandTimeout='30']
SELECT "p"."MessageId", "p"."ContentHash", "p"."FirstResponseJson", "p"."MessageType", "p"."ReceivedAt", "p"."RequestJson"
FROM "ProtocolInbox" AS "p"
WHERE "p"."MessageType" IN ('SafetyStateSnapshot', 'SafetyStateChanged')
[21:02:18 INF] Executed DbCommand (0ms) [Parameters=[], CommandType='Text', CommandTimeout='30']
SELECT "p"."MessageId", "p"."ContentHash", "p"."FirstResponseJson", "p"."MessageType", "p"."ReceivedAt", "p"."RequestJson"
FROM "ProtocolInbox" AS "p"
[21:02:18 INF] Start processing HTTP request GET http://127.0.0.1:48408/api/task/vehicles/getVehicleInfoByDeviceKey?key=BROKERX-L2-0001
[21:02:18 INF] Sending HTTP request GET http://127.0.0.1:48408/api/task/vehicles/getVehicleInfoByDeviceKey?key=BROKERX-L2-0001
[21:02:18 INF] Received HTTP response headers after 0.8644ms - 200
[21:02:18 INF] End processing HTTP request after 1.6667ms - 200
[21:02:18 INF] Executed DbCommand (0ms) [Parameters=[], CommandType='Text', CommandTimeout='30']
SELECT "s"."DemandId", "s"."ReasonCode", "s"."ClearedAt", "s"."DetailJson", "s"."FirstRaisedAt", "s"."LastSeenAt", "s"."TransportDemandKey"
FROM "StructuralDispatchBlocks" AS "s"
WHERE "s"."ClearedAt" IS NULL
[21:02:18 INF] Start processing HTTP request GET http://127.0.0.1:48408/api/task/v1/task/getVehicleInfo/BROKERX-L2-0001
[21:02:18 INF] Sending HTTP request GET http://127.0.0.1:48408/api/task/v1/task/getVehicleInfo/BROKERX-L2-0001
[21:02:18 INF] Received HTTP response headers after 0.7868ms - 200
[21:02:18 INF] End processing HTTP request after 1.8295ms - 200
[21:02:18 INF] Start processing HTTP request GET http://127.0.0.1:48408/api/order/v1/orderRecord?pageNum=1&pageSize=100&filterByState=1&filterByState=3&filterByState=7&filterByState=9
[21:02:18 INF] Sending HTTP request GET http://127.0.0.1:48408/api/order/v1/orderRecord?pageNum=1&pageSize=100&filterByState=1&filterByState=3&filterByState=7&filterByState=9
[21:02:18 INF] Received HTTP response headers after 0.6039ms - 200
[21:02:18 INF] End processing HTTP request after 1.4895ms - 200
[21:02:18 INF] HTTP GET /api/onboard/v1/vehicle-safety responded 200 in 4.9010 ms
[21:02:19 INF] Start processing HTTP request GET http://127.0.0.1:48408/api/imap/v1/mapInfo/stations/25
[21:02:19 INF] Sending HTTP request GET http://127.0.0.1:48408/api/imap/v1/mapInfo/stations/25
[21:02:19 INF] Received HTTP response headers after 1.0707ms - 200
[21:02:19 INF] End processing HTTP request after 4.6165ms - 200
[21:02:19 INF] Executed DbCommand (0ms) [Parameters=[@__mapId_0='?' (DbType = Int32)], CommandType='Text', CommandTimeout='30']
SELECT "t"."MapId", "t"."ActiveVersion", "t"."PendingVersion", "t"."State", "t"."UpdatedAt"
FROM "TaskTypeStationActiveBindingSets" AS "t"
WHERE "t"."MapId" = @__mapId_0
LIMIT 2
[21:02:19 INF] Executed DbCommand (0ms) [Parameters=[@__mapId_0='?' (DbType = Int32), @__version_1='?' (DbType = Int64)], CommandType='Text', CommandTimeout='30']
SELECT "t"."MapId", "t"."Version", "t"."CatalogRevision", "t"."ContentSha256", "t"."LoadedAt", "t"."RuleVersion", "t"."SnapshotId", "t"."Source"
FROM "TaskTypeStationBindingSetVersions" AS "t"
WHERE "t"."MapId" = @__mapId_0 AND "t"."Version" = @__version_1
LIMIT 2
[21:02:19 INF] Executed DbCommand (0ms) [Parameters=[@__mapId_0='?' (DbType = Int32), @__version_1='?' (DbType = Int64)], CommandType='Text', CommandTimeout='30']
SELECT "t"."TaskType"
FROM "TaskTypeStationRequirements" AS "t"
WHERE "t"."MapId" = @__mapId_0 AND "t"."Version" = @__version_1
[21:02:19 INF] Executed DbCommand (0ms) [Parameters=[@__mapId_0='?' (DbType = Int32), @__version_1='?' (DbType = Int64)], CommandType='Text', CommandTimeout='30']
SELECT "t"."MapId", "t"."Version", "t"."TaskType", "t"."SiteVerificationRef", "t"."StationName", "t"."StationRiotId"
FROM "TaskTypeStationBindings" AS "t"
WHERE "t"."MapId" = @__mapId_0 AND "t"."Version" = @__version_1
[21:02:19 INF] Executed DbCommand (0ms) [Parameters=[@__version_0='?' (DbType = Int64)], CommandType='Text', CommandTimeout='30']
SELECT "t"."Version", "t"."ContentSha256", "t"."LoadedAt", "t"."SnapshotId", "t"."Source"
FROM "TaskTypeStationRuleVersions" AS "t"
WHERE "t"."Version" = @__version_0
LIMIT 2
[21:02:19 INF] Executed DbCommand (0ms) [Parameters=[@__version_0='?' (DbType = Int64)], CommandType='Text', CommandTimeout='30']
SELECT "t"."Version", "t"."TaskType", "t"."FixedEnd"
FROM "TaskTypeStationRules" AS "t"
WHERE "t"."Version" = @__version_0
[21:02:19 INF] Executed DbCommand (0ms) [Parameters=[@__mapId_0='?' (DbType = Int32)], CommandType='Text', CommandTimeout='30']
SELECT "t"."MapId", "t"."ActiveVersion", "t"."PendingVersion", "t"."State", "t"."UpdatedAt"
FROM "TaskTypeStationActiveBindingSets" AS "t"
WHERE "t"."MapId" = @__mapId_0
LIMIT 2
[21:02:19 INF] Executed DbCommand (0ms) [Parameters=[@__mapId_0='?' (DbType = Int32)], CommandType='Text', CommandTimeout='30']
SELECT "t"."HoldId", "t"."DetailJson", "t"."MapId", "t"."RaisedAt", "t"."RaisedBy", "t"."ReasonCode", "t"."ReleasedAt", "t"."ReleasedBy", "t"."Source", "t"."TaskType"
FROM "TaskTypeStationHolds" AS "t"
WHERE "t"."MapId" = @__mapId_0 AND "t"."ReleasedAt" IS NULL
[21:02:19 INF] Executed DbCommand (0ms) [Parameters=[@__mapId_0='?' (DbType = Int32)], CommandType='Text', CommandTimeout='30']
SELECT "m"."MapId", "m"."ApprovedMaxUnconfirmedSeconds", "m"."ApprovedSyncPeriodSeconds", "m"."CatalogRevision", "m"."LastAttemptAt", "m"."LastCompleteConfirmationAt", "m"."LastFailureReason", "m"."State", "m"."UpdatedAt"
FROM "MapStationCatalogStates" AS "m"
WHERE "m"."MapId" = @__mapId_0
LIMIT 2
[21:02:19 INF] Executed DbCommand (0ms) [Parameters=[@p3='?' (DbType = Int32), @p0='?' (DbType = DateTimeOffset), @p1='?' (DbType = DateTimeOffset), @p2='?' (DbType = DateTimeOffset)], CommandType='Text', CommandTimeout='30']
UPDATE "MapStationCatalogStates" SET "LastAttemptAt" = @p0, "LastCompleteConfirmationAt" = @p1, "UpdatedAt" = @p2
WHERE "MapId" = @p3
RETURNING 1;
[21:02:19 INF] Executed DbCommand (0ms) [Parameters=[@__mapId_0='?' (DbType = Int32)], CommandType='Text', CommandTimeout='30']
SELECT "t"."MapId", "t"."ActiveVersion", "t"."PendingVersion", "t"."State", "t"."UpdatedAt"
FROM "TaskTypeStationActiveBindingSets" AS "t"
WHERE "t"."MapId" = @__mapId_0
LIMIT 2
[21:02:19 INF] Executed DbCommand (0ms) [Parameters=[@__mapId_0='?' (DbType = Int32), @__version_1='?' (DbType = Int64)], CommandType='Text', CommandTimeout='30']
SELECT "t"."MapId", "t"."Version", "t"."CatalogRevision", "t"."ContentSha256", "t"."LoadedAt", "t"."RuleVersion", "t"."SnapshotId", "t"."Source"
FROM "TaskTypeStationBindingSetVersions" AS "t"
WHERE "t"."MapId" = @__mapId_0 AND "t"."Version" = @__version_1
LIMIT 2
[21:02:19 INF] Executed DbCommand (0ms) [Parameters=[@__mapId_0='?' (DbType = Int32), @__version_1='?' (DbType = Int64)], CommandType='Text', CommandTimeout='30']
SELECT "t"."TaskType"
FROM "TaskTypeStationRequirements" AS "t"
WHERE "t"."MapId" = @__mapId_0 AND "t"."Version" = @__version_1
[21:02:19 INF] Executed DbCommand (0ms) [Parameters=[@__mapId_0='?' (DbType = Int32), @__version_1='?' (DbType = Int64)], CommandType='Text', CommandTimeout='30']
SELECT "t"."MapId", "t"."Version", "t"."TaskType", "t"."SiteVerificationRef", "t"."StationName", "t"."StationRiotId"
FROM "TaskTypeStationBindings" AS "t"
WHERE "t"."MapId" = @__mapId_0 AND "t"."Version" = @__version_1
[21:02:19 INF] Executed DbCommand (0ms) [Parameters=[@__mapId_0='?' (DbType = Int32)], CommandType='Text', CommandTimeout='30']
SELECT "t"."MapId", "t"."ActiveVersion", "t"."PendingVersion", "t"."State", "t"."UpdatedAt"
FROM "TaskTypeStationActiveBindingSets" AS "t"
WHERE "t"."MapId" = @__mapId_0
LIMIT 2
[21:02:19 INF] Executed DbCommand (0ms) [Parameters=[@__mapId_0='?' (DbType = Int32), @__version_1='?' (DbType = Int64)], CommandType='Text', CommandTimeout='30']
SELECT "t"."MapId", "t"."Version", "t"."CatalogRevision", "t"."ContentSha256", "t"."LoadedAt", "t"."RuleVersion", "t"."SnapshotId", "t"."Source"
FROM "TaskTypeStationBindingSetVersions" AS "t"
WHERE "t"."MapId" = @__mapId_0 AND "t"."Version" = @__version_1
LIMIT 2
[21:02:19 INF] Executed DbCommand (0ms) [Parameters=[@__mapId_0='?' (DbType = Int32), @__version_1='?' (DbType = Int64)], CommandType='Text', CommandTimeout='30']
SELECT "t"."TaskType"
FROM "TaskTypeStationRequirements" AS "t"
WHERE "t"."MapId" = @__mapId_0 AND "t"."Version" = @__version_1
[21:02:19 INF] Executed DbCommand (0ms) [Parameters=[@__mapId_0='?' (DbType = Int32), @__version_1='?' (DbType = Int64)], CommandType='Text', CommandTimeout='30']
SELECT "t"."MapId", "t"."Version", "t"."TaskType", "t"."SiteVerificationRef", "t"."StationName", "t"."StationRiotId"
FROM "TaskTypeStationBindings" AS "t"
WHERE "t"."MapId" = @__mapId_0 AND "t"."Version" = @__version_1
[21:02:19 INF] Executed DbCommand (0ms) [Parameters=[@__version_0='?' (DbType = Int64)], CommandType='Text', CommandTimeout='30']
SELECT "t"."Version", "t"."ContentSha256", "t"."LoadedAt", "t"."SnapshotId", "t"."Source"
FROM "TaskTypeStationRuleVersions" AS "t"
WHERE "t"."Version" = @__version_0
LIMIT 2
[21:02:19 INF] Executed DbCommand (0ms) [Parameters=[@__version_0='?' (DbType = Int64)], CommandType='Text', CommandTimeout='30']
SELECT "t"."Version", "t"."TaskType", "t"."FixedEnd"
FROM "TaskTypeStationRules" AS "t"
WHERE "t"."Version" = @__version_0
[21:02:19 INF] Executed DbCommand (0ms) [Parameters=[], CommandType='Text', CommandTimeout='30']
SELECT "a"."Id", "a"."ContentHash", "a"."DeploymentId", "a"."ImportedAt", "a"."Version"
FROM "AdmissionPolicyState" AS "a"
WHERE "a"."Id" = 1
LIMIT 2
[21:02:19 INF] Executed DbCommand (0ms) [Parameters=[], CommandType='Text', CommandTimeout='30']
SELECT "j"."DemandId", "j"."AgvId", "j"."AgvLifecycleGeneration", "j"."BlockReasonCode", "j"."BlockReasonSince", "j"."ConsumedSafetyResultMessageId", "j"."ConsumedSublotMessageId", "j"."CreatedAt", "j"."DispatchGeneration", "j"."DispatchZone", "j"."ExpectedBasketCount", "j"."GateMovementLegId", "j"."GatePlanMessageId", "j"."GateStationId", "j"."GateStationRiotId", "j"."GateUpperId", "j"."GateVehicleBusinessMessageId", "j"."GateWorklistMessageId", "j"."LoadCommandMessageId", "j"."LoadSlotOperationAttemptId", "j"."MapId", "j"."MapIdentity", "j"."OperationSessionId", "j"."PickupMovementLegId", "j"."PickupStationId", "j"."PickupStationRiotId", "j"."PickupUpperId", "j"."PlanMessageId", "j"."PlanRevision", "j"."PreDepartureSafetyCheckId", "j"."PreDepartureSafetyCheckMessageId", "j"."RouteEvidenceId", "j"."Stage", "j"."StationDepartureWaitStartedAt", "j"."SublotRequestMessageId", "j"."TargetSlotsJson", "j"."UnloadCommandMessageId", "j"."UnloadSlotOperationAttemptId", "j"."UpdatedAt", "j"."VehicleBusinessMessageId", "j"."VehicleBusinessRevision", "j"."VehicleKey", "j"."WorklistMessageId", "j"."WorklistRevision"
FROM "JourneyRuntimes" AS "j"
WHERE "j"."Stage" <> 'Completed'
[21:02:19 INF] Executed DbCommand (0ms) [Parameters=[], CommandType='Text', CommandTimeout='30']
SELECT "a"."DemandId"
FROM "AcceptedDemands" AS "a"
WHERE "a"."Status" NOT IN ('Succeeded', 'Cancelled')
[21:02:19 INF] Executed DbCommand (0ms) [Parameters=[], CommandType='Text', CommandTimeout='30']
SELECT "j"."DemandId"
FROM "JourneyRuntimes" AS "j"
[21:02:19 INF] Start processing HTTP request GET http://127.0.0.1:48409/api/v2/contract
[21:02:19 INF] Sending HTTP request GET http://127.0.0.1:48409/api/v2/contract
[21:02:19 INF] Received HTTP response headers after 0.9033ms - 200
[21:02:19 INF] End processing HTTP request after 1.6909ms - 200
[21:02:19 INF] Start processing HTTP request GET http://127.0.0.1:48409/api/v2/externally-readable-demand-catalog
[21:02:19 INF] Sending HTTP request GET http://127.0.0.1:48409/api/v2/externally-readable-demand-catalog
[21:02:19 INF] Received HTTP response headers after 3.3971ms - 200
[21:02:19 INF] End processing HTTP request after 4.0828ms - 200
[21:02:19 INF] Executed DbCommand (0ms) [Parameters=[], CommandType='Text', CommandTimeout='30']
SELECT "j"."DemandId", "j"."AcceptedAt", "j"."DecisionFingerprint", "j"."DemandCreatedAt", "j"."FirstSeenAt", "j"."LastSeenAt", "j"."ReasonCode", "j"."TransportDemandKey"
FROM "JourneyBacklog" AS "j"
[21:02:19 INF] Executed DbCommand (0ms) [Parameters=[], CommandType='Text', CommandTimeout='30']
SELECT "a"."DemandId"
FROM "AcceptedDemands" AS "a"
[21:02:19 INF] Executed DbCommand (0ms) [Parameters=[], CommandType='Text', CommandTimeout='30']
SELECT "v"."AgvId", "v"."TaskType", "v"."Allowed", "v"."ConfigurationVersion", "v"."UpdatedAt"
FROM "VehicleTaskTypeAdmissions" AS "v"
[21:02:19 INF] Executed DbCommand (0ms) [Parameters=[], CommandType='Text', CommandTimeout='30']
SELECT "v"."AgvId", "v"."ConfigurationVersion", "v"."RoundTimeoutMilliseconds", "v"."UpdatedAt"
FROM "VehicleDispatchBudgets" AS "v"
[21:02:19 INF] Executed DbCommand (0ms) [Parameters=[], CommandType='Text', CommandTimeout='30']
SELECT "d"."Zone", "d"."AgvId", "d"."ConfigurationVersion", "d"."UpdatedAt"
FROM "DispatchZoneVehicles" AS "d"
[21:02:19 INF] Executed DbCommand (0ms) [Parameters=[], CommandType='Text', CommandTimeout='30']
SELECT MAX("d"."Version")
FROM "DispatchZoneAreaAssignmentVersions" AS "d"
[21:02:19 INF] Executed DbCommand (0ms) [Parameters=[@__version_0='?' (DbType = Int64)], CommandType='Text', CommandTimeout='30']
SELECT "d"."Version", "d"."ContentSha256", "d"."EntryCount", "d"."ImportedAt", "d"."SnapshotId"
FROM "DispatchZoneAreaAssignmentVersions" AS "d"
WHERE "d"."Version" = @__version_0
LIMIT 2
[21:02:19 INF] Executed DbCommand (0ms) [Parameters=[@__version_0='?' (DbType = Int64)], CommandType='Text', CommandTimeout='30']
SELECT "d"."Version", "d"."Area", "d"."DispatchZone", "d"."SlotPosition"
FROM "DispatchZoneAreaAssignments" AS "d"
WHERE "d"."Version" = @__version_0
[21:02:19 INF] Executed DbCommand (0ms) [Parameters=[@__agvId_0='?' (Size = 10)], CommandType='Text', CommandTimeout='30']
SELECT "a"."SlotModelVersionId", "a"."SnapshotId"
FROM "ActiveSlotConfigurations" AS "a"
WHERE "a"."AgvId" = @__agvId_0
LIMIT 2
[21:02:19 INF] Executed DbCommand (0ms) [Parameters=[@__agvId_0='?' (Size = 10)], CommandType='Text', CommandTimeout='30']
SELECT "s"."SlotModelVersionId", "s"."CreatedAt"
FROM "SlotIoBindings" AS "s"
WHERE "s"."AgvId" = @__agvId_0 AND "s"."Status" = 'PUBLISHED'
[21:02:19 INF] Executed DbCommand (0ms) [Parameters=[@__slotModelVersionId_0='?' (Size = 32)], CommandType='Text', CommandTimeout='30']
SELECT "s"."SlotModelVersionId", "s"."PhysicalSlotNumber", "s"."SlotPosition", "s"."SlotTemplateId"
FROM "SlotModelSlots" AS "s"
WHERE "s"."SlotModelVersionId" = @__slotModelVersionId_0
[21:02:19 INF] Executed DbCommand (0ms) [Parameters=[@__agvId_0='?' (Size = 10)], CommandType='Text', CommandTimeout='30']
SELECT "s"."AgvId", "s"."ActiveUnlockSlotsJson", "s"."CapabilityHash", "s"."CapabilityRevision", "s"."DepartureSafe", "s"."ForcedRecoveryGeneration", "s"."ManifestSha256", "s"."PendingAttemptIdsJson", "s"."PendingResultIdsJson", "s"."ProfileId", "s"."ProtocolCommit", "s"."ProtocolVersion", "s"."ProvenRecoveryCheckpoint", "s"."Readiness", "s"."ReasonCode", "s"."RecoveryReportId", "s"."ReportedForcedRecoveryGeneration", "s"."ReportedSlotConfigurationFingerprint", "s"."SafetyHash", "s"."SafetyReasonCodesJson", "s"."SafetyRevision", "s"."SafetyUnknownPresent", "s"."SessionGeneration", "s"."UnsettledSlotOperationAttemptId", "s"."UpdatedAt"
FROM "SessionRecoveries" AS "s"
WHERE "s"."AgvId" = @__agvId_0 AND "s"."Readiness" = 'Ready'
LIMIT 2
[21:02:19 INF] Executed DbCommand (0ms) [Parameters=[@__messageType_0='?' (Size = 18)], CommandType='Text', CommandTimeout='30']
SELECT "p"."MessageId", "p"."ContentHash", "p"."FirstResponseJson", "p"."MessageType", "p"."ReceivedAt", "p"."RequestJson"
FROM "ProtocolInbox" AS "p"
WHERE "p"."MessageType" = @__messageType_0
[21:02:19 INF] Executed DbCommand (0ms) [Parameters=[], CommandType='Text', CommandTimeout='30']
SELECT "p"."MessageId", "p"."ContentHash", "p"."FirstResponseJson", "p"."MessageType", "p"."ReceivedAt", "p"."RequestJson"
FROM "ProtocolInbox" AS "p"
WHERE "p"."MessageType" = 'SafetyStateSnapshot'
[21:02:19 INF] Executed DbCommand (0ms) [Parameters=[], CommandType='Text', CommandTimeout='30']
SELECT "p"."MessageId", "p"."ContentHash", "p"."FirstResponseJson", "p"."MessageType", "p"."ReceivedAt", "p"."RequestJson"
FROM "ProtocolInbox" AS "p"
WHERE "p"."MessageType" IN ('SafetyStateSnapshot', 'SafetyStateChanged')
[21:02:19 INF] Executed DbCommand (0ms) [Parameters=[], CommandType='Text', CommandTimeout='30']
SELECT "p"."MessageId", "p"."ContentHash", "p"."FirstResponseJson", "p"."MessageType", "p"."ReceivedAt", "p"."RequestJson"
FROM "ProtocolInbox" AS "p"
[21:02:19 INF] Start processing HTTP request GET http://127.0.0.1:48408/api/task/vehicles/getVehicleInfoByDeviceKey?key=BROKERX-L2-0001
[21:02:19 INF] Sending HTTP request GET http://127.0.0.1:48408/api/task/vehicles/getVehicleInfoByDeviceKey?key=BROKERX-L2-0001
[21:02:19 INF] Received HTTP response headers after 0.762ms - 200
[21:02:19 INF] End processing HTTP request after 1.6668ms - 200
[21:02:19 INF] Executed DbCommand (0ms) [Parameters=[@__agvId_0='?' (Size = 10)], CommandType='Text', CommandTimeout='30']
SELECT "v"."AgvId", "v"."ClearedAt", "v"."ClearedReason", "v"."EnteredAt", "v"."EscalatedAt", "v"."EvidenceCode", "v"."EvidenceOnAutoConfirmWhitelist", "v"."FaultGeneration", "v"."LastEvaluatedAt", "v"."Level", "v"."StopProven", "v"."StopProvenAt"
FROM "VehicleFaultStates" AS "v"
WHERE "v"."AgvId" = @__agvId_0
LIMIT 2
[21:02:19 INF] Executed DbCommand (0ms) [Parameters=[@__mapId_0='?' (DbType = Int32)], CommandType='Text', CommandTimeout='30']
SELECT "m"."MapId", "m"."ApprovedMaxUnconfirmedSeconds", "m"."ApprovedSyncPeriodSeconds", "m"."CatalogRevision", "m"."LastAttemptAt", "m"."LastCompleteConfirmationAt", "m"."LastFailureReason", "m"."State", "m"."UpdatedAt"
FROM "MapStationCatalogStates" AS "m"
WHERE "m"."MapId" = @__mapId_0
LIMIT 2
[21:02:19 INF] Executed DbCommand (0ms) [Parameters=[], CommandType='Text', CommandTimeout='30']
SELECT "p"."RuleId", "p"."EffectiveAt", "p"."MatchType", "p"."MaxBoxesPerBasket", "p"."Pattern", "p"."Source", "p"."SupersededAt", "p"."Version"
FROM "PackageCapacityRules" AS "p"
WHERE "p"."SupersededAt" IS NULL
[21:02:19 INF] Executed DbCommand (0ms) [Parameters=[@__package_0='?' (Size = 10)], CommandType='Text', CommandTimeout='30']
SELECT "m"."Package", "m"."FirstSeenAt", "m"."LastSeenAt", "m"."Status"
FROM "MissingPackages" AS "m"
WHERE "m"."Package" = @__package_0
LIMIT 2
[21:02:19 INF] Executed DbCommand (0ms) [Parameters=[@__stationId_0='?' (Size = 9), @__taskType_1='?' (Size = 12)], CommandType='Text', CommandTimeout='30']
SELECT EXISTS (
    SELECT 1
    FROM "StationTaskTypeAdmissions" AS "s"
    WHERE "s"."StationId" = @__stationId_0 AND "s"."TaskType" = @__taskType_1)
[21:02:19 INF] Start processing HTTP request POST http://127.0.0.1:48408/api/task/v1/route/getRouteCostsBy
[21:02:19 INF] Sending HTTP request POST http://127.0.0.1:48408/api/task/v1/route/getRouteCostsBy
[21:02:19 INF] Received HTTP response headers after 14.5989ms - 200
[21:02:19 INF] End processing HTTP request after 16.0205ms - 200
[21:02:19 INF] Executed DbCommand (0ms) [Parameters=[@__demandId_0='?' (Size = 36)], CommandType='Text', CommandTimeout='30']
SELECT "c"."GateAuditId", "c"."AgvId", "c"."ConflictDetail", "c"."DemandId", "c"."EvaluatedAt", "c"."GraphReachable", "c"."GraphTraversalCostMm", "c"."MapId", "c"."RiotRouteCostMm", "c"."TargetStationId", "c"."TransportDemandKey", "c"."Verdict"
FROM "CreateGateAudit" AS "c"
WHERE "c"."DemandId" = @__demandId_0
[21:02:19 INF] Start processing HTTP request GET http://127.0.0.1:48408/api/task/v1/task/getVehicleInfo/BROKERX-L2-0001
[21:02:19 INF] Sending HTTP request GET http://127.0.0.1:48408/api/task/v1/task/getVehicleInfo/BROKERX-L2-0001
[21:02:19 INF] Received HTTP response headers after 0.7815ms - 200
[21:02:19 INF] End processing HTTP request after 2.1074ms - 200
[21:02:19 INF] Start processing HTTP request GET http://127.0.0.1:48408/api/order/v1/orderRecord?pageNum=1&pageSize=100&filterByState=1&filterByState=3&filterByState=7&filterByState=9
[21:02:19 INF] Sending HTTP request GET http://127.0.0.1:48408/api/order/v1/orderRecord?pageNum=1&pageSize=100&filterByState=1&filterByState=3&filterByState=7&filterByState=9
[21:02:19 INF] Received HTTP response headers after 0.609ms - 200
[21:02:19 INF] End processing HTTP request after 1.272ms - 200
[21:02:19 INF] HTTP GET /api/onboard/v1/vehicle-safety responded 200 in 4.9186 ms
[21:02:19 INF] Executed DbCommand (1ms) [Parameters=[@p0='?' (Size = 36), @p1='?' (Size = 10), @p2='?', @p3='?' (Size = 36), @p4='?' (DbType = DateTimeOffset), @p5='?' (DbType = Boolean), @p6='?' (DbType = Int64), @p7='?' (DbType = Int32), @p8='?' (DbType = Int64), @p9='?' (DbType = Int32), @p10='?' (Size = 38), @p11='?' (Size = 7)], CommandType='Text', CommandTimeout='30']
INSERT INTO "CreateGateAudit" ("GateAuditId", "AgvId", "ConflictDetail", "DemandId", "EvaluatedAt", "GraphReachable", "GraphTraversalCostMm", "MapId", "RiotRouteCostMm", "TargetStationId", "TransportDemandKey", "Verdict")
VALUES (@p0, @p1, @p2, @p3, @p4, @p5, @p6, @p7, @p8, @p9, @p10, @p11);
[21:02:19 INF] Start processing HTTP request GET http://127.0.0.1:48409/api/v2/sublot-box-count?sublot=L2-DA-20260919T130202877Z
[21:02:19 INF] Sending HTTP request GET http://127.0.0.1:48409/api/v2/sublot-box-count?sublot=L2-DA-20260919T130202877Z
[21:02:19 INF] Executed DbCommand (0ms) [Parameters=[@__messageId_0='?' (Size = 36)], CommandType='Text', CommandTimeout='30']
SELECT "p"."MessageId", "p"."ContentHash", "p"."FirstResponseJson", "p"."MessageType", "p"."ReceivedAt", "p"."RequestJson"
FROM "ProtocolInbox" AS "p"
WHERE "p"."MessageId" = @__messageId_0
LIMIT 2
[21:02:19 INF] Received HTTP response headers after 9.082ms - 200
[21:02:19 INF] Executed DbCommand (0ms) [Parameters=[@p0='?' (Size = 36), @p1='?' (Size = 64), @p2='?' (Size = 536), @p3='?' (Size = 9), @p4='?' (DbType = DateTimeOffset), @p5='?' (Size = 427)], CommandType='Text', CommandTimeout='30']
INSERT INTO "ProtocolInbox" ("MessageId", "ContentHash", "FirstResponseJson", "MessageType", "ReceivedAt", "RequestJson")
VALUES (@p0, @p1, @p2, @p3, @p4, @p5);
[21:02:19 INF] End processing HTTP request after 9.9818ms - 200
[21:02:19 INF] Executed DbCommand (1ms) [Parameters=[@p0='?' (Size = 36), @p1='?' (DbType = DateTimeOffset), @p2='?' (Size = 64), @p3='?' (DbType = DateTimeOffset), @p4='?' (DbType = DateTimeOffset), @p5='?' (DbType = DateTimeOffset), @p6='?' (Size = 8), @p7='?' (Size = 38)], CommandType='Text', CommandTimeout='30']
INSERT INTO "JourneyBacklog" ("DemandId", "AcceptedAt", "DecisionFingerprint", "DemandCreatedAt", "FirstSeenAt", "LastSeenAt", "ReasonCode", "TransportDemandKey")
VALUES (@p0, @p1, @p2, @p3, @p4, @p5, @p6, @p7);
[21:02:19 INF] Executed DbCommand (0ms) [Parameters=[@__vehicleKey_0='?' (Size = 15)], CommandType='Text', CommandTimeout='30']
SELECT EXISTS (
    SELECT 1
    FROM "VehicleDispatchLeases" AS "v"
    WHERE "v"."VehicleKey" = @__vehicleKey_0 AND "v"."ReleasedAt" IS NULL)
[21:02:19 INF] Executed DbCommand (0ms) [Parameters=[@__agvId_0='?' (Size = 10)], CommandType='Text', CommandTimeout='30']
SELECT "s"."AgvId", "s"."ActiveUnlockSlotsJson", "s"."CapabilityHash", "s"."CapabilityRevision", "s"."DepartureSafe", "s"."ForcedRecoveryGeneration", "s"."ManifestSha256", "s"."PendingAttemptIdsJson", "s"."PendingResultIdsJson", "s"."ProfileId", "s"."ProtocolCommit", "s"."ProtocolVersion", "s"."ProvenRecoveryCheckpoint", "s"."Readiness", "s"."ReasonCode", "s"."RecoveryReportId", "s"."ReportedForcedRecoveryGeneration", "s"."ReportedSlotConfigurationFingerprint", "s"."SafetyHash", "s"."SafetyReasonCodesJson", "s"."SafetyRevision", "s"."SafetyUnknownPresent", "s"."SessionGeneration", "s"."UnsettledSlotOperationAttemptId", "s"."UpdatedAt"
FROM "SessionRecoveries" AS "s"
WHERE "s"."AgvId" = @__agvId_0 AND "s"."Readiness" = 'Ready'
LIMIT 2
[21:02:19 INF] Executed DbCommand (0ms) [Parameters=[@__messageType_0='?' (Size = 18)], CommandType='Text', CommandTimeout='30']
SELECT "p"."MessageId", "p"."ContentHash", "p"."FirstResponseJson", "p"."MessageType", "p"."ReceivedAt", "p"."RequestJson"
FROM "ProtocolInbox" AS "p"
WHERE "p"."MessageType" = @__messageType_0
[21:02:19 INF] Executed DbCommand (0ms) [Parameters=[], CommandType='Text', CommandTimeout='30']
SELECT "p"."MessageId", "p"."ContentHash", "p"."FirstResponseJson", "p"."MessageType", "p"."ReceivedAt", "p"."RequestJson"
FROM "ProtocolInbox" AS "p"
WHERE "p"."MessageType" = 'SafetyStateSnapshot'
[21:02:19 INF] Executed DbCommand (0ms) [Parameters=[], CommandType='Text', CommandTimeout='30']
SELECT "p"."MessageId", "p"."ContentHash", "p"."FirstResponseJson", "p"."MessageType", "p"."ReceivedAt", "p"."RequestJson"
FROM "ProtocolInbox" AS "p"
WHERE "p"."MessageType" IN ('SafetyStateSnapshot', 'SafetyStateChanged')
[21:02:19 INF] Executed DbCommand (0ms) [Parameters=[], CommandType='Text', CommandTimeout='30']
SELECT "p"."MessageId", "p"."ContentHash", "p"."FirstResponseJson", "p"."MessageType", "p"."ReceivedAt", "p"."RequestJson"
FROM "ProtocolInbox" AS "p"
[21:02:19 INF] Start processing HTTP request GET http://127.0.0.1:48408/api/task/vehicles/getVehicleInfoByDeviceKey?key=BROKERX-L2-0001
[21:02:19 INF] Sending HTTP request GET http://127.0.0.1:48408/api/task/vehicles/getVehicleInfoByDeviceKey?key=BROKERX-L2-0001
[21:02:19 INF] Received HTTP response headers after 0.772ms - 200
[21:02:19 INF] End processing HTTP request after 1.6235ms - 200
[21:02:19 INF] Start processing HTTP request GET http://127.0.0.1:48409/api/v2/contract
[21:02:19 INF] Sending HTTP request GET http://127.0.0.1:48409/api/v2/contract
[21:02:19 INF] Received HTTP response headers after 0.7231ms - 200
[21:02:19 INF] End processing HTTP request after 1.4886ms - 200
[21:02:19 INF] Start processing HTTP request GET http://127.0.0.1:48409/api/v2/externally-readable-demand-catalog
[21:02:19 INF] Sending HTTP request GET http://127.0.0.1:48409/api/v2/externally-readable-demand-catalog
[21:02:19 INF] Received HTTP response headers after 0.5386ms - 200
[21:02:19 INF] End processing HTTP request after 1.2166ms - 200
[21:02:19 INF] Executed DbCommand (0ms) [Parameters=[@__agvId_0='?' (Size = 10)], CommandType='Text', CommandTimeout='30']
SELECT "s"."AgvId", "s"."ActiveUnlockSlotsJson", "s"."CapabilityHash", "s"."CapabilityRevision", "s"."DepartureSafe", "s"."ForcedRecoveryGeneration", "s"."ManifestSha256", "s"."PendingAttemptIdsJson", "s"."PendingResultIdsJson", "s"."ProfileId", "s"."ProtocolCommit", "s"."ProtocolVersion", "s"."ProvenRecoveryCheckpoint", "s"."Readiness", "s"."ReasonCode", "s"."RecoveryReportId", "s"."ReportedForcedRecoveryGeneration", "s"."ReportedSlotConfigurationFingerprint", "s"."SafetyHash", "s"."SafetyReasonCodesJson", "s"."SafetyRevision", "s"."SafetyUnknownPresent", "s"."SessionGeneration", "s"."UnsettledSlotOperationAttemptId", "s"."UpdatedAt"
FROM "SessionRecoveries" AS "s"
WHERE "s"."AgvId" = @__agvId_0 AND "s"."Readiness" = 'Ready'
LIMIT 2
[21:02:19 INF] Executed DbCommand (0ms) [Parameters=[@__messageType_0='?' (Size = 18)], CommandType='Text', CommandTimeout='30']
SELECT "p"."MessageId", "p"."ContentHash", "p"."FirstResponseJson", "p"."MessageType", "p"."ReceivedAt", "p"."RequestJson"
FROM "ProtocolInbox" AS "p"
WHERE "p"."MessageType" = @__messageType_0
[21:02:19 INF] Executed DbCommand (0ms) [Parameters=[], CommandType='Text', CommandTimeout='30']
SELECT "p"."MessageId", "p"."ContentHash", "p"."FirstResponseJson", "p"."MessageType", "p"."ReceivedAt", "p"."RequestJson"
FROM "ProtocolInbox" AS "p"
WHERE "p"."MessageType" = 'SafetyStateSnapshot'
[21:02:19 INF] Executed DbCommand (0ms) [Parameters=[], CommandType='Text', CommandTimeout='30']
SELECT "p"."MessageId", "p"."ContentHash", "p"."FirstResponseJson", "p"."MessageType", "p"."ReceivedAt", "p"."RequestJson"
FROM "ProtocolInbox" AS "p"
WHERE "p"."MessageType" IN ('SafetyStateSnapshot', 'SafetyStateChanged')
[21:02:19 INF] Executed DbCommand (0ms) [Parameters=[], CommandType='Text', CommandTimeout='30']
SELECT "p"."MessageId", "p"."ContentHash", "p"."FirstResponseJson", "p"."MessageType", "p"."ReceivedAt", "p"."RequestJson"
FROM "ProtocolInbox" AS "p"
[21:02:19 INF] Start processing HTTP request GET http://127.0.0.1:48408/api/task/vehicles/getVehicleInfoByDeviceKey?key=BROKERX-L2-0001
[21:02:19 INF] Sending HTTP request GET http://127.0.0.1:48408/api/task/vehicles/getVehicleInfoByDeviceKey?key=BROKERX-L2-0001
[21:02:19 INF] Received HTTP response headers after 0.6925ms - 200
[21:02:19 INF] End processing HTTP request after 1.4097ms - 200
[21:02:19 INF] Executed DbCommand (0ms) [Parameters=[@__snapshot_DemandId_0='?' (Size = 36), @__snapshot_TransportDemandKey_1='?' (Size = 38)], CommandType='Text', CommandTimeout='30']
SELECT "a"."DemandId", "a"."AcceptedAt", "a"."CatalogRevision", "a"."CreatedAt", "a"."DemandRevision", "a"."Generation", "a"."HistoryEpoch", "a"."LiveMesFieldsJson", "a"."SeriesId", "a"."Status", "a"."Sublot", "a"."TransportDemandKey", "a"."ValueObservedAt", "a"."ValuePollTraceId", "a"."ValueProjectionCommitId", "a"."WorkType"
FROM "AcceptedDemands" AS "a"
WHERE "a"."DemandId" = @__snapshot_DemandId_0 OR "a"."TransportDemandKey" = @__snapshot_TransportDemandKey_1
LIMIT 2
[21:02:19 INF] Executed DbCommand (0ms) [Parameters=[@__orderIntent_VehicleKey_0='?' (Size = 15)], CommandType='Text', CommandTimeout='30']
SELECT "v"."DemandId", "v"."AcquiredAt", "v"."ReleasedAt", "v"."VehicleKey"
FROM "VehicleDispatchLeases" AS "v"
WHERE "v"."VehicleKey" = @__orderIntent_VehicleKey_0 AND "v"."ReleasedAt" IS NULL
LIMIT 2
[21:02:19 INF] Executed DbCommand (0ms) [Parameters=[], CommandType='Text', CommandTimeout='30']
SELECT MAX("d"."Version")
FROM "DispatchZoneAreaAssignmentVersions" AS "d"
[21:02:19 INF] Executed DbCommand (0ms) [Parameters=[@__demandId_0='?' (Size = 36)], CommandType='Text', CommandTimeout='30']
SELECT "c"."ConsumerKind", "c"."ConsumerId", "c"."ObjectKind", "c"."ObjectId", "c"."FrozenAt", "c"."FrozenVersion", "c"."SnapshotId"
FROM "ConfigurationConsumerBindings" AS "c"
WHERE "c"."ConsumerKind" = 'TransportDemand' AND "c"."ObjectKind" = 'DispatchZoneAreaAssignment' AND "c"."ObjectId" = 'dispatch-zone-area-assignment' AND "c"."ConsumerId" = @__demandId_0
LIMIT 2
[21:02:19 INF] Executed DbCommand (0ms) [Parameters=[@__version_0='?' (DbType = Int64)], CommandType='Text', CommandTimeout='30']
SELECT "d"."Version", "d"."ContentSha256", "d"."EntryCount", "d"."ImportedAt", "d"."SnapshotId"
FROM "DispatchZoneAreaAssignmentVersions" AS "d"
WHERE "d"."Version" = @__version_0
LIMIT 2
[21:02:19 INF] Executed DbCommand (0ms) [Parameters=[@p0='?' (Size = 36), @p1='?' (Size = 15), @p2='?' (Size = 29), @p3='?' (Size = 26), @p4='?' (DbType = DateTimeOffset), @p5='?' (DbType = Int64), @p6='?' (Size = 32)], CommandType='Text', CommandTimeout='30']
INSERT INTO "ConfigurationConsumerBindings" ("ConsumerId", "ConsumerKind", "ObjectId", "ObjectKind", "FrozenAt", "FrozenVersion", "SnapshotId")
VALUES (@p0, @p1, @p2, @p3, @p4, @p5, @p6);
[21:02:19 INF] Executed DbCommand (1ms) [Parameters=[@__snapshot_DemandId_0='?' (Size = 36)], CommandType='Text', CommandTimeout='30']
DELETE FROM "FrozenDemandStations" AS "f"
WHERE "f"."DemandId" = @__snapshot_DemandId_0
[21:02:19 INF] Executed DbCommand (0ms) [Parameters=[@__demandId_0='?' (Size = 36)], CommandType='Text', CommandTimeout='30']
SELECT "f"."DemandId", "f"."Role", "f"."CatalogRevision", "f"."FrozenAt", "f"."MapId", "f"."StationId", "f"."StationName", "f"."TransportDemandKey"
FROM "FrozenDemandStations" AS "f"
WHERE "f"."DemandId" = @__demandId_0
[21:02:19 INF] Executed DbCommand (0ms) [Parameters=[@p0='?' (Size = 36), @p1='?' (Size = 6), @p2='?' (DbType = Int64), @p3='?' (DbType = DateTimeOffset), @p4='?' (DbType = Int32), @p5='?' (DbType = Int32), @p6='?' (Size = 9), @p7='?' (Size = 38)], CommandType='Text', CommandTimeout='30']
INSERT INTO "FrozenDemandStations" ("DemandId", "Role", "CatalogRevision", "FrozenAt", "MapId", "StationId", "StationName", "TransportDemandKey")
VALUES (@p0, @p1, @p2, @p3, @p4, @p5, @p6, @p7);
[21:02:19 INF] Executed DbCommand (0ms) [Parameters=[@p0='?' (Size = 36), @p1='?' (Size = 7), @p2='?' (DbType = Int64), @p3='?' (DbType = DateTimeOffset), @p4='?' (DbType = Int32), @p5='?' (DbType = Int32), @p6='?' (Size = 2), @p7='?' (Size = 38)], CommandType='Text', CommandTimeout='30']
INSERT INTO "FrozenDemandStations" ("DemandId", "Role", "CatalogRevision", "FrozenAt", "MapId", "StationId", "StationName", "TransportDemandKey")
VALUES (@p0, @p1, @p2, @p3, @p4, @p5, @p6, @p7);
[21:02:19 INF] Executed DbCommand (0ms) [Parameters=[@__demandId_0='?' (Size = 36)], CommandType='Text', CommandTimeout='30']
SELECT "c"."ConsumerKind", "c"."ConsumerId", "c"."ObjectKind", "c"."ObjectId", "c"."FrozenAt", "c"."FrozenVersion", "c"."SnapshotId"
FROM "ConfigurationConsumerBindings" AS "c"
WHERE "c"."ConsumerKind" = 'TransportDemand' AND "c"."ConsumerId" = @__demandId_0 AND (("c"."ObjectKind" = 'TaskTypeStationRule' AND "c"."ObjectId" = 'task-type-station-rules') OR ("c"."ObjectKind" = 'PublicStationBinding' AND "c"."ObjectId" LIKE 'map-%'))
[21:02:19 INF] Executed DbCommand (0ms) [Parameters=[@__ruleVersion_0='?' (DbType = Int64)], CommandType='Text', CommandTimeout='30']
SELECT "t"."Version", "t"."ContentSha256", "t"."LoadedAt", "t"."SnapshotId", "t"."Source"
FROM "TaskTypeStationRuleVersions" AS "t"
WHERE "t"."Version" = @__ruleVersion_0
LIMIT 2
[21:02:19 INF] Executed DbCommand (0ms) [Parameters=[@__mapId_0='?' (DbType = Int32), @__bindingSetVersion_1='?' (DbType = Int64)], CommandType='Text', CommandTimeout='30']
SELECT "t"."MapId", "t"."Version", "t"."CatalogRevision", "t"."ContentSha256", "t"."LoadedAt", "t"."RuleVersion", "t"."SnapshotId", "t"."Source"
FROM "TaskTypeStationBindingSetVersions" AS "t"
WHERE "t"."MapId" = @__mapId_0 AND "t"."Version" = @__bindingSetVersion_1
LIMIT 2
[21:02:19 INF] Executed DbCommand (0ms) [Parameters=[@p0='?' (Size = 36), @p1='?' (Size = 15), @p2='?' (Size = 6), @p3='?' (Size = 20), @p4='?' (DbType = DateTimeOffset), @p5='?' (DbType = Int64), @p6='?' (Size = 32)], CommandType='Text', CommandTimeout='30']
INSERT INTO "ConfigurationConsumerBindings" ("ConsumerId", "ConsumerKind", "ObjectId", "ObjectKind", "FrozenAt", "FrozenVersion", "SnapshotId")
VALUES (@p0, @p1, @p2, @p3, @p4, @p5, @p6);
[21:02:19 INF] Executed DbCommand (0ms) [Parameters=[@p0='?' (Size = 36), @p1='?' (Size = 15), @p2='?' (Size = 23), @p3='?' (Size = 19), @p4='?' (DbType = DateTimeOffset), @p5='?' (DbType = Int64), @p6='?' (Size = 32)], CommandType='Text', CommandTimeout='30']
INSERT INTO "ConfigurationConsumerBindings" ("ConsumerId", "ConsumerKind", "ObjectId", "ObjectKind", "FrozenAt", "FrozenVersion", "SnapshotId")
VALUES (@p0, @p1, @p2, @p3, @p4, @p5, @p6);
[21:02:19 INF] Executed DbCommand (0ms) [Parameters=[@__runtime_AgvId_0='?' (Size = 10)], CommandType='Text', CommandTimeout='30']
SELECT MAX("j"."VehicleBusinessRevision") AS "VehicleBusiness", MAX("j"."WorklistRevision") AS "Worklist", MAX("j"."PlanRevision") AS "Plan"
FROM "JourneyRuntimes" AS "j"
WHERE "j"."AgvId" = @__runtime_AgvId_0
GROUP BY "j"."AgvId"
LIMIT 2
[21:02:19 INF] Executed DbCommand (0ms) [Parameters=[@__snapshot_DemandId_0='?' (Size = 36)], CommandType='Text', CommandTimeout='30']
SELECT "j"."DemandId", "j"."AcceptedAt", "j"."DecisionFingerprint", "j"."DemandCreatedAt", "j"."FirstSeenAt", "j"."LastSeenAt", "j"."ReasonCode", "j"."TransportDemandKey"
FROM "JourneyBacklog" AS "j"
WHERE "j"."DemandId" = @__snapshot_DemandId_0
LIMIT 2
[21:02:19 INF] Executed DbCommand (0ms) [Parameters=[@p0='?' (Size = 36), @p1='?' (DbType = DateTimeOffset), @p2='?' (DbType = Int64), @p3='?' (DbType = DateTimeOffset), @p4='?' (DbType = Int64), @p5='?' (DbType = Int32), @p6='?' (Size = 36), @p7='?' (Size = 89), @p8='?' (Size = 39), @p9='?' (Size = 8), @p10='?' (Size = 25), @p11='?' (Size = 38), @p12='?' (DbType = DateTimeOffset), @p13='?' (Size = 38), @p14='?' (Size = 39), @p15='?' (Size = 12)], CommandType='Text', CommandTimeout='30']
INSERT INTO "AcceptedDemands" ("DemandId", "AcceptedAt", "CatalogRevision", "CreatedAt", "DemandRevision", "Generation", "HistoryEpoch", "LiveMesFieldsJson", "SeriesId", "Status", "Sublot", "TransportDemandKey", "ValueObservedAt", "ValuePollTraceId", "ValueProjectionCommitId", "WorkType")
VALUES (@p0, @p1, @p2, @p3, @p4, @p5, @p6, @p7, @p8, @p9, @p10, @p11, @p12, @p13, @p14, @p15);
[21:02:19 INF] Executed DbCommand (0ms) [Parameters=[@p3='?' (Size = 36), @p0='?' (DbType = DateTimeOffset), @p1='?' (DbType = DateTimeOffset), @p2='?' (Size = 8)], CommandType='Text', CommandTimeout='30']
UPDATE "JourneyBacklog" SET "AcceptedAt" = @p0, "LastSeenAt" = @p1, "ReasonCode" = @p2
WHERE "DemandId" = @p3
RETURNING 1;
[21:02:19 INF] Executed DbCommand (0ms) [Parameters=[@p0='?' (Size = 36), @p1='?' (Size = 10), @p2='?' (DbType = Int64), @p3='?', @p4='?' (DbType = DateTimeOffset), @p5='?', @p6='?', @p7='?' (DbType = DateTimeOffset), @p8='?' (DbType = Int64), @p9='?' (Size = 19), @p10='?' (DbType = Int32), @p11='?' (Size = 36), @p12='?' (Size = 36), @p13='?' (Size = 2), @p14='?' (DbType = Int32), @p15='?' (Size = 47), @p16='?' (Size = 36), @p17='?' (Size = 36), @p18='?' (Size = 36), @p19='?' (Size = 36), @p20='?' (DbType = Int32), @p21='?' (Size = 6), @p22='?' (Size = 36), @p23='?' (Size = 36), @p24='?' (Size = 9), @p25='?' (DbType = Int32), @p26='?' (Size = 49), @p27='?' (Size = 36), @p28='?' (DbType = Int64), @p29='?' (Size = 36), @p30='?' (Size = 36), @p31='?' (Size = 71), @p32='?' (Size = 21), @p33='?' (DbType = DateTimeOffset), @p34='?' (Size = 36), @p35='?' (Size = 3), @p36='?' (Size = 36), @p37='?' (Size = 36), @p38='?' (DbType = DateTimeOffset), @p39='?' (Size = 36), @p40='?' (DbType = Int64), @p41='?' (Size = 15), @p42='?' (Size = 36), @p43='?' (DbType = Int64)], CommandType='Text', CommandTimeout='30']
INSERT INTO "JourneyRuntimes" ("DemandId", "AgvId", "AgvLifecycleGeneration", "BlockReasonCode", "BlockReasonSince", "ConsumedSafetyResultMessageId", "ConsumedSublotMessageId", "CreatedAt", "DispatchGeneration", "DispatchZone", "ExpectedBasketCount", "GateMovementLegId", "GatePlanMessageId", "GateStationId", "GateStationRiotId", "GateUpperId", "GateVehicleBusinessMessageId", "GateWorklistMessageId", "LoadCommandMessageId", "LoadSlotOperationAttemptId", "MapId", "MapIdentity", "OperationSessionId", "PickupMovementLegId", "PickupStationId", "PickupStationRiotId", "PickupUpperId", "PlanMessageId", "PlanRevision", "PreDepartureSafetyCheckId", "PreDepartureSafetyCheckMessageId", "RouteEvidenceId", "Stage", "StationDepartureWaitStartedAt", "SublotRequestMessageId", "TargetSlotsJson", "UnloadCommandMessageId", "UnloadSlotOperationAttemptId", "UpdatedAt", "VehicleBusinessMessageId", "VehicleBusinessRevision", "VehicleKey", "WorklistMessageId", "WorklistRevision")
VALUES (@p0, @p1, @p2, @p3, @p4, @p5, @p6, @p7, @p8, @p9, @p10, @p11, @p12, @p13, @p14, @p15, @p16, @p17, @p18, @p19, @p20, @p21, @p22, @p23, @p24, @p25, @p26, @p27, @p28, @p29, @p30, @p31, @p32, @p33, @p34, @p35, @p36, @p37, @p38, @p39, @p40, @p41, @p42, @p43);
[21:02:19 INF] Executed DbCommand (0ms) [Parameters=[@p0='?' (Size = 36), @p1='?' (DbType = Int64), @p2='?' (DbType = Int32), @p3='?', @p4='?' (DbType = DateTimeOffset), @p5='?' (DbType = DateTimeOffset), @p6='?' (Size = 36), @p7='?' (DbType = Int32), @p8='?' (DbType = Int64), @p9='?' (DbType = Int32), @p10='?' (DbType = Int64), @p11='?', @p12='?', @p13='?' (DbType = DateTimeOffset), @p14='?', @p15='?', @p16='?' (DbType = DateTimeOffset), @p17='?', @p18='?' (DbType = Int32), @p19='?', @p20='?' (Size = 9), @p21='?' (Size = 22), @p22='?' (Size = 9), @p23='?' (Size = 49), @p24='?' (Size = 15), @p25='?' (DbType = DateTimeOffset), @p26='?' (DbType = DateTimeOffset)], CommandType='Text', CommandTimeout='30']
INSERT INTO "OrderIntents" ("MovementLegId", "AgvLifecycleGeneration", "CreateAttemptCount", "CreateAttemptId", "CreateDispatchArmedAt", "CreatedAt", "DemandId", "DestinationStationId", "DispatchAuditSequence", "DispatchAuditVersion", "DispatchGeneration", "ExperimentalCreateAuthorizationId", "LastCreateOutcome", "LastCreateOutcomeAt", "LastCreateReceiptJson", "LastReconciliationOutcome", "LastReconciliationOutcomeAt", "LastReconciliationReceiptJson", "MapId", "OrderId", "Purpose", "Status", "TargetStationId", "UpperId", "VehicleKey", "VehicleOccupancyClaimedAt", "VehicleOccupancyReleasedAt")
VALUES (@p0, @p1, @p2, @p3, @p4, @p5, @p6, @p7, @p8, @p9, @p10, @p11, @p12, @p13, @p14, @p15, @p16, @p17, @p18, @p19, @p20, @p21, @p22, @p23, @p24, @p25, @p26);
[21:02:19 INF] Executed DbCommand (0ms) [Parameters=[@p0='?' (Size = 36), @p1='?' (DbType = DateTimeOffset), @p2='?' (DbType = DateTimeOffset), @p3='?' (Size = 15)], CommandType='Text', CommandTimeout='30']
INSERT INTO "VehicleDispatchLeases" ("DemandId", "AcquiredAt", "ReleasedAt", "VehicleKey")
VALUES (@p0, @p1, @p2, @p3);
[21:02:19 INF] Executed DbCommand (0ms) [Parameters=[@__upperId_0='?' (Size = 49)], CommandType='Text', CommandTimeout='30']
SELECT "o"."MovementLegId", "o"."AgvLifecycleGeneration", "o"."CreateAttemptCount", "o"."CreateAttemptId", "o"."CreateDispatchArmedAt", "o"."CreatedAt", "o"."DemandId", "o"."DestinationStationId", "o"."DispatchAuditSequence", "o"."DispatchAuditVersion", "o"."DispatchGeneration", "o"."ExperimentalCreateAuthorizationId", "o"."LastCreateOutcome", "o"."LastCreateOutcomeAt", "o"."LastCreateReceiptJson", "o"."LastReconciliationOutcome", "o"."LastReconciliationOutcomeAt", "o"."LastReconciliationReceiptJson", "o"."MapId", "o"."OrderId", "o"."Purpose", "o"."Status", "o"."TargetStationId", "o"."UpperId", "o"."VehicleKey", "o"."VehicleOccupancyClaimedAt", "o"."VehicleOccupancyReleasedAt"
FROM "OrderIntents" AS "o"
WHERE "o"."UpperId" = @__upperId_0
LIMIT 2
[21:02:19 INF] Executed DbCommand (0ms) [Parameters=[], CommandType='Text', CommandTimeout='30']
SELECT "e"."AuthorizationId", "e"."AgvLifecycleGeneration", "e"."AuthorizationVersion", "e"."ConsumedAt", "e"."ConsumedByAttemptId", "e"."DemandId", "e"."DispatchGeneration", "e"."ExpiresAt", "e"."MovementLegId", "e"."PersistedAt", "e"."UpperId"
FROM "ExperimentalRiotCreateAuthorizations" AS "e"
WHERE 0
LIMIT 2
[21:02:19 INF] Start processing HTTP request GET http://127.0.0.1:48408/api/order/v1/orderRecord/detailByUpperId/W2G-d243bd29-0e9a-478c-986a-91d67e26d8ca-PICKUP-1
[21:02:19 INF] Sending HTTP request GET http://127.0.0.1:48408/api/order/v1/orderRecord/detailByUpperId/W2G-d243bd29-0e9a-478c-986a-91d67e26d8ca-PICKUP-1
[21:02:19 INF] Received HTTP response headers after 6.7837ms - 404
[21:02:19 INF] End processing HTTP request after 7.575ms - 404
[21:02:19 INF] Executed DbCommand (0ms) [Parameters=[@__upperId_0='?' (Size = 49)], CommandType='Text', CommandTimeout='30']
SELECT "o"."MovementLegId", "o"."AgvLifecycleGeneration", "o"."CreateAttemptCount", "o"."CreateAttemptId", "o"."CreateDispatchArmedAt", "o"."CreatedAt", "o"."DemandId", "o"."DestinationStationId", "o"."DispatchAuditSequence", "o"."DispatchAuditVersion", "o"."DispatchGeneration", "o"."ExperimentalCreateAuthorizationId", "o"."LastCreateOutcome", "o"."LastCreateOutcomeAt", "o"."LastCreateReceiptJson", "o"."LastReconciliationOutcome", "o"."LastReconciliationOutcomeAt", "o"."LastReconciliationReceiptJson", "o"."MapId", "o"."OrderId", "o"."Purpose", "o"."Status", "o"."TargetStationId", "o"."UpperId", "o"."VehicleKey", "o"."VehicleOccupancyClaimedAt", "o"."VehicleOccupancyReleasedAt"
FROM "OrderIntents" AS "o"
WHERE "o"."UpperId" = @__upperId_0
LIMIT 2
[21:02:19 INF] Executed DbCommand (0ms) [Parameters=[@p4='?' (Size = 36), @p5='?' (DbType = Int32), @p0='?' (DbType = Int64), @p6='?' (DbType = Int64), @p8='?', @p1='?' (Size = 31), @p2='?' (DbType = DateTimeOffset), @p3='?' (Size = 188), @p7='?' (Size = 22)], CommandType='Text', CommandTimeout='30']
UPDATE "OrderIntents" SET "DispatchAuditSequence" = @p0, "LastReconciliationOutcome" = @p1, "LastReconciliationOutcomeAt" = @p2, "LastReconciliationReceiptJson" = @p3
WHERE "MovementLegId" = @p4 AND "CreateAttemptCount" = @p5 AND "DispatchAuditSequence" = @p6 AND "ExperimentalCreateAuthorizationId" IS NULL AND "Status" = @p7
RETURNING 1;
[21:02:19 INF] Executed DbCommand (0ms) [Parameters=[@p0='?' (Size = 36), @p1='?', @p2='?' (DbType = Int32), @p3='?', @p4='?' (Size = 36), @p5='?' (DbType = Int64), @p6='?', @p7='?', @p8='?', @p9='?' (DbType = Int32), @p10='?' (Size = 36), @p11='?' (DbType = DateTimeOffset), @p12='?' (Size = 9), @p13='?' (Size = 25), @p14='?' (Size = 8), @p15='?' (DbType = DateTimeOffset), @p16='?' (Size = 9), @p17='?', @p18='?' (DbType = Boolean), @p19='?', @p20='?' (DbType = Int64), @p21='?' (Size = 49)], CommandType='Text', CommandTimeout='30']
INSERT INTO "RiotDispatchAuditEvents" ("AuditEventId", "AttemptId", "AttemptNumber", "BusinessCode", "DemandId", "DispatchGeneration", "EligibilityBasis", "ExperimentalAuthorizationId", "FailureCategory", "HttpStatusCode", "MovementLegId", "OccurredAt", "Outcome", "Phase", "ReceiptClassification", "ReceiptObservedAt", "ReceiptOperation", "RequestSemanticSha256", "ResultPresent", "ReturnedOrderId", "Sequence", "UpperId")
VALUES (@p0, @p1, @p2, @p3, @p4, @p5, @p6, @p7, @p8, @p9, @p10, @p11, @p12, @p13, @p14, @p15, @p16, @p17, @p18, @p19, @p20, @p21);
[21:02:19 INF] Executed DbCommand (0ms) [Parameters=[@__upperId_0='?' (Size = 49)], CommandType='Text', CommandTimeout='30']
SELECT "o"."MovementLegId", "o"."AgvLifecycleGeneration", "o"."CreateAttemptCount", "o"."CreateAttemptId", "o"."CreateDispatchArmedAt", "o"."CreatedAt", "o"."DemandId", "o"."DestinationStationId", "o"."DispatchAuditSequence", "o"."DispatchAuditVersion", "o"."DispatchGeneration", "o"."ExperimentalCreateAuthorizationId", "o"."LastCreateOutcome", "o"."LastCreateOutcomeAt", "o"."LastCreateReceiptJson", "o"."LastReconciliationOutcome", "o"."LastReconciliationOutcomeAt", "o"."LastReconciliationReceiptJson", "o"."MapId", "o"."OrderId", "o"."Purpose", "o"."Status", "o"."TargetStationId", "o"."UpperId", "o"."VehicleKey", "o"."VehicleOccupancyClaimedAt", "o"."VehicleOccupancyReleasedAt"
FROM "OrderIntents" AS "o"
WHERE "o"."UpperId" = @__upperId_0
LIMIT 2
[21:02:19 INF] Executed DbCommand (0ms) [Parameters=[@p7='?' (Size = 36), @p0='?' (DbType = Int32), @p8='?' (DbType = Int32), @p1='?' (Size = 36), @p2='?' (DbType = DateTimeOffset), @p3='?' (DbType = Int64), @p9='?' (DbType = Int64), @p11='?', @p4='?' (Size = 13), @p5='?' (DbType = DateTimeOffset), @p6='?' (Size = 16), @p10='?' (Size = 22)], CommandType='Text', CommandTimeout='30']
UPDATE "OrderIntents" SET "CreateAttemptCount" = @p0, "CreateAttemptId" = @p1, "CreateDispatchArmedAt" = @p2, "DispatchAuditSequence" = @p3, "LastCreateOutcome" = @p4, "LastCreateOutcomeAt" = @p5, "Status" = @p6
WHERE "MovementLegId" = @p7 AND "CreateAttemptCount" = @p8 AND "DispatchAuditSequence" = @p9 AND "ExperimentalCreateAuthorizationId" IS NULL AND "Status" = @p10
RETURNING 1;
[21:02:19 INF] Executed DbCommand (0ms) [Parameters=[@p0='?' (Size = 36), @p1='?' (Size = 36), @p2='?' (DbType = Int32), @p3='?', @p4='?' (Size = 36), @p5='?' (DbType = Int64), @p6='?', @p7='?', @p8='?', @p9='?' (DbType = Int32), @p10='?' (Size = 36), @p11='?' (DbType = DateTimeOffset), @p12='?' (Size = 5), @p13='?' (Size = 15), @p14='?', @p15='?' (DbType = DateTimeOffset), @p16='?', @p17='?' (Size = 64), @p18='?' (DbType = Boolean), @p19='?', @p20='?' (DbType = Int64), @p21='?' (Size = 49)], CommandType='Text', CommandTimeout='30']
INSERT INTO "RiotDispatchAuditEvents" ("AuditEventId", "AttemptId", "AttemptNumber", "BusinessCode", "DemandId", "DispatchGeneration", "EligibilityBasis", "ExperimentalAuthorizationId", "FailureCategory", "HttpStatusCode", "MovementLegId", "OccurredAt", "Outcome", "Phase", "ReceiptClassification", "ReceiptObservedAt", "ReceiptOperation", "RequestSemanticSha256", "ResultPresent", "ReturnedOrderId", "Sequence", "UpperId")
VALUES (@p0, @p1, @p2, @p3, @p4, @p5, @p6, @p7, @p8, @p9, @p10, @p11, @p12, @p13, @p14, @p15, @p16, @p17, @p18, @p19, @p20, @p21);
[21:02:19 INF] Executed DbCommand (0ms) [Parameters=[@__upperId_0='?' (Size = 49)], CommandType='Text', CommandTimeout='30']
SELECT "o"."MovementLegId", "o"."AgvLifecycleGeneration", "o"."CreateAttemptCount", "o"."CreateAttemptId", "o"."CreateDispatchArmedAt", "o"."CreatedAt", "o"."DemandId", "o"."DestinationStationId", "o"."DispatchAuditSequence", "o"."DispatchAuditVersion", "o"."DispatchGeneration", "o"."ExperimentalCreateAuthorizationId", "o"."LastCreateOutcome", "o"."LastCreateOutcomeAt", "o"."LastCreateReceiptJson", "o"."LastReconciliationOutcome", "o"."LastReconciliationOutcomeAt", "o"."LastReconciliationReceiptJson", "o"."MapId", "o"."OrderId", "o"."Purpose", "o"."Status", "o"."TargetStationId", "o"."UpperId", "o"."VehicleKey", "o"."VehicleOccupancyClaimedAt", "o"."VehicleOccupancyReleasedAt"
FROM "OrderIntents" AS "o"
WHERE "o"."UpperId" = @__upperId_0
LIMIT 2
[21:02:19 INF] Executed DbCommand (0ms) [Parameters=[@p3='?' (Size = 36), @p4='?' (DbType = Int32), @p0='?' (DbType = Int64), @p5='?' (DbType = Int64), @p7='?', @p1='?' (Size = 20), @p2='?' (DbType = DateTimeOffset), @p6='?' (Size = 16)], CommandType='Text', CommandTimeout='30']
UPDATE "OrderIntents" SET "DispatchAuditSequence" = @p0, "LastCreateOutcome" = @p1, "LastCreateOutcomeAt" = @p2
WHERE "MovementLegId" = @p3 AND "CreateAttemptCount" = @p4 AND "DispatchAuditSequence" = @p5 AND "ExperimentalCreateAuthorizationId" IS NULL AND "Status" = @p6
RETURNING 1;
[21:02:19 INF] Executed DbCommand (0ms) [Parameters=[@p0='?' (Size = 36), @p1='?' (Size = 36), @p2='?' (DbType = Int32), @p3='?', @p4='?' (Size = 36), @p5='?' (DbType = Int64), @p6='?', @p7='?', @p8='?', @p9='?' (DbType = Int32), @p10='?' (Size = 36), @p11='?' (DbType = DateTimeOffset), @p12='?' (Size = 7), @p13='?' (Size = 14), @p14='?', @p15='?' (DbType = DateTimeOffset), @p16='?', @p17='?' (Size = 64), @p18='?' (DbType = Boolean), @p19='?', @p20='?' (DbType = Int64), @p21='?' (Size = 49)], CommandType='Text', CommandTimeout='30']
INSERT INTO "RiotDispatchAuditEvents" ("AuditEventId", "AttemptId", "AttemptNumber", "BusinessCode", "DemandId", "DispatchGeneration", "EligibilityBasis", "ExperimentalAuthorizationId", "FailureCategory", "HttpStatusCode", "MovementLegId", "OccurredAt", "Outcome", "Phase", "ReceiptClassification", "ReceiptObservedAt", "ReceiptOperation", "RequestSemanticSha256", "ResultPresent", "ReturnedOrderId", "Sequence", "UpperId")
VALUES (@p0, @p1, @p2, @p3, @p4, @p5, @p6, @p7, @p8, @p9, @p10, @p11, @p12, @p13, @p14, @p15, @p16, @p17, @p18, @p19, @p20, @p21);
[21:02:19 INF] Start processing HTTP request POST http://127.0.0.1:48408/api/order/v1/add/byDefaultMissions
[21:02:19 INF] Sending HTTP request POST http://127.0.0.1:48408/api/order/v1/add/byDefaultMissions
[21:02:19 INF] Received HTTP response headers after 5.2136ms - 200
[21:02:19 INF] End processing HTTP request after 5.9025ms - 200
[21:02:19 INF] Executed DbCommand (0ms) [Parameters=[@__upperId_0='?' (Size = 49)], CommandType='Text', CommandTimeout='30']
SELECT "o"."MovementLegId", "o"."AgvLifecycleGeneration", "o"."CreateAttemptCount", "o"."CreateAttemptId", "o"."CreateDispatchArmedAt", "o"."CreatedAt", "o"."DemandId", "o"."DestinationStationId", "o"."DispatchAuditSequence", "o"."DispatchAuditVersion", "o"."DispatchGeneration", "o"."ExperimentalCreateAuthorizationId", "o"."LastCreateOutcome", "o"."LastCreateOutcomeAt", "o"."LastCreateReceiptJson", "o"."LastReconciliationOutcome", "o"."LastReconciliationOutcomeAt", "o"."LastReconciliationReceiptJson", "o"."MapId", "o"."OrderId", "o"."Purpose", "o"."Status", "o"."TargetStationId", "o"."UpperId", "o"."VehicleKey", "o"."VehicleOccupancyClaimedAt", "o"."VehicleOccupancyReleasedAt"
FROM "OrderIntents" AS "o"
WHERE "o"."UpperId" = @__upperId_0
LIMIT 2
[21:02:19 INF] Executed DbCommand (0ms) [Parameters=[@p4='?' (Size = 36), @p5='?' (DbType = Int32), @p0='?' (DbType = Int64), @p6='?' (DbType = Int64), @p8='?', @p1='?' (Size = 22), @p2='?' (DbType = DateTimeOffset), @p3='?' (Size = 188), @p7='?' (Size = 16)], CommandType='Text', CommandTimeout='30']
UPDATE "OrderIntents" SET "DispatchAuditSequence" = @p0, "LastCreateOutcome" = @p1, "LastCreateOutcomeAt" = @p2, "LastCreateReceiptJson" = @p3
WHERE "MovementLegId" = @p4 AND "CreateAttemptCount" = @p5 AND "DispatchAuditSequence" = @p6 AND "ExperimentalCreateAuthorizationId" IS NULL AND "Status" = @p7
RETURNING 1;
[21:02:19 INF] Executed DbCommand (0ms) [Parameters=[@p0='?' (Size = 36), @p1='?' (Size = 36), @p2='?' (DbType = Int32), @p3='?', @p4='?' (Size = 36), @p5='?' (DbType = Int64), @p6='?', @p7='?', @p8='?', @p9='?' (DbType = Int32), @p10='?' (Size = 36), @p11='?' (DbType = DateTimeOffset), @p12='?' (Size = 8), @p13='?' (Size = 15), @p14='?' (Size = 11), @p15='?' (DbType = DateTimeOffset), @p16='?' (Size = 6), @p17='?', @p18='?' (DbType = Boolean), @p19='?' (Size = 12), @p20='?' (DbType = Int64), @p21='?' (Size = 49)], CommandType='Text', CommandTimeout='30']
INSERT INTO "RiotDispatchAuditEvents" ("AuditEventId", "AttemptId", "AttemptNumber", "BusinessCode", "DemandId", "DispatchGeneration", "EligibilityBasis", "ExperimentalAuthorizationId", "FailureCategory", "HttpStatusCode", "MovementLegId", "OccurredAt", "Outcome", "Phase", "ReceiptClassification", "ReceiptObservedAt", "ReceiptOperation", "RequestSemanticSha256", "ResultPresent", "ReturnedOrderId", "Sequence", "UpperId")
VALUES (@p0, @p1, @p2, @p3, @p4, @p5, @p6, @p7, @p8, @p9, @p10, @p11, @p12, @p13, @p14, @p15, @p16, @p17, @p18, @p19, @p20, @p21);
[21:02:19 INF] Start processing HTTP request GET http://127.0.0.1:48408/api/order/v1/orderRecord/detailByUpperId/W2G-d243bd29-0e9a-478c-986a-91d67e26d8ca-PICKUP-1
[21:02:19 INF] Sending HTTP request GET http://127.0.0.1:48408/api/order/v1/orderRecord/detailByUpperId/W2G-d243bd29-0e9a-478c-986a-91d67e26d8ca-PICKUP-1
[21:02:19 INF] Received HTTP response headers after 3.9029ms - 200
[21:02:19 INF] End processing HTTP request after 4.6163ms - 200
[21:02:19 INF] Executed DbCommand (0ms) [Parameters=[@__upperId_0='?' (Size = 49)], CommandType='Text', CommandTimeout='30']
SELECT "o"."MovementLegId", "o"."AgvLifecycleGeneration", "o"."CreateAttemptCount", "o"."CreateAttemptId", "o"."CreateDispatchArmedAt", "o"."CreatedAt", "o"."DemandId", "o"."DestinationStationId", "o"."DispatchAuditSequence", "o"."DispatchAuditVersion", "o"."DispatchGeneration", "o"."ExperimentalCreateAuthorizationId", "o"."LastCreateOutcome", "o"."LastCreateOutcomeAt", "o"."LastCreateReceiptJson", "o"."LastReconciliationOutcome", "o"."LastReconciliationOutcomeAt", "o"."LastReconciliationReceiptJson", "o"."MapId", "o"."OrderId", "o"."Purpose", "o"."Status", "o"."TargetStationId", "o"."UpperId", "o"."VehicleKey", "o"."VehicleOccupancyClaimedAt", "o"."VehicleOccupancyReleasedAt"
FROM "OrderIntents" AS "o"
WHERE "o"."UpperId" = @__upperId_0
LIMIT 2
[21:02:19 INF] Executed DbCommand (0ms) [Parameters=[@p6='?' (Size = 36), @p7='?' (DbType = Int32), @p0='?' (DbType = Int64), @p8='?' (DbType = Int64), @p10='?', @p1='?' (Size = 33), @p2='?' (DbType = DateTimeOffset), @p3='?' (Size = 185), @p4='?' (Size = 12), @p5='?' (Size = 9), @p9='?' (Size = 16)], CommandType='Text', CommandTimeout='30']
UPDATE "OrderIntents" SET "DispatchAuditSequence" = @p0, "LastReconciliationOutcome" = @p1, "LastReconciliationOutcomeAt" = @p2, "LastReconciliationReceiptJson" = @p3, "OrderId" = @p4, "Status" = @p5
WHERE "MovementLegId" = @p6 AND "CreateAttemptCount" = @p7 AND "DispatchAuditSequence" = @p8 AND "ExperimentalCreateAuthorizationId" IS NULL AND "Status" = @p9
RETURNING 1;
[21:02:19 INF] Executed DbCommand (0ms) [Parameters=[@p0='?' (Size = 36), @p1='?' (Size = 36), @p2='?' (DbType = Int32), @p3='?', @p4='?' (Size = 36), @p5='?' (DbType = Int64), @p6='?', @p7='?', @p8='?', @p9='?' (DbType = Int32), @p10='?' (Size = 36), @p11='?' (DbType = DateTimeOffset), @p12='?' (Size = 9), @p13='?' (Size = 26), @p14='?' (Size = 5), @p15='?' (DbType = DateTimeOffset), @p16='?' (Size = 9), @p17='?', @p18='?' (DbType = Boolean), @p19='?' (Size = 12), @p20='?' (DbType = Int64), @p21='?' (Size = 49)], CommandType='Text', CommandTimeout='30']
INSERT INTO "RiotDispatchAuditEvents" ("AuditEventId", "AttemptId", "AttemptNumber", "BusinessCode", "DemandId", "DispatchGeneration", "EligibilityBasis", "ExperimentalAuthorizationId", "FailureCategory", "HttpStatusCode", "MovementLegId", "OccurredAt", "Outcome", "Phase", "ReceiptClassification", "ReceiptObservedAt", "ReceiptOperation", "RequestSemanticSha256", "ResultPresent", "ReturnedOrderId", "Sequence", "UpperId")
VALUES (@p0, @p1, @p2, @p3, @p4, @p5, @p6, @p7, @p8, @p9, @p10, @p11, @p12, @p13, @p14, @p15, @p16, @p17, @p18, @p19, @p20, @p21);
[21:02:19 INF] Executed DbCommand (0ms) [Parameters=[@__upperId_0='?' (Size = 49)], CommandType='Text', CommandTimeout='30']
SELECT "o"."MovementLegId", "o"."AgvLifecycleGeneration", "o"."CreateAttemptCount", "o"."CreateAttemptId", "o"."CreateDispatchArmedAt", "o"."CreatedAt", "o"."DemandId", "o"."DestinationStationId", "o"."DispatchAuditSequence", "o"."DispatchAuditVersion", "o"."DispatchGeneration", "o"."ExperimentalCreateAuthorizationId", "o"."LastCreateOutcome", "o"."LastCreateOutcomeAt", "o"."LastCreateReceiptJson", "o"."LastReconciliationOutcome", "o"."LastReconciliationOutcomeAt", "o"."LastReconciliationReceiptJson", "o"."MapId", "o"."OrderId", "o"."Purpose", "o"."Status", "o"."TargetStationId", "o"."UpperId", "o"."VehicleKey", "o"."VehicleOccupancyClaimedAt", "o"."VehicleOccupancyReleasedAt"
FROM "OrderIntents" AS "o"
WHERE "o"."UpperId" = @__upperId_0
LIMIT 2
[21:02:19 INF] Executed DbCommand (0ms) [Parameters=[@p1='?' (Size = 36), @p2='?' (DbType = Int32), @p3='?' (DbType = Int64), @p5='?', @p4='?' (Size = 9), @p0='?' (DbType = DateTimeOffset)], CommandType='Text', CommandTimeout='30']
UPDATE "OrderIntents" SET "VehicleOccupancyClaimedAt" = @p0
WHERE "MovementLegId" = @p1 AND "CreateAttemptCount" = @p2 AND "DispatchAuditSequence" = @p3 AND "ExperimentalCreateAuthorizationId" IS NULL AND "Status" = @p4
RETURNING 1;
[21:02:19 INF] Executed DbCommand (0ms) [Parameters=[], CommandType='Text', CommandTimeout='30']
SELECT "s"."DemandId", "s"."ReasonCode", "s"."ClearedAt", "s"."DetailJson", "s"."FirstRaisedAt", "s"."LastSeenAt", "s"."TransportDemandKey"
FROM "StructuralDispatchBlocks" AS "s"
WHERE "s"."ClearedAt" IS NULL
[21:02:20 INF] Start processing HTTP request GET http://127.0.0.1:48408/api/imap/v1/mapInfo/stations/25
[21:02:20 INF] Sending HTTP request GET http://127.0.0.1:48408/api/imap/v1/mapInfo/stations/25
[21:02:20 INF] Received HTTP response headers after 0.6845ms - 200
[21:02:20 INF] End processing HTTP request after 1.9819ms - 200
[21:02:20 INF] Executed DbCommand (0ms) [Parameters=[@__mapId_0='?' (DbType = Int32)], CommandType='Text', CommandTimeout='30']
SELECT "t"."MapId", "t"."ActiveVersion", "t"."PendingVersion", "t"."State", "t"."UpdatedAt"
FROM "TaskTypeStationActiveBindingSets" AS "t"
WHERE "t"."MapId" = @__mapId_0
LIMIT 2
[21:02:20 INF] Executed DbCommand (0ms) [Parameters=[@__mapId_0='?' (DbType = Int32), @__version_1='?' (DbType = Int64)], CommandType='Text', CommandTimeout='30']
SELECT "t"."MapId", "t"."Version", "t"."CatalogRevision", "t"."ContentSha256", "t"."LoadedAt", "t"."RuleVersion", "t"."SnapshotId", "t"."Source"
FROM "TaskTypeStationBindingSetVersions" AS "t"
WHERE "t"."MapId" = @__mapId_0 AND "t"."Version" = @__version_1
LIMIT 2
[21:02:20 INF] Executed DbCommand (0ms) [Parameters=[@__mapId_0='?' (DbType = Int32), @__version_1='?' (DbType = Int64)], CommandType='Text', CommandTimeout='30']
SELECT "t"."TaskType"
FROM "TaskTypeStationRequirements" AS "t"
WHERE "t"."MapId" = @__mapId_0 AND "t"."Version" = @__version_1
[21:02:20 INF] Executed DbCommand (0ms) [Parameters=[@__mapId_0='?' (DbType = Int32), @__version_1='?' (DbType = Int64)], CommandType='Text', CommandTimeout='30']
SELECT "t"."MapId", "t"."Version", "t"."TaskType", "t"."SiteVerificationRef", "t"."StationName", "t"."StationRiotId"
FROM "TaskTypeStationBindings" AS "t"
WHERE "t"."MapId" = @__mapId_0 AND "t"."Version" = @__version_1
[21:02:20 INF] Executed DbCommand (0ms) [Parameters=[@__version_0='?' (DbType = Int64)], CommandType='Text', CommandTimeout='30']
SELECT "t"."Version", "t"."ContentSha256", "t"."LoadedAt", "t"."SnapshotId", "t"."Source"
FROM "TaskTypeStationRuleVersions" AS "t"
WHERE "t"."Version" = @__version_0
LIMIT 2
[21:02:20 INF] Executed DbCommand (0ms) [Parameters=[@__version_0='?' (DbType = Int64)], CommandType='Text', CommandTimeout='30']
SELECT "t"."Version", "t"."TaskType", "t"."FixedEnd"
FROM "TaskTypeStationRules" AS "t"
WHERE "t"."Version" = @__version_0
[21:02:20 INF] Executed DbCommand (0ms) [Parameters=[@__mapId_0='?' (DbType = Int32)], CommandType='Text', CommandTimeout='30']
SELECT "t"."MapId", "t"."ActiveVersion", "t"."PendingVersion", "t"."State", "t"."UpdatedAt"
FROM "TaskTypeStationActiveBindingSets" AS "t"
WHERE "t"."MapId" = @__mapId_0
LIMIT 2
[21:02:20 INF] Executed DbCommand (0ms) [Parameters=[@__mapId_0='?' (DbType = Int32)], CommandType='Text', CommandTimeout='30']
SELECT "t"."HoldId", "t"."DetailJson", "t"."MapId", "t"."RaisedAt", "t"."RaisedBy", "t"."ReasonCode", "t"."ReleasedAt", "t"."ReleasedBy", "t"."Source", "t"."TaskType"
FROM "TaskTypeStationHolds" AS "t"
WHERE "t"."MapId" = @__mapId_0 AND "t"."ReleasedAt" IS NULL
[21:02:20 INF] Executed DbCommand (0ms) [Parameters=[@__mapId_0='?' (DbType = Int32)], CommandType='Text', CommandTimeout='30']
SELECT "m"."MapId", "m"."ApprovedMaxUnconfirmedSeconds", "m"."ApprovedSyncPeriodSeconds", "m"."CatalogRevision", "m"."LastAttemptAt", "m"."LastCompleteConfirmationAt", "m"."LastFailureReason", "m"."State", "m"."UpdatedAt"
FROM "MapStationCatalogStates" AS "m"
WHERE "m"."MapId" = @__mapId_0
LIMIT 2
[21:02:20 INF] Executed DbCommand (0ms) [Parameters=[@p3='?' (DbType = Int32), @p0='?' (DbType = DateTimeOffset), @p1='?' (DbType = DateTimeOffset), @p2='?' (DbType = DateTimeOffset)], CommandType='Text', CommandTimeout='30']
UPDATE "MapStationCatalogStates" SET "LastAttemptAt" = @p0, "LastCompleteConfirmationAt" = @p1, "UpdatedAt" = @p2
WHERE "MapId" = @p3
RETURNING 1;
[21:02:20 INF] Executed DbCommand (0ms) [Parameters=[@__mapId_0='?' (DbType = Int32)], CommandType='Text', CommandTimeout='30']
SELECT "t"."MapId", "t"."ActiveVersion", "t"."PendingVersion", "t"."State", "t"."UpdatedAt"
FROM "TaskTypeStationActiveBindingSets" AS "t"
WHERE "t"."MapId" = @__mapId_0
LIMIT 2
[21:02:20 INF] Executed DbCommand (0ms) [Parameters=[@__mapId_0='?' (DbType = Int32), @__version_1='?' (DbType = Int64)], CommandType='Text', CommandTimeout='30']
SELECT "t"."MapId", "t"."Version", "t"."CatalogRevision", "t"."ContentSha256", "t"."LoadedAt", "t"."RuleVersion", "t"."SnapshotId", "t"."Source"
FROM "TaskTypeStationBindingSetVersions" AS "t"
WHERE "t"."MapId" = @__mapId_0 AND "t"."Version" = @__version_1
LIMIT 2
[21:02:20 INF] Executed DbCommand (0ms) [Parameters=[@__mapId_0='?' (DbType = Int32), @__version_1='?' (DbType = Int64)], CommandType='Text', CommandTimeout='30']
SELECT "t"."TaskType"
FROM "TaskTypeStationRequirements" AS "t"
WHERE "t"."MapId" = @__mapId_0 AND "t"."Version" = @__version_1
[21:02:20 INF] Executed DbCommand (0ms) [Parameters=[@__mapId_0='?' (DbType = Int32), @__version_1='?' (DbType = Int64)], CommandType='Text', CommandTimeout='30']
SELECT "t"."MapId", "t"."Version", "t"."TaskType", "t"."SiteVerificationRef", "t"."StationName", "t"."StationRiotId"
FROM "TaskTypeStationBindings" AS "t"
WHERE "t"."MapId" = @__mapId_0 AND "t"."Version" = @__version_1
[21:02:20 INF] Executed DbCommand (0ms) [Parameters=[@__mapId_0='?' (DbType = Int32)], CommandType='Text', CommandTimeout='30']
SELECT "t"."MapId", "t"."ActiveVersion", "t"."PendingVersion", "t"."State", "t"."UpdatedAt"
FROM "TaskTypeStationActiveBindingSets" AS "t"
WHERE "t"."MapId" = @__mapId_0
LIMIT 2
[21:02:20 INF] Executed DbCommand (0ms) [Parameters=[@__mapId_0='?' (DbType = Int32), @__version_1='?' (DbType = Int64)], CommandType='Text', CommandTimeout='30']
SELECT "t"."MapId", "t"."Version", "t"."CatalogRevision", "t"."ContentSha256", "t"."LoadedAt", "t"."RuleVersion", "t"."SnapshotId", "t"."Source"
FROM "TaskTypeStationBindingSetVersions" AS "t"
WHERE "t"."MapId" = @__mapId_0 AND "t"."Version" = @__version_1
LIMIT 2
[21:02:20 INF] Executed DbCommand (0ms) [Parameters=[@__mapId_0='?' (DbType = Int32), @__version_1='?' (DbType = Int64)], CommandType='Text', CommandTimeout='30']
SELECT "t"."TaskType"
FROM "TaskTypeStationRequirements" AS "t"
WHERE "t"."MapId" = @__mapId_0 AND "t"."Version" = @__version_1
[21:02:20 INF] Executed DbCommand (0ms) [Parameters=[@__mapId_0='?' (DbType = Int32), @__version_1='?' (DbType = Int64)], CommandType='Text', CommandTimeout='30']
SELECT "t"."MapId", "t"."Version", "t"."TaskType", "t"."SiteVerificationRef", "t"."StationName", "t"."StationRiotId"
FROM "TaskTypeStationBindings" AS "t"
WHERE "t"."MapId" = @__mapId_0 AND "t"."Version" = @__version_1
[21:02:20 INF] Executed DbCommand (0ms) [Parameters=[@__version_0='?' (DbType = Int64)], CommandType='Text', CommandTimeout='30']
SELECT "t"."Version", "t"."ContentSha256", "t"."LoadedAt", "t"."SnapshotId", "t"."Source"
FROM "TaskTypeStationRuleVersions" AS "t"
WHERE "t"."Version" = @__version_0
LIMIT 2
[21:02:20 INF] Executed DbCommand (0ms) [Parameters=[@__version_0='?' (DbType = Int64)], CommandType='Text', CommandTimeout='30']
SELECT "t"."Version", "t"."TaskType", "t"."FixedEnd"
FROM "TaskTypeStationRules" AS "t"
WHERE "t"."Version" = @__version_0
[21:02:20 INF] Executed DbCommand (0ms) [Parameters=[], CommandType='Text', CommandTimeout='30']
SELECT "a"."Id", "a"."ContentHash", "a"."DeploymentId", "a"."ImportedAt", "a"."Version"
FROM "AdmissionPolicyState" AS "a"
WHERE "a"."Id" = 1
LIMIT 2
[21:02:20 INF] Executed DbCommand (0ms) [Parameters=[], CommandType='Text', CommandTimeout='30']
SELECT "j"."DemandId", "j"."AgvId", "j"."AgvLifecycleGeneration", "j"."BlockReasonCode", "j"."BlockReasonSince", "j"."ConsumedSafetyResultMessageId", "j"."ConsumedSublotMessageId", "j"."CreatedAt", "j"."DispatchGeneration", "j"."DispatchZone", "j"."ExpectedBasketCount", "j"."GateMovementLegId", "j"."GatePlanMessageId", "j"."GateStationId", "j"."GateStationRiotId", "j"."GateUpperId", "j"."GateVehicleBusinessMessageId", "j"."GateWorklistMessageId", "j"."LoadCommandMessageId", "j"."LoadSlotOperationAttemptId", "j"."MapId", "j"."MapIdentity", "j"."OperationSessionId", "j"."PickupMovementLegId", "j"."PickupStationId", "j"."PickupStationRiotId", "j"."PickupUpperId", "j"."PlanMessageId", "j"."PlanRevision", "j"."PreDepartureSafetyCheckId", "j"."PreDepartureSafetyCheckMessageId", "j"."RouteEvidenceId", "j"."Stage", "j"."StationDepartureWaitStartedAt", "j"."SublotRequestMessageId", "j"."TargetSlotsJson", "j"."UnloadCommandMessageId", "j"."UnloadSlotOperationAttemptId", "j"."UpdatedAt", "j"."VehicleBusinessMessageId", "j"."VehicleBusinessRevision", "j"."VehicleKey", "j"."WorklistMessageId", "j"."WorklistRevision"
FROM "JourneyRuntimes" AS "j"
WHERE "j"."Stage" <> 'Completed'
[21:02:20 INF] Executed DbCommand (0ms) [Parameters=[@__agvId_0='?' (Size = 10)], CommandType='Text', CommandTimeout='30']
SELECT "s"."AgvId", "s"."ActiveUnlockSlotsJson", "s"."CapabilityHash", "s"."CapabilityRevision", "s"."DepartureSafe", "s"."ForcedRecoveryGeneration", "s"."ManifestSha256", "s"."PendingAttemptIdsJson", "s"."PendingResultIdsJson", "s"."ProfileId", "s"."ProtocolCommit", "s"."ProtocolVersion", "s"."ProvenRecoveryCheckpoint", "s"."Readiness", "s"."ReasonCode", "s"."RecoveryReportId", "s"."ReportedForcedRecoveryGeneration", "s"."ReportedSlotConfigurationFingerprint", "s"."SafetyHash", "s"."SafetyReasonCodesJson", "s"."SafetyRevision", "s"."SafetyUnknownPresent", "s"."SessionGeneration", "s"."UnsettledSlotOperationAttemptId", "s"."UpdatedAt"
FROM "SessionRecoveries" AS "s"
WHERE "s"."AgvId" = @__agvId_0 AND "s"."Readiness" = 'Ready'
LIMIT 2
[21:02:20 INF] Executed DbCommand (0ms) [Parameters=[], CommandType='Text', CommandTimeout='30']
SELECT "p"."MessageId", "p"."AcknowledgedAt", "p"."CreatedAt", "p"."FencedAt", "p"."MessageType", "p"."PayloadJson"
FROM "ProtocolOutbox" AS "p"
WHERE "p"."AcknowledgedAt" IS NULL AND "p"."FencedAt" IS NULL
[21:02:20 INF] Executed DbCommand (0ms) [Parameters=[@__upperId_0='?' (Size = 49)], CommandType='Text', CommandTimeout='30']
SELECT "o"."MovementLegId", "o"."AgvLifecycleGeneration", "o"."CreateAttemptCount", "o"."CreateAttemptId", "o"."CreateDispatchArmedAt", "o"."CreatedAt", "o"."DemandId", "o"."DestinationStationId", "o"."DispatchAuditSequence", "o"."DispatchAuditVersion", "o"."DispatchGeneration", "o"."ExperimentalCreateAuthorizationId", "o"."LastCreateOutcome", "o"."LastCreateOutcomeAt", "o"."LastCreateReceiptJson", "o"."LastReconciliationOutcome", "o"."LastReconciliationOutcomeAt", "o"."LastReconciliationReceiptJson", "o"."MapId", "o"."OrderId", "o"."Purpose", "o"."Status", "o"."TargetStationId", "o"."UpperId", "o"."VehicleKey", "o"."VehicleOccupancyClaimedAt", "o"."VehicleOccupancyReleasedAt"
FROM "OrderIntents" AS "o"
WHERE "o"."UpperId" = @__upperId_0
LIMIT 2
[21:02:20 INF] Executed DbCommand (0ms) [Parameters=[@__messageId_0='?' (Size = 36)], CommandType='Text', CommandTimeout='30']
SELECT EXISTS (
    SELECT 1
    FROM "ProtocolOutbox" AS "p"
    WHERE "p"."MessageId" = @__messageId_0)
[21:02:20 INF] Executed DbCommand (0ms) [Parameters=[@__messageId_0='?' (Size = 36)], CommandType='Text', CommandTimeout='30']
SELECT "p"."MessageId", "p"."AcknowledgedAt", "p"."CreatedAt", "p"."FencedAt", "p"."MessageType", "p"."PayloadJson"
FROM "ProtocolOutbox" AS "p"
WHERE "p"."MessageId" = @__messageId_0
LIMIT 2
[21:02:20 INF] Executed DbCommand (0ms) [Parameters=[@__messageId_0='?' (Size = 36)], CommandType='Text', CommandTimeout='30']
SELECT "p"."MessageId", "p"."AcknowledgedAt", "p"."CreatedAt", "p"."FencedAt", "p"."MessageType", "p"."PayloadJson"
FROM "ProtocolOutbox" AS "p"
WHERE "p"."MessageId" = @__messageId_0
LIMIT 2
[21:02:20 INF] Executed DbCommand (1ms) [Parameters=[@p0='?' (Size = 36), @p1='?' (DbType = DateTimeOffset), @p2='?' (DbType = DateTimeOffset), @p3='?' (DbType = DateTimeOffset), @p4='?' (Size = 24), @p5='?' (Size = 952)], CommandType='Text', CommandTimeout='30']
INSERT INTO "ProtocolOutbox" ("MessageId", "AcknowledgedAt", "CreatedAt", "FencedAt", "MessageType", "PayloadJson")
VALUES (@p0, @p1, @p2, @p3, @p4, @p5);
[21:02:20 INF] Executed DbCommand (0ms) [Parameters=[@__runtime_DemandId_0='?' (Size = 36), @__purpose_1='?' (Size = 9)], CommandType='Text', CommandTimeout='30']
SELECT "o"."MovementLegId", "o"."AgvLifecycleGeneration", "o"."CreateAttemptCount", "o"."CreateAttemptId", "o"."CreateDispatchArmedAt", "o"."CreatedAt", "o"."DemandId", "o"."DestinationStationId", "o"."DispatchAuditSequence", "o"."DispatchAuditVersion", "o"."DispatchGeneration", "o"."ExperimentalCreateAuthorizationId", "o"."LastCreateOutcome", "o"."LastCreateOutcomeAt", "o"."LastCreateReceiptJson", "o"."LastReconciliationOutcome", "o"."LastReconciliationOutcomeAt", "o"."LastReconciliationReceiptJson", "o"."MapId", "o"."OrderId", "o"."Purpose", "o"."Status", "o"."TargetStationId", "o"."UpperId", "o"."VehicleKey", "o"."VehicleOccupancyClaimedAt", "o"."VehicleOccupancyReleasedAt"
FROM "OrderIntents" AS "o"
WHERE "o"."DemandId" = @__runtime_DemandId_0 AND "o"."Purpose" = @__purpose_1
LIMIT 2
[21:02:20 INF] Start processing HTTP request GET http://127.0.0.1:48408/api/order/v1/orderRecord/detailByUpperId/W2G-d243bd29-0e9a-478c-986a-91d67e26d8ca-PICKUP-1
[21:02:20 INF] Sending HTTP request GET http://127.0.0.1:48408/api/order/v1/orderRecord/detailByUpperId/W2G-d243bd29-0e9a-478c-986a-91d67e26d8ca-PICKUP-1
[21:02:20 INF] Received HTTP response headers after 0.5999ms - 200
[21:02:20 INF] End processing HTTP request after 1.212ms - 200
[21:02:20 INF] Start processing HTTP request GET http://127.0.0.1:48408/api/task/vehicles/getVehicleInfoByDeviceKey?key=BROKERX-L2-0001
[21:02:20 INF] Sending HTTP request GET http://127.0.0.1:48408/api/task/vehicles/getVehicleInfoByDeviceKey?key=BROKERX-L2-0001
[21:02:20 INF] Received HTTP response headers after 0.5891ms - 200
[21:02:20 INF] End processing HTTP request after 1.4981ms - 200
[21:02:20 INF] Executed DbCommand (0ms) [Parameters=[@__agvId_0='?' (Size = 10)], CommandType='Text', CommandTimeout='30']
SELECT "s"."AgvId", "s"."ActiveUnlockSlotsJson", "s"."CapabilityHash", "s"."CapabilityRevision", "s"."DepartureSafe", "s"."ForcedRecoveryGeneration", "s"."ManifestSha256", "s"."PendingAttemptIdsJson", "s"."PendingResultIdsJson", "s"."ProfileId", "s"."ProtocolCommit", "s"."ProtocolVersion", "s"."ProvenRecoveryCheckpoint", "s"."Readiness", "s"."ReasonCode", "s"."RecoveryReportId", "s"."ReportedForcedRecoveryGeneration", "s"."ReportedSlotConfigurationFingerprint", "s"."SafetyHash", "s"."SafetyReasonCodesJson", "s"."SafetyRevision", "s"."SafetyUnknownPresent", "s"."SessionGeneration", "s"."UnsettledSlotOperationAttemptId", "s"."UpdatedAt"
FROM "SessionRecoveries" AS "s"
WHERE "s"."AgvId" = @__agvId_0 AND "s"."Readiness" = 'Ready'
LIMIT 2
[21:02:20 INF] Executed DbCommand (0ms) [Parameters=[@__messageType_0='?' (Size = 18)], CommandType='Text', CommandTimeout='30']
SELECT "p"."MessageId", "p"."ContentHash", "p"."FirstResponseJson", "p"."MessageType", "p"."ReceivedAt", "p"."RequestJson"
FROM "ProtocolInbox" AS "p"
WHERE "p"."MessageType" = @__messageType_0
[21:02:20 INF] Executed DbCommand (0ms) [Parameters=[], CommandType='Text', CommandTimeout='30']
SELECT "p"."MessageId", "p"."ContentHash", "p"."FirstResponseJson", "p"."MessageType", "p"."ReceivedAt", "p"."RequestJson"
FROM "ProtocolInbox" AS "p"
WHERE "p"."MessageType" = 'SafetyStateSnapshot'
[21:02:20 INF] Executed DbCommand (0ms) [Parameters=[], CommandType='Text', CommandTimeout='30']
SELECT "p"."MessageId", "p"."ContentHash", "p"."FirstResponseJson", "p"."MessageType", "p"."ReceivedAt", "p"."RequestJson"
FROM "ProtocolInbox" AS "p"
WHERE "p"."MessageType" IN ('SafetyStateSnapshot', 'SafetyStateChanged')
[21:02:20 INF] Executed DbCommand (0ms) [Parameters=[], CommandType='Text', CommandTimeout='30']
SELECT "p"."MessageId", "p"."ContentHash", "p"."FirstResponseJson", "p"."MessageType", "p"."ReceivedAt", "p"."RequestJson"
FROM "ProtocolInbox" AS "p"
[21:02:20 INF] Executed DbCommand (0ms) [Parameters=[@__messageId_0='?' (Size = 36)], CommandType='Text', CommandTimeout='30']
SELECT "p"."MessageId", "p"."ContentHash", "p"."FirstResponseJson", "p"."MessageType", "p"."ReceivedAt", "p"."RequestJson"
FROM "ProtocolInbox" AS "p"
WHERE "p"."MessageId" = @__messageId_0
LIMIT 2
[21:02:20 INF] Executed DbCommand (0ms) [Parameters=[@__messageId_0='?' (Size = 36)], CommandType='Text', CommandTimeout='30']
SELECT "p"."MessageId", "p"."AcknowledgedAt", "p"."CreatedAt", "p"."FencedAt", "p"."MessageType", "p"."PayloadJson"
FROM "ProtocolOutbox" AS "p"
WHERE "p"."MessageId" = @__messageId_0
LIMIT 2
[21:02:20 INF] Executed DbCommand (0ms) [Parameters=[@__runtime_DemandId_0='?' (Size = 36)], CommandType='Text', CommandTimeout='30']
SELECT "a"."DemandId", "a"."AcceptedAt", "a"."CatalogRevision", "a"."CreatedAt", "a"."DemandRevision", "a"."Generation", "a"."HistoryEpoch", "a"."LiveMesFieldsJson", "a"."SeriesId", "a"."Status", "a"."Sublot", "a"."TransportDemandKey", "a"."ValueObservedAt", "a"."ValuePollTraceId", "a"."ValueProjectionCommitId", "a"."WorkType"
FROM "AcceptedDemands" AS "a"
WHERE "a"."DemandId" = @__runtime_DemandId_0
LIMIT 2
[21:02:20 INF] Executed DbCommand (0ms) [Parameters=[@p1='?' (Size = 36), @p0='?' (DbType = DateTimeOffset)], CommandType='Text', CommandTimeout='30']
UPDATE "ProtocolOutbox" SET "AcknowledgedAt" = @p0
WHERE "MessageId" = @p1
RETURNING 1;
[21:02:20 INF] Executed DbCommand (0ms) [Parameters=[@p0='?' (Size = 36), @p1='?' (Size = 64), @p2='?', @p3='?' (Size = 18), @p4='?' (DbType = DateTimeOffset), @p5='?' (Size = 630)], CommandType='Text', CommandTimeout='30']
INSERT INTO "ProtocolInbox" ("MessageId", "ContentHash", "FirstResponseJson", "MessageType", "ReceivedAt", "RequestJson")
VALUES (@p0, @p1, @p2, @p3, @p4, @p5);
[21:02:20 INF] Executed DbCommand (0ms) [Parameters=[@__messageId_0='?' (Size = 36)], CommandType='Text', CommandTimeout='30']
SELECT "p"."MessageId", "p"."AcknowledgedAt", "p"."CreatedAt", "p"."FencedAt", "p"."MessageType", "p"."PayloadJson"
FROM "ProtocolOutbox" AS "p"
WHERE "p"."MessageId" = @__messageId_0
LIMIT 2
[21:02:20 INF] Executed DbCommand (0ms) [Parameters=[@__messageId_0='?' (Size = 36)], CommandType='Text', CommandTimeout='30']
SELECT "p"."MessageId", "p"."AcknowledgedAt", "p"."CreatedAt", "p"."FencedAt", "p"."MessageType", "p"."PayloadJson"
FROM "ProtocolOutbox" AS "p"
WHERE "p"."MessageId" = @__messageId_0
LIMIT 2
[21:02:20 INF] Executed DbCommand (1ms) [Parameters=[@p0='?' (Size = 36), @p1='?' (DbType = DateTimeOffset), @p2='?' (DbType = DateTimeOffset), @p3='?' (DbType = DateTimeOffset), @p4='?' (Size = 28), @p5='?' (Size = 731)], CommandType='Text', CommandTimeout='30']
INSERT INTO "ProtocolOutbox" ("MessageId", "AcknowledgedAt", "CreatedAt", "FencedAt", "MessageType", "PayloadJson")
VALUES (@p0, @p1, @p2, @p3, @p4, @p5);
[21:02:20 INF] Executed DbCommand (0ms) [Parameters=[@__messageId_0='?' (Size = 36)], CommandType='Text', CommandTimeout='30']
SELECT "p"."MessageId", "p"."AcknowledgedAt", "p"."CreatedAt", "p"."FencedAt", "p"."MessageType", "p"."PayloadJson"
FROM "ProtocolOutbox" AS "p"
WHERE "p"."MessageId" = @__messageId_0
LIMIT 2
[21:02:20 INF] Executed DbCommand (0ms) [Parameters=[@__messageId_0='?' (Size = 36)], CommandType='Text', CommandTimeout='30']
SELECT "p"."MessageId", "p"."AcknowledgedAt", "p"."CreatedAt", "p"."FencedAt", "p"."MessageType", "p"."PayloadJson"
FROM "ProtocolOutbox" AS "p"
WHERE "p"."MessageId" = @__messageId_0
LIMIT 2
[21:02:20 INF] Executed DbCommand (0ms) [Parameters=[@p1='?' (Size = 36), @p0='?' (DbType = DateTimeOffset)], CommandType='Text', CommandTimeout='30']
UPDATE "JourneyRuntimes" SET "StationDepartureWaitStartedAt" = @p0
WHERE "DemandId" = @p1
RETURNING 1;
[21:02:20 INF] Executed DbCommand (0ms) [Parameters=[@p0='?' (Size = 36), @p1='?' (DbType = DateTimeOffset), @p2='?' (DbType = DateTimeOffset), @p3='?' (DbType = DateTimeOffset), @p4='?' (Size = 27), @p5='?' (Size = 806)], CommandType='Text', CommandTimeout='30']
INSERT INTO "ProtocolOutbox" ("MessageId", "AcknowledgedAt", "CreatedAt", "FencedAt", "MessageType", "PayloadJson")
VALUES (@p0, @p1, @p2, @p3, @p4, @p5);
[21:02:20 INF] Executed DbCommand (0ms) [Parameters=[@__messageId_0='?' (Size = 36)], CommandType='Text', CommandTimeout='30']
SELECT "p"."MessageId", "p"."ContentHash", "p"."FirstResponseJson", "p"."MessageType", "p"."ReceivedAt", "p"."RequestJson"
FROM "ProtocolInbox" AS "p"
WHERE "p"."MessageId" = @__messageId_0
LIMIT 2
[21:02:20 INF] Executed DbCommand (0ms) [Parameters=[@__messageId_0='?' (Size = 36)], CommandType='Text', CommandTimeout='30']
SELECT "p"."MessageId", "p"."AcknowledgedAt", "p"."CreatedAt", "p"."FencedAt", "p"."MessageType", "p"."PayloadJson"
FROM "ProtocolOutbox" AS "p"
WHERE "p"."MessageId" = @__messageId_0
LIMIT 2
[21:02:20 INF] Executed DbCommand (0ms) [Parameters=[@p1='?' (Size = 36), @p0='?' (DbType = DateTimeOffset)], CommandType='Text', CommandTimeout='30']
UPDATE "ProtocolOutbox" SET "AcknowledgedAt" = @p0
WHERE "MessageId" = @p1
RETURNING 1;
[21:02:20 INF] Executed DbCommand (0ms) [Parameters=[@p0='?' (Size = 36), @p1='?' (Size = 64), @p2='?', @p3='?' (Size = 18), @p4='?' (DbType = DateTimeOffset), @p5='?' (Size = 633)], CommandType='Text', CommandTimeout='30']
INSERT INTO "ProtocolInbox" ("MessageId", "ContentHash", "FirstResponseJson", "MessageType", "ReceivedAt", "RequestJson")
VALUES (@p0, @p1, @p2, @p3, @p4, @p5);
[21:02:20 INF] Executed DbCommand (0ms) [Parameters=[@__messageId_0='?' (Size = 36)], CommandType='Text', CommandTimeout='30']
SELECT "p"."MessageId", "p"."AcknowledgedAt", "p"."CreatedAt", "p"."FencedAt", "p"."MessageType", "p"."PayloadJson"
FROM "ProtocolOutbox" AS "p"
WHERE "p"."MessageId" = @__messageId_0 AND "p"."AcknowledgedAt" IS NULL AND "p"."FencedAt" IS NULL
LIMIT 2
[21:02:20 INF] Executed DbCommand (0ms) [Parameters=[@__messageId_0='?' (Size = 36)], CommandType='Text', CommandTimeout='30']
SELECT "p"."MessageId", "p"."AcknowledgedAt", "p"."CreatedAt", "p"."FencedAt", "p"."MessageType", "p"."PayloadJson"
FROM "ProtocolOutbox" AS "p"
WHERE "p"."MessageId" = @__messageId_0
LIMIT 2
[21:02:20 INF] Executed DbCommand (0ms) [Parameters=[@__messageId_0='?' (Size = 36)], CommandType='Text', CommandTimeout='30']
SELECT "p"."MessageId", "p"."AcknowledgedAt", "p"."CreatedAt", "p"."FencedAt", "p"."MessageType", "p"."PayloadJson"
FROM "ProtocolOutbox" AS "p"
WHERE "p"."MessageId" = @__messageId_0
LIMIT 2
[21:02:20 INF] Executed DbCommand (1ms) [Parameters=[@p0='?' (Size = 36), @p1='?' (DbType = DateTimeOffset), @p2='?' (DbType = DateTimeOffset), @p3='?' (DbType = DateTimeOffset), @p4='?' (Size = 24), @p5='?' (Size = 953)], CommandType='Text', CommandTimeout='30']
INSERT INTO "ProtocolOutbox" ("MessageId", "AcknowledgedAt", "CreatedAt", "FencedAt", "MessageType", "PayloadJson")
VALUES (@p0, @p1, @p2, @p3, @p4, @p5);
[21:02:20 INF] Executed DbCommand (0ms) [Parameters=[@__messageId_0='?' (Size = 36)], CommandType='Text', CommandTimeout='30']
SELECT "p"."MessageId", "p"."ContentHash", "p"."FirstResponseJson", "p"."MessageType", "p"."ReceivedAt", "p"."RequestJson"
FROM "ProtocolInbox" AS "p"
WHERE "p"."MessageId" = @__messageId_0
LIMIT 2
[21:02:20 INF] Executed DbCommand (0ms) [Parameters=[@__messageId_0='?' (Size = 36)], CommandType='Text', CommandTimeout='30']
SELECT "p"."MessageId", "p"."AcknowledgedAt", "p"."CreatedAt", "p"."FencedAt", "p"."MessageType", "p"."PayloadJson"
FROM "ProtocolOutbox" AS "p"
WHERE "p"."MessageId" = @__messageId_0
LIMIT 2
[21:02:20 INF] Executed DbCommand (0ms) [Parameters=[@p1='?' (Size = 36), @p0='?' (DbType = DateTimeOffset)], CommandType='Text', CommandTimeout='30']
UPDATE "ProtocolOutbox" SET "AcknowledgedAt" = @p0
WHERE "MessageId" = @p1
RETURNING 1;
[21:02:20 INF] Executed DbCommand (0ms) [Parameters=[@__messageId_0='?' (Size = 36)], CommandType='Text', CommandTimeout='30']
SELECT "p"."MessageId", "p"."AcknowledgedAt", "p"."CreatedAt", "p"."FencedAt", "p"."MessageType", "p"."PayloadJson"
FROM "ProtocolOutbox" AS "p"
WHERE "p"."MessageId" = @__messageId_0
LIMIT 2
[21:02:20 INF] Executed DbCommand (0ms) [Parameters=[@p0='?' (Size = 36), @p1='?' (Size = 64), @p2='?', @p3='?' (Size = 18), @p4='?' (DbType = DateTimeOffset), @p5='?' (Size = 633)], CommandType='Text', CommandTimeout='30']
INSERT INTO "ProtocolInbox" ("MessageId", "ContentHash", "FirstResponseJson", "MessageType", "ReceivedAt", "RequestJson")
VALUES (@p0, @p1, @p2, @p3, @p4, @p5);
[21:02:20 INF] Executed DbCommand (0ms) [Parameters=[@__messageId_0='?' (Size = 36)], CommandType='Text', CommandTimeout='30']
SELECT "p"."MessageId", "p"."AcknowledgedAt", "p"."CreatedAt", "p"."FencedAt", "p"."MessageType", "p"."PayloadJson"
FROM "ProtocolOutbox" AS "p"
WHERE "p"."MessageId" = @__messageId_0
LIMIT 2
[21:02:20 INF] Executed DbCommand (1ms) [Parameters=[@p0='?' (Size = 36), @p1='?' (DbType = DateTimeOffset), @p2='?' (DbType = DateTimeOffset), @p3='?' (DbType = DateTimeOffset), @p4='?' (Size = 20), @p5='?' (Size = 615)], CommandType='Text', CommandTimeout='30']
INSERT INTO "ProtocolOutbox" ("MessageId", "AcknowledgedAt", "CreatedAt", "FencedAt", "MessageType", "PayloadJson")
VALUES (@p0, @p1, @p2, @p3, @p4, @p5);
[21:02:20 INF] Executed DbCommand (0ms) [Parameters=[@__messageId_0='?' (Size = 36)], CommandType='Text', CommandTimeout='30']
SELECT "p"."MessageId", "p"."ContentHash", "p"."FirstResponseJson", "p"."MessageType", "p"."ReceivedAt", "p"."RequestJson"
FROM "ProtocolInbox" AS "p"
WHERE "p"."MessageId" = @__messageId_0
LIMIT 2
[21:02:20 INF] Executed DbCommand (0ms) [Parameters=[@p2='?' (Size = 36), @p0='?' (Size = 14), @p1='?' (DbType = DateTimeOffset)], CommandType='Text', CommandTimeout='30']
UPDATE "JourneyRuntimes" SET "Stage" = @p0, "UpdatedAt" = @p1
WHERE "DemandId" = @p2
RETURNING 1;
[21:02:20 INF] Start processing HTTP request GET http://127.0.0.1:48408/api/task/v1/task/getVehicleInfo/BROKERX-L2-0001
[21:02:20 INF] Sending HTTP request GET http://127.0.0.1:48408/api/task/v1/task/getVehicleInfo/BROKERX-L2-0001
[21:02:20 INF] Received HTTP response headers after 0.6241ms - 200
[21:02:20 INF] End processing HTTP request after 1.9613ms - 200
[21:02:20 INF] Start processing HTTP request GET http://127.0.0.1:48408/api/order/v1/orderRecord?pageNum=1&pageSize=100&filterByState=1&filterByState=3&filterByState=7&filterByState=9
[21:02:20 INF] Sending HTTP request GET http://127.0.0.1:48408/api/order/v1/orderRecord?pageNum=1&pageSize=100&filterByState=1&filterByState=3&filterByState=7&filterByState=9
[21:02:20 INF] Received HTTP response headers after 1.1174ms - 200
[21:02:20 INF] End processing HTTP request after 1.9604ms - 200
[21:02:20 INF] HTTP GET /api/onboard/v1/vehicle-safety responded 200 in 5.5363 ms
[21:02:20 INF] Executed DbCommand (0ms) [Parameters=[@__messageId_0='?' (Size = 36)], CommandType='Text', CommandTimeout='30']
SELECT "p"."MessageId", "p"."AcknowledgedAt", "p"."CreatedAt", "p"."FencedAt", "p"."MessageType", "p"."PayloadJson"
FROM "ProtocolOutbox" AS "p"
WHERE "p"."MessageId" = @__messageId_0
LIMIT 2
[21:02:20 INF] Executed DbCommand (0ms) [Parameters=[@p1='?' (Size = 36), @p0='?' (DbType = DateTimeOffset)], CommandType='Text', CommandTimeout='30']
UPDATE "ProtocolOutbox" SET "AcknowledgedAt" = @p0
WHERE "MessageId" = @p1
RETURNING 1;
[21:02:20 INF] Executed DbCommand (0ms) [Parameters=[@p0='?' (Size = 36), @p1='?' (Size = 64), @p2='?', @p3='?' (Size = 18), @p4='?' (DbType = DateTimeOffset), @p5='?' (Size = 630)], CommandType='Text', CommandTimeout='30']
INSERT INTO "ProtocolInbox" ("MessageId", "ContentHash", "FirstResponseJson", "MessageType", "ReceivedAt", "RequestJson")
VALUES (@p0, @p1, @p2, @p3, @p4, @p5);
[21:02:20 INF] Executed DbCommand (0ms) [Parameters=[@__messageId_0='?' (Size = 36)], CommandType='Text', CommandTimeout='30']
SELECT "p"."MessageId", "p"."ContentHash", "p"."FirstResponseJson", "p"."MessageType", "p"."ReceivedAt", "p"."RequestJson"
FROM "ProtocolInbox" AS "p"
WHERE "p"."MessageId" = @__messageId_0
LIMIT 2
[21:02:20 INF] Executed DbCommand (0ms) [Parameters=[@p0='?' (Size = 36), @p1='?' (Size = 64), @p2='?' (Size = 663), @p3='?' (Size = 15), @p4='?' (DbType = DateTimeOffset), @p5='?' (Size = 680)], CommandType='Text', CommandTimeout='30']
INSERT INTO "ProtocolInbox" ("MessageId", "ContentHash", "FirstResponseJson", "MessageType", "ReceivedAt", "RequestJson")
VALUES (@p0, @p1, @p2, @p3, @p4, @p5);
[21:02:21 INF] Start processing HTTP request GET http://127.0.0.1:48408/api/imap/v1/mapInfo/stations/25
[21:02:21 INF] Sending HTTP request GET http://127.0.0.1:48408/api/imap/v1/mapInfo/stations/25
[21:02:21 INF] Received HTTP response headers after 0.7025ms - 200
[21:02:21 INF] End processing HTTP request after 4.1133ms - 200
[21:02:21 INF] Executed DbCommand (0ms) [Parameters=[@__mapId_0='?' (DbType = Int32)], CommandType='Text', CommandTimeout='30']
SELECT "t"."MapId", "t"."ActiveVersion", "t"."PendingVersion", "t"."State", "t"."UpdatedAt"
FROM "TaskTypeStationActiveBindingSets" AS "t"
WHERE "t"."MapId" = @__mapId_0
LIMIT 2
[21:02:21 INF] Executed DbCommand (0ms) [Parameters=[@__mapId_0='?' (DbType = Int32), @__version_1='?' (DbType = Int64)], CommandType='Text', CommandTimeout='30']
SELECT "t"."MapId", "t"."Version", "t"."CatalogRevision", "t"."ContentSha256", "t"."LoadedAt", "t"."RuleVersion", "t"."SnapshotId", "t"."Source"
FROM "TaskTypeStationBindingSetVersions" AS "t"
WHERE "t"."MapId" = @__mapId_0 AND "t"."Version" = @__version_1
LIMIT 2
[21:02:21 INF] Executed DbCommand (0ms) [Parameters=[@__mapId_0='?' (DbType = Int32), @__version_1='?' (DbType = Int64)], CommandType='Text', CommandTimeout='30']
SELECT "t"."TaskType"
FROM "TaskTypeStationRequirements" AS "t"
WHERE "t"."MapId" = @__mapId_0 AND "t"."Version" = @__version_1
[21:02:21 INF] Executed DbCommand (0ms) [Parameters=[@__mapId_0='?' (DbType = Int32), @__version_1='?' (DbType = Int64)], CommandType='Text', CommandTimeout='30']
SELECT "t"."MapId", "t"."Version", "t"."TaskType", "t"."SiteVerificationRef", "t"."StationName", "t"."StationRiotId"
FROM "TaskTypeStationBindings" AS "t"
WHERE "t"."MapId" = @__mapId_0 AND "t"."Version" = @__version_1
[21:02:21 INF] Executed DbCommand (0ms) [Parameters=[@__version_0='?' (DbType = Int64)], CommandType='Text', CommandTimeout='30']
SELECT "t"."Version", "t"."ContentSha256", "t"."LoadedAt", "t"."SnapshotId", "t"."Source"
FROM "TaskTypeStationRuleVersions" AS "t"
WHERE "t"."Version" = @__version_0
LIMIT 2
[21:02:21 INF] Executed DbCommand (0ms) [Parameters=[@__version_0='?' (DbType = Int64)], CommandType='Text', CommandTimeout='30']
SELECT "t"."Version", "t"."TaskType", "t"."FixedEnd"
FROM "TaskTypeStationRules" AS "t"
WHERE "t"."Version" = @__version_0
[21:02:21 INF] Executed DbCommand (0ms) [Parameters=[@__mapId_0='?' (DbType = Int32)], CommandType='Text', CommandTimeout='30']
SELECT "t"."MapId", "t"."ActiveVersion", "t"."PendingVersion", "t"."State", "t"."UpdatedAt"
FROM "TaskTypeStationActiveBindingSets" AS "t"
WHERE "t"."MapId" = @__mapId_0
LIMIT 2
[21:02:21 INF] Executed DbCommand (0ms) [Parameters=[@__mapId_0='?' (DbType = Int32)], CommandType='Text', CommandTimeout='30']
SELECT "t"."HoldId", "t"."DetailJson", "t"."MapId", "t"."RaisedAt", "t"."RaisedBy", "t"."ReasonCode", "t"."ReleasedAt", "t"."ReleasedBy", "t"."Source", "t"."TaskType"
FROM "TaskTypeStationHolds" AS "t"
WHERE "t"."MapId" = @__mapId_0 AND "t"."ReleasedAt" IS NULL
[21:02:21 INF] Executed DbCommand (0ms) [Parameters=[@__mapId_0='?' (DbType = Int32)], CommandType='Text', CommandTimeout='30']
SELECT "m"."MapId", "m"."ApprovedMaxUnconfirmedSeconds", "m"."ApprovedSyncPeriodSeconds", "m"."CatalogRevision", "m"."LastAttemptAt", "m"."LastCompleteConfirmationAt", "m"."LastFailureReason", "m"."State", "m"."UpdatedAt"
FROM "MapStationCatalogStates" AS "m"
WHERE "m"."MapId" = @__mapId_0
LIMIT 2
[21:02:21 INF] Executed DbCommand (0ms) [Parameters=[@p3='?' (DbType = Int32), @p0='?' (DbType = DateTimeOffset), @p1='?' (DbType = DateTimeOffset), @p2='?' (DbType = DateTimeOffset)], CommandType='Text', CommandTimeout='30']
UPDATE "MapStationCatalogStates" SET "LastAttemptAt" = @p0, "LastCompleteConfirmationAt" = @p1, "UpdatedAt" = @p2
WHERE "MapId" = @p3
RETURNING 1;
[21:02:21 INF] Executed DbCommand (0ms) [Parameters=[@__mapId_0='?' (DbType = Int32)], CommandType='Text', CommandTimeout='30']
SELECT "t"."MapId", "t"."ActiveVersion", "t"."PendingVersion", "t"."State", "t"."UpdatedAt"
FROM "TaskTypeStationActiveBindingSets" AS "t"
WHERE "t"."MapId" = @__mapId_0
LIMIT 2
[21:02:21 INF] Executed DbCommand (0ms) [Parameters=[@__mapId_0='?' (DbType = Int32), @__version_1='?' (DbType = Int64)], CommandType='Text', CommandTimeout='30']
SELECT "t"."MapId", "t"."Version", "t"."CatalogRevision", "t"."ContentSha256", "t"."LoadedAt", "t"."RuleVersion", "t"."SnapshotId", "t"."Source"
FROM "TaskTypeStationBindingSetVersions" AS "t"
WHERE "t"."MapId" = @__mapId_0 AND "t"."Version" = @__version_1
LIMIT 2
[21:02:21 INF] Executed DbCommand (0ms) [Parameters=[@__mapId_0='?' (DbType = Int32), @__version_1='?' (DbType = Int64)], CommandType='Text', CommandTimeout='30']
SELECT "t"."TaskType"
FROM "TaskTypeStationRequirements" AS "t"
WHERE "t"."MapId" = @__mapId_0 AND "t"."Version" = @__version_1
[21:02:21 INF] Executed DbCommand (0ms) [Parameters=[@__mapId_0='?' (DbType = Int32), @__version_1='?' (DbType = Int64)], CommandType='Text', CommandTimeout='30']
SELECT "t"."MapId", "t"."Version", "t"."TaskType", "t"."SiteVerificationRef", "t"."StationName", "t"."StationRiotId"
FROM "TaskTypeStationBindings" AS "t"
WHERE "t"."MapId" = @__mapId_0 AND "t"."Version" = @__version_1
[21:02:21 INF] Executed DbCommand (0ms) [Parameters=[@__mapId_0='?' (DbType = Int32)], CommandType='Text', CommandTimeout='30']
SELECT "t"."MapId", "t"."ActiveVersion", "t"."PendingVersion", "t"."State", "t"."UpdatedAt"
FROM "TaskTypeStationActiveBindingSets" AS "t"
WHERE "t"."MapId" = @__mapId_0
LIMIT 2
[21:02:21 INF] Executed DbCommand (0ms) [Parameters=[@__mapId_0='?' (DbType = Int32), @__version_1='?' (DbType = Int64)], CommandType='Text', CommandTimeout='30']
SELECT "t"."MapId", "t"."Version", "t"."CatalogRevision", "t"."ContentSha256", "t"."LoadedAt", "t"."RuleVersion", "t"."SnapshotId", "t"."Source"
FROM "TaskTypeStationBindingSetVersions" AS "t"
WHERE "t"."MapId" = @__mapId_0 AND "t"."Version" = @__version_1
LIMIT 2
[21:02:21 INF] Executed DbCommand (0ms) [Parameters=[@__mapId_0='?' (DbType = Int32), @__version_1='?' (DbType = Int64)], CommandType='Text', CommandTimeout='30']
SELECT "t"."TaskType"
FROM "TaskTypeStationRequirements" AS "t"
WHERE "t"."MapId" = @__mapId_0 AND "t"."Version" = @__version_1
[21:02:21 INF] Executed DbCommand (0ms) [Parameters=[@__mapId_0='?' (DbType = Int32), @__version_1='?' (DbType = Int64)], CommandType='Text', CommandTimeout='30']
SELECT "t"."MapId", "t"."Version", "t"."TaskType", "t"."SiteVerificationRef", "t"."StationName", "t"."StationRiotId"
FROM "TaskTypeStationBindings" AS "t"
WHERE "t"."MapId" = @__mapId_0 AND "t"."Version" = @__version_1
[21:02:21 INF] Executed DbCommand (0ms) [Parameters=[@__version_0='?' (DbType = Int64)], CommandType='Text', CommandTimeout='30']
SELECT "t"."Version", "t"."ContentSha256", "t"."LoadedAt", "t"."SnapshotId", "t"."Source"
FROM "TaskTypeStationRuleVersions" AS "t"
WHERE "t"."Version" = @__version_0
LIMIT 2
[21:02:21 INF] Executed DbCommand (0ms) [Parameters=[@__version_0='?' (DbType = Int64)], CommandType='Text', CommandTimeout='30']
SELECT "t"."Version", "t"."TaskType", "t"."FixedEnd"
FROM "TaskTypeStationRules" AS "t"
WHERE "t"."Version" = @__version_0
[21:02:21 INF] Executed DbCommand (0ms) [Parameters=[], CommandType='Text', CommandTimeout='30']
SELECT "a"."Id", "a"."ContentHash", "a"."DeploymentId", "a"."ImportedAt", "a"."Version"
FROM "AdmissionPolicyState" AS "a"
WHERE "a"."Id" = 1
LIMIT 2
[21:02:21 INF] Executed DbCommand (0ms) [Parameters=[], CommandType='Text', CommandTimeout='30']
SELECT "j"."DemandId", "j"."AgvId", "j"."AgvLifecycleGeneration", "j"."BlockReasonCode", "j"."BlockReasonSince", "j"."ConsumedSafetyResultMessageId", "j"."ConsumedSublotMessageId", "j"."CreatedAt", "j"."DispatchGeneration", "j"."DispatchZone", "j"."ExpectedBasketCount", "j"."GateMovementLegId", "j"."GatePlanMessageId", "j"."GateStationId", "j"."GateStationRiotId", "j"."GateUpperId", "j"."GateVehicleBusinessMessageId", "j"."GateWorklistMessageId", "j"."LoadCommandMessageId", "j"."LoadSlotOperationAttemptId", "j"."MapId", "j"."MapIdentity", "j"."OperationSessionId", "j"."PickupMovementLegId", "j"."PickupStationId", "j"."PickupStationRiotId", "j"."PickupUpperId", "j"."PlanMessageId", "j"."PlanRevision", "j"."PreDepartureSafetyCheckId", "j"."PreDepartureSafetyCheckMessageId", "j"."RouteEvidenceId", "j"."Stage", "j"."StationDepartureWaitStartedAt", "j"."SublotRequestMessageId", "j"."TargetSlotsJson", "j"."UnloadCommandMessageId", "j"."UnloadSlotOperationAttemptId", "j"."UpdatedAt", "j"."VehicleBusinessMessageId", "j"."VehicleBusinessRevision", "j"."VehicleKey", "j"."WorklistMessageId", "j"."WorklistRevision"
FROM "JourneyRuntimes" AS "j"
WHERE "j"."Stage" <> 'Completed'
[21:02:21 INF] Executed DbCommand (0ms) [Parameters=[@__agvId_0='?' (Size = 10)], CommandType='Text', CommandTimeout='30']
SELECT "s"."AgvId", "s"."ActiveUnlockSlotsJson", "s"."CapabilityHash", "s"."CapabilityRevision", "s"."DepartureSafe", "s"."ForcedRecoveryGeneration", "s"."ManifestSha256", "s"."PendingAttemptIdsJson", "s"."PendingResultIdsJson", "s"."ProfileId", "s"."ProtocolCommit", "s"."ProtocolVersion", "s"."ProvenRecoveryCheckpoint", "s"."Readiness", "s"."ReasonCode", "s"."RecoveryReportId", "s"."ReportedForcedRecoveryGeneration", "s"."ReportedSlotConfigurationFingerprint", "s"."SafetyHash", "s"."SafetyReasonCodesJson", "s"."SafetyRevision", "s"."SafetyUnknownPresent", "s"."SessionGeneration", "s"."UnsettledSlotOperationAttemptId", "s"."UpdatedAt"
FROM "SessionRecoveries" AS "s"
WHERE "s"."AgvId" = @__agvId_0 AND "s"."Readiness" = 'Ready'
LIMIT 2
[21:02:21 INF] Executed DbCommand (0ms) [Parameters=[], CommandType='Text', CommandTimeout='30']
SELECT "p"."MessageId", "p"."AcknowledgedAt", "p"."CreatedAt", "p"."FencedAt", "p"."MessageType", "p"."PayloadJson"
FROM "ProtocolOutbox" AS "p"
WHERE "p"."AcknowledgedAt" IS NULL AND "p"."FencedAt" IS NULL
[21:02:21 INF] Executed DbCommand (0ms) [Parameters=[@__operationSessionId_0='?' (Size = 36)], CommandType='Text', CommandTimeout='30']
SELECT "p"."MessageId", "p"."ContentHash", "p"."FirstResponseJson", "p"."MessageType", "p"."ReceivedAt", "p"."RequestJson"
FROM "ProtocolInbox" AS "p"
WHERE "p"."MessageType" = 'SublotSubmitted' AND instr("p"."RequestJson", @__operationSessionId_0) > 0
[21:02:21 INF] Executed DbCommand (0ms) [Parameters=[@__submissionId_0='?' (Size = 36)], CommandType='Text', CommandTimeout='30']
SELECT "p"."PayloadJson"
FROM "ProtocolOutbox" AS "p"
WHERE "p"."MessageType" = 'SublotRejected' AND instr("p"."PayloadJson", @__submissionId_0) > 0
[21:02:21 INF] Executed DbCommand (0ms) [Parameters=[@__demandId_0='?' (Size = 36)], CommandType='Text', CommandTimeout='30']
SELECT EXISTS (
    SELECT 1
    FROM "RecoveryWorkflows" AS "r"
    WHERE "r"."DemandId" = @__demandId_0 AND "r"."WorkflowType" = 'LOAD_CANCELLATION' AND "r"."State" = 'AwaitingResult')
[21:02:21 INF] Executed DbCommand (0ms) [Parameters=[@__runtime_DemandId_0='?' (Size = 36)], CommandType='Text', CommandTimeout='30']
SELECT "a"."DemandId", "a"."AcceptedAt", "a"."CatalogRevision", "a"."CreatedAt", "a"."DemandRevision", "a"."Generation", "a"."HistoryEpoch", "a"."LiveMesFieldsJson", "a"."SeriesId", "a"."Status", "a"."Sublot", "a"."TransportDemandKey", "a"."ValueObservedAt", "a"."ValuePollTraceId", "a"."ValueProjectionCommitId", "a"."WorkType"
FROM "AcceptedDemands" AS "a"
WHERE "a"."DemandId" = @__runtime_DemandId_0
[21:02:21 INF] Executed DbCommand (0ms) [Parameters=[@__demandId_0='?' (Size = 36)], CommandType='Text', CommandTimeout='30']
SELECT "c"."ConsumerKind", "c"."ConsumerId", "c"."ObjectKind", "c"."ObjectId", "c"."FrozenAt", "c"."FrozenVersion", "c"."SnapshotId"
FROM "ConfigurationConsumerBindings" AS "c"
WHERE "c"."ConsumerKind" = 'TransportDemand' AND "c"."ConsumerId" = @__demandId_0 AND (("c"."ObjectKind" = 'TaskTypeStationRule' AND "c"."ObjectId" = 'task-type-station-rules') OR ("c"."ObjectKind" = 'PublicStationBinding' AND "c"."ObjectId" LIKE 'map-%'))
[21:02:21 INF] Executed DbCommand (0ms) [Parameters=[@__freeze_RuleVersion_0='?' (DbType = Int64), @__taskType_1='?' (Size = 12)], CommandType='Text', CommandTimeout='30']
SELECT "t"."FixedEnd"
FROM "TaskTypeStationRules" AS "t"
WHERE "t"."Version" = @__freeze_RuleVersion_0 AND "t"."TaskType" = @__taskType_1
LIMIT 2
[21:02:21 INF] Executed DbCommand (0ms) [Parameters=[@__stationId_0='?' (Size = 9), @__taskType_1='?' (Size = 12)], CommandType='Text', CommandTimeout='30']
SELECT EXISTS (
    SELECT 1
    FROM "StationTaskTypeAdmissions" AS "s"
    WHERE "s"."StationId" = @__stationId_0 AND "s"."TaskType" = @__taskType_1)
[21:02:21 INF] Executed DbCommand (0ms) [Parameters=[], CommandType='Text', CommandTimeout='30']
SELECT "p"."RuleId", "p"."EffectiveAt", "p"."MatchType", "p"."MaxBoxesPerBasket", "p"."Pattern", "p"."Source", "p"."SupersededAt", "p"."Version"
FROM "PackageCapacityRules" AS "p"
WHERE "p"."SupersededAt" IS NULL
[21:02:21 INF] Executed DbCommand (0ms) [Parameters=[@__package_0='?' (Size = 10)], CommandType='Text', CommandTimeout='30']
SELECT "m"."Package", "m"."FirstSeenAt", "m"."LastSeenAt", "m"."Status"
FROM "MissingPackages" AS "m"
WHERE "m"."Package" = @__package_0
LIMIT 2
[21:02:21 INF] Start processing HTTP request GET http://127.0.0.1:48409/api/v2/sublot-box-count?sublot=L2-DA-20260919T130202877Z
[21:02:21 INF] Sending HTTP request GET http://127.0.0.1:48409/api/v2/sublot-box-count?sublot=L2-DA-20260919T130202877Z
[21:02:21 INF] Received HTTP response headers after 1.0958ms - 200
[21:02:21 INF] End processing HTTP request after 1.7521ms - 200
[21:02:21 INF] Executed DbCommand (0ms) [Parameters=[@__runtime_DemandId_0='?' (Size = 36)], CommandType='Text', CommandTimeout='30']
SELECT "a"."DemandId", "a"."AcceptedAt", "a"."CatalogRevision", "a"."CreatedAt", "a"."DemandRevision", "a"."Generation", "a"."HistoryEpoch", "a"."LiveMesFieldsJson", "a"."SeriesId", "a"."Status", "a"."Sublot", "a"."TransportDemandKey", "a"."ValueObservedAt", "a"."ValuePollTraceId", "a"."ValueProjectionCommitId", "a"."WorkType"
FROM "AcceptedDemands" AS "a"
WHERE "a"."DemandId" = @__runtime_DemandId_0
LIMIT 2
[21:02:21 INF] Executed DbCommand (0ms) [Parameters=[@__demandId_0='?' (Size = 36)], CommandType='Text', CommandTimeout='30']
SELECT "c"."ConsumerKind", "c"."ConsumerId", "c"."ObjectKind", "c"."ObjectId", "c"."FrozenAt", "c"."FrozenVersion", "c"."SnapshotId"
FROM "ConfigurationConsumerBindings" AS "c"
WHERE "c"."ConsumerKind" = 'TransportDemand' AND "c"."ConsumerId" = @__demandId_0 AND (("c"."ObjectKind" = 'TaskTypeStationRule' AND "c"."ObjectId" = 'task-type-station-rules') OR ("c"."ObjectKind" = 'PublicStationBinding' AND "c"."ObjectId" LIKE 'map-%'))
[21:02:21 INF] Executed DbCommand (0ms) [Parameters=[@__freeze_RuleVersion_0='?' (DbType = Int64), @__taskType_1='?' (Size = 12)], CommandType='Text', CommandTimeout='30']
SELECT "t"."FixedEnd"
FROM "TaskTypeStationRules" AS "t"
WHERE "t"."Version" = @__freeze_RuleVersion_0 AND "t"."TaskType" = @__taskType_1
LIMIT 2
[21:02:21 INF] Executed DbCommand (0ms) [Parameters=[@__messageId_0='?' (Size = 36)], CommandType='Text', CommandTimeout='30']
SELECT "p"."MessageId", "p"."AcknowledgedAt", "p"."CreatedAt", "p"."FencedAt", "p"."MessageType", "p"."PayloadJson"
FROM "ProtocolOutbox" AS "p"
WHERE "p"."MessageId" = @__messageId_0
LIMIT 2
[21:02:21 INF] Executed DbCommand (0ms) [Parameters=[@__demandId_0='?' (Size = 36)], CommandType='Text', CommandTimeout='30']
SELECT "c"."ConsumerKind", "c"."ConsumerId", "c"."ObjectKind", "c"."ObjectId", "c"."FrozenAt", "c"."FrozenVersion", "c"."SnapshotId"
FROM "ConfigurationConsumerBindings" AS "c"
WHERE "c"."ConsumerKind" = 'TransportDemand' AND "c"."ConsumerId" = @__demandId_0 AND (("c"."ObjectKind" = 'TaskTypeStationRule' AND "c"."ObjectId" = 'task-type-station-rules') OR ("c"."ObjectKind" = 'PublicStationBinding' AND "c"."ObjectId" LIKE 'map-%'))
[21:02:21 INF] Executed DbCommand (0ms) [Parameters=[@__freeze_RuleVersion_0='?' (DbType = Int64), @__taskType_1='?' (Size = 12)], CommandType='Text', CommandTimeout='30']
SELECT "t"."FixedEnd"
FROM "TaskTypeStationRules" AS "t"
WHERE "t"."Version" = @__freeze_RuleVersion_0 AND "t"."TaskType" = @__taskType_1
LIMIT 2
[21:02:21 INF] Executed DbCommand (0ms) [Parameters=[@__plan_SlotOperationAttemptId_0='?' (Size = 36)], CommandType='Text', CommandTimeout='30']
SELECT "s"."SlotOperationAttemptId", "s"."CommittedAt", "s"."ContentHash", "s"."CreatedAt", "s"."DemandId", "s"."EvidenceJson", "s"."ForcedRecoveryGeneration", "s"."OperationType", "s"."Status", "s"."SublotId", "s"."TargetSlotsJson"
FROM "StationOperations" AS "s"
WHERE "s"."SlotOperationAttemptId" = @__plan_SlotOperationAttemptId_0
LIMIT 2
[21:02:21 INF] Executed DbCommand (0ms) [Parameters=[@__messageId_0='?' (Size = 36)], CommandType='Text', CommandTimeout='30']
SELECT EXISTS (
    SELECT 1
    FROM "ProtocolOutbox" AS "p"
    WHERE "p"."MessageId" = @__messageId_0)
[21:02:21 INF] Executed DbCommand (0ms) [Parameters=[], CommandType='Text', CommandTimeout='30']
SELECT "a"."Id", "a"."ContentHash", "a"."DeploymentId", "a"."ImportedAt", "a"."Version"
FROM "AdmissionPolicyState" AS "a"
WHERE "a"."Id" = 1
LIMIT 2
[21:02:21 INF] Executed DbCommand (0ms) [Parameters=[@__plan_AdmissionStationId_0='?' (Size = 9), @__plan_AdmissionTaskType_1='?' (Size = 12)], CommandType='Text', CommandTimeout='30']
SELECT EXISTS (
    SELECT 1
    FROM "StationTaskTypeAdmissions" AS "s"
    WHERE "s"."StationId" = @__plan_AdmissionStationId_0 AND "s"."TaskType" = @__plan_AdmissionTaskType_1)
[21:02:21 INF] Executed DbCommand (0ms) [Parameters=[@p0='?' (Size = 36), @p1='?' (DbType = Int64), @p2='?' (DbType = DateTimeOffset), @p3='?' (DbType = Boolean), @p4='?' (Size = 9), @p5='?' (Size = 12)], CommandType='Text', CommandTimeout='30']
INSERT INTO "AdmissionDecisionSnapshots" ("SlotOperationAttemptId", "AdmissionPolicyVersion", "AdmittedAt", "Allowed", "StationId", "TaskType")
VALUES (@p0, @p1, @p2, @p3, @p4, @p5);
[21:02:21 INF] Executed DbCommand (0ms) [Parameters=[@p0='?' (Size = 36), @p1='?' (DbType = DateTimeOffset), @p2='?' (DbType = DateTimeOffset), @p3='?' (DbType = DateTimeOffset), @p4='?' (Size = 20), @p5='?' (Size = 790)], CommandType='Text', CommandTimeout='30']
INSERT INTO "ProtocolOutbox" ("MessageId", "AcknowledgedAt", "CreatedAt", "FencedAt", "MessageType", "PayloadJson")
VALUES (@p0, @p1, @p2, @p3, @p4, @p5);
[21:02:21 INF] Executed DbCommand (0ms) [Parameters=[@p0='?' (Size = 36), @p1='?' (DbType = DateTimeOffset), @p2='?' (Size = 64), @p3='?' (DbType = DateTimeOffset), @p4='?' (Size = 36), @p5='?', @p6='?' (DbType = Int64), @p7='?' (Size = 4), @p8='?' (Size = 8), @p9='?' (Size = 25), @p10='?' (Size = 3)], CommandType='Text', CommandTimeout='30']
INSERT INTO "StationOperations" ("SlotOperationAttemptId", "CommittedAt", "ContentHash", "CreatedAt", "DemandId", "EvidenceJson", "ForcedRecoveryGeneration", "OperationType", "Status", "SublotId", "TargetSlotsJson")
VALUES (@p0, @p1, @p2, @p3, @p4, @p5, @p6, @p7, @p8, @p9, @p10);
[21:02:21 INF] Executed DbCommand (0ms) [Parameters=[@__messageId_0='?' (Size = 36)], CommandType='Text', CommandTimeout='30']
SELECT "p"."MessageId", "p"."AcknowledgedAt", "p"."CreatedAt", "p"."FencedAt", "p"."MessageType", "p"."PayloadJson"
FROM "ProtocolOutbox" AS "p"
WHERE "p"."MessageId" = @__messageId_0
LIMIT 2
[21:02:21 INF] Executed DbCommand (0ms) [Parameters=[@p1='?' (Size = 36), @p0='?' (Size = 36)], CommandType='Text', CommandTimeout='30']
UPDATE "JourneyRuntimes" SET "ConsumedSublotMessageId" = @p0
WHERE "DemandId" = @p1
RETURNING 1;
[21:02:21 INF] Executed DbCommand (0ms) [Parameters=[@p1='?' (Size = 36), @p0='?' (DbType = DateTimeOffset)], CommandType='Text', CommandTimeout='30']
UPDATE "ProtocolOutbox" SET "AcknowledgedAt" = @p0
WHERE "MessageId" = @p1
RETURNING 1;
[21:02:21 INF] Executed DbCommand (0ms) [Parameters=[@p2='?' (Size = 36), @p0='?' (Size = 18), @p1='?' (DbType = DateTimeOffset)], CommandType='Text', CommandTimeout='30']
UPDATE "JourneyRuntimes" SET "Stage" = @p0, "UpdatedAt" = @p1
WHERE "DemandId" = @p2
RETURNING 1;
[21:02:21 INF] Executed DbCommand (0ms) [Parameters=[@__messageId_0='?' (Size = 36)], CommandType='Text', CommandTimeout='30']
SELECT "p"."MessageId", "p"."ContentHash", "p"."FirstResponseJson", "p"."MessageType", "p"."ReceivedAt", "p"."RequestJson"
FROM "ProtocolInbox" AS "p"
WHERE "p"."MessageId" = @__messageId_0
LIMIT 2
[21:02:21 INF] Executed DbCommand (0ms) [Parameters=[@p0='?' (Size = 36), @p1='?' (Size = 64), @p2='?' (Size = 665), @p3='?' (Size = 17), @p4='?' (DbType = DateTimeOffset), @p5='?' (Size = 571)], CommandType='Text', CommandTimeout='30']
INSERT INTO "ProtocolInbox" ("MessageId", "ContentHash", "FirstResponseJson", "MessageType", "ReceivedAt", "RequestJson")
VALUES (@p0, @p1, @p2, @p3, @p4, @p5);
[21:02:21 INF] Executed DbCommand (0ms) [Parameters=[@__messageId_0='?' (Size = 36)], CommandType='Text', CommandTimeout='30']
SELECT "p"."MessageId", "p"."ContentHash", "p"."FirstResponseJson", "p"."MessageType", "p"."ReceivedAt", "p"."RequestJson"
FROM "ProtocolInbox" AS "p"
WHERE "p"."MessageId" = @__messageId_0
LIMIT 2
[21:02:21 INF] Executed DbCommand (0ms) [Parameters=[@p0='?' (Size = 36), @p1='?' (Size = 64), @p2='?' (Size = 665), @p3='?' (Size = 17), @p4='?' (DbType = DateTimeOffset), @p5='?' (Size = 572)], CommandType='Text', CommandTimeout='30']
INSERT INTO "ProtocolInbox" ("MessageId", "ContentHash", "FirstResponseJson", "MessageType", "ReceivedAt", "RequestJson")
VALUES (@p0, @p1, @p2, @p3, @p4, @p5);
[21:02:21 INF] Start processing HTTP request GET http://127.0.0.1:48408/api/task/v1/task/getVehicleInfo/BROKERX-L2-0001
[21:02:21 INF] Sending HTTP request GET http://127.0.0.1:48408/api/task/v1/task/getVehicleInfo/BROKERX-L2-0001
[21:02:21 INF] Received HTTP response headers after 0.6957ms - 200
[21:02:21 INF] End processing HTTP request after 1.6852ms - 200
[21:02:21 INF] Start processing HTTP request GET http://127.0.0.1:48408/api/order/v1/orderRecord?pageNum=1&pageSize=100&filterByState=1&filterByState=3&filterByState=7&filterByState=9
[21:02:21 INF] Sending HTTP request GET http://127.0.0.1:48408/api/order/v1/orderRecord?pageNum=1&pageSize=100&filterByState=1&filterByState=3&filterByState=7&filterByState=9
[21:02:21 INF] Received HTTP response headers after 0.7858ms - 200
[21:02:21 INF] End processing HTTP request after 1.6944ms - 200
[21:02:21 INF] HTTP GET /api/onboard/v1/vehicle-safety responded 200 in 4.8818 ms
[21:02:21 INF] Executed DbCommand (0ms) [Parameters=[@__messageId_0='?' (Size = 36)], CommandType='Text', CommandTimeout='30']
SELECT "p"."MessageId", "p"."ContentHash", "p"."FirstResponseJson", "p"."MessageType", "p"."ReceivedAt", "p"."RequestJson"
FROM "ProtocolInbox" AS "p"
WHERE "p"."MessageId" = @__messageId_0
LIMIT 2
[21:02:21 INF] Executed DbCommand (0ms) [Parameters=[@__agvId_0='?' (Size = 10)], CommandType='Text', CommandTimeout='30']
SELECT "s"."AgvId", "s"."ActiveUnlockSlotsJson", "s"."CapabilityHash", "s"."CapabilityRevision", "s"."DepartureSafe", "s"."ForcedRecoveryGeneration", "s"."ManifestSha256", "s"."PendingAttemptIdsJson", "s"."PendingResultIdsJson", "s"."ProfileId", "s"."ProtocolCommit", "s"."ProtocolVersion", "s"."ProvenRecoveryCheckpoint", "s"."Readiness", "s"."ReasonCode", "s"."RecoveryReportId", "s"."ReportedForcedRecoveryGeneration", "s"."ReportedSlotConfigurationFingerprint", "s"."SafetyHash", "s"."SafetyReasonCodesJson", "s"."SafetyRevision", "s"."SafetyUnknownPresent", "s"."SessionGeneration", "s"."UnsettledSlotOperationAttemptId", "s"."UpdatedAt"
FROM "SessionRecoveries" AS "s"
WHERE "s"."AgvId" = @__agvId_0
LIMIT 2
[21:02:21 INF] Executed DbCommand (0ms) [Parameters=[@p7='?' (Size = 10), @p0='?' (DbType = Boolean), @p1='?' (Size = 16), @p2='?' (Size = 20), @p3='?' (Size = 64), @p4='?' (Size = 27), @p5='?' (DbType = Int64), @p6='?' (DbType = DateTimeOffset)], CommandType='Text', CommandTimeout='30']
UPDATE "SessionRecoveries" SET "DepartureSafe" = @p0, "Readiness" = @p1, "ReasonCode" = @p2, "SafetyHash" = @p3, "SafetyReasonCodesJson" = @p4, "SafetyRevision" = @p5, "UpdatedAt" = @p6
WHERE "AgvId" = @p7
RETURNING 1;
[21:02:21 INF] Executed DbCommand (0ms) [Parameters=[@__agvId_0='?' (Size = 10)], CommandType='Text', CommandTimeout='30']
SELECT "s"."AgvId", "s"."ActiveUnlockSlotsJson", "s"."CapabilityHash", "s"."CapabilityRevision", "s"."DepartureSafe", "s"."ForcedRecoveryGeneration", "s"."ManifestSha256", "s"."PendingAttemptIdsJson", "s"."PendingResultIdsJson", "s"."ProfileId", "s"."ProtocolCommit", "s"."ProtocolVersion", "s"."ProvenRecoveryCheckpoint", "s"."Readiness", "s"."ReasonCode", "s"."RecoveryReportId", "s"."ReportedForcedRecoveryGeneration", "s"."ReportedSlotConfigurationFingerprint", "s"."SafetyHash", "s"."SafetyReasonCodesJson", "s"."SafetyRevision", "s"."SafetyUnknownPresent", "s"."SessionGeneration", "s"."UnsettledSlotOperationAttemptId", "s"."UpdatedAt"
FROM "SessionRecoveries" AS "s"
WHERE "s"."AgvId" = @__agvId_0
LIMIT 2
[21:02:21 INF] Executed DbCommand (0ms) [Parameters=[@__row_AgvId_0='?' (Size = 10)], CommandType='Text', CommandTimeout='30']
SELECT EXISTS (
    SELECT 1
    FROM "StationOperations" AS "s"
    INNER JOIN "JourneyRuntimes" AS "j" ON "s"."DemandId" = "j"."DemandId"
    WHERE "j"."AgvId" = @__row_AgvId_0 AND "s"."Status" = 'Prepared')
[21:02:21 INF] Executed DbCommand (0ms) [Parameters=[@__agvId_0='?' (Size = 10)], CommandType='Text', CommandTimeout='30']
SELECT EXISTS (
    SELECT 1
    FROM "StationOperations" AS "s"
    INNER JOIN "JourneyRuntimes" AS "j" ON "s"."DemandId" = "j"."DemandId"
    WHERE "j"."AgvId" = @__agvId_0 AND "s"."Status" = 'RecoveryRequired')
[21:02:21 INF] Executed DbCommand (0ms) [Parameters=[@__agvId_0='?' (Size = 10)], CommandType='Text', CommandTimeout='30']
SELECT EXISTS (
    SELECT 1
    FROM "RecoveryWorkflows" AS "r"
    WHERE "r"."AgvId" = @__agvId_0 AND "r"."WorkflowType" = 'FORCED_MECHANICAL_RECOVERY' AND "r"."State" <> 'HistoricalOnly' AND NOT EXISTS (
        SELECT 1
        FROM "HardwareRecoveryRecords" AS "h"
        WHERE "h"."RecoveryActionId" = "r"."WorkflowId"))
[21:02:21 INF] Executed DbCommand (0ms) [Parameters=[@__agvId_0='?' (Size = 10)], CommandType='Text', CommandTimeout='30']
SELECT "a"."AgvId", "a"."ActivatedAt", "a"."ActivationId", "a"."ConfigurationVersion", "a"."Fingerprint", "a"."SlotModelVersionId", "a"."SnapshotId"
FROM "ActiveSlotConfigurations" AS "a"
WHERE "a"."AgvId" = @__agvId_0
LIMIT 1
[21:02:21 INF] Executed DbCommand (0ms) [Parameters=[@p3='?' (Size = 10), @p0='?' (Size = 5), @p1='?' (Size = 5), @p2='?' (DbType = DateTimeOffset)], CommandType='Text', CommandTimeout='30']
UPDATE "SessionRecoveries" SET "Readiness" = @p0, "ReasonCode" = @p1, "UpdatedAt" = @p2
WHERE "AgvId" = @p3
RETURNING 1;
[21:02:21 INF] Executed DbCommand (0ms) [Parameters=[@__agvId_0='?' (Size = 10)], CommandType='Text', CommandTimeout='30']
SELECT "o"."AlarmsJson"
FROM "OnboardAlarmSnapshots" AS "o"
WHERE "o"."AgvId" = @__agvId_0
LIMIT 1
[21:02:21 INF] Executed DbCommand (0ms) [Parameters=[@p0='?' (Size = 36), @p1='?' (Size = 64), @p2='?' (Size = 1235), @p3='?' (Size = 18), @p4='?' (DbType = DateTimeOffset), @p5='?' (Size = 679)], CommandType='Text', CommandTimeout='30']
INSERT INTO "ProtocolInbox" ("MessageId", "ContentHash", "FirstResponseJson", "MessageType", "ReceivedAt", "RequestJson")
VALUES (@p0, @p1, @p2, @p3, @p4, @p5);
[21:02:21 INF] Executed DbCommand (0ms) [Parameters=[@__messageId_0='?' (Size = 36)], CommandType='Text', CommandTimeout='30']
SELECT "p"."MessageId", "p"."ContentHash", "p"."FirstResponseJson", "p"."MessageType", "p"."ReceivedAt", "p"."RequestJson"
FROM "ProtocolInbox" AS "p"
WHERE "p"."MessageId" = @__messageId_0
LIMIT 2
[21:02:21 INF] Executed DbCommand (0ms) [Parameters=[@__agvId_0='?' (Size = 10)], CommandType='Text', CommandTimeout='30']
SELECT "s"."AgvId", "s"."ActiveUnlockSlotsJson", "s"."CapabilityHash", "s"."CapabilityRevision", "s"."DepartureSafe", "s"."ForcedRecoveryGeneration", "s"."ManifestSha256", "s"."PendingAttemptIdsJson", "s"."PendingResultIdsJson", "s"."ProfileId", "s"."ProtocolCommit", "s"."ProtocolVersion", "s"."ProvenRecoveryCheckpoint", "s"."Readiness", "s"."ReasonCode", "s"."RecoveryReportId", "s"."ReportedForcedRecoveryGeneration", "s"."ReportedSlotConfigurationFingerprint", "s"."SafetyHash", "s"."SafetyReasonCodesJson", "s"."SafetyRevision", "s"."SafetyUnknownPresent", "s"."SessionGeneration", "s"."UnsettledSlotOperationAttemptId", "s"."UpdatedAt"
FROM "SessionRecoveries" AS "s"
WHERE "s"."AgvId" = @__agvId_0
LIMIT 2
[21:02:21 INF] Executed DbCommand (0ms) [Parameters=[@p6='?' (Size = 10), @p0='?' (Size = 16), @p1='?' (Size = 20), @p2='?' (Size = 64), @p3='?' (Size = 45), @p4='?' (DbType = Int64), @p5='?' (DbType = DateTimeOffset)], CommandType='Text', CommandTimeout='30']
UPDATE "SessionRecoveries" SET "Readiness" = @p0, "ReasonCode" = @p1, "SafetyHash" = @p2, "SafetyReasonCodesJson" = @p3, "SafetyRevision" = @p4, "UpdatedAt" = @p5
WHERE "AgvId" = @p6
RETURNING 1;
[21:02:21 INF] Executed DbCommand (0ms) [Parameters=[@__agvId_0='?' (Size = 10)], CommandType='Text', CommandTimeout='30']
SELECT "s"."AgvId", "s"."ActiveUnlockSlotsJson", "s"."CapabilityHash", "s"."CapabilityRevision", "s"."DepartureSafe", "s"."ForcedRecoveryGeneration", "s"."ManifestSha256", "s"."PendingAttemptIdsJson", "s"."PendingResultIdsJson", "s"."ProfileId", "s"."ProtocolCommit", "s"."ProtocolVersion", "s"."ProvenRecoveryCheckpoint", "s"."Readiness", "s"."ReasonCode", "s"."RecoveryReportId", "s"."ReportedForcedRecoveryGeneration", "s"."ReportedSlotConfigurationFingerprint", "s"."SafetyHash", "s"."SafetyReasonCodesJson", "s"."SafetyRevision", "s"."SafetyUnknownPresent", "s"."SessionGeneration", "s"."UnsettledSlotOperationAttemptId", "s"."UpdatedAt"
FROM "SessionRecoveries" AS "s"
WHERE "s"."AgvId" = @__agvId_0
LIMIT 2
[21:02:21 INF] Executed DbCommand (0ms) [Parameters=[@__row_AgvId_0='?' (Size = 10)], CommandType='Text', CommandTimeout='30']
SELECT EXISTS (
    SELECT 1
    FROM "StationOperations" AS "s"
    INNER JOIN "JourneyRuntimes" AS "j" ON "s"."DemandId" = "j"."DemandId"
    WHERE "j"."AgvId" = @__row_AgvId_0 AND "s"."Status" = 'Prepared')
[21:02:21 INF] Executed DbCommand (0ms) [Parameters=[@__agvId_0='?' (Size = 10)], CommandType='Text', CommandTimeout='30']
SELECT EXISTS (
    SELECT 1
    FROM "StationOperations" AS "s"
    INNER JOIN "JourneyRuntimes" AS "j" ON "s"."DemandId" = "j"."DemandId"
    WHERE "j"."AgvId" = @__agvId_0 AND "s"."Status" = 'RecoveryRequired')
[21:02:21 INF] Executed DbCommand (0ms) [Parameters=[@__agvId_0='?' (Size = 10)], CommandType='Text', CommandTimeout='30']
SELECT EXISTS (
    SELECT 1
    FROM "RecoveryWorkflows" AS "r"
    WHERE "r"."AgvId" = @__agvId_0 AND "r"."WorkflowType" = 'FORCED_MECHANICAL_RECOVERY' AND "r"."State" <> 'HistoricalOnly' AND NOT EXISTS (
        SELECT 1
        FROM "HardwareRecoveryRecords" AS "h"
        WHERE "h"."RecoveryActionId" = "r"."WorkflowId"))
[21:02:21 INF] Executed DbCommand (0ms) [Parameters=[@__agvId_0='?' (Size = 10)], CommandType='Text', CommandTimeout='30']
SELECT "a"."AgvId", "a"."ActivatedAt", "a"."ActivationId", "a"."ConfigurationVersion", "a"."Fingerprint", "a"."SlotModelVersionId", "a"."SnapshotId"
FROM "ActiveSlotConfigurations" AS "a"
WHERE "a"."AgvId" = @__agvId_0
LIMIT 1
[21:02:21 INF] Executed DbCommand (0ms) [Parameters=[@p3='?' (Size = 10), @p0='?' (Size = 5), @p1='?' (Size = 5), @p2='?' (DbType = DateTimeOffset)], CommandType='Text', CommandTimeout='30']
UPDATE "SessionRecoveries" SET "Readiness" = @p0, "ReasonCode" = @p1, "UpdatedAt" = @p2
WHERE "AgvId" = @p3
RETURNING 1;
[21:02:21 INF] Executed DbCommand (0ms) [Parameters=[@__agvId_0='?' (Size = 10)], CommandType='Text', CommandTimeout='30']
SELECT "o"."AlarmsJson"
FROM "OnboardAlarmSnapshots" AS "o"
WHERE "o"."AgvId" = @__agvId_0
LIMIT 1
[21:02:21 INF] Executed DbCommand (0ms) [Parameters=[@p0='?' (Size = 36), @p1='?' (Size = 64), @p2='?' (Size = 1235), @p3='?' (Size = 18), @p4='?' (DbType = DateTimeOffset), @p5='?' (Size = 699)], CommandType='Text', CommandTimeout='30']
INSERT INTO "ProtocolInbox" ("MessageId", "ContentHash", "FirstResponseJson", "MessageType", "ReceivedAt", "RequestJson")
VALUES (@p0, @p1, @p2, @p3, @p4, @p5);
[21:02:21 INF] Executed DbCommand (0ms) [Parameters=[@__messageId_0='?' (Size = 36)], CommandType='Text', CommandTimeout='30']
SELECT "p"."MessageId", "p"."ContentHash", "p"."FirstResponseJson", "p"."MessageType", "p"."ReceivedAt", "p"."RequestJson"
FROM "ProtocolInbox" AS "p"
WHERE "p"."MessageId" = @__messageId_0
LIMIT 2
[21:02:21 INF] Executed DbCommand (0ms) [Parameters=[@__agvId_0='?' (Size = 10)], CommandType='Text', CommandTimeout='30']
SELECT "s"."AgvId", "s"."ActiveUnlockSlotsJson", "s"."CapabilityHash", "s"."CapabilityRevision", "s"."DepartureSafe", "s"."ForcedRecoveryGeneration", "s"."ManifestSha256", "s"."PendingAttemptIdsJson", "s"."PendingResultIdsJson", "s"."ProfileId", "s"."ProtocolCommit", "s"."ProtocolVersion", "s"."ProvenRecoveryCheckpoint", "s"."Readiness", "s"."ReasonCode", "s"."RecoveryReportId", "s"."ReportedForcedRecoveryGeneration", "s"."ReportedSlotConfigurationFingerprint", "s"."SafetyHash", "s"."SafetyReasonCodesJson", "s"."SafetyRevision", "s"."SafetyUnknownPresent", "s"."SessionGeneration", "s"."UnsettledSlotOperationAttemptId", "s"."UpdatedAt"
FROM "SessionRecoveries" AS "s"
WHERE "s"."AgvId" = @__agvId_0
LIMIT 2
[21:02:21 INF] Executed DbCommand (0ms) [Parameters=[@p6='?' (Size = 10), @p0='?' (Size = 16), @p1='?' (Size = 20), @p2='?' (Size = 64), @p3='?' (Size = 19), @p4='?' (DbType = Int64), @p5='?' (DbType = DateTimeOffset)], CommandType='Text', CommandTimeout='30']
UPDATE "SessionRecoveries" SET "Readiness" = @p0, "ReasonCode" = @p1, "SafetyHash" = @p2, "SafetyReasonCodesJson" = @p3, "SafetyRevision" = @p4, "UpdatedAt" = @p5
WHERE "AgvId" = @p6
RETURNING 1;
[21:02:21 INF] Executed DbCommand (0ms) [Parameters=[@__agvId_0='?' (Size = 10)], CommandType='Text', CommandTimeout='30']
SELECT "s"."AgvId", "s"."ActiveUnlockSlotsJson", "s"."CapabilityHash", "s"."CapabilityRevision", "s"."DepartureSafe", "s"."ForcedRecoveryGeneration", "s"."ManifestSha256", "s"."PendingAttemptIdsJson", "s"."PendingResultIdsJson", "s"."ProfileId", "s"."ProtocolCommit", "s"."ProtocolVersion", "s"."ProvenRecoveryCheckpoint", "s"."Readiness", "s"."ReasonCode", "s"."RecoveryReportId", "s"."ReportedForcedRecoveryGeneration", "s"."ReportedSlotConfigurationFingerprint", "s"."SafetyHash", "s"."SafetyReasonCodesJson", "s"."SafetyRevision", "s"."SafetyUnknownPresent", "s"."SessionGeneration", "s"."UnsettledSlotOperationAttemptId", "s"."UpdatedAt"
FROM "SessionRecoveries" AS "s"
WHERE "s"."AgvId" = @__agvId_0
LIMIT 2
[21:02:21 INF] Executed DbCommand (0ms) [Parameters=[@__row_AgvId_0='?' (Size = 10)], CommandType='Text', CommandTimeout='30']
SELECT EXISTS (
    SELECT 1
    FROM "StationOperations" AS "s"
    INNER JOIN "JourneyRuntimes" AS "j" ON "s"."DemandId" = "j"."DemandId"
    WHERE "j"."AgvId" = @__row_AgvId_0 AND "s"."Status" = 'Prepared')
[21:02:21 INF] Executed DbCommand (0ms) [Parameters=[@__agvId_0='?' (Size = 10)], CommandType='Text', CommandTimeout='30']
SELECT EXISTS (
    SELECT 1
    FROM "StationOperations" AS "s"
    INNER JOIN "JourneyRuntimes" AS "j" ON "s"."DemandId" = "j"."DemandId"
    WHERE "j"."AgvId" = @__agvId_0 AND "s"."Status" = 'RecoveryRequired')
[21:02:21 INF] Executed DbCommand (0ms) [Parameters=[@__agvId_0='?' (Size = 10)], CommandType='Text', CommandTimeout='30']
SELECT EXISTS (
    SELECT 1
    FROM "RecoveryWorkflows" AS "r"
    WHERE "r"."AgvId" = @__agvId_0 AND "r"."WorkflowType" = 'FORCED_MECHANICAL_RECOVERY' AND "r"."State" <> 'HistoricalOnly' AND NOT EXISTS (
        SELECT 1
        FROM "HardwareRecoveryRecords" AS "h"
        WHERE "h"."RecoveryActionId" = "r"."WorkflowId"))
[21:02:21 INF] Executed DbCommand (0ms) [Parameters=[@__agvId_0='?' (Size = 10)], CommandType='Text', CommandTimeout='30']
SELECT "a"."AgvId", "a"."ActivatedAt", "a"."ActivationId", "a"."ConfigurationVersion", "a"."Fingerprint", "a"."SlotModelVersionId", "a"."SnapshotId"
FROM "ActiveSlotConfigurations" AS "a"
WHERE "a"."AgvId" = @__agvId_0
LIMIT 1
[21:02:21 INF] Executed DbCommand (0ms) [Parameters=[@p3='?' (Size = 10), @p0='?' (Size = 5), @p1='?' (Size = 5), @p2='?' (DbType = DateTimeOffset)], CommandType='Text', CommandTimeout='30']
UPDATE "SessionRecoveries" SET "Readiness" = @p0, "ReasonCode" = @p1, "UpdatedAt" = @p2
WHERE "AgvId" = @p3
RETURNING 1;
[21:02:21 INF] Executed DbCommand (0ms) [Parameters=[@__agvId_0='?' (Size = 10)], CommandType='Text', CommandTimeout='30']
SELECT "o"."AlarmsJson"
FROM "OnboardAlarmSnapshots" AS "o"
WHERE "o"."AgvId" = @__agvId_0
LIMIT 1
[21:02:21 INF] Executed DbCommand (0ms) [Parameters=[@p0='?' (Size = 36), @p1='?' (Size = 64), @p2='?' (Size = 1234), @p3='?' (Size = 18), @p4='?' (DbType = DateTimeOffset), @p5='?' (Size = 672)], CommandType='Text', CommandTimeout='30']
INSERT INTO "ProtocolInbox" ("MessageId", "ContentHash", "FirstResponseJson", "MessageType", "ReceivedAt", "RequestJson")
VALUES (@p0, @p1, @p2, @p3, @p4, @p5);
[21:02:22 INF] Start processing HTTP request GET http://127.0.0.1:48408/api/imap/v1/mapInfo/stations/25
[21:02:22 INF] Sending HTTP request GET http://127.0.0.1:48408/api/imap/v1/mapInfo/stations/25
[21:02:22 INF] Received HTTP response headers after 0.737ms - 200
[21:02:22 INF] End processing HTTP request after 2.1677ms - 200
[21:02:22 INF] Executed DbCommand (0ms) [Parameters=[@__mapId_0='?' (DbType = Int32)], CommandType='Text', CommandTimeout='30']
SELECT "t"."MapId", "t"."ActiveVersion", "t"."PendingVersion", "t"."State", "t"."UpdatedAt"
FROM "TaskTypeStationActiveBindingSets" AS "t"
WHERE "t"."MapId" = @__mapId_0
LIMIT 2
[21:02:22 INF] Executed DbCommand (0ms) [Parameters=[@__mapId_0='?' (DbType = Int32), @__version_1='?' (DbType = Int64)], CommandType='Text', CommandTimeout='30']
SELECT "t"."MapId", "t"."Version", "t"."CatalogRevision", "t"."ContentSha256", "t"."LoadedAt", "t"."RuleVersion", "t"."SnapshotId", "t"."Source"
FROM "TaskTypeStationBindingSetVersions" AS "t"
WHERE "t"."MapId" = @__mapId_0 AND "t"."Version" = @__version_1
LIMIT 2
[21:02:22 INF] Executed DbCommand (0ms) [Parameters=[@__mapId_0='?' (DbType = Int32), @__version_1='?' (DbType = Int64)], CommandType='Text', CommandTimeout='30']
SELECT "t"."TaskType"
FROM "TaskTypeStationRequirements" AS "t"
WHERE "t"."MapId" = @__mapId_0 AND "t"."Version" = @__version_1
[21:02:22 INF] Executed DbCommand (0ms) [Parameters=[@__mapId_0='?' (DbType = Int32), @__version_1='?' (DbType = Int64)], CommandType='Text', CommandTimeout='30']
SELECT "t"."MapId", "t"."Version", "t"."TaskType", "t"."SiteVerificationRef", "t"."StationName", "t"."StationRiotId"
FROM "TaskTypeStationBindings" AS "t"
WHERE "t"."MapId" = @__mapId_0 AND "t"."Version" = @__version_1
[21:02:22 INF] Executed DbCommand (0ms) [Parameters=[@__version_0='?' (DbType = Int64)], CommandType='Text', CommandTimeout='30']
SELECT "t"."Version", "t"."ContentSha256", "t"."LoadedAt", "t"."SnapshotId", "t"."Source"
FROM "TaskTypeStationRuleVersions" AS "t"
WHERE "t"."Version" = @__version_0
LIMIT 2
[21:02:22 INF] Executed DbCommand (0ms) [Parameters=[@__version_0='?' (DbType = Int64)], CommandType='Text', CommandTimeout='30']
SELECT "t"."Version", "t"."TaskType", "t"."FixedEnd"
FROM "TaskTypeStationRules" AS "t"
WHERE "t"."Version" = @__version_0
[21:02:22 INF] Executed DbCommand (0ms) [Parameters=[@__mapId_0='?' (DbType = Int32)], CommandType='Text', CommandTimeout='30']
SELECT "t"."MapId", "t"."ActiveVersion", "t"."PendingVersion", "t"."State", "t"."UpdatedAt"
FROM "TaskTypeStationActiveBindingSets" AS "t"
WHERE "t"."MapId" = @__mapId_0
LIMIT 2
[21:02:22 INF] Executed DbCommand (0ms) [Parameters=[@__mapId_0='?' (DbType = Int32)], CommandType='Text', CommandTimeout='30']
SELECT "t"."HoldId", "t"."DetailJson", "t"."MapId", "t"."RaisedAt", "t"."RaisedBy", "t"."ReasonCode", "t"."ReleasedAt", "t"."ReleasedBy", "t"."Source", "t"."TaskType"
FROM "TaskTypeStationHolds" AS "t"
WHERE "t"."MapId" = @__mapId_0 AND "t"."ReleasedAt" IS NULL
[21:02:22 INF] Executed DbCommand (0ms) [Parameters=[@__mapId_0='?' (DbType = Int32)], CommandType='Text', CommandTimeout='30']
SELECT "m"."MapId", "m"."ApprovedMaxUnconfirmedSeconds", "m"."ApprovedSyncPeriodSeconds", "m"."CatalogRevision", "m"."LastAttemptAt", "m"."LastCompleteConfirmationAt", "m"."LastFailureReason", "m"."State", "m"."UpdatedAt"
FROM "MapStationCatalogStates" AS "m"
WHERE "m"."MapId" = @__mapId_0
LIMIT 2
[21:02:22 INF] Executed DbCommand (0ms) [Parameters=[@p3='?' (DbType = Int32), @p0='?' (DbType = DateTimeOffset), @p1='?' (DbType = DateTimeOffset), @p2='?' (DbType = DateTimeOffset)], CommandType='Text', CommandTimeout='30']
UPDATE "MapStationCatalogStates" SET "LastAttemptAt" = @p0, "LastCompleteConfirmationAt" = @p1, "UpdatedAt" = @p2
WHERE "MapId" = @p3
RETURNING 1;
[21:02:22 INF] Executed DbCommand (0ms) [Parameters=[@__mapId_0='?' (DbType = Int32)], CommandType='Text', CommandTimeout='30']
SELECT "t"."MapId", "t"."ActiveVersion", "t"."PendingVersion", "t"."State", "t"."UpdatedAt"
FROM "TaskTypeStationActiveBindingSets" AS "t"
WHERE "t"."MapId" = @__mapId_0
LIMIT 2
[21:02:22 INF] Executed DbCommand (0ms) [Parameters=[@__mapId_0='?' (DbType = Int32), @__version_1='?' (DbType = Int64)], CommandType='Text', CommandTimeout='30']
SELECT "t"."MapId", "t"."Version", "t"."CatalogRevision", "t"."ContentSha256", "t"."LoadedAt", "t"."RuleVersion", "t"."SnapshotId", "t"."Source"
FROM "TaskTypeStationBindingSetVersions" AS "t"
WHERE "t"."MapId" = @__mapId_0 AND "t"."Version" = @__version_1
LIMIT 2
[21:02:22 INF] Executed DbCommand (0ms) [Parameters=[@__mapId_0='?' (DbType = Int32), @__version_1='?' (DbType = Int64)], CommandType='Text', CommandTimeout='30']
SELECT "t"."TaskType"
FROM "TaskTypeStationRequirements" AS "t"
WHERE "t"."MapId" = @__mapId_0 AND "t"."Version" = @__version_1
[21:02:22 INF] Executed DbCommand (0ms) [Parameters=[@__mapId_0='?' (DbType = Int32), @__version_1='?' (DbType = Int64)], CommandType='Text', CommandTimeout='30']
SELECT "t"."MapId", "t"."Version", "t"."TaskType", "t"."SiteVerificationRef", "t"."StationName", "t"."StationRiotId"
FROM "TaskTypeStationBindings" AS "t"
WHERE "t"."MapId" = @__mapId_0 AND "t"."Version" = @__version_1
[21:02:22 INF] Executed DbCommand (0ms) [Parameters=[@__mapId_0='?' (DbType = Int32)], CommandType='Text', CommandTimeout='30']
SELECT "t"."MapId", "t"."ActiveVersion", "t"."PendingVersion", "t"."State", "t"."UpdatedAt"
FROM "TaskTypeStationActiveBindingSets" AS "t"
WHERE "t"."MapId" = @__mapId_0
LIMIT 2
[21:02:22 INF] Executed DbCommand (0ms) [Parameters=[@__mapId_0='?' (DbType = Int32), @__version_1='?' (DbType = Int64)], CommandType='Text', CommandTimeout='30']
SELECT "t"."MapId", "t"."Version", "t"."CatalogRevision", "t"."ContentSha256", "t"."LoadedAt", "t"."RuleVersion", "t"."SnapshotId", "t"."Source"
FROM "TaskTypeStationBindingSetVersions" AS "t"
WHERE "t"."MapId" = @__mapId_0 AND "t"."Version" = @__version_1
LIMIT 2
[21:02:22 INF] Executed DbCommand (0ms) [Parameters=[@__mapId_0='?' (DbType = Int32), @__version_1='?' (DbType = Int64)], CommandType='Text', CommandTimeout='30']
SELECT "t"."TaskType"
FROM "TaskTypeStationRequirements" AS "t"
WHERE "t"."MapId" = @__mapId_0 AND "t"."Version" = @__version_1
[21:02:22 INF] Executed DbCommand (0ms) [Parameters=[@__mapId_0='?' (DbType = Int32), @__version_1='?' (DbType = Int64)], CommandType='Text', CommandTimeout='30']
SELECT "t"."MapId", "t"."Version", "t"."TaskType", "t"."SiteVerificationRef", "t"."StationName", "t"."StationRiotId"
FROM "TaskTypeStationBindings" AS "t"
WHERE "t"."MapId" = @__mapId_0 AND "t"."Version" = @__version_1
[21:02:22 INF] Executed DbCommand (0ms) [Parameters=[@__version_0='?' (DbType = Int64)], CommandType='Text', CommandTimeout='30']
SELECT "t"."Version", "t"."ContentSha256", "t"."LoadedAt", "t"."SnapshotId", "t"."Source"
FROM "TaskTypeStationRuleVersions" AS "t"
WHERE "t"."Version" = @__version_0
LIMIT 2
[21:02:22 INF] Executed DbCommand (0ms) [Parameters=[@__version_0='?' (DbType = Int64)], CommandType='Text', CommandTimeout='30']
SELECT "t"."Version", "t"."TaskType", "t"."FixedEnd"
FROM "TaskTypeStationRules" AS "t"
WHERE "t"."Version" = @__version_0
[21:02:22 INF] Executed DbCommand (0ms) [Parameters=[], CommandType='Text', CommandTimeout='30']
SELECT "a"."Id", "a"."ContentHash", "a"."DeploymentId", "a"."ImportedAt", "a"."Version"
FROM "AdmissionPolicyState" AS "a"
WHERE "a"."Id" = 1
LIMIT 2
[21:02:22 INF] Executed DbCommand (0ms) [Parameters=[], CommandType='Text', CommandTimeout='30']
SELECT "j"."DemandId", "j"."AgvId", "j"."AgvLifecycleGeneration", "j"."BlockReasonCode", "j"."BlockReasonSince", "j"."ConsumedSafetyResultMessageId", "j"."ConsumedSublotMessageId", "j"."CreatedAt", "j"."DispatchGeneration", "j"."DispatchZone", "j"."ExpectedBasketCount", "j"."GateMovementLegId", "j"."GatePlanMessageId", "j"."GateStationId", "j"."GateStationRiotId", "j"."GateUpperId", "j"."GateVehicleBusinessMessageId", "j"."GateWorklistMessageId", "j"."LoadCommandMessageId", "j"."LoadSlotOperationAttemptId", "j"."MapId", "j"."MapIdentity", "j"."OperationSessionId", "j"."PickupMovementLegId", "j"."PickupStationId", "j"."PickupStationRiotId", "j"."PickupUpperId", "j"."PlanMessageId", "j"."PlanRevision", "j"."PreDepartureSafetyCheckId", "j"."PreDepartureSafetyCheckMessageId", "j"."RouteEvidenceId", "j"."Stage", "j"."StationDepartureWaitStartedAt", "j"."SublotRequestMessageId", "j"."TargetSlotsJson", "j"."UnloadCommandMessageId", "j"."UnloadSlotOperationAttemptId", "j"."UpdatedAt", "j"."VehicleBusinessMessageId", "j"."VehicleBusinessRevision", "j"."VehicleKey", "j"."WorklistMessageId", "j"."WorklistRevision"
FROM "JourneyRuntimes" AS "j"
WHERE "j"."Stage" <> 'Completed'
[21:02:22 INF] Executed DbCommand (0ms) [Parameters=[@__agvId_0='?' (Size = 10)], CommandType='Text', CommandTimeout='30']
SELECT "s"."AgvId", "s"."ActiveUnlockSlotsJson", "s"."CapabilityHash", "s"."CapabilityRevision", "s"."DepartureSafe", "s"."ForcedRecoveryGeneration", "s"."ManifestSha256", "s"."PendingAttemptIdsJson", "s"."PendingResultIdsJson", "s"."ProfileId", "s"."ProtocolCommit", "s"."ProtocolVersion", "s"."ProvenRecoveryCheckpoint", "s"."Readiness", "s"."ReasonCode", "s"."RecoveryReportId", "s"."ReportedForcedRecoveryGeneration", "s"."ReportedSlotConfigurationFingerprint", "s"."SafetyHash", "s"."SafetyReasonCodesJson", "s"."SafetyRevision", "s"."SafetyUnknownPresent", "s"."SessionGeneration", "s"."UnsettledSlotOperationAttemptId", "s"."UpdatedAt"
FROM "SessionRecoveries" AS "s"
WHERE "s"."AgvId" = @__agvId_0 AND "s"."Readiness" = 'Ready'
LIMIT 2
[21:02:22 INF] Executed DbCommand (0ms) [Parameters=[], CommandType='Text', CommandTimeout='30']
SELECT "p"."MessageId", "p"."AcknowledgedAt", "p"."CreatedAt", "p"."FencedAt", "p"."MessageType", "p"."PayloadJson"
FROM "ProtocolOutbox" AS "p"
WHERE "p"."AcknowledgedAt" IS NULL AND "p"."FencedAt" IS NULL
[21:02:22 INF] Executed DbCommand (0ms) [Parameters=[@__runtime_LoadSlotOperationAttemptId_0='?' (Size = 36)], CommandType='Text', CommandTimeout='30']
SELECT "s"."SlotOperationAttemptId", "s"."CommittedAt", "s"."ContentHash", "s"."CreatedAt", "s"."DemandId", "s"."EvidenceJson", "s"."ForcedRecoveryGeneration", "s"."OperationType", "s"."Status", "s"."SublotId", "s"."TargetSlotsJson"
FROM "StationOperations" AS "s"
WHERE "s"."SlotOperationAttemptId" = @__runtime_LoadSlotOperationAttemptId_0
LIMIT 2
[21:02:22 INF] Executed DbCommand (0ms) [Parameters=[@__messageId_0='?' (Size = 36)], CommandType='Text', CommandTimeout='30']
SELECT "p"."MessageId", "p"."ContentHash", "p"."FirstResponseJson", "p"."MessageType", "p"."ReceivedAt", "p"."RequestJson"
FROM "ProtocolInbox" AS "p"
WHERE "p"."MessageId" = @__messageId_0
LIMIT 2
[21:02:22 INF] Executed DbCommand (0ms) [Parameters=[@p0='?' (Size = 36), @p1='?' (Size = 64), @p2='?' (Size = 665), @p3='?' (Size = 17), @p4='?' (DbType = DateTimeOffset), @p5='?' (Size = 579)], CommandType='Text', CommandTimeout='30']
INSERT INTO "ProtocolInbox" ("MessageId", "ContentHash", "FirstResponseJson", "MessageType", "ReceivedAt", "RequestJson")
VALUES (@p0, @p1, @p2, @p3, @p4, @p5);
[21:02:22 INF] Start processing HTTP request GET http://127.0.0.1:48408/api/task/v1/task/getVehicleInfo/BROKERX-L2-0001
[21:02:22 INF] Sending HTTP request GET http://127.0.0.1:48408/api/task/v1/task/getVehicleInfo/BROKERX-L2-0001
[21:02:22 INF] Received HTTP response headers after 0.7736ms - 200
[21:02:22 INF] End processing HTTP request after 2.1688ms - 200
[21:02:22 INF] Start processing HTTP request GET http://127.0.0.1:48408/api/order/v1/orderRecord?pageNum=1&pageSize=100&filterByState=1&filterByState=3&filterByState=7&filterByState=9
[21:02:22 INF] Sending HTTP request GET http://127.0.0.1:48408/api/order/v1/orderRecord?pageNum=1&pageSize=100&filterByState=1&filterByState=3&filterByState=7&filterByState=9
[21:02:22 INF] Received HTTP response headers after 0.5806ms - 200
[21:02:22 INF] End processing HTTP request after 1.3793ms - 200
[21:02:22 INF] HTTP GET /api/onboard/v1/vehicle-safety responded 200 in 5.0183 ms
[21:02:22 INF] Executed DbCommand (0ms) [Parameters=[@__messageId_0='?' (Size = 36)], CommandType='Text', CommandTimeout='30']
SELECT "p"."MessageId", "p"."ContentHash", "p"."FirstResponseJson", "p"."MessageType", "p"."ReceivedAt", "p"."RequestJson"
FROM "ProtocolInbox" AS "p"
WHERE "p"."MessageId" = @__messageId_0
LIMIT 2
[21:02:22 INF] Executed DbCommand (0ms) [Parameters=[@__agvId_0='?' (Size = 10)], CommandType='Text', CommandTimeout='30']
SELECT "s"."AgvId", "s"."ActiveUnlockSlotsJson", "s"."CapabilityHash", "s"."CapabilityRevision", "s"."DepartureSafe", "s"."ForcedRecoveryGeneration", "s"."ManifestSha256", "s"."PendingAttemptIdsJson", "s"."PendingResultIdsJson", "s"."ProfileId", "s"."ProtocolCommit", "s"."ProtocolVersion", "s"."ProvenRecoveryCheckpoint", "s"."Readiness", "s"."ReasonCode", "s"."RecoveryReportId", "s"."ReportedForcedRecoveryGeneration", "s"."ReportedSlotConfigurationFingerprint", "s"."SafetyHash", "s"."SafetyReasonCodesJson", "s"."SafetyRevision", "s"."SafetyUnknownPresent", "s"."SessionGeneration", "s"."UnsettledSlotOperationAttemptId", "s"."UpdatedAt"
FROM "SessionRecoveries" AS "s"
WHERE "s"."AgvId" = @__agvId_0
LIMIT 2
[21:02:22 INF] Executed DbCommand (0ms) [Parameters=[@p5='?' (Size = 10), @p0='?' (Size = 16), @p1='?' (Size = 20), @p2='?' (Size = 64), @p3='?' (DbType = Int64), @p4='?' (DbType = DateTimeOffset)], CommandType='Text', CommandTimeout='30']
UPDATE "SessionRecoveries" SET "Readiness" = @p0, "ReasonCode" = @p1, "SafetyHash" = @p2, "SafetyRevision" = @p3, "UpdatedAt" = @p4
WHERE "AgvId" = @p5
RETURNING 1;
[21:02:22 INF] Executed DbCommand (0ms) [Parameters=[@__agvId_0='?' (Size = 10)], CommandType='Text', CommandTimeout='30']
SELECT "s"."AgvId", "s"."ActiveUnlockSlotsJson", "s"."CapabilityHash", "s"."CapabilityRevision", "s"."DepartureSafe", "s"."ForcedRecoveryGeneration", "s"."ManifestSha256", "s"."PendingAttemptIdsJson", "s"."PendingResultIdsJson", "s"."ProfileId", "s"."ProtocolCommit", "s"."ProtocolVersion", "s"."ProvenRecoveryCheckpoint", "s"."Readiness", "s"."ReasonCode", "s"."RecoveryReportId", "s"."ReportedForcedRecoveryGeneration", "s"."ReportedSlotConfigurationFingerprint", "s"."SafetyHash", "s"."SafetyReasonCodesJson", "s"."SafetyRevision", "s"."SafetyUnknownPresent", "s"."SessionGeneration", "s"."UnsettledSlotOperationAttemptId", "s"."UpdatedAt"
FROM "SessionRecoveries" AS "s"
WHERE "s"."AgvId" = @__agvId_0
LIMIT 2
[21:02:22 INF] Executed DbCommand (0ms) [Parameters=[@__row_AgvId_0='?' (Size = 10)], CommandType='Text', CommandTimeout='30']
SELECT EXISTS (
    SELECT 1
    FROM "StationOperations" AS "s"
    INNER JOIN "JourneyRuntimes" AS "j" ON "s"."DemandId" = "j"."DemandId"
    WHERE "j"."AgvId" = @__row_AgvId_0 AND "s"."Status" = 'Prepared')
[21:02:22 INF] Executed DbCommand (0ms) [Parameters=[@__agvId_0='?' (Size = 10)], CommandType='Text', CommandTimeout='30']
SELECT EXISTS (
    SELECT 1
    FROM "StationOperations" AS "s"
    INNER JOIN "JourneyRuntimes" AS "j" ON "s"."DemandId" = "j"."DemandId"
    WHERE "j"."AgvId" = @__agvId_0 AND "s"."Status" = 'RecoveryRequired')
[21:02:22 INF] Executed DbCommand (0ms) [Parameters=[@__agvId_0='?' (Size = 10)], CommandType='Text', CommandTimeout='30']
SELECT EXISTS (
    SELECT 1
    FROM "RecoveryWorkflows" AS "r"
    WHERE "r"."AgvId" = @__agvId_0 AND "r"."WorkflowType" = 'FORCED_MECHANICAL_RECOVERY' AND "r"."State" <> 'HistoricalOnly' AND NOT EXISTS (
        SELECT 1
        FROM "HardwareRecoveryRecords" AS "h"
        WHERE "h"."RecoveryActionId" = "r"."WorkflowId"))
[21:02:22 INF] Executed DbCommand (0ms) [Parameters=[@__agvId_0='?' (Size = 10)], CommandType='Text', CommandTimeout='30']
SELECT "a"."AgvId", "a"."ActivatedAt", "a"."ActivationId", "a"."ConfigurationVersion", "a"."Fingerprint", "a"."SlotModelVersionId", "a"."SnapshotId"
FROM "ActiveSlotConfigurations" AS "a"
WHERE "a"."AgvId" = @__agvId_0
LIMIT 1
[21:02:22 INF] Executed DbCommand (0ms) [Parameters=[@p3='?' (Size = 10), @p0='?' (Size = 5), @p1='?' (Size = 5), @p2='?' (DbType = DateTimeOffset)], CommandType='Text', CommandTimeout='30']
UPDATE "SessionRecoveries" SET "Readiness" = @p0, "ReasonCode" = @p1, "UpdatedAt" = @p2
WHERE "AgvId" = @p3
RETURNING 1;
[21:02:22 INF] Executed DbCommand (0ms) [Parameters=[@__agvId_0='?' (Size = 10)], CommandType='Text', CommandTimeout='30']
SELECT "o"."AlarmsJson"
FROM "OnboardAlarmSnapshots" AS "o"
WHERE "o"."AgvId" = @__agvId_0
LIMIT 1
[21:02:22 INF] Executed DbCommand (0ms) [Parameters=[@p0='?' (Size = 36), @p1='?' (Size = 64), @p2='?' (Size = 1235), @p3='?' (Size = 18), @p4='?' (DbType = DateTimeOffset), @p5='?' (Size = 672)], CommandType='Text', CommandTimeout='30']
INSERT INTO "ProtocolInbox" ("MessageId", "ContentHash", "FirstResponseJson", "MessageType", "ReceivedAt", "RequestJson")
VALUES (@p0, @p1, @p2, @p3, @p4, @p5);
[21:02:22 INF] Executed DbCommand (0ms) [Parameters=[@__messageId_0='?' (Size = 36)], CommandType='Text', CommandTimeout='30']
SELECT "p"."MessageId", "p"."ContentHash", "p"."FirstResponseJson", "p"."MessageType", "p"."ReceivedAt", "p"."RequestJson"
FROM "ProtocolInbox" AS "p"
WHERE "p"."MessageId" = @__messageId_0
LIMIT 2
[21:02:22 INF] Executed DbCommand (0ms) [Parameters=[@__agvId_0='?' (Size = 10)], CommandType='Text', CommandTimeout='30']
SELECT "s"."AgvId", "s"."ActiveUnlockSlotsJson", "s"."CapabilityHash", "s"."CapabilityRevision", "s"."DepartureSafe", "s"."ForcedRecoveryGeneration", "s"."ManifestSha256", "s"."PendingAttemptIdsJson", "s"."PendingResultIdsJson", "s"."ProfileId", "s"."ProtocolCommit", "s"."ProtocolVersion", "s"."ProvenRecoveryCheckpoint", "s"."Readiness", "s"."ReasonCode", "s"."RecoveryReportId", "s"."ReportedForcedRecoveryGeneration", "s"."ReportedSlotConfigurationFingerprint", "s"."SafetyHash", "s"."SafetyReasonCodesJson", "s"."SafetyRevision", "s"."SafetyUnknownPresent", "s"."SessionGeneration", "s"."UnsettledSlotOperationAttemptId", "s"."UpdatedAt"
FROM "SessionRecoveries" AS "s"
WHERE "s"."AgvId" = @__agvId_0
LIMIT 2
[21:02:22 INF] Executed DbCommand (0ms) [Parameters=[@p7='?' (Size = 10), @p0='?' (DbType = Boolean), @p1='?' (Size = 16), @p2='?' (Size = 20), @p3='?' (Size = 64), @p4='?' (Size = 2), @p5='?' (DbType = Int64), @p6='?' (DbType = DateTimeOffset)], CommandType='Text', CommandTimeout='30']
UPDATE "SessionRecoveries" SET "DepartureSafe" = @p0, "Readiness" = @p1, "ReasonCode" = @p2, "SafetyHash" = @p3, "SafetyReasonCodesJson" = @p4, "SafetyRevision" = @p5, "UpdatedAt" = @p6
WHERE "AgvId" = @p7
RETURNING 1;
[21:02:22 INF] Executed DbCommand (0ms) [Parameters=[@__agvId_0='?' (Size = 10)], CommandType='Text', CommandTimeout='30']
SELECT "s"."AgvId", "s"."ActiveUnlockSlotsJson", "s"."CapabilityHash", "s"."CapabilityRevision", "s"."DepartureSafe", "s"."ForcedRecoveryGeneration", "s"."ManifestSha256", "s"."PendingAttemptIdsJson", "s"."PendingResultIdsJson", "s"."ProfileId", "s"."ProtocolCommit", "s"."ProtocolVersion", "s"."ProvenRecoveryCheckpoint", "s"."Readiness", "s"."ReasonCode", "s"."RecoveryReportId", "s"."ReportedForcedRecoveryGeneration", "s"."ReportedSlotConfigurationFingerprint", "s"."SafetyHash", "s"."SafetyReasonCodesJson", "s"."SafetyRevision", "s"."SafetyUnknownPresent", "s"."SessionGeneration", "s"."UnsettledSlotOperationAttemptId", "s"."UpdatedAt"
FROM "SessionRecoveries" AS "s"
WHERE "s"."AgvId" = @__agvId_0
LIMIT 2
[21:02:22 INF] Executed DbCommand (0ms) [Parameters=[@__agvId_0='?' (Size = 10)], CommandType='Text', CommandTimeout='30']
SELECT EXISTS (
    SELECT 1
    FROM "StationOperations" AS "s"
    INNER JOIN "JourneyRuntimes" AS "j" ON "s"."DemandId" = "j"."DemandId"
    WHERE "j"."AgvId" = @__agvId_0 AND "s"."Status" = 'RecoveryRequired')
[21:02:22 INF] Executed DbCommand (0ms) [Parameters=[@__agvId_0='?' (Size = 10)], CommandType='Text', CommandTimeout='30']
SELECT EXISTS (
    SELECT 1
    FROM "RecoveryWorkflows" AS "r"
    WHERE "r"."AgvId" = @__agvId_0 AND "r"."WorkflowType" = 'FORCED_MECHANICAL_RECOVERY' AND "r"."State" <> 'HistoricalOnly' AND NOT EXISTS (
        SELECT 1
        FROM "HardwareRecoveryRecords" AS "h"
        WHERE "h"."RecoveryActionId" = "r"."WorkflowId"))
[21:02:22 INF] Executed DbCommand (0ms) [Parameters=[@__agvId_0='?' (Size = 10)], CommandType='Text', CommandTimeout='30']
SELECT "a"."AgvId", "a"."ActivatedAt", "a"."ActivationId", "a"."ConfigurationVersion", "a"."Fingerprint", "a"."SlotModelVersionId", "a"."SnapshotId"
FROM "ActiveSlotConfigurations" AS "a"
WHERE "a"."AgvId" = @__agvId_0
LIMIT 1
[21:02:22 INF] Executed DbCommand (0ms) [Parameters=[@p3='?' (Size = 10), @p0='?' (Size = 5), @p1='?' (Size = 5), @p2='?' (DbType = DateTimeOffset)], CommandType='Text', CommandTimeout='30']
UPDATE "SessionRecoveries" SET "Readiness" = @p0, "ReasonCode" = @p1, "UpdatedAt" = @p2
WHERE "AgvId" = @p3
RETURNING 1;
[21:02:22 INF] Executed DbCommand (0ms) [Parameters=[@__agvId_0='?' (Size = 10)], CommandType='Text', CommandTimeout='30']
SELECT "o"."AlarmsJson"
FROM "OnboardAlarmSnapshots" AS "o"
WHERE "o"."AgvId" = @__agvId_0
LIMIT 1
[21:02:22 INF] Executed DbCommand (0ms) [Parameters=[@p0='?' (Size = 36), @p1='?' (Size = 64), @p2='?' (Size = 1234), @p3='?' (Size = 18), @p4='?' (DbType = DateTimeOffset), @p5='?' (Size = 653)], CommandType='Text', CommandTimeout='30']
INSERT INTO "ProtocolInbox" ("MessageId", "ContentHash", "FirstResponseJson", "MessageType", "ReceivedAt", "RequestJson")
VALUES (@p0, @p1, @p2, @p3, @p4, @p5);
[21:02:23 INF] Executed DbCommand (0ms) [Parameters=[@__messageId_0='?' (Size = 36)], CommandType='Text', CommandTimeout='30']
SELECT "p"."MessageId", "p"."ContentHash", "p"."FirstResponseJson", "p"."MessageType", "p"."ReceivedAt", "p"."RequestJson"
FROM "ProtocolInbox" AS "p"
WHERE "p"."MessageId" = @__messageId_0
LIMIT 2
[21:02:23 INF] Executed DbCommand (0ms) [Parameters=[@p0='?' (Size = 36), @p1='?' (Size = 64), @p2='?' (Size = 665), @p3='?' (Size = 17), @p4='?' (DbType = DateTimeOffset), @p5='?' (Size = 572)], CommandType='Text', CommandTimeout='30']
INSERT INTO "ProtocolInbox" ("MessageId", "ContentHash", "FirstResponseJson", "MessageType", "ReceivedAt", "RequestJson")
VALUES (@p0, @p1, @p2, @p3, @p4, @p5);
[21:02:23 INF] Executed DbCommand (0ms) [Parameters=[@__messageId_0='?' (Size = 36)], CommandType='Text', CommandTimeout='30']
SELECT "p"."MessageId", "p"."ContentHash", "p"."FirstResponseJson", "p"."MessageType", "p"."ReceivedAt", "p"."RequestJson"
FROM "ProtocolInbox" AS "p"
WHERE "p"."MessageId" = @__messageId_0
LIMIT 2
[21:02:23 INF] Executed DbCommand (0ms) [Parameters=[@p0='?' (Size = 36), @p1='?' (Size = 64), @p2='?' (Size = 665), @p3='?' (Size = 17), @p4='?' (DbType = DateTimeOffset), @p5='?' (Size = 574)], CommandType='Text', CommandTimeout='30']
INSERT INTO "ProtocolInbox" ("MessageId", "ContentHash", "FirstResponseJson", "MessageType", "ReceivedAt", "RequestJson")
VALUES (@p0, @p1, @p2, @p3, @p4, @p5);
[21:02:23 INF] Start processing HTTP request GET http://127.0.0.1:48408/api/imap/v1/mapInfo/stations/25
[21:02:23 INF] Sending HTTP request GET http://127.0.0.1:48408/api/imap/v1/mapInfo/stations/25
[21:02:23 INF] Received HTTP response headers after 0.6195ms - 200
[21:02:23 INF] End processing HTTP request after 2.0442ms - 200
[21:02:23 INF] Executed DbCommand (0ms) [Parameters=[@__mapId_0='?' (DbType = Int32)], CommandType='Text', CommandTimeout='30']
SELECT "t"."MapId", "t"."ActiveVersion", "t"."PendingVersion", "t"."State", "t"."UpdatedAt"
FROM "TaskTypeStationActiveBindingSets" AS "t"
WHERE "t"."MapId" = @__mapId_0
LIMIT 2
[21:02:23 INF] Executed DbCommand (0ms) [Parameters=[@__mapId_0='?' (DbType = Int32), @__version_1='?' (DbType = Int64)], CommandType='Text', CommandTimeout='30']
SELECT "t"."MapId", "t"."Version", "t"."CatalogRevision", "t"."ContentSha256", "t"."LoadedAt", "t"."RuleVersion", "t"."SnapshotId", "t"."Source"
FROM "TaskTypeStationBindingSetVersions" AS "t"
WHERE "t"."MapId" = @__mapId_0 AND "t"."Version" = @__version_1
LIMIT 2
[21:02:23 INF] Executed DbCommand (0ms) [Parameters=[@__mapId_0='?' (DbType = Int32), @__version_1='?' (DbType = Int64)], CommandType='Text', CommandTimeout='30']
SELECT "t"."TaskType"
FROM "TaskTypeStationRequirements" AS "t"
WHERE "t"."MapId" = @__mapId_0 AND "t"."Version" = @__version_1
[21:02:23 INF] Executed DbCommand (0ms) [Parameters=[@__mapId_0='?' (DbType = Int32), @__version_1='?' (DbType = Int64)], CommandType='Text', CommandTimeout='30']
SELECT "t"."MapId", "t"."Version", "t"."TaskType", "t"."SiteVerificationRef", "t"."StationName", "t"."StationRiotId"
FROM "TaskTypeStationBindings" AS "t"
WHERE "t"."MapId" = @__mapId_0 AND "t"."Version" = @__version_1
[21:02:23 INF] Executed DbCommand (0ms) [Parameters=[@__version_0='?' (DbType = Int64)], CommandType='Text', CommandTimeout='30']
SELECT "t"."Version", "t"."ContentSha256", "t"."LoadedAt", "t"."SnapshotId", "t"."Source"
FROM "TaskTypeStationRuleVersions" AS "t"
WHERE "t"."Version" = @__version_0
LIMIT 2
[21:02:23 INF] Executed DbCommand (0ms) [Parameters=[@__version_0='?' (DbType = Int64)], CommandType='Text', CommandTimeout='30']
SELECT "t"."Version", "t"."TaskType", "t"."FixedEnd"
FROM "TaskTypeStationRules" AS "t"
WHERE "t"."Version" = @__version_0
[21:02:23 INF] Executed DbCommand (0ms) [Parameters=[@__mapId_0='?' (DbType = Int32)], CommandType='Text', CommandTimeout='30']
SELECT "t"."MapId", "t"."ActiveVersion", "t"."PendingVersion", "t"."State", "t"."UpdatedAt"
FROM "TaskTypeStationActiveBindingSets" AS "t"
WHERE "t"."MapId" = @__mapId_0
LIMIT 2
[21:02:23 INF] Executed DbCommand (0ms) [Parameters=[@__mapId_0='?' (DbType = Int32)], CommandType='Text', CommandTimeout='30']
SELECT "t"."HoldId", "t"."DetailJson", "t"."MapId", "t"."RaisedAt", "t"."RaisedBy", "t"."ReasonCode", "t"."ReleasedAt", "t"."ReleasedBy", "t"."Source", "t"."TaskType"
FROM "TaskTypeStationHolds" AS "t"
WHERE "t"."MapId" = @__mapId_0 AND "t"."ReleasedAt" IS NULL
[21:02:23 INF] Executed DbCommand (0ms) [Parameters=[@__mapId_0='?' (DbType = Int32)], CommandType='Text', CommandTimeout='30']
SELECT "m"."MapId", "m"."ApprovedMaxUnconfirmedSeconds", "m"."ApprovedSyncPeriodSeconds", "m"."CatalogRevision", "m"."LastAttemptAt", "m"."LastCompleteConfirmationAt", "m"."LastFailureReason", "m"."State", "m"."UpdatedAt"
FROM "MapStationCatalogStates" AS "m"
WHERE "m"."MapId" = @__mapId_0
LIMIT 2
[21:02:23 INF] Executed DbCommand (0ms) [Parameters=[@p3='?' (DbType = Int32), @p0='?' (DbType = DateTimeOffset), @p1='?' (DbType = DateTimeOffset), @p2='?' (DbType = DateTimeOffset)], CommandType='Text', CommandTimeout='30']
UPDATE "MapStationCatalogStates" SET "LastAttemptAt" = @p0, "LastCompleteConfirmationAt" = @p1, "UpdatedAt" = @p2
WHERE "MapId" = @p3
RETURNING 1;
[21:02:23 INF] Executed DbCommand (0ms) [Parameters=[@__mapId_0='?' (DbType = Int32)], CommandType='Text', CommandTimeout='30']
SELECT "t"."MapId", "t"."ActiveVersion", "t"."PendingVersion", "t"."State", "t"."UpdatedAt"
FROM "TaskTypeStationActiveBindingSets" AS "t"
WHERE "t"."MapId" = @__mapId_0
LIMIT 2
[21:02:23 INF] Executed DbCommand (0ms) [Parameters=[@__mapId_0='?' (DbType = Int32), @__version_1='?' (DbType = Int64)], CommandType='Text', CommandTimeout='30']
SELECT "t"."MapId", "t"."Version", "t"."CatalogRevision", "t"."ContentSha256", "t"."LoadedAt", "t"."RuleVersion", "t"."SnapshotId", "t"."Source"
FROM "TaskTypeStationBindingSetVersions" AS "t"
WHERE "t"."MapId" = @__mapId_0 AND "t"."Version" = @__version_1
LIMIT 2
[21:02:23 INF] Executed DbCommand (0ms) [Parameters=[@__mapId_0='?' (DbType = Int32), @__version_1='?' (DbType = Int64)], CommandType='Text', CommandTimeout='30']
SELECT "t"."TaskType"
FROM "TaskTypeStationRequirements" AS "t"
WHERE "t"."MapId" = @__mapId_0 AND "t"."Version" = @__version_1
[21:02:23 INF] Executed DbCommand (0ms) [Parameters=[@__mapId_0='?' (DbType = Int32), @__version_1='?' (DbType = Int64)], CommandType='Text', CommandTimeout='30']
SELECT "t"."MapId", "t"."Version", "t"."TaskType", "t"."SiteVerificationRef", "t"."StationName", "t"."StationRiotId"
FROM "TaskTypeStationBindings" AS "t"
WHERE "t"."MapId" = @__mapId_0 AND "t"."Version" = @__version_1
[21:02:23 INF] Executed DbCommand (0ms) [Parameters=[@__mapId_0='?' (DbType = Int32)], CommandType='Text', CommandTimeout='30']
SELECT "t"."MapId", "t"."ActiveVersion", "t"."PendingVersion", "t"."State", "t"."UpdatedAt"
FROM "TaskTypeStationActiveBindingSets" AS "t"
WHERE "t"."MapId" = @__mapId_0
LIMIT 2
[21:02:23 INF] Executed DbCommand (0ms) [Parameters=[@__mapId_0='?' (DbType = Int32), @__version_1='?' (DbType = Int64)], CommandType='Text', CommandTimeout='30']
SELECT "t"."MapId", "t"."Version", "t"."CatalogRevision", "t"."ContentSha256", "t"."LoadedAt", "t"."RuleVersion", "t"."SnapshotId", "t"."Source"
FROM "TaskTypeStationBindingSetVersions" AS "t"
WHERE "t"."MapId" = @__mapId_0 AND "t"."Version" = @__version_1
LIMIT 2
[21:02:23 INF] Executed DbCommand (0ms) [Parameters=[@__messageId_0='?' (Size = 36)], CommandType='Text', CommandTimeout='30']
SELECT "p"."MessageId", "p"."ContentHash", "p"."FirstResponseJson", "p"."MessageType", "p"."ReceivedAt", "p"."RequestJson"
FROM "ProtocolInbox" AS "p"
WHERE "p"."MessageId" = @__messageId_0
LIMIT 2
[21:02:23 INF] Executed DbCommand (0ms) [Parameters=[@__mapId_0='?' (DbType = Int32), @__version_1='?' (DbType = Int64)], CommandType='Text', CommandTimeout='30']
SELECT "t"."TaskType"
FROM "TaskTypeStationRequirements" AS "t"
WHERE "t"."MapId" = @__mapId_0 AND "t"."Version" = @__version_1
[21:02:23 INF] Executed DbCommand (0ms) [Parameters=[@__mapId_0='?' (DbType = Int32), @__version_1='?' (DbType = Int64)], CommandType='Text', CommandTimeout='30']
SELECT "t"."MapId", "t"."Version", "t"."TaskType", "t"."SiteVerificationRef", "t"."StationName", "t"."StationRiotId"
FROM "TaskTypeStationBindings" AS "t"
WHERE "t"."MapId" = @__mapId_0 AND "t"."Version" = @__version_1
[21:02:23 INF] Executed DbCommand (0ms) [Parameters=[@__version_0='?' (DbType = Int64)], CommandType='Text', CommandTimeout='30']
SELECT "t"."Version", "t"."ContentSha256", "t"."LoadedAt", "t"."SnapshotId", "t"."Source"
FROM "TaskTypeStationRuleVersions" AS "t"
WHERE "t"."Version" = @__version_0
LIMIT 2
[21:02:23 INF] Executed DbCommand (0ms) [Parameters=[@__version_0='?' (DbType = Int64)], CommandType='Text', CommandTimeout='30']
SELECT "t"."Version", "t"."TaskType", "t"."FixedEnd"
FROM "TaskTypeStationRules" AS "t"
WHERE "t"."Version" = @__version_0
[21:02:23 INF] Executed DbCommand (0ms) [Parameters=[], CommandType='Text', CommandTimeout='30']
SELECT "a"."Id", "a"."ContentHash", "a"."DeploymentId", "a"."ImportedAt", "a"."Version"
FROM "AdmissionPolicyState" AS "a"
WHERE "a"."Id" = 1
LIMIT 2
[21:02:23 INF] Executed DbCommand (0ms) [Parameters=[], CommandType='Text', CommandTimeout='30']
SELECT "j"."DemandId", "j"."AgvId", "j"."AgvLifecycleGeneration", "j"."BlockReasonCode", "j"."BlockReasonSince", "j"."ConsumedSafetyResultMessageId", "j"."ConsumedSublotMessageId", "j"."CreatedAt", "j"."DispatchGeneration", "j"."DispatchZone", "j"."ExpectedBasketCount", "j"."GateMovementLegId", "j"."GatePlanMessageId", "j"."GateStationId", "j"."GateStationRiotId", "j"."GateUpperId", "j"."GateVehicleBusinessMessageId", "j"."GateWorklistMessageId", "j"."LoadCommandMessageId", "j"."LoadSlotOperationAttemptId", "j"."MapId", "j"."MapIdentity", "j"."OperationSessionId", "j"."PickupMovementLegId", "j"."PickupStationId", "j"."PickupStationRiotId", "j"."PickupUpperId", "j"."PlanMessageId", "j"."PlanRevision", "j"."PreDepartureSafetyCheckId", "j"."PreDepartureSafetyCheckMessageId", "j"."RouteEvidenceId", "j"."Stage", "j"."StationDepartureWaitStartedAt", "j"."SublotRequestMessageId", "j"."TargetSlotsJson", "j"."UnloadCommandMessageId", "j"."UnloadSlotOperationAttemptId", "j"."UpdatedAt", "j"."VehicleBusinessMessageId", "j"."VehicleBusinessRevision", "j"."VehicleKey", "j"."WorklistMessageId", "j"."WorklistRevision"
FROM "JourneyRuntimes" AS "j"
WHERE "j"."Stage" <> 'Completed'
[21:02:23 INF] Executed DbCommand (0ms) [Parameters=[@__agvId_0='?' (Size = 10)], CommandType='Text', CommandTimeout='30']
SELECT "s"."AgvId", "s"."ActiveUnlockSlotsJson", "s"."CapabilityHash", "s"."CapabilityRevision", "s"."DepartureSafe", "s"."ForcedRecoveryGeneration", "s"."ManifestSha256", "s"."PendingAttemptIdsJson", "s"."PendingResultIdsJson", "s"."ProfileId", "s"."ProtocolCommit", "s"."ProtocolVersion", "s"."ProvenRecoveryCheckpoint", "s"."Readiness", "s"."ReasonCode", "s"."RecoveryReportId", "s"."ReportedForcedRecoveryGeneration", "s"."ReportedSlotConfigurationFingerprint", "s"."SafetyHash", "s"."SafetyReasonCodesJson", "s"."SafetyRevision", "s"."SafetyUnknownPresent", "s"."SessionGeneration", "s"."UnsettledSlotOperationAttemptId", "s"."UpdatedAt"
FROM "SessionRecoveries" AS "s"
WHERE "s"."AgvId" = @__agvId_0 AND "s"."Readiness" = 'Ready'
LIMIT 2
[21:02:23 INF] Executed DbCommand (0ms) [Parameters=[], CommandType='Text', CommandTimeout='30']
SELECT "p"."MessageId", "p"."AcknowledgedAt", "p"."CreatedAt", "p"."FencedAt", "p"."MessageType", "p"."PayloadJson"
FROM "ProtocolOutbox" AS "p"
WHERE "p"."AcknowledgedAt" IS NULL AND "p"."FencedAt" IS NULL
[21:02:23 INF] Executed DbCommand (0ms) [Parameters=[@__runtime_LoadSlotOperationAttemptId_0='?' (Size = 36)], CommandType='Text', CommandTimeout='30']
SELECT "s"."SlotOperationAttemptId", "s"."CommittedAt", "s"."ContentHash", "s"."CreatedAt", "s"."DemandId", "s"."EvidenceJson", "s"."ForcedRecoveryGeneration", "s"."OperationType", "s"."Status", "s"."SublotId", "s"."TargetSlotsJson"
FROM "StationOperations" AS "s"
WHERE "s"."SlotOperationAttemptId" = @__runtime_LoadSlotOperationAttemptId_0
LIMIT 2
[21:02:23 INF] Executed DbCommand (0ms) [Parameters=[@__slotOperationAttemptId_0='?' (Size = 36)], CommandType='Text', CommandTimeout='30']
SELECT "s"."ForcedRecoveryGeneration"
FROM "StationOperations" AS "s"
WHERE "s"."SlotOperationAttemptId" = @__slotOperationAttemptId_0
LIMIT 2
[21:02:23 INF] Executed DbCommand (0ms) [Parameters=[@__demandId_0='?' (Size = 36)], CommandType='Text', CommandTimeout='30']
SELECT "j"."DemandId", "j"."AgvId", "j"."AgvLifecycleGeneration", "j"."BlockReasonCode", "j"."BlockReasonSince", "j"."ConsumedSafetyResultMessageId", "j"."ConsumedSublotMessageId", "j"."CreatedAt", "j"."DispatchGeneration", "j"."DispatchZone", "j"."ExpectedBasketCount", "j"."GateMovementLegId", "j"."GatePlanMessageId", "j"."GateStationId", "j"."GateStationRiotId", "j"."GateUpperId", "j"."GateVehicleBusinessMessageId", "j"."GateWorklistMessageId", "j"."LoadCommandMessageId", "j"."LoadSlotOperationAttemptId", "j"."MapId", "j"."MapIdentity", "j"."OperationSessionId", "j"."PickupMovementLegId", "j"."PickupStationId", "j"."PickupStationRiotId", "j"."PickupUpperId", "j"."PlanMessageId", "j"."PlanRevision", "j"."PreDepartureSafetyCheckId", "j"."PreDepartureSafetyCheckMessageId", "j"."RouteEvidenceId", "j"."Stage", "j"."StationDepartureWaitStartedAt", "j"."SublotRequestMessageId", "j"."TargetSlotsJson", "j"."UnloadCommandMessageId", "j"."UnloadSlotOperationAttemptId", "j"."UpdatedAt", "j"."VehicleBusinessMessageId", "j"."VehicleBusinessRevision", "j"."VehicleKey", "j"."WorklistMessageId", "j"."WorklistRevision"
FROM "JourneyRuntimes" AS "j"
WHERE "j"."DemandId" = @__demandId_0
LIMIT 2
[21:02:23 INF] Executed DbCommand (0ms) [Parameters=[@__result_ResultId_0='?' (Size = 36)], CommandType='Text', CommandTimeout='30']
SELECT "o"."ResultId", "o"."AgvId", "o"."ContentHash", "o"."EvidenceJson", "o"."ForcedRecoveryGeneration", "o"."HistoricalOnly", "o"."ObservedAt", "o"."OverallOutcome", "o"."ReceivedAt", "o"."ResultContentSha256", "o"."SlotOperationAttemptId", "o"."SupersededByResultId"
FROM "OperationResults" AS "o"
WHERE "o"."ResultId" = @__result_ResultId_0
LIMIT 2
[21:02:23 INF] Executed DbCommand (0ms) [Parameters=[@__result_SlotOperationAttemptId_0='?' (Size = 36), @__forcedRecoveryGeneration_1='?' (DbType = Int64)], CommandType='Text', CommandTimeout='30']
SELECT "o"."ResultId", "o"."AgvId", "o"."ContentHash", "o"."EvidenceJson", "o"."ForcedRecoveryGeneration", "o"."HistoricalOnly", "o"."ObservedAt", "o"."OverallOutcome", "o"."ReceivedAt", "o"."ResultContentSha256", "o"."SlotOperationAttemptId", "o"."SupersededByResultId"
FROM "OperationResults" AS "o"
WHERE "o"."SlotOperationAttemptId" = @__result_SlotOperationAttemptId_0 AND "o"."ForcedRecoveryGeneration" = @__forcedRecoveryGeneration_1 AND "o"."SupersededByResultId" IS NULL
[21:02:23 INF] Executed DbCommand (0ms) [Parameters=[@__agvId_0='?' (Size = 10)], CommandType='Text', CommandTimeout='30']
SELECT "v"."ForcedRecoveryGeneration"
FROM "VehicleRecoveryGenerations" AS "v"
WHERE "v"."AgvId" = @__agvId_0
LIMIT 2
[21:02:23 INF] Executed DbCommand (0ms) [Parameters=[@__result_SlotOperationAttemptId_0='?' (Size = 36)], CommandType='Text', CommandTimeout='30']
SELECT "s"."SlotOperationAttemptId", "s"."CommittedAt", "s"."ContentHash", "s"."CreatedAt", "s"."DemandId", "s"."EvidenceJson", "s"."ForcedRecoveryGeneration", "s"."OperationType", "s"."Status", "s"."SublotId", "s"."TargetSlotsJson"
FROM "StationOperations" AS "s"
WHERE "s"."SlotOperationAttemptId" = @__result_SlotOperationAttemptId_0
LIMIT 2
[21:02:23 INF] Executed DbCommand (0ms) [Parameters=[@p0='?' (Size = 36), @p1='?' (Size = 10), @p2='?' (Size = 64), @p3='?' (Size = 71), @p4='?' (DbType = Int64), @p5='?' (DbType = Boolean), @p6='?' (DbType = DateTimeOffset), @p7='?' (Size = 9), @p8='?' (DbType = DateTimeOffset), @p9='?' (Size = 64), @p10='?' (Size = 36), @p11='?'], CommandType='Text', CommandTimeout='30']
INSERT INTO "OperationResults" ("ResultId", "AgvId", "ContentHash", "EvidenceJson", "ForcedRecoveryGeneration", "HistoricalOnly", "ObservedAt", "OverallOutcome", "ReceivedAt", "ResultContentSha256", "SlotOperationAttemptId", "SupersededByResultId")
VALUES (@p0, @p1, @p2, @p3, @p4, @p5, @p6, @p7, @p8, @p9, @p10, @p11);
[21:02:23 INF] Executed DbCommand (0ms) [Parameters=[@p3='?' (Size = 36), @p0='?' (DbType = DateTimeOffset), @p1='?' (Size = 71), @p2='?' (Size = 9)], CommandType='Text', CommandTimeout='30']
UPDATE "StationOperations" SET "CommittedAt" = @p0, "EvidenceJson" = @p1, "Status" = @p2
WHERE "SlotOperationAttemptId" = @p3
RETURNING 1;
[21:02:23 INF] Executed DbCommand (0ms) [Parameters=[@__slotOperationAttemptId_0='?' (Size = 36)], CommandType='Text', CommandTimeout='30']
SELECT "r"."WorkflowId", "r"."AgvId", "r"."CommandContentHash", "r"."CommandMessageId", "r"."CommandMessageType", "r"."CreatedAt", "r"."DemandId", "r"."ExceptionRecoverySessionId", "r"."ForcedRecoveryGeneration", "r"."HandoffId", "r"."Outcome", "r"."RequestContentHash", "r"."RequestMessageId", "r"."ResultContentHash", "r"."ResultMessageId", "r"."SlotOperationAttemptId", "r"."SlotsJson", "r"."State", "r"."UpdatedAt", "r"."WorkflowType"
FROM "RecoveryWorkflows" AS "r"
WHERE "r"."WorkflowType" = 'RESUME_AFTER_REPAIR' AND "r"."SlotOperationAttemptId" = @__slotOperationAttemptId_0 AND "r"."State" IN ('CommandPending', 'AwaitingResult')
LIMIT 2
[21:02:23 INF] Executed DbCommand (0ms) [Parameters=[@__agvId_0='?' (Size = 10)], CommandType='Text', CommandTimeout='30']
SELECT "s"."AgvId", "s"."ActiveUnlockSlotsJson", "s"."CapabilityHash", "s"."CapabilityRevision", "s"."DepartureSafe", "s"."ForcedRecoveryGeneration", "s"."ManifestSha256", "s"."PendingAttemptIdsJson", "s"."PendingResultIdsJson", "s"."ProfileId", "s"."ProtocolCommit", "s"."ProtocolVersion", "s"."ProvenRecoveryCheckpoint", "s"."Readiness", "s"."ReasonCode", "s"."RecoveryReportId", "s"."ReportedForcedRecoveryGeneration", "s"."ReportedSlotConfigurationFingerprint", "s"."SafetyHash", "s"."SafetyReasonCodesJson", "s"."SafetyRevision", "s"."SafetyUnknownPresent", "s"."SessionGeneration", "s"."UnsettledSlotOperationAttemptId", "s"."UpdatedAt"
FROM "SessionRecoveries" AS "s"
WHERE "s"."AgvId" = @__agvId_0
LIMIT 2
[21:02:23 INF] Executed DbCommand (0ms) [Parameters=[@__agvId_0='?' (Size = 10)], CommandType='Text', CommandTimeout='30']
SELECT "s"."AgvId", "s"."ActiveUnlockSlotsJson", "s"."CapabilityHash", "s"."CapabilityRevision", "s"."DepartureSafe", "s"."ForcedRecoveryGeneration", "s"."ManifestSha256", "s"."PendingAttemptIdsJson", "s"."PendingResultIdsJson", "s"."ProfileId", "s"."ProtocolCommit", "s"."ProtocolVersion", "s"."ProvenRecoveryCheckpoint", "s"."Readiness", "s"."ReasonCode", "s"."RecoveryReportId", "s"."ReportedForcedRecoveryGeneration", "s"."ReportedSlotConfigurationFingerprint", "s"."SafetyHash", "s"."SafetyReasonCodesJson", "s"."SafetyRevision", "s"."SafetyUnknownPresent", "s"."SessionGeneration", "s"."UnsettledSlotOperationAttemptId", "s"."UpdatedAt"
FROM "SessionRecoveries" AS "s"
WHERE "s"."AgvId" = @__agvId_0
LIMIT 2
[21:02:23 INF] Executed DbCommand (0ms) [Parameters=[@__agvId_0='?' (Size = 10)], CommandType='Text', CommandTimeout='30']
SELECT "s"."AgvId", "s"."ActiveUnlockSlotsJson", "s"."CapabilityHash", "s"."CapabilityRevision", "s"."DepartureSafe", "s"."ForcedRecoveryGeneration", "s"."ManifestSha256", "s"."PendingAttemptIdsJson", "s"."PendingResultIdsJson", "s"."ProfileId", "s"."ProtocolCommit", "s"."ProtocolVersion", "s"."ProvenRecoveryCheckpoint", "s"."Readiness", "s"."ReasonCode", "s"."RecoveryReportId", "s"."ReportedForcedRecoveryGeneration", "s"."ReportedSlotConfigurationFingerprint", "s"."SafetyHash", "s"."SafetyReasonCodesJson", "s"."SafetyRevision", "s"."SafetyUnknownPresent", "s"."SessionGeneration", "s"."UnsettledSlotOperationAttemptId", "s"."UpdatedAt"
FROM "SessionRecoveries" AS "s"
WHERE "s"."AgvId" = @__agvId_0
LIMIT 2
[21:02:23 INF] Executed DbCommand (0ms) [Parameters=[@__agvId_0='?' (Size = 10)], CommandType='Text', CommandTimeout='30']
SELECT EXISTS (
    SELECT 1
    FROM "StationOperations" AS "s"
    INNER JOIN "JourneyRuntimes" AS "j" ON "s"."DemandId" = "j"."DemandId"
    WHERE "j"."AgvId" = @__agvId_0 AND "s"."Status" = 'RecoveryRequired')
[21:02:23 INF] Executed DbCommand (0ms) [Parameters=[@__agvId_0='?' (Size = 10)], CommandType='Text', CommandTimeout='30']
SELECT EXISTS (
    SELECT 1
    FROM "RecoveryWorkflows" AS "r"
    WHERE "r"."AgvId" = @__agvId_0 AND "r"."WorkflowType" = 'FORCED_MECHANICAL_RECOVERY' AND "r"."State" <> 'HistoricalOnly' AND NOT EXISTS (
        SELECT 1
        FROM "HardwareRecoveryRecords" AS "h"
        WHERE "h"."RecoveryActionId" = "r"."WorkflowId"))
[21:02:23 INF] Executed DbCommand (0ms) [Parameters=[@__agvId_0='?' (Size = 10)], CommandType='Text', CommandTimeout='30']
SELECT "a"."AgvId", "a"."ActivatedAt", "a"."ActivationId", "a"."ConfigurationVersion", "a"."Fingerprint", "a"."SlotModelVersionId", "a"."SnapshotId"
FROM "ActiveSlotConfigurations" AS "a"
WHERE "a"."AgvId" = @__agvId_0
LIMIT 1
[21:02:23 INF] Executed DbCommand (0ms) [Parameters=[@p1='?' (Size = 10), @p0='?' (DbType = DateTimeOffset)], CommandType='Text', CommandTimeout='30']
UPDATE "SessionRecoveries" SET "UpdatedAt" = @p0
WHERE "AgvId" = @p1
RETURNING 1;
[21:02:23 INF] Executed DbCommand (0ms) [Parameters=[@p0='?' (Size = 36), @p1='?' (Size = 64), @p2='?' (Size = 663), @p3='?' (Size = 15), @p4='?' (DbType = DateTimeOffset), @p5='?' (Size = 888)], CommandType='Text', CommandTimeout='30']
INSERT INTO "ProtocolInbox" ("MessageId", "ContentHash", "FirstResponseJson", "MessageType", "ReceivedAt", "RequestJson")
VALUES (@p0, @p1, @p2, @p3, @p4, @p5);
[21:02:23 INF] Executed DbCommand (0ms) [Parameters=[], CommandType='Text', CommandTimeout='30']
SELECT "p"."MessageId", "p"."AcknowledgedAt", "p"."CreatedAt", "p"."FencedAt", "p"."MessageType", "p"."PayloadJson"
FROM "ProtocolOutbox" AS "p"
WHERE "p"."MessageType" = 'ExceptionRecoverySessionSnapshot' AND "p"."AcknowledgedAt" IS NULL AND "p"."FencedAt" IS NULL
[21:02:23 INF] Start processing HTTP request GET http://127.0.0.1:48408/api/task/v1/task/getVehicleInfo/BROKERX-L2-0001
[21:02:23 INF] Sending HTTP request GET http://127.0.0.1:48408/api/task/v1/task/getVehicleInfo/BROKERX-L2-0001
[21:02:23 INF] Received HTTP response headers after 0.716ms - 200
[21:02:23 INF] End processing HTTP request after 2.0683ms - 200
[21:02:23 INF] Start processing HTTP request GET http://127.0.0.1:48408/api/order/v1/orderRecord?pageNum=1&pageSize=100&filterByState=1&filterByState=3&filterByState=7&filterByState=9
[21:02:23 INF] Sending HTTP request GET http://127.0.0.1:48408/api/order/v1/orderRecord?pageNum=1&pageSize=100&filterByState=1&filterByState=3&filterByState=7&filterByState=9
[21:02:23 INF] Received HTTP response headers after 0.5237ms - 200
[21:02:23 INF] End processing HTTP request after 1.2926ms - 200
[21:02:23 INF] HTTP GET /api/onboard/v1/vehicle-safety responded 200 in 4.8195 ms
[21:02:24 INF] Start processing HTTP request GET http://127.0.0.1:48408/api/imap/v1/mapInfo/stations/25
[21:02:24 INF] Sending HTTP request GET http://127.0.0.1:48408/api/imap/v1/mapInfo/stations/25
[21:02:24 INF] Received HTTP response headers after 0.7412ms - 200
[21:02:24 INF] End processing HTTP request after 2.84ms - 200
[21:02:24 INF] Executed DbCommand (0ms) [Parameters=[@__mapId_0='?' (DbType = Int32)], CommandType='Text', CommandTimeout='30']
SELECT "t"."MapId", "t"."ActiveVersion", "t"."PendingVersion", "t"."State", "t"."UpdatedAt"
FROM "TaskTypeStationActiveBindingSets" AS "t"
WHERE "t"."MapId" = @__mapId_0
LIMIT 2
[21:02:24 INF] Executed DbCommand (0ms) [Parameters=[@__mapId_0='?' (DbType = Int32), @__version_1='?' (DbType = Int64)], CommandType='Text', CommandTimeout='30']
SELECT "t"."MapId", "t"."Version", "t"."CatalogRevision", "t"."ContentSha256", "t"."LoadedAt", "t"."RuleVersion", "t"."SnapshotId", "t"."Source"
FROM "TaskTypeStationBindingSetVersions" AS "t"
WHERE "t"."MapId" = @__mapId_0 AND "t"."Version" = @__version_1
LIMIT 2
[21:02:24 INF] Executed DbCommand (0ms) [Parameters=[@__mapId_0='?' (DbType = Int32), @__version_1='?' (DbType = Int64)], CommandType='Text', CommandTimeout='30']
SELECT "t"."TaskType"
FROM "TaskTypeStationRequirements" AS "t"
WHERE "t"."MapId" = @__mapId_0 AND "t"."Version" = @__version_1
[21:02:24 INF] Executed DbCommand (0ms) [Parameters=[@__mapId_0='?' (DbType = Int32), @__version_1='?' (DbType = Int64)], CommandType='Text', CommandTimeout='30']
SELECT "t"."MapId", "t"."Version", "t"."TaskType", "t"."SiteVerificationRef", "t"."StationName", "t"."StationRiotId"
FROM "TaskTypeStationBindings" AS "t"
WHERE "t"."MapId" = @__mapId_0 AND "t"."Version" = @__version_1
[21:02:24 INF] Executed DbCommand (0ms) [Parameters=[@__version_0='?' (DbType = Int64)], CommandType='Text', CommandTimeout='30']
SELECT "t"."Version", "t"."ContentSha256", "t"."LoadedAt", "t"."SnapshotId", "t"."Source"
FROM "TaskTypeStationRuleVersions" AS "t"
WHERE "t"."Version" = @__version_0
LIMIT 2
[21:02:24 INF] Executed DbCommand (0ms) [Parameters=[@__version_0='?' (DbType = Int64)], CommandType='Text', CommandTimeout='30']
SELECT "t"."Version", "t"."TaskType", "t"."FixedEnd"
FROM "TaskTypeStationRules" AS "t"
WHERE "t"."Version" = @__version_0
[21:02:24 INF] Executed DbCommand (0ms) [Parameters=[@__mapId_0='?' (DbType = Int32)], CommandType='Text', CommandTimeout='30']
SELECT "t"."MapId", "t"."ActiveVersion", "t"."PendingVersion", "t"."State", "t"."UpdatedAt"
FROM "TaskTypeStationActiveBindingSets" AS "t"
WHERE "t"."MapId" = @__mapId_0
LIMIT 2
[21:02:24 INF] Executed DbCommand (0ms) [Parameters=[@__mapId_0='?' (DbType = Int32)], CommandType='Text', CommandTimeout='30']
SELECT "t"."HoldId", "t"."DetailJson", "t"."MapId", "t"."RaisedAt", "t"."RaisedBy", "t"."ReasonCode", "t"."ReleasedAt", "t"."ReleasedBy", "t"."Source", "t"."TaskType"
FROM "TaskTypeStationHolds" AS "t"
WHERE "t"."MapId" = @__mapId_0 AND "t"."ReleasedAt" IS NULL
[21:02:24 INF] Executed DbCommand (0ms) [Parameters=[@__mapId_0='?' (DbType = Int32)], CommandType='Text', CommandTimeout='30']
SELECT "m"."MapId", "m"."ApprovedMaxUnconfirmedSeconds", "m"."ApprovedSyncPeriodSeconds", "m"."CatalogRevision", "m"."LastAttemptAt", "m"."LastCompleteConfirmationAt", "m"."LastFailureReason", "m"."State", "m"."UpdatedAt"
FROM "MapStationCatalogStates" AS "m"
WHERE "m"."MapId" = @__mapId_0
LIMIT 2
[21:02:24 INF] Executed DbCommand (0ms) [Parameters=[@p3='?' (DbType = Int32), @p0='?' (DbType = DateTimeOffset), @p1='?' (DbType = DateTimeOffset), @p2='?' (DbType = DateTimeOffset)], CommandType='Text', CommandTimeout='30']
UPDATE "MapStationCatalogStates" SET "LastAttemptAt" = @p0, "LastCompleteConfirmationAt" = @p1, "UpdatedAt" = @p2
WHERE "MapId" = @p3
RETURNING 1;
[21:02:24 INF] Executed DbCommand (0ms) [Parameters=[@__mapId_0='?' (DbType = Int32)], CommandType='Text', CommandTimeout='30']
SELECT "t"."MapId", "t"."ActiveVersion", "t"."PendingVersion", "t"."State", "t"."UpdatedAt"
FROM "TaskTypeStationActiveBindingSets" AS "t"
WHERE "t"."MapId" = @__mapId_0
LIMIT 2
[21:02:24 INF] Executed DbCommand (0ms) [Parameters=[@__mapId_0='?' (DbType = Int32), @__version_1='?' (DbType = Int64)], CommandType='Text', CommandTimeout='30']
SELECT "t"."MapId", "t"."Version", "t"."CatalogRevision", "t"."ContentSha256", "t"."LoadedAt", "t"."RuleVersion", "t"."SnapshotId", "t"."Source"
FROM "TaskTypeStationBindingSetVersions" AS "t"
WHERE "t"."MapId" = @__mapId_0 AND "t"."Version" = @__version_1
LIMIT 2
[21:02:24 INF] Executed DbCommand (0ms) [Parameters=[@__mapId_0='?' (DbType = Int32), @__version_1='?' (DbType = Int64)], CommandType='Text', CommandTimeout='30']
SELECT "t"."TaskType"
FROM "TaskTypeStationRequirements" AS "t"
WHERE "t"."MapId" = @__mapId_0 AND "t"."Version" = @__version_1
[21:02:24 INF] Executed DbCommand (0ms) [Parameters=[@__mapId_0='?' (DbType = Int32), @__version_1='?' (DbType = Int64)], CommandType='Text', CommandTimeout='30']
SELECT "t"."MapId", "t"."Version", "t"."TaskType", "t"."SiteVerificationRef", "t"."StationName", "t"."StationRiotId"
FROM "TaskTypeStationBindings" AS "t"
WHERE "t"."MapId" = @__mapId_0 AND "t"."Version" = @__version_1
[21:02:24 INF] Executed DbCommand (0ms) [Parameters=[@__mapId_0='?' (DbType = Int32)], CommandType='Text', CommandTimeout='30']
SELECT "t"."MapId", "t"."ActiveVersion", "t"."PendingVersion", "t"."State", "t"."UpdatedAt"
FROM "TaskTypeStationActiveBindingSets" AS "t"
WHERE "t"."MapId" = @__mapId_0
LIMIT 2
[21:02:24 INF] Executed DbCommand (0ms) [Parameters=[@__mapId_0='?' (DbType = Int32), @__version_1='?' (DbType = Int64)], CommandType='Text', CommandTimeout='30']
SELECT "t"."MapId", "t"."Version", "t"."CatalogRevision", "t"."ContentSha256", "t"."LoadedAt", "t"."RuleVersion", "t"."SnapshotId", "t"."Source"
FROM "TaskTypeStationBindingSetVersions" AS "t"
WHERE "t"."MapId" = @__mapId_0 AND "t"."Version" = @__version_1
LIMIT 2
[21:02:24 INF] Executed DbCommand (0ms) [Parameters=[@__mapId_0='?' (DbType = Int32), @__version_1='?' (DbType = Int64)], CommandType='Text', CommandTimeout='30']
SELECT "t"."TaskType"
FROM "TaskTypeStationRequirements" AS "t"
WHERE "t"."MapId" = @__mapId_0 AND "t"."Version" = @__version_1
[21:02:24 INF] Executed DbCommand (0ms) [Parameters=[@__mapId_0='?' (DbType = Int32), @__version_1='?' (DbType = Int64)], CommandType='Text', CommandTimeout='30']
SELECT "t"."MapId", "t"."Version", "t"."TaskType", "t"."SiteVerificationRef", "t"."StationName", "t"."StationRiotId"
FROM "TaskTypeStationBindings" AS "t"
WHERE "t"."MapId" = @__mapId_0 AND "t"."Version" = @__version_1
[21:02:24 INF] Executed DbCommand (0ms) [Parameters=[@__version_0='?' (DbType = Int64)], CommandType='Text', CommandTimeout='30']
SELECT "t"."Version", "t"."ContentSha256", "t"."LoadedAt", "t"."SnapshotId", "t"."Source"
FROM "TaskTypeStationRuleVersions" AS "t"
WHERE "t"."Version" = @__version_0
LIMIT 2
[21:02:24 INF] Executed DbCommand (0ms) [Parameters=[@__version_0='?' (DbType = Int64)], CommandType='Text', CommandTimeout='30']
SELECT "t"."Version", "t"."TaskType", "t"."FixedEnd"
FROM "TaskTypeStationRules" AS "t"
WHERE "t"."Version" = @__version_0
[21:02:24 INF] Executed DbCommand (0ms) [Parameters=[], CommandType='Text', CommandTimeout='30']
SELECT "a"."Id", "a"."ContentHash", "a"."DeploymentId", "a"."ImportedAt", "a"."Version"
FROM "AdmissionPolicyState" AS "a"
WHERE "a"."Id" = 1
LIMIT 2
[21:02:24 INF] Executed DbCommand (0ms) [Parameters=[], CommandType='Text', CommandTimeout='30']
SELECT "j"."DemandId", "j"."AgvId", "j"."AgvLifecycleGeneration", "j"."BlockReasonCode", "j"."BlockReasonSince", "j"."ConsumedSafetyResultMessageId", "j"."ConsumedSublotMessageId", "j"."CreatedAt", "j"."DispatchGeneration", "j"."DispatchZone", "j"."ExpectedBasketCount", "j"."GateMovementLegId", "j"."GatePlanMessageId", "j"."GateStationId", "j"."GateStationRiotId", "j"."GateUpperId", "j"."GateVehicleBusinessMessageId", "j"."GateWorklistMessageId", "j"."LoadCommandMessageId", "j"."LoadSlotOperationAttemptId", "j"."MapId", "j"."MapIdentity", "j"."OperationSessionId", "j"."PickupMovementLegId", "j"."PickupStationId", "j"."PickupStationRiotId", "j"."PickupUpperId", "j"."PlanMessageId", "j"."PlanRevision", "j"."PreDepartureSafetyCheckId", "j"."PreDepartureSafetyCheckMessageId", "j"."RouteEvidenceId", "j"."Stage", "j"."StationDepartureWaitStartedAt", "j"."SublotRequestMessageId", "j"."TargetSlotsJson", "j"."UnloadCommandMessageId", "j"."UnloadSlotOperationAttemptId", "j"."UpdatedAt", "j"."VehicleBusinessMessageId", "j"."VehicleBusinessRevision", "j"."VehicleKey", "j"."WorklistMessageId", "j"."WorklistRevision"
FROM "JourneyRuntimes" AS "j"
WHERE "j"."Stage" <> 'Completed'
[21:02:24 INF] Executed DbCommand (0ms) [Parameters=[@__agvId_0='?' (Size = 10)], CommandType='Text', CommandTimeout='30']
SELECT "s"."AgvId", "s"."ActiveUnlockSlotsJson", "s"."CapabilityHash", "s"."CapabilityRevision", "s"."DepartureSafe", "s"."ForcedRecoveryGeneration", "s"."ManifestSha256", "s"."PendingAttemptIdsJson", "s"."PendingResultIdsJson", "s"."ProfileId", "s"."ProtocolCommit", "s"."ProtocolVersion", "s"."ProvenRecoveryCheckpoint", "s"."Readiness", "s"."ReasonCode", "s"."RecoveryReportId", "s"."ReportedForcedRecoveryGeneration", "s"."ReportedSlotConfigurationFingerprint", "s"."SafetyHash", "s"."SafetyReasonCodesJson", "s"."SafetyRevision", "s"."SafetyUnknownPresent", "s"."SessionGeneration", "s"."UnsettledSlotOperationAttemptId", "s"."UpdatedAt"
FROM "SessionRecoveries" AS "s"
WHERE "s"."AgvId" = @__agvId_0 AND "s"."Readiness" = 'Ready'
LIMIT 2
[21:02:24 INF] Executed DbCommand (0ms) [Parameters=[], CommandType='Text', CommandTimeout='30']
SELECT "p"."MessageId", "p"."AcknowledgedAt", "p"."CreatedAt", "p"."FencedAt", "p"."MessageType", "p"."PayloadJson"
FROM "ProtocolOutbox" AS "p"
WHERE "p"."AcknowledgedAt" IS NULL AND "p"."FencedAt" IS NULL
[21:02:24 ERR] Journey runtime iteration failed closed; no stage is inferred from memory.
System.IO.IOException: No recovered Onboard peer is connected for 'AGV-L2-001'.
   at ControlServer.Host.Transport.OnboardPeer.SendAsync(ReadOnlyMemory`1 ndjsonLine, CancellationToken cancellationToken) in C:\Users\szy\Desktop\8005-workspace-v2\worktrees\rig-cs165-8005-agv-control-server\src\ControlServer.Host\Transport\OnboardPeer.cs:line 73
   at ControlServer.Host.Transport.OnboardJourneyPublisher.ReplayPendingForSessionAsync(String agvId, Int64 sessionGeneration, IReadOnlySet`1 allowedMessageIds, CancellationToken cancellationToken) in C:\Users\szy\Desktop\8005-workspace-v2\worktrees\rig-cs165-8005-agv-control-server\src\ControlServer.Host\Transport\OnboardJourneyPublisher.cs:line 42
   at ControlServer.Host.Runtime.JourneyRuntimeEngine.AdvanceAsync(JourneyRuntimeRow runtime, RiotMapStationCatalogSnapshot currentMap, CancellationToken cancellationToken) in C:\Users\szy\Desktop\8005-workspace-v2\worktrees\rig-cs165-8005-agv-control-server\src\ControlServer.Host\Runtime\JourneyRuntimeEngine.cs:line 654
   at ControlServer.Host.Runtime.JourneyRuntimeEngine.ExecuteOnceAsync(CancellationToken cancellationToken) in C:\Users\szy\Desktop\8005-workspace-v2\worktrees\rig-cs165-8005-agv-control-server\src\ControlServer.Host\Runtime\JourneyRuntimeEngine.cs:line 269
   at ControlServer.Host.Runtime.JourneyRuntimeWorker.ExecuteAsync(CancellationToken stoppingToken) in C:\Users\szy\Desktop\8005-workspace-v2\worktrees\rig-cs165-8005-agv-control-server\src\ControlServer.Host\Runtime\JourneyRuntimeWorker.cs:line 51
   at ControlServer.Host.Runtime.JourneyRuntimeWorker.ExecuteAsync(CancellationToken stoppingToken) in C:\Users\szy\Desktop\8005-workspace-v2\worktrees\rig-cs165-8005-agv-control-server\src\ControlServer.Host\Runtime\JourneyRuntimeWorker.cs:line 51
[21:02:24 INF] Start processing HTTP request GET http://127.0.0.1:48408/api/task/v1/task/getVehicleInfo/BROKERX-L2-0001
[21:02:24 INF] Sending HTTP request GET http://127.0.0.1:48408/api/task/v1/task/getVehicleInfo/BROKERX-L2-0001
[21:02:24 INF] Received HTTP response headers after 0.59ms - 200
[21:02:24 INF] End processing HTTP request after 3.7859ms - 200
[21:02:24 INF] Start processing HTTP request GET http://127.0.0.1:48408/api/order/v1/orderRecord?pageNum=1&pageSize=100&filterByState=1&filterByState=3&filterByState=7&filterByState=9
[21:02:24 INF] Sending HTTP request GET http://127.0.0.1:48408/api/order/v1/orderRecord?pageNum=1&pageSize=100&filterByState=1&filterByState=3&filterByState=7&filterByState=9
[21:02:24 INF] Received HTTP response headers after 0.496ms - 200
[21:02:24 INF] End processing HTTP request after 1.2244ms - 200
[21:02:24 INF] HTTP GET /api/onboard/v1/vehicle-safety responded 200 in 6.3641 ms
[21:02:25 INF] Start processing HTTP request GET http://127.0.0.1:48408/api/imap/v1/mapInfo/stations/25
[21:02:25 INF] Sending HTTP request GET http://127.0.0.1:48408/api/imap/v1/mapInfo/stations/25
[21:02:25 INF] Received HTTP response headers after 0.604ms - 200
[21:02:25 INF] End processing HTTP request after 2.0257ms - 200
[21:02:25 INF] Executed DbCommand (0ms) [Parameters=[@__mapId_0='?' (DbType = Int32)], CommandType='Text', CommandTimeout='30']
SELECT "t"."MapId", "t"."ActiveVersion", "t"."PendingVersion", "t"."State", "t"."UpdatedAt"
FROM "TaskTypeStationActiveBindingSets" AS "t"
WHERE "t"."MapId" = @__mapId_0
LIMIT 2
[21:02:25 INF] Executed DbCommand (0ms) [Parameters=[@__mapId_0='?' (DbType = Int32), @__version_1='?' (DbType = Int64)], CommandType='Text', CommandTimeout='30']
SELECT "t"."MapId", "t"."Version", "t"."CatalogRevision", "t"."ContentSha256", "t"."LoadedAt", "t"."RuleVersion", "t"."SnapshotId", "t"."Source"
FROM "TaskTypeStationBindingSetVersions" AS "t"
WHERE "t"."MapId" = @__mapId_0 AND "t"."Version" = @__version_1
LIMIT 2
[21:02:25 INF] Executed DbCommand (0ms) [Parameters=[@__mapId_0='?' (DbType = Int32), @__version_1='?' (DbType = Int64)], CommandType='Text', CommandTimeout='30']
SELECT "t"."TaskType"
FROM "TaskTypeStationRequirements" AS "t"
WHERE "t"."MapId" = @__mapId_0 AND "t"."Version" = @__version_1
[21:02:25 INF] Executed DbCommand (0ms) [Parameters=[@__mapId_0='?' (DbType = Int32), @__version_1='?' (DbType = Int64)], CommandType='Text', CommandTimeout='30']
SELECT "t"."MapId", "t"."Version", "t"."TaskType", "t"."SiteVerificationRef", "t"."StationName", "t"."StationRiotId"
FROM "TaskTypeStationBindings" AS "t"
WHERE "t"."MapId" = @__mapId_0 AND "t"."Version" = @__version_1
[21:02:25 INF] Executed DbCommand (0ms) [Parameters=[@__version_0='?' (DbType = Int64)], CommandType='Text', CommandTimeout='30']
SELECT "t"."Version", "t"."ContentSha256", "t"."LoadedAt", "t"."SnapshotId", "t"."Source"
FROM "TaskTypeStationRuleVersions" AS "t"
WHERE "t"."Version" = @__version_0
LIMIT 2
[21:02:25 INF] Executed DbCommand (0ms) [Parameters=[@__version_0='?' (DbType = Int64)], CommandType='Text', CommandTimeout='30']
SELECT "t"."Version", "t"."TaskType", "t"."FixedEnd"
FROM "TaskTypeStationRules" AS "t"
WHERE "t"."Version" = @__version_0
[21:02:25 INF] Executed DbCommand (0ms) [Parameters=[@__mapId_0='?' (DbType = Int32)], CommandType='Text', CommandTimeout='30']
SELECT "t"."MapId", "t"."ActiveVersion", "t"."PendingVersion", "t"."State", "t"."UpdatedAt"
FROM "TaskTypeStationActiveBindingSets" AS "t"
WHERE "t"."MapId" = @__mapId_0
LIMIT 2
[21:02:25 INF] Executed DbCommand (0ms) [Parameters=[@__mapId_0='?' (DbType = Int32)], CommandType='Text', CommandTimeout='30']
SELECT "t"."HoldId", "t"."DetailJson", "t"."MapId", "t"."RaisedAt", "t"."RaisedBy", "t"."ReasonCode", "t"."ReleasedAt", "t"."ReleasedBy", "t"."Source", "t"."TaskType"
FROM "TaskTypeStationHolds" AS "t"
WHERE "t"."MapId" = @__mapId_0 AND "t"."ReleasedAt" IS NULL
[21:02:25 INF] Executed DbCommand (0ms) [Parameters=[@__mapId_0='?' (DbType = Int32)], CommandType='Text', CommandTimeout='30']
SELECT "m"."MapId", "m"."ApprovedMaxUnconfirmedSeconds", "m"."ApprovedSyncPeriodSeconds", "m"."CatalogRevision", "m"."LastAttemptAt", "m"."LastCompleteConfirmationAt", "m"."LastFailureReason", "m"."State", "m"."UpdatedAt"
FROM "MapStationCatalogStates" AS "m"
WHERE "m"."MapId" = @__mapId_0
LIMIT 2
[21:02:25 INF] Executed DbCommand (0ms) [Parameters=[@p3='?' (DbType = Int32), @p0='?' (DbType = DateTimeOffset), @p1='?' (DbType = DateTimeOffset), @p2='?' (DbType = DateTimeOffset)], CommandType='Text', CommandTimeout='30']
UPDATE "MapStationCatalogStates" SET "LastAttemptAt" = @p0, "LastCompleteConfirmationAt" = @p1, "UpdatedAt" = @p2
WHERE "MapId" = @p3
RETURNING 1;
[21:02:25 INF] Executed DbCommand (0ms) [Parameters=[@__mapId_0='?' (DbType = Int32)], CommandType='Text', CommandTimeout='30']
SELECT "t"."MapId", "t"."ActiveVersion", "t"."PendingVersion", "t"."State", "t"."UpdatedAt"
FROM "TaskTypeStationActiveBindingSets" AS "t"
WHERE "t"."MapId" = @__mapId_0
LIMIT 2
[21:02:25 INF] Executed DbCommand (0ms) [Parameters=[@__mapId_0='?' (DbType = Int32), @__version_1='?' (DbType = Int64)], CommandType='Text', CommandTimeout='30']
SELECT "t"."MapId", "t"."Version", "t"."CatalogRevision", "t"."ContentSha256", "t"."LoadedAt", "t"."RuleVersion", "t"."SnapshotId", "t"."Source"
FROM "TaskTypeStationBindingSetVersions" AS "t"
WHERE "t"."MapId" = @__mapId_0 AND "t"."Version" = @__version_1
LIMIT 2
[21:02:25 INF] Executed DbCommand (0ms) [Parameters=[@__mapId_0='?' (DbType = Int32), @__version_1='?' (DbType = Int64)], CommandType='Text', CommandTimeout='30']
SELECT "t"."TaskType"
FROM "TaskTypeStationRequirements" AS "t"
WHERE "t"."MapId" = @__mapId_0 AND "t"."Version" = @__version_1
[21:02:25 INF] Executed DbCommand (0ms) [Parameters=[@__mapId_0='?' (DbType = Int32), @__version_1='?' (DbType = Int64)], CommandType='Text', CommandTimeout='30']
SELECT "t"."MapId", "t"."Version", "t"."TaskType", "t"."SiteVerificationRef", "t"."StationName", "t"."StationRiotId"
FROM "TaskTypeStationBindings" AS "t"
WHERE "t"."MapId" = @__mapId_0 AND "t"."Version" = @__version_1
[21:02:25 INF] Executed DbCommand (0ms) [Parameters=[@__mapId_0='?' (DbType = Int32)], CommandType='Text', CommandTimeout='30']
SELECT "t"."MapId", "t"."ActiveVersion", "t"."PendingVersion", "t"."State", "t"."UpdatedAt"
FROM "TaskTypeStationActiveBindingSets" AS "t"
WHERE "t"."MapId" = @__mapId_0
LIMIT 2
[21:02:25 INF] Executed DbCommand (0ms) [Parameters=[@__mapId_0='?' (DbType = Int32), @__version_1='?' (DbType = Int64)], CommandType='Text', CommandTimeout='30']
SELECT "t"."MapId", "t"."Version", "t"."CatalogRevision", "t"."ContentSha256", "t"."LoadedAt", "t"."RuleVersion", "t"."SnapshotId", "t"."Source"
FROM "TaskTypeStationBindingSetVersions" AS "t"
WHERE "t"."MapId" = @__mapId_0 AND "t"."Version" = @__version_1
LIMIT 2
[21:02:25 INF] Executed DbCommand (0ms) [Parameters=[@__mapId_0='?' (DbType = Int32), @__version_1='?' (DbType = Int64)], CommandType='Text', CommandTimeout='30']
SELECT "t"."TaskType"
FROM "TaskTypeStationRequirements" AS "t"
WHERE "t"."MapId" = @__mapId_0 AND "t"."Version" = @__version_1
[21:02:25 INF] Executed DbCommand (0ms) [Parameters=[@__mapId_0='?' (DbType = Int32), @__version_1='?' (DbType = Int64)], CommandType='Text', CommandTimeout='30']
SELECT "t"."MapId", "t"."Version", "t"."TaskType", "t"."SiteVerificationRef", "t"."StationName", "t"."StationRiotId"
FROM "TaskTypeStationBindings" AS "t"
WHERE "t"."MapId" = @__mapId_0 AND "t"."Version" = @__version_1
[21:02:25 INF] Executed DbCommand (0ms) [Parameters=[@__version_0='?' (DbType = Int64)], CommandType='Text', CommandTimeout='30']
SELECT "t"."Version", "t"."ContentSha256", "t"."LoadedAt", "t"."SnapshotId", "t"."Source"
FROM "TaskTypeStationRuleVersions" AS "t"
WHERE "t"."Version" = @__version_0
LIMIT 2
[21:02:25 INF] Executed DbCommand (0ms) [Parameters=[@__version_0='?' (DbType = Int64)], CommandType='Text', CommandTimeout='30']
SELECT "t"."Version", "t"."TaskType", "t"."FixedEnd"
FROM "TaskTypeStationRules" AS "t"
WHERE "t"."Version" = @__version_0
[21:02:25 INF] Executed DbCommand (0ms) [Parameters=[], CommandType='Text', CommandTimeout='30']
SELECT "a"."Id", "a"."ContentHash", "a"."DeploymentId", "a"."ImportedAt", "a"."Version"
FROM "AdmissionPolicyState" AS "a"
WHERE "a"."Id" = 1
LIMIT 2
[21:02:25 INF] Executed DbCommand (0ms) [Parameters=[], CommandType='Text', CommandTimeout='30']
SELECT "j"."DemandId", "j"."AgvId", "j"."AgvLifecycleGeneration", "j"."BlockReasonCode", "j"."BlockReasonSince", "j"."ConsumedSafetyResultMessageId", "j"."ConsumedSublotMessageId", "j"."CreatedAt", "j"."DispatchGeneration", "j"."DispatchZone", "j"."ExpectedBasketCount", "j"."GateMovementLegId", "j"."GatePlanMessageId", "j"."GateStationId", "j"."GateStationRiotId", "j"."GateUpperId", "j"."GateVehicleBusinessMessageId", "j"."GateWorklistMessageId", "j"."LoadCommandMessageId", "j"."LoadSlotOperationAttemptId", "j"."MapId", "j"."MapIdentity", "j"."OperationSessionId", "j"."PickupMovementLegId", "j"."PickupStationId", "j"."PickupStationRiotId", "j"."PickupUpperId", "j"."PlanMessageId", "j"."PlanRevision", "j"."PreDepartureSafetyCheckId", "j"."PreDepartureSafetyCheckMessageId", "j"."RouteEvidenceId", "j"."Stage", "j"."StationDepartureWaitStartedAt", "j"."SublotRequestMessageId", "j"."TargetSlotsJson", "j"."UnloadCommandMessageId", "j"."UnloadSlotOperationAttemptId", "j"."UpdatedAt", "j"."VehicleBusinessMessageId", "j"."VehicleBusinessRevision", "j"."VehicleKey", "j"."WorklistMessageId", "j"."WorklistRevision"
FROM "JourneyRuntimes" AS "j"
WHERE "j"."Stage" <> 'Completed'
[21:02:25 INF] Executed DbCommand (0ms) [Parameters=[@__agvId_0='?' (Size = 10)], CommandType='Text', CommandTimeout='30']
SELECT "s"."AgvId", "s"."ActiveUnlockSlotsJson", "s"."CapabilityHash", "s"."CapabilityRevision", "s"."DepartureSafe", "s"."ForcedRecoveryGeneration", "s"."ManifestSha256", "s"."PendingAttemptIdsJson", "s"."PendingResultIdsJson", "s"."ProfileId", "s"."ProtocolCommit", "s"."ProtocolVersion", "s"."ProvenRecoveryCheckpoint", "s"."Readiness", "s"."ReasonCode", "s"."RecoveryReportId", "s"."ReportedForcedRecoveryGeneration", "s"."ReportedSlotConfigurationFingerprint", "s"."SafetyHash", "s"."SafetyReasonCodesJson", "s"."SafetyRevision", "s"."SafetyUnknownPresent", "s"."SessionGeneration", "s"."UnsettledSlotOperationAttemptId", "s"."UpdatedAt"
FROM "SessionRecoveries" AS "s"
WHERE "s"."AgvId" = @__agvId_0 AND "s"."Readiness" = 'Ready'
LIMIT 2
[21:02:25 INF] Executed DbCommand (0ms) [Parameters=[], CommandType='Text', CommandTimeout='30']
SELECT "p"."MessageId", "p"."AcknowledgedAt", "p"."CreatedAt", "p"."FencedAt", "p"."MessageType", "p"."PayloadJson"
FROM "ProtocolOutbox" AS "p"
WHERE "p"."AcknowledgedAt" IS NULL AND "p"."FencedAt" IS NULL
[21:02:25 ERR] Journey runtime iteration failed closed; no stage is inferred from memory.
System.IO.IOException: No recovered Onboard peer is connected for 'AGV-L2-001'.
   at ControlServer.Host.Transport.OnboardPeer.SendAsync(ReadOnlyMemory`1 ndjsonLine, CancellationToken cancellationToken) in C:\Users\szy\Desktop\8005-workspace-v2\worktrees\rig-cs165-8005-agv-control-server\src\ControlServer.Host\Transport\OnboardPeer.cs:line 73
   at ControlServer.Host.Transport.OnboardJourneyPublisher.ReplayPendingForSessionAsync(String agvId, Int64 sessionGeneration, IReadOnlySet`1 allowedMessageIds, CancellationToken cancellationToken) in C:\Users\szy\Desktop\8005-workspace-v2\worktrees\rig-cs165-8005-agv-control-server\src\ControlServer.Host\Transport\OnboardJourneyPublisher.cs:line 42
   at ControlServer.Host.Runtime.JourneyRuntimeEngine.AdvanceAsync(JourneyRuntimeRow runtime, RiotMapStationCatalogSnapshot currentMap, CancellationToken cancellationToken) in C:\Users\szy\Desktop\8005-workspace-v2\worktrees\rig-cs165-8005-agv-control-server\src\ControlServer.Host\Runtime\JourneyRuntimeEngine.cs:line 654
   at ControlServer.Host.Runtime.JourneyRuntimeEngine.ExecuteOnceAsync(CancellationToken cancellationToken) in C:\Users\szy\Desktop\8005-workspace-v2\worktrees\rig-cs165-8005-agv-control-server\src\ControlServer.Host\Runtime\JourneyRuntimeEngine.cs:line 269
   at ControlServer.Host.Runtime.JourneyRuntimeWorker.ExecuteAsync(CancellationToken stoppingToken) in C:\Users\szy\Desktop\8005-workspace-v2\worktrees\rig-cs165-8005-agv-control-server\src\ControlServer.Host\Runtime\JourneyRuntimeWorker.cs:line 51
   at ControlServer.Host.Runtime.JourneyRuntimeWorker.ExecuteAsync(CancellationToken stoppingToken) in C:\Users\szy\Desktop\8005-workspace-v2\worktrees\rig-cs165-8005-agv-control-server\src\ControlServer.Host\Runtime\JourneyRuntimeWorker.cs:line 51
[21:02:25 INF] Start processing HTTP request GET http://127.0.0.1:48408/api/task/v1/task/getVehicleInfo/BROKERX-L2-0001
[21:02:25 INF] Sending HTTP request GET http://127.0.0.1:48408/api/task/v1/task/getVehicleInfo/BROKERX-L2-0001
[21:02:25 INF] Received HTTP response headers after 0.7135ms - 200
[21:02:25 INF] End processing HTTP request after 2.0492ms - 200
[21:02:25 INF] Start processing HTTP request GET http://127.0.0.1:48408/api/order/v1/orderRecord?pageNum=1&pageSize=100&filterByState=1&filterByState=3&filterByState=7&filterByState=9
[21:02:25 INF] Sending HTTP request GET http://127.0.0.1:48408/api/order/v1/orderRecord?pageNum=1&pageSize=100&filterByState=1&filterByState=3&filterByState=7&filterByState=9
[21:02:25 INF] Received HTTP response headers after 0.5385ms - 200
[21:02:25 INF] End processing HTTP request after 1.3221ms - 200
[21:02:25 INF] HTTP GET /api/onboard/v1/vehicle-safety responded 200 in 4.5434 ms
[21:02:26 INF] Start processing HTTP request GET http://127.0.0.1:48408/api/imap/v1/mapInfo/stations/25
[21:02:26 INF] Sending HTTP request GET http://127.0.0.1:48408/api/imap/v1/mapInfo/stations/25
[21:02:26 INF] Received HTTP response headers after 0.5801ms - 200
[21:02:26 INF] End processing HTTP request after 1.9868ms - 200
[21:02:26 INF] Executed DbCommand (0ms) [Parameters=[@__mapId_0='?' (DbType = Int32)], CommandType='Text', CommandTimeout='30']
SELECT "t"."MapId", "t"."ActiveVersion", "t"."PendingVersion", "t"."State", "t"."UpdatedAt"
FROM "TaskTypeStationActiveBindingSets" AS "t"
WHERE "t"."MapId" = @__mapId_0
LIMIT 2
[21:02:26 INF] Executed DbCommand (0ms) [Parameters=[@__mapId_0='?' (DbType = Int32), @__version_1='?' (DbType = Int64)], CommandType='Text', CommandTimeout='30']
SELECT "t"."MapId", "t"."Version", "t"."CatalogRevision", "t"."ContentSha256", "t"."LoadedAt", "t"."RuleVersion", "t"."SnapshotId", "t"."Source"
FROM "TaskTypeStationBindingSetVersions" AS "t"
WHERE "t"."MapId" = @__mapId_0 AND "t"."Version" = @__version_1
LIMIT 2
[21:02:26 INF] Executed DbCommand (0ms) [Parameters=[@__mapId_0='?' (DbType = Int32), @__version_1='?' (DbType = Int64)], CommandType='Text', CommandTimeout='30']
SELECT "t"."TaskType"
FROM "TaskTypeStationRequirements" AS "t"
WHERE "t"."MapId" = @__mapId_0 AND "t"."Version" = @__version_1
[21:02:26 INF] Executed DbCommand (0ms) [Parameters=[@__mapId_0='?' (DbType = Int32), @__version_1='?' (DbType = Int64)], CommandType='Text', CommandTimeout='30']
SELECT "t"."MapId", "t"."Version", "t"."TaskType", "t"."SiteVerificationRef", "t"."StationName", "t"."StationRiotId"
FROM "TaskTypeStationBindings" AS "t"
WHERE "t"."MapId" = @__mapId_0 AND "t"."Version" = @__version_1
[21:02:26 INF] Executed DbCommand (0ms) [Parameters=[@__version_0='?' (DbType = Int64)], CommandType='Text', CommandTimeout='30']
SELECT "t"."Version", "t"."ContentSha256", "t"."LoadedAt", "t"."SnapshotId", "t"."Source"
FROM "TaskTypeStationRuleVersions" AS "t"
WHERE "t"."Version" = @__version_0
LIMIT 2
[21:02:26 INF] Executed DbCommand (0ms) [Parameters=[@__version_0='?' (DbType = Int64)], CommandType='Text', CommandTimeout='30']
SELECT "t"."Version", "t"."TaskType", "t"."FixedEnd"
FROM "TaskTypeStationRules" AS "t"
WHERE "t"."Version" = @__version_0
[21:02:26 INF] Executed DbCommand (0ms) [Parameters=[@__mapId_0='?' (DbType = Int32)], CommandType='Text', CommandTimeout='30']
SELECT "t"."MapId", "t"."ActiveVersion", "t"."PendingVersion", "t"."State", "t"."UpdatedAt"
FROM "TaskTypeStationActiveBindingSets" AS "t"
WHERE "t"."MapId" = @__mapId_0
LIMIT 2
[21:02:26 INF] Executed DbCommand (0ms) [Parameters=[@__mapId_0='?' (DbType = Int32)], CommandType='Text', CommandTimeout='30']
SELECT "t"."HoldId", "t"."DetailJson", "t"."MapId", "t"."RaisedAt", "t"."RaisedBy", "t"."ReasonCode", "t"."ReleasedAt", "t"."ReleasedBy", "t"."Source", "t"."TaskType"
FROM "TaskTypeStationHolds" AS "t"
WHERE "t"."MapId" = @__mapId_0 AND "t"."ReleasedAt" IS NULL
[21:02:26 INF] Executed DbCommand (0ms) [Parameters=[@__mapId_0='?' (DbType = Int32)], CommandType='Text', CommandTimeout='30']
SELECT "m"."MapId", "m"."ApprovedMaxUnconfirmedSeconds", "m"."ApprovedSyncPeriodSeconds", "m"."CatalogRevision", "m"."LastAttemptAt", "m"."LastCompleteConfirmationAt", "m"."LastFailureReason", "m"."State", "m"."UpdatedAt"
FROM "MapStationCatalogStates" AS "m"
WHERE "m"."MapId" = @__mapId_0
LIMIT 2
[21:02:26 INF] Executed DbCommand (0ms) [Parameters=[@p3='?' (DbType = Int32), @p0='?' (DbType = DateTimeOffset), @p1='?' (DbType = DateTimeOffset), @p2='?' (DbType = DateTimeOffset)], CommandType='Text', CommandTimeout='30']
UPDATE "MapStationCatalogStates" SET "LastAttemptAt" = @p0, "LastCompleteConfirmationAt" = @p1, "UpdatedAt" = @p2
WHERE "MapId" = @p3
RETURNING 1;
[21:02:26 INF] Executed DbCommand (0ms) [Parameters=[@__mapId_0='?' (DbType = Int32)], CommandType='Text', CommandTimeout='30']
SELECT "t"."MapId", "t"."ActiveVersion", "t"."PendingVersion", "t"."State", "t"."UpdatedAt"
FROM "TaskTypeStationActiveBindingSets" AS "t"
WHERE "t"."MapId" = @__mapId_0
LIMIT 2
[21:02:26 INF] Executed DbCommand (0ms) [Parameters=[@__mapId_0='?' (DbType = Int32), @__version_1='?' (DbType = Int64)], CommandType='Text', CommandTimeout='30']
SELECT "t"."MapId", "t"."Version", "t"."CatalogRevision", "t"."ContentSha256", "t"."LoadedAt", "t"."RuleVersion", "t"."SnapshotId", "t"."Source"
FROM "TaskTypeStationBindingSetVersions" AS "t"
WHERE "t"."MapId" = @__mapId_0 AND "t"."Version" = @__version_1
LIMIT 2
[21:02:26 INF] Executed DbCommand (0ms) [Parameters=[@__mapId_0='?' (DbType = Int32), @__version_1='?' (DbType = Int64)], CommandType='Text', CommandTimeout='30']
SELECT "t"."TaskType"
FROM "TaskTypeStationRequirements" AS "t"
WHERE "t"."MapId" = @__mapId_0 AND "t"."Version" = @__version_1
[21:02:26 INF] Executed DbCommand (0ms) [Parameters=[@__mapId_0='?' (DbType = Int32), @__version_1='?' (DbType = Int64)], CommandType='Text', CommandTimeout='30']
SELECT "t"."MapId", "t"."Version", "t"."TaskType", "t"."SiteVerificationRef", "t"."StationName", "t"."StationRiotId"
FROM "TaskTypeStationBindings" AS "t"
WHERE "t"."MapId" = @__mapId_0 AND "t"."Version" = @__version_1
[21:02:26 INF] Executed DbCommand (0ms) [Parameters=[@__mapId_0='?' (DbType = Int32)], CommandType='Text', CommandTimeout='30']
SELECT "t"."MapId", "t"."ActiveVersion", "t"."PendingVersion", "t"."State", "t"."UpdatedAt"
FROM "TaskTypeStationActiveBindingSets" AS "t"
WHERE "t"."MapId" = @__mapId_0
LIMIT 2
[21:02:26 INF] Executed DbCommand (0ms) [Parameters=[@__mapId_0='?' (DbType = Int32), @__version_1='?' (DbType = Int64)], CommandType='Text', CommandTimeout='30']
SELECT "t"."MapId", "t"."Version", "t"."CatalogRevision", "t"."ContentSha256", "t"."LoadedAt", "t"."RuleVersion", "t"."SnapshotId", "t"."Source"
FROM "TaskTypeStationBindingSetVersions" AS "t"
WHERE "t"."MapId" = @__mapId_0 AND "t"."Version" = @__version_1
LIMIT 2
[21:02:26 INF] Executed DbCommand (0ms) [Parameters=[@__mapId_0='?' (DbType = Int32), @__version_1='?' (DbType = Int64)], CommandType='Text', CommandTimeout='30']
SELECT "t"."TaskType"
FROM "TaskTypeStationRequirements" AS "t"
WHERE "t"."MapId" = @__mapId_0 AND "t"."Version" = @__version_1
[21:02:26 INF] Executed DbCommand (0ms) [Parameters=[@__mapId_0='?' (DbType = Int32), @__version_1='?' (DbType = Int64)], CommandType='Text', CommandTimeout='30']
SELECT "t"."MapId", "t"."Version", "t"."TaskType", "t"."SiteVerificationRef", "t"."StationName", "t"."StationRiotId"
FROM "TaskTypeStationBindings" AS "t"
WHERE "t"."MapId" = @__mapId_0 AND "t"."Version" = @__version_1
[21:02:26 INF] Executed DbCommand (0ms) [Parameters=[@__version_0='?' (DbType = Int64)], CommandType='Text', CommandTimeout='30']
SELECT "t"."Version", "t"."ContentSha256", "t"."LoadedAt", "t"."SnapshotId", "t"."Source"
FROM "TaskTypeStationRuleVersions" AS "t"
WHERE "t"."Version" = @__version_0
LIMIT 2
[21:02:26 INF] Executed DbCommand (0ms) [Parameters=[@__version_0='?' (DbType = Int64)], CommandType='Text', CommandTimeout='30']
SELECT "t"."Version", "t"."TaskType", "t"."FixedEnd"
FROM "TaskTypeStationRules" AS "t"
WHERE "t"."Version" = @__version_0
[21:02:26 INF] Executed DbCommand (0ms) [Parameters=[], CommandType='Text', CommandTimeout='30']
SELECT "a"."Id", "a"."ContentHash", "a"."DeploymentId", "a"."ImportedAt", "a"."Version"
FROM "AdmissionPolicyState" AS "a"
WHERE "a"."Id" = 1
LIMIT 2
[21:02:26 INF] Executed DbCommand (0ms) [Parameters=[], CommandType='Text', CommandTimeout='30']
SELECT "j"."DemandId", "j"."AgvId", "j"."AgvLifecycleGeneration", "j"."BlockReasonCode", "j"."BlockReasonSince", "j"."ConsumedSafetyResultMessageId", "j"."ConsumedSublotMessageId", "j"."CreatedAt", "j"."DispatchGeneration", "j"."DispatchZone", "j"."ExpectedBasketCount", "j"."GateMovementLegId", "j"."GatePlanMessageId", "j"."GateStationId", "j"."GateStationRiotId", "j"."GateUpperId", "j"."GateVehicleBusinessMessageId", "j"."GateWorklistMessageId", "j"."LoadCommandMessageId", "j"."LoadSlotOperationAttemptId", "j"."MapId", "j"."MapIdentity", "j"."OperationSessionId", "j"."PickupMovementLegId", "j"."PickupStationId", "j"."PickupStationRiotId", "j"."PickupUpperId", "j"."PlanMessageId", "j"."PlanRevision", "j"."PreDepartureSafetyCheckId", "j"."PreDepartureSafetyCheckMessageId", "j"."RouteEvidenceId", "j"."Stage", "j"."StationDepartureWaitStartedAt", "j"."SublotRequestMessageId", "j"."TargetSlotsJson", "j"."UnloadCommandMessageId", "j"."UnloadSlotOperationAttemptId", "j"."UpdatedAt", "j"."VehicleBusinessMessageId", "j"."VehicleBusinessRevision", "j"."VehicleKey", "j"."WorklistMessageId", "j"."WorklistRevision"
FROM "JourneyRuntimes" AS "j"
WHERE "j"."Stage" <> 'Completed'
[21:02:26 INF] Executed DbCommand (0ms) [Parameters=[@__agvId_0='?' (Size = 10)], CommandType='Text', CommandTimeout='30']
SELECT "s"."AgvId", "s"."ActiveUnlockSlotsJson", "s"."CapabilityHash", "s"."CapabilityRevision", "s"."DepartureSafe", "s"."ForcedRecoveryGeneration", "s"."ManifestSha256", "s"."PendingAttemptIdsJson", "s"."PendingResultIdsJson", "s"."ProfileId", "s"."ProtocolCommit", "s"."ProtocolVersion", "s"."ProvenRecoveryCheckpoint", "s"."Readiness", "s"."ReasonCode", "s"."RecoveryReportId", "s"."ReportedForcedRecoveryGeneration", "s"."ReportedSlotConfigurationFingerprint", "s"."SafetyHash", "s"."SafetyReasonCodesJson", "s"."SafetyRevision", "s"."SafetyUnknownPresent", "s"."SessionGeneration", "s"."UnsettledSlotOperationAttemptId", "s"."UpdatedAt"
FROM "SessionRecoveries" AS "s"
WHERE "s"."AgvId" = @__agvId_0 AND "s"."Readiness" = 'Ready'
LIMIT 2
[21:02:26 INF] Executed DbCommand (0ms) [Parameters=[], CommandType='Text', CommandTimeout='30']
SELECT "p"."MessageId", "p"."AcknowledgedAt", "p"."CreatedAt", "p"."FencedAt", "p"."MessageType", "p"."PayloadJson"
FROM "ProtocolOutbox" AS "p"
WHERE "p"."AcknowledgedAt" IS NULL AND "p"."FencedAt" IS NULL
[21:02:26 ERR] Journey runtime iteration failed closed; no stage is inferred from memory.
System.IO.IOException: No recovered Onboard peer is connected for 'AGV-L2-001'.
   at ControlServer.Host.Transport.OnboardPeer.SendAsync(ReadOnlyMemory`1 ndjsonLine, CancellationToken cancellationToken) in C:\Users\szy\Desktop\8005-workspace-v2\worktrees\rig-cs165-8005-agv-control-server\src\ControlServer.Host\Transport\OnboardPeer.cs:line 73
   at ControlServer.Host.Transport.OnboardJourneyPublisher.ReplayPendingForSessionAsync(String agvId, Int64 sessionGeneration, IReadOnlySet`1 allowedMessageIds, CancellationToken cancellationToken) in C:\Users\szy\Desktop\8005-workspace-v2\worktrees\rig-cs165-8005-agv-control-server\src\ControlServer.Host\Transport\OnboardJourneyPublisher.cs:line 42
   at ControlServer.Host.Runtime.JourneyRuntimeEngine.AdvanceAsync(JourneyRuntimeRow runtime, RiotMapStationCatalogSnapshot currentMap, CancellationToken cancellationToken) in C:\Users\szy\Desktop\8005-workspace-v2\worktrees\rig-cs165-8005-agv-control-server\src\ControlServer.Host\Runtime\JourneyRuntimeEngine.cs:line 654
   at ControlServer.Host.Runtime.JourneyRuntimeEngine.ExecuteOnceAsync(CancellationToken cancellationToken) in C:\Users\szy\Desktop\8005-workspace-v2\worktrees\rig-cs165-8005-agv-control-server\src\ControlServer.Host\Runtime\JourneyRuntimeEngine.cs:line 269
   at ControlServer.Host.Runtime.JourneyRuntimeWorker.ExecuteAsync(CancellationToken stoppingToken) in C:\Users\szy\Desktop\8005-workspace-v2\worktrees\rig-cs165-8005-agv-control-server\src\ControlServer.Host\Runtime\JourneyRuntimeWorker.cs:line 51
   at ControlServer.Host.Runtime.JourneyRuntimeWorker.ExecuteAsync(CancellationToken stoppingToken) in C:\Users\szy\Desktop\8005-workspace-v2\worktrees\rig-cs165-8005-agv-control-server\src\ControlServer.Host\Runtime\JourneyRuntimeWorker.cs:line 51
[21:02:26 INF] Executed DbCommand (0ms) [Parameters=[@__messageId_0='?' (Size = 36)], CommandType='Text', CommandTimeout='30']
SELECT "p"."MessageId", "p"."ContentHash", "p"."FirstResponseJson", "p"."MessageType", "p"."ReceivedAt", "p"."RequestJson"
FROM "ProtocolInbox" AS "p"
WHERE "p"."MessageId" = @__messageId_0
LIMIT 2
[21:02:26 INF] Executed DbCommand (0ms) [Parameters=[@__agvId_0='?' (Size = 10)], CommandType='Text', CommandTimeout='30']
SELECT "s"."SessionGeneration"
FROM "SessionRecoveries" AS "s"
WHERE "s"."AgvId" = @__agvId_0
LIMIT 2
[21:02:26 INF] Executed DbCommand (0ms) [Parameters=[@__identity_AgvId_0='?' (Size = 10)], CommandType='Text', CommandTimeout='30']
SELECT "s"."AgvId", "s"."ActiveUnlockSlotsJson", "s"."CapabilityHash", "s"."CapabilityRevision", "s"."DepartureSafe", "s"."ForcedRecoveryGeneration", "s"."ManifestSha256", "s"."PendingAttemptIdsJson", "s"."PendingResultIdsJson", "s"."ProfileId", "s"."ProtocolCommit", "s"."ProtocolVersion", "s"."ProvenRecoveryCheckpoint", "s"."Readiness", "s"."ReasonCode", "s"."RecoveryReportId", "s"."ReportedForcedRecoveryGeneration", "s"."ReportedSlotConfigurationFingerprint", "s"."SafetyHash", "s"."SafetyReasonCodesJson", "s"."SafetyRevision", "s"."SafetyUnknownPresent", "s"."SessionGeneration", "s"."UnsettledSlotOperationAttemptId", "s"."UpdatedAt"
FROM "SessionRecoveries" AS "s"
WHERE "s"."AgvId" = @__identity_AgvId_0
LIMIT 2
[21:02:26 INF] Executed DbCommand (0ms) [Parameters=[@__identity_AgvId_0='?' (Size = 10)], CommandType='Text', CommandTimeout='30']
SELECT "j"."DemandId", "j"."AgvId", "j"."AgvLifecycleGeneration", "j"."BlockReasonCode", "j"."BlockReasonSince", "j"."ConsumedSafetyResultMessageId", "j"."ConsumedSublotMessageId", "j"."CreatedAt", "j"."DispatchGeneration", "j"."DispatchZone", "j"."ExpectedBasketCount", "j"."GateMovementLegId", "j"."GatePlanMessageId", "j"."GateStationId", "j"."GateStationRiotId", "j"."GateUpperId", "j"."GateVehicleBusinessMessageId", "j"."GateWorklistMessageId", "j"."LoadCommandMessageId", "j"."LoadSlotOperationAttemptId", "j"."MapId", "j"."MapIdentity", "j"."OperationSessionId", "j"."PickupMovementLegId", "j"."PickupStationId", "j"."PickupStationRiotId", "j"."PickupUpperId", "j"."PlanMessageId", "j"."PlanRevision", "j"."PreDepartureSafetyCheckId", "j"."PreDepartureSafetyCheckMessageId", "j"."RouteEvidenceId", "j"."Stage", "j"."StationDepartureWaitStartedAt", "j"."SublotRequestMessageId", "j"."TargetSlotsJson", "j"."UnloadCommandMessageId", "j"."UnloadSlotOperationAttemptId", "j"."UpdatedAt", "j"."VehicleBusinessMessageId", "j"."VehicleBusinessRevision", "j"."VehicleKey", "j"."WorklistMessageId", "j"."WorklistRevision"
FROM "JourneyRuntimes" AS "j"
WHERE "j"."AgvId" = @__identity_AgvId_0 AND "j"."StationDepartureWaitStartedAt" IS NOT NULL
[21:02:26 INF] Executed DbCommand (0ms) [Parameters=[@p1='?' (Size = 36), @p0='?' (DbType = DateTimeOffset)], CommandType='Text', CommandTimeout='30']
UPDATE "JourneyRuntimes" SET "StationDepartureWaitStartedAt" = @p0
WHERE "DemandId" = @p1
RETURNING 1;
[21:02:26 INF] Executed DbCommand (0ms) [Parameters=[@p11='?' (Size = 10), @p0='?', @p1='?' (DbType = Int64), @p2='?' (DbType = Boolean), @p3='?' (Size = 16), @p4='?' (Size = 20), @p5='?', @p6='?', @p7='?', @p8='?' (DbType = Int64), @p9='?' (DbType = Int64), @p10='?' (DbType = DateTimeOffset)], CommandType='Text', CommandTimeout='30']
UPDATE "SessionRecoveries" SET "CapabilityHash" = @p0, "CapabilityRevision" = @p1, "DepartureSafe" = @p2, "Readiness" = @p3, "ReasonCode" = @p4, "RecoveryReportId" = @p5, "ReportedSlotConfigurationFingerprint" = @p6, "SafetyHash" = @p7, "SafetyRevision" = @p8, "SessionGeneration" = @p9, "UpdatedAt" = @p10
WHERE "AgvId" = @p11
RETURNING 1;
[21:02:26 INF] Executed DbCommand (0ms) [Parameters=[@p0='?' (Size = 36), @p1='?' (Size = 64), @p2='?' (Size = 1064), @p3='?' (Size = 12), @p4='?' (DbType = DateTimeOffset), @p5='?' (Size = 1075)], CommandType='Text', CommandTimeout='30']
INSERT INTO "ProtocolInbox" ("MessageId", "ContentHash", "FirstResponseJson", "MessageType", "ReceivedAt", "RequestJson")
VALUES (@p0, @p1, @p2, @p3, @p4, @p5);
[21:02:26 INF] Executed DbCommand (0ms) [Parameters=[@__messageId_0='?' (Size = 36)], CommandType='Text', CommandTimeout='30']
SELECT "p"."MessageId", "p"."ContentHash", "p"."FirstResponseJson", "p"."MessageType", "p"."ReceivedAt", "p"."RequestJson"
FROM "ProtocolInbox" AS "p"
WHERE "p"."MessageId" = @__messageId_0
LIMIT 2
[21:02:26 INF] Executed DbCommand (0ms) [Parameters=[@__slotOperationAttemptId_0='?' (Size = 36)], CommandType='Text', CommandTimeout='30']
SELECT "s"."ForcedRecoveryGeneration"
FROM "StationOperations" AS "s"
WHERE "s"."SlotOperationAttemptId" = @__slotOperationAttemptId_0
LIMIT 2
[21:02:26 INF] Executed DbCommand (0ms) [Parameters=[@__demandId_0='?' (Size = 36)], CommandType='Text', CommandTimeout='30']
SELECT "j"."DemandId", "j"."AgvId", "j"."AgvLifecycleGeneration", "j"."BlockReasonCode", "j"."BlockReasonSince", "j"."ConsumedSafetyResultMessageId", "j"."ConsumedSublotMessageId", "j"."CreatedAt", "j"."DispatchGeneration", "j"."DispatchZone", "j"."ExpectedBasketCount", "j"."GateMovementLegId", "j"."GatePlanMessageId", "j"."GateStationId", "j"."GateStationRiotId", "j"."GateUpperId", "j"."GateVehicleBusinessMessageId", "j"."GateWorklistMessageId", "j"."LoadCommandMessageId", "j"."LoadSlotOperationAttemptId", "j"."MapId", "j"."MapIdentity", "j"."OperationSessionId", "j"."PickupMovementLegId", "j"."PickupStationId", "j"."PickupStationRiotId", "j"."PickupUpperId", "j"."PlanMessageId", "j"."PlanRevision", "j"."PreDepartureSafetyCheckId", "j"."PreDepartureSafetyCheckMessageId", "j"."RouteEvidenceId", "j"."Stage", "j"."StationDepartureWaitStartedAt", "j"."SublotRequestMessageId", "j"."TargetSlotsJson", "j"."UnloadCommandMessageId", "j"."UnloadSlotOperationAttemptId", "j"."UpdatedAt", "j"."VehicleBusinessMessageId", "j"."VehicleBusinessRevision", "j"."VehicleKey", "j"."WorklistMessageId", "j"."WorklistRevision"
FROM "JourneyRuntimes" AS "j"
WHERE "j"."DemandId" = @__demandId_0
LIMIT 2
[21:02:26 INF] Executed DbCommand (0ms) [Parameters=[@__result_ResultId_0='?' (Size = 36)], CommandType='Text', CommandTimeout='30']
SELECT "o"."ResultId", "o"."AgvId", "o"."ContentHash", "o"."EvidenceJson", "o"."ForcedRecoveryGeneration", "o"."HistoricalOnly", "o"."ObservedAt", "o"."OverallOutcome", "o"."ReceivedAt", "o"."ResultContentSha256", "o"."SlotOperationAttemptId", "o"."SupersededByResultId"
FROM "OperationResults" AS "o"
WHERE "o"."ResultId" = @__result_ResultId_0
LIMIT 2
[21:02:26 INF] Executed DbCommand (0ms) [Parameters=[@__slotOperationAttemptId_0='?' (Size = 36)], CommandType='Text', CommandTimeout='30']
SELECT "r"."WorkflowId", "r"."AgvId", "r"."CommandContentHash", "r"."CommandMessageId", "r"."CommandMessageType", "r"."CreatedAt", "r"."DemandId", "r"."ExceptionRecoverySessionId", "r"."ForcedRecoveryGeneration", "r"."HandoffId", "r"."Outcome", "r"."RequestContentHash", "r"."RequestMessageId", "r"."ResultContentHash", "r"."ResultMessageId", "r"."SlotOperationAttemptId", "r"."SlotsJson", "r"."State", "r"."UpdatedAt", "r"."WorkflowType"
FROM "RecoveryWorkflows" AS "r"
WHERE "r"."WorkflowType" = 'RESUME_AFTER_REPAIR' AND "r"."SlotOperationAttemptId" = @__slotOperationAttemptId_0 AND "r"."State" IN ('CommandPending', 'AwaitingResult')
LIMIT 2
[21:02:26 INF] Executed DbCommand (0ms) [Parameters=[@__agvId_0='?' (Size = 10)], CommandType='Text', CommandTimeout='30']
SELECT "s"."AgvId", "s"."ActiveUnlockSlotsJson", "s"."CapabilityHash", "s"."CapabilityRevision", "s"."DepartureSafe", "s"."ForcedRecoveryGeneration", "s"."ManifestSha256", "s"."PendingAttemptIdsJson", "s"."PendingResultIdsJson", "s"."ProfileId", "s"."ProtocolCommit", "s"."ProtocolVersion", "s"."ProvenRecoveryCheckpoint", "s"."Readiness", "s"."ReasonCode", "s"."RecoveryReportId", "s"."ReportedForcedRecoveryGeneration", "s"."ReportedSlotConfigurationFingerprint", "s"."SafetyHash", "s"."SafetyReasonCodesJson", "s"."SafetyRevision", "s"."SafetyUnknownPresent", "s"."SessionGeneration", "s"."UnsettledSlotOperationAttemptId", "s"."UpdatedAt"
FROM "SessionRecoveries" AS "s"
WHERE "s"."AgvId" = @__agvId_0
LIMIT 2
[21:02:26 INF] Executed DbCommand (0ms) [Parameters=[@__agvId_0='?' (Size = 10)], CommandType='Text', CommandTimeout='30']
SELECT "s"."AgvId", "s"."ActiveUnlockSlotsJson", "s"."CapabilityHash", "s"."CapabilityRevision", "s"."DepartureSafe", "s"."ForcedRecoveryGeneration", "s"."ManifestSha256", "s"."PendingAttemptIdsJson", "s"."PendingResultIdsJson", "s"."ProfileId", "s"."ProtocolCommit", "s"."ProtocolVersion", "s"."ProvenRecoveryCheckpoint", "s"."Readiness", "s"."ReasonCode", "s"."RecoveryReportId", "s"."ReportedForcedRecoveryGeneration", "s"."ReportedSlotConfigurationFingerprint", "s"."SafetyHash", "s"."SafetyReasonCodesJson", "s"."SafetyRevision", "s"."SafetyUnknownPresent", "s"."SessionGeneration", "s"."UnsettledSlotOperationAttemptId", "s"."UpdatedAt"
FROM "SessionRecoveries" AS "s"
WHERE "s"."AgvId" = @__agvId_0
LIMIT 2
[21:02:26 INF] Executed DbCommand (0ms) [Parameters=[@__agvId_0='?' (Size = 10)], CommandType='Text', CommandTimeout='30']
SELECT "s"."AgvId", "s"."ActiveUnlockSlotsJson", "s"."CapabilityHash", "s"."CapabilityRevision", "s"."DepartureSafe", "s"."ForcedRecoveryGeneration", "s"."ManifestSha256", "s"."PendingAttemptIdsJson", "s"."PendingResultIdsJson", "s"."ProfileId", "s"."ProtocolCommit", "s"."ProtocolVersion", "s"."ProvenRecoveryCheckpoint", "s"."Readiness", "s"."ReasonCode", "s"."RecoveryReportId", "s"."ReportedForcedRecoveryGeneration", "s"."ReportedSlotConfigurationFingerprint", "s"."SafetyHash", "s"."SafetyReasonCodesJson", "s"."SafetyRevision", "s"."SafetyUnknownPresent", "s"."SessionGeneration", "s"."UnsettledSlotOperationAttemptId", "s"."UpdatedAt"
FROM "SessionRecoveries" AS "s"
WHERE "s"."AgvId" = @__agvId_0
LIMIT 2
[21:02:26 INF] Executed DbCommand (0ms) [Parameters=[@__agvId_0='?' (Size = 10)], CommandType='Text', CommandTimeout='30']
SELECT EXISTS (
    SELECT 1
    FROM "StationOperations" AS "s"
    INNER JOIN "JourneyRuntimes" AS "j" ON "s"."DemandId" = "j"."DemandId"
    WHERE "j"."AgvId" = @__agvId_0 AND "s"."Status" = 'RecoveryRequired')
[21:02:26 INF] Executed DbCommand (0ms) [Parameters=[@__agvId_0='?' (Size = 10)], CommandType='Text', CommandTimeout='30']
SELECT EXISTS (
    SELECT 1
    FROM "RecoveryWorkflows" AS "r"
    WHERE "r"."AgvId" = @__agvId_0 AND "r"."WorkflowType" = 'FORCED_MECHANICAL_RECOVERY' AND "r"."State" <> 'HistoricalOnly' AND NOT EXISTS (
        SELECT 1
        FROM "HardwareRecoveryRecords" AS "h"
        WHERE "h"."RecoveryActionId" = "r"."WorkflowId"))
[21:02:26 INF] Executed DbCommand (0ms) [Parameters=[@__agvId_0='?' (Size = 10)], CommandType='Text', CommandTimeout='30']
SELECT "a"."AgvId", "a"."ActivatedAt", "a"."ActivationId", "a"."ConfigurationVersion", "a"."Fingerprint", "a"."SlotModelVersionId", "a"."SnapshotId"
FROM "ActiveSlotConfigurations" AS "a"
WHERE "a"."AgvId" = @__agvId_0
LIMIT 1
[21:02:26 INF] Executed DbCommand (0ms) [Parameters=[@p2='?' (Size = 10), @p0='?' (Size = 28), @p1='?' (DbType = DateTimeOffset)], CommandType='Text', CommandTimeout='30']
UPDATE "SessionRecoveries" SET "ReasonCode" = @p0, "UpdatedAt" = @p1
WHERE "AgvId" = @p2
RETURNING 1;
[21:02:26 INF] Executed DbCommand (0ms) [Parameters=[@p4='?' (Size = 36), @p0='?' (Size = 64), @p1='?' (Size = 661), @p2='?' (DbType = DateTimeOffset), @p3='?' (Size = 888)], CommandType='Text', CommandTimeout='30']
UPDATE "ProtocolInbox" SET "ContentHash" = @p0, "FirstResponseJson" = @p1, "ReceivedAt" = @p2, "RequestJson" = @p3
WHERE "MessageId" = @p4
RETURNING 1;
[21:02:26 INF] Executed DbCommand (0ms) [Parameters=[], CommandType='Text', CommandTimeout='30']
SELECT "p"."MessageId", "p"."AcknowledgedAt", "p"."CreatedAt", "p"."FencedAt", "p"."MessageType", "p"."PayloadJson"
FROM "ProtocolOutbox" AS "p"
WHERE "p"."MessageType" = 'ExceptionRecoverySessionSnapshot' AND "p"."AcknowledgedAt" IS NULL AND "p"."FencedAt" IS NULL
[21:02:26 INF] Executed DbCommand (0ms) [Parameters=[@__messageId_0='?' (Size = 36)], CommandType='Text', CommandTimeout='30']
SELECT "p"."MessageId", "p"."ContentHash", "p"."FirstResponseJson", "p"."MessageType", "p"."ReceivedAt", "p"."RequestJson"
FROM "ProtocolInbox" AS "p"
WHERE "p"."MessageId" = @__messageId_0
LIMIT 2
[21:02:26 INF] Executed DbCommand (0ms) [Parameters=[@__agvId_0='?' (Size = 10)], CommandType='Text', CommandTimeout='30']
SELECT "a"."AgvId", "a"."ActivatedAt", "a"."ActivationId", "a"."ConfigurationVersion", "a"."Fingerprint", "a"."SlotModelVersionId", "a"."SnapshotId"
FROM "ActiveSlotConfigurations" AS "a"
WHERE "a"."AgvId" = @__agvId_0
LIMIT 1
[21:02:26 INF] Executed DbCommand (0ms) [Parameters=[@__agvId_0='?' (Size = 10)], CommandType='Text', CommandTimeout='30']
SELECT "a"."AgvId", "a"."ArchiveReason", "a"."ArchivedActiveSlotConfigurationFingerprint", "a"."ArchivedAt", "a"."ArchivedLifecycleGeneration"
FROM "AgvArchives" AS "a"
WHERE "a"."AgvId" = @__agvId_0
LIMIT 1
[21:02:26 INF] Executed DbCommand (0ms) [Parameters=[@__agvId_0='?' (Size = 10)], CommandType='Text', CommandTimeout='30']
SELECT "s"."AgvId", "s"."ActiveUnlockSlotsJson", "s"."CapabilityHash", "s"."CapabilityRevision", "s"."DepartureSafe", "s"."ForcedRecoveryGeneration", "s"."ManifestSha256", "s"."PendingAttemptIdsJson", "s"."PendingResultIdsJson", "s"."ProfileId", "s"."ProtocolCommit", "s"."ProtocolVersion", "s"."ProvenRecoveryCheckpoint", "s"."Readiness", "s"."ReasonCode", "s"."RecoveryReportId", "s"."ReportedForcedRecoveryGeneration", "s"."ReportedSlotConfigurationFingerprint", "s"."SafetyHash", "s"."SafetyReasonCodesJson", "s"."SafetyRevision", "s"."SafetyUnknownPresent", "s"."SessionGeneration", "s"."UnsettledSlotOperationAttemptId", "s"."UpdatedAt"
FROM "SessionRecoveries" AS "s"
WHERE "s"."AgvId" = @__agvId_0
LIMIT 2
[21:02:26 INF] Executed DbCommand (0ms) [Parameters=[@p5='?' (Size = 10), @p0='?' (Size = 64), @p1='?' (DbType = Int64), @p2='?' (Size = 20), @p3='?' (Size = 64), @p4='?' (DbType = DateTimeOffset)], CommandType='Text', CommandTimeout='30']
UPDATE "SessionRecoveries" SET "CapabilityHash" = @p0, "CapabilityRevision" = @p1, "ReasonCode" = @p2, "ReportedSlotConfigurationFingerprint" = @p3, "UpdatedAt" = @p4
WHERE "AgvId" = @p5
RETURNING 1;
[21:02:26 INF] Executed DbCommand (0ms) [Parameters=[@p0='?' (Size = 36), @p1='?' (Size = 64), @p2='?' (Size = 622), @p3='?' (Size = 18), @p4='?' (DbType = DateTimeOffset), @p5='?' (Size = 2076)], CommandType='Text', CommandTimeout='30']
INSERT INTO "ProtocolInbox" ("MessageId", "ContentHash", "FirstResponseJson", "MessageType", "ReceivedAt", "RequestJson")
VALUES (@p0, @p1, @p2, @p3, @p4, @p5);
[21:02:26 INF] Executed DbCommand (0ms) [Parameters=[@__messageId_0='?' (Size = 36)], CommandType='Text', CommandTimeout='30']
SELECT "p"."MessageId", "p"."ContentHash", "p"."FirstResponseJson", "p"."MessageType", "p"."ReceivedAt", "p"."RequestJson"
FROM "ProtocolInbox" AS "p"
WHERE "p"."MessageId" = @__messageId_0
LIMIT 2
[21:02:26 INF] Executed DbCommand (0ms) [Parameters=[@__agvId_0='?' (Size = 10)], CommandType='Text', CommandTimeout='30']
SELECT "s"."AgvId", "s"."ActiveUnlockSlotsJson", "s"."CapabilityHash", "s"."CapabilityRevision", "s"."DepartureSafe", "s"."ForcedRecoveryGeneration", "s"."ManifestSha256", "s"."PendingAttemptIdsJson", "s"."PendingResultIdsJson", "s"."ProfileId", "s"."ProtocolCommit", "s"."ProtocolVersion", "s"."ProvenRecoveryCheckpoint", "s"."Readiness", "s"."ReasonCode", "s"."RecoveryReportId", "s"."ReportedForcedRecoveryGeneration", "s"."ReportedSlotConfigurationFingerprint", "s"."SafetyHash", "s"."SafetyReasonCodesJson", "s"."SafetyRevision", "s"."SafetyUnknownPresent", "s"."SessionGeneration", "s"."UnsettledSlotOperationAttemptId", "s"."UpdatedAt"
FROM "SessionRecoveries" AS "s"
WHERE "s"."AgvId" = @__agvId_0
LIMIT 2
[21:02:26 INF] Executed DbCommand (0ms) [Parameters=[@p4='?' (Size = 10), @p0='?' (DbType = Boolean), @p1='?' (Size = 64), @p2='?' (DbType = Int64), @p3='?' (DbType = DateTimeOffset)], CommandType='Text', CommandTimeout='30']
UPDATE "SessionRecoveries" SET "DepartureSafe" = @p0, "SafetyHash" = @p1, "SafetyRevision" = @p2, "UpdatedAt" = @p3
WHERE "AgvId" = @p4
RETURNING 1;
[21:02:26 INF] Executed DbCommand (0ms) [Parameters=[@p0='?' (Size = 36), @p1='?' (Size = 64), @p2='?' (Size = 624), @p3='?' (Size = 19), @p4='?' (DbType = DateTimeOffset), @p5='?' (Size = 1974)], CommandType='Text', CommandTimeout='30']
INSERT INTO "ProtocolInbox" ("MessageId", "ContentHash", "FirstResponseJson", "MessageType", "ReceivedAt", "RequestJson")
VALUES (@p0, @p1, @p2, @p3, @p4, @p5);
[21:02:26 INF] Executed DbCommand (0ms) [Parameters=[@__messageId_0='?' (Size = 36)], CommandType='Text', CommandTimeout='30']
SELECT "p"."MessageId", "p"."ContentHash", "p"."FirstResponseJson", "p"."MessageType", "p"."ReceivedAt", "p"."RequestJson"
FROM "ProtocolInbox" AS "p"
WHERE "p"."MessageId" = @__messageId_0
LIMIT 2
[21:02:26 INF] Executed DbCommand (0ms) [Parameters=[@__agvId_0='?' (Size = 10)], CommandType='Text', CommandTimeout='30']
SELECT "o"."AlarmsJson"
FROM "OnboardAlarmSnapshots" AS "o"
WHERE "o"."AgvId" = @__agvId_0
LIMIT 1
[21:02:26 INF] Executed DbCommand (0ms) [Parameters=[@__snapshot_AgvId_0='?' (Size = 10)], CommandType='Text', CommandTimeout='30']
SELECT "o"."AgvId", "o"."AlarmsJson", "o"."CapturedAt", "o"."ReceivedAt", "o"."SessionGeneration", "o"."SnapshotSequence"
FROM "OnboardAlarmSnapshots" AS "o"
WHERE "o"."AgvId" = @__snapshot_AgvId_0
LIMIT 1
[21:02:26 INF] Executed DbCommand (0ms) [Parameters=[@p4='?' (Size = 10), @p0='?' (DbType = DateTimeOffset), @p1='?' (DbType = DateTimeOffset), @p2='?' (DbType = Int64), @p3='?' (DbType = Int64)], CommandType='Text', CommandTimeout='30']
UPDATE "OnboardAlarmSnapshots" SET "CapturedAt" = @p0, "ReceivedAt" = @p1, "SessionGeneration" = @p2, "SnapshotSequence" = @p3
WHERE "AgvId" = @p4
RETURNING 1;
[21:02:26 INF] Executed DbCommand (0ms) [Parameters=[@__agvId_0='?' (Size = 10)], CommandType='Text', CommandTimeout='30']
SELECT "o"."AlarmsJson"
FROM "OnboardAlarmSnapshots" AS "o"
WHERE "o"."AgvId" = @__agvId_0
LIMIT 1
[21:02:26 INF] Executed DbCommand (0ms) [Parameters=[@p0='?' (Size = 36), @p1='?' (Size = 64), @p2='?' (Size = 625), @p3='?' (Size = 20), @p4='?' (DbType = DateTimeOffset), @p5='?' (Size = 485)], CommandType='Text', CommandTimeout='30']
INSERT INTO "ProtocolInbox" ("MessageId", "ContentHash", "FirstResponseJson", "MessageType", "ReceivedAt", "RequestJson")
VALUES (@p0, @p1, @p2, @p3, @p4, @p5);
[21:02:26 INF] Start processing HTTP request GET http://127.0.0.1:48408/api/task/v1/task/getVehicleInfo/BROKERX-L2-0001
[21:02:26 INF] Sending HTTP request GET http://127.0.0.1:48408/api/task/v1/task/getVehicleInfo/BROKERX-L2-0001
[21:02:26 INF] Received HTTP response headers after 1.0517ms - 200
[21:02:26 INF] End processing HTTP request after 1.8469ms - 200
[21:02:26 INF] Start processing HTTP request GET http://127.0.0.1:48408/api/order/v1/orderRecord?pageNum=1&pageSize=100&filterByState=1&filterByState=3&filterByState=7&filterByState=9
[21:02:26 INF] Sending HTTP request GET http://127.0.0.1:48408/api/order/v1/orderRecord?pageNum=1&pageSize=100&filterByState=1&filterByState=3&filterByState=7&filterByState=9
[21:02:26 INF] Received HTTP response headers after 0.5035ms - 200
[21:02:26 INF] End processing HTTP request after 1.6223ms - 200
[21:02:26 INF] HTTP GET /api/onboard/v1/vehicle-safety responded 200 in 4.8523 ms
[21:02:26 INF] Executed DbCommand (0ms) [Parameters=[@__messageId_0='?' (Size = 36)], CommandType='Text', CommandTimeout='30']
SELECT "p"."MessageId", "p"."ContentHash", "p"."FirstResponseJson", "p"."MessageType", "p"."ReceivedAt", "p"."RequestJson"
FROM "ProtocolInbox" AS "p"
WHERE "p"."MessageId" = @__messageId_0
LIMIT 2
[21:02:26 INF] Executed DbCommand (0ms) [Parameters=[@__agvId_0='?' (Size = 10)], CommandType='Text', CommandTimeout='30']
SELECT "s"."AgvId", "s"."ActiveUnlockSlotsJson", "s"."CapabilityHash", "s"."CapabilityRevision", "s"."DepartureSafe", "s"."ForcedRecoveryGeneration", "s"."ManifestSha256", "s"."PendingAttemptIdsJson", "s"."PendingResultIdsJson", "s"."ProfileId", "s"."ProtocolCommit", "s"."ProtocolVersion", "s"."ProvenRecoveryCheckpoint", "s"."Readiness", "s"."ReasonCode", "s"."RecoveryReportId", "s"."ReportedForcedRecoveryGeneration", "s"."ReportedSlotConfigurationFingerprint", "s"."SafetyHash", "s"."SafetyReasonCodesJson", "s"."SafetyRevision", "s"."SafetyUnknownPresent", "s"."SessionGeneration", "s"."UnsettledSlotOperationAttemptId", "s"."UpdatedAt"
FROM "SessionRecoveries" AS "s"
WHERE "s"."AgvId" = @__agvId_0
LIMIT 2
[21:02:26 INF] Executed DbCommand (0ms) [Parameters=[@__agvId_0='?' (Size = 10)], CommandType='Text', CommandTimeout='30']
SELECT "v"."ForcedRecoveryGeneration"
FROM "VehicleRecoveryGenerations" AS "v"
WHERE "v"."AgvId" = @__agvId_0
LIMIT 2
[21:02:26 INF] Executed DbCommand (0ms) [Parameters=[@__pending_0='?' (Size = 40)], CommandType='Text', CommandTimeout='30']
SELECT "s"."SlotOperationAttemptId"
FROM "StationOperations" AS "s"
WHERE "s"."SlotOperationAttemptId" IN (
    SELECT "p"."value"
    FROM json_each(@__pending_0) AS "p"
) AND "s"."Status" IN ('Committed', 'Failed', 'Cancelled')
[21:02:26 INF] Executed DbCommand (0ms) [Parameters=[@p4='?' (Size = 10), @p0='?' (Size = 19), @p1='?' (Size = 31), @p2='?' (Size = 36), @p3='?' (DbType = DateTimeOffset)], CommandType='Text', CommandTimeout='30']
UPDATE "SessionRecoveries" SET "ProvenRecoveryCheckpoint" = @p0, "ReasonCode" = @p1, "RecoveryReportId" = @p2, "UpdatedAt" = @p3
WHERE "AgvId" = @p4
RETURNING 1;
[21:02:26 INF] Executed DbCommand (0ms) [Parameters=[@__agvId_0='?' (Size = 10)], CommandType='Text', CommandTimeout='30']
SELECT "s"."AgvId", "s"."ActiveUnlockSlotsJson", "s"."CapabilityHash", "s"."CapabilityRevision", "s"."DepartureSafe", "s"."ForcedRecoveryGeneration", "s"."ManifestSha256", "s"."PendingAttemptIdsJson", "s"."PendingResultIdsJson", "s"."ProfileId", "s"."ProtocolCommit", "s"."ProtocolVersion", "s"."ProvenRecoveryCheckpoint", "s"."Readiness", "s"."ReasonCode", "s"."RecoveryReportId", "s"."ReportedForcedRecoveryGeneration", "s"."ReportedSlotConfigurationFingerprint", "s"."SafetyHash", "s"."SafetyReasonCodesJson", "s"."SafetyRevision", "s"."SafetyUnknownPresent", "s"."SessionGeneration", "s"."UnsettledSlotOperationAttemptId", "s"."UpdatedAt"
FROM "SessionRecoveries" AS "s"
WHERE "s"."AgvId" = @__agvId_0
LIMIT 2
[21:02:26 INF] Executed DbCommand (0ms) [Parameters=[@__agvId_0='?' (Size = 10)], CommandType='Text', CommandTimeout='30']
SELECT EXISTS (
    SELECT 1
    FROM "StationOperations" AS "s"
    INNER JOIN "JourneyRuntimes" AS "j" ON "s"."DemandId" = "j"."DemandId"
    WHERE "j"."AgvId" = @__agvId_0 AND "s"."Status" = 'RecoveryRequired')
[21:02:26 INF] Executed DbCommand (0ms) [Parameters=[@__agvId_0='?' (Size = 10)], CommandType='Text', CommandTimeout='30']
SELECT EXISTS (
    SELECT 1
    FROM "RecoveryWorkflows" AS "r"
    WHERE "r"."AgvId" = @__agvId_0 AND "r"."WorkflowType" = 'FORCED_MECHANICAL_RECOVERY' AND "r"."State" <> 'HistoricalOnly' AND NOT EXISTS (
        SELECT 1
        FROM "HardwareRecoveryRecords" AS "h"
        WHERE "h"."RecoveryActionId" = "r"."WorkflowId"))
[21:02:26 INF] Executed DbCommand (0ms) [Parameters=[@__agvId_0='?' (Size = 10)], CommandType='Text', CommandTimeout='30']
SELECT "a"."AgvId", "a"."ActivatedAt", "a"."ActivationId", "a"."ConfigurationVersion", "a"."Fingerprint", "a"."SlotModelVersionId", "a"."SnapshotId"
FROM "ActiveSlotConfigurations" AS "a"
WHERE "a"."AgvId" = @__agvId_0
LIMIT 1
[21:02:26 INF] Executed DbCommand (0ms) [Parameters=[@p3='?' (Size = 10), @p0='?' (Size = 5), @p1='?' (Size = 5), @p2='?' (DbType = DateTimeOffset)], CommandType='Text', CommandTimeout='30']
UPDATE "SessionRecoveries" SET "Readiness" = @p0, "ReasonCode" = @p1, "UpdatedAt" = @p2
WHERE "AgvId" = @p3
RETURNING 1;
[21:02:26 INF] Executed DbCommand (0ms) [Parameters=[@p0='?' (Size = 36), @p1='?' (Size = 64), @p2='?' (Size = 1236), @p3='?' (Size = 19), @p4='?' (DbType = DateTimeOffset), @p5='?' (Size = 779)], CommandType='Text', CommandTimeout='30']
INSERT INTO "ProtocolInbox" ("MessageId", "ContentHash", "FirstResponseJson", "MessageType", "ReceivedAt", "RequestJson")
VALUES (@p0, @p1, @p2, @p3, @p4, @p5);
[21:02:26 INF] Executed DbCommand (0ms) [Parameters=[@__agvId_0='?' (Size = 10)], CommandType='Text', CommandTimeout='30']
SELECT "r"."CommandMessageId"
FROM "RecoveryWorkflows" AS "r"
WHERE "r"."AgvId" = @__agvId_0 AND "r"."CommandMessageId" IS NOT NULL AND "r"."State" <> 'Reconciled' AND "r"."State" <> 'HistoricalOnly'
[21:02:26 INF] Executed DbCommand (0ms) [Parameters=[], CommandType='Text', CommandTimeout='30']
SELECT "p"."MessageId", "p"."AcknowledgedAt", "p"."CreatedAt", "p"."FencedAt", "p"."MessageType", "p"."PayloadJson"
FROM "ProtocolOutbox" AS "p"
WHERE "p"."MessageType" = 'ExceptionRecoverySessionSnapshot' AND "p"."AcknowledgedAt" IS NULL AND "p"."FencedAt" IS NULL
[21:02:26 INF] Executed DbCommand (0ms) [Parameters=[@__agvId_0='?' (Size = 10)], CommandType='Text', CommandTimeout='30']
SELECT "s"."ActivationId", "s"."AgvId", "s"."CommandMessageId", "s"."ConfigurationVersion", "s"."Fingerprint", "s"."IssuedAt", "s"."Kind", "s"."RecoveryRole", "s"."ResultJson", "s"."ResultReceivedAt", "s"."RolledBackToVersion", "s"."SlotModelVersionId", "s"."SnapshotId", "s"."State"
FROM "SlotConfigurationActivations" AS "s"
WHERE "s"."AgvId" = @__agvId_0 AND "s"."State" = 'PENDING_RESULT' AND "s"."RecoveryRole" = 'SLOT_CONFIGURATION'
[21:02:26 INF] Executed DbCommand (0ms) [Parameters=[@__messageId_0='?' (Size = 36)], CommandType='Text', CommandTimeout='30']
SELECT "p"."MessageId", "p"."ContentHash", "p"."FirstResponseJson", "p"."MessageType", "p"."ReceivedAt", "p"."RequestJson"
FROM "ProtocolInbox" AS "p"
WHERE "p"."MessageId" = @__messageId_0
LIMIT 2
[21:02:26 INF] Executed DbCommand (0ms) [Parameters=[@__agvId_0='?' (Size = 10)], CommandType='Text', CommandTimeout='30']
SELECT "s"."AgvId", "s"."ActiveUnlockSlotsJson", "s"."CapabilityHash", "s"."CapabilityRevision", "s"."DepartureSafe", "s"."ForcedRecoveryGeneration", "s"."ManifestSha256", "s"."PendingAttemptIdsJson", "s"."PendingResultIdsJson", "s"."ProfileId", "s"."ProtocolCommit", "s"."ProtocolVersion", "s"."ProvenRecoveryCheckpoint", "s"."Readiness", "s"."ReasonCode", "s"."RecoveryReportId", "s"."ReportedForcedRecoveryGeneration", "s"."ReportedSlotConfigurationFingerprint", "s"."SafetyHash", "s"."SafetyReasonCodesJson", "s"."SafetyRevision", "s"."SafetyUnknownPresent", "s"."SessionGeneration", "s"."UnsettledSlotOperationAttemptId", "s"."UpdatedAt"
FROM "SessionRecoveries" AS "s"
WHERE "s"."AgvId" = @__agvId_0
LIMIT 2
[21:02:26 INF] Executed DbCommand (0ms) [Parameters=[@p5='?' (Size = 10), @p0='?' (Size = 16), @p1='?' (Size = 20), @p2='?' (Size = 64), @p3='?' (DbType = Int64), @p4='?' (DbType = DateTimeOffset)], CommandType='Text', CommandTimeout='30']
UPDATE "SessionRecoveries" SET "Readiness" = @p0, "ReasonCode" = @p1, "SafetyHash" = @p2, "SafetyRevision" = @p3, "UpdatedAt" = @p4
WHERE "AgvId" = @p5
RETURNING 1;
[21:02:26 INF] Executed DbCommand (0ms) [Parameters=[@__agvId_0='?' (Size = 10)], CommandType='Text', CommandTimeout='30']
SELECT "s"."AgvId", "s"."ActiveUnlockSlotsJson", "s"."CapabilityHash", "s"."CapabilityRevision", "s"."DepartureSafe", "s"."ForcedRecoveryGeneration", "s"."ManifestSha256", "s"."PendingAttemptIdsJson", "s"."PendingResultIdsJson", "s"."ProfileId", "s"."ProtocolCommit", "s"."ProtocolVersion", "s"."ProvenRecoveryCheckpoint", "s"."Readiness", "s"."ReasonCode", "s"."RecoveryReportId", "s"."ReportedForcedRecoveryGeneration", "s"."ReportedSlotConfigurationFingerprint", "s"."SafetyHash", "s"."SafetyReasonCodesJson", "s"."SafetyRevision", "s"."SafetyUnknownPresent", "s"."SessionGeneration", "s"."UnsettledSlotOperationAttemptId", "s"."UpdatedAt"
FROM "SessionRecoveries" AS "s"
WHERE "s"."AgvId" = @__agvId_0
LIMIT 2
[21:02:26 INF] Executed DbCommand (0ms) [Parameters=[@__agvId_0='?' (Size = 10)], CommandType='Text', CommandTimeout='30']
SELECT EXISTS (
    SELECT 1
    FROM "StationOperations" AS "s"
    INNER JOIN "JourneyRuntimes" AS "j" ON "s"."DemandId" = "j"."DemandId"
    WHERE "j"."AgvId" = @__agvId_0 AND "s"."Status" = 'RecoveryRequired')
[21:02:26 INF] Executed DbCommand (0ms) [Parameters=[@__agvId_0='?' (Size = 10)], CommandType='Text', CommandTimeout='30']
SELECT EXISTS (
    SELECT 1
    FROM "RecoveryWorkflows" AS "r"
    WHERE "r"."AgvId" = @__agvId_0 AND "r"."WorkflowType" = 'FORCED_MECHANICAL_RECOVERY' AND "r"."State" <> 'HistoricalOnly' AND NOT EXISTS (
        SELECT 1
        FROM "HardwareRecoveryRecords" AS "h"
        WHERE "h"."RecoveryActionId" = "r"."WorkflowId"))
[21:02:26 INF] Executed DbCommand (0ms) [Parameters=[@__agvId_0='?' (Size = 10)], CommandType='Text', CommandTimeout='30']
SELECT "a"."AgvId", "a"."ActivatedAt", "a"."ActivationId", "a"."ConfigurationVersion", "a"."Fingerprint", "a"."SlotModelVersionId", "a"."SnapshotId"
FROM "ActiveSlotConfigurations" AS "a"
WHERE "a"."AgvId" = @__agvId_0
LIMIT 1
[21:02:26 INF] Executed DbCommand (0ms) [Parameters=[@p3='?' (Size = 10), @p0='?' (Size = 5), @p1='?' (Size = 5), @p2='?' (DbType = DateTimeOffset)], CommandType='Text', CommandTimeout='30']
UPDATE "SessionRecoveries" SET "Readiness" = @p0, "ReasonCode" = @p1, "UpdatedAt" = @p2
WHERE "AgvId" = @p3
RETURNING 1;
[21:02:26 INF] Executed DbCommand (0ms) [Parameters=[@__agvId_0='?' (Size = 10)], CommandType='Text', CommandTimeout='30']
SELECT "o"."AlarmsJson"
FROM "OnboardAlarmSnapshots" AS "o"
WHERE "o"."AgvId" = @__agvId_0
LIMIT 1
[21:02:26 INF] Executed DbCommand (0ms) [Parameters=[@p0='?' (Size = 36), @p1='?' (Size = 64), @p2='?' (Size = 1234), @p3='?' (Size = 18), @p4='?' (DbType = DateTimeOffset), @p5='?' (Size = 653)], CommandType='Text', CommandTimeout='30']
INSERT INTO "ProtocolInbox" ("MessageId", "ContentHash", "FirstResponseJson", "MessageType", "ReceivedAt", "RequestJson")
VALUES (@p0, @p1, @p2, @p3, @p4, @p5);
[21:02:27 INF] Start processing HTTP request GET http://127.0.0.1:48408/api/imap/v1/mapInfo/stations/25
[21:02:27 INF] Sending HTTP request GET http://127.0.0.1:48408/api/imap/v1/mapInfo/stations/25
[21:02:27 INF] Received HTTP response headers after 0.4869ms - 200
[21:02:27 INF] End processing HTTP request after 3.8634ms - 200
[21:02:27 INF] Executed DbCommand (0ms) [Parameters=[@__mapId_0='?' (DbType = Int32)], CommandType='Text', CommandTimeout='30']
SELECT "t"."MapId", "t"."ActiveVersion", "t"."PendingVersion", "t"."State", "t"."UpdatedAt"
FROM "TaskTypeStationActiveBindingSets" AS "t"
WHERE "t"."MapId" = @__mapId_0
LIMIT 2
[21:02:27 INF] Executed DbCommand (0ms) [Parameters=[@__mapId_0='?' (DbType = Int32), @__version_1='?' (DbType = Int64)], CommandType='Text', CommandTimeout='30']
SELECT "t"."MapId", "t"."Version", "t"."CatalogRevision", "t"."ContentSha256", "t"."LoadedAt", "t"."RuleVersion", "t"."SnapshotId", "t"."Source"
FROM "TaskTypeStationBindingSetVersions" AS "t"
WHERE "t"."MapId" = @__mapId_0 AND "t"."Version" = @__version_1
LIMIT 2
[21:02:27 INF] Executed DbCommand (0ms) [Parameters=[@__mapId_0='?' (DbType = Int32), @__version_1='?' (DbType = Int64)], CommandType='Text', CommandTimeout='30']
SELECT "t"."TaskType"
FROM "TaskTypeStationRequirements" AS "t"
WHERE "t"."MapId" = @__mapId_0 AND "t"."Version" = @__version_1
[21:02:27 INF] Executed DbCommand (0ms) [Parameters=[@__mapId_0='?' (DbType = Int32), @__version_1='?' (DbType = Int64)], CommandType='Text', CommandTimeout='30']
SELECT "t"."MapId", "t"."Version", "t"."TaskType", "t"."SiteVerificationRef", "t"."StationName", "t"."StationRiotId"
FROM "TaskTypeStationBindings" AS "t"
WHERE "t"."MapId" = @__mapId_0 AND "t"."Version" = @__version_1
[21:02:27 INF] Executed DbCommand (0ms) [Parameters=[@__version_0='?' (DbType = Int64)], CommandType='Text', CommandTimeout='30']
SELECT "t"."Version", "t"."ContentSha256", "t"."LoadedAt", "t"."SnapshotId", "t"."Source"
FROM "TaskTypeStationRuleVersions" AS "t"
WHERE "t"."Version" = @__version_0
LIMIT 2
[21:02:27 INF] Executed DbCommand (0ms) [Parameters=[@__version_0='?' (DbType = Int64)], CommandType='Text', CommandTimeout='30']
SELECT "t"."Version", "t"."TaskType", "t"."FixedEnd"
FROM "TaskTypeStationRules" AS "t"
WHERE "t"."Version" = @__version_0
[21:02:27 INF] Executed DbCommand (0ms) [Parameters=[@__mapId_0='?' (DbType = Int32)], CommandType='Text', CommandTimeout='30']
SELECT "t"."MapId", "t"."ActiveVersion", "t"."PendingVersion", "t"."State", "t"."UpdatedAt"
FROM "TaskTypeStationActiveBindingSets" AS "t"
WHERE "t"."MapId" = @__mapId_0
LIMIT 2
[21:02:27 INF] Executed DbCommand (0ms) [Parameters=[@__mapId_0='?' (DbType = Int32)], CommandType='Text', CommandTimeout='30']
SELECT "t"."HoldId", "t"."DetailJson", "t"."MapId", "t"."RaisedAt", "t"."RaisedBy", "t"."ReasonCode", "t"."ReleasedAt", "t"."ReleasedBy", "t"."Source", "t"."TaskType"
FROM "TaskTypeStationHolds" AS "t"
WHERE "t"."MapId" = @__mapId_0 AND "t"."ReleasedAt" IS NULL
[21:02:27 INF] Executed DbCommand (0ms) [Parameters=[@__mapId_0='?' (DbType = Int32)], CommandType='Text', CommandTimeout='30']
SELECT "m"."MapId", "m"."ApprovedMaxUnconfirmedSeconds", "m"."ApprovedSyncPeriodSeconds", "m"."CatalogRevision", "m"."LastAttemptAt", "m"."LastCompleteConfirmationAt", "m"."LastFailureReason", "m"."State", "m"."UpdatedAt"
FROM "MapStationCatalogStates" AS "m"
WHERE "m"."MapId" = @__mapId_0
LIMIT 2
[21:02:27 INF] Executed DbCommand (0ms) [Parameters=[@p3='?' (DbType = Int32), @p0='?' (DbType = DateTimeOffset), @p1='?' (DbType = DateTimeOffset), @p2='?' (DbType = DateTimeOffset)], CommandType='Text', CommandTimeout='30']
UPDATE "MapStationCatalogStates" SET "LastAttemptAt" = @p0, "LastCompleteConfirmationAt" = @p1, "UpdatedAt" = @p2
WHERE "MapId" = @p3
RETURNING 1;
[21:02:27 INF] Executed DbCommand (0ms) [Parameters=[@__mapId_0='?' (DbType = Int32)], CommandType='Text', CommandTimeout='30']
SELECT "t"."MapId", "t"."ActiveVersion", "t"."PendingVersion", "t"."State", "t"."UpdatedAt"
FROM "TaskTypeStationActiveBindingSets" AS "t"
WHERE "t"."MapId" = @__mapId_0
LIMIT 2
[21:02:27 INF] Executed DbCommand (0ms) [Parameters=[@__mapId_0='?' (DbType = Int32), @__version_1='?' (DbType = Int64)], CommandType='Text', CommandTimeout='30']
SELECT "t"."MapId", "t"."Version", "t"."CatalogRevision", "t"."ContentSha256", "t"."LoadedAt", "t"."RuleVersion", "t"."SnapshotId", "t"."Source"
FROM "TaskTypeStationBindingSetVersions" AS "t"
WHERE "t"."MapId" = @__mapId_0 AND "t"."Version" = @__version_1
LIMIT 2
[21:02:27 INF] Executed DbCommand (0ms) [Parameters=[@__mapId_0='?' (DbType = Int32), @__version_1='?' (DbType = Int64)], CommandType='Text', CommandTimeout='30']
SELECT "t"."TaskType"
FROM "TaskTypeStationRequirements" AS "t"
WHERE "t"."MapId" = @__mapId_0 AND "t"."Version" = @__version_1
[21:02:27 INF] Executed DbCommand (0ms) [Parameters=[@__mapId_0='?' (DbType = Int32), @__version_1='?' (DbType = Int64)], CommandType='Text', CommandTimeout='30']
SELECT "t"."MapId", "t"."Version", "t"."TaskType", "t"."SiteVerificationRef", "t"."StationName", "t"."StationRiotId"
FROM "TaskTypeStationBindings" AS "t"
WHERE "t"."MapId" = @__mapId_0 AND "t"."Version" = @__version_1
[21:02:27 INF] Executed DbCommand (0ms) [Parameters=[@__mapId_0='?' (DbType = Int32)], CommandType='Text', CommandTimeout='30']
SELECT "t"."MapId", "t"."ActiveVersion", "t"."PendingVersion", "t"."State", "t"."UpdatedAt"
FROM "TaskTypeStationActiveBindingSets" AS "t"
WHERE "t"."MapId" = @__mapId_0
LIMIT 2
[21:02:27 INF] Executed DbCommand (0ms) [Parameters=[@__mapId_0='?' (DbType = Int32), @__version_1='?' (DbType = Int64)], CommandType='Text', CommandTimeout='30']
SELECT "t"."MapId", "t"."Version", "t"."CatalogRevision", "t"."ContentSha256", "t"."LoadedAt", "t"."RuleVersion", "t"."SnapshotId", "t"."Source"
FROM "TaskTypeStationBindingSetVersions" AS "t"
WHERE "t"."MapId" = @__mapId_0 AND "t"."Version" = @__version_1
LIMIT 2
[21:02:27 INF] Executed DbCommand (0ms) [Parameters=[@__mapId_0='?' (DbType = Int32), @__version_1='?' (DbType = Int64)], CommandType='Text', CommandTimeout='30']
SELECT "t"."TaskType"
FROM "TaskTypeStationRequirements" AS "t"
WHERE "t"."MapId" = @__mapId_0 AND "t"."Version" = @__version_1
[21:02:27 INF] Executed DbCommand (0ms) [Parameters=[@__mapId_0='?' (DbType = Int32), @__version_1='?' (DbType = Int64)], CommandType='Text', CommandTimeout='30']
SELECT "t"."MapId", "t"."Version", "t"."TaskType", "t"."SiteVerificationRef", "t"."StationName", "t"."StationRiotId"
FROM "TaskTypeStationBindings" AS "t"
WHERE "t"."MapId" = @__mapId_0 AND "t"."Version" = @__version_1
[21:02:27 INF] Executed DbCommand (0ms) [Parameters=[@__version_0='?' (DbType = Int64)], CommandType='Text', CommandTimeout='30']
SELECT "t"."Version", "t"."ContentSha256", "t"."LoadedAt", "t"."SnapshotId", "t"."Source"
FROM "TaskTypeStationRuleVersions" AS "t"
WHERE "t"."Version" = @__version_0
LIMIT 2
[21:02:27 INF] Executed DbCommand (0ms) [Parameters=[@__version_0='?' (DbType = Int64)], CommandType='Text', CommandTimeout='30']
SELECT "t"."Version", "t"."TaskType", "t"."FixedEnd"
FROM "TaskTypeStationRules" AS "t"
WHERE "t"."Version" = @__version_0
[21:02:27 INF] Executed DbCommand (0ms) [Parameters=[], CommandType='Text', CommandTimeout='30']
SELECT "a"."Id", "a"."ContentHash", "a"."DeploymentId", "a"."ImportedAt", "a"."Version"
FROM "AdmissionPolicyState" AS "a"
WHERE "a"."Id" = 1
LIMIT 2
[21:02:27 INF] Executed DbCommand (0ms) [Parameters=[], CommandType='Text', CommandTimeout='30']
SELECT "j"."DemandId", "j"."AgvId", "j"."AgvLifecycleGeneration", "j"."BlockReasonCode", "j"."BlockReasonSince", "j"."ConsumedSafetyResultMessageId", "j"."ConsumedSublotMessageId", "j"."CreatedAt", "j"."DispatchGeneration", "j"."DispatchZone", "j"."ExpectedBasketCount", "j"."GateMovementLegId", "j"."GatePlanMessageId", "j"."GateStationId", "j"."GateStationRiotId", "j"."GateUpperId", "j"."GateVehicleBusinessMessageId", "j"."GateWorklistMessageId", "j"."LoadCommandMessageId", "j"."LoadSlotOperationAttemptId", "j"."MapId", "j"."MapIdentity", "j"."OperationSessionId", "j"."PickupMovementLegId", "j"."PickupStationId", "j"."PickupStationRiotId", "j"."PickupUpperId", "j"."PlanMessageId", "j"."PlanRevision", "j"."PreDepartureSafetyCheckId", "j"."PreDepartureSafetyCheckMessageId", "j"."RouteEvidenceId", "j"."Stage", "j"."StationDepartureWaitStartedAt", "j"."SublotRequestMessageId", "j"."TargetSlotsJson", "j"."UnloadCommandMessageId", "j"."UnloadSlotOperationAttemptId", "j"."UpdatedAt", "j"."VehicleBusinessMessageId", "j"."VehicleBusinessRevision", "j"."VehicleKey", "j"."WorklistMessageId", "j"."WorklistRevision"
FROM "JourneyRuntimes" AS "j"
WHERE "j"."Stage" <> 'Completed'
[21:02:27 INF] Executed DbCommand (0ms) [Parameters=[@__agvId_0='?' (Size = 10)], CommandType='Text', CommandTimeout='30']
SELECT "s"."AgvId", "s"."ActiveUnlockSlotsJson", "s"."CapabilityHash", "s"."CapabilityRevision", "s"."DepartureSafe", "s"."ForcedRecoveryGeneration", "s"."ManifestSha256", "s"."PendingAttemptIdsJson", "s"."PendingResultIdsJson", "s"."ProfileId", "s"."ProtocolCommit", "s"."ProtocolVersion", "s"."ProvenRecoveryCheckpoint", "s"."Readiness", "s"."ReasonCode", "s"."RecoveryReportId", "s"."ReportedForcedRecoveryGeneration", "s"."ReportedSlotConfigurationFingerprint", "s"."SafetyHash", "s"."SafetyReasonCodesJson", "s"."SafetyRevision", "s"."SafetyUnknownPresent", "s"."SessionGeneration", "s"."UnsettledSlotOperationAttemptId", "s"."UpdatedAt"
FROM "SessionRecoveries" AS "s"
WHERE "s"."AgvId" = @__agvId_0 AND "s"."Readiness" = 'Ready'
LIMIT 2
[21:02:27 INF] Executed DbCommand (0ms) [Parameters=[], CommandType='Text', CommandTimeout='30']
SELECT "p"."MessageId", "p"."AcknowledgedAt", "p"."CreatedAt", "p"."FencedAt", "p"."MessageType", "p"."PayloadJson"
FROM "ProtocolOutbox" AS "p"
WHERE "p"."AcknowledgedAt" IS NULL AND "p"."FencedAt" IS NULL
[21:02:27 INF] Executed DbCommand (0ms) [Parameters=[@__messageId_0='?' (Size = 36)], CommandType='Text', CommandTimeout='30']
SELECT "p"."MessageId", "p"."AcknowledgedAt", "p"."CreatedAt", "p"."FencedAt", "p"."MessageType", "p"."PayloadJson"
FROM "ProtocolOutbox" AS "p"
WHERE "p"."MessageId" = @__messageId_0
LIMIT 2
[21:02:27 INF] Executed DbCommand (0ms) [Parameters=[@p1='?' (Size = 36), @p0='?' (Size = 790)], CommandType='Text', CommandTimeout='30']
UPDATE "ProtocolOutbox" SET "PayloadJson" = @p0
WHERE "MessageId" = @p1
RETURNING 1;
[21:02:27 INF] Executed DbCommand (0ms) [Parameters=[@__runtime_LoadSlotOperationAttemptId_0='?' (Size = 36)], CommandType='Text', CommandTimeout='30']
SELECT "s"."SlotOperationAttemptId", "s"."CommittedAt", "s"."ContentHash", "s"."CreatedAt", "s"."DemandId", "s"."EvidenceJson", "s"."ForcedRecoveryGeneration", "s"."OperationType", "s"."Status", "s"."SublotId", "s"."TargetSlotsJson"
FROM "StationOperations" AS "s"
WHERE "s"."SlotOperationAttemptId" = @__runtime_LoadSlotOperationAttemptId_0
LIMIT 2
[21:02:27 INF] Executed DbCommand (0ms) [Parameters=[@__messageId_0='?' (Size = 36)], CommandType='Text', CommandTimeout='30']
SELECT "p"."MessageId", "p"."AcknowledgedAt", "p"."CreatedAt", "p"."FencedAt", "p"."MessageType", "p"."PayloadJson"
FROM "ProtocolOutbox" AS "p"
WHERE "p"."MessageId" = @__messageId_0
LIMIT 2
[21:02:27 INF] Executed DbCommand (0ms) [Parameters=[@p1='?' (Size = 36), @p0='?' (DbType = DateTimeOffset)], CommandType='Text', CommandTimeout='30']
UPDATE "ProtocolOutbox" SET "AcknowledgedAt" = @p0
WHERE "MessageId" = @p1
RETURNING 1;
[21:02:27 INF] Executed DbCommand (0ms) [Parameters=[@__runtime_DemandId_0='?' (Size = 36)], CommandType='Text', CommandTimeout='30']
SELECT "r"."WorkflowId", "r"."AgvId", "r"."CommandContentHash", "r"."CommandMessageId", "r"."CommandMessageType", "r"."CreatedAt", "r"."DemandId", "r"."ExceptionRecoverySessionId", "r"."ForcedRecoveryGeneration", "r"."HandoffId", "r"."Outcome", "r"."RequestContentHash", "r"."RequestMessageId", "r"."ResultContentHash", "r"."ResultMessageId", "r"."SlotOperationAttemptId", "r"."SlotsJson", "r"."State", "r"."UpdatedAt", "r"."WorkflowType"
FROM "RecoveryWorkflows" AS "r"
WHERE "r"."DemandId" = @__runtime_DemandId_0 AND "r"."WorkflowType" = 'LOAD_CORRECTION'
[21:02:27 INF] Executed DbCommand (0ms) [Parameters=[@p3='?' (Size = 36), @p0='?' (Size = 24), @p1='?' (DbType = DateTimeOffset), @p2='?' (DbType = DateTimeOffset)], CommandType='Text', CommandTimeout='30']
UPDATE "JourneyRuntimes" SET "Stage" = @p0, "StationDepartureWaitStartedAt" = @p1, "UpdatedAt" = @p2
WHERE "DemandId" = @p3
RETURNING 1;
[21:02:27 INF] Start processing HTTP request GET http://127.0.0.1:48408/api/task/v1/task/getVehicleInfo/BROKERX-L2-0001
[21:02:27 INF] Sending HTTP request GET http://127.0.0.1:48408/api/task/v1/task/getVehicleInfo/BROKERX-L2-0001
[21:02:27 INF] Received HTTP response headers after 0.4545ms - 200
[21:02:27 INF] End processing HTTP request after 3.5857ms - 200
[21:02:27 INF] Start processing HTTP request GET http://127.0.0.1:48408/api/order/v1/orderRecord?pageNum=1&pageSize=100&filterByState=1&filterByState=3&filterByState=7&filterByState=9
[21:02:27 INF] Sending HTTP request GET http://127.0.0.1:48408/api/order/v1/orderRecord?pageNum=1&pageSize=100&filterByState=1&filterByState=3&filterByState=7&filterByState=9
[21:02:27 INF] Received HTTP response headers after 0.3253ms - 200
[21:02:27 INF] End processing HTTP request after 0.8944ms - 200
[21:02:27 INF] HTTP GET /api/onboard/v1/vehicle-safety responded 200 in 5.7374 ms
[21:02:28 INF] Start processing HTTP request GET http://127.0.0.1:48408/api/imap/v1/mapInfo/stations/25
[21:02:28 INF] Sending HTTP request GET http://127.0.0.1:48408/api/imap/v1/mapInfo/stations/25
[21:02:28 INF] Received HTTP response headers after 0.5927ms - 200
[21:02:28 INF] End processing HTTP request after 4.0214ms - 200
[21:02:28 INF] Executed DbCommand (0ms) [Parameters=[@__mapId_0='?' (DbType = Int32)], CommandType='Text', CommandTimeout='30']
SELECT "t"."MapId", "t"."ActiveVersion", "t"."PendingVersion", "t"."State", "t"."UpdatedAt"
FROM "TaskTypeStationActiveBindingSets" AS "t"
WHERE "t"."MapId" = @__mapId_0
LIMIT 2
[21:02:28 INF] Executed DbCommand (0ms) [Parameters=[@__mapId_0='?' (DbType = Int32), @__version_1='?' (DbType = Int64)], CommandType='Text', CommandTimeout='30']
SELECT "t"."MapId", "t"."Version", "t"."CatalogRevision", "t"."ContentSha256", "t"."LoadedAt", "t"."RuleVersion", "t"."SnapshotId", "t"."Source"
FROM "TaskTypeStationBindingSetVersions" AS "t"
WHERE "t"."MapId" = @__mapId_0 AND "t"."Version" = @__version_1
LIMIT 2
[21:02:28 INF] Executed DbCommand (0ms) [Parameters=[@__mapId_0='?' (DbType = Int32), @__version_1='?' (DbType = Int64)], CommandType='Text', CommandTimeout='30']
SELECT "t"."TaskType"
FROM "TaskTypeStationRequirements" AS "t"
WHERE "t"."MapId" = @__mapId_0 AND "t"."Version" = @__version_1
[21:02:28 INF] Executed DbCommand (0ms) [Parameters=[@__mapId_0='?' (DbType = Int32), @__version_1='?' (DbType = Int64)], CommandType='Text', CommandTimeout='30']
SELECT "t"."MapId", "t"."Version", "t"."TaskType", "t"."SiteVerificationRef", "t"."StationName", "t"."StationRiotId"
FROM "TaskTypeStationBindings" AS "t"
WHERE "t"."MapId" = @__mapId_0 AND "t"."Version" = @__version_1
[21:02:28 INF] Executed DbCommand (0ms) [Parameters=[@__version_0='?' (DbType = Int64)], CommandType='Text', CommandTimeout='30']
SELECT "t"."Version", "t"."ContentSha256", "t"."LoadedAt", "t"."SnapshotId", "t"."Source"
FROM "TaskTypeStationRuleVersions" AS "t"
WHERE "t"."Version" = @__version_0
LIMIT 2
[21:02:28 INF] Executed DbCommand (0ms) [Parameters=[@__version_0='?' (DbType = Int64)], CommandType='Text', CommandTimeout='30']
SELECT "t"."Version", "t"."TaskType", "t"."FixedEnd"
FROM "TaskTypeStationRules" AS "t"
WHERE "t"."Version" = @__version_0
[21:02:28 INF] Executed DbCommand (0ms) [Parameters=[@__mapId_0='?' (DbType = Int32)], CommandType='Text', CommandTimeout='30']
SELECT "t"."MapId", "t"."ActiveVersion", "t"."PendingVersion", "t"."State", "t"."UpdatedAt"
FROM "TaskTypeStationActiveBindingSets" AS "t"
WHERE "t"."MapId" = @__mapId_0
LIMIT 2
[21:02:28 INF] Executed DbCommand (0ms) [Parameters=[@__mapId_0='?' (DbType = Int32)], CommandType='Text', CommandTimeout='30']
SELECT "t"."HoldId", "t"."DetailJson", "t"."MapId", "t"."RaisedAt", "t"."RaisedBy", "t"."ReasonCode", "t"."ReleasedAt", "t"."ReleasedBy", "t"."Source", "t"."TaskType"
FROM "TaskTypeStationHolds" AS "t"
WHERE "t"."MapId" = @__mapId_0 AND "t"."ReleasedAt" IS NULL
[21:02:28 INF] Executed DbCommand (0ms) [Parameters=[@__mapId_0='?' (DbType = Int32)], CommandType='Text', CommandTimeout='30']
SELECT "m"."MapId", "m"."ApprovedMaxUnconfirmedSeconds", "m"."ApprovedSyncPeriodSeconds", "m"."CatalogRevision", "m"."LastAttemptAt", "m"."LastCompleteConfirmationAt", "m"."LastFailureReason", "m"."State", "m"."UpdatedAt"
FROM "MapStationCatalogStates" AS "m"
WHERE "m"."MapId" = @__mapId_0
LIMIT 2
[21:02:28 INF] Executed DbCommand (0ms) [Parameters=[@p3='?' (DbType = Int32), @p0='?' (DbType = DateTimeOffset), @p1='?' (DbType = DateTimeOffset), @p2='?' (DbType = DateTimeOffset)], CommandType='Text', CommandTimeout='30']
UPDATE "MapStationCatalogStates" SET "LastAttemptAt" = @p0, "LastCompleteConfirmationAt" = @p1, "UpdatedAt" = @p2
WHERE "MapId" = @p3
RETURNING 1;
[21:02:28 INF] Executed DbCommand (0ms) [Parameters=[@__mapId_0='?' (DbType = Int32)], CommandType='Text', CommandTimeout='30']
SELECT "t"."MapId", "t"."ActiveVersion", "t"."PendingVersion", "t"."State", "t"."UpdatedAt"
FROM "TaskTypeStationActiveBindingSets" AS "t"
WHERE "t"."MapId" = @__mapId_0
LIMIT 2
[21:02:28 INF] Executed DbCommand (0ms) [Parameters=[@__mapId_0='?' (DbType = Int32), @__version_1='?' (DbType = Int64)], CommandType='Text', CommandTimeout='30']
SELECT "t"."MapId", "t"."Version", "t"."CatalogRevision", "t"."ContentSha256", "t"."LoadedAt", "t"."RuleVersion", "t"."SnapshotId", "t"."Source"
FROM "TaskTypeStationBindingSetVersions" AS "t"
WHERE "t"."MapId" = @__mapId_0 AND "t"."Version" = @__version_1
LIMIT 2
[21:02:28 INF] Executed DbCommand (0ms) [Parameters=[@__mapId_0='?' (DbType = Int32), @__version_1='?' (DbType = Int64)], CommandType='Text', CommandTimeout='30']
SELECT "t"."TaskType"
FROM "TaskTypeStationRequirements" AS "t"
WHERE "t"."MapId" = @__mapId_0 AND "t"."Version" = @__version_1
[21:02:28 INF] Executed DbCommand (0ms) [Parameters=[@__mapId_0='?' (DbType = Int32), @__version_1='?' (DbType = Int64)], CommandType='Text', CommandTimeout='30']
SELECT "t"."MapId", "t"."Version", "t"."TaskType", "t"."SiteVerificationRef", "t"."StationName", "t"."StationRiotId"
FROM "TaskTypeStationBindings" AS "t"
WHERE "t"."MapId" = @__mapId_0 AND "t"."Version" = @__version_1
[21:02:28 INF] Executed DbCommand (0ms) [Parameters=[@__mapId_0='?' (DbType = Int32)], CommandType='Text', CommandTimeout='30']
SELECT "t"."MapId", "t"."ActiveVersion", "t"."PendingVersion", "t"."State", "t"."UpdatedAt"
FROM "TaskTypeStationActiveBindingSets" AS "t"
WHERE "t"."MapId" = @__mapId_0
LIMIT 2
[21:02:28 INF] Executed DbCommand (0ms) [Parameters=[@__mapId_0='?' (DbType = Int32), @__version_1='?' (DbType = Int64)], CommandType='Text', CommandTimeout='30']
SELECT "t"."MapId", "t"."Version", "t"."CatalogRevision", "t"."ContentSha256", "t"."LoadedAt", "t"."RuleVersion", "t"."SnapshotId", "t"."Source"
FROM "TaskTypeStationBindingSetVersions" AS "t"
WHERE "t"."MapId" = @__mapId_0 AND "t"."Version" = @__version_1
LIMIT 2
[21:02:28 INF] Executed DbCommand (0ms) [Parameters=[@__mapId_0='?' (DbType = Int32), @__version_1='?' (DbType = Int64)], CommandType='Text', CommandTimeout='30']
SELECT "t"."TaskType"
FROM "TaskTypeStationRequirements" AS "t"
WHERE "t"."MapId" = @__mapId_0 AND "t"."Version" = @__version_1
[21:02:28 INF] Executed DbCommand (0ms) [Parameters=[@__mapId_0='?' (DbType = Int32), @__version_1='?' (DbType = Int64)], CommandType='Text', CommandTimeout='30']
SELECT "t"."MapId", "t"."Version", "t"."TaskType", "t"."SiteVerificationRef", "t"."StationName", "t"."StationRiotId"
FROM "TaskTypeStationBindings" AS "t"
WHERE "t"."MapId" = @__mapId_0 AND "t"."Version" = @__version_1
[21:02:28 INF] Executed DbCommand (0ms) [Parameters=[@__version_0='?' (DbType = Int64)], CommandType='Text', CommandTimeout='30']
SELECT "t"."Version", "t"."ContentSha256", "t"."LoadedAt", "t"."SnapshotId", "t"."Source"
FROM "TaskTypeStationRuleVersions" AS "t"
WHERE "t"."Version" = @__version_0
LIMIT 2
[21:02:28 INF] Executed DbCommand (0ms) [Parameters=[@__version_0='?' (DbType = Int64)], CommandType='Text', CommandTimeout='30']
SELECT "t"."Version", "t"."TaskType", "t"."FixedEnd"
FROM "TaskTypeStationRules" AS "t"
WHERE "t"."Version" = @__version_0
[21:02:28 INF] Executed DbCommand (0ms) [Parameters=[], CommandType='Text', CommandTimeout='30']
SELECT "a"."Id", "a"."ContentHash", "a"."DeploymentId", "a"."ImportedAt", "a"."Version"
FROM "AdmissionPolicyState" AS "a"
WHERE "a"."Id" = 1
LIMIT 2
[21:02:28 INF] Executed DbCommand (0ms) [Parameters=[], CommandType='Text', CommandTimeout='30']
SELECT "j"."DemandId", "j"."AgvId", "j"."AgvLifecycleGeneration", "j"."BlockReasonCode", "j"."BlockReasonSince", "j"."ConsumedSafetyResultMessageId", "j"."ConsumedSublotMessageId", "j"."CreatedAt", "j"."DispatchGeneration", "j"."DispatchZone", "j"."ExpectedBasketCount", "j"."GateMovementLegId", "j"."GatePlanMessageId", "j"."GateStationId", "j"."GateStationRiotId", "j"."GateUpperId", "j"."GateVehicleBusinessMessageId", "j"."GateWorklistMessageId", "j"."LoadCommandMessageId", "j"."LoadSlotOperationAttemptId", "j"."MapId", "j"."MapIdentity", "j"."OperationSessionId", "j"."PickupMovementLegId", "j"."PickupStationId", "j"."PickupStationRiotId", "j"."PickupUpperId", "j"."PlanMessageId", "j"."PlanRevision", "j"."PreDepartureSafetyCheckId", "j"."PreDepartureSafetyCheckMessageId", "j"."RouteEvidenceId", "j"."Stage", "j"."StationDepartureWaitStartedAt", "j"."SublotRequestMessageId", "j"."TargetSlotsJson", "j"."UnloadCommandMessageId", "j"."UnloadSlotOperationAttemptId", "j"."UpdatedAt", "j"."VehicleBusinessMessageId", "j"."VehicleBusinessRevision", "j"."VehicleKey", "j"."WorklistMessageId", "j"."WorklistRevision"
FROM "JourneyRuntimes" AS "j"
WHERE "j"."Stage" <> 'Completed'
[21:02:28 INF] Executed DbCommand (0ms) [Parameters=[@__agvId_0='?' (Size = 10)], CommandType='Text', CommandTimeout='30']
SELECT "s"."AgvId", "s"."ActiveUnlockSlotsJson", "s"."CapabilityHash", "s"."CapabilityRevision", "s"."DepartureSafe", "s"."ForcedRecoveryGeneration", "s"."ManifestSha256", "s"."PendingAttemptIdsJson", "s"."PendingResultIdsJson", "s"."ProfileId", "s"."ProtocolCommit", "s"."ProtocolVersion", "s"."ProvenRecoveryCheckpoint", "s"."Readiness", "s"."ReasonCode", "s"."RecoveryReportId", "s"."ReportedForcedRecoveryGeneration", "s"."ReportedSlotConfigurationFingerprint", "s"."SafetyHash", "s"."SafetyReasonCodesJson", "s"."SafetyRevision", "s"."SafetyUnknownPresent", "s"."SessionGeneration", "s"."UnsettledSlotOperationAttemptId", "s"."UpdatedAt"
FROM "SessionRecoveries" AS "s"
WHERE "s"."AgvId" = @__agvId_0 AND "s"."Readiness" = 'Ready'
LIMIT 2
[21:02:28 INF] Executed DbCommand (0ms) [Parameters=[], CommandType='Text', CommandTimeout='30']
SELECT "p"."MessageId", "p"."AcknowledgedAt", "p"."CreatedAt", "p"."FencedAt", "p"."MessageType", "p"."PayloadJson"
FROM "ProtocolOutbox" AS "p"
WHERE "p"."AcknowledgedAt" IS NULL AND "p"."FencedAt" IS NULL
[21:02:28 INF] Executed DbCommand (0ms) [Parameters=[@__runtime_DemandId_0='?' (Size = 36)], CommandType='Text', CommandTimeout='30']
SELECT "r"."WorkflowId", "r"."AgvId", "r"."CommandContentHash", "r"."CommandMessageId", "r"."CommandMessageType", "r"."CreatedAt", "r"."DemandId", "r"."ExceptionRecoverySessionId", "r"."ForcedRecoveryGeneration", "r"."HandoffId", "r"."Outcome", "r"."RequestContentHash", "r"."RequestMessageId", "r"."ResultContentHash", "r"."ResultMessageId", "r"."SlotOperationAttemptId", "r"."SlotsJson", "r"."State", "r"."UpdatedAt", "r"."WorkflowType"
FROM "RecoveryWorkflows" AS "r"
WHERE "r"."DemandId" = @__runtime_DemandId_0 AND "r"."WorkflowType" = 'LOAD_CORRECTION'
[21:02:28 INF] Start processing HTTP request GET http://127.0.0.1:48408/api/task/v1/task/getVehicleInfo/BROKERX-L2-0001
[21:02:28 INF] Sending HTTP request GET http://127.0.0.1:48408/api/task/v1/task/getVehicleInfo/BROKERX-L2-0001
[21:02:28 INF] Received HTTP response headers after 0.665ms - 200
[21:02:28 INF] End processing HTTP request after 2.0437ms - 200
[21:02:28 INF] Start processing HTTP request GET http://127.0.0.1:48408/api/order/v1/orderRecord?pageNum=1&pageSize=100&filterByState=1&filterByState=3&filterByState=7&filterByState=9
[21:02:28 INF] Sending HTTP request GET http://127.0.0.1:48408/api/order/v1/orderRecord?pageNum=1&pageSize=100&filterByState=1&filterByState=3&filterByState=7&filterByState=9
[21:02:28 INF] Received HTTP response headers after 0.4989ms - 200
[21:02:28 INF] End processing HTTP request after 1.3212ms - 200
[21:02:28 INF] HTTP GET /api/onboard/v1/vehicle-safety responded 200 in 4.8437 ms
[21:02:29 INF] Start processing HTTP request GET http://127.0.0.1:48408/api/imap/v1/mapInfo/stations/25
[21:02:29 INF] Sending HTTP request GET http://127.0.0.1:48408/api/imap/v1/mapInfo/stations/25
[21:02:29 INF] Received HTTP response headers after 0.6552ms - 200
[21:02:29 INF] End processing HTTP request after 2.204ms - 200
[21:02:29 INF] Executed DbCommand (0ms) [Parameters=[@__mapId_0='?' (DbType = Int32)], CommandType='Text', CommandTimeout='30']
SELECT "t"."MapId", "t"."ActiveVersion", "t"."PendingVersion", "t"."State", "t"."UpdatedAt"
FROM "TaskTypeStationActiveBindingSets" AS "t"
WHERE "t"."MapId" = @__mapId_0
LIMIT 2
[21:02:29 INF] Executed DbCommand (0ms) [Parameters=[@__mapId_0='?' (DbType = Int32), @__version_1='?' (DbType = Int64)], CommandType='Text', CommandTimeout='30']
SELECT "t"."MapId", "t"."Version", "t"."CatalogRevision", "t"."ContentSha256", "t"."LoadedAt", "t"."RuleVersion", "t"."SnapshotId", "t"."Source"
FROM "TaskTypeStationBindingSetVersions" AS "t"
WHERE "t"."MapId" = @__mapId_0 AND "t"."Version" = @__version_1
LIMIT 2
[21:02:29 INF] Executed DbCommand (0ms) [Parameters=[@__mapId_0='?' (DbType = Int32), @__version_1='?' (DbType = Int64)], CommandType='Text', CommandTimeout='30']
SELECT "t"."TaskType"
FROM "TaskTypeStationRequirements" AS "t"
WHERE "t"."MapId" = @__mapId_0 AND "t"."Version" = @__version_1
[21:02:29 INF] Executed DbCommand (0ms) [Parameters=[@__mapId_0='?' (DbType = Int32), @__version_1='?' (DbType = Int64)], CommandType='Text', CommandTimeout='30']
SELECT "t"."MapId", "t"."Version", "t"."TaskType", "t"."SiteVerificationRef", "t"."StationName", "t"."StationRiotId"
FROM "TaskTypeStationBindings" AS "t"
WHERE "t"."MapId" = @__mapId_0 AND "t"."Version" = @__version_1
[21:02:29 INF] Executed DbCommand (0ms) [Parameters=[@__version_0='?' (DbType = Int64)], CommandType='Text', CommandTimeout='30']
SELECT "t"."Version", "t"."ContentSha256", "t"."LoadedAt", "t"."SnapshotId", "t"."Source"
FROM "TaskTypeStationRuleVersions" AS "t"
WHERE "t"."Version" = @__version_0
LIMIT 2
[21:02:29 INF] Executed DbCommand (0ms) [Parameters=[@__version_0='?' (DbType = Int64)], CommandType='Text', CommandTimeout='30']
SELECT "t"."Version", "t"."TaskType", "t"."FixedEnd"
FROM "TaskTypeStationRules" AS "t"
WHERE "t"."Version" = @__version_0
[21:02:29 INF] Executed DbCommand (0ms) [Parameters=[@__mapId_0='?' (DbType = Int32)], CommandType='Text', CommandTimeout='30']
SELECT "t"."MapId", "t"."ActiveVersion", "t"."PendingVersion", "t"."State", "t"."UpdatedAt"
FROM "TaskTypeStationActiveBindingSets" AS "t"
WHERE "t"."MapId" = @__mapId_0
LIMIT 2
[21:02:29 INF] Executed DbCommand (0ms) [Parameters=[@__mapId_0='?' (DbType = Int32)], CommandType='Text', CommandTimeout='30']
SELECT "t"."HoldId", "t"."DetailJson", "t"."MapId", "t"."RaisedAt", "t"."RaisedBy", "t"."ReasonCode", "t"."ReleasedAt", "t"."ReleasedBy", "t"."Source", "t"."TaskType"
FROM "TaskTypeStationHolds" AS "t"
WHERE "t"."MapId" = @__mapId_0 AND "t"."ReleasedAt" IS NULL
[21:02:29 INF] Executed DbCommand (0ms) [Parameters=[@__mapId_0='?' (DbType = Int32)], CommandType='Text', CommandTimeout='30']
SELECT "m"."MapId", "m"."ApprovedMaxUnconfirmedSeconds", "m"."ApprovedSyncPeriodSeconds", "m"."CatalogRevision", "m"."LastAttemptAt", "m"."LastCompleteConfirmationAt", "m"."LastFailureReason", "m"."State", "m"."UpdatedAt"
FROM "MapStationCatalogStates" AS "m"
WHERE "m"."MapId" = @__mapId_0
LIMIT 2
[21:02:29 INF] Executed DbCommand (0ms) [Parameters=[@p3='?' (DbType = Int32), @p0='?' (DbType = DateTimeOffset), @p1='?' (DbType = DateTimeOffset), @p2='?' (DbType = DateTimeOffset)], CommandType='Text', CommandTimeout='30']
UPDATE "MapStationCatalogStates" SET "LastAttemptAt" = @p0, "LastCompleteConfirmationAt" = @p1, "UpdatedAt" = @p2
WHERE "MapId" = @p3
RETURNING 1;
[21:02:29 INF] Executed DbCommand (0ms) [Parameters=[@__mapId_0='?' (DbType = Int32)], CommandType='Text', CommandTimeout='30']
SELECT "t"."MapId", "t"."ActiveVersion", "t"."PendingVersion", "t"."State", "t"."UpdatedAt"
FROM "TaskTypeStationActiveBindingSets" AS "t"
WHERE "t"."MapId" = @__mapId_0
LIMIT 2
[21:02:29 INF] Executed DbCommand (0ms) [Parameters=[@__mapId_0='?' (DbType = Int32), @__version_1='?' (DbType = Int64)], CommandType='Text', CommandTimeout='30']
SELECT "t"."MapId", "t"."Version", "t"."CatalogRevision", "t"."ContentSha256", "t"."LoadedAt", "t"."RuleVersion", "t"."SnapshotId", "t"."Source"
FROM "TaskTypeStationBindingSetVersions" AS "t"
WHERE "t"."MapId" = @__mapId_0 AND "t"."Version" = @__version_1
LIMIT 2
[21:02:29 INF] Executed DbCommand (0ms) [Parameters=[@__mapId_0='?' (DbType = Int32), @__version_1='?' (DbType = Int64)], CommandType='Text', CommandTimeout='30']
SELECT "t"."TaskType"
FROM "TaskTypeStationRequirements" AS "t"
WHERE "t"."MapId" = @__mapId_0 AND "t"."Version" = @__version_1
[21:02:29 INF] Executed DbCommand (0ms) [Parameters=[@__mapId_0='?' (DbType = Int32), @__version_1='?' (DbType = Int64)], CommandType='Text', CommandTimeout='30']
SELECT "t"."MapId", "t"."Version", "t"."TaskType", "t"."SiteVerificationRef", "t"."StationName", "t"."StationRiotId"
FROM "TaskTypeStationBindings" AS "t"
WHERE "t"."MapId" = @__mapId_0 AND "t"."Version" = @__version_1
[21:02:29 INF] Executed DbCommand (0ms) [Parameters=[@__mapId_0='?' (DbType = Int32)], CommandType='Text', CommandTimeout='30']
SELECT "t"."MapId", "t"."ActiveVersion", "t"."PendingVersion", "t"."State", "t"."UpdatedAt"
FROM "TaskTypeStationActiveBindingSets" AS "t"
WHERE "t"."MapId" = @__mapId_0
LIMIT 2
[21:02:29 INF] Executed DbCommand (0ms) [Parameters=[@__mapId_0='?' (DbType = Int32), @__version_1='?' (DbType = Int64)], CommandType='Text', CommandTimeout='30']
SELECT "t"."MapId", "t"."Version", "t"."CatalogRevision", "t"."ContentSha256", "t"."LoadedAt", "t"."RuleVersion", "t"."SnapshotId", "t"."Source"
FROM "TaskTypeStationBindingSetVersions" AS "t"
WHERE "t"."MapId" = @__mapId_0 AND "t"."Version" = @__version_1
LIMIT 2
[21:02:29 INF] Executed DbCommand (0ms) [Parameters=[@__mapId_0='?' (DbType = Int32), @__version_1='?' (DbType = Int64)], CommandType='Text', CommandTimeout='30']
SELECT "t"."TaskType"
FROM "TaskTypeStationRequirements" AS "t"
WHERE "t"."MapId" = @__mapId_0 AND "t"."Version" = @__version_1
[21:02:29 INF] Executed DbCommand (0ms) [Parameters=[@__mapId_0='?' (DbType = Int32), @__version_1='?' (DbType = Int64)], CommandType='Text', CommandTimeout='30']
SELECT "t"."MapId", "t"."Version", "t"."TaskType", "t"."SiteVerificationRef", "t"."StationName", "t"."StationRiotId"
FROM "TaskTypeStationBindings" AS "t"
WHERE "t"."MapId" = @__mapId_0 AND "t"."Version" = @__version_1
[21:02:29 INF] Executed DbCommand (0ms) [Parameters=[@__version_0='?' (DbType = Int64)], CommandType='Text', CommandTimeout='30']
SELECT "t"."Version", "t"."ContentSha256", "t"."LoadedAt", "t"."SnapshotId", "t"."Source"
FROM "TaskTypeStationRuleVersions" AS "t"
WHERE "t"."Version" = @__version_0
LIMIT 2
[21:02:29 INF] Executed DbCommand (0ms) [Parameters=[@__version_0='?' (DbType = Int64)], CommandType='Text', CommandTimeout='30']
SELECT "t"."Version", "t"."TaskType", "t"."FixedEnd"
FROM "TaskTypeStationRules" AS "t"
WHERE "t"."Version" = @__version_0
[21:02:29 INF] Executed DbCommand (0ms) [Parameters=[], CommandType='Text', CommandTimeout='30']
SELECT "a"."Id", "a"."ContentHash", "a"."DeploymentId", "a"."ImportedAt", "a"."Version"
FROM "AdmissionPolicyState" AS "a"
WHERE "a"."Id" = 1
LIMIT 2
[21:02:29 INF] Executed DbCommand (0ms) [Parameters=[], CommandType='Text', CommandTimeout='30']
SELECT "j"."DemandId", "j"."AgvId", "j"."AgvLifecycleGeneration", "j"."BlockReasonCode", "j"."BlockReasonSince", "j"."ConsumedSafetyResultMessageId", "j"."ConsumedSublotMessageId", "j"."CreatedAt", "j"."DispatchGeneration", "j"."DispatchZone", "j"."ExpectedBasketCount", "j"."GateMovementLegId", "j"."GatePlanMessageId", "j"."GateStationId", "j"."GateStationRiotId", "j"."GateUpperId", "j"."GateVehicleBusinessMessageId", "j"."GateWorklistMessageId", "j"."LoadCommandMessageId", "j"."LoadSlotOperationAttemptId", "j"."MapId", "j"."MapIdentity", "j"."OperationSessionId", "j"."PickupMovementLegId", "j"."PickupStationId", "j"."PickupStationRiotId", "j"."PickupUpperId", "j"."PlanMessageId", "j"."PlanRevision", "j"."PreDepartureSafetyCheckId", "j"."PreDepartureSafetyCheckMessageId", "j"."RouteEvidenceId", "j"."Stage", "j"."StationDepartureWaitStartedAt", "j"."SublotRequestMessageId", "j"."TargetSlotsJson", "j"."UnloadCommandMessageId", "j"."UnloadSlotOperationAttemptId", "j"."UpdatedAt", "j"."VehicleBusinessMessageId", "j"."VehicleBusinessRevision", "j"."VehicleKey", "j"."WorklistMessageId", "j"."WorklistRevision"
FROM "JourneyRuntimes" AS "j"
WHERE "j"."Stage" <> 'Completed'
[21:02:29 INF] Executed DbCommand (0ms) [Parameters=[@__agvId_0='?' (Size = 10)], CommandType='Text', CommandTimeout='30']
SELECT "s"."AgvId", "s"."ActiveUnlockSlotsJson", "s"."CapabilityHash", "s"."CapabilityRevision", "s"."DepartureSafe", "s"."ForcedRecoveryGeneration", "s"."ManifestSha256", "s"."PendingAttemptIdsJson", "s"."PendingResultIdsJson", "s"."ProfileId", "s"."ProtocolCommit", "s"."ProtocolVersion", "s"."ProvenRecoveryCheckpoint", "s"."Readiness", "s"."ReasonCode", "s"."RecoveryReportId", "s"."ReportedForcedRecoveryGeneration", "s"."ReportedSlotConfigurationFingerprint", "s"."SafetyHash", "s"."SafetyReasonCodesJson", "s"."SafetyRevision", "s"."SafetyUnknownPresent", "s"."SessionGeneration", "s"."UnsettledSlotOperationAttemptId", "s"."UpdatedAt"
FROM "SessionRecoveries" AS "s"
WHERE "s"."AgvId" = @__agvId_0 AND "s"."Readiness" = 'Ready'
LIMIT 2
[21:02:29 INF] Executed DbCommand (0ms) [Parameters=[], CommandType='Text', CommandTimeout='30']
SELECT "p"."MessageId", "p"."AcknowledgedAt", "p"."CreatedAt", "p"."FencedAt", "p"."MessageType", "p"."PayloadJson"
FROM "ProtocolOutbox" AS "p"
WHERE "p"."AcknowledgedAt" IS NULL AND "p"."FencedAt" IS NULL
[21:02:29 INF] Executed DbCommand (0ms) [Parameters=[@__runtime_DemandId_0='?' (Size = 36)], CommandType='Text', CommandTimeout='30']
SELECT "r"."WorkflowId", "r"."AgvId", "r"."CommandContentHash", "r"."CommandMessageId", "r"."CommandMessageType", "r"."CreatedAt", "r"."DemandId", "r"."ExceptionRecoverySessionId", "r"."ForcedRecoveryGeneration", "r"."HandoffId", "r"."Outcome", "r"."RequestContentHash", "r"."RequestMessageId", "r"."ResultContentHash", "r"."ResultMessageId", "r"."SlotOperationAttemptId", "r"."SlotsJson", "r"."State", "r"."UpdatedAt", "r"."WorkflowType"
FROM "RecoveryWorkflows" AS "r"
WHERE "r"."DemandId" = @__runtime_DemandId_0 AND "r"."WorkflowType" = 'LOAD_CORRECTION'
[21:02:29 INF] Start processing HTTP request GET http://127.0.0.1:48408/api/task/v1/task/getVehicleInfo/BROKERX-L2-0001
[21:02:29 INF] Sending HTTP request GET http://127.0.0.1:48408/api/task/v1/task/getVehicleInfo/BROKERX-L2-0001
[21:02:29 INF] Received HTTP response headers after 0.5198ms - 200
[21:02:29 INF] End processing HTTP request after 3.8433ms - 200
[21:02:29 INF] Start processing HTTP request GET http://127.0.0.1:48408/api/order/v1/orderRecord?pageNum=1&pageSize=100&filterByState=1&filterByState=3&filterByState=7&filterByState=9
[21:02:29 INF] Sending HTTP request GET http://127.0.0.1:48408/api/order/v1/orderRecord?pageNum=1&pageSize=100&filterByState=1&filterByState=3&filterByState=7&filterByState=9
[21:02:29 INF] Received HTTP response headers after 0.4306ms - 200
[21:02:29 INF] End processing HTTP request after 1.1034ms - 200
[21:02:29 INF] HTTP GET /api/onboard/v1/vehicle-safety responded 200 in 6.1596 ms
[21:02:30 INF] Start processing HTTP request GET http://127.0.0.1:48408/api/imap/v1/mapInfo/stations/25
[21:02:30 INF] Sending HTTP request GET http://127.0.0.1:48408/api/imap/v1/mapInfo/stations/25
[21:02:30 INF] Received HTTP response headers after 0.5837ms - 200
[21:02:30 INF] End processing HTTP request after 4.14ms - 200
[21:02:30 INF] Executed DbCommand (0ms) [Parameters=[@__mapId_0='?' (DbType = Int32)], CommandType='Text', CommandTimeout='30']
SELECT "t"."MapId", "t"."ActiveVersion", "t"."PendingVersion", "t"."State", "t"."UpdatedAt"
FROM "TaskTypeStationActiveBindingSets" AS "t"
WHERE "t"."MapId" = @__mapId_0
LIMIT 2
[21:02:30 INF] Executed DbCommand (0ms) [Parameters=[@__mapId_0='?' (DbType = Int32), @__version_1='?' (DbType = Int64)], CommandType='Text', CommandTimeout='30']
SELECT "t"."MapId", "t"."Version", "t"."CatalogRevision", "t"."ContentSha256", "t"."LoadedAt", "t"."RuleVersion", "t"."SnapshotId", "t"."Source"
FROM "TaskTypeStationBindingSetVersions" AS "t"
WHERE "t"."MapId" = @__mapId_0 AND "t"."Version" = @__version_1
LIMIT 2
[21:02:30 INF] Executed DbCommand (0ms) [Parameters=[@__mapId_0='?' (DbType = Int32), @__version_1='?' (DbType = Int64)], CommandType='Text', CommandTimeout='30']
SELECT "t"."TaskType"
FROM "TaskTypeStationRequirements" AS "t"
WHERE "t"."MapId" = @__mapId_0 AND "t"."Version" = @__version_1
[21:02:30 INF] Executed DbCommand (0ms) [Parameters=[@__mapId_0='?' (DbType = Int32), @__version_1='?' (DbType = Int64)], CommandType='Text', CommandTimeout='30']
SELECT "t"."MapId", "t"."Version", "t"."TaskType", "t"."SiteVerificationRef", "t"."StationName", "t"."StationRiotId"
FROM "TaskTypeStationBindings" AS "t"
WHERE "t"."MapId" = @__mapId_0 AND "t"."Version" = @__version_1
[21:02:30 INF] Executed DbCommand (0ms) [Parameters=[@__version_0='?' (DbType = Int64)], CommandType='Text', CommandTimeout='30']
SELECT "t"."Version", "t"."ContentSha256", "t"."LoadedAt", "t"."SnapshotId", "t"."Source"
FROM "TaskTypeStationRuleVersions" AS "t"
WHERE "t"."Version" = @__version_0
LIMIT 2
[21:02:30 INF] Executed DbCommand (0ms) [Parameters=[@__version_0='?' (DbType = Int64)], CommandType='Text', CommandTimeout='30']
SELECT "t"."Version", "t"."TaskType", "t"."FixedEnd"
FROM "TaskTypeStationRules" AS "t"
WHERE "t"."Version" = @__version_0
[21:02:30 INF] Executed DbCommand (0ms) [Parameters=[@__mapId_0='?' (DbType = Int32)], CommandType='Text', CommandTimeout='30']
SELECT "t"."MapId", "t"."ActiveVersion", "t"."PendingVersion", "t"."State", "t"."UpdatedAt"
FROM "TaskTypeStationActiveBindingSets" AS "t"
WHERE "t"."MapId" = @__mapId_0
LIMIT 2
[21:02:30 INF] Executed DbCommand (0ms) [Parameters=[@__mapId_0='?' (DbType = Int32)], CommandType='Text', CommandTimeout='30']
SELECT "t"."HoldId", "t"."DetailJson", "t"."MapId", "t"."RaisedAt", "t"."RaisedBy", "t"."ReasonCode", "t"."ReleasedAt", "t"."ReleasedBy", "t"."Source", "t"."TaskType"
FROM "TaskTypeStationHolds" AS "t"
WHERE "t"."MapId" = @__mapId_0 AND "t"."ReleasedAt" IS NULL
[21:02:30 INF] Executed DbCommand (0ms) [Parameters=[@__mapId_0='?' (DbType = Int32)], CommandType='Text', CommandTimeout='30']
SELECT "m"."MapId", "m"."ApprovedMaxUnconfirmedSeconds", "m"."ApprovedSyncPeriodSeconds", "m"."CatalogRevision", "m"."LastAttemptAt", "m"."LastCompleteConfirmationAt", "m"."LastFailureReason", "m"."State", "m"."UpdatedAt"
FROM "MapStationCatalogStates" AS "m"
WHERE "m"."MapId" = @__mapId_0
LIMIT 2
[21:02:30 INF] Executed DbCommand (0ms) [Parameters=[@p3='?' (DbType = Int32), @p0='?' (DbType = DateTimeOffset), @p1='?' (DbType = DateTimeOffset), @p2='?' (DbType = DateTimeOffset)], CommandType='Text', CommandTimeout='30']
UPDATE "MapStationCatalogStates" SET "LastAttemptAt" = @p0, "LastCompleteConfirmationAt" = @p1, "UpdatedAt" = @p2
WHERE "MapId" = @p3
RETURNING 1;
[21:02:30 INF] Executed DbCommand (0ms) [Parameters=[@__mapId_0='?' (DbType = Int32)], CommandType='Text', CommandTimeout='30']
SELECT "t"."MapId", "t"."ActiveVersion", "t"."PendingVersion", "t"."State", "t"."UpdatedAt"
FROM "TaskTypeStationActiveBindingSets" AS "t"
WHERE "t"."MapId" = @__mapId_0
LIMIT 2
[21:02:30 INF] Executed DbCommand (0ms) [Parameters=[@__mapId_0='?' (DbType = Int32), @__version_1='?' (DbType = Int64)], CommandType='Text', CommandTimeout='30']
SELECT "t"."MapId", "t"."Version", "t"."CatalogRevision", "t"."ContentSha256", "t"."LoadedAt", "t"."RuleVersion", "t"."SnapshotId", "t"."Source"
FROM "TaskTypeStationBindingSetVersions" AS "t"
WHERE "t"."MapId" = @__mapId_0 AND "t"."Version" = @__version_1
LIMIT 2
[21:02:30 INF] Executed DbCommand (0ms) [Parameters=[@__mapId_0='?' (DbType = Int32), @__version_1='?' (DbType = Int64)], CommandType='Text', CommandTimeout='30']
SELECT "t"."TaskType"
FROM "TaskTypeStationRequirements" AS "t"
WHERE "t"."MapId" = @__mapId_0 AND "t"."Version" = @__version_1
[21:02:30 INF] Executed DbCommand (0ms) [Parameters=[@__mapId_0='?' (DbType = Int32), @__version_1='?' (DbType = Int64)], CommandType='Text', CommandTimeout='30']
SELECT "t"."MapId", "t"."Version", "t"."TaskType", "t"."SiteVerificationRef", "t"."StationName", "t"."StationRiotId"
FROM "TaskTypeStationBindings" AS "t"
WHERE "t"."MapId" = @__mapId_0 AND "t"."Version" = @__version_1
[21:02:30 INF] Executed DbCommand (0ms) [Parameters=[@__mapId_0='?' (DbType = Int32)], CommandType='Text', CommandTimeout='30']
SELECT "t"."MapId", "t"."ActiveVersion", "t"."PendingVersion", "t"."State", "t"."UpdatedAt"
FROM "TaskTypeStationActiveBindingSets" AS "t"
WHERE "t"."MapId" = @__mapId_0
LIMIT 2
[21:02:30 INF] Executed DbCommand (0ms) [Parameters=[@__mapId_0='?' (DbType = Int32), @__version_1='?' (DbType = Int64)], CommandType='Text', CommandTimeout='30']
SELECT "t"."MapId", "t"."Version", "t"."CatalogRevision", "t"."ContentSha256", "t"."LoadedAt", "t"."RuleVersion", "t"."SnapshotId", "t"."Source"
FROM "TaskTypeStationBindingSetVersions" AS "t"
WHERE "t"."MapId" = @__mapId_0 AND "t"."Version" = @__version_1
LIMIT 2
[21:02:30 INF] Executed DbCommand (0ms) [Parameters=[@__mapId_0='?' (DbType = Int32), @__version_1='?' (DbType = Int64)], CommandType='Text', CommandTimeout='30']
SELECT "t"."TaskType"
FROM "TaskTypeStationRequirements" AS "t"
WHERE "t"."MapId" = @__mapId_0 AND "t"."Version" = @__version_1
[21:02:30 INF] Executed DbCommand (0ms) [Parameters=[@__mapId_0='?' (DbType = Int32), @__version_1='?' (DbType = Int64)], CommandType='Text', CommandTimeout='30']
SELECT "t"."MapId", "t"."Version", "t"."TaskType", "t"."SiteVerificationRef", "t"."StationName", "t"."StationRiotId"
FROM "TaskTypeStationBindings" AS "t"
WHERE "t"."MapId" = @__mapId_0 AND "t"."Version" = @__version_1
[21:02:30 INF] Executed DbCommand (0ms) [Parameters=[@__version_0='?' (DbType = Int64)], CommandType='Text', CommandTimeout='30']
SELECT "t"."Version", "t"."ContentSha256", "t"."LoadedAt", "t"."SnapshotId", "t"."Source"
FROM "TaskTypeStationRuleVersions" AS "t"
WHERE "t"."Version" = @__version_0
LIMIT 2
[21:02:30 INF] Executed DbCommand (0ms) [Parameters=[@__version_0='?' (DbType = Int64)], CommandType='Text', CommandTimeout='30']
SELECT "t"."Version", "t"."TaskType", "t"."FixedEnd"
FROM "TaskTypeStationRules" AS "t"
WHERE "t"."Version" = @__version_0
[21:02:30 INF] Executed DbCommand (0ms) [Parameters=[], CommandType='Text', CommandTimeout='30']
SELECT "a"."Id", "a"."ContentHash", "a"."DeploymentId", "a"."ImportedAt", "a"."Version"
FROM "AdmissionPolicyState" AS "a"
WHERE "a"."Id" = 1
LIMIT 2
[21:02:30 INF] Executed DbCommand (0ms) [Parameters=[], CommandType='Text', CommandTimeout='30']
SELECT "j"."DemandId", "j"."AgvId", "j"."AgvLifecycleGeneration", "j"."BlockReasonCode", "j"."BlockReasonSince", "j"."ConsumedSafetyResultMessageId", "j"."ConsumedSublotMessageId", "j"."CreatedAt", "j"."DispatchGeneration", "j"."DispatchZone", "j"."ExpectedBasketCount", "j"."GateMovementLegId", "j"."GatePlanMessageId", "j"."GateStationId", "j"."GateStationRiotId", "j"."GateUpperId", "j"."GateVehicleBusinessMessageId", "j"."GateWorklistMessageId", "j"."LoadCommandMessageId", "j"."LoadSlotOperationAttemptId", "j"."MapId", "j"."MapIdentity", "j"."OperationSessionId", "j"."PickupMovementLegId", "j"."PickupStationId", "j"."PickupStationRiotId", "j"."PickupUpperId", "j"."PlanMessageId", "j"."PlanRevision", "j"."PreDepartureSafetyCheckId", "j"."PreDepartureSafetyCheckMessageId", "j"."RouteEvidenceId", "j"."Stage", "j"."StationDepartureWaitStartedAt", "j"."SublotRequestMessageId", "j"."TargetSlotsJson", "j"."UnloadCommandMessageId", "j"."UnloadSlotOperationAttemptId", "j"."UpdatedAt", "j"."VehicleBusinessMessageId", "j"."VehicleBusinessRevision", "j"."VehicleKey", "j"."WorklistMessageId", "j"."WorklistRevision"
FROM "JourneyRuntimes" AS "j"
WHERE "j"."Stage" <> 'Completed'
[21:02:30 INF] Executed DbCommand (0ms) [Parameters=[@__agvId_0='?' (Size = 10)], CommandType='Text', CommandTimeout='30']
SELECT "s"."AgvId", "s"."ActiveUnlockSlotsJson", "s"."CapabilityHash", "s"."CapabilityRevision", "s"."DepartureSafe", "s"."ForcedRecoveryGeneration", "s"."ManifestSha256", "s"."PendingAttemptIdsJson", "s"."PendingResultIdsJson", "s"."ProfileId", "s"."ProtocolCommit", "s"."ProtocolVersion", "s"."ProvenRecoveryCheckpoint", "s"."Readiness", "s"."ReasonCode", "s"."RecoveryReportId", "s"."ReportedForcedRecoveryGeneration", "s"."ReportedSlotConfigurationFingerprint", "s"."SafetyHash", "s"."SafetyReasonCodesJson", "s"."SafetyRevision", "s"."SafetyUnknownPresent", "s"."SessionGeneration", "s"."UnsettledSlotOperationAttemptId", "s"."UpdatedAt"
FROM "SessionRecoveries" AS "s"
WHERE "s"."AgvId" = @__agvId_0 AND "s"."Readiness" = 'Ready'
LIMIT 2
[21:02:30 INF] Executed DbCommand (0ms) [Parameters=[], CommandType='Text', CommandTimeout='30']
SELECT "p"."MessageId", "p"."AcknowledgedAt", "p"."CreatedAt", "p"."FencedAt", "p"."MessageType", "p"."PayloadJson"
FROM "ProtocolOutbox" AS "p"
WHERE "p"."AcknowledgedAt" IS NULL AND "p"."FencedAt" IS NULL
[21:02:30 INF] Executed DbCommand (0ms) [Parameters=[@__runtime_DemandId_0='?' (Size = 36)], CommandType='Text', CommandTimeout='30']
SELECT "r"."WorkflowId", "r"."AgvId", "r"."CommandContentHash", "r"."CommandMessageId", "r"."CommandMessageType", "r"."CreatedAt", "r"."DemandId", "r"."ExceptionRecoverySessionId", "r"."ForcedRecoveryGeneration", "r"."HandoffId", "r"."Outcome", "r"."RequestContentHash", "r"."RequestMessageId", "r"."ResultContentHash", "r"."ResultMessageId", "r"."SlotOperationAttemptId", "r"."SlotsJson", "r"."State", "r"."UpdatedAt", "r"."WorkflowType"
FROM "RecoveryWorkflows" AS "r"
WHERE "r"."DemandId" = @__runtime_DemandId_0 AND "r"."WorkflowType" = 'LOAD_CORRECTION'
[21:02:30 INF] Start processing HTTP request GET http://127.0.0.1:48408/api/task/v1/task/getVehicleInfo/BROKERX-L2-0001
[21:02:30 INF] Sending HTTP request GET http://127.0.0.1:48408/api/task/v1/task/getVehicleInfo/BROKERX-L2-0001
[21:02:30 INF] Received HTTP response headers after 0.4631ms - 200
[21:02:30 INF] End processing HTTP request after 1.757ms - 200
[21:02:30 INF] Start processing HTTP request GET http://127.0.0.1:48408/api/order/v1/orderRecord?pageNum=1&pageSize=100&filterByState=1&filterByState=3&filterByState=7&filterByState=9
[21:02:30 INF] Sending HTTP request GET http://127.0.0.1:48408/api/order/v1/orderRecord?pageNum=1&pageSize=100&filterByState=1&filterByState=3&filterByState=7&filterByState=9
[21:02:30 INF] Received HTTP response headers after 0.464ms - 200
[21:02:30 INF] End processing HTTP request after 1.3164ms - 200
[21:02:30 INF] HTTP GET /api/onboard/v1/vehicle-safety responded 200 in 4.5716 ms
[21:02:31 INF] Start processing HTTP request GET http://127.0.0.1:48408/api/imap/v1/mapInfo/stations/25
[21:02:31 INF] Sending HTTP request GET http://127.0.0.1:48408/api/imap/v1/mapInfo/stations/25
[21:02:31 INF] Received HTTP response headers after 0.6033ms - 200
[21:02:31 INF] End processing HTTP request after 4.0272ms - 200
[21:02:31 INF] Executed DbCommand (0ms) [Parameters=[@__mapId_0='?' (DbType = Int32)], CommandType='Text', CommandTimeout='30']
SELECT "t"."MapId", "t"."ActiveVersion", "t"."PendingVersion", "t"."State", "t"."UpdatedAt"
FROM "TaskTypeStationActiveBindingSets" AS "t"
WHERE "t"."MapId" = @__mapId_0
LIMIT 2
[21:02:31 INF] Executed DbCommand (0ms) [Parameters=[@__mapId_0='?' (DbType = Int32), @__version_1='?' (DbType = Int64)], CommandType='Text', CommandTimeout='30']
SELECT "t"."MapId", "t"."Version", "t"."CatalogRevision", "t"."ContentSha256", "t"."LoadedAt", "t"."RuleVersion", "t"."SnapshotId", "t"."Source"
FROM "TaskTypeStationBindingSetVersions" AS "t"
WHERE "t"."MapId" = @__mapId_0 AND "t"."Version" = @__version_1
LIMIT 2
[21:02:31 INF] Executed DbCommand (0ms) [Parameters=[@__mapId_0='?' (DbType = Int32), @__version_1='?' (DbType = Int64)], CommandType='Text', CommandTimeout='30']
SELECT "t"."TaskType"
FROM "TaskTypeStationRequirements" AS "t"
WHERE "t"."MapId" = @__mapId_0 AND "t"."Version" = @__version_1
[21:02:31 INF] Executed DbCommand (0ms) [Parameters=[@__mapId_0='?' (DbType = Int32), @__version_1='?' (DbType = Int64)], CommandType='Text', CommandTimeout='30']
SELECT "t"."MapId", "t"."Version", "t"."TaskType", "t"."SiteVerificationRef", "t"."StationName", "t"."StationRiotId"
FROM "TaskTypeStationBindings" AS "t"
WHERE "t"."MapId" = @__mapId_0 AND "t"."Version" = @__version_1
[21:02:31 INF] Executed DbCommand (0ms) [Parameters=[@__version_0='?' (DbType = Int64)], CommandType='Text', CommandTimeout='30']
SELECT "t"."Version", "t"."ContentSha256", "t"."LoadedAt", "t"."SnapshotId", "t"."Source"
FROM "TaskTypeStationRuleVersions" AS "t"
WHERE "t"."Version" = @__version_0
LIMIT 2
[21:02:31 INF] Executed DbCommand (0ms) [Parameters=[@__version_0='?' (DbType = Int64)], CommandType='Text', CommandTimeout='30']
SELECT "t"."Version", "t"."TaskType", "t"."FixedEnd"
FROM "TaskTypeStationRules" AS "t"
WHERE "t"."Version" = @__version_0
[21:02:31 INF] Executed DbCommand (0ms) [Parameters=[@__mapId_0='?' (DbType = Int32)], CommandType='Text', CommandTimeout='30']
SELECT "t"."MapId", "t"."ActiveVersion", "t"."PendingVersion", "t"."State", "t"."UpdatedAt"
FROM "TaskTypeStationActiveBindingSets" AS "t"
WHERE "t"."MapId" = @__mapId_0
LIMIT 2
[21:02:31 INF] Executed DbCommand (0ms) [Parameters=[@__mapId_0='?' (DbType = Int32)], CommandType='Text', CommandTimeout='30']
SELECT "t"."HoldId", "t"."DetailJson", "t"."MapId", "t"."RaisedAt", "t"."RaisedBy", "t"."ReasonCode", "t"."ReleasedAt", "t"."ReleasedBy", "t"."Source", "t"."TaskType"
FROM "TaskTypeStationHolds" AS "t"
WHERE "t"."MapId" = @__mapId_0 AND "t"."ReleasedAt" IS NULL
[21:02:31 INF] Executed DbCommand (0ms) [Parameters=[@__mapId_0='?' (DbType = Int32)], CommandType='Text', CommandTimeout='30']
SELECT "m"."MapId", "m"."ApprovedMaxUnconfirmedSeconds", "m"."ApprovedSyncPeriodSeconds", "m"."CatalogRevision", "m"."LastAttemptAt", "m"."LastCompleteConfirmationAt", "m"."LastFailureReason", "m"."State", "m"."UpdatedAt"
FROM "MapStationCatalogStates" AS "m"
WHERE "m"."MapId" = @__mapId_0
LIMIT 2
[21:02:31 INF] Executed DbCommand (0ms) [Parameters=[@p3='?' (DbType = Int32), @p0='?' (DbType = DateTimeOffset), @p1='?' (DbType = DateTimeOffset), @p2='?' (DbType = DateTimeOffset)], CommandType='Text', CommandTimeout='30']
UPDATE "MapStationCatalogStates" SET "LastAttemptAt" = @p0, "LastCompleteConfirmationAt" = @p1, "UpdatedAt" = @p2
WHERE "MapId" = @p3
RETURNING 1;
[21:02:31 INF] Executed DbCommand (0ms) [Parameters=[@__mapId_0='?' (DbType = Int32)], CommandType='Text', CommandTimeout='30']
SELECT "t"."MapId", "t"."ActiveVersion", "t"."PendingVersion", "t"."State", "t"."UpdatedAt"
FROM "TaskTypeStationActiveBindingSets" AS "t"
WHERE "t"."MapId" = @__mapId_0
LIMIT 2
[21:02:31 INF] Executed DbCommand (0ms) [Parameters=[@__mapId_0='?' (DbType = Int32), @__version_1='?' (DbType = Int64)], CommandType='Text', CommandTimeout='30']
SELECT "t"."MapId", "t"."Version", "t"."CatalogRevision", "t"."ContentSha256", "t"."LoadedAt", "t"."RuleVersion", "t"."SnapshotId", "t"."Source"
FROM "TaskTypeStationBindingSetVersions" AS "t"
WHERE "t"."MapId" = @__mapId_0 AND "t"."Version" = @__version_1
LIMIT 2
[21:02:31 INF] Executed DbCommand (0ms) [Parameters=[@__mapId_0='?' (DbType = Int32), @__version_1='?' (DbType = Int64)], CommandType='Text', CommandTimeout='30']
SELECT "t"."TaskType"
FROM "TaskTypeStationRequirements" AS "t"
WHERE "t"."MapId" = @__mapId_0 AND "t"."Version" = @__version_1
[21:02:31 INF] Executed DbCommand (0ms) [Parameters=[@__mapId_0='?' (DbType = Int32), @__version_1='?' (DbType = Int64)], CommandType='Text', CommandTimeout='30']
SELECT "t"."MapId", "t"."Version", "t"."TaskType", "t"."SiteVerificationRef", "t"."StationName", "t"."StationRiotId"
FROM "TaskTypeStationBindings" AS "t"
WHERE "t"."MapId" = @__mapId_0 AND "t"."Version" = @__version_1
[21:02:31 INF] Executed DbCommand (0ms) [Parameters=[@__mapId_0='?' (DbType = Int32)], CommandType='Text', CommandTimeout='30']
SELECT "t"."MapId", "t"."ActiveVersion", "t"."PendingVersion", "t"."State", "t"."UpdatedAt"
FROM "TaskTypeStationActiveBindingSets" AS "t"
WHERE "t"."MapId" = @__mapId_0
LIMIT 2
[21:02:31 INF] Executed DbCommand (0ms) [Parameters=[@__mapId_0='?' (DbType = Int32), @__version_1='?' (DbType = Int64)], CommandType='Text', CommandTimeout='30']
SELECT "t"."MapId", "t"."Version", "t"."CatalogRevision", "t"."ContentSha256", "t"."LoadedAt", "t"."RuleVersion", "t"."SnapshotId", "t"."Source"
FROM "TaskTypeStationBindingSetVersions" AS "t"
WHERE "t"."MapId" = @__mapId_0 AND "t"."Version" = @__version_1
LIMIT 2
[21:02:31 INF] Executed DbCommand (0ms) [Parameters=[@__mapId_0='?' (DbType = Int32), @__version_1='?' (DbType = Int64)], CommandType='Text', CommandTimeout='30']
SELECT "t"."TaskType"
FROM "TaskTypeStationRequirements" AS "t"
WHERE "t"."MapId" = @__mapId_0 AND "t"."Version" = @__version_1
[21:02:31 INF] Executed DbCommand (0ms) [Parameters=[@__mapId_0='?' (DbType = Int32), @__version_1='?' (DbType = Int64)], CommandType='Text', CommandTimeout='30']
SELECT "t"."MapId", "t"."Version", "t"."TaskType", "t"."SiteVerificationRef", "t"."StationName", "t"."StationRiotId"
FROM "TaskTypeStationBindings" AS "t"
WHERE "t"."MapId" = @__mapId_0 AND "t"."Version" = @__version_1
[21:02:31 INF] Executed DbCommand (0ms) [Parameters=[@__version_0='?' (DbType = Int64)], CommandType='Text', CommandTimeout='30']
SELECT "t"."Version", "t"."ContentSha256", "t"."LoadedAt", "t"."SnapshotId", "t"."Source"
FROM "TaskTypeStationRuleVersions" AS "t"
WHERE "t"."Version" = @__version_0
LIMIT 2
[21:02:31 INF] Executed DbCommand (0ms) [Parameters=[@__version_0='?' (DbType = Int64)], CommandType='Text', CommandTimeout='30']
SELECT "t"."Version", "t"."TaskType", "t"."FixedEnd"
FROM "TaskTypeStationRules" AS "t"
WHERE "t"."Version" = @__version_0
[21:02:31 INF] Executed DbCommand (0ms) [Parameters=[], CommandType='Text', CommandTimeout='30']
SELECT "a"."Id", "a"."ContentHash", "a"."DeploymentId", "a"."ImportedAt", "a"."Version"
FROM "AdmissionPolicyState" AS "a"
WHERE "a"."Id" = 1
LIMIT 2
[21:02:31 INF] Executed DbCommand (0ms) [Parameters=[], CommandType='Text', CommandTimeout='30']
SELECT "j"."DemandId", "j"."AgvId", "j"."AgvLifecycleGeneration", "j"."BlockReasonCode", "j"."BlockReasonSince", "j"."ConsumedSafetyResultMessageId", "j"."ConsumedSublotMessageId", "j"."CreatedAt", "j"."DispatchGeneration", "j"."DispatchZone", "j"."ExpectedBasketCount", "j"."GateMovementLegId", "j"."GatePlanMessageId", "j"."GateStationId", "j"."GateStationRiotId", "j"."GateUpperId", "j"."GateVehicleBusinessMessageId", "j"."GateWorklistMessageId", "j"."LoadCommandMessageId", "j"."LoadSlotOperationAttemptId", "j"."MapId", "j"."MapIdentity", "j"."OperationSessionId", "j"."PickupMovementLegId", "j"."PickupStationId", "j"."PickupStationRiotId", "j"."PickupUpperId", "j"."PlanMessageId", "j"."PlanRevision", "j"."PreDepartureSafetyCheckId", "j"."PreDepartureSafetyCheckMessageId", "j"."RouteEvidenceId", "j"."Stage", "j"."StationDepartureWaitStartedAt", "j"."SublotRequestMessageId", "j"."TargetSlotsJson", "j"."UnloadCommandMessageId", "j"."UnloadSlotOperationAttemptId", "j"."UpdatedAt", "j"."VehicleBusinessMessageId", "j"."VehicleBusinessRevision", "j"."VehicleKey", "j"."WorklistMessageId", "j"."WorklistRevision"
FROM "JourneyRuntimes" AS "j"
WHERE "j"."Stage" <> 'Completed'
[21:02:31 INF] Executed DbCommand (0ms) [Parameters=[@__agvId_0='?' (Size = 10)], CommandType='Text', CommandTimeout='30']
SELECT "s"."AgvId", "s"."ActiveUnlockSlotsJson", "s"."CapabilityHash", "s"."CapabilityRevision", "s"."DepartureSafe", "s"."ForcedRecoveryGeneration", "s"."ManifestSha256", "s"."PendingAttemptIdsJson", "s"."PendingResultIdsJson", "s"."ProfileId", "s"."ProtocolCommit", "s"."ProtocolVersion", "s"."ProvenRecoveryCheckpoint", "s"."Readiness", "s"."ReasonCode", "s"."RecoveryReportId", "s"."ReportedForcedRecoveryGeneration", "s"."ReportedSlotConfigurationFingerprint", "s"."SafetyHash", "s"."SafetyReasonCodesJson", "s"."SafetyRevision", "s"."SafetyUnknownPresent", "s"."SessionGeneration", "s"."UnsettledSlotOperationAttemptId", "s"."UpdatedAt"
FROM "SessionRecoveries" AS "s"
WHERE "s"."AgvId" = @__agvId_0 AND "s"."Readiness" = 'Ready'
LIMIT 2
[21:02:31 INF] Executed DbCommand (0ms) [Parameters=[], CommandType='Text', CommandTimeout='30']
SELECT "p"."MessageId", "p"."AcknowledgedAt", "p"."CreatedAt", "p"."FencedAt", "p"."MessageType", "p"."PayloadJson"
FROM "ProtocolOutbox" AS "p"
WHERE "p"."AcknowledgedAt" IS NULL AND "p"."FencedAt" IS NULL
[21:02:31 INF] Executed DbCommand (0ms) [Parameters=[@__runtime_DemandId_0='?' (Size = 36)], CommandType='Text', CommandTimeout='30']
SELECT "r"."WorkflowId", "r"."AgvId", "r"."CommandContentHash", "r"."CommandMessageId", "r"."CommandMessageType", "r"."CreatedAt", "r"."DemandId", "r"."ExceptionRecoverySessionId", "r"."ForcedRecoveryGeneration", "r"."HandoffId", "r"."Outcome", "r"."RequestContentHash", "r"."RequestMessageId", "r"."ResultContentHash", "r"."ResultMessageId", "r"."SlotOperationAttemptId", "r"."SlotsJson", "r"."State", "r"."UpdatedAt", "r"."WorkflowType"
FROM "RecoveryWorkflows" AS "r"
WHERE "r"."DemandId" = @__runtime_DemandId_0 AND "r"."WorkflowType" = 'LOAD_CORRECTION'
[21:02:31 INF] Executed DbCommand (0ms) [Parameters=[@__messageId_0='?' (Size = 36)], CommandType='Text', CommandTimeout='30']
SELECT "p"."MessageId", "p"."ContentHash", "p"."FirstResponseJson", "p"."MessageType", "p"."ReceivedAt", "p"."RequestJson"
FROM "ProtocolInbox" AS "p"
WHERE "p"."MessageId" = @__messageId_0
LIMIT 2
[21:02:31 INF] Executed DbCommand (0ms) [Parameters=[@p0='?' (Size = 36), @p1='?' (Size = 64), @p2='?' (Size = 536), @p3='?' (Size = 9), @p4='?' (DbType = DateTimeOffset), @p5='?' (Size = 426)], CommandType='Text', CommandTimeout='30']
INSERT INTO "ProtocolInbox" ("MessageId", "ContentHash", "FirstResponseJson", "MessageType", "ReceivedAt", "RequestJson")
VALUES (@p0, @p1, @p2, @p3, @p4, @p5);
[21:02:31 INF] Start processing HTTP request GET http://127.0.0.1:48408/api/task/v1/task/getVehicleInfo/BROKERX-L2-0001
[21:02:31 INF] Sending HTTP request GET http://127.0.0.1:48408/api/task/v1/task/getVehicleInfo/BROKERX-L2-0001
[21:02:31 INF] Received HTTP response headers after 0.6868ms - 200
[21:02:31 INF] End processing HTTP request after 1.9306ms - 200
[21:02:31 INF] Start processing HTTP request GET http://127.0.0.1:48408/api/order/v1/orderRecord?pageNum=1&pageSize=100&filterByState=1&filterByState=3&filterByState=7&filterByState=9
[21:02:31 INF] Sending HTTP request GET http://127.0.0.1:48408/api/order/v1/orderRecord?pageNum=1&pageSize=100&filterByState=1&filterByState=3&filterByState=7&filterByState=9
[21:02:31 INF] Received HTTP response headers after 0.4947ms - 200
[21:02:31 INF] End processing HTTP request after 1.1404ms - 200
[21:02:31 INF] HTTP GET /api/onboard/v1/vehicle-safety responded 200 in 4.2859 ms
[21:02:32 INF] Start processing HTTP request GET http://127.0.0.1:48408/api/imap/v1/mapInfo/stations/25
[21:02:32 INF] Sending HTTP request GET http://127.0.0.1:48408/api/imap/v1/mapInfo/stations/25
[21:02:32 INF] Received HTTP response headers after 0.5154ms - 200
[21:02:32 INF] End processing HTTP request after 3.7823ms - 200
[21:02:32 INF] Executed DbCommand (0ms) [Parameters=[@__mapId_0='?' (DbType = Int32)], CommandType='Text', CommandTimeout='30']
SELECT "t"."MapId", "t"."ActiveVersion", "t"."PendingVersion", "t"."State", "t"."UpdatedAt"
FROM "TaskTypeStationActiveBindingSets" AS "t"
WHERE "t"."MapId" = @__mapId_0
LIMIT 2
[21:02:32 INF] Executed DbCommand (0ms) [Parameters=[@__mapId_0='?' (DbType = Int32), @__version_1='?' (DbType = Int64)], CommandType='Text', CommandTimeout='30']
SELECT "t"."MapId", "t"."Version", "t"."CatalogRevision", "t"."ContentSha256", "t"."LoadedAt", "t"."RuleVersion", "t"."SnapshotId", "t"."Source"
FROM "TaskTypeStationBindingSetVersions" AS "t"
WHERE "t"."MapId" = @__mapId_0 AND "t"."Version" = @__version_1
LIMIT 2
[21:02:32 INF] Executed DbCommand (0ms) [Parameters=[@__mapId_0='?' (DbType = Int32), @__version_1='?' (DbType = Int64)], CommandType='Text', CommandTimeout='30']
SELECT "t"."TaskType"
FROM "TaskTypeStationRequirements" AS "t"
WHERE "t"."MapId" = @__mapId_0 AND "t"."Version" = @__version_1
[21:02:32 INF] Executed DbCommand (0ms) [Parameters=[@__mapId_0='?' (DbType = Int32), @__version_1='?' (DbType = Int64)], CommandType='Text', CommandTimeout='30']
SELECT "t"."MapId", "t"."Version", "t"."TaskType", "t"."SiteVerificationRef", "t"."StationName", "t"."StationRiotId"
FROM "TaskTypeStationBindings" AS "t"
WHERE "t"."MapId" = @__mapId_0 AND "t"."Version" = @__version_1
[21:02:32 INF] Executed DbCommand (0ms) [Parameters=[@__version_0='?' (DbType = Int64)], CommandType='Text', CommandTimeout='30']
SELECT "t"."Version", "t"."ContentSha256", "t"."LoadedAt", "t"."SnapshotId", "t"."Source"
FROM "TaskTypeStationRuleVersions" AS "t"
WHERE "t"."Version" = @__version_0
LIMIT 2
[21:02:32 INF] Executed DbCommand (0ms) [Parameters=[@__version_0='?' (DbType = Int64)], CommandType='Text', CommandTimeout='30']
SELECT "t"."Version", "t"."TaskType", "t"."FixedEnd"
FROM "TaskTypeStationRules" AS "t"
WHERE "t"."Version" = @__version_0
[21:02:32 INF] Executed DbCommand (0ms) [Parameters=[@__mapId_0='?' (DbType = Int32)], CommandType='Text', CommandTimeout='30']
SELECT "t"."MapId", "t"."ActiveVersion", "t"."PendingVersion", "t"."State", "t"."UpdatedAt"
FROM "TaskTypeStationActiveBindingSets" AS "t"
WHERE "t"."MapId" = @__mapId_0
LIMIT 2
[21:02:32 INF] Executed DbCommand (0ms) [Parameters=[@__mapId_0='?' (DbType = Int32)], CommandType='Text', CommandTimeout='30']
SELECT "t"."HoldId", "t"."DetailJson", "t"."MapId", "t"."RaisedAt", "t"."RaisedBy", "t"."ReasonCode", "t"."ReleasedAt", "t"."ReleasedBy", "t"."Source", "t"."TaskType"
FROM "TaskTypeStationHolds" AS "t"
WHERE "t"."MapId" = @__mapId_0 AND "t"."ReleasedAt" IS NULL
[21:02:32 INF] Executed DbCommand (0ms) [Parameters=[@__mapId_0='?' (DbType = Int32)], CommandType='Text', CommandTimeout='30']
SELECT "m"."MapId", "m"."ApprovedMaxUnconfirmedSeconds", "m"."ApprovedSyncPeriodSeconds", "m"."CatalogRevision", "m"."LastAttemptAt", "m"."LastCompleteConfirmationAt", "m"."LastFailureReason", "m"."State", "m"."UpdatedAt"
FROM "MapStationCatalogStates" AS "m"
WHERE "m"."MapId" = @__mapId_0
LIMIT 2
[21:02:32 INF] Executed DbCommand (0ms) [Parameters=[@p3='?' (DbType = Int32), @p0='?' (DbType = DateTimeOffset), @p1='?' (DbType = DateTimeOffset), @p2='?' (DbType = DateTimeOffset)], CommandType='Text', CommandTimeout='30']
UPDATE "MapStationCatalogStates" SET "LastAttemptAt" = @p0, "LastCompleteConfirmationAt" = @p1, "UpdatedAt" = @p2
WHERE "MapId" = @p3
RETURNING 1;
[21:02:32 INF] Executed DbCommand (0ms) [Parameters=[@__mapId_0='?' (DbType = Int32)], CommandType='Text', CommandTimeout='30']
SELECT "t"."MapId", "t"."ActiveVersion", "t"."PendingVersion", "t"."State", "t"."UpdatedAt"
FROM "TaskTypeStationActiveBindingSets" AS "t"
WHERE "t"."MapId" = @__mapId_0
LIMIT 2
[21:02:32 INF] Executed DbCommand (0ms) [Parameters=[@__mapId_0='?' (DbType = Int32), @__version_1='?' (DbType = Int64)], CommandType='Text', CommandTimeout='30']
SELECT "t"."MapId", "t"."Version", "t"."CatalogRevision", "t"."ContentSha256", "t"."LoadedAt", "t"."RuleVersion", "t"."SnapshotId", "t"."Source"
FROM "TaskTypeStationBindingSetVersions" AS "t"
WHERE "t"."MapId" = @__mapId_0 AND "t"."Version" = @__version_1
LIMIT 2
[21:02:32 INF] Executed DbCommand (0ms) [Parameters=[@__mapId_0='?' (DbType = Int32), @__version_1='?' (DbType = Int64)], CommandType='Text', CommandTimeout='30']
SELECT "t"."TaskType"
FROM "TaskTypeStationRequirements" AS "t"
WHERE "t"."MapId" = @__mapId_0 AND "t"."Version" = @__version_1
[21:02:32 INF] Executed DbCommand (0ms) [Parameters=[@__mapId_0='?' (DbType = Int32), @__version_1='?' (DbType = Int64)], CommandType='Text', CommandTimeout='30']
SELECT "t"."MapId", "t"."Version", "t"."TaskType", "t"."SiteVerificationRef", "t"."StationName", "t"."StationRiotId"
FROM "TaskTypeStationBindings" AS "t"
WHERE "t"."MapId" = @__mapId_0 AND "t"."Version" = @__version_1
[21:02:32 INF] Executed DbCommand (0ms) [Parameters=[@__mapId_0='?' (DbType = Int32)], CommandType='Text', CommandTimeout='30']
SELECT "t"."MapId", "t"."ActiveVersion", "t"."PendingVersion", "t"."State", "t"."UpdatedAt"
FROM "TaskTypeStationActiveBindingSets" AS "t"
WHERE "t"."MapId" = @__mapId_0
LIMIT 2
[21:02:32 INF] Executed DbCommand (0ms) [Parameters=[@__mapId_0='?' (DbType = Int32), @__version_1='?' (DbType = Int64)], CommandType='Text', CommandTimeout='30']
SELECT "t"."MapId", "t"."Version", "t"."CatalogRevision", "t"."ContentSha256", "t"."LoadedAt", "t"."RuleVersion", "t"."SnapshotId", "t"."Source"
FROM "TaskTypeStationBindingSetVersions" AS "t"
WHERE "t"."MapId" = @__mapId_0 AND "t"."Version" = @__version_1
LIMIT 2
[21:02:32 INF] Executed DbCommand (0ms) [Parameters=[@__mapId_0='?' (DbType = Int32), @__version_1='?' (DbType = Int64)], CommandType='Text', CommandTimeout='30']
SELECT "t"."TaskType"
FROM "TaskTypeStationRequirements" AS "t"
WHERE "t"."MapId" = @__mapId_0 AND "t"."Version" = @__version_1
[21:02:32 INF] Executed DbCommand (0ms) [Parameters=[@__mapId_0='?' (DbType = Int32), @__version_1='?' (DbType = Int64)], CommandType='Text', CommandTimeout='30']
SELECT "t"."MapId", "t"."Version", "t"."TaskType", "t"."SiteVerificationRef", "t"."StationName", "t"."StationRiotId"
FROM "TaskTypeStationBindings" AS "t"
WHERE "t"."MapId" = @__mapId_0 AND "t"."Version" = @__version_1
[21:02:32 INF] Executed DbCommand (0ms) [Parameters=[@__version_0='?' (DbType = Int64)], CommandType='Text', CommandTimeout='30']
SELECT "t"."Version", "t"."ContentSha256", "t"."LoadedAt", "t"."SnapshotId", "t"."Source"
FROM "TaskTypeStationRuleVersions" AS "t"
WHERE "t"."Version" = @__version_0
LIMIT 2
[21:02:32 INF] Executed DbCommand (0ms) [Parameters=[@__version_0='?' (DbType = Int64)], CommandType='Text', CommandTimeout='30']
SELECT "t"."Version", "t"."TaskType", "t"."FixedEnd"
FROM "TaskTypeStationRules" AS "t"
WHERE "t"."Version" = @__version_0
[21:02:32 INF] Executed DbCommand (0ms) [Parameters=[], CommandType='Text', CommandTimeout='30']
SELECT "a"."Id", "a"."ContentHash", "a"."DeploymentId", "a"."ImportedAt", "a"."Version"
FROM "AdmissionPolicyState" AS "a"
WHERE "a"."Id" = 1
LIMIT 2
[21:02:32 INF] Executed DbCommand (0ms) [Parameters=[], CommandType='Text', CommandTimeout='30']
SELECT "j"."DemandId", "j"."AgvId", "j"."AgvLifecycleGeneration", "j"."BlockReasonCode", "j"."BlockReasonSince", "j"."ConsumedSafetyResultMessageId", "j"."ConsumedSublotMessageId", "j"."CreatedAt", "j"."DispatchGeneration", "j"."DispatchZone", "j"."ExpectedBasketCount", "j"."GateMovementLegId", "j"."GatePlanMessageId", "j"."GateStationId", "j"."GateStationRiotId", "j"."GateUpperId", "j"."GateVehicleBusinessMessageId", "j"."GateWorklistMessageId", "j"."LoadCommandMessageId", "j"."LoadSlotOperationAttemptId", "j"."MapId", "j"."MapIdentity", "j"."OperationSessionId", "j"."PickupMovementLegId", "j"."PickupStationId", "j"."PickupStationRiotId", "j"."PickupUpperId", "j"."PlanMessageId", "j"."PlanRevision", "j"."PreDepartureSafetyCheckId", "j"."PreDepartureSafetyCheckMessageId", "j"."RouteEvidenceId", "j"."Stage", "j"."StationDepartureWaitStartedAt", "j"."SublotRequestMessageId", "j"."TargetSlotsJson", "j"."UnloadCommandMessageId", "j"."UnloadSlotOperationAttemptId", "j"."UpdatedAt", "j"."VehicleBusinessMessageId", "j"."VehicleBusinessRevision", "j"."VehicleKey", "j"."WorklistMessageId", "j"."WorklistRevision"
FROM "JourneyRuntimes" AS "j"
WHERE "j"."Stage" <> 'Completed'
[21:02:32 INF] Executed DbCommand (0ms) [Parameters=[@__agvId_0='?' (Size = 10)], CommandType='Text', CommandTimeout='30']
SELECT "s"."AgvId", "s"."ActiveUnlockSlotsJson", "s"."CapabilityHash", "s"."CapabilityRevision", "s"."DepartureSafe", "s"."ForcedRecoveryGeneration", "s"."ManifestSha256", "s"."PendingAttemptIdsJson", "s"."PendingResultIdsJson", "s"."ProfileId", "s"."ProtocolCommit", "s"."ProtocolVersion", "s"."ProvenRecoveryCheckpoint", "s"."Readiness", "s"."ReasonCode", "s"."RecoveryReportId", "s"."ReportedForcedRecoveryGeneration", "s"."ReportedSlotConfigurationFingerprint", "s"."SafetyHash", "s"."SafetyReasonCodesJson", "s"."SafetyRevision", "s"."SafetyUnknownPresent", "s"."SessionGeneration", "s"."UnsettledSlotOperationAttemptId", "s"."UpdatedAt"
FROM "SessionRecoveries" AS "s"
WHERE "s"."AgvId" = @__agvId_0 AND "s"."Readiness" = 'Ready'
LIMIT 2
[21:02:32 INF] Executed DbCommand (0ms) [Parameters=[], CommandType='Text', CommandTimeout='30']
SELECT "p"."MessageId", "p"."AcknowledgedAt", "p"."CreatedAt", "p"."FencedAt", "p"."MessageType", "p"."PayloadJson"
FROM "ProtocolOutbox" AS "p"
WHERE "p"."AcknowledgedAt" IS NULL AND "p"."FencedAt" IS NULL
[21:02:32 INF] Executed DbCommand (0ms) [Parameters=[@__runtime_DemandId_0='?' (Size = 36)], CommandType='Text', CommandTimeout='30']
SELECT "r"."WorkflowId", "r"."AgvId", "r"."CommandContentHash", "r"."CommandMessageId", "r"."CommandMessageType", "r"."CreatedAt", "r"."DemandId", "r"."ExceptionRecoverySessionId", "r"."ForcedRecoveryGeneration", "r"."HandoffId", "r"."Outcome", "r"."RequestContentHash", "r"."RequestMessageId", "r"."ResultContentHash", "r"."ResultMessageId", "r"."SlotOperationAttemptId", "r"."SlotsJson", "r"."State", "r"."UpdatedAt", "r"."WorkflowType"
FROM "RecoveryWorkflows" AS "r"
WHERE "r"."DemandId" = @__runtime_DemandId_0 AND "r"."WorkflowType" = 'LOAD_CORRECTION'
[21:02:32 INF] Start processing HTTP request GET http://127.0.0.1:48408/api/task/v1/task/getVehicleInfo/BROKERX-L2-0001
[21:02:32 INF] Sending HTTP request GET http://127.0.0.1:48408/api/task/v1/task/getVehicleInfo/BROKERX-L2-0001
[21:02:32 INF] Received HTTP response headers after 0.4654ms - 200
[21:02:32 INF] End processing HTTP request after 3.662ms - 200
[21:02:32 INF] Start processing HTTP request GET http://127.0.0.1:48408/api/order/v1/orderRecord?pageNum=1&pageSize=100&filterByState=1&filterByState=3&filterByState=7&filterByState=9
[21:02:32 INF] Sending HTTP request GET http://127.0.0.1:48408/api/order/v1/orderRecord?pageNum=1&pageSize=100&filterByState=1&filterByState=3&filterByState=7&filterByState=9
[21:02:32 INF] Received HTTP response headers after 0.4201ms - 200
[21:02:32 INF] End processing HTTP request after 1.1153ms - 200
[21:02:32 INF] HTTP GET /api/onboard/v1/vehicle-safety responded 200 in 5.6693 ms
[21:02:33 INF] Start processing HTTP request GET http://127.0.0.1:48408/api/imap/v1/mapInfo/stations/25
[21:02:33 INF] Sending HTTP request GET http://127.0.0.1:48408/api/imap/v1/mapInfo/stations/25
[21:02:33 INF] Received HTTP response headers after 0.4918ms - 200
[21:02:33 INF] End processing HTTP request after 1.7213ms - 200
[21:02:33 INF] Executed DbCommand (0ms) [Parameters=[@__mapId_0='?' (DbType = Int32)], CommandType='Text', CommandTimeout='30']
SELECT "t"."MapId", "t"."ActiveVersion", "t"."PendingVersion", "t"."State", "t"."UpdatedAt"
FROM "TaskTypeStationActiveBindingSets" AS "t"
WHERE "t"."MapId" = @__mapId_0
LIMIT 2
[21:02:33 INF] Executed DbCommand (0ms) [Parameters=[@__mapId_0='?' (DbType = Int32), @__version_1='?' (DbType = Int64)], CommandType='Text', CommandTimeout='30']
SELECT "t"."MapId", "t"."Version", "t"."CatalogRevision", "t"."ContentSha256", "t"."LoadedAt", "t"."RuleVersion", "t"."SnapshotId", "t"."Source"
FROM "TaskTypeStationBindingSetVersions" AS "t"
WHERE "t"."MapId" = @__mapId_0 AND "t"."Version" = @__version_1
LIMIT 2
[21:02:33 INF] Executed DbCommand (0ms) [Parameters=[@__mapId_0='?' (DbType = Int32), @__version_1='?' (DbType = Int64)], CommandType='Text', CommandTimeout='30']
SELECT "t"."TaskType"
FROM "TaskTypeStationRequirements" AS "t"
WHERE "t"."MapId" = @__mapId_0 AND "t"."Version" = @__version_1
[21:02:33 INF] Executed DbCommand (0ms) [Parameters=[@__mapId_0='?' (DbType = Int32), @__version_1='?' (DbType = Int64)], CommandType='Text', CommandTimeout='30']
SELECT "t"."MapId", "t"."Version", "t"."TaskType", "t"."SiteVerificationRef", "t"."StationName", "t"."StationRiotId"
FROM "TaskTypeStationBindings" AS "t"
WHERE "t"."MapId" = @__mapId_0 AND "t"."Version" = @__version_1
[21:02:33 INF] Executed DbCommand (0ms) [Parameters=[@__version_0='?' (DbType = Int64)], CommandType='Text', CommandTimeout='30']
SELECT "t"."Version", "t"."ContentSha256", "t"."LoadedAt", "t"."SnapshotId", "t"."Source"
FROM "TaskTypeStationRuleVersions" AS "t"
WHERE "t"."Version" = @__version_0
LIMIT 2
[21:02:33 INF] Executed DbCommand (0ms) [Parameters=[@__version_0='?' (DbType = Int64)], CommandType='Text', CommandTimeout='30']
SELECT "t"."Version", "t"."TaskType", "t"."FixedEnd"
FROM "TaskTypeStationRules" AS "t"
WHERE "t"."Version" = @__version_0
[21:02:33 INF] Executed DbCommand (0ms) [Parameters=[@__mapId_0='?' (DbType = Int32)], CommandType='Text', CommandTimeout='30']
SELECT "t"."MapId", "t"."ActiveVersion", "t"."PendingVersion", "t"."State", "t"."UpdatedAt"
FROM "TaskTypeStationActiveBindingSets" AS "t"
WHERE "t"."MapId" = @__mapId_0
LIMIT 2
[21:02:33 INF] Executed DbCommand (0ms) [Parameters=[@__mapId_0='?' (DbType = Int32)], CommandType='Text', CommandTimeout='30']
SELECT "t"."HoldId", "t"."DetailJson", "t"."MapId", "t"."RaisedAt", "t"."RaisedBy", "t"."ReasonCode", "t"."ReleasedAt", "t"."ReleasedBy", "t"."Source", "t"."TaskType"
FROM "TaskTypeStationHolds" AS "t"
WHERE "t"."MapId" = @__mapId_0 AND "t"."ReleasedAt" IS NULL
[21:02:33 INF] Executed DbCommand (0ms) [Parameters=[@__mapId_0='?' (DbType = Int32)], CommandType='Text', CommandTimeout='30']
SELECT "m"."MapId", "m"."ApprovedMaxUnconfirmedSeconds", "m"."ApprovedSyncPeriodSeconds", "m"."CatalogRevision", "m"."LastAttemptAt", "m"."LastCompleteConfirmationAt", "m"."LastFailureReason", "m"."State", "m"."UpdatedAt"
FROM "MapStationCatalogStates" AS "m"
WHERE "m"."MapId" = @__mapId_0
LIMIT 2
[21:02:33 INF] Executed DbCommand (0ms) [Parameters=[@p3='?' (DbType = Int32), @p0='?' (DbType = DateTimeOffset), @p1='?' (DbType = DateTimeOffset), @p2='?' (DbType = DateTimeOffset)], CommandType='Text', CommandTimeout='30']
UPDATE "MapStationCatalogStates" SET "LastAttemptAt" = @p0, "LastCompleteConfirmationAt" = @p1, "UpdatedAt" = @p2
WHERE "MapId" = @p3
RETURNING 1;
[21:02:33 INF] Executed DbCommand (0ms) [Parameters=[@__mapId_0='?' (DbType = Int32)], CommandType='Text', CommandTimeout='30']
SELECT "t"."MapId", "t"."ActiveVersion", "t"."PendingVersion", "t"."State", "t"."UpdatedAt"
FROM "TaskTypeStationActiveBindingSets" AS "t"
WHERE "t"."MapId" = @__mapId_0
LIMIT 2
[21:02:33 INF] Executed DbCommand (0ms) [Parameters=[@__mapId_0='?' (DbType = Int32), @__version_1='?' (DbType = Int64)], CommandType='Text', CommandTimeout='30']
SELECT "t"."MapId", "t"."Version", "t"."CatalogRevision", "t"."ContentSha256", "t"."LoadedAt", "t"."RuleVersion", "t"."SnapshotId", "t"."Source"
FROM "TaskTypeStationBindingSetVersions" AS "t"
WHERE "t"."MapId" = @__mapId_0 AND "t"."Version" = @__version_1
LIMIT 2
[21:02:33 INF] Executed DbCommand (0ms) [Parameters=[@__mapId_0='?' (DbType = Int32), @__version_1='?' (DbType = Int64)], CommandType='Text', CommandTimeout='30']
SELECT "t"."TaskType"
FROM "TaskTypeStationRequirements" AS "t"
WHERE "t"."MapId" = @__mapId_0 AND "t"."Version" = @__version_1
[21:02:33 INF] Executed DbCommand (0ms) [Parameters=[@__mapId_0='?' (DbType = Int32), @__version_1='?' (DbType = Int64)], CommandType='Text', CommandTimeout='30']
SELECT "t"."MapId", "t"."Version", "t"."TaskType", "t"."SiteVerificationRef", "t"."StationName", "t"."StationRiotId"
FROM "TaskTypeStationBindings" AS "t"
WHERE "t"."MapId" = @__mapId_0 AND "t"."Version" = @__version_1
[21:02:33 INF] Executed DbCommand (0ms) [Parameters=[@__mapId_0='?' (DbType = Int32)], CommandType='Text', CommandTimeout='30']
SELECT "t"."MapId", "t"."ActiveVersion", "t"."PendingVersion", "t"."State", "t"."UpdatedAt"
FROM "TaskTypeStationActiveBindingSets" AS "t"
WHERE "t"."MapId" = @__mapId_0
LIMIT 2
[21:02:33 INF] Executed DbCommand (0ms) [Parameters=[@__mapId_0='?' (DbType = Int32), @__version_1='?' (DbType = Int64)], CommandType='Text', CommandTimeout='30']
SELECT "t"."MapId", "t"."Version", "t"."CatalogRevision", "t"."ContentSha256", "t"."LoadedAt", "t"."RuleVersion", "t"."SnapshotId", "t"."Source"
FROM "TaskTypeStationBindingSetVersions" AS "t"
WHERE "t"."MapId" = @__mapId_0 AND "t"."Version" = @__version_1
LIMIT 2
[21:02:33 INF] Executed DbCommand (0ms) [Parameters=[@__mapId_0='?' (DbType = Int32), @__version_1='?' (DbType = Int64)], CommandType='Text', CommandTimeout='30']
SELECT "t"."TaskType"
FROM "TaskTypeStationRequirements" AS "t"
WHERE "t"."MapId" = @__mapId_0 AND "t"."Version" = @__version_1
[21:02:33 INF] Executed DbCommand (0ms) [Parameters=[@__mapId_0='?' (DbType = Int32), @__version_1='?' (DbType = Int64)], CommandType='Text', CommandTimeout='30']
SELECT "t"."MapId", "t"."Version", "t"."TaskType", "t"."SiteVerificationRef", "t"."StationName", "t"."StationRiotId"
FROM "TaskTypeStationBindings" AS "t"
WHERE "t"."MapId" = @__mapId_0 AND "t"."Version" = @__version_1
[21:02:33 INF] Executed DbCommand (0ms) [Parameters=[@__version_0='?' (DbType = Int64)], CommandType='Text', CommandTimeout='30']
SELECT "t"."Version", "t"."ContentSha256", "t"."LoadedAt", "t"."SnapshotId", "t"."Source"
FROM "TaskTypeStationRuleVersions" AS "t"
WHERE "t"."Version" = @__version_0
LIMIT 2
[21:02:33 INF] Executed DbCommand (0ms) [Parameters=[@__version_0='?' (DbType = Int64)], CommandType='Text', CommandTimeout='30']
SELECT "t"."Version", "t"."TaskType", "t"."FixedEnd"
FROM "TaskTypeStationRules" AS "t"
WHERE "t"."Version" = @__version_0
[21:02:33 INF] Executed DbCommand (0ms) [Parameters=[], CommandType='Text', CommandTimeout='30']
SELECT "a"."Id", "a"."ContentHash", "a"."DeploymentId", "a"."ImportedAt", "a"."Version"
FROM "AdmissionPolicyState" AS "a"
WHERE "a"."Id" = 1
LIMIT 2
[21:02:33 INF] Executed DbCommand (0ms) [Parameters=[], CommandType='Text', CommandTimeout='30']
SELECT "j"."DemandId", "j"."AgvId", "j"."AgvLifecycleGeneration", "j"."BlockReasonCode", "j"."BlockReasonSince", "j"."ConsumedSafetyResultMessageId", "j"."ConsumedSublotMessageId", "j"."CreatedAt", "j"."DispatchGeneration", "j"."DispatchZone", "j"."ExpectedBasketCount", "j"."GateMovementLegId", "j"."GatePlanMessageId", "j"."GateStationId", "j"."GateStationRiotId", "j"."GateUpperId", "j"."GateVehicleBusinessMessageId", "j"."GateWorklistMessageId", "j"."LoadCommandMessageId", "j"."LoadSlotOperationAttemptId", "j"."MapId", "j"."MapIdentity", "j"."OperationSessionId", "j"."PickupMovementLegId", "j"."PickupStationId", "j"."PickupStationRiotId", "j"."PickupUpperId", "j"."PlanMessageId", "j"."PlanRevision", "j"."PreDepartureSafetyCheckId", "j"."PreDepartureSafetyCheckMessageId", "j"."RouteEvidenceId", "j"."Stage", "j"."StationDepartureWaitStartedAt", "j"."SublotRequestMessageId", "j"."TargetSlotsJson", "j"."UnloadCommandMessageId", "j"."UnloadSlotOperationAttemptId", "j"."UpdatedAt", "j"."VehicleBusinessMessageId", "j"."VehicleBusinessRevision", "j"."VehicleKey", "j"."WorklistMessageId", "j"."WorklistRevision"
FROM "JourneyRuntimes" AS "j"
WHERE "j"."Stage" <> 'Completed'
[21:02:33 INF] Executed DbCommand (0ms) [Parameters=[@__agvId_0='?' (Size = 10)], CommandType='Text', CommandTimeout='30']
SELECT "s"."AgvId", "s"."ActiveUnlockSlotsJson", "s"."CapabilityHash", "s"."CapabilityRevision", "s"."DepartureSafe", "s"."ForcedRecoveryGeneration", "s"."ManifestSha256", "s"."PendingAttemptIdsJson", "s"."PendingResultIdsJson", "s"."ProfileId", "s"."ProtocolCommit", "s"."ProtocolVersion", "s"."ProvenRecoveryCheckpoint", "s"."Readiness", "s"."ReasonCode", "s"."RecoveryReportId", "s"."ReportedForcedRecoveryGeneration", "s"."ReportedSlotConfigurationFingerprint", "s"."SafetyHash", "s"."SafetyReasonCodesJson", "s"."SafetyRevision", "s"."SafetyUnknownPresent", "s"."SessionGeneration", "s"."UnsettledSlotOperationAttemptId", "s"."UpdatedAt"
FROM "SessionRecoveries" AS "s"
WHERE "s"."AgvId" = @__agvId_0 AND "s"."Readiness" = 'Ready'
LIMIT 2
[21:02:33 INF] Executed DbCommand (0ms) [Parameters=[], CommandType='Text', CommandTimeout='30']
SELECT "p"."MessageId", "p"."AcknowledgedAt", "p"."CreatedAt", "p"."FencedAt", "p"."MessageType", "p"."PayloadJson"
FROM "ProtocolOutbox" AS "p"
WHERE "p"."AcknowledgedAt" IS NULL AND "p"."FencedAt" IS NULL
[21:02:33 INF] Executed DbCommand (0ms) [Parameters=[@__runtime_DemandId_0='?' (Size = 36)], CommandType='Text', CommandTimeout='30']
SELECT "r"."WorkflowId", "r"."AgvId", "r"."CommandContentHash", "r"."CommandMessageId", "r"."CommandMessageType", "r"."CreatedAt", "r"."DemandId", "r"."ExceptionRecoverySessionId", "r"."ForcedRecoveryGeneration", "r"."HandoffId", "r"."Outcome", "r"."RequestContentHash", "r"."RequestMessageId", "r"."ResultContentHash", "r"."ResultMessageId", "r"."SlotOperationAttemptId", "r"."SlotsJson", "r"."State", "r"."UpdatedAt", "r"."WorkflowType"
FROM "RecoveryWorkflows" AS "r"
WHERE "r"."DemandId" = @__runtime_DemandId_0 AND "r"."WorkflowType" = 'LOAD_CORRECTION'
[21:02:33 INF] Start processing HTTP request GET http://127.0.0.1:48408/api/task/v1/task/getVehicleInfo/BROKERX-L2-0001
[21:02:33 INF] Sending HTTP request GET http://127.0.0.1:48408/api/task/v1/task/getVehicleInfo/BROKERX-L2-0001
[21:02:33 INF] Received HTTP response headers after 0.418ms - 200
[21:02:33 INF] End processing HTTP request after 1.5984ms - 200
[21:02:33 INF] Start processing HTTP request GET http://127.0.0.1:48408/api/order/v1/orderRecord?pageNum=1&pageSize=100&filterByState=1&filterByState=3&filterByState=7&filterByState=9
[21:02:33 INF] Sending HTTP request GET http://127.0.0.1:48408/api/order/v1/orderRecord?pageNum=1&pageSize=100&filterByState=1&filterByState=3&filterByState=7&filterByState=9
[21:02:33 INF] Received HTTP response headers after 0.3262ms - 200
[21:02:33 INF] End processing HTTP request after 0.9815ms - 200
[21:02:33 INF] HTTP GET /api/onboard/v1/vehicle-safety responded 200 in 3.5953 ms
[21:02:34 INF] Start processing HTTP request GET http://127.0.0.1:48408/api/imap/v1/mapInfo/stations/25
[21:02:34 INF] Sending HTTP request GET http://127.0.0.1:48408/api/imap/v1/mapInfo/stations/25
[21:02:34 INF] Received HTTP response headers after 0.7195ms - 200
[21:02:34 INF] End processing HTTP request after 4.3088ms - 200
[21:02:34 INF] Executed DbCommand (0ms) [Parameters=[@__mapId_0='?' (DbType = Int32)], CommandType='Text', CommandTimeout='30']
SELECT "t"."MapId", "t"."ActiveVersion", "t"."PendingVersion", "t"."State", "t"."UpdatedAt"
FROM "TaskTypeStationActiveBindingSets" AS "t"
WHERE "t"."MapId" = @__mapId_0
LIMIT 2
[21:02:34 INF] Executed DbCommand (0ms) [Parameters=[@__mapId_0='?' (DbType = Int32), @__version_1='?' (DbType = Int64)], CommandType='Text', CommandTimeout='30']
SELECT "t"."MapId", "t"."Version", "t"."CatalogRevision", "t"."ContentSha256", "t"."LoadedAt", "t"."RuleVersion", "t"."SnapshotId", "t"."Source"
FROM "TaskTypeStationBindingSetVersions" AS "t"
WHERE "t"."MapId" = @__mapId_0 AND "t"."Version" = @__version_1
LIMIT 2
[21:02:34 INF] Executed DbCommand (0ms) [Parameters=[@__mapId_0='?' (DbType = Int32), @__version_1='?' (DbType = Int64)], CommandType='Text', CommandTimeout='30']
SELECT "t"."TaskType"
FROM "TaskTypeStationRequirements" AS "t"
WHERE "t"."MapId" = @__mapId_0 AND "t"."Version" = @__version_1
[21:02:34 INF] Executed DbCommand (0ms) [Parameters=[@__mapId_0='?' (DbType = Int32), @__version_1='?' (DbType = Int64)], CommandType='Text', CommandTimeout='30']
SELECT "t"."MapId", "t"."Version", "t"."TaskType", "t"."SiteVerificationRef", "t"."StationName", "t"."StationRiotId"
FROM "TaskTypeStationBindings" AS "t"
WHERE "t"."MapId" = @__mapId_0 AND "t"."Version" = @__version_1
[21:02:34 INF] Executed DbCommand (0ms) [Parameters=[@__version_0='?' (DbType = Int64)], CommandType='Text', CommandTimeout='30']
SELECT "t"."Version", "t"."ContentSha256", "t"."LoadedAt", "t"."SnapshotId", "t"."Source"
FROM "TaskTypeStationRuleVersions" AS "t"
WHERE "t"."Version" = @__version_0
LIMIT 2
[21:02:34 INF] Executed DbCommand (0ms) [Parameters=[@__version_0='?' (DbType = Int64)], CommandType='Text', CommandTimeout='30']
SELECT "t"."Version", "t"."TaskType", "t"."FixedEnd"
FROM "TaskTypeStationRules" AS "t"
WHERE "t"."Version" = @__version_0
[21:02:34 INF] Executed DbCommand (0ms) [Parameters=[@__mapId_0='?' (DbType = Int32)], CommandType='Text', CommandTimeout='30']
SELECT "t"."MapId", "t"."ActiveVersion", "t"."PendingVersion", "t"."State", "t"."UpdatedAt"
FROM "TaskTypeStationActiveBindingSets" AS "t"
WHERE "t"."MapId" = @__mapId_0
LIMIT 2
[21:02:34 INF] Executed DbCommand (0ms) [Parameters=[@__mapId_0='?' (DbType = Int32)], CommandType='Text', CommandTimeout='30']
SELECT "t"."HoldId", "t"."DetailJson", "t"."MapId", "t"."RaisedAt", "t"."RaisedBy", "t"."ReasonCode", "t"."ReleasedAt", "t"."ReleasedBy", "t"."Source", "t"."TaskType"
FROM "TaskTypeStationHolds" AS "t"
WHERE "t"."MapId" = @__mapId_0 AND "t"."ReleasedAt" IS NULL
[21:02:34 INF] Executed DbCommand (0ms) [Parameters=[@__mapId_0='?' (DbType = Int32)], CommandType='Text', CommandTimeout='30']
SELECT "m"."MapId", "m"."ApprovedMaxUnconfirmedSeconds", "m"."ApprovedSyncPeriodSeconds", "m"."CatalogRevision", "m"."LastAttemptAt", "m"."LastCompleteConfirmationAt", "m"."LastFailureReason", "m"."State", "m"."UpdatedAt"
FROM "MapStationCatalogStates" AS "m"
WHERE "m"."MapId" = @__mapId_0
LIMIT 2
[21:02:34 INF] Executed DbCommand (0ms) [Parameters=[@p3='?' (DbType = Int32), @p0='?' (DbType = DateTimeOffset), @p1='?' (DbType = DateTimeOffset), @p2='?' (DbType = DateTimeOffset)], CommandType='Text', CommandTimeout='30']
UPDATE "MapStationCatalogStates" SET "LastAttemptAt" = @p0, "LastCompleteConfirmationAt" = @p1, "UpdatedAt" = @p2
WHERE "MapId" = @p3
RETURNING 1;
[21:02:34 INF] Executed DbCommand (0ms) [Parameters=[@__mapId_0='?' (DbType = Int32)], CommandType='Text', CommandTimeout='30']
SELECT "t"."MapId", "t"."ActiveVersion", "t"."PendingVersion", "t"."State", "t"."UpdatedAt"
FROM "TaskTypeStationActiveBindingSets" AS "t"
WHERE "t"."MapId" = @__mapId_0
LIMIT 2
[21:02:34 INF] Executed DbCommand (0ms) [Parameters=[@__mapId_0='?' (DbType = Int32), @__version_1='?' (DbType = Int64)], CommandType='Text', CommandTimeout='30']
SELECT "t"."MapId", "t"."Version", "t"."CatalogRevision", "t"."ContentSha256", "t"."LoadedAt", "t"."RuleVersion", "t"."SnapshotId", "t"."Source"
FROM "TaskTypeStationBindingSetVersions" AS "t"
WHERE "t"."MapId" = @__mapId_0 AND "t"."Version" = @__version_1
LIMIT 2
[21:02:34 INF] Executed DbCommand (0ms) [Parameters=[@__mapId_0='?' (DbType = Int32), @__version_1='?' (DbType = Int64)], CommandType='Text', CommandTimeout='30']
SELECT "t"."TaskType"
FROM "TaskTypeStationRequirements" AS "t"
WHERE "t"."MapId" = @__mapId_0 AND "t"."Version" = @__version_1
[21:02:34 INF] Executed DbCommand (0ms) [Parameters=[@__mapId_0='?' (DbType = Int32), @__version_1='?' (DbType = Int64)], CommandType='Text', CommandTimeout='30']
SELECT "t"."MapId", "t"."Version", "t"."TaskType", "t"."SiteVerificationRef", "t"."StationName", "t"."StationRiotId"
FROM "TaskTypeStationBindings" AS "t"
WHERE "t"."MapId" = @__mapId_0 AND "t"."Version" = @__version_1
[21:02:34 INF] Executed DbCommand (0ms) [Parameters=[@__mapId_0='?' (DbType = Int32)], CommandType='Text', CommandTimeout='30']
SELECT "t"."MapId", "t"."ActiveVersion", "t"."PendingVersion", "t"."State", "t"."UpdatedAt"
FROM "TaskTypeStationActiveBindingSets" AS "t"
WHERE "t"."MapId" = @__mapId_0
LIMIT 2
[21:02:34 INF] Executed DbCommand (0ms) [Parameters=[@__mapId_0='?' (DbType = Int32), @__version_1='?' (DbType = Int64)], CommandType='Text', CommandTimeout='30']
SELECT "t"."MapId", "t"."Version", "t"."CatalogRevision", "t"."ContentSha256", "t"."LoadedAt", "t"."RuleVersion", "t"."SnapshotId", "t"."Source"
FROM "TaskTypeStationBindingSetVersions" AS "t"
WHERE "t"."MapId" = @__mapId_0 AND "t"."Version" = @__version_1
LIMIT 2
[21:02:34 INF] Executed DbCommand (0ms) [Parameters=[@__mapId_0='?' (DbType = Int32), @__version_1='?' (DbType = Int64)], CommandType='Text', CommandTimeout='30']
SELECT "t"."TaskType"
FROM "TaskTypeStationRequirements" AS "t"
WHERE "t"."MapId" = @__mapId_0 AND "t"."Version" = @__version_1
[21:02:34 INF] Executed DbCommand (0ms) [Parameters=[@__mapId_0='?' (DbType = Int32), @__version_1='?' (DbType = Int64)], CommandType='Text', CommandTimeout='30']
SELECT "t"."MapId", "t"."Version", "t"."TaskType", "t"."SiteVerificationRef", "t"."StationName", "t"."StationRiotId"
FROM "TaskTypeStationBindings" AS "t"
WHERE "t"."MapId" = @__mapId_0 AND "t"."Version" = @__version_1
[21:02:34 INF] Executed DbCommand (0ms) [Parameters=[@__version_0='?' (DbType = Int64)], CommandType='Text', CommandTimeout='30']
SELECT "t"."Version", "t"."ContentSha256", "t"."LoadedAt", "t"."SnapshotId", "t"."Source"
FROM "TaskTypeStationRuleVersions" AS "t"
WHERE "t"."Version" = @__version_0
LIMIT 2
[21:02:34 INF] Executed DbCommand (0ms) [Parameters=[@__version_0='?' (DbType = Int64)], CommandType='Text', CommandTimeout='30']
SELECT "t"."Version", "t"."TaskType", "t"."FixedEnd"
FROM "TaskTypeStationRules" AS "t"
WHERE "t"."Version" = @__version_0
[21:02:34 INF] Executed DbCommand (0ms) [Parameters=[], CommandType='Text', CommandTimeout='30']
SELECT "a"."Id", "a"."ContentHash", "a"."DeploymentId", "a"."ImportedAt", "a"."Version"
FROM "AdmissionPolicyState" AS "a"
WHERE "a"."Id" = 1
LIMIT 2
[21:02:34 INF] Executed DbCommand (0ms) [Parameters=[], CommandType='Text', CommandTimeout='30']
SELECT "j"."DemandId", "j"."AgvId", "j"."AgvLifecycleGeneration", "j"."BlockReasonCode", "j"."BlockReasonSince", "j"."ConsumedSafetyResultMessageId", "j"."ConsumedSublotMessageId", "j"."CreatedAt", "j"."DispatchGeneration", "j"."DispatchZone", "j"."ExpectedBasketCount", "j"."GateMovementLegId", "j"."GatePlanMessageId", "j"."GateStationId", "j"."GateStationRiotId", "j"."GateUpperId", "j"."GateVehicleBusinessMessageId", "j"."GateWorklistMessageId", "j"."LoadCommandMessageId", "j"."LoadSlotOperationAttemptId", "j"."MapId", "j"."MapIdentity", "j"."OperationSessionId", "j"."PickupMovementLegId", "j"."PickupStationId", "j"."PickupStationRiotId", "j"."PickupUpperId", "j"."PlanMessageId", "j"."PlanRevision", "j"."PreDepartureSafetyCheckId", "j"."PreDepartureSafetyCheckMessageId", "j"."RouteEvidenceId", "j"."Stage", "j"."StationDepartureWaitStartedAt", "j"."SublotRequestMessageId", "j"."TargetSlotsJson", "j"."UnloadCommandMessageId", "j"."UnloadSlotOperationAttemptId", "j"."UpdatedAt", "j"."VehicleBusinessMessageId", "j"."VehicleBusinessRevision", "j"."VehicleKey", "j"."WorklistMessageId", "j"."WorklistRevision"
FROM "JourneyRuntimes" AS "j"
WHERE "j"."Stage" <> 'Completed'
[21:02:34 INF] Executed DbCommand (0ms) [Parameters=[@__agvId_0='?' (Size = 10)], CommandType='Text', CommandTimeout='30']
SELECT "s"."AgvId", "s"."ActiveUnlockSlotsJson", "s"."CapabilityHash", "s"."CapabilityRevision", "s"."DepartureSafe", "s"."ForcedRecoveryGeneration", "s"."ManifestSha256", "s"."PendingAttemptIdsJson", "s"."PendingResultIdsJson", "s"."ProfileId", "s"."ProtocolCommit", "s"."ProtocolVersion", "s"."ProvenRecoveryCheckpoint", "s"."Readiness", "s"."ReasonCode", "s"."RecoveryReportId", "s"."ReportedForcedRecoveryGeneration", "s"."ReportedSlotConfigurationFingerprint", "s"."SafetyHash", "s"."SafetyReasonCodesJson", "s"."SafetyRevision", "s"."SafetyUnknownPresent", "s"."SessionGeneration", "s"."UnsettledSlotOperationAttemptId", "s"."UpdatedAt"
FROM "SessionRecoveries" AS "s"
WHERE "s"."AgvId" = @__agvId_0 AND "s"."Readiness" = 'Ready'
LIMIT 2
[21:02:34 INF] Executed DbCommand (0ms) [Parameters=[], CommandType='Text', CommandTimeout='30']
SELECT "p"."MessageId", "p"."AcknowledgedAt", "p"."CreatedAt", "p"."FencedAt", "p"."MessageType", "p"."PayloadJson"
FROM "ProtocolOutbox" AS "p"
WHERE "p"."AcknowledgedAt" IS NULL AND "p"."FencedAt" IS NULL
[21:02:34 INF] Executed DbCommand (0ms) [Parameters=[@__runtime_DemandId_0='?' (Size = 36)], CommandType='Text', CommandTimeout='30']
SELECT "r"."WorkflowId", "r"."AgvId", "r"."CommandContentHash", "r"."CommandMessageId", "r"."CommandMessageType", "r"."CreatedAt", "r"."DemandId", "r"."ExceptionRecoverySessionId", "r"."ForcedRecoveryGeneration", "r"."HandoffId", "r"."Outcome", "r"."RequestContentHash", "r"."RequestMessageId", "r"."ResultContentHash", "r"."ResultMessageId", "r"."SlotOperationAttemptId", "r"."SlotsJson", "r"."State", "r"."UpdatedAt", "r"."WorkflowType"
FROM "RecoveryWorkflows" AS "r"
WHERE "r"."DemandId" = @__runtime_DemandId_0 AND "r"."WorkflowType" = 'LOAD_CORRECTION'
[21:02:34 INF] Start processing HTTP request GET http://127.0.0.1:48408/api/task/v1/task/getVehicleInfo/BROKERX-L2-0001
[21:02:34 INF] Sending HTTP request GET http://127.0.0.1:48408/api/task/v1/task/getVehicleInfo/BROKERX-L2-0001
[21:02:34 INF] Received HTTP response headers after 0.5297ms - 200
[21:02:34 INF] End processing HTTP request after 3.9116ms - 200
[21:02:34 INF] Start processing HTTP request GET http://127.0.0.1:48408/api/order/v1/orderRecord?pageNum=1&pageSize=100&filterByState=1&filterByState=3&filterByState=7&filterByState=9
[21:02:34 INF] Sending HTTP request GET http://127.0.0.1:48408/api/order/v1/orderRecord?pageNum=1&pageSize=100&filterByState=1&filterByState=3&filterByState=7&filterByState=9
[21:02:34 INF] Received HTTP response headers after 0.4744ms - 200
[21:02:34 INF] End processing HTTP request after 1.1934ms - 200
[21:02:34 INF] HTTP GET /api/onboard/v1/vehicle-safety responded 200 in 6.2706 ms
[21:02:35 INF] Start processing HTTP request GET http://127.0.0.1:48408/api/imap/v1/mapInfo/stations/25
[21:02:35 INF] Sending HTTP request GET http://127.0.0.1:48408/api/imap/v1/mapInfo/stations/25
[21:02:35 INF] Received HTTP response headers after 0.638ms - 200
[21:02:35 INF] End processing HTTP request after 3.9116ms - 200
[21:02:35 INF] Executed DbCommand (0ms) [Parameters=[@__mapId_0='?' (DbType = Int32)], CommandType='Text', CommandTimeout='30']
SELECT "t"."MapId", "t"."ActiveVersion", "t"."PendingVersion", "t"."State", "t"."UpdatedAt"
FROM "TaskTypeStationActiveBindingSets" AS "t"
WHERE "t"."MapId" = @__mapId_0
LIMIT 2
[21:02:35 INF] Executed DbCommand (0ms) [Parameters=[@__mapId_0='?' (DbType = Int32), @__version_1='?' (DbType = Int64)], CommandType='Text', CommandTimeout='30']
SELECT "t"."MapId", "t"."Version", "t"."CatalogRevision", "t"."ContentSha256", "t"."LoadedAt", "t"."RuleVersion", "t"."SnapshotId", "t"."Source"
FROM "TaskTypeStationBindingSetVersions" AS "t"
WHERE "t"."MapId" = @__mapId_0 AND "t"."Version" = @__version_1
LIMIT 2
[21:02:35 INF] Executed DbCommand (0ms) [Parameters=[@__mapId_0='?' (DbType = Int32), @__version_1='?' (DbType = Int64)], CommandType='Text', CommandTimeout='30']
SELECT "t"."TaskType"
FROM "TaskTypeStationRequirements" AS "t"
WHERE "t"."MapId" = @__mapId_0 AND "t"."Version" = @__version_1
[21:02:35 INF] Executed DbCommand (0ms) [Parameters=[@__mapId_0='?' (DbType = Int32), @__version_1='?' (DbType = Int64)], CommandType='Text', CommandTimeout='30']
SELECT "t"."MapId", "t"."Version", "t"."TaskType", "t"."SiteVerificationRef", "t"."StationName", "t"."StationRiotId"
FROM "TaskTypeStationBindings" AS "t"
WHERE "t"."MapId" = @__mapId_0 AND "t"."Version" = @__version_1
[21:02:35 INF] Executed DbCommand (0ms) [Parameters=[@__version_0='?' (DbType = Int64)], CommandType='Text', CommandTimeout='30']
SELECT "t"."Version", "t"."ContentSha256", "t"."LoadedAt", "t"."SnapshotId", "t"."Source"
FROM "TaskTypeStationRuleVersions" AS "t"
WHERE "t"."Version" = @__version_0
LIMIT 2
[21:02:35 INF] Executed DbCommand (0ms) [Parameters=[@__version_0='?' (DbType = Int64)], CommandType='Text', CommandTimeout='30']
SELECT "t"."Version", "t"."TaskType", "t"."FixedEnd"
FROM "TaskTypeStationRules" AS "t"
WHERE "t"."Version" = @__version_0
[21:02:35 INF] Executed DbCommand (0ms) [Parameters=[@__mapId_0='?' (DbType = Int32)], CommandType='Text', CommandTimeout='30']
SELECT "t"."MapId", "t"."ActiveVersion", "t"."PendingVersion", "t"."State", "t"."UpdatedAt"
FROM "TaskTypeStationActiveBindingSets" AS "t"
WHERE "t"."MapId" = @__mapId_0
LIMIT 2
[21:02:35 INF] Executed DbCommand (0ms) [Parameters=[@__mapId_0='?' (DbType = Int32)], CommandType='Text', CommandTimeout='30']
SELECT "t"."HoldId", "t"."DetailJson", "t"."MapId", "t"."RaisedAt", "t"."RaisedBy", "t"."ReasonCode", "t"."ReleasedAt", "t"."ReleasedBy", "t"."Source", "t"."TaskType"
FROM "TaskTypeStationHolds" AS "t"
WHERE "t"."MapId" = @__mapId_0 AND "t"."ReleasedAt" IS NULL
[21:02:35 INF] Executed DbCommand (0ms) [Parameters=[@__mapId_0='?' (DbType = Int32)], CommandType='Text', CommandTimeout='30']
SELECT "m"."MapId", "m"."ApprovedMaxUnconfirmedSeconds", "m"."ApprovedSyncPeriodSeconds", "m"."CatalogRevision", "m"."LastAttemptAt", "m"."LastCompleteConfirmationAt", "m"."LastFailureReason", "m"."State", "m"."UpdatedAt"
FROM "MapStationCatalogStates" AS "m"
WHERE "m"."MapId" = @__mapId_0
LIMIT 2
[21:02:35 INF] Executed DbCommand (0ms) [Parameters=[@p3='?' (DbType = Int32), @p0='?' (DbType = DateTimeOffset), @p1='?' (DbType = DateTimeOffset), @p2='?' (DbType = DateTimeOffset)], CommandType='Text', CommandTimeout='30']
UPDATE "MapStationCatalogStates" SET "LastAttemptAt" = @p0, "LastCompleteConfirmationAt" = @p1, "UpdatedAt" = @p2
WHERE "MapId" = @p3
RETURNING 1;
[21:02:35 INF] Executed DbCommand (0ms) [Parameters=[@__mapId_0='?' (DbType = Int32)], CommandType='Text', CommandTimeout='30']
SELECT "t"."MapId", "t"."ActiveVersion", "t"."PendingVersion", "t"."State", "t"."UpdatedAt"
FROM "TaskTypeStationActiveBindingSets" AS "t"
WHERE "t"."MapId" = @__mapId_0
LIMIT 2
[21:02:35 INF] Executed DbCommand (0ms) [Parameters=[@__mapId_0='?' (DbType = Int32), @__version_1='?' (DbType = Int64)], CommandType='Text', CommandTimeout='30']
SELECT "t"."MapId", "t"."Version", "t"."CatalogRevision", "t"."ContentSha256", "t"."LoadedAt", "t"."RuleVersion", "t"."SnapshotId", "t"."Source"
FROM "TaskTypeStationBindingSetVersions" AS "t"
WHERE "t"."MapId" = @__mapId_0 AND "t"."Version" = @__version_1
LIMIT 2
[21:02:35 INF] Executed DbCommand (0ms) [Parameters=[@__mapId_0='?' (DbType = Int32), @__version_1='?' (DbType = Int64)], CommandType='Text', CommandTimeout='30']
SELECT "t"."TaskType"
FROM "TaskTypeStationRequirements" AS "t"
WHERE "t"."MapId" = @__mapId_0 AND "t"."Version" = @__version_1
[21:02:35 INF] Executed DbCommand (0ms) [Parameters=[@__mapId_0='?' (DbType = Int32), @__version_1='?' (DbType = Int64)], CommandType='Text', CommandTimeout='30']
SELECT "t"."MapId", "t"."Version", "t"."TaskType", "t"."SiteVerificationRef", "t"."StationName", "t"."StationRiotId"
FROM "TaskTypeStationBindings" AS "t"
WHERE "t"."MapId" = @__mapId_0 AND "t"."Version" = @__version_1
[21:02:35 INF] Executed DbCommand (0ms) [Parameters=[@__mapId_0='?' (DbType = Int32)], CommandType='Text', CommandTimeout='30']
SELECT "t"."MapId", "t"."ActiveVersion", "t"."PendingVersion", "t"."State", "t"."UpdatedAt"
FROM "TaskTypeStationActiveBindingSets" AS "t"
WHERE "t"."MapId" = @__mapId_0
LIMIT 2
[21:02:35 INF] Executed DbCommand (0ms) [Parameters=[@__mapId_0='?' (DbType = Int32), @__version_1='?' (DbType = Int64)], CommandType='Text', CommandTimeout='30']
SELECT "t"."MapId", "t"."Version", "t"."CatalogRevision", "t"."ContentSha256", "t"."LoadedAt", "t"."RuleVersion", "t"."SnapshotId", "t"."Source"
FROM "TaskTypeStationBindingSetVersions" AS "t"
WHERE "t"."MapId" = @__mapId_0 AND "t"."Version" = @__version_1
LIMIT 2
[21:02:35 INF] Executed DbCommand (0ms) [Parameters=[@__mapId_0='?' (DbType = Int32), @__version_1='?' (DbType = Int64)], CommandType='Text', CommandTimeout='30']
SELECT "t"."TaskType"
FROM "TaskTypeStationRequirements" AS "t"
WHERE "t"."MapId" = @__mapId_0 AND "t"."Version" = @__version_1
[21:02:35 INF] Executed DbCommand (0ms) [Parameters=[@__mapId_0='?' (DbType = Int32), @__version_1='?' (DbType = Int64)], CommandType='Text', CommandTimeout='30']
SELECT "t"."MapId", "t"."Version", "t"."TaskType", "t"."SiteVerificationRef", "t"."StationName", "t"."StationRiotId"
FROM "TaskTypeStationBindings" AS "t"
WHERE "t"."MapId" = @__mapId_0 AND "t"."Version" = @__version_1
[21:02:35 INF] Executed DbCommand (0ms) [Parameters=[@__version_0='?' (DbType = Int64)], CommandType='Text', CommandTimeout='30']
SELECT "t"."Version", "t"."ContentSha256", "t"."LoadedAt", "t"."SnapshotId", "t"."Source"
FROM "TaskTypeStationRuleVersions" AS "t"
WHERE "t"."Version" = @__version_0
LIMIT 2
[21:02:35 INF] Executed DbCommand (0ms) [Parameters=[@__version_0='?' (DbType = Int64)], CommandType='Text', CommandTimeout='30']
SELECT "t"."Version", "t"."TaskType", "t"."FixedEnd"
FROM "TaskTypeStationRules" AS "t"
WHERE "t"."Version" = @__version_0
[21:02:35 INF] Executed DbCommand (0ms) [Parameters=[], CommandType='Text', CommandTimeout='30']
SELECT "a"."Id", "a"."ContentHash", "a"."DeploymentId", "a"."ImportedAt", "a"."Version"
FROM "AdmissionPolicyState" AS "a"
WHERE "a"."Id" = 1
LIMIT 2
[21:02:35 INF] Executed DbCommand (0ms) [Parameters=[], CommandType='Text', CommandTimeout='30']
SELECT "j"."DemandId", "j"."AgvId", "j"."AgvLifecycleGeneration", "j"."BlockReasonCode", "j"."BlockReasonSince", "j"."ConsumedSafetyResultMessageId", "j"."ConsumedSublotMessageId", "j"."CreatedAt", "j"."DispatchGeneration", "j"."DispatchZone", "j"."ExpectedBasketCount", "j"."GateMovementLegId", "j"."GatePlanMessageId", "j"."GateStationId", "j"."GateStationRiotId", "j"."GateUpperId", "j"."GateVehicleBusinessMessageId", "j"."GateWorklistMessageId", "j"."LoadCommandMessageId", "j"."LoadSlotOperationAttemptId", "j"."MapId", "j"."MapIdentity", "j"."OperationSessionId", "j"."PickupMovementLegId", "j"."PickupStationId", "j"."PickupStationRiotId", "j"."PickupUpperId", "j"."PlanMessageId", "j"."PlanRevision", "j"."PreDepartureSafetyCheckId", "j"."PreDepartureSafetyCheckMessageId", "j"."RouteEvidenceId", "j"."Stage", "j"."StationDepartureWaitStartedAt", "j"."SublotRequestMessageId", "j"."TargetSlotsJson", "j"."UnloadCommandMessageId", "j"."UnloadSlotOperationAttemptId", "j"."UpdatedAt", "j"."VehicleBusinessMessageId", "j"."VehicleBusinessRevision", "j"."VehicleKey", "j"."WorklistMessageId", "j"."WorklistRevision"
FROM "JourneyRuntimes" AS "j"
WHERE "j"."Stage" <> 'Completed'
[21:02:35 INF] Executed DbCommand (0ms) [Parameters=[@__agvId_0='?' (Size = 10)], CommandType='Text', CommandTimeout='30']
SELECT "s"."AgvId", "s"."ActiveUnlockSlotsJson", "s"."CapabilityHash", "s"."CapabilityRevision", "s"."DepartureSafe", "s"."ForcedRecoveryGeneration", "s"."ManifestSha256", "s"."PendingAttemptIdsJson", "s"."PendingResultIdsJson", "s"."ProfileId", "s"."ProtocolCommit", "s"."ProtocolVersion", "s"."ProvenRecoveryCheckpoint", "s"."Readiness", "s"."ReasonCode", "s"."RecoveryReportId", "s"."ReportedForcedRecoveryGeneration", "s"."ReportedSlotConfigurationFingerprint", "s"."SafetyHash", "s"."SafetyReasonCodesJson", "s"."SafetyRevision", "s"."SafetyUnknownPresent", "s"."SessionGeneration", "s"."UnsettledSlotOperationAttemptId", "s"."UpdatedAt"
FROM "SessionRecoveries" AS "s"
WHERE "s"."AgvId" = @__agvId_0 AND "s"."Readiness" = 'Ready'
LIMIT 2
[21:02:35 INF] Executed DbCommand (0ms) [Parameters=[], CommandType='Text', CommandTimeout='30']
SELECT "p"."MessageId", "p"."AcknowledgedAt", "p"."CreatedAt", "p"."FencedAt", "p"."MessageType", "p"."PayloadJson"
FROM "ProtocolOutbox" AS "p"
WHERE "p"."AcknowledgedAt" IS NULL AND "p"."FencedAt" IS NULL
[21:02:35 INF] Executed DbCommand (0ms) [Parameters=[@__runtime_DemandId_0='?' (Size = 36)], CommandType='Text', CommandTimeout='30']
SELECT "r"."WorkflowId", "r"."AgvId", "r"."CommandContentHash", "r"."CommandMessageId", "r"."CommandMessageType", "r"."CreatedAt", "r"."DemandId", "r"."ExceptionRecoverySessionId", "r"."ForcedRecoveryGeneration", "r"."HandoffId", "r"."Outcome", "r"."RequestContentHash", "r"."RequestMessageId", "r"."ResultContentHash", "r"."ResultMessageId", "r"."SlotOperationAttemptId", "r"."SlotsJson", "r"."State", "r"."UpdatedAt", "r"."WorkflowType"
FROM "RecoveryWorkflows" AS "r"
WHERE "r"."DemandId" = @__runtime_DemandId_0 AND "r"."WorkflowType" = 'LOAD_CORRECTION'
[21:02:35 INF] Start processing HTTP request GET http://127.0.0.1:48408/api/task/v1/task/getVehicleInfo/BROKERX-L2-0001
[21:02:35 INF] Sending HTTP request GET http://127.0.0.1:48408/api/task/v1/task/getVehicleInfo/BROKERX-L2-0001
[21:02:35 INF] Received HTTP response headers after 0.5637ms - 200
[21:02:35 INF] End processing HTTP request after 3.9269ms - 200
[21:02:35 INF] Start processing HTTP request GET http://127.0.0.1:48408/api/order/v1/orderRecord?pageNum=1&pageSize=100&filterByState=1&filterByState=3&filterByState=7&filterByState=9
[21:02:35 INF] Sending HTTP request GET http://127.0.0.1:48408/api/order/v1/orderRecord?pageNum=1&pageSize=100&filterByState=1&filterByState=3&filterByState=7&filterByState=9
[21:02:35 INF] Received HTTP response headers after 0.4565ms - 200
[21:02:35 INF] End processing HTTP request after 1.3729ms - 200
[21:02:35 INF] HTTP GET /api/onboard/v1/vehicle-safety responded 200 in 6.5219 ms
[21:02:36 INF] Start processing HTTP request GET http://127.0.0.1:48408/api/imap/v1/mapInfo/stations/25
[21:02:36 INF] Sending HTTP request GET http://127.0.0.1:48408/api/imap/v1/mapInfo/stations/25
[21:02:36 INF] Received HTTP response headers after 0.5265ms - 200
[21:02:36 INF] End processing HTTP request after 3.8606ms - 200
[21:02:36 INF] Executed DbCommand (0ms) [Parameters=[@__mapId_0='?' (DbType = Int32)], CommandType='Text', CommandTimeout='30']
SELECT "t"."MapId", "t"."ActiveVersion", "t"."PendingVersion", "t"."State", "t"."UpdatedAt"
FROM "TaskTypeStationActiveBindingSets" AS "t"
WHERE "t"."MapId" = @__mapId_0
LIMIT 2
[21:02:36 INF] Executed DbCommand (0ms) [Parameters=[@__mapId_0='?' (DbType = Int32), @__version_1='?' (DbType = Int64)], CommandType='Text', CommandTimeout='30']
SELECT "t"."MapId", "t"."Version", "t"."CatalogRevision", "t"."ContentSha256", "t"."LoadedAt", "t"."RuleVersion", "t"."SnapshotId", "t"."Source"
FROM "TaskTypeStationBindingSetVersions" AS "t"
WHERE "t"."MapId" = @__mapId_0 AND "t"."Version" = @__version_1
LIMIT 2
[21:02:36 INF] Executed DbCommand (0ms) [Parameters=[@__mapId_0='?' (DbType = Int32), @__version_1='?' (DbType = Int64)], CommandType='Text', CommandTimeout='30']
SELECT "t"."TaskType"
FROM "TaskTypeStationRequirements" AS "t"
WHERE "t"."MapId" = @__mapId_0 AND "t"."Version" = @__version_1
[21:02:36 INF] Executed DbCommand (0ms) [Parameters=[@__mapId_0='?' (DbType = Int32), @__version_1='?' (DbType = Int64)], CommandType='Text', CommandTimeout='30']
SELECT "t"."MapId", "t"."Version", "t"."TaskType", "t"."SiteVerificationRef", "t"."StationName", "t"."StationRiotId"
FROM "TaskTypeStationBindings" AS "t"
WHERE "t"."MapId" = @__mapId_0 AND "t"."Version" = @__version_1
[21:02:36 INF] Executed DbCommand (0ms) [Parameters=[@__version_0='?' (DbType = Int64)], CommandType='Text', CommandTimeout='30']
SELECT "t"."Version", "t"."ContentSha256", "t"."LoadedAt", "t"."SnapshotId", "t"."Source"
FROM "TaskTypeStationRuleVersions" AS "t"
WHERE "t"."Version" = @__version_0
LIMIT 2
[21:02:36 INF] Executed DbCommand (0ms) [Parameters=[@__version_0='?' (DbType = Int64)], CommandType='Text', CommandTimeout='30']
SELECT "t"."Version", "t"."TaskType", "t"."FixedEnd"
FROM "TaskTypeStationRules" AS "t"
WHERE "t"."Version" = @__version_0
[21:02:36 INF] Executed DbCommand (0ms) [Parameters=[@__mapId_0='?' (DbType = Int32)], CommandType='Text', CommandTimeout='30']
SELECT "t"."MapId", "t"."ActiveVersion", "t"."PendingVersion", "t"."State", "t"."UpdatedAt"
FROM "TaskTypeStationActiveBindingSets" AS "t"
WHERE "t"."MapId" = @__mapId_0
LIMIT 2
[21:02:36 INF] Executed DbCommand (0ms) [Parameters=[@__mapId_0='?' (DbType = Int32)], CommandType='Text', CommandTimeout='30']
SELECT "t"."HoldId", "t"."DetailJson", "t"."MapId", "t"."RaisedAt", "t"."RaisedBy", "t"."ReasonCode", "t"."ReleasedAt", "t"."ReleasedBy", "t"."Source", "t"."TaskType"
FROM "TaskTypeStationHolds" AS "t"
WHERE "t"."MapId" = @__mapId_0 AND "t"."ReleasedAt" IS NULL
[21:02:36 INF] Executed DbCommand (0ms) [Parameters=[@__mapId_0='?' (DbType = Int32)], CommandType='Text', CommandTimeout='30']
SELECT "m"."MapId", "m"."ApprovedMaxUnconfirmedSeconds", "m"."ApprovedSyncPeriodSeconds", "m"."CatalogRevision", "m"."LastAttemptAt", "m"."LastCompleteConfirmationAt", "m"."LastFailureReason", "m"."State", "m"."UpdatedAt"
FROM "MapStationCatalogStates" AS "m"
WHERE "m"."MapId" = @__mapId_0
LIMIT 2
[21:02:36 INF] Executed DbCommand (0ms) [Parameters=[@p3='?' (DbType = Int32), @p0='?' (DbType = DateTimeOffset), @p1='?' (DbType = DateTimeOffset), @p2='?' (DbType = DateTimeOffset)], CommandType='Text', CommandTimeout='30']
UPDATE "MapStationCatalogStates" SET "LastAttemptAt" = @p0, "LastCompleteConfirmationAt" = @p1, "UpdatedAt" = @p2
WHERE "MapId" = @p3
RETURNING 1;
[21:02:36 INF] Executed DbCommand (0ms) [Parameters=[@__mapId_0='?' (DbType = Int32)], CommandType='Text', CommandTimeout='30']
SELECT "t"."MapId", "t"."ActiveVersion", "t"."PendingVersion", "t"."State", "t"."UpdatedAt"
FROM "TaskTypeStationActiveBindingSets" AS "t"
WHERE "t"."MapId" = @__mapId_0
LIMIT 2
[21:02:36 INF] Executed DbCommand (0ms) [Parameters=[@__mapId_0='?' (DbType = Int32), @__version_1='?' (DbType = Int64)], CommandType='Text', CommandTimeout='30']
SELECT "t"."MapId", "t"."Version", "t"."CatalogRevision", "t"."ContentSha256", "t"."LoadedAt", "t"."RuleVersion", "t"."SnapshotId", "t"."Source"
FROM "TaskTypeStationBindingSetVersions" AS "t"
WHERE "t"."MapId" = @__mapId_0 AND "t"."Version" = @__version_1
LIMIT 2
[21:02:36 INF] Executed DbCommand (0ms) [Parameters=[@__mapId_0='?' (DbType = Int32), @__version_1='?' (DbType = Int64)], CommandType='Text', CommandTimeout='30']
SELECT "t"."TaskType"
FROM "TaskTypeStationRequirements" AS "t"
WHERE "t"."MapId" = @__mapId_0 AND "t"."Version" = @__version_1
[21:02:36 INF] Executed DbCommand (0ms) [Parameters=[@__mapId_0='?' (DbType = Int32), @__version_1='?' (DbType = Int64)], CommandType='Text', CommandTimeout='30']
SELECT "t"."MapId", "t"."Version", "t"."TaskType", "t"."SiteVerificationRef", "t"."StationName", "t"."StationRiotId"
FROM "TaskTypeStationBindings" AS "t"
WHERE "t"."MapId" = @__mapId_0 AND "t"."Version" = @__version_1
[21:02:36 INF] Executed DbCommand (0ms) [Parameters=[@__mapId_0='?' (DbType = Int32)], CommandType='Text', CommandTimeout='30']
SELECT "t"."MapId", "t"."ActiveVersion", "t"."PendingVersion", "t"."State", "t"."UpdatedAt"
FROM "TaskTypeStationActiveBindingSets" AS "t"
WHERE "t"."MapId" = @__mapId_0
LIMIT 2
[21:02:36 INF] Executed DbCommand (0ms) [Parameters=[@__mapId_0='?' (DbType = Int32), @__version_1='?' (DbType = Int64)], CommandType='Text', CommandTimeout='30']
SELECT "t"."MapId", "t"."Version", "t"."CatalogRevision", "t"."ContentSha256", "t"."LoadedAt", "t"."RuleVersion", "t"."SnapshotId", "t"."Source"
FROM "TaskTypeStationBindingSetVersions" AS "t"
WHERE "t"."MapId" = @__mapId_0 AND "t"."Version" = @__version_1
LIMIT 2
[21:02:36 INF] Executed DbCommand (0ms) [Parameters=[@__mapId_0='?' (DbType = Int32), @__version_1='?' (DbType = Int64)], CommandType='Text', CommandTimeout='30']
SELECT "t"."TaskType"
FROM "TaskTypeStationRequirements" AS "t"
WHERE "t"."MapId" = @__mapId_0 AND "t"."Version" = @__version_1
[21:02:36 INF] Executed DbCommand (0ms) [Parameters=[@__mapId_0='?' (DbType = Int32), @__version_1='?' (DbType = Int64)], CommandType='Text', CommandTimeout='30']
SELECT "t"."MapId", "t"."Version", "t"."TaskType", "t"."SiteVerificationRef", "t"."StationName", "t"."StationRiotId"
FROM "TaskTypeStationBindings" AS "t"
WHERE "t"."MapId" = @__mapId_0 AND "t"."Version" = @__version_1
[21:02:36 INF] Executed DbCommand (0ms) [Parameters=[@__version_0='?' (DbType = Int64)], CommandType='Text', CommandTimeout='30']
SELECT "t"."Version", "t"."ContentSha256", "t"."LoadedAt", "t"."SnapshotId", "t"."Source"
FROM "TaskTypeStationRuleVersions" AS "t"
WHERE "t"."Version" = @__version_0
LIMIT 2
[21:02:36 INF] Executed DbCommand (0ms) [Parameters=[@__version_0='?' (DbType = Int64)], CommandType='Text', CommandTimeout='30']
SELECT "t"."Version", "t"."TaskType", "t"."FixedEnd"
FROM "TaskTypeStationRules" AS "t"
WHERE "t"."Version" = @__version_0
[21:02:36 INF] Executed DbCommand (0ms) [Parameters=[], CommandType='Text', CommandTimeout='30']
SELECT "a"."Id", "a"."ContentHash", "a"."DeploymentId", "a"."ImportedAt", "a"."Version"
FROM "AdmissionPolicyState" AS "a"
WHERE "a"."Id" = 1
LIMIT 2
[21:02:36 INF] Executed DbCommand (0ms) [Parameters=[], CommandType='Text', CommandTimeout='30']
SELECT "j"."DemandId", "j"."AgvId", "j"."AgvLifecycleGeneration", "j"."BlockReasonCode", "j"."BlockReasonSince", "j"."ConsumedSafetyResultMessageId", "j"."ConsumedSublotMessageId", "j"."CreatedAt", "j"."DispatchGeneration", "j"."DispatchZone", "j"."ExpectedBasketCount", "j"."GateMovementLegId", "j"."GatePlanMessageId", "j"."GateStationId", "j"."GateStationRiotId", "j"."GateUpperId", "j"."GateVehicleBusinessMessageId", "j"."GateWorklistMessageId", "j"."LoadCommandMessageId", "j"."LoadSlotOperationAttemptId", "j"."MapId", "j"."MapIdentity", "j"."OperationSessionId", "j"."PickupMovementLegId", "j"."PickupStationId", "j"."PickupStationRiotId", "j"."PickupUpperId", "j"."PlanMessageId", "j"."PlanRevision", "j"."PreDepartureSafetyCheckId", "j"."PreDepartureSafetyCheckMessageId", "j"."RouteEvidenceId", "j"."Stage", "j"."StationDepartureWaitStartedAt", "j"."SublotRequestMessageId", "j"."TargetSlotsJson", "j"."UnloadCommandMessageId", "j"."UnloadSlotOperationAttemptId", "j"."UpdatedAt", "j"."VehicleBusinessMessageId", "j"."VehicleBusinessRevision", "j"."VehicleKey", "j"."WorklistMessageId", "j"."WorklistRevision"
FROM "JourneyRuntimes" AS "j"
WHERE "j"."Stage" <> 'Completed'
[21:02:36 INF] Executed DbCommand (0ms) [Parameters=[@__agvId_0='?' (Size = 10)], CommandType='Text', CommandTimeout='30']
SELECT "s"."AgvId", "s"."ActiveUnlockSlotsJson", "s"."CapabilityHash", "s"."CapabilityRevision", "s"."DepartureSafe", "s"."ForcedRecoveryGeneration", "s"."ManifestSha256", "s"."PendingAttemptIdsJson", "s"."PendingResultIdsJson", "s"."ProfileId", "s"."ProtocolCommit", "s"."ProtocolVersion", "s"."ProvenRecoveryCheckpoint", "s"."Readiness", "s"."ReasonCode", "s"."RecoveryReportId", "s"."ReportedForcedRecoveryGeneration", "s"."ReportedSlotConfigurationFingerprint", "s"."SafetyHash", "s"."SafetyReasonCodesJson", "s"."SafetyRevision", "s"."SafetyUnknownPresent", "s"."SessionGeneration", "s"."UnsettledSlotOperationAttemptId", "s"."UpdatedAt"
FROM "SessionRecoveries" AS "s"
WHERE "s"."AgvId" = @__agvId_0 AND "s"."Readiness" = 'Ready'
LIMIT 2
[21:02:36 INF] Executed DbCommand (0ms) [Parameters=[], CommandType='Text', CommandTimeout='30']
SELECT "p"."MessageId", "p"."AcknowledgedAt", "p"."CreatedAt", "p"."FencedAt", "p"."MessageType", "p"."PayloadJson"
FROM "ProtocolOutbox" AS "p"
WHERE "p"."AcknowledgedAt" IS NULL AND "p"."FencedAt" IS NULL
[21:02:36 INF] Executed DbCommand (0ms) [Parameters=[@__runtime_DemandId_0='?' (Size = 36)], CommandType='Text', CommandTimeout='30']
SELECT "r"."WorkflowId", "r"."AgvId", "r"."CommandContentHash", "r"."CommandMessageId", "r"."CommandMessageType", "r"."CreatedAt", "r"."DemandId", "r"."ExceptionRecoverySessionId", "r"."ForcedRecoveryGeneration", "r"."HandoffId", "r"."Outcome", "r"."RequestContentHash", "r"."RequestMessageId", "r"."ResultContentHash", "r"."ResultMessageId", "r"."SlotOperationAttemptId", "r"."SlotsJson", "r"."State", "r"."UpdatedAt", "r"."WorkflowType"
FROM "RecoveryWorkflows" AS "r"
WHERE "r"."DemandId" = @__runtime_DemandId_0 AND "r"."WorkflowType" = 'LOAD_CORRECTION'
[21:02:36 INF] Executed DbCommand (0ms) [Parameters=[@__messageId_0='?' (Size = 36)], CommandType='Text', CommandTimeout='30']
SELECT "p"."MessageId", "p"."ContentHash", "p"."FirstResponseJson", "p"."MessageType", "p"."ReceivedAt", "p"."RequestJson"
FROM "ProtocolInbox" AS "p"
WHERE "p"."MessageId" = @__messageId_0
LIMIT 2
[21:02:36 INF] Executed DbCommand (0ms) [Parameters=[@p0='?' (Size = 36), @p1='?' (Size = 64), @p2='?' (Size = 536), @p3='?' (Size = 9), @p4='?' (DbType = DateTimeOffset), @p5='?' (Size = 427)], CommandType='Text', CommandTimeout='30']
INSERT INTO "ProtocolInbox" ("MessageId", "ContentHash", "FirstResponseJson", "MessageType", "ReceivedAt", "RequestJson")
VALUES (@p0, @p1, @p2, @p3, @p4, @p5);
[21:02:36 INF] Start processing HTTP request GET http://127.0.0.1:48408/api/task/v1/task/getVehicleInfo/BROKERX-L2-0001
[21:02:36 INF] Sending HTTP request GET http://127.0.0.1:48408/api/task/v1/task/getVehicleInfo/BROKERX-L2-0001
[21:02:36 INF] Received HTTP response headers after 0.5124ms - 200
[21:02:36 INF] End processing HTTP request after 1.8226ms - 200
[21:02:36 INF] Start processing HTTP request GET http://127.0.0.1:48408/api/order/v1/orderRecord?pageNum=1&pageSize=100&filterByState=1&filterByState=3&filterByState=7&filterByState=9
[21:02:36 INF] Sending HTTP request GET http://127.0.0.1:48408/api/order/v1/orderRecord?pageNum=1&pageSize=100&filterByState=1&filterByState=3&filterByState=7&filterByState=9
[21:02:36 INF] Received HTTP response headers after 0.4786ms - 200
[21:02:36 INF] End processing HTTP request after 1.2303ms - 200
[21:02:36 INF] HTTP GET /api/onboard/v1/vehicle-safety responded 200 in 4.2242 ms
[21:02:37 INF] Start processing HTTP request GET http://127.0.0.1:48408/api/imap/v1/mapInfo/stations/25
[21:02:37 INF] Sending HTTP request GET http://127.0.0.1:48408/api/imap/v1/mapInfo/stations/25
[21:02:37 INF] Received HTTP response headers after 0.6913ms - 200
[21:02:37 INF] End processing HTTP request after 4.1997ms - 200
[21:02:37 INF] Executed DbCommand (0ms) [Parameters=[@__mapId_0='?' (DbType = Int32)], CommandType='Text', CommandTimeout='30']
SELECT "t"."MapId", "t"."ActiveVersion", "t"."PendingVersion", "t"."State", "t"."UpdatedAt"
FROM "TaskTypeStationActiveBindingSets" AS "t"
WHERE "t"."MapId" = @__mapId_0
LIMIT 2
[21:02:37 INF] Executed DbCommand (0ms) [Parameters=[@__mapId_0='?' (DbType = Int32), @__version_1='?' (DbType = Int64)], CommandType='Text', CommandTimeout='30']
SELECT "t"."MapId", "t"."Version", "t"."CatalogRevision", "t"."ContentSha256", "t"."LoadedAt", "t"."RuleVersion", "t"."SnapshotId", "t"."Source"
FROM "TaskTypeStationBindingSetVersions" AS "t"
WHERE "t"."MapId" = @__mapId_0 AND "t"."Version" = @__version_1
LIMIT 2
[21:02:37 INF] Executed DbCommand (0ms) [Parameters=[@__mapId_0='?' (DbType = Int32), @__version_1='?' (DbType = Int64)], CommandType='Text', CommandTimeout='30']
SELECT "t"."TaskType"
FROM "TaskTypeStationRequirements" AS "t"
WHERE "t"."MapId" = @__mapId_0 AND "t"."Version" = @__version_1
[21:02:37 INF] Executed DbCommand (0ms) [Parameters=[@__mapId_0='?' (DbType = Int32), @__version_1='?' (DbType = Int64)], CommandType='Text', CommandTimeout='30']
SELECT "t"."MapId", "t"."Version", "t"."TaskType", "t"."SiteVerificationRef", "t"."StationName", "t"."StationRiotId"
FROM "TaskTypeStationBindings" AS "t"
WHERE "t"."MapId" = @__mapId_0 AND "t"."Version" = @__version_1
[21:02:37 INF] Executed DbCommand (0ms) [Parameters=[@__version_0='?' (DbType = Int64)], CommandType='Text', CommandTimeout='30']
SELECT "t"."Version", "t"."ContentSha256", "t"."LoadedAt", "t"."SnapshotId", "t"."Source"
FROM "TaskTypeStationRuleVersions" AS "t"
WHERE "t"."Version" = @__version_0
LIMIT 2
[21:02:37 INF] Executed DbCommand (0ms) [Parameters=[@__version_0='?' (DbType = Int64)], CommandType='Text', CommandTimeout='30']
SELECT "t"."Version", "t"."TaskType", "t"."FixedEnd"
FROM "TaskTypeStationRules" AS "t"
WHERE "t"."Version" = @__version_0
[21:02:37 INF] Executed DbCommand (0ms) [Parameters=[@__mapId_0='?' (DbType = Int32)], CommandType='Text', CommandTimeout='30']
SELECT "t"."MapId", "t"."ActiveVersion", "t"."PendingVersion", "t"."State", "t"."UpdatedAt"
FROM "TaskTypeStationActiveBindingSets" AS "t"
WHERE "t"."MapId" = @__mapId_0
LIMIT 2
[21:02:37 INF] Executed DbCommand (0ms) [Parameters=[@__mapId_0='?' (DbType = Int32)], CommandType='Text', CommandTimeout='30']
SELECT "t"."HoldId", "t"."DetailJson", "t"."MapId", "t"."RaisedAt", "t"."RaisedBy", "t"."ReasonCode", "t"."ReleasedAt", "t"."ReleasedBy", "t"."Source", "t"."TaskType"
FROM "TaskTypeStationHolds" AS "t"
WHERE "t"."MapId" = @__mapId_0 AND "t"."ReleasedAt" IS NULL
[21:02:37 INF] Executed DbCommand (0ms) [Parameters=[@__mapId_0='?' (DbType = Int32)], CommandType='Text', CommandTimeout='30']
SELECT "m"."MapId", "m"."ApprovedMaxUnconfirmedSeconds", "m"."ApprovedSyncPeriodSeconds", "m"."CatalogRevision", "m"."LastAttemptAt", "m"."LastCompleteConfirmationAt", "m"."LastFailureReason", "m"."State", "m"."UpdatedAt"
FROM "MapStationCatalogStates" AS "m"
WHERE "m"."MapId" = @__mapId_0
LIMIT 2
[21:02:37 INF] Executed DbCommand (0ms) [Parameters=[@p3='?' (DbType = Int32), @p0='?' (DbType = DateTimeOffset), @p1='?' (DbType = DateTimeOffset), @p2='?' (DbType = DateTimeOffset)], CommandType='Text', CommandTimeout='30']
UPDATE "MapStationCatalogStates" SET "LastAttemptAt" = @p0, "LastCompleteConfirmationAt" = @p1, "UpdatedAt" = @p2
WHERE "MapId" = @p3
RETURNING 1;
[21:02:37 INF] Executed DbCommand (0ms) [Parameters=[@__mapId_0='?' (DbType = Int32)], CommandType='Text', CommandTimeout='30']
SELECT "t"."MapId", "t"."ActiveVersion", "t"."PendingVersion", "t"."State", "t"."UpdatedAt"
FROM "TaskTypeStationActiveBindingSets" AS "t"
WHERE "t"."MapId" = @__mapId_0
LIMIT 2
[21:02:37 INF] Executed DbCommand (0ms) [Parameters=[@__mapId_0='?' (DbType = Int32), @__version_1='?' (DbType = Int64)], CommandType='Text', CommandTimeout='30']
SELECT "t"."MapId", "t"."Version", "t"."CatalogRevision", "t"."ContentSha256", "t"."LoadedAt", "t"."RuleVersion", "t"."SnapshotId", "t"."Source"
FROM "TaskTypeStationBindingSetVersions" AS "t"
WHERE "t"."MapId" = @__mapId_0 AND "t"."Version" = @__version_1
LIMIT 2
[21:02:37 INF] Executed DbCommand (0ms) [Parameters=[@__mapId_0='?' (DbType = Int32), @__version_1='?' (DbType = Int64)], CommandType='Text', CommandTimeout='30']
SELECT "t"."TaskType"
FROM "TaskTypeStationRequirements" AS "t"
WHERE "t"."MapId" = @__mapId_0 AND "t"."Version" = @__version_1
[21:02:37 INF] Executed DbCommand (0ms) [Parameters=[@__mapId_0='?' (DbType = Int32), @__version_1='?' (DbType = Int64)], CommandType='Text', CommandTimeout='30']
SELECT "t"."MapId", "t"."Version", "t"."TaskType", "t"."SiteVerificationRef", "t"."StationName", "t"."StationRiotId"
FROM "TaskTypeStationBindings" AS "t"
WHERE "t"."MapId" = @__mapId_0 AND "t"."Version" = @__version_1
[21:02:37 INF] Executed DbCommand (0ms) [Parameters=[@__mapId_0='?' (DbType = Int32)], CommandType='Text', CommandTimeout='30']
SELECT "t"."MapId", "t"."ActiveVersion", "t"."PendingVersion", "t"."State", "t"."UpdatedAt"
FROM "TaskTypeStationActiveBindingSets" AS "t"
WHERE "t"."MapId" = @__mapId_0
LIMIT 2
[21:02:37 INF] Executed DbCommand (0ms) [Parameters=[@__mapId_0='?' (DbType = Int32), @__version_1='?' (DbType = Int64)], CommandType='Text', CommandTimeout='30']
SELECT "t"."MapId", "t"."Version", "t"."CatalogRevision", "t"."ContentSha256", "t"."LoadedAt", "t"."RuleVersion", "t"."SnapshotId", "t"."Source"
FROM "TaskTypeStationBindingSetVersions" AS "t"
WHERE "t"."MapId" = @__mapId_0 AND "t"."Version" = @__version_1
LIMIT 2
[21:02:37 INF] Executed DbCommand (0ms) [Parameters=[@__mapId_0='?' (DbType = Int32), @__version_1='?' (DbType = Int64)], CommandType='Text', CommandTimeout='30']
SELECT "t"."TaskType"
FROM "TaskTypeStationRequirements" AS "t"
WHERE "t"."MapId" = @__mapId_0 AND "t"."Version" = @__version_1
[21:02:37 INF] Executed DbCommand (0ms) [Parameters=[@__mapId_0='?' (DbType = Int32), @__version_1='?' (DbType = Int64)], CommandType='Text', CommandTimeout='30']
SELECT "t"."MapId", "t"."Version", "t"."TaskType", "t"."SiteVerificationRef", "t"."StationName", "t"."StationRiotId"
FROM "TaskTypeStationBindings" AS "t"
WHERE "t"."MapId" = @__mapId_0 AND "t"."Version" = @__version_1
[21:02:37 INF] Executed DbCommand (0ms) [Parameters=[@__version_0='?' (DbType = Int64)], CommandType='Text', CommandTimeout='30']
SELECT "t"."Version", "t"."ContentSha256", "t"."LoadedAt", "t"."SnapshotId", "t"."Source"
FROM "TaskTypeStationRuleVersions" AS "t"
WHERE "t"."Version" = @__version_0
LIMIT 2
[21:02:37 INF] Executed DbCommand (0ms) [Parameters=[@__version_0='?' (DbType = Int64)], CommandType='Text', CommandTimeout='30']
SELECT "t"."Version", "t"."TaskType", "t"."FixedEnd"
FROM "TaskTypeStationRules" AS "t"
WHERE "t"."Version" = @__version_0
[21:02:37 INF] Executed DbCommand (0ms) [Parameters=[], CommandType='Text', CommandTimeout='30']
SELECT "a"."Id", "a"."ContentHash", "a"."DeploymentId", "a"."ImportedAt", "a"."Version"
FROM "AdmissionPolicyState" AS "a"
WHERE "a"."Id" = 1
LIMIT 2
[21:02:37 INF] Executed DbCommand (0ms) [Parameters=[], CommandType='Text', CommandTimeout='30']
SELECT "j"."DemandId", "j"."AgvId", "j"."AgvLifecycleGeneration", "j"."BlockReasonCode", "j"."BlockReasonSince", "j"."ConsumedSafetyResultMessageId", "j"."ConsumedSublotMessageId", "j"."CreatedAt", "j"."DispatchGeneration", "j"."DispatchZone", "j"."ExpectedBasketCount", "j"."GateMovementLegId", "j"."GatePlanMessageId", "j"."GateStationId", "j"."GateStationRiotId", "j"."GateUpperId", "j"."GateVehicleBusinessMessageId", "j"."GateWorklistMessageId", "j"."LoadCommandMessageId", "j"."LoadSlotOperationAttemptId", "j"."MapId", "j"."MapIdentity", "j"."OperationSessionId", "j"."PickupMovementLegId", "j"."PickupStationId", "j"."PickupStationRiotId", "j"."PickupUpperId", "j"."PlanMessageId", "j"."PlanRevision", "j"."PreDepartureSafetyCheckId", "j"."PreDepartureSafetyCheckMessageId", "j"."RouteEvidenceId", "j"."Stage", "j"."StationDepartureWaitStartedAt", "j"."SublotRequestMessageId", "j"."TargetSlotsJson", "j"."UnloadCommandMessageId", "j"."UnloadSlotOperationAttemptId", "j"."UpdatedAt", "j"."VehicleBusinessMessageId", "j"."VehicleBusinessRevision", "j"."VehicleKey", "j"."WorklistMessageId", "j"."WorklistRevision"
FROM "JourneyRuntimes" AS "j"
WHERE "j"."Stage" <> 'Completed'
[21:02:37 INF] Executed DbCommand (0ms) [Parameters=[@__agvId_0='?' (Size = 10)], CommandType='Text', CommandTimeout='30']
SELECT "s"."AgvId", "s"."ActiveUnlockSlotsJson", "s"."CapabilityHash", "s"."CapabilityRevision", "s"."DepartureSafe", "s"."ForcedRecoveryGeneration", "s"."ManifestSha256", "s"."PendingAttemptIdsJson", "s"."PendingResultIdsJson", "s"."ProfileId", "s"."ProtocolCommit", "s"."ProtocolVersion", "s"."ProvenRecoveryCheckpoint", "s"."Readiness", "s"."ReasonCode", "s"."RecoveryReportId", "s"."ReportedForcedRecoveryGeneration", "s"."ReportedSlotConfigurationFingerprint", "s"."SafetyHash", "s"."SafetyReasonCodesJson", "s"."SafetyRevision", "s"."SafetyUnknownPresent", "s"."SessionGeneration", "s"."UnsettledSlotOperationAttemptId", "s"."UpdatedAt"
FROM "SessionRecoveries" AS "s"
WHERE "s"."AgvId" = @__agvId_0 AND "s"."Readiness" = 'Ready'
LIMIT 2
[21:02:37 INF] Executed DbCommand (0ms) [Parameters=[], CommandType='Text', CommandTimeout='30']
SELECT "p"."MessageId", "p"."AcknowledgedAt", "p"."CreatedAt", "p"."FencedAt", "p"."MessageType", "p"."PayloadJson"
FROM "ProtocolOutbox" AS "p"
WHERE "p"."AcknowledgedAt" IS NULL AND "p"."FencedAt" IS NULL
[21:02:37 INF] Executed DbCommand (0ms) [Parameters=[@__runtime_DemandId_0='?' (Size = 36)], CommandType='Text', CommandTimeout='30']
SELECT "r"."WorkflowId", "r"."AgvId", "r"."CommandContentHash", "r"."CommandMessageId", "r"."CommandMessageType", "r"."CreatedAt", "r"."DemandId", "r"."ExceptionRecoverySessionId", "r"."ForcedRecoveryGeneration", "r"."HandoffId", "r"."Outcome", "r"."RequestContentHash", "r"."RequestMessageId", "r"."ResultContentHash", "r"."ResultMessageId", "r"."SlotOperationAttemptId", "r"."SlotsJson", "r"."State", "r"."UpdatedAt", "r"."WorkflowType"
FROM "RecoveryWorkflows" AS "r"
WHERE "r"."DemandId" = @__runtime_DemandId_0 AND "r"."WorkflowType" = 'LOAD_CORRECTION'
[21:02:37 INF] Start processing HTTP request GET http://127.0.0.1:48408/api/task/v1/task/getVehicleInfo/BROKERX-L2-0001
[21:02:37 INF] Sending HTTP request GET http://127.0.0.1:48408/api/task/v1/task/getVehicleInfo/BROKERX-L2-0001
[21:02:37 INF] Received HTTP response headers after 0.4837ms - 200
[21:02:37 INF] End processing HTTP request after 3.6559ms - 200
[21:02:37 INF] Start processing HTTP request GET http://127.0.0.1:48408/api/order/v1/orderRecord?pageNum=1&pageSize=100&filterByState=1&filterByState=3&filterByState=7&filterByState=9
[21:02:37 INF] Sending HTTP request GET http://127.0.0.1:48408/api/order/v1/orderRecord?pageNum=1&pageSize=100&filterByState=1&filterByState=3&filterByState=7&filterByState=9
[21:02:37 INF] Received HTTP response headers after 0.4131ms - 200
[21:02:37 INF] End processing HTTP request after 1.2356ms - 200
[21:02:37 INF] HTTP GET /api/onboard/v1/vehicle-safety responded 200 in 6.0500 ms
[21:02:38 INF] Start processing HTTP request GET http://127.0.0.1:48408/api/imap/v1/mapInfo/stations/25
[21:02:38 INF] Sending HTTP request GET http://127.0.0.1:48408/api/imap/v1/mapInfo/stations/25
[21:02:38 INF] Received HTTP response headers after 0.4606ms - 200
[21:02:38 INF] End processing HTTP request after 3.7193ms - 200
[21:02:38 INF] Executed DbCommand (0ms) [Parameters=[@__mapId_0='?' (DbType = Int32)], CommandType='Text', CommandTimeout='30']
SELECT "t"."MapId", "t"."ActiveVersion", "t"."PendingVersion", "t"."State", "t"."UpdatedAt"
FROM "TaskTypeStationActiveBindingSets" AS "t"
WHERE "t"."MapId" = @__mapId_0
LIMIT 2
[21:02:38 INF] Executed DbCommand (0ms) [Parameters=[@__mapId_0='?' (DbType = Int32), @__version_1='?' (DbType = Int64)], CommandType='Text', CommandTimeout='30']
SELECT "t"."MapId", "t"."Version", "t"."CatalogRevision", "t"."ContentSha256", "t"."LoadedAt", "t"."RuleVersion", "t"."SnapshotId", "t"."Source"
FROM "TaskTypeStationBindingSetVersions" AS "t"
WHERE "t"."MapId" = @__mapId_0 AND "t"."Version" = @__version_1
LIMIT 2
[21:02:38 INF] Executed DbCommand (0ms) [Parameters=[@__mapId_0='?' (DbType = Int32), @__version_1='?' (DbType = Int64)], CommandType='Text', CommandTimeout='30']
SELECT "t"."TaskType"
FROM "TaskTypeStationRequirements" AS "t"
WHERE "t"."MapId" = @__mapId_0 AND "t"."Version" = @__version_1
[21:02:38 INF] Executed DbCommand (0ms) [Parameters=[@__mapId_0='?' (DbType = Int32), @__version_1='?' (DbType = Int64)], CommandType='Text', CommandTimeout='30']
SELECT "t"."MapId", "t"."Version", "t"."TaskType", "t"."SiteVerificationRef", "t"."StationName", "t"."StationRiotId"
FROM "TaskTypeStationBindings" AS "t"
WHERE "t"."MapId" = @__mapId_0 AND "t"."Version" = @__version_1
[21:02:38 INF] Executed DbCommand (0ms) [Parameters=[@__version_0='?' (DbType = Int64)], CommandType='Text', CommandTimeout='30']
SELECT "t"."Version", "t"."ContentSha256", "t"."LoadedAt", "t"."SnapshotId", "t"."Source"
FROM "TaskTypeStationRuleVersions" AS "t"
WHERE "t"."Version" = @__version_0
LIMIT 2
[21:02:38 INF] Executed DbCommand (0ms) [Parameters=[@__version_0='?' (DbType = Int64)], CommandType='Text', CommandTimeout='30']
SELECT "t"."Version", "t"."TaskType", "t"."FixedEnd"
FROM "TaskTypeStationRules" AS "t"
WHERE "t"."Version" = @__version_0
[21:02:38 INF] Executed DbCommand (0ms) [Parameters=[@__mapId_0='?' (DbType = Int32)], CommandType='Text', CommandTimeout='30']
SELECT "t"."MapId", "t"."ActiveVersion", "t"."PendingVersion", "t"."State", "t"."UpdatedAt"
FROM "TaskTypeStationActiveBindingSets" AS "t"
WHERE "t"."MapId" = @__mapId_0
LIMIT 2
[21:02:38 INF] Executed DbCommand (0ms) [Parameters=[@__mapId_0='?' (DbType = Int32)], CommandType='Text', CommandTimeout='30']
SELECT "t"."HoldId", "t"."DetailJson", "t"."MapId", "t"."RaisedAt", "t"."RaisedBy", "t"."ReasonCode", "t"."ReleasedAt", "t"."ReleasedBy", "t"."Source", "t"."TaskType"
FROM "TaskTypeStationHolds" AS "t"
WHERE "t"."MapId" = @__mapId_0 AND "t"."ReleasedAt" IS NULL
[21:02:38 INF] Executed DbCommand (0ms) [Parameters=[@__mapId_0='?' (DbType = Int32)], CommandType='Text', CommandTimeout='30']
SELECT "m"."MapId", "m"."ApprovedMaxUnconfirmedSeconds", "m"."ApprovedSyncPeriodSeconds", "m"."CatalogRevision", "m"."LastAttemptAt", "m"."LastCompleteConfirmationAt", "m"."LastFailureReason", "m"."State", "m"."UpdatedAt"
FROM "MapStationCatalogStates" AS "m"
WHERE "m"."MapId" = @__mapId_0
LIMIT 2
[21:02:38 INF] Executed DbCommand (0ms) [Parameters=[@p3='?' (DbType = Int32), @p0='?' (DbType = DateTimeOffset), @p1='?' (DbType = DateTimeOffset), @p2='?' (DbType = DateTimeOffset)], CommandType='Text', CommandTimeout='30']
UPDATE "MapStationCatalogStates" SET "LastAttemptAt" = @p0, "LastCompleteConfirmationAt" = @p1, "UpdatedAt" = @p2
WHERE "MapId" = @p3
RETURNING 1;
[21:02:38 INF] Executed DbCommand (0ms) [Parameters=[@__mapId_0='?' (DbType = Int32)], CommandType='Text', CommandTimeout='30']
SELECT "t"."MapId", "t"."ActiveVersion", "t"."PendingVersion", "t"."State", "t"."UpdatedAt"
FROM "TaskTypeStationActiveBindingSets" AS "t"
WHERE "t"."MapId" = @__mapId_0
LIMIT 2
[21:02:38 INF] Executed DbCommand (0ms) [Parameters=[@__mapId_0='?' (DbType = Int32), @__version_1='?' (DbType = Int64)], CommandType='Text', CommandTimeout='30']
SELECT "t"."MapId", "t"."Version", "t"."CatalogRevision", "t"."ContentSha256", "t"."LoadedAt", "t"."RuleVersion", "t"."SnapshotId", "t"."Source"
FROM "TaskTypeStationBindingSetVersions" AS "t"
WHERE "t"."MapId" = @__mapId_0 AND "t"."Version" = @__version_1
LIMIT 2
[21:02:38 INF] Executed DbCommand (0ms) [Parameters=[@__mapId_0='?' (DbType = Int32), @__version_1='?' (DbType = Int64)], CommandType='Text', CommandTimeout='30']
SELECT "t"."TaskType"
FROM "TaskTypeStationRequirements" AS "t"
WHERE "t"."MapId" = @__mapId_0 AND "t"."Version" = @__version_1
[21:02:38 INF] Executed DbCommand (0ms) [Parameters=[@__mapId_0='?' (DbType = Int32), @__version_1='?' (DbType = Int64)], CommandType='Text', CommandTimeout='30']
SELECT "t"."MapId", "t"."Version", "t"."TaskType", "t"."SiteVerificationRef", "t"."StationName", "t"."StationRiotId"
FROM "TaskTypeStationBindings" AS "t"
WHERE "t"."MapId" = @__mapId_0 AND "t"."Version" = @__version_1
[21:02:38 INF] Executed DbCommand (0ms) [Parameters=[@__mapId_0='?' (DbType = Int32)], CommandType='Text', CommandTimeout='30']
SELECT "t"."MapId", "t"."ActiveVersion", "t"."PendingVersion", "t"."State", "t"."UpdatedAt"
FROM "TaskTypeStationActiveBindingSets" AS "t"
WHERE "t"."MapId" = @__mapId_0
LIMIT 2
[21:02:38 INF] Executed DbCommand (0ms) [Parameters=[@__mapId_0='?' (DbType = Int32), @__version_1='?' (DbType = Int64)], CommandType='Text', CommandTimeout='30']
SELECT "t"."MapId", "t"."Version", "t"."CatalogRevision", "t"."ContentSha256", "t"."LoadedAt", "t"."RuleVersion", "t"."SnapshotId", "t"."Source"
FROM "TaskTypeStationBindingSetVersions" AS "t"
WHERE "t"."MapId" = @__mapId_0 AND "t"."Version" = @__version_1
LIMIT 2
[21:02:38 INF] Executed DbCommand (0ms) [Parameters=[@__mapId_0='?' (DbType = Int32), @__version_1='?' (DbType = Int64)], CommandType='Text', CommandTimeout='30']
SELECT "t"."TaskType"
FROM "TaskTypeStationRequirements" AS "t"
WHERE "t"."MapId" = @__mapId_0 AND "t"."Version" = @__version_1
[21:02:38 INF] Executed DbCommand (0ms) [Parameters=[@__mapId_0='?' (DbType = Int32), @__version_1='?' (DbType = Int64)], CommandType='Text', CommandTimeout='30']
SELECT "t"."MapId", "t"."Version", "t"."TaskType", "t"."SiteVerificationRef", "t"."StationName", "t"."StationRiotId"
FROM "TaskTypeStationBindings" AS "t"
WHERE "t"."MapId" = @__mapId_0 AND "t"."Version" = @__version_1
[21:02:38 INF] Executed DbCommand (0ms) [Parameters=[@__version_0='?' (DbType = Int64)], CommandType='Text', CommandTimeout='30']
SELECT "t"."Version", "t"."ContentSha256", "t"."LoadedAt", "t"."SnapshotId", "t"."Source"
FROM "TaskTypeStationRuleVersions" AS "t"
WHERE "t"."Version" = @__version_0
LIMIT 2
[21:02:38 INF] Executed DbCommand (0ms) [Parameters=[@__version_0='?' (DbType = Int64)], CommandType='Text', CommandTimeout='30']
SELECT "t"."Version", "t"."TaskType", "t"."FixedEnd"
FROM "TaskTypeStationRules" AS "t"
WHERE "t"."Version" = @__version_0
[21:02:38 INF] Executed DbCommand (0ms) [Parameters=[], CommandType='Text', CommandTimeout='30']
SELECT "a"."Id", "a"."ContentHash", "a"."DeploymentId", "a"."ImportedAt", "a"."Version"
FROM "AdmissionPolicyState" AS "a"
WHERE "a"."Id" = 1
LIMIT 2
[21:02:38 INF] Executed DbCommand (0ms) [Parameters=[], CommandType='Text', CommandTimeout='30']
SELECT "j"."DemandId", "j"."AgvId", "j"."AgvLifecycleGeneration", "j"."BlockReasonCode", "j"."BlockReasonSince", "j"."ConsumedSafetyResultMessageId", "j"."ConsumedSublotMessageId", "j"."CreatedAt", "j"."DispatchGeneration", "j"."DispatchZone", "j"."ExpectedBasketCount", "j"."GateMovementLegId", "j"."GatePlanMessageId", "j"."GateStationId", "j"."GateStationRiotId", "j"."GateUpperId", "j"."GateVehicleBusinessMessageId", "j"."GateWorklistMessageId", "j"."LoadCommandMessageId", "j"."LoadSlotOperationAttemptId", "j"."MapId", "j"."MapIdentity", "j"."OperationSessionId", "j"."PickupMovementLegId", "j"."PickupStationId", "j"."PickupStationRiotId", "j"."PickupUpperId", "j"."PlanMessageId", "j"."PlanRevision", "j"."PreDepartureSafetyCheckId", "j"."PreDepartureSafetyCheckMessageId", "j"."RouteEvidenceId", "j"."Stage", "j"."StationDepartureWaitStartedAt", "j"."SublotRequestMessageId", "j"."TargetSlotsJson", "j"."UnloadCommandMessageId", "j"."UnloadSlotOperationAttemptId", "j"."UpdatedAt", "j"."VehicleBusinessMessageId", "j"."VehicleBusinessRevision", "j"."VehicleKey", "j"."WorklistMessageId", "j"."WorklistRevision"
FROM "JourneyRuntimes" AS "j"
WHERE "j"."Stage" <> 'Completed'
[21:02:38 INF] Executed DbCommand (0ms) [Parameters=[@__agvId_0='?' (Size = 10)], CommandType='Text', CommandTimeout='30']
SELECT "s"."AgvId", "s"."ActiveUnlockSlotsJson", "s"."CapabilityHash", "s"."CapabilityRevision", "s"."DepartureSafe", "s"."ForcedRecoveryGeneration", "s"."ManifestSha256", "s"."PendingAttemptIdsJson", "s"."PendingResultIdsJson", "s"."ProfileId", "s"."ProtocolCommit", "s"."ProtocolVersion", "s"."ProvenRecoveryCheckpoint", "s"."Readiness", "s"."ReasonCode", "s"."RecoveryReportId", "s"."ReportedForcedRecoveryGeneration", "s"."ReportedSlotConfigurationFingerprint", "s"."SafetyHash", "s"."SafetyReasonCodesJson", "s"."SafetyRevision", "s"."SafetyUnknownPresent", "s"."SessionGeneration", "s"."UnsettledSlotOperationAttemptId", "s"."UpdatedAt"
FROM "SessionRecoveries" AS "s"
WHERE "s"."AgvId" = @__agvId_0 AND "s"."Readiness" = 'Ready'
LIMIT 2
[21:02:38 INF] Executed DbCommand (0ms) [Parameters=[], CommandType='Text', CommandTimeout='30']
SELECT "p"."MessageId", "p"."AcknowledgedAt", "p"."CreatedAt", "p"."FencedAt", "p"."MessageType", "p"."PayloadJson"
FROM "ProtocolOutbox" AS "p"
WHERE "p"."AcknowledgedAt" IS NULL AND "p"."FencedAt" IS NULL
[21:02:38 INF] Executed DbCommand (0ms) [Parameters=[@__runtime_DemandId_0='?' (Size = 36)], CommandType='Text', CommandTimeout='30']
SELECT "r"."WorkflowId", "r"."AgvId", "r"."CommandContentHash", "r"."CommandMessageId", "r"."CommandMessageType", "r"."CreatedAt", "r"."DemandId", "r"."ExceptionRecoverySessionId", "r"."ForcedRecoveryGeneration", "r"."HandoffId", "r"."Outcome", "r"."RequestContentHash", "r"."RequestMessageId", "r"."ResultContentHash", "r"."ResultMessageId", "r"."SlotOperationAttemptId", "r"."SlotsJson", "r"."State", "r"."UpdatedAt", "r"."WorkflowType"
FROM "RecoveryWorkflows" AS "r"
WHERE "r"."DemandId" = @__runtime_DemandId_0 AND "r"."WorkflowType" = 'LOAD_CORRECTION'
[21:02:38 INF] Start processing HTTP request GET http://127.0.0.1:48408/api/task/v1/task/getVehicleInfo/BROKERX-L2-0001
[21:02:38 INF] Sending HTTP request GET http://127.0.0.1:48408/api/task/v1/task/getVehicleInfo/BROKERX-L2-0001
[21:02:38 INF] Received HTTP response headers after 0.496ms - 200
[21:02:38 INF] End processing HTTP request after 1.8546ms - 200
[21:02:38 INF] Start processing HTTP request GET http://127.0.0.1:48408/api/order/v1/orderRecord?pageNum=1&pageSize=100&filterByState=1&filterByState=3&filterByState=7&filterByState=9
[21:02:38 INF] Sending HTTP request GET http://127.0.0.1:48408/api/order/v1/orderRecord?pageNum=1&pageSize=100&filterByState=1&filterByState=3&filterByState=7&filterByState=9
[21:02:38 INF] Received HTTP response headers after 0.4589ms - 200
[21:02:38 INF] End processing HTTP request after 1.2537ms - 200
[21:02:38 INF] HTTP GET /api/onboard/v1/vehicle-safety responded 200 in 4.2580 ms
[21:02:39 INF] Start processing HTTP request GET http://127.0.0.1:48408/api/imap/v1/mapInfo/stations/25
[21:02:39 INF] Sending HTTP request GET http://127.0.0.1:48408/api/imap/v1/mapInfo/stations/25
[21:02:39 INF] Received HTTP response headers after 0.5981ms - 200
[21:02:39 INF] End processing HTTP request after 4.2758ms - 200
[21:02:39 INF] Executed DbCommand (0ms) [Parameters=[@__mapId_0='?' (DbType = Int32)], CommandType='Text', CommandTimeout='30']
SELECT "t"."MapId", "t"."ActiveVersion", "t"."PendingVersion", "t"."State", "t"."UpdatedAt"
FROM "TaskTypeStationActiveBindingSets" AS "t"
WHERE "t"."MapId" = @__mapId_0
LIMIT 2
[21:02:39 INF] Executed DbCommand (0ms) [Parameters=[@__mapId_0='?' (DbType = Int32), @__version_1='?' (DbType = Int64)], CommandType='Text', CommandTimeout='30']
SELECT "t"."MapId", "t"."Version", "t"."CatalogRevision", "t"."ContentSha256", "t"."LoadedAt", "t"."RuleVersion", "t"."SnapshotId", "t"."Source"
FROM "TaskTypeStationBindingSetVersions" AS "t"
WHERE "t"."MapId" = @__mapId_0 AND "t"."Version" = @__version_1
LIMIT 2
[21:02:39 INF] Executed DbCommand (0ms) [Parameters=[@__mapId_0='?' (DbType = Int32), @__version_1='?' (DbType = Int64)], CommandType='Text', CommandTimeout='30']
SELECT "t"."TaskType"
FROM "TaskTypeStationRequirements" AS "t"
WHERE "t"."MapId" = @__mapId_0 AND "t"."Version" = @__version_1
[21:02:39 INF] Executed DbCommand (0ms) [Parameters=[@__mapId_0='?' (DbType = Int32), @__version_1='?' (DbType = Int64)], CommandType='Text', CommandTimeout='30']
SELECT "t"."MapId", "t"."Version", "t"."TaskType", "t"."SiteVerificationRef", "t"."StationName", "t"."StationRiotId"
FROM "TaskTypeStationBindings" AS "t"
WHERE "t"."MapId" = @__mapId_0 AND "t"."Version" = @__version_1
[21:02:39 INF] Executed DbCommand (0ms) [Parameters=[@__version_0='?' (DbType = Int64)], CommandType='Text', CommandTimeout='30']
SELECT "t"."Version", "t"."ContentSha256", "t"."LoadedAt", "t"."SnapshotId", "t"."Source"
FROM "TaskTypeStationRuleVersions" AS "t"
WHERE "t"."Version" = @__version_0
LIMIT 2
[21:02:39 INF] Executed DbCommand (0ms) [Parameters=[@__version_0='?' (DbType = Int64)], CommandType='Text', CommandTimeout='30']
SELECT "t"."Version", "t"."TaskType", "t"."FixedEnd"
FROM "TaskTypeStationRules" AS "t"
WHERE "t"."Version" = @__version_0
[21:02:39 INF] Executed DbCommand (0ms) [Parameters=[@__mapId_0='?' (DbType = Int32)], CommandType='Text', CommandTimeout='30']
SELECT "t"."MapId", "t"."ActiveVersion", "t"."PendingVersion", "t"."State", "t"."UpdatedAt"
FROM "TaskTypeStationActiveBindingSets" AS "t"
WHERE "t"."MapId" = @__mapId_0
LIMIT 2
[21:02:39 INF] Executed DbCommand (0ms) [Parameters=[@__mapId_0='?' (DbType = Int32)], CommandType='Text', CommandTimeout='30']
SELECT "t"."HoldId", "t"."DetailJson", "t"."MapId", "t"."RaisedAt", "t"."RaisedBy", "t"."ReasonCode", "t"."ReleasedAt", "t"."ReleasedBy", "t"."Source", "t"."TaskType"
FROM "TaskTypeStationHolds" AS "t"
WHERE "t"."MapId" = @__mapId_0 AND "t"."ReleasedAt" IS NULL
[21:02:39 INF] Executed DbCommand (0ms) [Parameters=[@__mapId_0='?' (DbType = Int32)], CommandType='Text', CommandTimeout='30']
SELECT "m"."MapId", "m"."ApprovedMaxUnconfirmedSeconds", "m"."ApprovedSyncPeriodSeconds", "m"."CatalogRevision", "m"."LastAttemptAt", "m"."LastCompleteConfirmationAt", "m"."LastFailureReason", "m"."State", "m"."UpdatedAt"
FROM "MapStationCatalogStates" AS "m"
WHERE "m"."MapId" = @__mapId_0
LIMIT 2
[21:02:39 INF] Executed DbCommand (0ms) [Parameters=[@p3='?' (DbType = Int32), @p0='?' (DbType = DateTimeOffset), @p1='?' (DbType = DateTimeOffset), @p2='?' (DbType = DateTimeOffset)], CommandType='Text', CommandTimeout='30']
UPDATE "MapStationCatalogStates" SET "LastAttemptAt" = @p0, "LastCompleteConfirmationAt" = @p1, "UpdatedAt" = @p2
WHERE "MapId" = @p3
RETURNING 1;
[21:02:39 INF] Executed DbCommand (0ms) [Parameters=[@__mapId_0='?' (DbType = Int32)], CommandType='Text', CommandTimeout='30']
SELECT "t"."MapId", "t"."ActiveVersion", "t"."PendingVersion", "t"."State", "t"."UpdatedAt"
FROM "TaskTypeStationActiveBindingSets" AS "t"
WHERE "t"."MapId" = @__mapId_0
LIMIT 2
[21:02:39 INF] Executed DbCommand (0ms) [Parameters=[@__mapId_0='?' (DbType = Int32), @__version_1='?' (DbType = Int64)], CommandType='Text', CommandTimeout='30']
SELECT "t"."MapId", "t"."Version", "t"."CatalogRevision", "t"."ContentSha256", "t"."LoadedAt", "t"."RuleVersion", "t"."SnapshotId", "t"."Source"
FROM "TaskTypeStationBindingSetVersions" AS "t"
WHERE "t"."MapId" = @__mapId_0 AND "t"."Version" = @__version_1
LIMIT 2
[21:02:39 INF] Executed DbCommand (0ms) [Parameters=[@__mapId_0='?' (DbType = Int32), @__version_1='?' (DbType = Int64)], CommandType='Text', CommandTimeout='30']
SELECT "t"."TaskType"
FROM "TaskTypeStationRequirements" AS "t"
WHERE "t"."MapId" = @__mapId_0 AND "t"."Version" = @__version_1
[21:02:39 INF] Executed DbCommand (0ms) [Parameters=[@__mapId_0='?' (DbType = Int32), @__version_1='?' (DbType = Int64)], CommandType='Text', CommandTimeout='30']
SELECT "t"."MapId", "t"."Version", "t"."TaskType", "t"."SiteVerificationRef", "t"."StationName", "t"."StationRiotId"
FROM "TaskTypeStationBindings" AS "t"
WHERE "t"."MapId" = @__mapId_0 AND "t"."Version" = @__version_1
[21:02:39 INF] Executed DbCommand (0ms) [Parameters=[@__mapId_0='?' (DbType = Int32)], CommandType='Text', CommandTimeout='30']
SELECT "t"."MapId", "t"."ActiveVersion", "t"."PendingVersion", "t"."State", "t"."UpdatedAt"
FROM "TaskTypeStationActiveBindingSets" AS "t"
WHERE "t"."MapId" = @__mapId_0
LIMIT 2
[21:02:39 INF] Executed DbCommand (0ms) [Parameters=[@__mapId_0='?' (DbType = Int32), @__version_1='?' (DbType = Int64)], CommandType='Text', CommandTimeout='30']
SELECT "t"."MapId", "t"."Version", "t"."CatalogRevision", "t"."ContentSha256", "t"."LoadedAt", "t"."RuleVersion", "t"."SnapshotId", "t"."Source"
FROM "TaskTypeStationBindingSetVersions" AS "t"
WHERE "t"."MapId" = @__mapId_0 AND "t"."Version" = @__version_1
LIMIT 2
[21:02:39 INF] Executed DbCommand (0ms) [Parameters=[@__mapId_0='?' (DbType = Int32), @__version_1='?' (DbType = Int64)], CommandType='Text', CommandTimeout='30']
SELECT "t"."TaskType"
FROM "TaskTypeStationRequirements" AS "t"
WHERE "t"."MapId" = @__mapId_0 AND "t"."Version" = @__version_1
[21:02:39 INF] Executed DbCommand (0ms) [Parameters=[@__mapId_0='?' (DbType = Int32), @__version_1='?' (DbType = Int64)], CommandType='Text', CommandTimeout='30']
SELECT "t"."MapId", "t"."Version", "t"."TaskType", "t"."SiteVerificationRef", "t"."StationName", "t"."StationRiotId"
FROM "TaskTypeStationBindings" AS "t"
WHERE "t"."MapId" = @__mapId_0 AND "t"."Version" = @__version_1
[21:02:39 INF] Executed DbCommand (0ms) [Parameters=[@__version_0='?' (DbType = Int64)], CommandType='Text', CommandTimeout='30']
SELECT "t"."Version", "t"."ContentSha256", "t"."LoadedAt", "t"."SnapshotId", "t"."Source"
FROM "TaskTypeStationRuleVersions" AS "t"
WHERE "t"."Version" = @__version_0
LIMIT 2
[21:02:39 INF] Executed DbCommand (0ms) [Parameters=[@__version_0='?' (DbType = Int64)], CommandType='Text', CommandTimeout='30']
SELECT "t"."Version", "t"."TaskType", "t"."FixedEnd"
FROM "TaskTypeStationRules" AS "t"
WHERE "t"."Version" = @__version_0
[21:02:39 INF] Executed DbCommand (0ms) [Parameters=[], CommandType='Text', CommandTimeout='30']
SELECT "a"."Id", "a"."ContentHash", "a"."DeploymentId", "a"."ImportedAt", "a"."Version"
FROM "AdmissionPolicyState" AS "a"
WHERE "a"."Id" = 1
LIMIT 2
[21:02:39 INF] Executed DbCommand (0ms) [Parameters=[], CommandType='Text', CommandTimeout='30']
SELECT "j"."DemandId", "j"."AgvId", "j"."AgvLifecycleGeneration", "j"."BlockReasonCode", "j"."BlockReasonSince", "j"."ConsumedSafetyResultMessageId", "j"."ConsumedSublotMessageId", "j"."CreatedAt", "j"."DispatchGeneration", "j"."DispatchZone", "j"."ExpectedBasketCount", "j"."GateMovementLegId", "j"."GatePlanMessageId", "j"."GateStationId", "j"."GateStationRiotId", "j"."GateUpperId", "j"."GateVehicleBusinessMessageId", "j"."GateWorklistMessageId", "j"."LoadCommandMessageId", "j"."LoadSlotOperationAttemptId", "j"."MapId", "j"."MapIdentity", "j"."OperationSessionId", "j"."PickupMovementLegId", "j"."PickupStationId", "j"."PickupStationRiotId", "j"."PickupUpperId", "j"."PlanMessageId", "j"."PlanRevision", "j"."PreDepartureSafetyCheckId", "j"."PreDepartureSafetyCheckMessageId", "j"."RouteEvidenceId", "j"."Stage", "j"."StationDepartureWaitStartedAt", "j"."SublotRequestMessageId", "j"."TargetSlotsJson", "j"."UnloadCommandMessageId", "j"."UnloadSlotOperationAttemptId", "j"."UpdatedAt", "j"."VehicleBusinessMessageId", "j"."VehicleBusinessRevision", "j"."VehicleKey", "j"."WorklistMessageId", "j"."WorklistRevision"
FROM "JourneyRuntimes" AS "j"
WHERE "j"."Stage" <> 'Completed'
[21:02:39 INF] Executed DbCommand (0ms) [Parameters=[@__agvId_0='?' (Size = 10)], CommandType='Text', CommandTimeout='30']
SELECT "s"."AgvId", "s"."ActiveUnlockSlotsJson", "s"."CapabilityHash", "s"."CapabilityRevision", "s"."DepartureSafe", "s"."ForcedRecoveryGeneration", "s"."ManifestSha256", "s"."PendingAttemptIdsJson", "s"."PendingResultIdsJson", "s"."ProfileId", "s"."ProtocolCommit", "s"."ProtocolVersion", "s"."ProvenRecoveryCheckpoint", "s"."Readiness", "s"."ReasonCode", "s"."RecoveryReportId", "s"."ReportedForcedRecoveryGeneration", "s"."ReportedSlotConfigurationFingerprint", "s"."SafetyHash", "s"."SafetyReasonCodesJson", "s"."SafetyRevision", "s"."SafetyUnknownPresent", "s"."SessionGeneration", "s"."UnsettledSlotOperationAttemptId", "s"."UpdatedAt"
FROM "SessionRecoveries" AS "s"
WHERE "s"."AgvId" = @__agvId_0 AND "s"."Readiness" = 'Ready'
LIMIT 2
[21:02:39 INF] Executed DbCommand (0ms) [Parameters=[], CommandType='Text', CommandTimeout='30']
SELECT "p"."MessageId", "p"."AcknowledgedAt", "p"."CreatedAt", "p"."FencedAt", "p"."MessageType", "p"."PayloadJson"
FROM "ProtocolOutbox" AS "p"
WHERE "p"."AcknowledgedAt" IS NULL AND "p"."FencedAt" IS NULL
[21:02:39 INF] Executed DbCommand (0ms) [Parameters=[@__runtime_DemandId_0='?' (Size = 36)], CommandType='Text', CommandTimeout='30']
SELECT "r"."WorkflowId", "r"."AgvId", "r"."CommandContentHash", "r"."CommandMessageId", "r"."CommandMessageType", "r"."CreatedAt", "r"."DemandId", "r"."ExceptionRecoverySessionId", "r"."ForcedRecoveryGeneration", "r"."HandoffId", "r"."Outcome", "r"."RequestContentHash", "r"."RequestMessageId", "r"."ResultContentHash", "r"."ResultMessageId", "r"."SlotOperationAttemptId", "r"."SlotsJson", "r"."State", "r"."UpdatedAt", "r"."WorkflowType"
FROM "RecoveryWorkflows" AS "r"
WHERE "r"."DemandId" = @__runtime_DemandId_0 AND "r"."WorkflowType" = 'LOAD_CORRECTION'
[21:02:39 INF] Start processing HTTP request GET http://127.0.0.1:48408/api/task/v1/task/getVehicleInfo/BROKERX-L2-0001
[21:02:39 INF] Sending HTTP request GET http://127.0.0.1:48408/api/task/v1/task/getVehicleInfo/BROKERX-L2-0001
[21:02:39 INF] Received HTTP response headers after 0.5053ms - 200
[21:02:39 INF] End processing HTTP request after 3.6622ms - 200
[21:02:39 INF] Start processing HTTP request GET http://127.0.0.1:48408/api/order/v1/orderRecord?pageNum=1&pageSize=100&filterByState=1&filterByState=3&filterByState=7&filterByState=9
[21:02:39 INF] Sending HTTP request GET http://127.0.0.1:48408/api/order/v1/orderRecord?pageNum=1&pageSize=100&filterByState=1&filterByState=3&filterByState=7&filterByState=9
[21:02:39 INF] Received HTTP response headers after 0.3574ms - 200
[21:02:39 INF] End processing HTTP request after 1.184ms - 200
[21:02:39 INF] HTTP GET /api/onboard/v1/vehicle-safety responded 200 in 5.8785 ms
[21:02:40 INF] Start processing HTTP request GET http://127.0.0.1:48408/api/imap/v1/mapInfo/stations/25
[21:02:40 INF] Sending HTTP request GET http://127.0.0.1:48408/api/imap/v1/mapInfo/stations/25
[21:02:40 INF] Received HTTP response headers after 0.5788ms - 200
[21:02:40 INF] End processing HTTP request after 2.1361ms - 200
[21:02:40 INF] Executed DbCommand (0ms) [Parameters=[@__mapId_0='?' (DbType = Int32)], CommandType='Text', CommandTimeout='30']
SELECT "t"."MapId", "t"."ActiveVersion", "t"."PendingVersion", "t"."State", "t"."UpdatedAt"
FROM "TaskTypeStationActiveBindingSets" AS "t"
WHERE "t"."MapId" = @__mapId_0
LIMIT 2
[21:02:40 INF] Executed DbCommand (0ms) [Parameters=[@__mapId_0='?' (DbType = Int32), @__version_1='?' (DbType = Int64)], CommandType='Text', CommandTimeout='30']
SELECT "t"."MapId", "t"."Version", "t"."CatalogRevision", "t"."ContentSha256", "t"."LoadedAt", "t"."RuleVersion", "t"."SnapshotId", "t"."Source"
FROM "TaskTypeStationBindingSetVersions" AS "t"
WHERE "t"."MapId" = @__mapId_0 AND "t"."Version" = @__version_1
LIMIT 2
[21:02:40 INF] Executed DbCommand (0ms) [Parameters=[@__mapId_0='?' (DbType = Int32), @__version_1='?' (DbType = Int64)], CommandType='Text', CommandTimeout='30']
SELECT "t"."TaskType"
FROM "TaskTypeStationRequirements" AS "t"
WHERE "t"."MapId" = @__mapId_0 AND "t"."Version" = @__version_1
[21:02:40 INF] Executed DbCommand (0ms) [Parameters=[@__mapId_0='?' (DbType = Int32), @__version_1='?' (DbType = Int64)], CommandType='Text', CommandTimeout='30']
SELECT "t"."MapId", "t"."Version", "t"."TaskType", "t"."SiteVerificationRef", "t"."StationName", "t"."StationRiotId"
FROM "TaskTypeStationBindings" AS "t"
WHERE "t"."MapId" = @__mapId_0 AND "t"."Version" = @__version_1
[21:02:40 INF] Executed DbCommand (0ms) [Parameters=[@__version_0='?' (DbType = Int64)], CommandType='Text', CommandTimeout='30']
SELECT "t"."Version", "t"."ContentSha256", "t"."LoadedAt", "t"."SnapshotId", "t"."Source"
FROM "TaskTypeStationRuleVersions" AS "t"
WHERE "t"."Version" = @__version_0
LIMIT 2
[21:02:40 INF] Executed DbCommand (0ms) [Parameters=[@__version_0='?' (DbType = Int64)], CommandType='Text', CommandTimeout='30']
SELECT "t"."Version", "t"."TaskType", "t"."FixedEnd"
FROM "TaskTypeStationRules" AS "t"
WHERE "t"."Version" = @__version_0
[21:02:40 INF] Executed DbCommand (0ms) [Parameters=[@__mapId_0='?' (DbType = Int32)], CommandType='Text', CommandTimeout='30']
SELECT "t"."MapId", "t"."ActiveVersion", "t"."PendingVersion", "t"."State", "t"."UpdatedAt"
FROM "TaskTypeStationActiveBindingSets" AS "t"
WHERE "t"."MapId" = @__mapId_0
LIMIT 2
[21:02:40 INF] Executed DbCommand (0ms) [Parameters=[@__mapId_0='?' (DbType = Int32)], CommandType='Text', CommandTimeout='30']
SELECT "t"."HoldId", "t"."DetailJson", "t"."MapId", "t"."RaisedAt", "t"."RaisedBy", "t"."ReasonCode", "t"."ReleasedAt", "t"."ReleasedBy", "t"."Source", "t"."TaskType"
FROM "TaskTypeStationHolds" AS "t"
WHERE "t"."MapId" = @__mapId_0 AND "t"."ReleasedAt" IS NULL
[21:02:40 INF] Executed DbCommand (0ms) [Parameters=[@__mapId_0='?' (DbType = Int32)], CommandType='Text', CommandTimeout='30']
SELECT "m"."MapId", "m"."ApprovedMaxUnconfirmedSeconds", "m"."ApprovedSyncPeriodSeconds", "m"."CatalogRevision", "m"."LastAttemptAt", "m"."LastCompleteConfirmationAt", "m"."LastFailureReason", "m"."State", "m"."UpdatedAt"
FROM "MapStationCatalogStates" AS "m"
WHERE "m"."MapId" = @__mapId_0
LIMIT 2
[21:02:40 INF] Executed DbCommand (0ms) [Parameters=[@p3='?' (DbType = Int32), @p0='?' (DbType = DateTimeOffset), @p1='?' (DbType = DateTimeOffset), @p2='?' (DbType = DateTimeOffset)], CommandType='Text', CommandTimeout='30']
UPDATE "MapStationCatalogStates" SET "LastAttemptAt" = @p0, "LastCompleteConfirmationAt" = @p1, "UpdatedAt" = @p2
WHERE "MapId" = @p3
RETURNING 1;
[21:02:40 INF] Executed DbCommand (0ms) [Parameters=[@__mapId_0='?' (DbType = Int32)], CommandType='Text', CommandTimeout='30']
SELECT "t"."MapId", "t"."ActiveVersion", "t"."PendingVersion", "t"."State", "t"."UpdatedAt"
FROM "TaskTypeStationActiveBindingSets" AS "t"
WHERE "t"."MapId" = @__mapId_0
LIMIT 2
[21:02:40 INF] Executed DbCommand (0ms) [Parameters=[@__mapId_0='?' (DbType = Int32), @__version_1='?' (DbType = Int64)], CommandType='Text', CommandTimeout='30']
SELECT "t"."MapId", "t"."Version", "t"."CatalogRevision", "t"."ContentSha256", "t"."LoadedAt", "t"."RuleVersion", "t"."SnapshotId", "t"."Source"
FROM "TaskTypeStationBindingSetVersions" AS "t"
WHERE "t"."MapId" = @__mapId_0 AND "t"."Version" = @__version_1
LIMIT 2
[21:02:40 INF] Executed DbCommand (0ms) [Parameters=[@__mapId_0='?' (DbType = Int32), @__version_1='?' (DbType = Int64)], CommandType='Text', CommandTimeout='30']
SELECT "t"."TaskType"
FROM "TaskTypeStationRequirements" AS "t"
WHERE "t"."MapId" = @__mapId_0 AND "t"."Version" = @__version_1
[21:02:40 INF] Executed DbCommand (0ms) [Parameters=[@__mapId_0='?' (DbType = Int32), @__version_1='?' (DbType = Int64)], CommandType='Text', CommandTimeout='30']
SELECT "t"."MapId", "t"."Version", "t"."TaskType", "t"."SiteVerificationRef", "t"."StationName", "t"."StationRiotId"
FROM "TaskTypeStationBindings" AS "t"
WHERE "t"."MapId" = @__mapId_0 AND "t"."Version" = @__version_1
[21:02:40 INF] Executed DbCommand (0ms) [Parameters=[@__mapId_0='?' (DbType = Int32)], CommandType='Text', CommandTimeout='30']
SELECT "t"."MapId", "t"."ActiveVersion", "t"."PendingVersion", "t"."State", "t"."UpdatedAt"
FROM "TaskTypeStationActiveBindingSets" AS "t"
WHERE "t"."MapId" = @__mapId_0
LIMIT 2
[21:02:40 INF] Executed DbCommand (0ms) [Parameters=[@__mapId_0='?' (DbType = Int32), @__version_1='?' (DbType = Int64)], CommandType='Text', CommandTimeout='30']
SELECT "t"."MapId", "t"."Version", "t"."CatalogRevision", "t"."ContentSha256", "t"."LoadedAt", "t"."RuleVersion", "t"."SnapshotId", "t"."Source"
FROM "TaskTypeStationBindingSetVersions" AS "t"
WHERE "t"."MapId" = @__mapId_0 AND "t"."Version" = @__version_1
LIMIT 2
[21:02:40 INF] Executed DbCommand (0ms) [Parameters=[@__mapId_0='?' (DbType = Int32), @__version_1='?' (DbType = Int64)], CommandType='Text', CommandTimeout='30']
SELECT "t"."TaskType"
FROM "TaskTypeStationRequirements" AS "t"
WHERE "t"."MapId" = @__mapId_0 AND "t"."Version" = @__version_1
[21:02:40 INF] Executed DbCommand (0ms) [Parameters=[@__mapId_0='?' (DbType = Int32), @__version_1='?' (DbType = Int64)], CommandType='Text', CommandTimeout='30']
SELECT "t"."MapId", "t"."Version", "t"."TaskType", "t"."SiteVerificationRef", "t"."StationName", "t"."StationRiotId"
FROM "TaskTypeStationBindings" AS "t"
WHERE "t"."MapId" = @__mapId_0 AND "t"."Version" = @__version_1
[21:02:40 INF] Executed DbCommand (0ms) [Parameters=[@__version_0='?' (DbType = Int64)], CommandType='Text', CommandTimeout='30']
SELECT "t"."Version", "t"."ContentSha256", "t"."LoadedAt", "t"."SnapshotId", "t"."Source"
FROM "TaskTypeStationRuleVersions" AS "t"
WHERE "t"."Version" = @__version_0
LIMIT 2
[21:02:40 INF] Executed DbCommand (0ms) [Parameters=[@__version_0='?' (DbType = Int64)], CommandType='Text', CommandTimeout='30']
SELECT "t"."Version", "t"."TaskType", "t"."FixedEnd"
FROM "TaskTypeStationRules" AS "t"
WHERE "t"."Version" = @__version_0
[21:02:40 INF] Executed DbCommand (0ms) [Parameters=[], CommandType='Text', CommandTimeout='30']
SELECT "a"."Id", "a"."ContentHash", "a"."DeploymentId", "a"."ImportedAt", "a"."Version"
FROM "AdmissionPolicyState" AS "a"
WHERE "a"."Id" = 1
LIMIT 2
[21:02:40 INF] Executed DbCommand (0ms) [Parameters=[], CommandType='Text', CommandTimeout='30']
SELECT "j"."DemandId", "j"."AgvId", "j"."AgvLifecycleGeneration", "j"."BlockReasonCode", "j"."BlockReasonSince", "j"."ConsumedSafetyResultMessageId", "j"."ConsumedSublotMessageId", "j"."CreatedAt", "j"."DispatchGeneration", "j"."DispatchZone", "j"."ExpectedBasketCount", "j"."GateMovementLegId", "j"."GatePlanMessageId", "j"."GateStationId", "j"."GateStationRiotId", "j"."GateUpperId", "j"."GateVehicleBusinessMessageId", "j"."GateWorklistMessageId", "j"."LoadCommandMessageId", "j"."LoadSlotOperationAttemptId", "j"."MapId", "j"."MapIdentity", "j"."OperationSessionId", "j"."PickupMovementLegId", "j"."PickupStationId", "j"."PickupStationRiotId", "j"."PickupUpperId", "j"."PlanMessageId", "j"."PlanRevision", "j"."PreDepartureSafetyCheckId", "j"."PreDepartureSafetyCheckMessageId", "j"."RouteEvidenceId", "j"."Stage", "j"."StationDepartureWaitStartedAt", "j"."SublotRequestMessageId", "j"."TargetSlotsJson", "j"."UnloadCommandMessageId", "j"."UnloadSlotOperationAttemptId", "j"."UpdatedAt", "j"."VehicleBusinessMessageId", "j"."VehicleBusinessRevision", "j"."VehicleKey", "j"."WorklistMessageId", "j"."WorklistRevision"
FROM "JourneyRuntimes" AS "j"
WHERE "j"."Stage" <> 'Completed'
[21:02:40 INF] Executed DbCommand (0ms) [Parameters=[@__agvId_0='?' (Size = 10)], CommandType='Text', CommandTimeout='30']
SELECT "s"."AgvId", "s"."ActiveUnlockSlotsJson", "s"."CapabilityHash", "s"."CapabilityRevision", "s"."DepartureSafe", "s"."ForcedRecoveryGeneration", "s"."ManifestSha256", "s"."PendingAttemptIdsJson", "s"."PendingResultIdsJson", "s"."ProfileId", "s"."ProtocolCommit", "s"."ProtocolVersion", "s"."ProvenRecoveryCheckpoint", "s"."Readiness", "s"."ReasonCode", "s"."RecoveryReportId", "s"."ReportedForcedRecoveryGeneration", "s"."ReportedSlotConfigurationFingerprint", "s"."SafetyHash", "s"."SafetyReasonCodesJson", "s"."SafetyRevision", "s"."SafetyUnknownPresent", "s"."SessionGeneration", "s"."UnsettledSlotOperationAttemptId", "s"."UpdatedAt"
FROM "SessionRecoveries" AS "s"
WHERE "s"."AgvId" = @__agvId_0 AND "s"."Readiness" = 'Ready'
LIMIT 2
[21:02:40 INF] Executed DbCommand (0ms) [Parameters=[], CommandType='Text', CommandTimeout='30']
SELECT "p"."MessageId", "p"."AcknowledgedAt", "p"."CreatedAt", "p"."FencedAt", "p"."MessageType", "p"."PayloadJson"
FROM "ProtocolOutbox" AS "p"
WHERE "p"."AcknowledgedAt" IS NULL AND "p"."FencedAt" IS NULL
[21:02:40 INF] Executed DbCommand (0ms) [Parameters=[@__runtime_DemandId_0='?' (Size = 36)], CommandType='Text', CommandTimeout='30']
SELECT "r"."WorkflowId", "r"."AgvId", "r"."CommandContentHash", "r"."CommandMessageId", "r"."CommandMessageType", "r"."CreatedAt", "r"."DemandId", "r"."ExceptionRecoverySessionId", "r"."ForcedRecoveryGeneration", "r"."HandoffId", "r"."Outcome", "r"."RequestContentHash", "r"."RequestMessageId", "r"."ResultContentHash", "r"."ResultMessageId", "r"."SlotOperationAttemptId", "r"."SlotsJson", "r"."State", "r"."UpdatedAt", "r"."WorkflowType"
FROM "RecoveryWorkflows" AS "r"
WHERE "r"."DemandId" = @__runtime_DemandId_0 AND "r"."WorkflowType" = 'LOAD_CORRECTION'
[21:02:40 INF] Start processing HTTP request GET http://127.0.0.1:48408/api/task/v1/task/getVehicleInfo/BROKERX-L2-0001
[21:02:40 INF] Sending HTTP request GET http://127.0.0.1:48408/api/task/v1/task/getVehicleInfo/BROKERX-L2-0001
[21:02:40 INF] Received HTTP response headers after 0.4985ms - 200
[21:02:40 INF] End processing HTTP request after 3.7228ms - 200
[21:02:40 INF] Start processing HTTP request GET http://127.0.0.1:48408/api/order/v1/orderRecord?pageNum=1&pageSize=100&filterByState=1&filterByState=3&filterByState=7&filterByState=9
[21:02:40 INF] Sending HTTP request GET http://127.0.0.1:48408/api/order/v1/orderRecord?pageNum=1&pageSize=100&filterByState=1&filterByState=3&filterByState=7&filterByState=9
[21:02:40 INF] Received HTTP response headers after 0.3294ms - 200
[21:02:40 INF] End processing HTTP request after 0.9938ms - 200
[21:02:40 INF] HTTP GET /api/onboard/v1/vehicle-safety responded 200 in 5.8929 ms
[21:02:41 INF] Start processing HTTP request GET http://127.0.0.1:48408/api/imap/v1/mapInfo/stations/25
[21:02:41 INF] Sending HTTP request GET http://127.0.0.1:48408/api/imap/v1/mapInfo/stations/25
[21:02:41 INF] Received HTTP response headers after 0.7056ms - 200
[21:02:41 INF] End processing HTTP request after 4.0876ms - 200
[21:02:41 INF] Executed DbCommand (0ms) [Parameters=[@__mapId_0='?' (DbType = Int32)], CommandType='Text', CommandTimeout='30']
SELECT "t"."MapId", "t"."ActiveVersion", "t"."PendingVersion", "t"."State", "t"."UpdatedAt"
FROM "TaskTypeStationActiveBindingSets" AS "t"
WHERE "t"."MapId" = @__mapId_0
LIMIT 2
[21:02:41 INF] Executed DbCommand (0ms) [Parameters=[@__mapId_0='?' (DbType = Int32), @__version_1='?' (DbType = Int64)], CommandType='Text', CommandTimeout='30']
SELECT "t"."MapId", "t"."Version", "t"."CatalogRevision", "t"."ContentSha256", "t"."LoadedAt", "t"."RuleVersion", "t"."SnapshotId", "t"."Source"
FROM "TaskTypeStationBindingSetVersions" AS "t"
WHERE "t"."MapId" = @__mapId_0 AND "t"."Version" = @__version_1
LIMIT 2
[21:02:41 INF] Executed DbCommand (0ms) [Parameters=[@__mapId_0='?' (DbType = Int32), @__version_1='?' (DbType = Int64)], CommandType='Text', CommandTimeout='30']
SELECT "t"."TaskType"
FROM "TaskTypeStationRequirements" AS "t"
WHERE "t"."MapId" = @__mapId_0 AND "t"."Version" = @__version_1
[21:02:41 INF] Executed DbCommand (0ms) [Parameters=[@__mapId_0='?' (DbType = Int32), @__version_1='?' (DbType = Int64)], CommandType='Text', CommandTimeout='30']
SELECT "t"."MapId", "t"."Version", "t"."TaskType", "t"."SiteVerificationRef", "t"."StationName", "t"."StationRiotId"
FROM "TaskTypeStationBindings" AS "t"
WHERE "t"."MapId" = @__mapId_0 AND "t"."Version" = @__version_1
[21:02:41 INF] Executed DbCommand (0ms) [Parameters=[@__version_0='?' (DbType = Int64)], CommandType='Text', CommandTimeout='30']
SELECT "t"."Version", "t"."ContentSha256", "t"."LoadedAt", "t"."SnapshotId", "t"."Source"
FROM "TaskTypeStationRuleVersions" AS "t"
WHERE "t"."Version" = @__version_0
LIMIT 2
[21:02:41 INF] Executed DbCommand (0ms) [Parameters=[@__version_0='?' (DbType = Int64)], CommandType='Text', CommandTimeout='30']
SELECT "t"."Version", "t"."TaskType", "t"."FixedEnd"
FROM "TaskTypeStationRules" AS "t"
WHERE "t"."Version" = @__version_0
[21:02:41 INF] Executed DbCommand (0ms) [Parameters=[@__mapId_0='?' (DbType = Int32)], CommandType='Text', CommandTimeout='30']
SELECT "t"."MapId", "t"."ActiveVersion", "t"."PendingVersion", "t"."State", "t"."UpdatedAt"
FROM "TaskTypeStationActiveBindingSets" AS "t"
WHERE "t"."MapId" = @__mapId_0
LIMIT 2
[21:02:41 INF] Executed DbCommand (0ms) [Parameters=[@__mapId_0='?' (DbType = Int32)], CommandType='Text', CommandTimeout='30']
SELECT "t"."HoldId", "t"."DetailJson", "t"."MapId", "t"."RaisedAt", "t"."RaisedBy", "t"."ReasonCode", "t"."ReleasedAt", "t"."ReleasedBy", "t"."Source", "t"."TaskType"
FROM "TaskTypeStationHolds" AS "t"
WHERE "t"."MapId" = @__mapId_0 AND "t"."ReleasedAt" IS NULL
[21:02:41 INF] Executed DbCommand (0ms) [Parameters=[@__mapId_0='?' (DbType = Int32)], CommandType='Text', CommandTimeout='30']
SELECT "m"."MapId", "m"."ApprovedMaxUnconfirmedSeconds", "m"."ApprovedSyncPeriodSeconds", "m"."CatalogRevision", "m"."LastAttemptAt", "m"."LastCompleteConfirmationAt", "m"."LastFailureReason", "m"."State", "m"."UpdatedAt"
FROM "MapStationCatalogStates" AS "m"
WHERE "m"."MapId" = @__mapId_0
LIMIT 2
[21:02:41 INF] Executed DbCommand (0ms) [Parameters=[@p3='?' (DbType = Int32), @p0='?' (DbType = DateTimeOffset), @p1='?' (DbType = DateTimeOffset), @p2='?' (DbType = DateTimeOffset)], CommandType='Text', CommandTimeout='30']
UPDATE "MapStationCatalogStates" SET "LastAttemptAt" = @p0, "LastCompleteConfirmationAt" = @p1, "UpdatedAt" = @p2
WHERE "MapId" = @p3
RETURNING 1;
[21:02:41 INF] Executed DbCommand (0ms) [Parameters=[@__mapId_0='?' (DbType = Int32)], CommandType='Text', CommandTimeout='30']
SELECT "t"."MapId", "t"."ActiveVersion", "t"."PendingVersion", "t"."State", "t"."UpdatedAt"
FROM "TaskTypeStationActiveBindingSets" AS "t"
WHERE "t"."MapId" = @__mapId_0
LIMIT 2
[21:02:41 INF] Executed DbCommand (0ms) [Parameters=[@__mapId_0='?' (DbType = Int32), @__version_1='?' (DbType = Int64)], CommandType='Text', CommandTimeout='30']
SELECT "t"."MapId", "t"."Version", "t"."CatalogRevision", "t"."ContentSha256", "t"."LoadedAt", "t"."RuleVersion", "t"."SnapshotId", "t"."Source"
FROM "TaskTypeStationBindingSetVersions" AS "t"
WHERE "t"."MapId" = @__mapId_0 AND "t"."Version" = @__version_1
LIMIT 2
[21:02:41 INF] Executed DbCommand (0ms) [Parameters=[@__mapId_0='?' (DbType = Int32), @__version_1='?' (DbType = Int64)], CommandType='Text', CommandTimeout='30']
SELECT "t"."TaskType"
FROM "TaskTypeStationRequirements" AS "t"
WHERE "t"."MapId" = @__mapId_0 AND "t"."Version" = @__version_1
[21:02:41 INF] Executed DbCommand (0ms) [Parameters=[@__mapId_0='?' (DbType = Int32), @__version_1='?' (DbType = Int64)], CommandType='Text', CommandTimeout='30']
SELECT "t"."MapId", "t"."Version", "t"."TaskType", "t"."SiteVerificationRef", "t"."StationName", "t"."StationRiotId"
FROM "TaskTypeStationBindings" AS "t"
WHERE "t"."MapId" = @__mapId_0 AND "t"."Version" = @__version_1
[21:02:41 INF] Executed DbCommand (0ms) [Parameters=[@__mapId_0='?' (DbType = Int32)], CommandType='Text', CommandTimeout='30']
SELECT "t"."MapId", "t"."ActiveVersion", "t"."PendingVersion", "t"."State", "t"."UpdatedAt"
FROM "TaskTypeStationActiveBindingSets" AS "t"
WHERE "t"."MapId" = @__mapId_0
LIMIT 2
[21:02:41 INF] Executed DbCommand (0ms) [Parameters=[@__mapId_0='?' (DbType = Int32), @__version_1='?' (DbType = Int64)], CommandType='Text', CommandTimeout='30']
SELECT "t"."MapId", "t"."Version", "t"."CatalogRevision", "t"."ContentSha256", "t"."LoadedAt", "t"."RuleVersion", "t"."SnapshotId", "t"."Source"
FROM "TaskTypeStationBindingSetVersions" AS "t"
WHERE "t"."MapId" = @__mapId_0 AND "t"."Version" = @__version_1
LIMIT 2
[21:02:41 INF] Executed DbCommand (0ms) [Parameters=[@__mapId_0='?' (DbType = Int32), @__version_1='?' (DbType = Int64)], CommandType='Text', CommandTimeout='30']
SELECT "t"."TaskType"
FROM "TaskTypeStationRequirements" AS "t"
WHERE "t"."MapId" = @__mapId_0 AND "t"."Version" = @__version_1
[21:02:41 INF] Executed DbCommand (0ms) [Parameters=[@__mapId_0='?' (DbType = Int32), @__version_1='?' (DbType = Int64)], CommandType='Text', CommandTimeout='30']
SELECT "t"."MapId", "t"."Version", "t"."TaskType", "t"."SiteVerificationRef", "t"."StationName", "t"."StationRiotId"
FROM "TaskTypeStationBindings" AS "t"
WHERE "t"."MapId" = @__mapId_0 AND "t"."Version" = @__version_1
[21:02:41 INF] Executed DbCommand (0ms) [Parameters=[@__version_0='?' (DbType = Int64)], CommandType='Text', CommandTimeout='30']
SELECT "t"."Version", "t"."ContentSha256", "t"."LoadedAt", "t"."SnapshotId", "t"."Source"
FROM "TaskTypeStationRuleVersions" AS "t"
WHERE "t"."Version" = @__version_0
LIMIT 2
[21:02:41 INF] Executed DbCommand (0ms) [Parameters=[@__version_0='?' (DbType = Int64)], CommandType='Text', CommandTimeout='30']
SELECT "t"."Version", "t"."TaskType", "t"."FixedEnd"
FROM "TaskTypeStationRules" AS "t"
WHERE "t"."Version" = @__version_0
[21:02:41 INF] Executed DbCommand (0ms) [Parameters=[], CommandType='Text', CommandTimeout='30']
SELECT "a"."Id", "a"."ContentHash", "a"."DeploymentId", "a"."ImportedAt", "a"."Version"
FROM "AdmissionPolicyState" AS "a"
WHERE "a"."Id" = 1
LIMIT 2
[21:02:41 INF] Executed DbCommand (0ms) [Parameters=[], CommandType='Text', CommandTimeout='30']
SELECT "j"."DemandId", "j"."AgvId", "j"."AgvLifecycleGeneration", "j"."BlockReasonCode", "j"."BlockReasonSince", "j"."ConsumedSafetyResultMessageId", "j"."ConsumedSublotMessageId", "j"."CreatedAt", "j"."DispatchGeneration", "j"."DispatchZone", "j"."ExpectedBasketCount", "j"."GateMovementLegId", "j"."GatePlanMessageId", "j"."GateStationId", "j"."GateStationRiotId", "j"."GateUpperId", "j"."GateVehicleBusinessMessageId", "j"."GateWorklistMessageId", "j"."LoadCommandMessageId", "j"."LoadSlotOperationAttemptId", "j"."MapId", "j"."MapIdentity", "j"."OperationSessionId", "j"."PickupMovementLegId", "j"."PickupStationId", "j"."PickupStationRiotId", "j"."PickupUpperId", "j"."PlanMessageId", "j"."PlanRevision", "j"."PreDepartureSafetyCheckId", "j"."PreDepartureSafetyCheckMessageId", "j"."RouteEvidenceId", "j"."Stage", "j"."StationDepartureWaitStartedAt", "j"."SublotRequestMessageId", "j"."TargetSlotsJson", "j"."UnloadCommandMessageId", "j"."UnloadSlotOperationAttemptId", "j"."UpdatedAt", "j"."VehicleBusinessMessageId", "j"."VehicleBusinessRevision", "j"."VehicleKey", "j"."WorklistMessageId", "j"."WorklistRevision"
FROM "JourneyRuntimes" AS "j"
WHERE "j"."Stage" <> 'Completed'
[21:02:41 INF] Executed DbCommand (0ms) [Parameters=[@__agvId_0='?' (Size = 10)], CommandType='Text', CommandTimeout='30']
SELECT "s"."AgvId", "s"."ActiveUnlockSlotsJson", "s"."CapabilityHash", "s"."CapabilityRevision", "s"."DepartureSafe", "s"."ForcedRecoveryGeneration", "s"."ManifestSha256", "s"."PendingAttemptIdsJson", "s"."PendingResultIdsJson", "s"."ProfileId", "s"."ProtocolCommit", "s"."ProtocolVersion", "s"."ProvenRecoveryCheckpoint", "s"."Readiness", "s"."ReasonCode", "s"."RecoveryReportId", "s"."ReportedForcedRecoveryGeneration", "s"."ReportedSlotConfigurationFingerprint", "s"."SafetyHash", "s"."SafetyReasonCodesJson", "s"."SafetyRevision", "s"."SafetyUnknownPresent", "s"."SessionGeneration", "s"."UnsettledSlotOperationAttemptId", "s"."UpdatedAt"
FROM "SessionRecoveries" AS "s"
WHERE "s"."AgvId" = @__agvId_0 AND "s"."Readiness" = 'Ready'
LIMIT 2
[21:02:41 INF] Executed DbCommand (0ms) [Parameters=[], CommandType='Text', CommandTimeout='30']
SELECT "p"."MessageId", "p"."AcknowledgedAt", "p"."CreatedAt", "p"."FencedAt", "p"."MessageType", "p"."PayloadJson"
FROM "ProtocolOutbox" AS "p"
WHERE "p"."AcknowledgedAt" IS NULL AND "p"."FencedAt" IS NULL
[21:02:41 INF] Executed DbCommand (0ms) [Parameters=[@__runtime_DemandId_0='?' (Size = 36)], CommandType='Text', CommandTimeout='30']
SELECT "r"."WorkflowId", "r"."AgvId", "r"."CommandContentHash", "r"."CommandMessageId", "r"."CommandMessageType", "r"."CreatedAt", "r"."DemandId", "r"."ExceptionRecoverySessionId", "r"."ForcedRecoveryGeneration", "r"."HandoffId", "r"."Outcome", "r"."RequestContentHash", "r"."RequestMessageId", "r"."ResultContentHash", "r"."ResultMessageId", "r"."SlotOperationAttemptId", "r"."SlotsJson", "r"."State", "r"."UpdatedAt", "r"."WorkflowType"
FROM "RecoveryWorkflows" AS "r"
WHERE "r"."DemandId" = @__runtime_DemandId_0 AND "r"."WorkflowType" = 'LOAD_CORRECTION'
[21:02:41 INF] Executed DbCommand (0ms) [Parameters=[@__messageId_0='?' (Size = 36)], CommandType='Text', CommandTimeout='30']
SELECT "p"."MessageId", "p"."ContentHash", "p"."FirstResponseJson", "p"."MessageType", "p"."ReceivedAt", "p"."RequestJson"
FROM "ProtocolInbox" AS "p"
WHERE "p"."MessageId" = @__messageId_0
LIMIT 2
[21:02:41 INF] Executed DbCommand (0ms) [Parameters=[@p0='?' (Size = 36), @p1='?' (Size = 64), @p2='?' (Size = 536), @p3='?' (Size = 9), @p4='?' (DbType = DateTimeOffset), @p5='?' (Size = 427)], CommandType='Text', CommandTimeout='30']
INSERT INTO "ProtocolInbox" ("MessageId", "ContentHash", "FirstResponseJson", "MessageType", "ReceivedAt", "RequestJson")
VALUES (@p0, @p1, @p2, @p3, @p4, @p5);
[21:02:41 INF] Start processing HTTP request GET http://127.0.0.1:48408/api/task/v1/task/getVehicleInfo/BROKERX-L2-0001
[21:02:41 INF] Sending HTTP request GET http://127.0.0.1:48408/api/task/v1/task/getVehicleInfo/BROKERX-L2-0001
[21:02:41 INF] Received HTTP response headers after 0.4429ms - 200
[21:02:41 INF] End processing HTTP request after 1.5824ms - 200
[21:02:41 INF] Start processing HTTP request GET http://127.0.0.1:48408/api/order/v1/orderRecord?pageNum=1&pageSize=100&filterByState=1&filterByState=3&filterByState=7&filterByState=9
[21:02:41 INF] Sending HTTP request GET http://127.0.0.1:48408/api/order/v1/orderRecord?pageNum=1&pageSize=100&filterByState=1&filterByState=3&filterByState=7&filterByState=9
[21:02:41 INF] Received HTTP response headers after 0.4877ms - 200
[21:02:41 INF] End processing HTTP request after 1.2381ms - 200
[21:02:41 INF] HTTP GET /api/onboard/v1/vehicle-safety responded 200 in 4.0110 ms
[21:02:42 INF] Start processing HTTP request GET http://127.0.0.1:48408/api/imap/v1/mapInfo/stations/25
[21:02:42 INF] Sending HTTP request GET http://127.0.0.1:48408/api/imap/v1/mapInfo/stations/25
[21:02:42 INF] Received HTTP response headers after 0.5143ms - 200
[21:02:42 INF] End processing HTTP request after 3.7817ms - 200
[21:02:42 INF] Executed DbCommand (0ms) [Parameters=[@__mapId_0='?' (DbType = Int32)], CommandType='Text', CommandTimeout='30']
SELECT "t"."MapId", "t"."ActiveVersion", "t"."PendingVersion", "t"."State", "t"."UpdatedAt"
FROM "TaskTypeStationActiveBindingSets" AS "t"
WHERE "t"."MapId" = @__mapId_0
LIMIT 2
[21:02:42 INF] Executed DbCommand (0ms) [Parameters=[@__mapId_0='?' (DbType = Int32), @__version_1='?' (DbType = Int64)], CommandType='Text', CommandTimeout='30']
SELECT "t"."MapId", "t"."Version", "t"."CatalogRevision", "t"."ContentSha256", "t"."LoadedAt", "t"."RuleVersion", "t"."SnapshotId", "t"."Source"
FROM "TaskTypeStationBindingSetVersions" AS "t"
WHERE "t"."MapId" = @__mapId_0 AND "t"."Version" = @__version_1
LIMIT 2
[21:02:42 INF] Executed DbCommand (0ms) [Parameters=[@__mapId_0='?' (DbType = Int32), @__version_1='?' (DbType = Int64)], CommandType='Text', CommandTimeout='30']
SELECT "t"."TaskType"
FROM "TaskTypeStationRequirements" AS "t"
WHERE "t"."MapId" = @__mapId_0 AND "t"."Version" = @__version_1
[21:02:42 INF] Executed DbCommand (0ms) [Parameters=[@__mapId_0='?' (DbType = Int32), @__version_1='?' (DbType = Int64)], CommandType='Text', CommandTimeout='30']
SELECT "t"."MapId", "t"."Version", "t"."TaskType", "t"."SiteVerificationRef", "t"."StationName", "t"."StationRiotId"
FROM "TaskTypeStationBindings" AS "t"
WHERE "t"."MapId" = @__mapId_0 AND "t"."Version" = @__version_1
[21:02:42 INF] Executed DbCommand (0ms) [Parameters=[@__version_0='?' (DbType = Int64)], CommandType='Text', CommandTimeout='30']
SELECT "t"."Version", "t"."ContentSha256", "t"."LoadedAt", "t"."SnapshotId", "t"."Source"
FROM "TaskTypeStationRuleVersions" AS "t"
WHERE "t"."Version" = @__version_0
LIMIT 2
[21:02:42 INF] Executed DbCommand (0ms) [Parameters=[@__version_0='?' (DbType = Int64)], CommandType='Text', CommandTimeout='30']
SELECT "t"."Version", "t"."TaskType", "t"."FixedEnd"
FROM "TaskTypeStationRules" AS "t"
WHERE "t"."Version" = @__version_0
[21:02:42 INF] Executed DbCommand (0ms) [Parameters=[@__mapId_0='?' (DbType = Int32)], CommandType='Text', CommandTimeout='30']
SELECT "t"."MapId", "t"."ActiveVersion", "t"."PendingVersion", "t"."State", "t"."UpdatedAt"
FROM "TaskTypeStationActiveBindingSets" AS "t"
WHERE "t"."MapId" = @__mapId_0
LIMIT 2
[21:02:42 INF] Executed DbCommand (0ms) [Parameters=[@__mapId_0='?' (DbType = Int32)], CommandType='Text', CommandTimeout='30']
SELECT "t"."HoldId", "t"."DetailJson", "t"."MapId", "t"."RaisedAt", "t"."RaisedBy", "t"."ReasonCode", "t"."ReleasedAt", "t"."ReleasedBy", "t"."Source", "t"."TaskType"
FROM "TaskTypeStationHolds" AS "t"
WHERE "t"."MapId" = @__mapId_0 AND "t"."ReleasedAt" IS NULL
[21:02:42 INF] Executed DbCommand (0ms) [Parameters=[@__mapId_0='?' (DbType = Int32)], CommandType='Text', CommandTimeout='30']
SELECT "m"."MapId", "m"."ApprovedMaxUnconfirmedSeconds", "m"."ApprovedSyncPeriodSeconds", "m"."CatalogRevision", "m"."LastAttemptAt", "m"."LastCompleteConfirmationAt", "m"."LastFailureReason", "m"."State", "m"."UpdatedAt"
FROM "MapStationCatalogStates" AS "m"
WHERE "m"."MapId" = @__mapId_0
LIMIT 2
[21:02:42 INF] Executed DbCommand (0ms) [Parameters=[@p3='?' (DbType = Int32), @p0='?' (DbType = DateTimeOffset), @p1='?' (DbType = DateTimeOffset), @p2='?' (DbType = DateTimeOffset)], CommandType='Text', CommandTimeout='30']
UPDATE "MapStationCatalogStates" SET "LastAttemptAt" = @p0, "LastCompleteConfirmationAt" = @p1, "UpdatedAt" = @p2
WHERE "MapId" = @p3
RETURNING 1;
[21:02:42 INF] Executed DbCommand (0ms) [Parameters=[@__mapId_0='?' (DbType = Int32)], CommandType='Text', CommandTimeout='30']
SELECT "t"."MapId", "t"."ActiveVersion", "t"."PendingVersion", "t"."State", "t"."UpdatedAt"
FROM "TaskTypeStationActiveBindingSets" AS "t"
WHERE "t"."MapId" = @__mapId_0
LIMIT 2
[21:02:42 INF] Executed DbCommand (0ms) [Parameters=[@__mapId_0='?' (DbType = Int32), @__version_1='?' (DbType = Int64)], CommandType='Text', CommandTimeout='30']
SELECT "t"."MapId", "t"."Version", "t"."CatalogRevision", "t"."ContentSha256", "t"."LoadedAt", "t"."RuleVersion", "t"."SnapshotId", "t"."Source"
FROM "TaskTypeStationBindingSetVersions" AS "t"
WHERE "t"."MapId" = @__mapId_0 AND "t"."Version" = @__version_1
LIMIT 2
[21:02:42 INF] Executed DbCommand (0ms) [Parameters=[@__mapId_0='?' (DbType = Int32), @__version_1='?' (DbType = Int64)], CommandType='Text', CommandTimeout='30']
SELECT "t"."TaskType"
FROM "TaskTypeStationRequirements" AS "t"
WHERE "t"."MapId" = @__mapId_0 AND "t"."Version" = @__version_1
[21:02:42 INF] Executed DbCommand (0ms) [Parameters=[@__mapId_0='?' (DbType = Int32), @__version_1='?' (DbType = Int64)], CommandType='Text', CommandTimeout='30']
SELECT "t"."MapId", "t"."Version", "t"."TaskType", "t"."SiteVerificationRef", "t"."StationName", "t"."StationRiotId"
FROM "TaskTypeStationBindings" AS "t"
WHERE "t"."MapId" = @__mapId_0 AND "t"."Version" = @__version_1
[21:02:42 INF] Executed DbCommand (0ms) [Parameters=[@__mapId_0='?' (DbType = Int32)], CommandType='Text', CommandTimeout='30']
SELECT "t"."MapId", "t"."ActiveVersion", "t"."PendingVersion", "t"."State", "t"."UpdatedAt"
FROM "TaskTypeStationActiveBindingSets" AS "t"
WHERE "t"."MapId" = @__mapId_0
LIMIT 2
[21:02:42 INF] Executed DbCommand (0ms) [Parameters=[@__mapId_0='?' (DbType = Int32), @__version_1='?' (DbType = Int64)], CommandType='Text', CommandTimeout='30']
SELECT "t"."MapId", "t"."Version", "t"."CatalogRevision", "t"."ContentSha256", "t"."LoadedAt", "t"."RuleVersion", "t"."SnapshotId", "t"."Source"
FROM "TaskTypeStationBindingSetVersions" AS "t"
WHERE "t"."MapId" = @__mapId_0 AND "t"."Version" = @__version_1
LIMIT 2
[21:02:42 INF] Executed DbCommand (0ms) [Parameters=[@__mapId_0='?' (DbType = Int32), @__version_1='?' (DbType = Int64)], CommandType='Text', CommandTimeout='30']
SELECT "t"."TaskType"
FROM "TaskTypeStationRequirements" AS "t"
WHERE "t"."MapId" = @__mapId_0 AND "t"."Version" = @__version_1
[21:02:42 INF] Executed DbCommand (0ms) [Parameters=[@__mapId_0='?' (DbType = Int32), @__version_1='?' (DbType = Int64)], CommandType='Text', CommandTimeout='30']
SELECT "t"."MapId", "t"."Version", "t"."TaskType", "t"."SiteVerificationRef", "t"."StationName", "t"."StationRiotId"
FROM "TaskTypeStationBindings" AS "t"
WHERE "t"."MapId" = @__mapId_0 AND "t"."Version" = @__version_1
[21:02:42 INF] Executed DbCommand (0ms) [Parameters=[@__version_0='?' (DbType = Int64)], CommandType='Text', CommandTimeout='30']
SELECT "t"."Version", "t"."ContentSha256", "t"."LoadedAt", "t"."SnapshotId", "t"."Source"
FROM "TaskTypeStationRuleVersions" AS "t"
WHERE "t"."Version" = @__version_0
LIMIT 2
[21:02:42 INF] Executed DbCommand (0ms) [Parameters=[@__version_0='?' (DbType = Int64)], CommandType='Text', CommandTimeout='30']
SELECT "t"."Version", "t"."TaskType", "t"."FixedEnd"
FROM "TaskTypeStationRules" AS "t"
WHERE "t"."Version" = @__version_0
[21:02:42 INF] Executed DbCommand (0ms) [Parameters=[], CommandType='Text', CommandTimeout='30']
SELECT "a"."Id", "a"."ContentHash", "a"."DeploymentId", "a"."ImportedAt", "a"."Version"
FROM "AdmissionPolicyState" AS "a"
WHERE "a"."Id" = 1
LIMIT 2
[21:02:42 INF] Executed DbCommand (0ms) [Parameters=[], CommandType='Text', CommandTimeout='30']
SELECT "j"."DemandId", "j"."AgvId", "j"."AgvLifecycleGeneration", "j"."BlockReasonCode", "j"."BlockReasonSince", "j"."ConsumedSafetyResultMessageId", "j"."ConsumedSublotMessageId", "j"."CreatedAt", "j"."DispatchGeneration", "j"."DispatchZone", "j"."ExpectedBasketCount", "j"."GateMovementLegId", "j"."GatePlanMessageId", "j"."GateStationId", "j"."GateStationRiotId", "j"."GateUpperId", "j"."GateVehicleBusinessMessageId", "j"."GateWorklistMessageId", "j"."LoadCommandMessageId", "j"."LoadSlotOperationAttemptId", "j"."MapId", "j"."MapIdentity", "j"."OperationSessionId", "j"."PickupMovementLegId", "j"."PickupStationId", "j"."PickupStationRiotId", "j"."PickupUpperId", "j"."PlanMessageId", "j"."PlanRevision", "j"."PreDepartureSafetyCheckId", "j"."PreDepartureSafetyCheckMessageId", "j"."RouteEvidenceId", "j"."Stage", "j"."StationDepartureWaitStartedAt", "j"."SublotRequestMessageId", "j"."TargetSlotsJson", "j"."UnloadCommandMessageId", "j"."UnloadSlotOperationAttemptId", "j"."UpdatedAt", "j"."VehicleBusinessMessageId", "j"."VehicleBusinessRevision", "j"."VehicleKey", "j"."WorklistMessageId", "j"."WorklistRevision"
FROM "JourneyRuntimes" AS "j"
WHERE "j"."Stage" <> 'Completed'
[21:02:42 INF] Executed DbCommand (0ms) [Parameters=[@__agvId_0='?' (Size = 10)], CommandType='Text', CommandTimeout='30']
SELECT "s"."AgvId", "s"."ActiveUnlockSlotsJson", "s"."CapabilityHash", "s"."CapabilityRevision", "s"."DepartureSafe", "s"."ForcedRecoveryGeneration", "s"."ManifestSha256", "s"."PendingAttemptIdsJson", "s"."PendingResultIdsJson", "s"."ProfileId", "s"."ProtocolCommit", "s"."ProtocolVersion", "s"."ProvenRecoveryCheckpoint", "s"."Readiness", "s"."ReasonCode", "s"."RecoveryReportId", "s"."ReportedForcedRecoveryGeneration", "s"."ReportedSlotConfigurationFingerprint", "s"."SafetyHash", "s"."SafetyReasonCodesJson", "s"."SafetyRevision", "s"."SafetyUnknownPresent", "s"."SessionGeneration", "s"."UnsettledSlotOperationAttemptId", "s"."UpdatedAt"
FROM "SessionRecoveries" AS "s"
WHERE "s"."AgvId" = @__agvId_0 AND "s"."Readiness" = 'Ready'
LIMIT 2
[21:02:42 INF] Executed DbCommand (0ms) [Parameters=[], CommandType='Text', CommandTimeout='30']
SELECT "p"."MessageId", "p"."AcknowledgedAt", "p"."CreatedAt", "p"."FencedAt", "p"."MessageType", "p"."PayloadJson"
FROM "ProtocolOutbox" AS "p"
WHERE "p"."AcknowledgedAt" IS NULL AND "p"."FencedAt" IS NULL
[21:02:42 INF] Executed DbCommand (0ms) [Parameters=[@__runtime_DemandId_0='?' (Size = 36)], CommandType='Text', CommandTimeout='30']
SELECT "r"."WorkflowId", "r"."AgvId", "r"."CommandContentHash", "r"."CommandMessageId", "r"."CommandMessageType", "r"."CreatedAt", "r"."DemandId", "r"."ExceptionRecoverySessionId", "r"."ForcedRecoveryGeneration", "r"."HandoffId", "r"."Outcome", "r"."RequestContentHash", "r"."RequestMessageId", "r"."ResultContentHash", "r"."ResultMessageId", "r"."SlotOperationAttemptId", "r"."SlotsJson", "r"."State", "r"."UpdatedAt", "r"."WorkflowType"
FROM "RecoveryWorkflows" AS "r"
WHERE "r"."DemandId" = @__runtime_DemandId_0 AND "r"."WorkflowType" = 'LOAD_CORRECTION'
[21:02:42 INF] Start processing HTTP request GET http://127.0.0.1:48408/api/task/v1/task/getVehicleInfo/BROKERX-L2-0001
[21:02:42 INF] Sending HTTP request GET http://127.0.0.1:48408/api/task/v1/task/getVehicleInfo/BROKERX-L2-0001
[21:02:42 INF] Received HTTP response headers after 0.4797ms - 200
[21:02:42 INF] End processing HTTP request after 3.6578ms - 200
[21:02:42 INF] Start processing HTTP request GET http://127.0.0.1:48408/api/order/v1/orderRecord?pageNum=1&pageSize=100&filterByState=1&filterByState=3&filterByState=7&filterByState=9
[21:02:42 INF] Sending HTTP request GET http://127.0.0.1:48408/api/order/v1/orderRecord?pageNum=1&pageSize=100&filterByState=1&filterByState=3&filterByState=7&filterByState=9
[21:02:42 INF] Received HTTP response headers after 0.4249ms - 200
[21:02:42 INF] End processing HTTP request after 1.3575ms - 200
[21:02:42 INF] HTTP GET /api/onboard/v1/vehicle-safety responded 200 in 6.1972 ms
[21:02:43 INF] Start processing HTTP request GET http://127.0.0.1:48408/api/imap/v1/mapInfo/stations/25
[21:02:43 INF] Sending HTTP request GET http://127.0.0.1:48408/api/imap/v1/mapInfo/stations/25
[21:02:43 INF] Received HTTP response headers after 0.6033ms - 200
[21:02:43 INF] End processing HTTP request after 3.8683ms - 200
[21:02:43 INF] Executed DbCommand (0ms) [Parameters=[@__mapId_0='?' (DbType = Int32)], CommandType='Text', CommandTimeout='30']
SELECT "t"."MapId", "t"."ActiveVersion", "t"."PendingVersion", "t"."State", "t"."UpdatedAt"
FROM "TaskTypeStationActiveBindingSets" AS "t"
WHERE "t"."MapId" = @__mapId_0
LIMIT 2
[21:02:43 INF] Executed DbCommand (0ms) [Parameters=[@__mapId_0='?' (DbType = Int32), @__version_1='?' (DbType = Int64)], CommandType='Text', CommandTimeout='30']
SELECT "t"."MapId", "t"."Version", "t"."CatalogRevision", "t"."ContentSha256", "t"."LoadedAt", "t"."RuleVersion", "t"."SnapshotId", "t"."Source"
FROM "TaskTypeStationBindingSetVersions" AS "t"
WHERE "t"."MapId" = @__mapId_0 AND "t"."Version" = @__version_1
LIMIT 2
[21:02:43 INF] Executed DbCommand (0ms) [Parameters=[@__mapId_0='?' (DbType = Int32), @__version_1='?' (DbType = Int64)], CommandType='Text', CommandTimeout='30']
SELECT "t"."TaskType"
FROM "TaskTypeStationRequirements" AS "t"
WHERE "t"."MapId" = @__mapId_0 AND "t"."Version" = @__version_1
[21:02:43 INF] Executed DbCommand (0ms) [Parameters=[@__mapId_0='?' (DbType = Int32), @__version_1='?' (DbType = Int64)], CommandType='Text', CommandTimeout='30']
SELECT "t"."MapId", "t"."Version", "t"."TaskType", "t"."SiteVerificationRef", "t"."StationName", "t"."StationRiotId"
FROM "TaskTypeStationBindings" AS "t"
WHERE "t"."MapId" = @__mapId_0 AND "t"."Version" = @__version_1
[21:02:43 INF] Executed DbCommand (0ms) [Parameters=[@__version_0='?' (DbType = Int64)], CommandType='Text', CommandTimeout='30']
SELECT "t"."Version", "t"."ContentSha256", "t"."LoadedAt", "t"."SnapshotId", "t"."Source"
FROM "TaskTypeStationRuleVersions" AS "t"
WHERE "t"."Version" = @__version_0
LIMIT 2
[21:02:43 INF] Executed DbCommand (0ms) [Parameters=[@__version_0='?' (DbType = Int64)], CommandType='Text', CommandTimeout='30']
SELECT "t"."Version", "t"."TaskType", "t"."FixedEnd"
FROM "TaskTypeStationRules" AS "t"
WHERE "t"."Version" = @__version_0
[21:02:43 INF] Executed DbCommand (0ms) [Parameters=[@__mapId_0='?' (DbType = Int32)], CommandType='Text', CommandTimeout='30']
SELECT "t"."MapId", "t"."ActiveVersion", "t"."PendingVersion", "t"."State", "t"."UpdatedAt"
FROM "TaskTypeStationActiveBindingSets" AS "t"
WHERE "t"."MapId" = @__mapId_0
LIMIT 2
[21:02:43 INF] Executed DbCommand (0ms) [Parameters=[@__mapId_0='?' (DbType = Int32)], CommandType='Text', CommandTimeout='30']
SELECT "t"."HoldId", "t"."DetailJson", "t"."MapId", "t"."RaisedAt", "t"."RaisedBy", "t"."ReasonCode", "t"."ReleasedAt", "t"."ReleasedBy", "t"."Source", "t"."TaskType"
FROM "TaskTypeStationHolds" AS "t"
WHERE "t"."MapId" = @__mapId_0 AND "t"."ReleasedAt" IS NULL
[21:02:43 INF] Executed DbCommand (0ms) [Parameters=[@__mapId_0='?' (DbType = Int32)], CommandType='Text', CommandTimeout='30']
SELECT "m"."MapId", "m"."ApprovedMaxUnconfirmedSeconds", "m"."ApprovedSyncPeriodSeconds", "m"."CatalogRevision", "m"."LastAttemptAt", "m"."LastCompleteConfirmationAt", "m"."LastFailureReason", "m"."State", "m"."UpdatedAt"
FROM "MapStationCatalogStates" AS "m"
WHERE "m"."MapId" = @__mapId_0
LIMIT 2
[21:02:43 INF] Executed DbCommand (0ms) [Parameters=[@p3='?' (DbType = Int32), @p0='?' (DbType = DateTimeOffset), @p1='?' (DbType = DateTimeOffset), @p2='?' (DbType = DateTimeOffset)], CommandType='Text', CommandTimeout='30']
UPDATE "MapStationCatalogStates" SET "LastAttemptAt" = @p0, "LastCompleteConfirmationAt" = @p1, "UpdatedAt" = @p2
WHERE "MapId" = @p3
RETURNING 1;
[21:02:43 INF] Executed DbCommand (0ms) [Parameters=[@__mapId_0='?' (DbType = Int32)], CommandType='Text', CommandTimeout='30']
SELECT "t"."MapId", "t"."ActiveVersion", "t"."PendingVersion", "t"."State", "t"."UpdatedAt"
FROM "TaskTypeStationActiveBindingSets" AS "t"
WHERE "t"."MapId" = @__mapId_0
LIMIT 2
[21:02:43 INF] Executed DbCommand (0ms) [Parameters=[@__mapId_0='?' (DbType = Int32), @__version_1='?' (DbType = Int64)], CommandType='Text', CommandTimeout='30']
SELECT "t"."MapId", "t"."Version", "t"."CatalogRevision", "t"."ContentSha256", "t"."LoadedAt", "t"."RuleVersion", "t"."SnapshotId", "t"."Source"
FROM "TaskTypeStationBindingSetVersions" AS "t"
WHERE "t"."MapId" = @__mapId_0 AND "t"."Version" = @__version_1
LIMIT 2
[21:02:43 INF] Executed DbCommand (0ms) [Parameters=[@__mapId_0='?' (DbType = Int32), @__version_1='?' (DbType = Int64)], CommandType='Text', CommandTimeout='30']
SELECT "t"."TaskType"
FROM "TaskTypeStationRequirements" AS "t"
WHERE "t"."MapId" = @__mapId_0 AND "t"."Version" = @__version_1
[21:02:43 INF] Executed DbCommand (0ms) [Parameters=[@__mapId_0='?' (DbType = Int32), @__version_1='?' (DbType = Int64)], CommandType='Text', CommandTimeout='30']
SELECT "t"."MapId", "t"."Version", "t"."TaskType", "t"."SiteVerificationRef", "t"."StationName", "t"."StationRiotId"
FROM "TaskTypeStationBindings" AS "t"
WHERE "t"."MapId" = @__mapId_0 AND "t"."Version" = @__version_1
[21:02:43 INF] Executed DbCommand (0ms) [Parameters=[@__mapId_0='?' (DbType = Int32)], CommandType='Text', CommandTimeout='30']
SELECT "t"."MapId", "t"."ActiveVersion", "t"."PendingVersion", "t"."State", "t"."UpdatedAt"
FROM "TaskTypeStationActiveBindingSets" AS "t"
WHERE "t"."MapId" = @__mapId_0
LIMIT 2
[21:02:43 INF] Executed DbCommand (0ms) [Parameters=[@__mapId_0='?' (DbType = Int32), @__version_1='?' (DbType = Int64)], CommandType='Text', CommandTimeout='30']
SELECT "t"."MapId", "t"."Version", "t"."CatalogRevision", "t"."ContentSha256", "t"."LoadedAt", "t"."RuleVersion", "t"."SnapshotId", "t"."Source"
FROM "TaskTypeStationBindingSetVersions" AS "t"
WHERE "t"."MapId" = @__mapId_0 AND "t"."Version" = @__version_1
LIMIT 2
[21:02:43 INF] Executed DbCommand (0ms) [Parameters=[@__mapId_0='?' (DbType = Int32), @__version_1='?' (DbType = Int64)], CommandType='Text', CommandTimeout='30']
SELECT "t"."TaskType"
FROM "TaskTypeStationRequirements" AS "t"
WHERE "t"."MapId" = @__mapId_0 AND "t"."Version" = @__version_1
[21:02:43 INF] Executed DbCommand (0ms) [Parameters=[@__mapId_0='?' (DbType = Int32), @__version_1='?' (DbType = Int64)], CommandType='Text', CommandTimeout='30']
SELECT "t"."MapId", "t"."Version", "t"."TaskType", "t"."SiteVerificationRef", "t"."StationName", "t"."StationRiotId"
FROM "TaskTypeStationBindings" AS "t"
WHERE "t"."MapId" = @__mapId_0 AND "t"."Version" = @__version_1
[21:02:43 INF] Executed DbCommand (0ms) [Parameters=[@__version_0='?' (DbType = Int64)], CommandType='Text', CommandTimeout='30']
SELECT "t"."Version", "t"."ContentSha256", "t"."LoadedAt", "t"."SnapshotId", "t"."Source"
FROM "TaskTypeStationRuleVersions" AS "t"
WHERE "t"."Version" = @__version_0
LIMIT 2
[21:02:43 INF] Executed DbCommand (0ms) [Parameters=[@__version_0='?' (DbType = Int64)], CommandType='Text', CommandTimeout='30']
SELECT "t"."Version", "t"."TaskType", "t"."FixedEnd"
FROM "TaskTypeStationRules" AS "t"
WHERE "t"."Version" = @__version_0
[21:02:43 INF] Executed DbCommand (0ms) [Parameters=[], CommandType='Text', CommandTimeout='30']
SELECT "a"."Id", "a"."ContentHash", "a"."DeploymentId", "a"."ImportedAt", "a"."Version"
FROM "AdmissionPolicyState" AS "a"
WHERE "a"."Id" = 1
LIMIT 2
[21:02:43 INF] Executed DbCommand (0ms) [Parameters=[], CommandType='Text', CommandTimeout='30']
SELECT "j"."DemandId", "j"."AgvId", "j"."AgvLifecycleGeneration", "j"."BlockReasonCode", "j"."BlockReasonSince", "j"."ConsumedSafetyResultMessageId", "j"."ConsumedSublotMessageId", "j"."CreatedAt", "j"."DispatchGeneration", "j"."DispatchZone", "j"."ExpectedBasketCount", "j"."GateMovementLegId", "j"."GatePlanMessageId", "j"."GateStationId", "j"."GateStationRiotId", "j"."GateUpperId", "j"."GateVehicleBusinessMessageId", "j"."GateWorklistMessageId", "j"."LoadCommandMessageId", "j"."LoadSlotOperationAttemptId", "j"."MapId", "j"."MapIdentity", "j"."OperationSessionId", "j"."PickupMovementLegId", "j"."PickupStationId", "j"."PickupStationRiotId", "j"."PickupUpperId", "j"."PlanMessageId", "j"."PlanRevision", "j"."PreDepartureSafetyCheckId", "j"."PreDepartureSafetyCheckMessageId", "j"."RouteEvidenceId", "j"."Stage", "j"."StationDepartureWaitStartedAt", "j"."SublotRequestMessageId", "j"."TargetSlotsJson", "j"."UnloadCommandMessageId", "j"."UnloadSlotOperationAttemptId", "j"."UpdatedAt", "j"."VehicleBusinessMessageId", "j"."VehicleBusinessRevision", "j"."VehicleKey", "j"."WorklistMessageId", "j"."WorklistRevision"
FROM "JourneyRuntimes" AS "j"
WHERE "j"."Stage" <> 'Completed'
[21:02:43 INF] Executed DbCommand (0ms) [Parameters=[@__agvId_0='?' (Size = 10)], CommandType='Text', CommandTimeout='30']
SELECT "s"."AgvId", "s"."ActiveUnlockSlotsJson", "s"."CapabilityHash", "s"."CapabilityRevision", "s"."DepartureSafe", "s"."ForcedRecoveryGeneration", "s"."ManifestSha256", "s"."PendingAttemptIdsJson", "s"."PendingResultIdsJson", "s"."ProfileId", "s"."ProtocolCommit", "s"."ProtocolVersion", "s"."ProvenRecoveryCheckpoint", "s"."Readiness", "s"."ReasonCode", "s"."RecoveryReportId", "s"."ReportedForcedRecoveryGeneration", "s"."ReportedSlotConfigurationFingerprint", "s"."SafetyHash", "s"."SafetyReasonCodesJson", "s"."SafetyRevision", "s"."SafetyUnknownPresent", "s"."SessionGeneration", "s"."UnsettledSlotOperationAttemptId", "s"."UpdatedAt"
FROM "SessionRecoveries" AS "s"
WHERE "s"."AgvId" = @__agvId_0 AND "s"."Readiness" = 'Ready'
LIMIT 2
[21:02:43 INF] Executed DbCommand (0ms) [Parameters=[], CommandType='Text', CommandTimeout='30']
SELECT "p"."MessageId", "p"."AcknowledgedAt", "p"."CreatedAt", "p"."FencedAt", "p"."MessageType", "p"."PayloadJson"
FROM "ProtocolOutbox" AS "p"
WHERE "p"."AcknowledgedAt" IS NULL AND "p"."FencedAt" IS NULL
[21:02:43 INF] Executed DbCommand (0ms) [Parameters=[@__runtime_DemandId_0='?' (Size = 36)], CommandType='Text', CommandTimeout='30']
SELECT "r"."WorkflowId", "r"."AgvId", "r"."CommandContentHash", "r"."CommandMessageId", "r"."CommandMessageType", "r"."CreatedAt", "r"."DemandId", "r"."ExceptionRecoverySessionId", "r"."ForcedRecoveryGeneration", "r"."HandoffId", "r"."Outcome", "r"."RequestContentHash", "r"."RequestMessageId", "r"."ResultContentHash", "r"."ResultMessageId", "r"."SlotOperationAttemptId", "r"."SlotsJson", "r"."State", "r"."UpdatedAt", "r"."WorkflowType"
FROM "RecoveryWorkflows" AS "r"
WHERE "r"."DemandId" = @__runtime_DemandId_0 AND "r"."WorkflowType" = 'LOAD_CORRECTION'
[21:02:43 INF] Start processing HTTP request GET http://127.0.0.1:48408/api/task/v1/task/getVehicleInfo/BROKERX-L2-0001
[21:02:43 INF] Sending HTTP request GET http://127.0.0.1:48408/api/task/v1/task/getVehicleInfo/BROKERX-L2-0001
[21:02:43 INF] Received HTTP response headers after 0.5355ms - 200
[21:02:43 INF] End processing HTTP request after 3.8794ms - 200
[21:02:43 INF] Start processing HTTP request GET http://127.0.0.1:48408/api/order/v1/orderRecord?pageNum=1&pageSize=100&filterByState=1&filterByState=3&filterByState=7&filterByState=9
[21:02:43 INF] Sending HTTP request GET http://127.0.0.1:48408/api/order/v1/orderRecord?pageNum=1&pageSize=100&filterByState=1&filterByState=3&filterByState=7&filterByState=9
[21:02:43 INF] Received HTTP response headers after 0.4888ms - 200
[21:02:43 INF] End processing HTTP request after 1.3061ms - 200
[21:02:43 INF] HTTP GET /api/onboard/v1/vehicle-safety responded 200 in 6.7244 ms
[21:02:44 INF] Start processing HTTP request GET http://127.0.0.1:48408/api/imap/v1/mapInfo/stations/25
[21:02:44 INF] Sending HTTP request GET http://127.0.0.1:48408/api/imap/v1/mapInfo/stations/25
[21:02:44 INF] Received HTTP response headers after 0.5311ms - 200
[21:02:44 INF] End processing HTTP request after 3.8736ms - 200
[21:02:44 INF] Executed DbCommand (0ms) [Parameters=[@__mapId_0='?' (DbType = Int32)], CommandType='Text', CommandTimeout='30']
SELECT "t"."MapId", "t"."ActiveVersion", "t"."PendingVersion", "t"."State", "t"."UpdatedAt"
FROM "TaskTypeStationActiveBindingSets" AS "t"
WHERE "t"."MapId" = @__mapId_0
LIMIT 2
[21:02:44 INF] Executed DbCommand (0ms) [Parameters=[@__mapId_0='?' (DbType = Int32), @__version_1='?' (DbType = Int64)], CommandType='Text', CommandTimeout='30']
SELECT "t"."MapId", "t"."Version", "t"."CatalogRevision", "t"."ContentSha256", "t"."LoadedAt", "t"."RuleVersion", "t"."SnapshotId", "t"."Source"
FROM "TaskTypeStationBindingSetVersions" AS "t"
WHERE "t"."MapId" = @__mapId_0 AND "t"."Version" = @__version_1
LIMIT 2
[21:02:44 INF] Executed DbCommand (0ms) [Parameters=[@__mapId_0='?' (DbType = Int32), @__version_1='?' (DbType = Int64)], CommandType='Text', CommandTimeout='30']
SELECT "t"."TaskType"
FROM "TaskTypeStationRequirements" AS "t"
WHERE "t"."MapId" = @__mapId_0 AND "t"."Version" = @__version_1
[21:02:44 INF] Executed DbCommand (0ms) [Parameters=[@__mapId_0='?' (DbType = Int32), @__version_1='?' (DbType = Int64)], CommandType='Text', CommandTimeout='30']
SELECT "t"."MapId", "t"."Version", "t"."TaskType", "t"."SiteVerificationRef", "t"."StationName", "t"."StationRiotId"
FROM "TaskTypeStationBindings" AS "t"
WHERE "t"."MapId" = @__mapId_0 AND "t"."Version" = @__version_1
[21:02:44 INF] Executed DbCommand (0ms) [Parameters=[@__version_0='?' (DbType = Int64)], CommandType='Text', CommandTimeout='30']
SELECT "t"."Version", "t"."ContentSha256", "t"."LoadedAt", "t"."SnapshotId", "t"."Source"
FROM "TaskTypeStationRuleVersions" AS "t"
WHERE "t"."Version" = @__version_0
LIMIT 2
[21:02:44 INF] Executed DbCommand (0ms) [Parameters=[@__version_0='?' (DbType = Int64)], CommandType='Text', CommandTimeout='30']
SELECT "t"."Version", "t"."TaskType", "t"."FixedEnd"
FROM "TaskTypeStationRules" AS "t"
WHERE "t"."Version" = @__version_0
[21:02:44 INF] Executed DbCommand (0ms) [Parameters=[@__mapId_0='?' (DbType = Int32)], CommandType='Text', CommandTimeout='30']
SELECT "t"."MapId", "t"."ActiveVersion", "t"."PendingVersion", "t"."State", "t"."UpdatedAt"
FROM "TaskTypeStationActiveBindingSets" AS "t"
WHERE "t"."MapId" = @__mapId_0
LIMIT 2
[21:02:44 INF] Executed DbCommand (0ms) [Parameters=[@__mapId_0='?' (DbType = Int32)], CommandType='Text', CommandTimeout='30']
SELECT "t"."HoldId", "t"."DetailJson", "t"."MapId", "t"."RaisedAt", "t"."RaisedBy", "t"."ReasonCode", "t"."ReleasedAt", "t"."ReleasedBy", "t"."Source", "t"."TaskType"
FROM "TaskTypeStationHolds" AS "t"
WHERE "t"."MapId" = @__mapId_0 AND "t"."ReleasedAt" IS NULL
[21:02:44 INF] Executed DbCommand (0ms) [Parameters=[@__mapId_0='?' (DbType = Int32)], CommandType='Text', CommandTimeout='30']
SELECT "m"."MapId", "m"."ApprovedMaxUnconfirmedSeconds", "m"."ApprovedSyncPeriodSeconds", "m"."CatalogRevision", "m"."LastAttemptAt", "m"."LastCompleteConfirmationAt", "m"."LastFailureReason", "m"."State", "m"."UpdatedAt"
FROM "MapStationCatalogStates" AS "m"
WHERE "m"."MapId" = @__mapId_0
LIMIT 2
[21:02:44 INF] Executed DbCommand (0ms) [Parameters=[@p3='?' (DbType = Int32), @p0='?' (DbType = DateTimeOffset), @p1='?' (DbType = DateTimeOffset), @p2='?' (DbType = DateTimeOffset)], CommandType='Text', CommandTimeout='30']
UPDATE "MapStationCatalogStates" SET "LastAttemptAt" = @p0, "LastCompleteConfirmationAt" = @p1, "UpdatedAt" = @p2
WHERE "MapId" = @p3
RETURNING 1;
[21:02:44 INF] Executed DbCommand (0ms) [Parameters=[@__mapId_0='?' (DbType = Int32)], CommandType='Text', CommandTimeout='30']
SELECT "t"."MapId", "t"."ActiveVersion", "t"."PendingVersion", "t"."State", "t"."UpdatedAt"
FROM "TaskTypeStationActiveBindingSets" AS "t"
WHERE "t"."MapId" = @__mapId_0
LIMIT 2
[21:02:44 INF] Executed DbCommand (0ms) [Parameters=[@__mapId_0='?' (DbType = Int32), @__version_1='?' (DbType = Int64)], CommandType='Text', CommandTimeout='30']
SELECT "t"."MapId", "t"."Version", "t"."CatalogRevision", "t"."ContentSha256", "t"."LoadedAt", "t"."RuleVersion", "t"."SnapshotId", "t"."Source"
FROM "TaskTypeStationBindingSetVersions" AS "t"
WHERE "t"."MapId" = @__mapId_0 AND "t"."Version" = @__version_1
LIMIT 2
[21:02:44 INF] Executed DbCommand (0ms) [Parameters=[@__mapId_0='?' (DbType = Int32), @__version_1='?' (DbType = Int64)], CommandType='Text', CommandTimeout='30']
SELECT "t"."TaskType"
FROM "TaskTypeStationRequirements" AS "t"
WHERE "t"."MapId" = @__mapId_0 AND "t"."Version" = @__version_1
[21:02:44 INF] Executed DbCommand (0ms) [Parameters=[@__mapId_0='?' (DbType = Int32), @__version_1='?' (DbType = Int64)], CommandType='Text', CommandTimeout='30']
SELECT "t"."MapId", "t"."Version", "t"."TaskType", "t"."SiteVerificationRef", "t"."StationName", "t"."StationRiotId"
FROM "TaskTypeStationBindings" AS "t"
WHERE "t"."MapId" = @__mapId_0 AND "t"."Version" = @__version_1
[21:02:44 INF] Executed DbCommand (0ms) [Parameters=[@__mapId_0='?' (DbType = Int32)], CommandType='Text', CommandTimeout='30']
SELECT "t"."MapId", "t"."ActiveVersion", "t"."PendingVersion", "t"."State", "t"."UpdatedAt"
FROM "TaskTypeStationActiveBindingSets" AS "t"
WHERE "t"."MapId" = @__mapId_0
LIMIT 2
[21:02:44 INF] Executed DbCommand (0ms) [Parameters=[@__mapId_0='?' (DbType = Int32), @__version_1='?' (DbType = Int64)], CommandType='Text', CommandTimeout='30']
SELECT "t"."MapId", "t"."Version", "t"."CatalogRevision", "t"."ContentSha256", "t"."LoadedAt", "t"."RuleVersion", "t"."SnapshotId", "t"."Source"
FROM "TaskTypeStationBindingSetVersions" AS "t"
WHERE "t"."MapId" = @__mapId_0 AND "t"."Version" = @__version_1
LIMIT 2
[21:02:44 INF] Executed DbCommand (0ms) [Parameters=[@__mapId_0='?' (DbType = Int32), @__version_1='?' (DbType = Int64)], CommandType='Text', CommandTimeout='30']
SELECT "t"."TaskType"
FROM "TaskTypeStationRequirements" AS "t"
WHERE "t"."MapId" = @__mapId_0 AND "t"."Version" = @__version_1
[21:02:44 INF] Executed DbCommand (0ms) [Parameters=[@__mapId_0='?' (DbType = Int32), @__version_1='?' (DbType = Int64)], CommandType='Text', CommandTimeout='30']
SELECT "t"."MapId", "t"."Version", "t"."TaskType", "t"."SiteVerificationRef", "t"."StationName", "t"."StationRiotId"
FROM "TaskTypeStationBindings" AS "t"
WHERE "t"."MapId" = @__mapId_0 AND "t"."Version" = @__version_1
[21:02:44 INF] Executed DbCommand (0ms) [Parameters=[@__version_0='?' (DbType = Int64)], CommandType='Text', CommandTimeout='30']
SELECT "t"."Version", "t"."ContentSha256", "t"."LoadedAt", "t"."SnapshotId", "t"."Source"
FROM "TaskTypeStationRuleVersions" AS "t"
WHERE "t"."Version" = @__version_0
LIMIT 2
[21:02:44 INF] Executed DbCommand (0ms) [Parameters=[@__version_0='?' (DbType = Int64)], CommandType='Text', CommandTimeout='30']
SELECT "t"."Version", "t"."TaskType", "t"."FixedEnd"
FROM "TaskTypeStationRules" AS "t"
WHERE "t"."Version" = @__version_0
[21:02:44 INF] Executed DbCommand (0ms) [Parameters=[], CommandType='Text', CommandTimeout='30']
SELECT "a"."Id", "a"."ContentHash", "a"."DeploymentId", "a"."ImportedAt", "a"."Version"
FROM "AdmissionPolicyState" AS "a"
WHERE "a"."Id" = 1
LIMIT 2
[21:02:44 INF] Executed DbCommand (0ms) [Parameters=[], CommandType='Text', CommandTimeout='30']
SELECT "j"."DemandId", "j"."AgvId", "j"."AgvLifecycleGeneration", "j"."BlockReasonCode", "j"."BlockReasonSince", "j"."ConsumedSafetyResultMessageId", "j"."ConsumedSublotMessageId", "j"."CreatedAt", "j"."DispatchGeneration", "j"."DispatchZone", "j"."ExpectedBasketCount", "j"."GateMovementLegId", "j"."GatePlanMessageId", "j"."GateStationId", "j"."GateStationRiotId", "j"."GateUpperId", "j"."GateVehicleBusinessMessageId", "j"."GateWorklistMessageId", "j"."LoadCommandMessageId", "j"."LoadSlotOperationAttemptId", "j"."MapId", "j"."MapIdentity", "j"."OperationSessionId", "j"."PickupMovementLegId", "j"."PickupStationId", "j"."PickupStationRiotId", "j"."PickupUpperId", "j"."PlanMessageId", "j"."PlanRevision", "j"."PreDepartureSafetyCheckId", "j"."PreDepartureSafetyCheckMessageId", "j"."RouteEvidenceId", "j"."Stage", "j"."StationDepartureWaitStartedAt", "j"."SublotRequestMessageId", "j"."TargetSlotsJson", "j"."UnloadCommandMessageId", "j"."UnloadSlotOperationAttemptId", "j"."UpdatedAt", "j"."VehicleBusinessMessageId", "j"."VehicleBusinessRevision", "j"."VehicleKey", "j"."WorklistMessageId", "j"."WorklistRevision"
FROM "JourneyRuntimes" AS "j"
WHERE "j"."Stage" <> 'Completed'
[21:02:44 INF] Executed DbCommand (0ms) [Parameters=[@__agvId_0='?' (Size = 10)], CommandType='Text', CommandTimeout='30']
SELECT "s"."AgvId", "s"."ActiveUnlockSlotsJson", "s"."CapabilityHash", "s"."CapabilityRevision", "s"."DepartureSafe", "s"."ForcedRecoveryGeneration", "s"."ManifestSha256", "s"."PendingAttemptIdsJson", "s"."PendingResultIdsJson", "s"."ProfileId", "s"."ProtocolCommit", "s"."ProtocolVersion", "s"."ProvenRecoveryCheckpoint", "s"."Readiness", "s"."ReasonCode", "s"."RecoveryReportId", "s"."ReportedForcedRecoveryGeneration", "s"."ReportedSlotConfigurationFingerprint", "s"."SafetyHash", "s"."SafetyReasonCodesJson", "s"."SafetyRevision", "s"."SafetyUnknownPresent", "s"."SessionGeneration", "s"."UnsettledSlotOperationAttemptId", "s"."UpdatedAt"
FROM "SessionRecoveries" AS "s"
WHERE "s"."AgvId" = @__agvId_0 AND "s"."Readiness" = 'Ready'
LIMIT 2
[21:02:44 INF] Executed DbCommand (0ms) [Parameters=[], CommandType='Text', CommandTimeout='30']
SELECT "p"."MessageId", "p"."AcknowledgedAt", "p"."CreatedAt", "p"."FencedAt", "p"."MessageType", "p"."PayloadJson"
FROM "ProtocolOutbox" AS "p"
WHERE "p"."AcknowledgedAt" IS NULL AND "p"."FencedAt" IS NULL
[21:02:44 INF] Executed DbCommand (0ms) [Parameters=[@__runtime_DemandId_0='?' (Size = 36)], CommandType='Text', CommandTimeout='30']
SELECT "r"."WorkflowId", "r"."AgvId", "r"."CommandContentHash", "r"."CommandMessageId", "r"."CommandMessageType", "r"."CreatedAt", "r"."DemandId", "r"."ExceptionRecoverySessionId", "r"."ForcedRecoveryGeneration", "r"."HandoffId", "r"."Outcome", "r"."RequestContentHash", "r"."RequestMessageId", "r"."ResultContentHash", "r"."ResultMessageId", "r"."SlotOperationAttemptId", "r"."SlotsJson", "r"."State", "r"."UpdatedAt", "r"."WorkflowType"
FROM "RecoveryWorkflows" AS "r"
WHERE "r"."DemandId" = @__runtime_DemandId_0 AND "r"."WorkflowType" = 'LOAD_CORRECTION'
[21:02:44 INF] Start processing HTTP request GET http://127.0.0.1:48408/api/task/v1/task/getVehicleInfo/BROKERX-L2-0001
[21:02:44 INF] Sending HTTP request GET http://127.0.0.1:48408/api/task/v1/task/getVehicleInfo/BROKERX-L2-0001
[21:02:44 INF] Received HTTP response headers after 0.4958ms - 200
[21:02:44 INF] End processing HTTP request after 3.7359ms - 200
[21:02:44 INF] Start processing HTTP request GET http://127.0.0.1:48408/api/order/v1/orderRecord?pageNum=1&pageSize=100&filterByState=1&filterByState=3&filterByState=7&filterByState=9
[21:02:44 INF] Sending HTTP request GET http://127.0.0.1:48408/api/order/v1/orderRecord?pageNum=1&pageSize=100&filterByState=1&filterByState=3&filterByState=7&filterByState=9
[21:02:44 INF] Received HTTP response headers after 0.5519ms - 200
[21:02:44 INF] End processing HTTP request after 1.2247ms - 200
[21:02:44 INF] HTTP GET /api/onboard/v1/vehicle-safety responded 200 in 6.2045 ms
[21:02:45 INF] Start processing HTTP request GET http://127.0.0.1:48408/api/imap/v1/mapInfo/stations/25
[21:02:45 INF] Sending HTTP request GET http://127.0.0.1:48408/api/imap/v1/mapInfo/stations/25
[21:02:45 INF] Received HTTP response headers after 0.5632ms - 200
[21:02:45 INF] End processing HTTP request after 3.8724ms - 200
[21:02:45 INF] Executed DbCommand (0ms) [Parameters=[@__mapId_0='?' (DbType = Int32)], CommandType='Text', CommandTimeout='30']
SELECT "t"."MapId", "t"."ActiveVersion", "t"."PendingVersion", "t"."State", "t"."UpdatedAt"
FROM "TaskTypeStationActiveBindingSets" AS "t"
WHERE "t"."MapId" = @__mapId_0
LIMIT 2
[21:02:45 INF] Executed DbCommand (0ms) [Parameters=[@__mapId_0='?' (DbType = Int32), @__version_1='?' (DbType = Int64)], CommandType='Text', CommandTimeout='30']
SELECT "t"."MapId", "t"."Version", "t"."CatalogRevision", "t"."ContentSha256", "t"."LoadedAt", "t"."RuleVersion", "t"."SnapshotId", "t"."Source"
FROM "TaskTypeStationBindingSetVersions" AS "t"
WHERE "t"."MapId" = @__mapId_0 AND "t"."Version" = @__version_1
LIMIT 2
[21:02:45 INF] Executed DbCommand (0ms) [Parameters=[@__mapId_0='?' (DbType = Int32), @__version_1='?' (DbType = Int64)], CommandType='Text', CommandTimeout='30']
SELECT "t"."TaskType"
FROM "TaskTypeStationRequirements" AS "t"
WHERE "t"."MapId" = @__mapId_0 AND "t"."Version" = @__version_1
[21:02:45 INF] Executed DbCommand (0ms) [Parameters=[@__mapId_0='?' (DbType = Int32), @__version_1='?' (DbType = Int64)], CommandType='Text', CommandTimeout='30']
SELECT "t"."MapId", "t"."Version", "t"."TaskType", "t"."SiteVerificationRef", "t"."StationName", "t"."StationRiotId"
FROM "TaskTypeStationBindings" AS "t"
WHERE "t"."MapId" = @__mapId_0 AND "t"."Version" = @__version_1
[21:02:45 INF] Executed DbCommand (0ms) [Parameters=[@__version_0='?' (DbType = Int64)], CommandType='Text', CommandTimeout='30']
SELECT "t"."Version", "t"."ContentSha256", "t"."LoadedAt", "t"."SnapshotId", "t"."Source"
FROM "TaskTypeStationRuleVersions" AS "t"
WHERE "t"."Version" = @__version_0
LIMIT 2
[21:02:45 INF] Executed DbCommand (0ms) [Parameters=[@__version_0='?' (DbType = Int64)], CommandType='Text', CommandTimeout='30']
SELECT "t"."Version", "t"."TaskType", "t"."FixedEnd"
FROM "TaskTypeStationRules" AS "t"
WHERE "t"."Version" = @__version_0
[21:02:45 INF] Executed DbCommand (0ms) [Parameters=[@__mapId_0='?' (DbType = Int32)], CommandType='Text', CommandTimeout='30']
SELECT "t"."MapId", "t"."ActiveVersion", "t"."PendingVersion", "t"."State", "t"."UpdatedAt"
FROM "TaskTypeStationActiveBindingSets" AS "t"
WHERE "t"."MapId" = @__mapId_0
LIMIT 2
[21:02:45 INF] Executed DbCommand (0ms) [Parameters=[@__mapId_0='?' (DbType = Int32)], CommandType='Text', CommandTimeout='30']
SELECT "t"."HoldId", "t"."DetailJson", "t"."MapId", "t"."RaisedAt", "t"."RaisedBy", "t"."ReasonCode", "t"."ReleasedAt", "t"."ReleasedBy", "t"."Source", "t"."TaskType"
FROM "TaskTypeStationHolds" AS "t"
WHERE "t"."MapId" = @__mapId_0 AND "t"."ReleasedAt" IS NULL
[21:02:45 INF] Executed DbCommand (0ms) [Parameters=[@__mapId_0='?' (DbType = Int32)], CommandType='Text', CommandTimeout='30']
SELECT "m"."MapId", "m"."ApprovedMaxUnconfirmedSeconds", "m"."ApprovedSyncPeriodSeconds", "m"."CatalogRevision", "m"."LastAttemptAt", "m"."LastCompleteConfirmationAt", "m"."LastFailureReason", "m"."State", "m"."UpdatedAt"
FROM "MapStationCatalogStates" AS "m"
WHERE "m"."MapId" = @__mapId_0
LIMIT 2
[21:02:45 INF] Executed DbCommand (0ms) [Parameters=[@p3='?' (DbType = Int32), @p0='?' (DbType = DateTimeOffset), @p1='?' (DbType = DateTimeOffset), @p2='?' (DbType = DateTimeOffset)], CommandType='Text', CommandTimeout='30']
UPDATE "MapStationCatalogStates" SET "LastAttemptAt" = @p0, "LastCompleteConfirmationAt" = @p1, "UpdatedAt" = @p2
WHERE "MapId" = @p3
RETURNING 1;
[21:02:45 INF] Executed DbCommand (0ms) [Parameters=[@__mapId_0='?' (DbType = Int32)], CommandType='Text', CommandTimeout='30']
SELECT "t"."MapId", "t"."ActiveVersion", "t"."PendingVersion", "t"."State", "t"."UpdatedAt"
FROM "TaskTypeStationActiveBindingSets" AS "t"
WHERE "t"."MapId" = @__mapId_0
LIMIT 2
[21:02:45 INF] Executed DbCommand (0ms) [Parameters=[@__mapId_0='?' (DbType = Int32), @__version_1='?' (DbType = Int64)], CommandType='Text', CommandTimeout='30']
SELECT "t"."MapId", "t"."Version", "t"."CatalogRevision", "t"."ContentSha256", "t"."LoadedAt", "t"."RuleVersion", "t"."SnapshotId", "t"."Source"
FROM "TaskTypeStationBindingSetVersions" AS "t"
WHERE "t"."MapId" = @__mapId_0 AND "t"."Version" = @__version_1
LIMIT 2
[21:02:45 INF] Executed DbCommand (0ms) [Parameters=[@__mapId_0='?' (DbType = Int32), @__version_1='?' (DbType = Int64)], CommandType='Text', CommandTimeout='30']
SELECT "t"."TaskType"
FROM "TaskTypeStationRequirements" AS "t"
WHERE "t"."MapId" = @__mapId_0 AND "t"."Version" = @__version_1
[21:02:45 INF] Executed DbCommand (0ms) [Parameters=[@__mapId_0='?' (DbType = Int32), @__version_1='?' (DbType = Int64)], CommandType='Text', CommandTimeout='30']
SELECT "t"."MapId", "t"."Version", "t"."TaskType", "t"."SiteVerificationRef", "t"."StationName", "t"."StationRiotId"
FROM "TaskTypeStationBindings" AS "t"
WHERE "t"."MapId" = @__mapId_0 AND "t"."Version" = @__version_1
[21:02:45 INF] Executed DbCommand (0ms) [Parameters=[@__mapId_0='?' (DbType = Int32)], CommandType='Text', CommandTimeout='30']
SELECT "t"."MapId", "t"."ActiveVersion", "t"."PendingVersion", "t"."State", "t"."UpdatedAt"
FROM "TaskTypeStationActiveBindingSets" AS "t"
WHERE "t"."MapId" = @__mapId_0
LIMIT 2
[21:02:45 INF] Executed DbCommand (0ms) [Parameters=[@__mapId_0='?' (DbType = Int32), @__version_1='?' (DbType = Int64)], CommandType='Text', CommandTimeout='30']
SELECT "t"."MapId", "t"."Version", "t"."CatalogRevision", "t"."ContentSha256", "t"."LoadedAt", "t"."RuleVersion", "t"."SnapshotId", "t"."Source"
FROM "TaskTypeStationBindingSetVersions" AS "t"
WHERE "t"."MapId" = @__mapId_0 AND "t"."Version" = @__version_1
LIMIT 2
[21:02:45 INF] Executed DbCommand (0ms) [Parameters=[@__mapId_0='?' (DbType = Int32), @__version_1='?' (DbType = Int64)], CommandType='Text', CommandTimeout='30']
SELECT "t"."TaskType"
FROM "TaskTypeStationRequirements" AS "t"
WHERE "t"."MapId" = @__mapId_0 AND "t"."Version" = @__version_1
[21:02:45 INF] Executed DbCommand (0ms) [Parameters=[@__mapId_0='?' (DbType = Int32), @__version_1='?' (DbType = Int64)], CommandType='Text', CommandTimeout='30']
SELECT "t"."MapId", "t"."Version", "t"."TaskType", "t"."SiteVerificationRef", "t"."StationName", "t"."StationRiotId"
FROM "TaskTypeStationBindings" AS "t"
WHERE "t"."MapId" = @__mapId_0 AND "t"."Version" = @__version_1
[21:02:45 INF] Executed DbCommand (0ms) [Parameters=[@__version_0='?' (DbType = Int64)], CommandType='Text', CommandTimeout='30']
SELECT "t"."Version", "t"."ContentSha256", "t"."LoadedAt", "t"."SnapshotId", "t"."Source"
FROM "TaskTypeStationRuleVersions" AS "t"
WHERE "t"."Version" = @__version_0
LIMIT 2
[21:02:45 INF] Executed DbCommand (0ms) [Parameters=[@__version_0='?' (DbType = Int64)], CommandType='Text', CommandTimeout='30']
SELECT "t"."Version", "t"."TaskType", "t"."FixedEnd"
FROM "TaskTypeStationRules" AS "t"
WHERE "t"."Version" = @__version_0
[21:02:45 INF] Executed DbCommand (0ms) [Parameters=[], CommandType='Text', CommandTimeout='30']
SELECT "a"."Id", "a"."ContentHash", "a"."DeploymentId", "a"."ImportedAt", "a"."Version"
FROM "AdmissionPolicyState" AS "a"
WHERE "a"."Id" = 1
LIMIT 2
[21:02:45 INF] Executed DbCommand (0ms) [Parameters=[], CommandType='Text', CommandTimeout='30']
SELECT "j"."DemandId", "j"."AgvId", "j"."AgvLifecycleGeneration", "j"."BlockReasonCode", "j"."BlockReasonSince", "j"."ConsumedSafetyResultMessageId", "j"."ConsumedSublotMessageId", "j"."CreatedAt", "j"."DispatchGeneration", "j"."DispatchZone", "j"."ExpectedBasketCount", "j"."GateMovementLegId", "j"."GatePlanMessageId", "j"."GateStationId", "j"."GateStationRiotId", "j"."GateUpperId", "j"."GateVehicleBusinessMessageId", "j"."GateWorklistMessageId", "j"."LoadCommandMessageId", "j"."LoadSlotOperationAttemptId", "j"."MapId", "j"."MapIdentity", "j"."OperationSessionId", "j"."PickupMovementLegId", "j"."PickupStationId", "j"."PickupStationRiotId", "j"."PickupUpperId", "j"."PlanMessageId", "j"."PlanRevision", "j"."PreDepartureSafetyCheckId", "j"."PreDepartureSafetyCheckMessageId", "j"."RouteEvidenceId", "j"."Stage", "j"."StationDepartureWaitStartedAt", "j"."SublotRequestMessageId", "j"."TargetSlotsJson", "j"."UnloadCommandMessageId", "j"."UnloadSlotOperationAttemptId", "j"."UpdatedAt", "j"."VehicleBusinessMessageId", "j"."VehicleBusinessRevision", "j"."VehicleKey", "j"."WorklistMessageId", "j"."WorklistRevision"
FROM "JourneyRuntimes" AS "j"
WHERE "j"."Stage" <> 'Completed'
[21:02:45 INF] Executed DbCommand (0ms) [Parameters=[@__agvId_0='?' (Size = 10)], CommandType='Text', CommandTimeout='30']
SELECT "s"."AgvId", "s"."ActiveUnlockSlotsJson", "s"."CapabilityHash", "s"."CapabilityRevision", "s"."DepartureSafe", "s"."ForcedRecoveryGeneration", "s"."ManifestSha256", "s"."PendingAttemptIdsJson", "s"."PendingResultIdsJson", "s"."ProfileId", "s"."ProtocolCommit", "s"."ProtocolVersion", "s"."ProvenRecoveryCheckpoint", "s"."Readiness", "s"."ReasonCode", "s"."RecoveryReportId", "s"."ReportedForcedRecoveryGeneration", "s"."ReportedSlotConfigurationFingerprint", "s"."SafetyHash", "s"."SafetyReasonCodesJson", "s"."SafetyRevision", "s"."SafetyUnknownPresent", "s"."SessionGeneration", "s"."UnsettledSlotOperationAttemptId", "s"."UpdatedAt"
FROM "SessionRecoveries" AS "s"
WHERE "s"."AgvId" = @__agvId_0 AND "s"."Readiness" = 'Ready'
LIMIT 2
[21:02:45 INF] Executed DbCommand (0ms) [Parameters=[], CommandType='Text', CommandTimeout='30']
SELECT "p"."MessageId", "p"."AcknowledgedAt", "p"."CreatedAt", "p"."FencedAt", "p"."MessageType", "p"."PayloadJson"
FROM "ProtocolOutbox" AS "p"
WHERE "p"."AcknowledgedAt" IS NULL AND "p"."FencedAt" IS NULL
[21:02:45 INF] Executed DbCommand (0ms) [Parameters=[@__runtime_DemandId_0='?' (Size = 36)], CommandType='Text', CommandTimeout='30']
SELECT "r"."WorkflowId", "r"."AgvId", "r"."CommandContentHash", "r"."CommandMessageId", "r"."CommandMessageType", "r"."CreatedAt", "r"."DemandId", "r"."ExceptionRecoverySessionId", "r"."ForcedRecoveryGeneration", "r"."HandoffId", "r"."Outcome", "r"."RequestContentHash", "r"."RequestMessageId", "r"."ResultContentHash", "r"."ResultMessageId", "r"."SlotOperationAttemptId", "r"."SlotsJson", "r"."State", "r"."UpdatedAt", "r"."WorkflowType"
FROM "RecoveryWorkflows" AS "r"
WHERE "r"."DemandId" = @__runtime_DemandId_0 AND "r"."WorkflowType" = 'LOAD_CORRECTION'
[21:02:45 INF] Start processing HTTP request GET http://127.0.0.1:48408/api/task/v1/task/getVehicleInfo/BROKERX-L2-0001
[21:02:45 INF] Sending HTTP request GET http://127.0.0.1:48408/api/task/v1/task/getVehicleInfo/BROKERX-L2-0001
[21:02:45 INF] Received HTTP response headers after 0.5193ms - 200
[21:02:45 INF] End processing HTTP request after 3.9204ms - 200
[21:02:45 INF] Start processing HTTP request GET http://127.0.0.1:48408/api/order/v1/orderRecord?pageNum=1&pageSize=100&filterByState=1&filterByState=3&filterByState=7&filterByState=9
[21:02:45 INF] Sending HTTP request GET http://127.0.0.1:48408/api/order/v1/orderRecord?pageNum=1&pageSize=100&filterByState=1&filterByState=3&filterByState=7&filterByState=9
[21:02:45 INF] Received HTTP response headers after 0.4633ms - 200
[21:02:45 INF] End processing HTTP request after 1.2047ms - 200
[21:02:45 INF] HTTP GET /api/onboard/v1/vehicle-safety responded 200 in 6.2501 ms
[21:02:46 INF] Start processing HTTP request GET http://127.0.0.1:48408/api/imap/v1/mapInfo/stations/25
[21:02:46 INF] Sending HTTP request GET http://127.0.0.1:48408/api/imap/v1/mapInfo/stations/25
[21:02:46 INF] Received HTTP response headers after 0.5656ms - 200
[21:02:46 INF] End processing HTTP request after 3.8281ms - 200
[21:02:46 INF] Executed DbCommand (0ms) [Parameters=[@__mapId_0='?' (DbType = Int32)], CommandType='Text', CommandTimeout='30']
SELECT "t"."MapId", "t"."ActiveVersion", "t"."PendingVersion", "t"."State", "t"."UpdatedAt"
FROM "TaskTypeStationActiveBindingSets" AS "t"
WHERE "t"."MapId" = @__mapId_0
LIMIT 2
[21:02:46 INF] Executed DbCommand (0ms) [Parameters=[@__mapId_0='?' (DbType = Int32), @__version_1='?' (DbType = Int64)], CommandType='Text', CommandTimeout='30']
SELECT "t"."MapId", "t"."Version", "t"."CatalogRevision", "t"."ContentSha256", "t"."LoadedAt", "t"."RuleVersion", "t"."SnapshotId", "t"."Source"
FROM "TaskTypeStationBindingSetVersions" AS "t"
WHERE "t"."MapId" = @__mapId_0 AND "t"."Version" = @__version_1
LIMIT 2
[21:02:46 INF] Executed DbCommand (0ms) [Parameters=[@__mapId_0='?' (DbType = Int32), @__version_1='?' (DbType = Int64)], CommandType='Text', CommandTimeout='30']
SELECT "t"."TaskType"
FROM "TaskTypeStationRequirements" AS "t"
WHERE "t"."MapId" = @__mapId_0 AND "t"."Version" = @__version_1
[21:02:46 INF] Executed DbCommand (0ms) [Parameters=[@__mapId_0='?' (DbType = Int32), @__version_1='?' (DbType = Int64)], CommandType='Text', CommandTimeout='30']
SELECT "t"."MapId", "t"."Version", "t"."TaskType", "t"."SiteVerificationRef", "t"."StationName", "t"."StationRiotId"
FROM "TaskTypeStationBindings" AS "t"
WHERE "t"."MapId" = @__mapId_0 AND "t"."Version" = @__version_1
[21:02:46 INF] Executed DbCommand (0ms) [Parameters=[@__version_0='?' (DbType = Int64)], CommandType='Text', CommandTimeout='30']
SELECT "t"."Version", "t"."ContentSha256", "t"."LoadedAt", "t"."SnapshotId", "t"."Source"
FROM "TaskTypeStationRuleVersions" AS "t"
WHERE "t"."Version" = @__version_0
LIMIT 2
[21:02:46 INF] Executed DbCommand (0ms) [Parameters=[@__version_0='?' (DbType = Int64)], CommandType='Text', CommandTimeout='30']
SELECT "t"."Version", "t"."TaskType", "t"."FixedEnd"
FROM "TaskTypeStationRules" AS "t"
WHERE "t"."Version" = @__version_0
[21:02:46 INF] Executed DbCommand (0ms) [Parameters=[@__mapId_0='?' (DbType = Int32)], CommandType='Text', CommandTimeout='30']
SELECT "t"."MapId", "t"."ActiveVersion", "t"."PendingVersion", "t"."State", "t"."UpdatedAt"
FROM "TaskTypeStationActiveBindingSets" AS "t"
WHERE "t"."MapId" = @__mapId_0
LIMIT 2
[21:02:46 INF] Executed DbCommand (0ms) [Parameters=[@__mapId_0='?' (DbType = Int32)], CommandType='Text', CommandTimeout='30']
SELECT "t"."HoldId", "t"."DetailJson", "t"."MapId", "t"."RaisedAt", "t"."RaisedBy", "t"."ReasonCode", "t"."ReleasedAt", "t"."ReleasedBy", "t"."Source", "t"."TaskType"
FROM "TaskTypeStationHolds" AS "t"
WHERE "t"."MapId" = @__mapId_0 AND "t"."ReleasedAt" IS NULL
[21:02:46 INF] Executed DbCommand (0ms) [Parameters=[@__mapId_0='?' (DbType = Int32)], CommandType='Text', CommandTimeout='30']
SELECT "m"."MapId", "m"."ApprovedMaxUnconfirmedSeconds", "m"."ApprovedSyncPeriodSeconds", "m"."CatalogRevision", "m"."LastAttemptAt", "m"."LastCompleteConfirmationAt", "m"."LastFailureReason", "m"."State", "m"."UpdatedAt"
FROM "MapStationCatalogStates" AS "m"
WHERE "m"."MapId" = @__mapId_0
LIMIT 2
[21:02:46 INF] Executed DbCommand (0ms) [Parameters=[@p3='?' (DbType = Int32), @p0='?' (DbType = DateTimeOffset), @p1='?' (DbType = DateTimeOffset), @p2='?' (DbType = DateTimeOffset)], CommandType='Text', CommandTimeout='30']
UPDATE "MapStationCatalogStates" SET "LastAttemptAt" = @p0, "LastCompleteConfirmationAt" = @p1, "UpdatedAt" = @p2
WHERE "MapId" = @p3
RETURNING 1;
[21:02:46 INF] Executed DbCommand (0ms) [Parameters=[@__mapId_0='?' (DbType = Int32)], CommandType='Text', CommandTimeout='30']
SELECT "t"."MapId", "t"."ActiveVersion", "t"."PendingVersion", "t"."State", "t"."UpdatedAt"
FROM "TaskTypeStationActiveBindingSets" AS "t"
WHERE "t"."MapId" = @__mapId_0
LIMIT 2
[21:02:46 INF] Executed DbCommand (0ms) [Parameters=[@__mapId_0='?' (DbType = Int32), @__version_1='?' (DbType = Int64)], CommandType='Text', CommandTimeout='30']
SELECT "t"."MapId", "t"."Version", "t"."CatalogRevision", "t"."ContentSha256", "t"."LoadedAt", "t"."RuleVersion", "t"."SnapshotId", "t"."Source"
FROM "TaskTypeStationBindingSetVersions" AS "t"
WHERE "t"."MapId" = @__mapId_0 AND "t"."Version" = @__version_1
LIMIT 2
[21:02:46 INF] Executed DbCommand (0ms) [Parameters=[@__mapId_0='?' (DbType = Int32), @__version_1='?' (DbType = Int64)], CommandType='Text', CommandTimeout='30']
SELECT "t"."TaskType"
FROM "TaskTypeStationRequirements" AS "t"
WHERE "t"."MapId" = @__mapId_0 AND "t"."Version" = @__version_1
[21:02:46 INF] Executed DbCommand (0ms) [Parameters=[@__mapId_0='?' (DbType = Int32), @__version_1='?' (DbType = Int64)], CommandType='Text', CommandTimeout='30']
SELECT "t"."MapId", "t"."Version", "t"."TaskType", "t"."SiteVerificationRef", "t"."StationName", "t"."StationRiotId"
FROM "TaskTypeStationBindings" AS "t"
WHERE "t"."MapId" = @__mapId_0 AND "t"."Version" = @__version_1
[21:02:46 INF] Executed DbCommand (0ms) [Parameters=[@__mapId_0='?' (DbType = Int32)], CommandType='Text', CommandTimeout='30']
SELECT "t"."MapId", "t"."ActiveVersion", "t"."PendingVersion", "t"."State", "t"."UpdatedAt"
FROM "TaskTypeStationActiveBindingSets" AS "t"
WHERE "t"."MapId" = @__mapId_0
LIMIT 2
[21:02:46 INF] Executed DbCommand (0ms) [Parameters=[@__mapId_0='?' (DbType = Int32), @__version_1='?' (DbType = Int64)], CommandType='Text', CommandTimeout='30']
SELECT "t"."MapId", "t"."Version", "t"."CatalogRevision", "t"."ContentSha256", "t"."LoadedAt", "t"."RuleVersion", "t"."SnapshotId", "t"."Source"
FROM "TaskTypeStationBindingSetVersions" AS "t"
WHERE "t"."MapId" = @__mapId_0 AND "t"."Version" = @__version_1
LIMIT 2
[21:02:46 INF] Executed DbCommand (0ms) [Parameters=[@__mapId_0='?' (DbType = Int32), @__version_1='?' (DbType = Int64)], CommandType='Text', CommandTimeout='30']
SELECT "t"."TaskType"
FROM "TaskTypeStationRequirements" AS "t"
WHERE "t"."MapId" = @__mapId_0 AND "t"."Version" = @__version_1
[21:02:46 INF] Executed DbCommand (0ms) [Parameters=[@__mapId_0='?' (DbType = Int32), @__version_1='?' (DbType = Int64)], CommandType='Text', CommandTimeout='30']
SELECT "t"."MapId", "t"."Version", "t"."TaskType", "t"."SiteVerificationRef", "t"."StationName", "t"."StationRiotId"
FROM "TaskTypeStationBindings" AS "t"
WHERE "t"."MapId" = @__mapId_0 AND "t"."Version" = @__version_1
[21:02:46 INF] Executed DbCommand (0ms) [Parameters=[@__version_0='?' (DbType = Int64)], CommandType='Text', CommandTimeout='30']
SELECT "t"."Version", "t"."ContentSha256", "t"."LoadedAt", "t"."SnapshotId", "t"."Source"
FROM "TaskTypeStationRuleVersions" AS "t"
WHERE "t"."Version" = @__version_0
LIMIT 2
[21:02:46 INF] Executed DbCommand (0ms) [Parameters=[@__version_0='?' (DbType = Int64)], CommandType='Text', CommandTimeout='30']
SELECT "t"."Version", "t"."TaskType", "t"."FixedEnd"
FROM "TaskTypeStationRules" AS "t"
WHERE "t"."Version" = @__version_0
[21:02:46 INF] Executed DbCommand (0ms) [Parameters=[], CommandType='Text', CommandTimeout='30']
SELECT "a"."Id", "a"."ContentHash", "a"."DeploymentId", "a"."ImportedAt", "a"."Version"
FROM "AdmissionPolicyState" AS "a"
WHERE "a"."Id" = 1
LIMIT 2
[21:02:46 INF] Executed DbCommand (0ms) [Parameters=[], CommandType='Text', CommandTimeout='30']
SELECT "j"."DemandId", "j"."AgvId", "j"."AgvLifecycleGeneration", "j"."BlockReasonCode", "j"."BlockReasonSince", "j"."ConsumedSafetyResultMessageId", "j"."ConsumedSublotMessageId", "j"."CreatedAt", "j"."DispatchGeneration", "j"."DispatchZone", "j"."ExpectedBasketCount", "j"."GateMovementLegId", "j"."GatePlanMessageId", "j"."GateStationId", "j"."GateStationRiotId", "j"."GateUpperId", "j"."GateVehicleBusinessMessageId", "j"."GateWorklistMessageId", "j"."LoadCommandMessageId", "j"."LoadSlotOperationAttemptId", "j"."MapId", "j"."MapIdentity", "j"."OperationSessionId", "j"."PickupMovementLegId", "j"."PickupStationId", "j"."PickupStationRiotId", "j"."PickupUpperId", "j"."PlanMessageId", "j"."PlanRevision", "j"."PreDepartureSafetyCheckId", "j"."PreDepartureSafetyCheckMessageId", "j"."RouteEvidenceId", "j"."Stage", "j"."StationDepartureWaitStartedAt", "j"."SublotRequestMessageId", "j"."TargetSlotsJson", "j"."UnloadCommandMessageId", "j"."UnloadSlotOperationAttemptId", "j"."UpdatedAt", "j"."VehicleBusinessMessageId", "j"."VehicleBusinessRevision", "j"."VehicleKey", "j"."WorklistMessageId", "j"."WorklistRevision"
FROM "JourneyRuntimes" AS "j"
WHERE "j"."Stage" <> 'Completed'
[21:02:46 INF] Executed DbCommand (0ms) [Parameters=[@__agvId_0='?' (Size = 10)], CommandType='Text', CommandTimeout='30']
SELECT "s"."AgvId", "s"."ActiveUnlockSlotsJson", "s"."CapabilityHash", "s"."CapabilityRevision", "s"."DepartureSafe", "s"."ForcedRecoveryGeneration", "s"."ManifestSha256", "s"."PendingAttemptIdsJson", "s"."PendingResultIdsJson", "s"."ProfileId", "s"."ProtocolCommit", "s"."ProtocolVersion", "s"."ProvenRecoveryCheckpoint", "s"."Readiness", "s"."ReasonCode", "s"."RecoveryReportId", "s"."ReportedForcedRecoveryGeneration", "s"."ReportedSlotConfigurationFingerprint", "s"."SafetyHash", "s"."SafetyReasonCodesJson", "s"."SafetyRevision", "s"."SafetyUnknownPresent", "s"."SessionGeneration", "s"."UnsettledSlotOperationAttemptId", "s"."UpdatedAt"
FROM "SessionRecoveries" AS "s"
WHERE "s"."AgvId" = @__agvId_0 AND "s"."Readiness" = 'Ready'
LIMIT 2
[21:02:46 INF] Executed DbCommand (0ms) [Parameters=[], CommandType='Text', CommandTimeout='30']
SELECT "p"."MessageId", "p"."AcknowledgedAt", "p"."CreatedAt", "p"."FencedAt", "p"."MessageType", "p"."PayloadJson"
FROM "ProtocolOutbox" AS "p"
WHERE "p"."AcknowledgedAt" IS NULL AND "p"."FencedAt" IS NULL
[21:02:46 INF] Executed DbCommand (0ms) [Parameters=[@__runtime_DemandId_0='?' (Size = 36)], CommandType='Text', CommandTimeout='30']
SELECT "r"."WorkflowId", "r"."AgvId", "r"."CommandContentHash", "r"."CommandMessageId", "r"."CommandMessageType", "r"."CreatedAt", "r"."DemandId", "r"."ExceptionRecoverySessionId", "r"."ForcedRecoveryGeneration", "r"."HandoffId", "r"."Outcome", "r"."RequestContentHash", "r"."RequestMessageId", "r"."ResultContentHash", "r"."ResultMessageId", "r"."SlotOperationAttemptId", "r"."SlotsJson", "r"."State", "r"."UpdatedAt", "r"."WorkflowType"
FROM "RecoveryWorkflows" AS "r"
WHERE "r"."DemandId" = @__runtime_DemandId_0 AND "r"."WorkflowType" = 'LOAD_CORRECTION'
[21:02:46 INF] Executed DbCommand (0ms) [Parameters=[@__messageId_0='?' (Size = 36)], CommandType='Text', CommandTimeout='30']
SELECT "p"."MessageId", "p"."ContentHash", "p"."FirstResponseJson", "p"."MessageType", "p"."ReceivedAt", "p"."RequestJson"
FROM "ProtocolInbox" AS "p"
WHERE "p"."MessageId" = @__messageId_0
LIMIT 2
[21:02:46 INF] Executed DbCommand (0ms) [Parameters=[@p0='?' (Size = 36), @p1='?' (Size = 64), @p2='?' (Size = 536), @p3='?' (Size = 9), @p4='?' (DbType = DateTimeOffset), @p5='?' (Size = 427)], CommandType='Text', CommandTimeout='30']
INSERT INTO "ProtocolInbox" ("MessageId", "ContentHash", "FirstResponseJson", "MessageType", "ReceivedAt", "RequestJson")
VALUES (@p0, @p1, @p2, @p3, @p4, @p5);
[21:02:46 INF] Start processing HTTP request GET http://127.0.0.1:48408/api/task/v1/task/getVehicleInfo/BROKERX-L2-0001
[21:02:46 INF] Sending HTTP request GET http://127.0.0.1:48408/api/task/v1/task/getVehicleInfo/BROKERX-L2-0001
[21:02:46 INF] Received HTTP response headers after 0.5357ms - 200
[21:02:46 INF] End processing HTTP request after 3.9534ms - 200
[21:02:46 INF] Start processing HTTP request GET http://127.0.0.1:48408/api/order/v1/orderRecord?pageNum=1&pageSize=100&filterByState=1&filterByState=3&filterByState=7&filterByState=9
[21:02:46 INF] Sending HTTP request GET http://127.0.0.1:48408/api/order/v1/orderRecord?pageNum=1&pageSize=100&filterByState=1&filterByState=3&filterByState=7&filterByState=9
[21:02:46 INF] Received HTTP response headers after 0.3184ms - 200
[21:02:46 INF] End processing HTTP request after 0.9097ms - 200
[21:02:46 INF] HTTP GET /api/onboard/v1/vehicle-safety responded 200 in 5.9556 ms
[21:02:47 INF] Start processing HTTP request GET http://127.0.0.1:48408/api/imap/v1/mapInfo/stations/25
[21:02:47 INF] Sending HTTP request GET http://127.0.0.1:48408/api/imap/v1/mapInfo/stations/25
[21:02:47 INF] Received HTTP response headers after 0.469ms - 200
[21:02:47 INF] End processing HTTP request after 3.7575ms - 200
[21:02:47 INF] Executed DbCommand (0ms) [Parameters=[@__mapId_0='?' (DbType = Int32)], CommandType='Text', CommandTimeout='30']
SELECT "t"."MapId", "t"."ActiveVersion", "t"."PendingVersion", "t"."State", "t"."UpdatedAt"
FROM "TaskTypeStationActiveBindingSets" AS "t"
WHERE "t"."MapId" = @__mapId_0
LIMIT 2
[21:02:47 INF] Executed DbCommand (0ms) [Parameters=[@__mapId_0='?' (DbType = Int32), @__version_1='?' (DbType = Int64)], CommandType='Text', CommandTimeout='30']
SELECT "t"."MapId", "t"."Version", "t"."CatalogRevision", "t"."ContentSha256", "t"."LoadedAt", "t"."RuleVersion", "t"."SnapshotId", "t"."Source"
FROM "TaskTypeStationBindingSetVersions" AS "t"
WHERE "t"."MapId" = @__mapId_0 AND "t"."Version" = @__version_1
LIMIT 2
[21:02:47 INF] Executed DbCommand (0ms) [Parameters=[@__mapId_0='?' (DbType = Int32), @__version_1='?' (DbType = Int64)], CommandType='Text', CommandTimeout='30']
SELECT "t"."TaskType"
FROM "TaskTypeStationRequirements" AS "t"
WHERE "t"."MapId" = @__mapId_0 AND "t"."Version" = @__version_1
[21:02:47 INF] Executed DbCommand (0ms) [Parameters=[@__mapId_0='?' (DbType = Int32), @__version_1='?' (DbType = Int64)], CommandType='Text', CommandTimeout='30']
SELECT "t"."MapId", "t"."Version", "t"."TaskType", "t"."SiteVerificationRef", "t"."StationName", "t"."StationRiotId"
FROM "TaskTypeStationBindings" AS "t"
WHERE "t"."MapId" = @__mapId_0 AND "t"."Version" = @__version_1
[21:02:47 INF] Executed DbCommand (0ms) [Parameters=[@__version_0='?' (DbType = Int64)], CommandType='Text', CommandTimeout='30']
SELECT "t"."Version", "t"."ContentSha256", "t"."LoadedAt", "t"."SnapshotId", "t"."Source"
FROM "TaskTypeStationRuleVersions" AS "t"
WHERE "t"."Version" = @__version_0
LIMIT 2
[21:02:47 INF] Executed DbCommand (0ms) [Parameters=[@__version_0='?' (DbType = Int64)], CommandType='Text', CommandTimeout='30']
SELECT "t"."Version", "t"."TaskType", "t"."FixedEnd"
FROM "TaskTypeStationRules" AS "t"
WHERE "t"."Version" = @__version_0
[21:02:47 INF] Executed DbCommand (0ms) [Parameters=[@__mapId_0='?' (DbType = Int32)], CommandType='Text', CommandTimeout='30']
SELECT "t"."MapId", "t"."ActiveVersion", "t"."PendingVersion", "t"."State", "t"."UpdatedAt"
FROM "TaskTypeStationActiveBindingSets" AS "t"
WHERE "t"."MapId" = @__mapId_0
LIMIT 2
[21:02:47 INF] Executed DbCommand (0ms) [Parameters=[@__mapId_0='?' (DbType = Int32)], CommandType='Text', CommandTimeout='30']
SELECT "t"."HoldId", "t"."DetailJson", "t"."MapId", "t"."RaisedAt", "t"."RaisedBy", "t"."ReasonCode", "t"."ReleasedAt", "t"."ReleasedBy", "t"."Source", "t"."TaskType"
FROM "TaskTypeStationHolds" AS "t"
WHERE "t"."MapId" = @__mapId_0 AND "t"."ReleasedAt" IS NULL
[21:02:47 INF] Executed DbCommand (0ms) [Parameters=[@__mapId_0='?' (DbType = Int32)], CommandType='Text', CommandTimeout='30']
SELECT "m"."MapId", "m"."ApprovedMaxUnconfirmedSeconds", "m"."ApprovedSyncPeriodSeconds", "m"."CatalogRevision", "m"."LastAttemptAt", "m"."LastCompleteConfirmationAt", "m"."LastFailureReason", "m"."State", "m"."UpdatedAt"
FROM "MapStationCatalogStates" AS "m"
WHERE "m"."MapId" = @__mapId_0
LIMIT 2
[21:02:47 INF] Executed DbCommand (0ms) [Parameters=[@p3='?' (DbType = Int32), @p0='?' (DbType = DateTimeOffset), @p1='?' (DbType = DateTimeOffset), @p2='?' (DbType = DateTimeOffset)], CommandType='Text', CommandTimeout='30']
UPDATE "MapStationCatalogStates" SET "LastAttemptAt" = @p0, "LastCompleteConfirmationAt" = @p1, "UpdatedAt" = @p2
WHERE "MapId" = @p3
RETURNING 1;
[21:02:47 INF] Executed DbCommand (0ms) [Parameters=[@__mapId_0='?' (DbType = Int32)], CommandType='Text', CommandTimeout='30']
SELECT "t"."MapId", "t"."ActiveVersion", "t"."PendingVersion", "t"."State", "t"."UpdatedAt"
FROM "TaskTypeStationActiveBindingSets" AS "t"
WHERE "t"."MapId" = @__mapId_0
LIMIT 2
[21:02:47 INF] Executed DbCommand (0ms) [Parameters=[@__mapId_0='?' (DbType = Int32), @__version_1='?' (DbType = Int64)], CommandType='Text', CommandTimeout='30']
SELECT "t"."MapId", "t"."Version", "t"."CatalogRevision", "t"."ContentSha256", "t"."LoadedAt", "t"."RuleVersion", "t"."SnapshotId", "t"."Source"
FROM "TaskTypeStationBindingSetVersions" AS "t"
WHERE "t"."MapId" = @__mapId_0 AND "t"."Version" = @__version_1
LIMIT 2
[21:02:47 INF] Executed DbCommand (0ms) [Parameters=[@__mapId_0='?' (DbType = Int32), @__version_1='?' (DbType = Int64)], CommandType='Text', CommandTimeout='30']
SELECT "t"."TaskType"
FROM "TaskTypeStationRequirements" AS "t"
WHERE "t"."MapId" = @__mapId_0 AND "t"."Version" = @__version_1
[21:02:47 INF] Executed DbCommand (0ms) [Parameters=[@__mapId_0='?' (DbType = Int32), @__version_1='?' (DbType = Int64)], CommandType='Text', CommandTimeout='30']
SELECT "t"."MapId", "t"."Version", "t"."TaskType", "t"."SiteVerificationRef", "t"."StationName", "t"."StationRiotId"
FROM "TaskTypeStationBindings" AS "t"
WHERE "t"."MapId" = @__mapId_0 AND "t"."Version" = @__version_1
[21:02:47 INF] Executed DbCommand (0ms) [Parameters=[@__mapId_0='?' (DbType = Int32)], CommandType='Text', CommandTimeout='30']
SELECT "t"."MapId", "t"."ActiveVersion", "t"."PendingVersion", "t"."State", "t"."UpdatedAt"
FROM "TaskTypeStationActiveBindingSets" AS "t"
WHERE "t"."MapId" = @__mapId_0
LIMIT 2
[21:02:47 INF] Executed DbCommand (0ms) [Parameters=[@__mapId_0='?' (DbType = Int32), @__version_1='?' (DbType = Int64)], CommandType='Text', CommandTimeout='30']
SELECT "t"."MapId", "t"."Version", "t"."CatalogRevision", "t"."ContentSha256", "t"."LoadedAt", "t"."RuleVersion", "t"."SnapshotId", "t"."Source"
FROM "TaskTypeStationBindingSetVersions" AS "t"
WHERE "t"."MapId" = @__mapId_0 AND "t"."Version" = @__version_1
LIMIT 2
[21:02:47 INF] Executed DbCommand (0ms) [Parameters=[@__mapId_0='?' (DbType = Int32), @__version_1='?' (DbType = Int64)], CommandType='Text', CommandTimeout='30']
SELECT "t"."TaskType"
FROM "TaskTypeStationRequirements" AS "t"
WHERE "t"."MapId" = @__mapId_0 AND "t"."Version" = @__version_1
[21:02:47 INF] Executed DbCommand (0ms) [Parameters=[@__mapId_0='?' (DbType = Int32), @__version_1='?' (DbType = Int64)], CommandType='Text', CommandTimeout='30']
SELECT "t"."MapId", "t"."Version", "t"."TaskType", "t"."SiteVerificationRef", "t"."StationName", "t"."StationRiotId"
FROM "TaskTypeStationBindings" AS "t"
WHERE "t"."MapId" = @__mapId_0 AND "t"."Version" = @__version_1
[21:02:47 INF] Executed DbCommand (0ms) [Parameters=[@__version_0='?' (DbType = Int64)], CommandType='Text', CommandTimeout='30']
SELECT "t"."Version", "t"."ContentSha256", "t"."LoadedAt", "t"."SnapshotId", "t"."Source"
FROM "TaskTypeStationRuleVersions" AS "t"
WHERE "t"."Version" = @__version_0
LIMIT 2
[21:02:47 INF] Executed DbCommand (0ms) [Parameters=[@__version_0='?' (DbType = Int64)], CommandType='Text', CommandTimeout='30']
SELECT "t"."Version", "t"."TaskType", "t"."FixedEnd"
FROM "TaskTypeStationRules" AS "t"
WHERE "t"."Version" = @__version_0
[21:02:47 INF] Executed DbCommand (0ms) [Parameters=[], CommandType='Text', CommandTimeout='30']
SELECT "a"."Id", "a"."ContentHash", "a"."DeploymentId", "a"."ImportedAt", "a"."Version"
FROM "AdmissionPolicyState" AS "a"
WHERE "a"."Id" = 1
LIMIT 2
[21:02:47 INF] Executed DbCommand (0ms) [Parameters=[], CommandType='Text', CommandTimeout='30']
SELECT "j"."DemandId", "j"."AgvId", "j"."AgvLifecycleGeneration", "j"."BlockReasonCode", "j"."BlockReasonSince", "j"."ConsumedSafetyResultMessageId", "j"."ConsumedSublotMessageId", "j"."CreatedAt", "j"."DispatchGeneration", "j"."DispatchZone", "j"."ExpectedBasketCount", "j"."GateMovementLegId", "j"."GatePlanMessageId", "j"."GateStationId", "j"."GateStationRiotId", "j"."GateUpperId", "j"."GateVehicleBusinessMessageId", "j"."GateWorklistMessageId", "j"."LoadCommandMessageId", "j"."LoadSlotOperationAttemptId", "j"."MapId", "j"."MapIdentity", "j"."OperationSessionId", "j"."PickupMovementLegId", "j"."PickupStationId", "j"."PickupStationRiotId", "j"."PickupUpperId", "j"."PlanMessageId", "j"."PlanRevision", "j"."PreDepartureSafetyCheckId", "j"."PreDepartureSafetyCheckMessageId", "j"."RouteEvidenceId", "j"."Stage", "j"."StationDepartureWaitStartedAt", "j"."SublotRequestMessageId", "j"."TargetSlotsJson", "j"."UnloadCommandMessageId", "j"."UnloadSlotOperationAttemptId", "j"."UpdatedAt", "j"."VehicleBusinessMessageId", "j"."VehicleBusinessRevision", "j"."VehicleKey", "j"."WorklistMessageId", "j"."WorklistRevision"
FROM "JourneyRuntimes" AS "j"
WHERE "j"."Stage" <> 'Completed'
[21:02:47 INF] Executed DbCommand (0ms) [Parameters=[@__agvId_0='?' (Size = 10)], CommandType='Text', CommandTimeout='30']
SELECT "s"."AgvId", "s"."ActiveUnlockSlotsJson", "s"."CapabilityHash", "s"."CapabilityRevision", "s"."DepartureSafe", "s"."ForcedRecoveryGeneration", "s"."ManifestSha256", "s"."PendingAttemptIdsJson", "s"."PendingResultIdsJson", "s"."ProfileId", "s"."ProtocolCommit", "s"."ProtocolVersion", "s"."ProvenRecoveryCheckpoint", "s"."Readiness", "s"."ReasonCode", "s"."RecoveryReportId", "s"."ReportedForcedRecoveryGeneration", "s"."ReportedSlotConfigurationFingerprint", "s"."SafetyHash", "s"."SafetyReasonCodesJson", "s"."SafetyRevision", "s"."SafetyUnknownPresent", "s"."SessionGeneration", "s"."UnsettledSlotOperationAttemptId", "s"."UpdatedAt"
FROM "SessionRecoveries" AS "s"
WHERE "s"."AgvId" = @__agvId_0 AND "s"."Readiness" = 'Ready'
LIMIT 2
[21:02:47 INF] Executed DbCommand (0ms) [Parameters=[], CommandType='Text', CommandTimeout='30']
SELECT "p"."MessageId", "p"."AcknowledgedAt", "p"."CreatedAt", "p"."FencedAt", "p"."MessageType", "p"."PayloadJson"
FROM "ProtocolOutbox" AS "p"
WHERE "p"."AcknowledgedAt" IS NULL AND "p"."FencedAt" IS NULL
[21:02:47 INF] Executed DbCommand (0ms) [Parameters=[@__runtime_DemandId_0='?' (Size = 36)], CommandType='Text', CommandTimeout='30']
SELECT "r"."WorkflowId", "r"."AgvId", "r"."CommandContentHash", "r"."CommandMessageId", "r"."CommandMessageType", "r"."CreatedAt", "r"."DemandId", "r"."ExceptionRecoverySessionId", "r"."ForcedRecoveryGeneration", "r"."HandoffId", "r"."Outcome", "r"."RequestContentHash", "r"."RequestMessageId", "r"."ResultContentHash", "r"."ResultMessageId", "r"."SlotOperationAttemptId", "r"."SlotsJson", "r"."State", "r"."UpdatedAt", "r"."WorkflowType"
FROM "RecoveryWorkflows" AS "r"
WHERE "r"."DemandId" = @__runtime_DemandId_0 AND "r"."WorkflowType" = 'LOAD_CORRECTION'
[21:02:47 INF] Start processing HTTP request GET http://127.0.0.1:48408/api/task/v1/task/getVehicleInfo/BROKERX-L2-0001
[21:02:47 INF] Sending HTTP request GET http://127.0.0.1:48408/api/task/v1/task/getVehicleInfo/BROKERX-L2-0001
[21:02:47 INF] Received HTTP response headers after 0.5953ms - 200
[21:02:47 INF] End processing HTTP request after 2.1172ms - 200
[21:02:47 INF] Start processing HTTP request GET http://127.0.0.1:48408/api/order/v1/orderRecord?pageNum=1&pageSize=100&filterByState=1&filterByState=3&filterByState=7&filterByState=9
[21:02:47 INF] Sending HTTP request GET http://127.0.0.1:48408/api/order/v1/orderRecord?pageNum=1&pageSize=100&filterByState=1&filterByState=3&filterByState=7&filterByState=9
[21:02:47 INF] Received HTTP response headers after 0.4303ms - 200
[21:02:47 INF] End processing HTTP request after 1.0829ms - 200
[21:02:47 INF] HTTP GET /api/onboard/v1/vehicle-safety responded 200 in 4.2985 ms
[21:02:48 INF] Start processing HTTP request GET http://127.0.0.1:48408/api/imap/v1/mapInfo/stations/25
[21:02:48 INF] Sending HTTP request GET http://127.0.0.1:48408/api/imap/v1/mapInfo/stations/25
[21:02:48 INF] Received HTTP response headers after 0.5571ms - 200
[21:02:48 INF] End processing HTTP request after 3.7152ms - 200
[21:02:48 INF] Executed DbCommand (0ms) [Parameters=[@__mapId_0='?' (DbType = Int32)], CommandType='Text', CommandTimeout='30']
SELECT "t"."MapId", "t"."ActiveVersion", "t"."PendingVersion", "t"."State", "t"."UpdatedAt"
FROM "TaskTypeStationActiveBindingSets" AS "t"
WHERE "t"."MapId" = @__mapId_0
LIMIT 2
[21:02:48 INF] Executed DbCommand (0ms) [Parameters=[@__mapId_0='?' (DbType = Int32), @__version_1='?' (DbType = Int64)], CommandType='Text', CommandTimeout='30']
SELECT "t"."MapId", "t"."Version", "t"."CatalogRevision", "t"."ContentSha256", "t"."LoadedAt", "t"."RuleVersion", "t"."SnapshotId", "t"."Source"
FROM "TaskTypeStationBindingSetVersions" AS "t"
WHERE "t"."MapId" = @__mapId_0 AND "t"."Version" = @__version_1
LIMIT 2
[21:02:48 INF] Executed DbCommand (0ms) [Parameters=[@__mapId_0='?' (DbType = Int32), @__version_1='?' (DbType = Int64)], CommandType='Text', CommandTimeout='30']
SELECT "t"."TaskType"
FROM "TaskTypeStationRequirements" AS "t"
WHERE "t"."MapId" = @__mapId_0 AND "t"."Version" = @__version_1
[21:02:48 INF] Executed DbCommand (0ms) [Parameters=[@__mapId_0='?' (DbType = Int32), @__version_1='?' (DbType = Int64)], CommandType='Text', CommandTimeout='30']
SELECT "t"."MapId", "t"."Version", "t"."TaskType", "t"."SiteVerificationRef", "t"."StationName", "t"."StationRiotId"
FROM "TaskTypeStationBindings" AS "t"
WHERE "t"."MapId" = @__mapId_0 AND "t"."Version" = @__version_1
[21:02:48 INF] Executed DbCommand (0ms) [Parameters=[@__version_0='?' (DbType = Int64)], CommandType='Text', CommandTimeout='30']
SELECT "t"."Version", "t"."ContentSha256", "t"."LoadedAt", "t"."SnapshotId", "t"."Source"
FROM "TaskTypeStationRuleVersions" AS "t"
WHERE "t"."Version" = @__version_0
LIMIT 2
[21:02:48 INF] Executed DbCommand (0ms) [Parameters=[@__version_0='?' (DbType = Int64)], CommandType='Text', CommandTimeout='30']
SELECT "t"."Version", "t"."TaskType", "t"."FixedEnd"
FROM "TaskTypeStationRules" AS "t"
WHERE "t"."Version" = @__version_0
[21:02:48 INF] Executed DbCommand (0ms) [Parameters=[@__mapId_0='?' (DbType = Int32)], CommandType='Text', CommandTimeout='30']
SELECT "t"."MapId", "t"."ActiveVersion", "t"."PendingVersion", "t"."State", "t"."UpdatedAt"
FROM "TaskTypeStationActiveBindingSets" AS "t"
WHERE "t"."MapId" = @__mapId_0
LIMIT 2
[21:02:48 INF] Executed DbCommand (0ms) [Parameters=[@__mapId_0='?' (DbType = Int32)], CommandType='Text', CommandTimeout='30']
SELECT "t"."HoldId", "t"."DetailJson", "t"."MapId", "t"."RaisedAt", "t"."RaisedBy", "t"."ReasonCode", "t"."ReleasedAt", "t"."ReleasedBy", "t"."Source", "t"."TaskType"
FROM "TaskTypeStationHolds" AS "t"
WHERE "t"."MapId" = @__mapId_0 AND "t"."ReleasedAt" IS NULL
[21:02:48 INF] Executed DbCommand (0ms) [Parameters=[@__mapId_0='?' (DbType = Int32)], CommandType='Text', CommandTimeout='30']
SELECT "m"."MapId", "m"."ApprovedMaxUnconfirmedSeconds", "m"."ApprovedSyncPeriodSeconds", "m"."CatalogRevision", "m"."LastAttemptAt", "m"."LastCompleteConfirmationAt", "m"."LastFailureReason", "m"."State", "m"."UpdatedAt"
FROM "MapStationCatalogStates" AS "m"
WHERE "m"."MapId" = @__mapId_0
LIMIT 2
[21:02:48 INF] Executed DbCommand (0ms) [Parameters=[@p3='?' (DbType = Int32), @p0='?' (DbType = DateTimeOffset), @p1='?' (DbType = DateTimeOffset), @p2='?' (DbType = DateTimeOffset)], CommandType='Text', CommandTimeout='30']
UPDATE "MapStationCatalogStates" SET "LastAttemptAt" = @p0, "LastCompleteConfirmationAt" = @p1, "UpdatedAt" = @p2
WHERE "MapId" = @p3
RETURNING 1;
[21:02:48 INF] Executed DbCommand (0ms) [Parameters=[@__mapId_0='?' (DbType = Int32)], CommandType='Text', CommandTimeout='30']
SELECT "t"."MapId", "t"."ActiveVersion", "t"."PendingVersion", "t"."State", "t"."UpdatedAt"
FROM "TaskTypeStationActiveBindingSets" AS "t"
WHERE "t"."MapId" = @__mapId_0
LIMIT 2
[21:02:48 INF] Executed DbCommand (0ms) [Parameters=[@__mapId_0='?' (DbType = Int32), @__version_1='?' (DbType = Int64)], CommandType='Text', CommandTimeout='30']
SELECT "t"."MapId", "t"."Version", "t"."CatalogRevision", "t"."ContentSha256", "t"."LoadedAt", "t"."RuleVersion", "t"."SnapshotId", "t"."Source"
FROM "TaskTypeStationBindingSetVersions" AS "t"
WHERE "t"."MapId" = @__mapId_0 AND "t"."Version" = @__version_1
LIMIT 2
[21:02:48 INF] Executed DbCommand (0ms) [Parameters=[@__mapId_0='?' (DbType = Int32), @__version_1='?' (DbType = Int64)], CommandType='Text', CommandTimeout='30']
SELECT "t"."TaskType"
FROM "TaskTypeStationRequirements" AS "t"
WHERE "t"."MapId" = @__mapId_0 AND "t"."Version" = @__version_1
[21:02:48 INF] Executed DbCommand (0ms) [Parameters=[@__mapId_0='?' (DbType = Int32), @__version_1='?' (DbType = Int64)], CommandType='Text', CommandTimeout='30']
SELECT "t"."MapId", "t"."Version", "t"."TaskType", "t"."SiteVerificationRef", "t"."StationName", "t"."StationRiotId"
FROM "TaskTypeStationBindings" AS "t"
WHERE "t"."MapId" = @__mapId_0 AND "t"."Version" = @__version_1
[21:02:48 INF] Executed DbCommand (0ms) [Parameters=[@__mapId_0='?' (DbType = Int32)], CommandType='Text', CommandTimeout='30']
SELECT "t"."MapId", "t"."ActiveVersion", "t"."PendingVersion", "t"."State", "t"."UpdatedAt"
FROM "TaskTypeStationActiveBindingSets" AS "t"
WHERE "t"."MapId" = @__mapId_0
LIMIT 2
[21:02:48 INF] Executed DbCommand (0ms) [Parameters=[@__mapId_0='?' (DbType = Int32), @__version_1='?' (DbType = Int64)], CommandType='Text', CommandTimeout='30']
SELECT "t"."MapId", "t"."Version", "t"."CatalogRevision", "t"."ContentSha256", "t"."LoadedAt", "t"."RuleVersion", "t"."SnapshotId", "t"."Source"
FROM "TaskTypeStationBindingSetVersions" AS "t"
WHERE "t"."MapId" = @__mapId_0 AND "t"."Version" = @__version_1
LIMIT 2
[21:02:48 INF] Executed DbCommand (0ms) [Parameters=[@__mapId_0='?' (DbType = Int32), @__version_1='?' (DbType = Int64)], CommandType='Text', CommandTimeout='30']
SELECT "t"."TaskType"
FROM "TaskTypeStationRequirements" AS "t"
WHERE "t"."MapId" = @__mapId_0 AND "t"."Version" = @__version_1
[21:02:48 INF] Executed DbCommand (0ms) [Parameters=[@__mapId_0='?' (DbType = Int32), @__version_1='?' (DbType = Int64)], CommandType='Text', CommandTimeout='30']
SELECT "t"."MapId", "t"."Version", "t"."TaskType", "t"."SiteVerificationRef", "t"."StationName", "t"."StationRiotId"
FROM "TaskTypeStationBindings" AS "t"
WHERE "t"."MapId" = @__mapId_0 AND "t"."Version" = @__version_1
[21:02:48 INF] Executed DbCommand (0ms) [Parameters=[@__version_0='?' (DbType = Int64)], CommandType='Text', CommandTimeout='30']
SELECT "t"."Version", "t"."ContentSha256", "t"."LoadedAt", "t"."SnapshotId", "t"."Source"
FROM "TaskTypeStationRuleVersions" AS "t"
WHERE "t"."Version" = @__version_0
LIMIT 2
[21:02:48 INF] Executed DbCommand (0ms) [Parameters=[@__version_0='?' (DbType = Int64)], CommandType='Text', CommandTimeout='30']
SELECT "t"."Version", "t"."TaskType", "t"."FixedEnd"
FROM "TaskTypeStationRules" AS "t"
WHERE "t"."Version" = @__version_0
[21:02:48 INF] Executed DbCommand (0ms) [Parameters=[], CommandType='Text', CommandTimeout='30']
SELECT "a"."Id", "a"."ContentHash", "a"."DeploymentId", "a"."ImportedAt", "a"."Version"
FROM "AdmissionPolicyState" AS "a"
WHERE "a"."Id" = 1
LIMIT 2
[21:02:48 INF] Executed DbCommand (0ms) [Parameters=[], CommandType='Text', CommandTimeout='30']
SELECT "j"."DemandId", "j"."AgvId", "j"."AgvLifecycleGeneration", "j"."BlockReasonCode", "j"."BlockReasonSince", "j"."ConsumedSafetyResultMessageId", "j"."ConsumedSublotMessageId", "j"."CreatedAt", "j"."DispatchGeneration", "j"."DispatchZone", "j"."ExpectedBasketCount", "j"."GateMovementLegId", "j"."GatePlanMessageId", "j"."GateStationId", "j"."GateStationRiotId", "j"."GateUpperId", "j"."GateVehicleBusinessMessageId", "j"."GateWorklistMessageId", "j"."LoadCommandMessageId", "j"."LoadSlotOperationAttemptId", "j"."MapId", "j"."MapIdentity", "j"."OperationSessionId", "j"."PickupMovementLegId", "j"."PickupStationId", "j"."PickupStationRiotId", "j"."PickupUpperId", "j"."PlanMessageId", "j"."PlanRevision", "j"."PreDepartureSafetyCheckId", "j"."PreDepartureSafetyCheckMessageId", "j"."RouteEvidenceId", "j"."Stage", "j"."StationDepartureWaitStartedAt", "j"."SublotRequestMessageId", "j"."TargetSlotsJson", "j"."UnloadCommandMessageId", "j"."UnloadSlotOperationAttemptId", "j"."UpdatedAt", "j"."VehicleBusinessMessageId", "j"."VehicleBusinessRevision", "j"."VehicleKey", "j"."WorklistMessageId", "j"."WorklistRevision"
FROM "JourneyRuntimes" AS "j"
WHERE "j"."Stage" <> 'Completed'
[21:02:48 INF] Executed DbCommand (0ms) [Parameters=[@__agvId_0='?' (Size = 10)], CommandType='Text', CommandTimeout='30']
SELECT "s"."AgvId", "s"."ActiveUnlockSlotsJson", "s"."CapabilityHash", "s"."CapabilityRevision", "s"."DepartureSafe", "s"."ForcedRecoveryGeneration", "s"."ManifestSha256", "s"."PendingAttemptIdsJson", "s"."PendingResultIdsJson", "s"."ProfileId", "s"."ProtocolCommit", "s"."ProtocolVersion", "s"."ProvenRecoveryCheckpoint", "s"."Readiness", "s"."ReasonCode", "s"."RecoveryReportId", "s"."ReportedForcedRecoveryGeneration", "s"."ReportedSlotConfigurationFingerprint", "s"."SafetyHash", "s"."SafetyReasonCodesJson", "s"."SafetyRevision", "s"."SafetyUnknownPresent", "s"."SessionGeneration", "s"."UnsettledSlotOperationAttemptId", "s"."UpdatedAt"
FROM "SessionRecoveries" AS "s"
WHERE "s"."AgvId" = @__agvId_0 AND "s"."Readiness" = 'Ready'
LIMIT 2
[21:02:48 INF] Executed DbCommand (0ms) [Parameters=[], CommandType='Text', CommandTimeout='30']
SELECT "p"."MessageId", "p"."AcknowledgedAt", "p"."CreatedAt", "p"."FencedAt", "p"."MessageType", "p"."PayloadJson"
FROM "ProtocolOutbox" AS "p"
WHERE "p"."AcknowledgedAt" IS NULL AND "p"."FencedAt" IS NULL
[21:02:48 INF] Executed DbCommand (0ms) [Parameters=[@__runtime_DemandId_0='?' (Size = 36)], CommandType='Text', CommandTimeout='30']
SELECT "r"."WorkflowId", "r"."AgvId", "r"."CommandContentHash", "r"."CommandMessageId", "r"."CommandMessageType", "r"."CreatedAt", "r"."DemandId", "r"."ExceptionRecoverySessionId", "r"."ForcedRecoveryGeneration", "r"."HandoffId", "r"."Outcome", "r"."RequestContentHash", "r"."RequestMessageId", "r"."ResultContentHash", "r"."ResultMessageId", "r"."SlotOperationAttemptId", "r"."SlotsJson", "r"."State", "r"."UpdatedAt", "r"."WorkflowType"
FROM "RecoveryWorkflows" AS "r"
WHERE "r"."DemandId" = @__runtime_DemandId_0 AND "r"."WorkflowType" = 'LOAD_CORRECTION'
[21:02:48 INF] Start processing HTTP request GET http://127.0.0.1:48408/api/task/v1/task/getVehicleInfo/BROKERX-L2-0001
[21:02:48 INF] Sending HTTP request GET http://127.0.0.1:48408/api/task/v1/task/getVehicleInfo/BROKERX-L2-0001
[21:02:48 INF] Received HTTP response headers after 0.5201ms - 200
[21:02:48 INF] End processing HTTP request after 2.7654ms - 200
[21:02:48 INF] Start processing HTTP request GET http://127.0.0.1:48408/api/order/v1/orderRecord?pageNum=1&pageSize=100&filterByState=1&filterByState=3&filterByState=7&filterByState=9
[21:02:48 INF] Sending HTTP request GET http://127.0.0.1:48408/api/order/v1/orderRecord?pageNum=1&pageSize=100&filterByState=1&filterByState=3&filterByState=7&filterByState=9
[21:02:48 INF] Received HTTP response headers after 0.659ms - 200
[21:02:48 INF] End processing HTTP request after 1.4297ms - 200
[21:02:48 INF] HTTP GET /api/onboard/v1/vehicle-safety responded 200 in 5.3025 ms
[21:02:49 INF] Start processing HTTP request GET http://127.0.0.1:48408/api/imap/v1/mapInfo/stations/25
[21:02:49 INF] Sending HTTP request GET http://127.0.0.1:48408/api/imap/v1/mapInfo/stations/25
[21:02:49 INF] Received HTTP response headers after 0.5519ms - 200
[21:02:49 INF] End processing HTTP request after 1.5409ms - 200
[21:02:49 INF] Executed DbCommand (0ms) [Parameters=[@__mapId_0='?' (DbType = Int32)], CommandType='Text', CommandTimeout='30']
SELECT "t"."MapId", "t"."ActiveVersion", "t"."PendingVersion", "t"."State", "t"."UpdatedAt"
FROM "TaskTypeStationActiveBindingSets" AS "t"
WHERE "t"."MapId" = @__mapId_0
LIMIT 2
[21:02:49 INF] Executed DbCommand (0ms) [Parameters=[@__mapId_0='?' (DbType = Int32), @__version_1='?' (DbType = Int64)], CommandType='Text', CommandTimeout='30']
SELECT "t"."MapId", "t"."Version", "t"."CatalogRevision", "t"."ContentSha256", "t"."LoadedAt", "t"."RuleVersion", "t"."SnapshotId", "t"."Source"
FROM "TaskTypeStationBindingSetVersions" AS "t"
WHERE "t"."MapId" = @__mapId_0 AND "t"."Version" = @__version_1
LIMIT 2
[21:02:49 INF] Executed DbCommand (0ms) [Parameters=[@__mapId_0='?' (DbType = Int32), @__version_1='?' (DbType = Int64)], CommandType='Text', CommandTimeout='30']
SELECT "t"."TaskType"
FROM "TaskTypeStationRequirements" AS "t"
WHERE "t"."MapId" = @__mapId_0 AND "t"."Version" = @__version_1
[21:02:49 INF] Executed DbCommand (0ms) [Parameters=[@__mapId_0='?' (DbType = Int32), @__version_1='?' (DbType = Int64)], CommandType='Text', CommandTimeout='30']
SELECT "t"."MapId", "t"."Version", "t"."TaskType", "t"."SiteVerificationRef", "t"."StationName", "t"."StationRiotId"
FROM "TaskTypeStationBindings" AS "t"
WHERE "t"."MapId" = @__mapId_0 AND "t"."Version" = @__version_1
[21:02:49 INF] Executed DbCommand (0ms) [Parameters=[@__version_0='?' (DbType = Int64)], CommandType='Text', CommandTimeout='30']
SELECT "t"."Version", "t"."ContentSha256", "t"."LoadedAt", "t"."SnapshotId", "t"."Source"
FROM "TaskTypeStationRuleVersions" AS "t"
WHERE "t"."Version" = @__version_0
LIMIT 2
[21:02:49 INF] Executed DbCommand (0ms) [Parameters=[@__version_0='?' (DbType = Int64)], CommandType='Text', CommandTimeout='30']
SELECT "t"."Version", "t"."TaskType", "t"."FixedEnd"
FROM "TaskTypeStationRules" AS "t"
WHERE "t"."Version" = @__version_0
[21:02:49 INF] Executed DbCommand (0ms) [Parameters=[@__mapId_0='?' (DbType = Int32)], CommandType='Text', CommandTimeout='30']
SELECT "t"."MapId", "t"."ActiveVersion", "t"."PendingVersion", "t"."State", "t"."UpdatedAt"
FROM "TaskTypeStationActiveBindingSets" AS "t"
WHERE "t"."MapId" = @__mapId_0
LIMIT 2
[21:02:49 INF] Executed DbCommand (0ms) [Parameters=[@__mapId_0='?' (DbType = Int32)], CommandType='Text', CommandTimeout='30']
SELECT "t"."HoldId", "t"."DetailJson", "t"."MapId", "t"."RaisedAt", "t"."RaisedBy", "t"."ReasonCode", "t"."ReleasedAt", "t"."ReleasedBy", "t"."Source", "t"."TaskType"
FROM "TaskTypeStationHolds" AS "t"
WHERE "t"."MapId" = @__mapId_0 AND "t"."ReleasedAt" IS NULL
[21:02:49 INF] Executed DbCommand (0ms) [Parameters=[@__mapId_0='?' (DbType = Int32)], CommandType='Text', CommandTimeout='30']
SELECT "m"."MapId", "m"."ApprovedMaxUnconfirmedSeconds", "m"."ApprovedSyncPeriodSeconds", "m"."CatalogRevision", "m"."LastAttemptAt", "m"."LastCompleteConfirmationAt", "m"."LastFailureReason", "m"."State", "m"."UpdatedAt"
FROM "MapStationCatalogStates" AS "m"
WHERE "m"."MapId" = @__mapId_0
LIMIT 2
[21:02:49 INF] Executed DbCommand (0ms) [Parameters=[@p3='?' (DbType = Int32), @p0='?' (DbType = DateTimeOffset), @p1='?' (DbType = DateTimeOffset), @p2='?' (DbType = DateTimeOffset)], CommandType='Text', CommandTimeout='30']
UPDATE "MapStationCatalogStates" SET "LastAttemptAt" = @p0, "LastCompleteConfirmationAt" = @p1, "UpdatedAt" = @p2
WHERE "MapId" = @p3
RETURNING 1;
[21:02:49 INF] Executed DbCommand (0ms) [Parameters=[@__mapId_0='?' (DbType = Int32)], CommandType='Text', CommandTimeout='30']
SELECT "t"."MapId", "t"."ActiveVersion", "t"."PendingVersion", "t"."State", "t"."UpdatedAt"
FROM "TaskTypeStationActiveBindingSets" AS "t"
WHERE "t"."MapId" = @__mapId_0
LIMIT 2
[21:02:49 INF] Executed DbCommand (0ms) [Parameters=[@__mapId_0='?' (DbType = Int32), @__version_1='?' (DbType = Int64)], CommandType='Text', CommandTimeout='30']
SELECT "t"."MapId", "t"."Version", "t"."CatalogRevision", "t"."ContentSha256", "t"."LoadedAt", "t"."RuleVersion", "t"."SnapshotId", "t"."Source"
FROM "TaskTypeStationBindingSetVersions" AS "t"
WHERE "t"."MapId" = @__mapId_0 AND "t"."Version" = @__version_1
LIMIT 2
[21:02:49 INF] Executed DbCommand (0ms) [Parameters=[@__mapId_0='?' (DbType = Int32), @__version_1='?' (DbType = Int64)], CommandType='Text', CommandTimeout='30']
SELECT "t"."TaskType"
FROM "TaskTypeStationRequirements" AS "t"
WHERE "t"."MapId" = @__mapId_0 AND "t"."Version" = @__version_1
[21:02:49 INF] Executed DbCommand (0ms) [Parameters=[@__mapId_0='?' (DbType = Int32), @__version_1='?' (DbType = Int64)], CommandType='Text', CommandTimeout='30']
SELECT "t"."MapId", "t"."Version", "t"."TaskType", "t"."SiteVerificationRef", "t"."StationName", "t"."StationRiotId"
FROM "TaskTypeStationBindings" AS "t"
WHERE "t"."MapId" = @__mapId_0 AND "t"."Version" = @__version_1
[21:02:49 INF] Executed DbCommand (0ms) [Parameters=[@__mapId_0='?' (DbType = Int32)], CommandType='Text', CommandTimeout='30']
SELECT "t"."MapId", "t"."ActiveVersion", "t"."PendingVersion", "t"."State", "t"."UpdatedAt"
FROM "TaskTypeStationActiveBindingSets" AS "t"
WHERE "t"."MapId" = @__mapId_0
LIMIT 2
[21:02:49 INF] Executed DbCommand (0ms) [Parameters=[@__mapId_0='?' (DbType = Int32), @__version_1='?' (DbType = Int64)], CommandType='Text', CommandTimeout='30']
SELECT "t"."MapId", "t"."Version", "t"."CatalogRevision", "t"."ContentSha256", "t"."LoadedAt", "t"."RuleVersion", "t"."SnapshotId", "t"."Source"
FROM "TaskTypeStationBindingSetVersions" AS "t"
WHERE "t"."MapId" = @__mapId_0 AND "t"."Version" = @__version_1
LIMIT 2
[21:02:49 INF] Executed DbCommand (0ms) [Parameters=[@__mapId_0='?' (DbType = Int32), @__version_1='?' (DbType = Int64)], CommandType='Text', CommandTimeout='30']
SELECT "t"."TaskType"
FROM "TaskTypeStationRequirements" AS "t"
WHERE "t"."MapId" = @__mapId_0 AND "t"."Version" = @__version_1
[21:02:49 INF] Executed DbCommand (0ms) [Parameters=[@__mapId_0='?' (DbType = Int32), @__version_1='?' (DbType = Int64)], CommandType='Text', CommandTimeout='30']
SELECT "t"."MapId", "t"."Version", "t"."TaskType", "t"."SiteVerificationRef", "t"."StationName", "t"."StationRiotId"
FROM "TaskTypeStationBindings" AS "t"
WHERE "t"."MapId" = @__mapId_0 AND "t"."Version" = @__version_1
[21:02:49 INF] Executed DbCommand (0ms) [Parameters=[@__version_0='?' (DbType = Int64)], CommandType='Text', CommandTimeout='30']
SELECT "t"."Version", "t"."ContentSha256", "t"."LoadedAt", "t"."SnapshotId", "t"."Source"
FROM "TaskTypeStationRuleVersions" AS "t"
WHERE "t"."Version" = @__version_0
LIMIT 2
[21:02:49 INF] Executed DbCommand (0ms) [Parameters=[@__version_0='?' (DbType = Int64)], CommandType='Text', CommandTimeout='30']
SELECT "t"."Version", "t"."TaskType", "t"."FixedEnd"
FROM "TaskTypeStationRules" AS "t"
WHERE "t"."Version" = @__version_0
[21:02:49 INF] Executed DbCommand (0ms) [Parameters=[], CommandType='Text', CommandTimeout='30']
SELECT "a"."Id", "a"."ContentHash", "a"."DeploymentId", "a"."ImportedAt", "a"."Version"
FROM "AdmissionPolicyState" AS "a"
WHERE "a"."Id" = 1
LIMIT 2
[21:02:49 INF] Executed DbCommand (0ms) [Parameters=[], CommandType='Text', CommandTimeout='30']
SELECT "j"."DemandId", "j"."AgvId", "j"."AgvLifecycleGeneration", "j"."BlockReasonCode", "j"."BlockReasonSince", "j"."ConsumedSafetyResultMessageId", "j"."ConsumedSublotMessageId", "j"."CreatedAt", "j"."DispatchGeneration", "j"."DispatchZone", "j"."ExpectedBasketCount", "j"."GateMovementLegId", "j"."GatePlanMessageId", "j"."GateStationId", "j"."GateStationRiotId", "j"."GateUpperId", "j"."GateVehicleBusinessMessageId", "j"."GateWorklistMessageId", "j"."LoadCommandMessageId", "j"."LoadSlotOperationAttemptId", "j"."MapId", "j"."MapIdentity", "j"."OperationSessionId", "j"."PickupMovementLegId", "j"."PickupStationId", "j"."PickupStationRiotId", "j"."PickupUpperId", "j"."PlanMessageId", "j"."PlanRevision", "j"."PreDepartureSafetyCheckId", "j"."PreDepartureSafetyCheckMessageId", "j"."RouteEvidenceId", "j"."Stage", "j"."StationDepartureWaitStartedAt", "j"."SublotRequestMessageId", "j"."TargetSlotsJson", "j"."UnloadCommandMessageId", "j"."UnloadSlotOperationAttemptId", "j"."UpdatedAt", "j"."VehicleBusinessMessageId", "j"."VehicleBusinessRevision", "j"."VehicleKey", "j"."WorklistMessageId", "j"."WorklistRevision"
FROM "JourneyRuntimes" AS "j"
WHERE "j"."Stage" <> 'Completed'
[21:02:49 INF] Executed DbCommand (0ms) [Parameters=[@__agvId_0='?' (Size = 10)], CommandType='Text', CommandTimeout='30']
SELECT "s"."AgvId", "s"."ActiveUnlockSlotsJson", "s"."CapabilityHash", "s"."CapabilityRevision", "s"."DepartureSafe", "s"."ForcedRecoveryGeneration", "s"."ManifestSha256", "s"."PendingAttemptIdsJson", "s"."PendingResultIdsJson", "s"."ProfileId", "s"."ProtocolCommit", "s"."ProtocolVersion", "s"."ProvenRecoveryCheckpoint", "s"."Readiness", "s"."ReasonCode", "s"."RecoveryReportId", "s"."ReportedForcedRecoveryGeneration", "s"."ReportedSlotConfigurationFingerprint", "s"."SafetyHash", "s"."SafetyReasonCodesJson", "s"."SafetyRevision", "s"."SafetyUnknownPresent", "s"."SessionGeneration", "s"."UnsettledSlotOperationAttemptId", "s"."UpdatedAt"
FROM "SessionRecoveries" AS "s"
WHERE "s"."AgvId" = @__agvId_0 AND "s"."Readiness" = 'Ready'
LIMIT 2
[21:02:49 INF] Executed DbCommand (0ms) [Parameters=[], CommandType='Text', CommandTimeout='30']
SELECT "p"."MessageId", "p"."AcknowledgedAt", "p"."CreatedAt", "p"."FencedAt", "p"."MessageType", "p"."PayloadJson"
FROM "ProtocolOutbox" AS "p"
WHERE "p"."AcknowledgedAt" IS NULL AND "p"."FencedAt" IS NULL
[21:02:49 INF] Executed DbCommand (0ms) [Parameters=[@__runtime_DemandId_0='?' (Size = 36)], CommandType='Text', CommandTimeout='30']
SELECT "r"."WorkflowId", "r"."AgvId", "r"."CommandContentHash", "r"."CommandMessageId", "r"."CommandMessageType", "r"."CreatedAt", "r"."DemandId", "r"."ExceptionRecoverySessionId", "r"."ForcedRecoveryGeneration", "r"."HandoffId", "r"."Outcome", "r"."RequestContentHash", "r"."RequestMessageId", "r"."ResultContentHash", "r"."ResultMessageId", "r"."SlotOperationAttemptId", "r"."SlotsJson", "r"."State", "r"."UpdatedAt", "r"."WorkflowType"
FROM "RecoveryWorkflows" AS "r"
WHERE "r"."DemandId" = @__runtime_DemandId_0 AND "r"."WorkflowType" = 'LOAD_CORRECTION'
[21:02:49 INF] Start processing HTTP request GET http://127.0.0.1:48408/api/task/v1/task/getVehicleInfo/BROKERX-L2-0001
[21:02:49 INF] Sending HTTP request GET http://127.0.0.1:48408/api/task/v1/task/getVehicleInfo/BROKERX-L2-0001
[21:02:49 INF] Received HTTP response headers after 0.5511ms - 200
[21:02:49 INF] End processing HTTP request after 3.8984ms - 200
[21:02:49 INF] Start processing HTTP request GET http://127.0.0.1:48408/api/order/v1/orderRecord?pageNum=1&pageSize=100&filterByState=1&filterByState=3&filterByState=7&filterByState=9
[21:02:49 INF] Sending HTTP request GET http://127.0.0.1:48408/api/order/v1/orderRecord?pageNum=1&pageSize=100&filterByState=1&filterByState=3&filterByState=7&filterByState=9
[21:02:49 INF] Received HTTP response headers after 0.4531ms - 200
[21:02:49 INF] End processing HTTP request after 1.2381ms - 200
[21:02:49 INF] HTTP GET /api/onboard/v1/vehicle-safety responded 200 in 6.2627 ms
[21:02:50 INF] Start processing HTTP request GET http://127.0.0.1:48408/api/imap/v1/mapInfo/stations/25
[21:02:50 INF] Sending HTTP request GET http://127.0.0.1:48408/api/imap/v1/mapInfo/stations/25
[21:02:50 INF] Received HTTP response headers after 0.6463ms - 200
[21:02:50 INF] End processing HTTP request after 2.1354ms - 200
[21:02:50 INF] Executed DbCommand (0ms) [Parameters=[@__mapId_0='?' (DbType = Int32)], CommandType='Text', CommandTimeout='30']
SELECT "t"."MapId", "t"."ActiveVersion", "t"."PendingVersion", "t"."State", "t"."UpdatedAt"
FROM "TaskTypeStationActiveBindingSets" AS "t"
WHERE "t"."MapId" = @__mapId_0
LIMIT 2
[21:02:50 INF] Executed DbCommand (0ms) [Parameters=[@__mapId_0='?' (DbType = Int32), @__version_1='?' (DbType = Int64)], CommandType='Text', CommandTimeout='30']
SELECT "t"."MapId", "t"."Version", "t"."CatalogRevision", "t"."ContentSha256", "t"."LoadedAt", "t"."RuleVersion", "t"."SnapshotId", "t"."Source"
FROM "TaskTypeStationBindingSetVersions" AS "t"
WHERE "t"."MapId" = @__mapId_0 AND "t"."Version" = @__version_1
LIMIT 2
[21:02:50 INF] Executed DbCommand (0ms) [Parameters=[@__mapId_0='?' (DbType = Int32), @__version_1='?' (DbType = Int64)], CommandType='Text', CommandTimeout='30']
SELECT "t"."TaskType"
FROM "TaskTypeStationRequirements" AS "t"
WHERE "t"."MapId" = @__mapId_0 AND "t"."Version" = @__version_1
[21:02:50 INF] Executed DbCommand (0ms) [Parameters=[@__mapId_0='?' (DbType = Int32), @__version_1='?' (DbType = Int64)], CommandType='Text', CommandTimeout='30']
SELECT "t"."MapId", "t"."Version", "t"."TaskType", "t"."SiteVerificationRef", "t"."StationName", "t"."StationRiotId"
FROM "TaskTypeStationBindings" AS "t"
WHERE "t"."MapId" = @__mapId_0 AND "t"."Version" = @__version_1
[21:02:50 INF] Executed DbCommand (0ms) [Parameters=[@__version_0='?' (DbType = Int64)], CommandType='Text', CommandTimeout='30']
SELECT "t"."Version", "t"."ContentSha256", "t"."LoadedAt", "t"."SnapshotId", "t"."Source"
FROM "TaskTypeStationRuleVersions" AS "t"
WHERE "t"."Version" = @__version_0
LIMIT 2
[21:02:50 INF] Executed DbCommand (0ms) [Parameters=[@__version_0='?' (DbType = Int64)], CommandType='Text', CommandTimeout='30']
SELECT "t"."Version", "t"."TaskType", "t"."FixedEnd"
FROM "TaskTypeStationRules" AS "t"
WHERE "t"."Version" = @__version_0
[21:02:50 INF] Executed DbCommand (0ms) [Parameters=[@__mapId_0='?' (DbType = Int32)], CommandType='Text', CommandTimeout='30']
SELECT "t"."MapId", "t"."ActiveVersion", "t"."PendingVersion", "t"."State", "t"."UpdatedAt"
FROM "TaskTypeStationActiveBindingSets" AS "t"
WHERE "t"."MapId" = @__mapId_0
LIMIT 2
[21:02:50 INF] Executed DbCommand (0ms) [Parameters=[@__mapId_0='?' (DbType = Int32)], CommandType='Text', CommandTimeout='30']
SELECT "t"."HoldId", "t"."DetailJson", "t"."MapId", "t"."RaisedAt", "t"."RaisedBy", "t"."ReasonCode", "t"."ReleasedAt", "t"."ReleasedBy", "t"."Source", "t"."TaskType"
FROM "TaskTypeStationHolds" AS "t"
WHERE "t"."MapId" = @__mapId_0 AND "t"."ReleasedAt" IS NULL
[21:02:50 INF] Executed DbCommand (0ms) [Parameters=[@__mapId_0='?' (DbType = Int32)], CommandType='Text', CommandTimeout='30']
SELECT "m"."MapId", "m"."ApprovedMaxUnconfirmedSeconds", "m"."ApprovedSyncPeriodSeconds", "m"."CatalogRevision", "m"."LastAttemptAt", "m"."LastCompleteConfirmationAt", "m"."LastFailureReason", "m"."State", "m"."UpdatedAt"
FROM "MapStationCatalogStates" AS "m"
WHERE "m"."MapId" = @__mapId_0
LIMIT 2
[21:02:50 INF] Executed DbCommand (0ms) [Parameters=[@p3='?' (DbType = Int32), @p0='?' (DbType = DateTimeOffset), @p1='?' (DbType = DateTimeOffset), @p2='?' (DbType = DateTimeOffset)], CommandType='Text', CommandTimeout='30']
UPDATE "MapStationCatalogStates" SET "LastAttemptAt" = @p0, "LastCompleteConfirmationAt" = @p1, "UpdatedAt" = @p2
WHERE "MapId" = @p3
RETURNING 1;
[21:02:50 INF] Executed DbCommand (0ms) [Parameters=[@__mapId_0='?' (DbType = Int32)], CommandType='Text', CommandTimeout='30']
SELECT "t"."MapId", "t"."ActiveVersion", "t"."PendingVersion", "t"."State", "t"."UpdatedAt"
FROM "TaskTypeStationActiveBindingSets" AS "t"
WHERE "t"."MapId" = @__mapId_0
LIMIT 2
[21:02:50 INF] Executed DbCommand (0ms) [Parameters=[@__mapId_0='?' (DbType = Int32), @__version_1='?' (DbType = Int64)], CommandType='Text', CommandTimeout='30']
SELECT "t"."MapId", "t"."Version", "t"."CatalogRevision", "t"."ContentSha256", "t"."LoadedAt", "t"."RuleVersion", "t"."SnapshotId", "t"."Source"
FROM "TaskTypeStationBindingSetVersions" AS "t"
WHERE "t"."MapId" = @__mapId_0 AND "t"."Version" = @__version_1
LIMIT 2
[21:02:50 INF] Executed DbCommand (0ms) [Parameters=[@__mapId_0='?' (DbType = Int32), @__version_1='?' (DbType = Int64)], CommandType='Text', CommandTimeout='30']
SELECT "t"."TaskType"
FROM "TaskTypeStationRequirements" AS "t"
WHERE "t"."MapId" = @__mapId_0 AND "t"."Version" = @__version_1
[21:02:50 INF] Executed DbCommand (0ms) [Parameters=[@__mapId_0='?' (DbType = Int32), @__version_1='?' (DbType = Int64)], CommandType='Text', CommandTimeout='30']
SELECT "t"."MapId", "t"."Version", "t"."TaskType", "t"."SiteVerificationRef", "t"."StationName", "t"."StationRiotId"
FROM "TaskTypeStationBindings" AS "t"
WHERE "t"."MapId" = @__mapId_0 AND "t"."Version" = @__version_1
[21:02:50 INF] Executed DbCommand (0ms) [Parameters=[@__mapId_0='?' (DbType = Int32)], CommandType='Text', CommandTimeout='30']
SELECT "t"."MapId", "t"."ActiveVersion", "t"."PendingVersion", "t"."State", "t"."UpdatedAt"
FROM "TaskTypeStationActiveBindingSets" AS "t"
WHERE "t"."MapId" = @__mapId_0
LIMIT 2
[21:02:50 INF] Executed DbCommand (0ms) [Parameters=[@__mapId_0='?' (DbType = Int32), @__version_1='?' (DbType = Int64)], CommandType='Text', CommandTimeout='30']
SELECT "t"."MapId", "t"."Version", "t"."CatalogRevision", "t"."ContentSha256", "t"."LoadedAt", "t"."RuleVersion", "t"."SnapshotId", "t"."Source"
FROM "TaskTypeStationBindingSetVersions" AS "t"
WHERE "t"."MapId" = @__mapId_0 AND "t"."Version" = @__version_1
LIMIT 2
[21:02:50 INF] Executed DbCommand (0ms) [Parameters=[@__mapId_0='?' (DbType = Int32), @__version_1='?' (DbType = Int64)], CommandType='Text', CommandTimeout='30']
SELECT "t"."TaskType"
FROM "TaskTypeStationRequirements" AS "t"
WHERE "t"."MapId" = @__mapId_0 AND "t"."Version" = @__version_1
[21:02:50 INF] Executed DbCommand (0ms) [Parameters=[@__mapId_0='?' (DbType = Int32), @__version_1='?' (DbType = Int64)], CommandType='Text', CommandTimeout='30']
SELECT "t"."MapId", "t"."Version", "t"."TaskType", "t"."SiteVerificationRef", "t"."StationName", "t"."StationRiotId"
FROM "TaskTypeStationBindings" AS "t"
WHERE "t"."MapId" = @__mapId_0 AND "t"."Version" = @__version_1
[21:02:50 INF] Executed DbCommand (0ms) [Parameters=[@__version_0='?' (DbType = Int64)], CommandType='Text', CommandTimeout='30']
SELECT "t"."Version", "t"."ContentSha256", "t"."LoadedAt", "t"."SnapshotId", "t"."Source"
FROM "TaskTypeStationRuleVersions" AS "t"
WHERE "t"."Version" = @__version_0
LIMIT 2
[21:02:50 INF] Executed DbCommand (0ms) [Parameters=[@__version_0='?' (DbType = Int64)], CommandType='Text', CommandTimeout='30']
SELECT "t"."Version", "t"."TaskType", "t"."FixedEnd"
FROM "TaskTypeStationRules" AS "t"
WHERE "t"."Version" = @__version_0
[21:02:50 INF] Executed DbCommand (0ms) [Parameters=[], CommandType='Text', CommandTimeout='30']
SELECT "a"."Id", "a"."ContentHash", "a"."DeploymentId", "a"."ImportedAt", "a"."Version"
FROM "AdmissionPolicyState" AS "a"
WHERE "a"."Id" = 1
LIMIT 2
[21:02:50 INF] Executed DbCommand (0ms) [Parameters=[], CommandType='Text', CommandTimeout='30']
SELECT "j"."DemandId", "j"."AgvId", "j"."AgvLifecycleGeneration", "j"."BlockReasonCode", "j"."BlockReasonSince", "j"."ConsumedSafetyResultMessageId", "j"."ConsumedSublotMessageId", "j"."CreatedAt", "j"."DispatchGeneration", "j"."DispatchZone", "j"."ExpectedBasketCount", "j"."GateMovementLegId", "j"."GatePlanMessageId", "j"."GateStationId", "j"."GateStationRiotId", "j"."GateUpperId", "j"."GateVehicleBusinessMessageId", "j"."GateWorklistMessageId", "j"."LoadCommandMessageId", "j"."LoadSlotOperationAttemptId", "j"."MapId", "j"."MapIdentity", "j"."OperationSessionId", "j"."PickupMovementLegId", "j"."PickupStationId", "j"."PickupStationRiotId", "j"."PickupUpperId", "j"."PlanMessageId", "j"."PlanRevision", "j"."PreDepartureSafetyCheckId", "j"."PreDepartureSafetyCheckMessageId", "j"."RouteEvidenceId", "j"."Stage", "j"."StationDepartureWaitStartedAt", "j"."SublotRequestMessageId", "j"."TargetSlotsJson", "j"."UnloadCommandMessageId", "j"."UnloadSlotOperationAttemptId", "j"."UpdatedAt", "j"."VehicleBusinessMessageId", "j"."VehicleBusinessRevision", "j"."VehicleKey", "j"."WorklistMessageId", "j"."WorklistRevision"
FROM "JourneyRuntimes" AS "j"
WHERE "j"."Stage" <> 'Completed'
[21:02:50 INF] Executed DbCommand (0ms) [Parameters=[@__agvId_0='?' (Size = 10)], CommandType='Text', CommandTimeout='30']
SELECT "s"."AgvId", "s"."ActiveUnlockSlotsJson", "s"."CapabilityHash", "s"."CapabilityRevision", "s"."DepartureSafe", "s"."ForcedRecoveryGeneration", "s"."ManifestSha256", "s"."PendingAttemptIdsJson", "s"."PendingResultIdsJson", "s"."ProfileId", "s"."ProtocolCommit", "s"."ProtocolVersion", "s"."ProvenRecoveryCheckpoint", "s"."Readiness", "s"."ReasonCode", "s"."RecoveryReportId", "s"."ReportedForcedRecoveryGeneration", "s"."ReportedSlotConfigurationFingerprint", "s"."SafetyHash", "s"."SafetyReasonCodesJson", "s"."SafetyRevision", "s"."SafetyUnknownPresent", "s"."SessionGeneration", "s"."UnsettledSlotOperationAttemptId", "s"."UpdatedAt"
FROM "SessionRecoveries" AS "s"
WHERE "s"."AgvId" = @__agvId_0 AND "s"."Readiness" = 'Ready'
LIMIT 2
[21:02:50 INF] Executed DbCommand (0ms) [Parameters=[], CommandType='Text', CommandTimeout='30']
SELECT "p"."MessageId", "p"."AcknowledgedAt", "p"."CreatedAt", "p"."FencedAt", "p"."MessageType", "p"."PayloadJson"
FROM "ProtocolOutbox" AS "p"
WHERE "p"."AcknowledgedAt" IS NULL AND "p"."FencedAt" IS NULL
[21:02:50 INF] Executed DbCommand (0ms) [Parameters=[@__runtime_DemandId_0='?' (Size = 36)], CommandType='Text', CommandTimeout='30']
SELECT "r"."WorkflowId", "r"."AgvId", "r"."CommandContentHash", "r"."CommandMessageId", "r"."CommandMessageType", "r"."CreatedAt", "r"."DemandId", "r"."ExceptionRecoverySessionId", "r"."ForcedRecoveryGeneration", "r"."HandoffId", "r"."Outcome", "r"."RequestContentHash", "r"."RequestMessageId", "r"."ResultContentHash", "r"."ResultMessageId", "r"."SlotOperationAttemptId", "r"."SlotsJson", "r"."State", "r"."UpdatedAt", "r"."WorkflowType"
FROM "RecoveryWorkflows" AS "r"
WHERE "r"."DemandId" = @__runtime_DemandId_0 AND "r"."WorkflowType" = 'LOAD_CORRECTION'
[21:02:50 INF] Start processing HTTP request GET http://127.0.0.1:48408/api/task/v1/task/getVehicleInfo/BROKERX-L2-0001
[21:02:50 INF] Sending HTTP request GET http://127.0.0.1:48408/api/task/v1/task/getVehicleInfo/BROKERX-L2-0001
[21:02:50 INF] Received HTTP response headers after 0.5464ms - 200
[21:02:50 INF] End processing HTTP request after 4.5478ms - 200
[21:02:50 INF] Start processing HTTP request GET http://127.0.0.1:48408/api/order/v1/orderRecord?pageNum=1&pageSize=100&filterByState=1&filterByState=3&filterByState=7&filterByState=9
[21:02:50 INF] Sending HTTP request GET http://127.0.0.1:48408/api/order/v1/orderRecord?pageNum=1&pageSize=100&filterByState=1&filterByState=3&filterByState=7&filterByState=9
[21:02:50 INF] Received HTTP response headers after 0.3311ms - 200
[21:02:50 INF] End processing HTTP request after 1.0574ms - 200
[21:02:50 INF] HTTP GET /api/onboard/v1/vehicle-safety responded 200 in 6.6977 ms
[21:02:51 INF] Start processing HTTP request GET http://127.0.0.1:48408/api/imap/v1/mapInfo/stations/25
[21:02:51 INF] Sending HTTP request GET http://127.0.0.1:48408/api/imap/v1/mapInfo/stations/25
[21:02:51 INF] Received HTTP response headers after 0.5269ms - 200
[21:02:51 INF] End processing HTTP request after 3.8805ms - 200
[21:02:51 INF] Executed DbCommand (0ms) [Parameters=[@__mapId_0='?' (DbType = Int32)], CommandType='Text', CommandTimeout='30']
SELECT "t"."MapId", "t"."ActiveVersion", "t"."PendingVersion", "t"."State", "t"."UpdatedAt"
FROM "TaskTypeStationActiveBindingSets" AS "t"
WHERE "t"."MapId" = @__mapId_0
LIMIT 2
[21:02:51 INF] Executed DbCommand (0ms) [Parameters=[@__mapId_0='?' (DbType = Int32), @__version_1='?' (DbType = Int64)], CommandType='Text', CommandTimeout='30']
SELECT "t"."MapId", "t"."Version", "t"."CatalogRevision", "t"."ContentSha256", "t"."LoadedAt", "t"."RuleVersion", "t"."SnapshotId", "t"."Source"
FROM "TaskTypeStationBindingSetVersions" AS "t"
WHERE "t"."MapId" = @__mapId_0 AND "t"."Version" = @__version_1
LIMIT 2
[21:02:51 INF] Executed DbCommand (0ms) [Parameters=[@__mapId_0='?' (DbType = Int32), @__version_1='?' (DbType = Int64)], CommandType='Text', CommandTimeout='30']
SELECT "t"."TaskType"
FROM "TaskTypeStationRequirements" AS "t"
WHERE "t"."MapId" = @__mapId_0 AND "t"."Version" = @__version_1
[21:02:51 INF] Executed DbCommand (0ms) [Parameters=[@__mapId_0='?' (DbType = Int32), @__version_1='?' (DbType = Int64)], CommandType='Text', CommandTimeout='30']
SELECT "t"."MapId", "t"."Version", "t"."TaskType", "t"."SiteVerificationRef", "t"."StationName", "t"."StationRiotId"
FROM "TaskTypeStationBindings" AS "t"
WHERE "t"."MapId" = @__mapId_0 AND "t"."Version" = @__version_1
[21:02:51 INF] Executed DbCommand (0ms) [Parameters=[@__version_0='?' (DbType = Int64)], CommandType='Text', CommandTimeout='30']
SELECT "t"."Version", "t"."ContentSha256", "t"."LoadedAt", "t"."SnapshotId", "t"."Source"
FROM "TaskTypeStationRuleVersions" AS "t"
WHERE "t"."Version" = @__version_0
LIMIT 2
[21:02:51 INF] Executed DbCommand (0ms) [Parameters=[@__version_0='?' (DbType = Int64)], CommandType='Text', CommandTimeout='30']
SELECT "t"."Version", "t"."TaskType", "t"."FixedEnd"
FROM "TaskTypeStationRules" AS "t"
WHERE "t"."Version" = @__version_0
[21:02:51 INF] Executed DbCommand (0ms) [Parameters=[@__mapId_0='?' (DbType = Int32)], CommandType='Text', CommandTimeout='30']
SELECT "t"."MapId", "t"."ActiveVersion", "t"."PendingVersion", "t"."State", "t"."UpdatedAt"
FROM "TaskTypeStationActiveBindingSets" AS "t"
WHERE "t"."MapId" = @__mapId_0
LIMIT 2
[21:02:51 INF] Executed DbCommand (0ms) [Parameters=[@__mapId_0='?' (DbType = Int32)], CommandType='Text', CommandTimeout='30']
SELECT "t"."HoldId", "t"."DetailJson", "t"."MapId", "t"."RaisedAt", "t"."RaisedBy", "t"."ReasonCode", "t"."ReleasedAt", "t"."ReleasedBy", "t"."Source", "t"."TaskType"
FROM "TaskTypeStationHolds" AS "t"
WHERE "t"."MapId" = @__mapId_0 AND "t"."ReleasedAt" IS NULL
[21:02:51 INF] Executed DbCommand (0ms) [Parameters=[@__mapId_0='?' (DbType = Int32)], CommandType='Text', CommandTimeout='30']
SELECT "m"."MapId", "m"."ApprovedMaxUnconfirmedSeconds", "m"."ApprovedSyncPeriodSeconds", "m"."CatalogRevision", "m"."LastAttemptAt", "m"."LastCompleteConfirmationAt", "m"."LastFailureReason", "m"."State", "m"."UpdatedAt"
FROM "MapStationCatalogStates" AS "m"
WHERE "m"."MapId" = @__mapId_0
LIMIT 2
[21:02:51 INF] Executed DbCommand (0ms) [Parameters=[@p3='?' (DbType = Int32), @p0='?' (DbType = DateTimeOffset), @p1='?' (DbType = DateTimeOffset), @p2='?' (DbType = DateTimeOffset)], CommandType='Text', CommandTimeout='30']
UPDATE "MapStationCatalogStates" SET "LastAttemptAt" = @p0, "LastCompleteConfirmationAt" = @p1, "UpdatedAt" = @p2
WHERE "MapId" = @p3
RETURNING 1;
[21:02:51 INF] Executed DbCommand (0ms) [Parameters=[@__mapId_0='?' (DbType = Int32)], CommandType='Text', CommandTimeout='30']
SELECT "t"."MapId", "t"."ActiveVersion", "t"."PendingVersion", "t"."State", "t"."UpdatedAt"
FROM "TaskTypeStationActiveBindingSets" AS "t"
WHERE "t"."MapId" = @__mapId_0
LIMIT 2
[21:02:51 INF] Executed DbCommand (0ms) [Parameters=[@__mapId_0='?' (DbType = Int32), @__version_1='?' (DbType = Int64)], CommandType='Text', CommandTimeout='30']
SELECT "t"."MapId", "t"."Version", "t"."CatalogRevision", "t"."ContentSha256", "t"."LoadedAt", "t"."RuleVersion", "t"."SnapshotId", "t"."Source"
FROM "TaskTypeStationBindingSetVersions" AS "t"
WHERE "t"."MapId" = @__mapId_0 AND "t"."Version" = @__version_1
LIMIT 2
[21:02:51 INF] Executed DbCommand (0ms) [Parameters=[@__mapId_0='?' (DbType = Int32), @__version_1='?' (DbType = Int64)], CommandType='Text', CommandTimeout='30']
SELECT "t"."TaskType"
FROM "TaskTypeStationRequirements" AS "t"
WHERE "t"."MapId" = @__mapId_0 AND "t"."Version" = @__version_1
[21:02:51 INF] Executed DbCommand (0ms) [Parameters=[@__mapId_0='?' (DbType = Int32), @__version_1='?' (DbType = Int64)], CommandType='Text', CommandTimeout='30']
SELECT "t"."MapId", "t"."Version", "t"."TaskType", "t"."SiteVerificationRef", "t"."StationName", "t"."StationRiotId"
FROM "TaskTypeStationBindings" AS "t"
WHERE "t"."MapId" = @__mapId_0 AND "t"."Version" = @__version_1
[21:02:51 INF] Executed DbCommand (0ms) [Parameters=[@__mapId_0='?' (DbType = Int32)], CommandType='Text', CommandTimeout='30']
SELECT "t"."MapId", "t"."ActiveVersion", "t"."PendingVersion", "t"."State", "t"."UpdatedAt"
FROM "TaskTypeStationActiveBindingSets" AS "t"
WHERE "t"."MapId" = @__mapId_0
LIMIT 2
[21:02:51 INF] Executed DbCommand (0ms) [Parameters=[@__mapId_0='?' (DbType = Int32), @__version_1='?' (DbType = Int64)], CommandType='Text', CommandTimeout='30']
SELECT "t"."MapId", "t"."Version", "t"."CatalogRevision", "t"."ContentSha256", "t"."LoadedAt", "t"."RuleVersion", "t"."SnapshotId", "t"."Source"
FROM "TaskTypeStationBindingSetVersions" AS "t"
WHERE "t"."MapId" = @__mapId_0 AND "t"."Version" = @__version_1
LIMIT 2
[21:02:51 INF] Executed DbCommand (0ms) [Parameters=[@__mapId_0='?' (DbType = Int32), @__version_1='?' (DbType = Int64)], CommandType='Text', CommandTimeout='30']
SELECT "t"."TaskType"
FROM "TaskTypeStationRequirements" AS "t"
WHERE "t"."MapId" = @__mapId_0 AND "t"."Version" = @__version_1
[21:02:51 INF] Executed DbCommand (0ms) [Parameters=[@__mapId_0='?' (DbType = Int32), @__version_1='?' (DbType = Int64)], CommandType='Text', CommandTimeout='30']
SELECT "t"."MapId", "t"."Version", "t"."TaskType", "t"."SiteVerificationRef", "t"."StationName", "t"."StationRiotId"
FROM "TaskTypeStationBindings" AS "t"
WHERE "t"."MapId" = @__mapId_0 AND "t"."Version" = @__version_1
[21:02:51 INF] Executed DbCommand (0ms) [Parameters=[@__version_0='?' (DbType = Int64)], CommandType='Text', CommandTimeout='30']
SELECT "t"."Version", "t"."ContentSha256", "t"."LoadedAt", "t"."SnapshotId", "t"."Source"
FROM "TaskTypeStationRuleVersions" AS "t"
WHERE "t"."Version" = @__version_0
LIMIT 2
[21:02:51 INF] Executed DbCommand (0ms) [Parameters=[@__version_0='?' (DbType = Int64)], CommandType='Text', CommandTimeout='30']
SELECT "t"."Version", "t"."TaskType", "t"."FixedEnd"
FROM "TaskTypeStationRules" AS "t"
WHERE "t"."Version" = @__version_0
[21:02:51 INF] Executed DbCommand (0ms) [Parameters=[], CommandType='Text', CommandTimeout='30']
SELECT "a"."Id", "a"."ContentHash", "a"."DeploymentId", "a"."ImportedAt", "a"."Version"
FROM "AdmissionPolicyState" AS "a"
WHERE "a"."Id" = 1
LIMIT 2
[21:02:51 INF] Executed DbCommand (0ms) [Parameters=[], CommandType='Text', CommandTimeout='30']
SELECT "j"."DemandId", "j"."AgvId", "j"."AgvLifecycleGeneration", "j"."BlockReasonCode", "j"."BlockReasonSince", "j"."ConsumedSafetyResultMessageId", "j"."ConsumedSublotMessageId", "j"."CreatedAt", "j"."DispatchGeneration", "j"."DispatchZone", "j"."ExpectedBasketCount", "j"."GateMovementLegId", "j"."GatePlanMessageId", "j"."GateStationId", "j"."GateStationRiotId", "j"."GateUpperId", "j"."GateVehicleBusinessMessageId", "j"."GateWorklistMessageId", "j"."LoadCommandMessageId", "j"."LoadSlotOperationAttemptId", "j"."MapId", "j"."MapIdentity", "j"."OperationSessionId", "j"."PickupMovementLegId", "j"."PickupStationId", "j"."PickupStationRiotId", "j"."PickupUpperId", "j"."PlanMessageId", "j"."PlanRevision", "j"."PreDepartureSafetyCheckId", "j"."PreDepartureSafetyCheckMessageId", "j"."RouteEvidenceId", "j"."Stage", "j"."StationDepartureWaitStartedAt", "j"."SublotRequestMessageId", "j"."TargetSlotsJson", "j"."UnloadCommandMessageId", "j"."UnloadSlotOperationAttemptId", "j"."UpdatedAt", "j"."VehicleBusinessMessageId", "j"."VehicleBusinessRevision", "j"."VehicleKey", "j"."WorklistMessageId", "j"."WorklistRevision"
FROM "JourneyRuntimes" AS "j"
WHERE "j"."Stage" <> 'Completed'
[21:02:51 INF] Executed DbCommand (0ms) [Parameters=[@__agvId_0='?' (Size = 10)], CommandType='Text', CommandTimeout='30']
SELECT "s"."AgvId", "s"."ActiveUnlockSlotsJson", "s"."CapabilityHash", "s"."CapabilityRevision", "s"."DepartureSafe", "s"."ForcedRecoveryGeneration", "s"."ManifestSha256", "s"."PendingAttemptIdsJson", "s"."PendingResultIdsJson", "s"."ProfileId", "s"."ProtocolCommit", "s"."ProtocolVersion", "s"."ProvenRecoveryCheckpoint", "s"."Readiness", "s"."ReasonCode", "s"."RecoveryReportId", "s"."ReportedForcedRecoveryGeneration", "s"."ReportedSlotConfigurationFingerprint", "s"."SafetyHash", "s"."SafetyReasonCodesJson", "s"."SafetyRevision", "s"."SafetyUnknownPresent", "s"."SessionGeneration", "s"."UnsettledSlotOperationAttemptId", "s"."UpdatedAt"
FROM "SessionRecoveries" AS "s"
WHERE "s"."AgvId" = @__agvId_0 AND "s"."Readiness" = 'Ready'
LIMIT 2
[21:02:51 INF] Executed DbCommand (0ms) [Parameters=[], CommandType='Text', CommandTimeout='30']
SELECT "p"."MessageId", "p"."AcknowledgedAt", "p"."CreatedAt", "p"."FencedAt", "p"."MessageType", "p"."PayloadJson"
FROM "ProtocolOutbox" AS "p"
WHERE "p"."AcknowledgedAt" IS NULL AND "p"."FencedAt" IS NULL
[21:02:51 INF] Executed DbCommand (0ms) [Parameters=[@__runtime_DemandId_0='?' (Size = 36)], CommandType='Text', CommandTimeout='30']
SELECT "r"."WorkflowId", "r"."AgvId", "r"."CommandContentHash", "r"."CommandMessageId", "r"."CommandMessageType", "r"."CreatedAt", "r"."DemandId", "r"."ExceptionRecoverySessionId", "r"."ForcedRecoveryGeneration", "r"."HandoffId", "r"."Outcome", "r"."RequestContentHash", "r"."RequestMessageId", "r"."ResultContentHash", "r"."ResultMessageId", "r"."SlotOperationAttemptId", "r"."SlotsJson", "r"."State", "r"."UpdatedAt", "r"."WorkflowType"
FROM "RecoveryWorkflows" AS "r"
WHERE "r"."DemandId" = @__runtime_DemandId_0 AND "r"."WorkflowType" = 'LOAD_CORRECTION'
[21:02:51 INF] Executed DbCommand (0ms) [Parameters=[@__messageId_0='?' (Size = 36)], CommandType='Text', CommandTimeout='30']
SELECT "p"."MessageId", "p"."ContentHash", "p"."FirstResponseJson", "p"."MessageType", "p"."ReceivedAt", "p"."RequestJson"
FROM "ProtocolInbox" AS "p"
WHERE "p"."MessageId" = @__messageId_0
LIMIT 2
[21:02:51 INF] Executed DbCommand (0ms) [Parameters=[@p0='?' (Size = 36), @p1='?' (Size = 64), @p2='?' (Size = 536), @p3='?' (Size = 9), @p4='?' (DbType = DateTimeOffset), @p5='?' (Size = 427)], CommandType='Text', CommandTimeout='30']
INSERT INTO "ProtocolInbox" ("MessageId", "ContentHash", "FirstResponseJson", "MessageType", "ReceivedAt", "RequestJson")
VALUES (@p0, @p1, @p2, @p3, @p4, @p5);
[21:02:51 INF] Start processing HTTP request GET http://127.0.0.1:48408/api/task/v1/task/getVehicleInfo/BROKERX-L2-0001
[21:02:51 INF] Sending HTTP request GET http://127.0.0.1:48408/api/task/v1/task/getVehicleInfo/BROKERX-L2-0001
[21:02:51 INF] Received HTTP response headers after 0.4227ms - 200
[21:02:51 INF] End processing HTTP request after 3.7424ms - 200
[21:02:51 INF] Start processing HTTP request GET http://127.0.0.1:48408/api/order/v1/orderRecord?pageNum=1&pageSize=100&filterByState=1&filterByState=3&filterByState=7&filterByState=9
[21:02:51 INF] Sending HTTP request GET http://127.0.0.1:48408/api/order/v1/orderRecord?pageNum=1&pageSize=100&filterByState=1&filterByState=3&filterByState=7&filterByState=9
[21:02:51 INF] Received HTTP response headers after 0.3469ms - 200
[21:02:51 INF] End processing HTTP request after 1.0632ms - 200
[21:02:51 INF] HTTP GET /api/onboard/v1/vehicle-safety responded 200 in 5.8504 ms
[21:02:52 INF] Start processing HTTP request GET http://127.0.0.1:48408/api/imap/v1/mapInfo/stations/25
[21:02:52 INF] Sending HTTP request GET http://127.0.0.1:48408/api/imap/v1/mapInfo/stations/25
[21:02:52 INF] Received HTTP response headers after 0.5039ms - 200
[21:02:52 INF] End processing HTTP request after 3.8098ms - 200
[21:02:52 INF] Executed DbCommand (0ms) [Parameters=[@__mapId_0='?' (DbType = Int32)], CommandType='Text', CommandTimeout='30']
SELECT "t"."MapId", "t"."ActiveVersion", "t"."PendingVersion", "t"."State", "t"."UpdatedAt"
FROM "TaskTypeStationActiveBindingSets" AS "t"
WHERE "t"."MapId" = @__mapId_0
LIMIT 2
[21:02:52 INF] Executed DbCommand (0ms) [Parameters=[@__mapId_0='?' (DbType = Int32), @__version_1='?' (DbType = Int64)], CommandType='Text', CommandTimeout='30']
SELECT "t"."MapId", "t"."Version", "t"."CatalogRevision", "t"."ContentSha256", "t"."LoadedAt", "t"."RuleVersion", "t"."SnapshotId", "t"."Source"
FROM "TaskTypeStationBindingSetVersions" AS "t"
WHERE "t"."MapId" = @__mapId_0 AND "t"."Version" = @__version_1
LIMIT 2
[21:02:52 INF] Executed DbCommand (0ms) [Parameters=[@__mapId_0='?' (DbType = Int32), @__version_1='?' (DbType = Int64)], CommandType='Text', CommandTimeout='30']
SELECT "t"."TaskType"
FROM "TaskTypeStationRequirements" AS "t"
WHERE "t"."MapId" = @__mapId_0 AND "t"."Version" = @__version_1
[21:02:52 INF] Executed DbCommand (0ms) [Parameters=[@__mapId_0='?' (DbType = Int32), @__version_1='?' (DbType = Int64)], CommandType='Text', CommandTimeout='30']
SELECT "t"."MapId", "t"."Version", "t"."TaskType", "t"."SiteVerificationRef", "t"."StationName", "t"."StationRiotId"
FROM "TaskTypeStationBindings" AS "t"
WHERE "t"."MapId" = @__mapId_0 AND "t"."Version" = @__version_1
[21:02:52 INF] Executed DbCommand (0ms) [Parameters=[@__version_0='?' (DbType = Int64)], CommandType='Text', CommandTimeout='30']
SELECT "t"."Version", "t"."ContentSha256", "t"."LoadedAt", "t"."SnapshotId", "t"."Source"
FROM "TaskTypeStationRuleVersions" AS "t"
WHERE "t"."Version" = @__version_0
LIMIT 2
[21:02:52 INF] Executed DbCommand (0ms) [Parameters=[@__version_0='?' (DbType = Int64)], CommandType='Text', CommandTimeout='30']
SELECT "t"."Version", "t"."TaskType", "t"."FixedEnd"
FROM "TaskTypeStationRules" AS "t"
WHERE "t"."Version" = @__version_0
[21:02:52 INF] Executed DbCommand (0ms) [Parameters=[@__mapId_0='?' (DbType = Int32)], CommandType='Text', CommandTimeout='30']
SELECT "t"."MapId", "t"."ActiveVersion", "t"."PendingVersion", "t"."State", "t"."UpdatedAt"
FROM "TaskTypeStationActiveBindingSets" AS "t"
WHERE "t"."MapId" = @__mapId_0
LIMIT 2
[21:02:52 INF] Executed DbCommand (0ms) [Parameters=[@__mapId_0='?' (DbType = Int32)], CommandType='Text', CommandTimeout='30']
SELECT "t"."HoldId", "t"."DetailJson", "t"."MapId", "t"."RaisedAt", "t"."RaisedBy", "t"."ReasonCode", "t"."ReleasedAt", "t"."ReleasedBy", "t"."Source", "t"."TaskType"
FROM "TaskTypeStationHolds" AS "t"
WHERE "t"."MapId" = @__mapId_0 AND "t"."ReleasedAt" IS NULL
[21:02:52 INF] Executed DbCommand (0ms) [Parameters=[@__mapId_0='?' (DbType = Int32)], CommandType='Text', CommandTimeout='30']
SELECT "m"."MapId", "m"."ApprovedMaxUnconfirmedSeconds", "m"."ApprovedSyncPeriodSeconds", "m"."CatalogRevision", "m"."LastAttemptAt", "m"."LastCompleteConfirmationAt", "m"."LastFailureReason", "m"."State", "m"."UpdatedAt"
FROM "MapStationCatalogStates" AS "m"
WHERE "m"."MapId" = @__mapId_0
LIMIT 2
[21:02:52 INF] Executed DbCommand (0ms) [Parameters=[@p3='?' (DbType = Int32), @p0='?' (DbType = DateTimeOffset), @p1='?' (DbType = DateTimeOffset), @p2='?' (DbType = DateTimeOffset)], CommandType='Text', CommandTimeout='30']
UPDATE "MapStationCatalogStates" SET "LastAttemptAt" = @p0, "LastCompleteConfirmationAt" = @p1, "UpdatedAt" = @p2
WHERE "MapId" = @p3
RETURNING 1;
[21:02:52 INF] Executed DbCommand (0ms) [Parameters=[@__mapId_0='?' (DbType = Int32)], CommandType='Text', CommandTimeout='30']
SELECT "t"."MapId", "t"."ActiveVersion", "t"."PendingVersion", "t"."State", "t"."UpdatedAt"
FROM "TaskTypeStationActiveBindingSets" AS "t"
WHERE "t"."MapId" = @__mapId_0
LIMIT 2
[21:02:52 INF] Executed DbCommand (0ms) [Parameters=[@__mapId_0='?' (DbType = Int32), @__version_1='?' (DbType = Int64)], CommandType='Text', CommandTimeout='30']
SELECT "t"."MapId", "t"."Version", "t"."CatalogRevision", "t"."ContentSha256", "t"."LoadedAt", "t"."RuleVersion", "t"."SnapshotId", "t"."Source"
FROM "TaskTypeStationBindingSetVersions" AS "t"
WHERE "t"."MapId" = @__mapId_0 AND "t"."Version" = @__version_1
LIMIT 2
[21:02:52 INF] Executed DbCommand (0ms) [Parameters=[@__mapId_0='?' (DbType = Int32), @__version_1='?' (DbType = Int64)], CommandType='Text', CommandTimeout='30']
SELECT "t"."TaskType"
FROM "TaskTypeStationRequirements" AS "t"
WHERE "t"."MapId" = @__mapId_0 AND "t"."Version" = @__version_1
[21:02:52 INF] Executed DbCommand (0ms) [Parameters=[@__mapId_0='?' (DbType = Int32), @__version_1='?' (DbType = Int64)], CommandType='Text', CommandTimeout='30']
SELECT "t"."MapId", "t"."Version", "t"."TaskType", "t"."SiteVerificationRef", "t"."StationName", "t"."StationRiotId"
FROM "TaskTypeStationBindings" AS "t"
WHERE "t"."MapId" = @__mapId_0 AND "t"."Version" = @__version_1
[21:02:52 INF] Executed DbCommand (0ms) [Parameters=[@__mapId_0='?' (DbType = Int32)], CommandType='Text', CommandTimeout='30']
SELECT "t"."MapId", "t"."ActiveVersion", "t"."PendingVersion", "t"."State", "t"."UpdatedAt"
FROM "TaskTypeStationActiveBindingSets" AS "t"
WHERE "t"."MapId" = @__mapId_0
LIMIT 2
[21:02:52 INF] Executed DbCommand (0ms) [Parameters=[@__mapId_0='?' (DbType = Int32), @__version_1='?' (DbType = Int64)], CommandType='Text', CommandTimeout='30']
SELECT "t"."MapId", "t"."Version", "t"."CatalogRevision", "t"."ContentSha256", "t"."LoadedAt", "t"."RuleVersion", "t"."SnapshotId", "t"."Source"
FROM "TaskTypeStationBindingSetVersions" AS "t"
WHERE "t"."MapId" = @__mapId_0 AND "t"."Version" = @__version_1
LIMIT 2
[21:02:52 INF] Executed DbCommand (0ms) [Parameters=[@__mapId_0='?' (DbType = Int32), @__version_1='?' (DbType = Int64)], CommandType='Text', CommandTimeout='30']
SELECT "t"."TaskType"
FROM "TaskTypeStationRequirements" AS "t"
WHERE "t"."MapId" = @__mapId_0 AND "t"."Version" = @__version_1
[21:02:52 INF] Executed DbCommand (0ms) [Parameters=[@__mapId_0='?' (DbType = Int32), @__version_1='?' (DbType = Int64)], CommandType='Text', CommandTimeout='30']
SELECT "t"."MapId", "t"."Version", "t"."TaskType", "t"."SiteVerificationRef", "t"."StationName", "t"."StationRiotId"
FROM "TaskTypeStationBindings" AS "t"
WHERE "t"."MapId" = @__mapId_0 AND "t"."Version" = @__version_1
[21:02:52 INF] Executed DbCommand (0ms) [Parameters=[@__version_0='?' (DbType = Int64)], CommandType='Text', CommandTimeout='30']
SELECT "t"."Version", "t"."ContentSha256", "t"."LoadedAt", "t"."SnapshotId", "t"."Source"
FROM "TaskTypeStationRuleVersions" AS "t"
WHERE "t"."Version" = @__version_0
LIMIT 2
[21:02:52 INF] Executed DbCommand (0ms) [Parameters=[@__version_0='?' (DbType = Int64)], CommandType='Text', CommandTimeout='30']
SELECT "t"."Version", "t"."TaskType", "t"."FixedEnd"
FROM "TaskTypeStationRules" AS "t"
WHERE "t"."Version" = @__version_0
[21:02:52 INF] Executed DbCommand (0ms) [Parameters=[], CommandType='Text', CommandTimeout='30']
SELECT "a"."Id", "a"."ContentHash", "a"."DeploymentId", "a"."ImportedAt", "a"."Version"
FROM "AdmissionPolicyState" AS "a"
WHERE "a"."Id" = 1
LIMIT 2
[21:02:52 INF] Executed DbCommand (0ms) [Parameters=[], CommandType='Text', CommandTimeout='30']
SELECT "j"."DemandId", "j"."AgvId", "j"."AgvLifecycleGeneration", "j"."BlockReasonCode", "j"."BlockReasonSince", "j"."ConsumedSafetyResultMessageId", "j"."ConsumedSublotMessageId", "j"."CreatedAt", "j"."DispatchGeneration", "j"."DispatchZone", "j"."ExpectedBasketCount", "j"."GateMovementLegId", "j"."GatePlanMessageId", "j"."GateStationId", "j"."GateStationRiotId", "j"."GateUpperId", "j"."GateVehicleBusinessMessageId", "j"."GateWorklistMessageId", "j"."LoadCommandMessageId", "j"."LoadSlotOperationAttemptId", "j"."MapId", "j"."MapIdentity", "j"."OperationSessionId", "j"."PickupMovementLegId", "j"."PickupStationId", "j"."PickupStationRiotId", "j"."PickupUpperId", "j"."PlanMessageId", "j"."PlanRevision", "j"."PreDepartureSafetyCheckId", "j"."PreDepartureSafetyCheckMessageId", "j"."RouteEvidenceId", "j"."Stage", "j"."StationDepartureWaitStartedAt", "j"."SublotRequestMessageId", "j"."TargetSlotsJson", "j"."UnloadCommandMessageId", "j"."UnloadSlotOperationAttemptId", "j"."UpdatedAt", "j"."VehicleBusinessMessageId", "j"."VehicleBusinessRevision", "j"."VehicleKey", "j"."WorklistMessageId", "j"."WorklistRevision"
FROM "JourneyRuntimes" AS "j"
WHERE "j"."Stage" <> 'Completed'
[21:02:52 INF] Executed DbCommand (0ms) [Parameters=[@__agvId_0='?' (Size = 10)], CommandType='Text', CommandTimeout='30']
SELECT "s"."AgvId", "s"."ActiveUnlockSlotsJson", "s"."CapabilityHash", "s"."CapabilityRevision", "s"."DepartureSafe", "s"."ForcedRecoveryGeneration", "s"."ManifestSha256", "s"."PendingAttemptIdsJson", "s"."PendingResultIdsJson", "s"."ProfileId", "s"."ProtocolCommit", "s"."ProtocolVersion", "s"."ProvenRecoveryCheckpoint", "s"."Readiness", "s"."ReasonCode", "s"."RecoveryReportId", "s"."ReportedForcedRecoveryGeneration", "s"."ReportedSlotConfigurationFingerprint", "s"."SafetyHash", "s"."SafetyReasonCodesJson", "s"."SafetyRevision", "s"."SafetyUnknownPresent", "s"."SessionGeneration", "s"."UnsettledSlotOperationAttemptId", "s"."UpdatedAt"
FROM "SessionRecoveries" AS "s"
WHERE "s"."AgvId" = @__agvId_0 AND "s"."Readiness" = 'Ready'
LIMIT 2
[21:02:52 INF] Executed DbCommand (0ms) [Parameters=[], CommandType='Text', CommandTimeout='30']
SELECT "p"."MessageId", "p"."AcknowledgedAt", "p"."CreatedAt", "p"."FencedAt", "p"."MessageType", "p"."PayloadJson"
FROM "ProtocolOutbox" AS "p"
WHERE "p"."AcknowledgedAt" IS NULL AND "p"."FencedAt" IS NULL
[21:02:52 INF] Executed DbCommand (0ms) [Parameters=[@__runtime_DemandId_0='?' (Size = 36)], CommandType='Text', CommandTimeout='30']
SELECT "r"."WorkflowId", "r"."AgvId", "r"."CommandContentHash", "r"."CommandMessageId", "r"."CommandMessageType", "r"."CreatedAt", "r"."DemandId", "r"."ExceptionRecoverySessionId", "r"."ForcedRecoveryGeneration", "r"."HandoffId", "r"."Outcome", "r"."RequestContentHash", "r"."RequestMessageId", "r"."ResultContentHash", "r"."ResultMessageId", "r"."SlotOperationAttemptId", "r"."SlotsJson", "r"."State", "r"."UpdatedAt", "r"."WorkflowType"
FROM "RecoveryWorkflows" AS "r"
WHERE "r"."DemandId" = @__runtime_DemandId_0 AND "r"."WorkflowType" = 'LOAD_CORRECTION'
[21:02:52 INF] Start processing HTTP request GET http://127.0.0.1:48408/api/task/v1/task/getVehicleInfo/BROKERX-L2-0001
[21:02:52 INF] Sending HTTP request GET http://127.0.0.1:48408/api/task/v1/task/getVehicleInfo/BROKERX-L2-0001
[21:02:52 INF] Received HTTP response headers after 0.5621ms - 200
[21:02:52 INF] End processing HTTP request after 3.8283ms - 200
[21:02:52 INF] Start processing HTTP request GET http://127.0.0.1:48408/api/order/v1/orderRecord?pageNum=1&pageSize=100&filterByState=1&filterByState=3&filterByState=7&filterByState=9
[21:02:52 INF] Sending HTTP request GET http://127.0.0.1:48408/api/order/v1/orderRecord?pageNum=1&pageSize=100&filterByState=1&filterByState=3&filterByState=7&filterByState=9
[21:02:52 INF] Received HTTP response headers after 0.3463ms - 200
[21:02:52 INF] End processing HTTP request after 0.9486ms - 200
[21:02:52 INF] HTTP GET /api/onboard/v1/vehicle-safety responded 200 in 5.9689 ms
[21:02:53 INF] Start processing HTTP request GET http://127.0.0.1:48408/api/imap/v1/mapInfo/stations/25
[21:02:53 INF] Sending HTTP request GET http://127.0.0.1:48408/api/imap/v1/mapInfo/stations/25
[21:02:53 INF] Received HTTP response headers after 0.4617ms - 200
[21:02:53 INF] End processing HTTP request after 3.5788ms - 200
[21:02:53 INF] Executed DbCommand (0ms) [Parameters=[@__mapId_0='?' (DbType = Int32)], CommandType='Text', CommandTimeout='30']
SELECT "t"."MapId", "t"."ActiveVersion", "t"."PendingVersion", "t"."State", "t"."UpdatedAt"
FROM "TaskTypeStationActiveBindingSets" AS "t"
WHERE "t"."MapId" = @__mapId_0
LIMIT 2
[21:02:53 INF] Executed DbCommand (0ms) [Parameters=[@__mapId_0='?' (DbType = Int32), @__version_1='?' (DbType = Int64)], CommandType='Text', CommandTimeout='30']
SELECT "t"."MapId", "t"."Version", "t"."CatalogRevision", "t"."ContentSha256", "t"."LoadedAt", "t"."RuleVersion", "t"."SnapshotId", "t"."Source"
FROM "TaskTypeStationBindingSetVersions" AS "t"
WHERE "t"."MapId" = @__mapId_0 AND "t"."Version" = @__version_1
LIMIT 2
[21:02:53 INF] Executed DbCommand (0ms) [Parameters=[@__mapId_0='?' (DbType = Int32), @__version_1='?' (DbType = Int64)], CommandType='Text', CommandTimeout='30']
SELECT "t"."TaskType"
FROM "TaskTypeStationRequirements" AS "t"
WHERE "t"."MapId" = @__mapId_0 AND "t"."Version" = @__version_1
[21:02:53 INF] Executed DbCommand (0ms) [Parameters=[@__mapId_0='?' (DbType = Int32), @__version_1='?' (DbType = Int64)], CommandType='Text', CommandTimeout='30']
SELECT "t"."MapId", "t"."Version", "t"."TaskType", "t"."SiteVerificationRef", "t"."StationName", "t"."StationRiotId"
FROM "TaskTypeStationBindings" AS "t"
WHERE "t"."MapId" = @__mapId_0 AND "t"."Version" = @__version_1
[21:02:53 INF] Executed DbCommand (0ms) [Parameters=[@__version_0='?' (DbType = Int64)], CommandType='Text', CommandTimeout='30']
SELECT "t"."Version", "t"."ContentSha256", "t"."LoadedAt", "t"."SnapshotId", "t"."Source"
FROM "TaskTypeStationRuleVersions" AS "t"
WHERE "t"."Version" = @__version_0
LIMIT 2
[21:02:53 INF] Executed DbCommand (0ms) [Parameters=[@__version_0='?' (DbType = Int64)], CommandType='Text', CommandTimeout='30']
SELECT "t"."Version", "t"."TaskType", "t"."FixedEnd"
FROM "TaskTypeStationRules" AS "t"
WHERE "t"."Version" = @__version_0
[21:02:53 INF] Executed DbCommand (0ms) [Parameters=[@__mapId_0='?' (DbType = Int32)], CommandType='Text', CommandTimeout='30']
SELECT "t"."MapId", "t"."ActiveVersion", "t"."PendingVersion", "t"."State", "t"."UpdatedAt"
FROM "TaskTypeStationActiveBindingSets" AS "t"
WHERE "t"."MapId" = @__mapId_0
LIMIT 2
[21:02:53 INF] Executed DbCommand (0ms) [Parameters=[@__mapId_0='?' (DbType = Int32)], CommandType='Text', CommandTimeout='30']
SELECT "t"."HoldId", "t"."DetailJson", "t"."MapId", "t"."RaisedAt", "t"."RaisedBy", "t"."ReasonCode", "t"."ReleasedAt", "t"."ReleasedBy", "t"."Source", "t"."TaskType"
FROM "TaskTypeStationHolds" AS "t"
WHERE "t"."MapId" = @__mapId_0 AND "t"."ReleasedAt" IS NULL
[21:02:53 INF] Executed DbCommand (0ms) [Parameters=[@__mapId_0='?' (DbType = Int32)], CommandType='Text', CommandTimeout='30']
SELECT "m"."MapId", "m"."ApprovedMaxUnconfirmedSeconds", "m"."ApprovedSyncPeriodSeconds", "m"."CatalogRevision", "m"."LastAttemptAt", "m"."LastCompleteConfirmationAt", "m"."LastFailureReason", "m"."State", "m"."UpdatedAt"
FROM "MapStationCatalogStates" AS "m"
WHERE "m"."MapId" = @__mapId_0
LIMIT 2
[21:02:53 INF] Executed DbCommand (0ms) [Parameters=[@p3='?' (DbType = Int32), @p0='?' (DbType = DateTimeOffset), @p1='?' (DbType = DateTimeOffset), @p2='?' (DbType = DateTimeOffset)], CommandType='Text', CommandTimeout='30']
UPDATE "MapStationCatalogStates" SET "LastAttemptAt" = @p0, "LastCompleteConfirmationAt" = @p1, "UpdatedAt" = @p2
WHERE "MapId" = @p3
RETURNING 1;
[21:02:53 INF] Executed DbCommand (0ms) [Parameters=[@__mapId_0='?' (DbType = Int32)], CommandType='Text', CommandTimeout='30']
SELECT "t"."MapId", "t"."ActiveVersion", "t"."PendingVersion", "t"."State", "t"."UpdatedAt"
FROM "TaskTypeStationActiveBindingSets" AS "t"
WHERE "t"."MapId" = @__mapId_0
LIMIT 2
[21:02:53 INF] Executed DbCommand (0ms) [Parameters=[@__mapId_0='?' (DbType = Int32), @__version_1='?' (DbType = Int64)], CommandType='Text', CommandTimeout='30']
SELECT "t"."MapId", "t"."Version", "t"."CatalogRevision", "t"."ContentSha256", "t"."LoadedAt", "t"."RuleVersion", "t"."SnapshotId", "t"."Source"
FROM "TaskTypeStationBindingSetVersions" AS "t"
WHERE "t"."MapId" = @__mapId_0 AND "t"."Version" = @__version_1
LIMIT 2
[21:02:53 INF] Executed DbCommand (0ms) [Parameters=[@__mapId_0='?' (DbType = Int32), @__version_1='?' (DbType = Int64)], CommandType='Text', CommandTimeout='30']
SELECT "t"."TaskType"
FROM "TaskTypeStationRequirements" AS "t"
WHERE "t"."MapId" = @__mapId_0 AND "t"."Version" = @__version_1
[21:02:53 INF] Executed DbCommand (0ms) [Parameters=[@__mapId_0='?' (DbType = Int32), @__version_1='?' (DbType = Int64)], CommandType='Text', CommandTimeout='30']
SELECT "t"."MapId", "t"."Version", "t"."TaskType", "t"."SiteVerificationRef", "t"."StationName", "t"."StationRiotId"
FROM "TaskTypeStationBindings" AS "t"
WHERE "t"."MapId" = @__mapId_0 AND "t"."Version" = @__version_1
[21:02:53 INF] Executed DbCommand (0ms) [Parameters=[@__mapId_0='?' (DbType = Int32)], CommandType='Text', CommandTimeout='30']
SELECT "t"."MapId", "t"."ActiveVersion", "t"."PendingVersion", "t"."State", "t"."UpdatedAt"
FROM "TaskTypeStationActiveBindingSets" AS "t"
WHERE "t"."MapId" = @__mapId_0
LIMIT 2
[21:02:53 INF] Executed DbCommand (0ms) [Parameters=[@__mapId_0='?' (DbType = Int32), @__version_1='?' (DbType = Int64)], CommandType='Text', CommandTimeout='30']
SELECT "t"."MapId", "t"."Version", "t"."CatalogRevision", "t"."ContentSha256", "t"."LoadedAt", "t"."RuleVersion", "t"."SnapshotId", "t"."Source"
FROM "TaskTypeStationBindingSetVersions" AS "t"
WHERE "t"."MapId" = @__mapId_0 AND "t"."Version" = @__version_1
LIMIT 2
[21:02:53 INF] Executed DbCommand (0ms) [Parameters=[@__mapId_0='?' (DbType = Int32), @__version_1='?' (DbType = Int64)], CommandType='Text', CommandTimeout='30']
SELECT "t"."TaskType"
FROM "TaskTypeStationRequirements" AS "t"
WHERE "t"."MapId" = @__mapId_0 AND "t"."Version" = @__version_1
[21:02:53 INF] Executed DbCommand (0ms) [Parameters=[@__mapId_0='?' (DbType = Int32), @__version_1='?' (DbType = Int64)], CommandType='Text', CommandTimeout='30']
SELECT "t"."MapId", "t"."Version", "t"."TaskType", "t"."SiteVerificationRef", "t"."StationName", "t"."StationRiotId"
FROM "TaskTypeStationBindings" AS "t"
WHERE "t"."MapId" = @__mapId_0 AND "t"."Version" = @__version_1
[21:02:53 INF] Executed DbCommand (0ms) [Parameters=[@__version_0='?' (DbType = Int64)], CommandType='Text', CommandTimeout='30']
SELECT "t"."Version", "t"."ContentSha256", "t"."LoadedAt", "t"."SnapshotId", "t"."Source"
FROM "TaskTypeStationRuleVersions" AS "t"
WHERE "t"."Version" = @__version_0
LIMIT 2
[21:02:53 INF] Executed DbCommand (0ms) [Parameters=[@__version_0='?' (DbType = Int64)], CommandType='Text', CommandTimeout='30']
SELECT "t"."Version", "t"."TaskType", "t"."FixedEnd"
FROM "TaskTypeStationRules" AS "t"
WHERE "t"."Version" = @__version_0
[21:02:53 INF] Executed DbCommand (0ms) [Parameters=[], CommandType='Text', CommandTimeout='30']
SELECT "a"."Id", "a"."ContentHash", "a"."DeploymentId", "a"."ImportedAt", "a"."Version"
FROM "AdmissionPolicyState" AS "a"
WHERE "a"."Id" = 1
LIMIT 2
[21:02:53 INF] Executed DbCommand (0ms) [Parameters=[], CommandType='Text', CommandTimeout='30']
SELECT "j"."DemandId", "j"."AgvId", "j"."AgvLifecycleGeneration", "j"."BlockReasonCode", "j"."BlockReasonSince", "j"."ConsumedSafetyResultMessageId", "j"."ConsumedSublotMessageId", "j"."CreatedAt", "j"."DispatchGeneration", "j"."DispatchZone", "j"."ExpectedBasketCount", "j"."GateMovementLegId", "j"."GatePlanMessageId", "j"."GateStationId", "j"."GateStationRiotId", "j"."GateUpperId", "j"."GateVehicleBusinessMessageId", "j"."GateWorklistMessageId", "j"."LoadCommandMessageId", "j"."LoadSlotOperationAttemptId", "j"."MapId", "j"."MapIdentity", "j"."OperationSessionId", "j"."PickupMovementLegId", "j"."PickupStationId", "j"."PickupStationRiotId", "j"."PickupUpperId", "j"."PlanMessageId", "j"."PlanRevision", "j"."PreDepartureSafetyCheckId", "j"."PreDepartureSafetyCheckMessageId", "j"."RouteEvidenceId", "j"."Stage", "j"."StationDepartureWaitStartedAt", "j"."SublotRequestMessageId", "j"."TargetSlotsJson", "j"."UnloadCommandMessageId", "j"."UnloadSlotOperationAttemptId", "j"."UpdatedAt", "j"."VehicleBusinessMessageId", "j"."VehicleBusinessRevision", "j"."VehicleKey", "j"."WorklistMessageId", "j"."WorklistRevision"
FROM "JourneyRuntimes" AS "j"
WHERE "j"."Stage" <> 'Completed'
[21:02:53 INF] Executed DbCommand (0ms) [Parameters=[@__agvId_0='?' (Size = 10)], CommandType='Text', CommandTimeout='30']
SELECT "s"."AgvId", "s"."ActiveUnlockSlotsJson", "s"."CapabilityHash", "s"."CapabilityRevision", "s"."DepartureSafe", "s"."ForcedRecoveryGeneration", "s"."ManifestSha256", "s"."PendingAttemptIdsJson", "s"."PendingResultIdsJson", "s"."ProfileId", "s"."ProtocolCommit", "s"."ProtocolVersion", "s"."ProvenRecoveryCheckpoint", "s"."Readiness", "s"."ReasonCode", "s"."RecoveryReportId", "s"."ReportedForcedRecoveryGeneration", "s"."ReportedSlotConfigurationFingerprint", "s"."SafetyHash", "s"."SafetyReasonCodesJson", "s"."SafetyRevision", "s"."SafetyUnknownPresent", "s"."SessionGeneration", "s"."UnsettledSlotOperationAttemptId", "s"."UpdatedAt"
FROM "SessionRecoveries" AS "s"
WHERE "s"."AgvId" = @__agvId_0 AND "s"."Readiness" = 'Ready'
LIMIT 2
[21:02:53 INF] Executed DbCommand (0ms) [Parameters=[], CommandType='Text', CommandTimeout='30']
SELECT "p"."MessageId", "p"."AcknowledgedAt", "p"."CreatedAt", "p"."FencedAt", "p"."MessageType", "p"."PayloadJson"
FROM "ProtocolOutbox" AS "p"
WHERE "p"."AcknowledgedAt" IS NULL AND "p"."FencedAt" IS NULL
[21:02:53 INF] Executed DbCommand (0ms) [Parameters=[@__runtime_DemandId_0='?' (Size = 36)], CommandType='Text', CommandTimeout='30']
SELECT "r"."WorkflowId", "r"."AgvId", "r"."CommandContentHash", "r"."CommandMessageId", "r"."CommandMessageType", "r"."CreatedAt", "r"."DemandId", "r"."ExceptionRecoverySessionId", "r"."ForcedRecoveryGeneration", "r"."HandoffId", "r"."Outcome", "r"."RequestContentHash", "r"."RequestMessageId", "r"."ResultContentHash", "r"."ResultMessageId", "r"."SlotOperationAttemptId", "r"."SlotsJson", "r"."State", "r"."UpdatedAt", "r"."WorkflowType"
FROM "RecoveryWorkflows" AS "r"
WHERE "r"."DemandId" = @__runtime_DemandId_0 AND "r"."WorkflowType" = 'LOAD_CORRECTION'
[21:02:53 INF] Start processing HTTP request GET http://127.0.0.1:48408/api/task/v1/task/getVehicleInfo/BROKERX-L2-0001
[21:02:53 INF] Sending HTTP request GET http://127.0.0.1:48408/api/task/v1/task/getVehicleInfo/BROKERX-L2-0001
[21:02:53 INF] Received HTTP response headers after 0.5061ms - 200
[21:02:53 INF] End processing HTTP request after 3.7176ms - 200
[21:02:53 INF] Start processing HTTP request GET http://127.0.0.1:48408/api/order/v1/orderRecord?pageNum=1&pageSize=100&filterByState=1&filterByState=3&filterByState=7&filterByState=9
[21:02:53 INF] Sending HTTP request GET http://127.0.0.1:48408/api/order/v1/orderRecord?pageNum=1&pageSize=100&filterByState=1&filterByState=3&filterByState=7&filterByState=9
[21:02:53 INF] Received HTTP response headers after 0.3562ms - 200
[21:02:53 INF] End processing HTTP request after 1.0265ms - 200
[21:02:53 INF] HTTP GET /api/onboard/v1/vehicle-safety responded 200 in 5.8163 ms
[21:02:54 INF] Start processing HTTP request GET http://127.0.0.1:48408/api/imap/v1/mapInfo/stations/25
[21:02:54 INF] Sending HTTP request GET http://127.0.0.1:48408/api/imap/v1/mapInfo/stations/25
[21:02:54 INF] Received HTTP response headers after 0.6027ms - 200
[21:02:54 INF] End processing HTTP request after 1.854ms - 200
[21:02:54 INF] Executed DbCommand (0ms) [Parameters=[@__mapId_0='?' (DbType = Int32)], CommandType='Text', CommandTimeout='30']
SELECT "t"."MapId", "t"."ActiveVersion", "t"."PendingVersion", "t"."State", "t"."UpdatedAt"
FROM "TaskTypeStationActiveBindingSets" AS "t"
WHERE "t"."MapId" = @__mapId_0
LIMIT 2
[21:02:54 INF] Executed DbCommand (0ms) [Parameters=[@__mapId_0='?' (DbType = Int32), @__version_1='?' (DbType = Int64)], CommandType='Text', CommandTimeout='30']
SELECT "t"."MapId", "t"."Version", "t"."CatalogRevision", "t"."ContentSha256", "t"."LoadedAt", "t"."RuleVersion", "t"."SnapshotId", "t"."Source"
FROM "TaskTypeStationBindingSetVersions" AS "t"
WHERE "t"."MapId" = @__mapId_0 AND "t"."Version" = @__version_1
LIMIT 2
[21:02:54 INF] Executed DbCommand (0ms) [Parameters=[@__mapId_0='?' (DbType = Int32), @__version_1='?' (DbType = Int64)], CommandType='Text', CommandTimeout='30']
SELECT "t"."TaskType"
FROM "TaskTypeStationRequirements" AS "t"
WHERE "t"."MapId" = @__mapId_0 AND "t"."Version" = @__version_1
[21:02:54 INF] Executed DbCommand (0ms) [Parameters=[@__mapId_0='?' (DbType = Int32), @__version_1='?' (DbType = Int64)], CommandType='Text', CommandTimeout='30']
SELECT "t"."MapId", "t"."Version", "t"."TaskType", "t"."SiteVerificationRef", "t"."StationName", "t"."StationRiotId"
FROM "TaskTypeStationBindings" AS "t"
WHERE "t"."MapId" = @__mapId_0 AND "t"."Version" = @__version_1
[21:02:54 INF] Executed DbCommand (0ms) [Parameters=[@__version_0='?' (DbType = Int64)], CommandType='Text', CommandTimeout='30']
SELECT "t"."Version", "t"."ContentSha256", "t"."LoadedAt", "t"."SnapshotId", "t"."Source"
FROM "TaskTypeStationRuleVersions" AS "t"
WHERE "t"."Version" = @__version_0
LIMIT 2
[21:02:54 INF] Executed DbCommand (0ms) [Parameters=[@__version_0='?' (DbType = Int64)], CommandType='Text', CommandTimeout='30']
SELECT "t"."Version", "t"."TaskType", "t"."FixedEnd"
FROM "TaskTypeStationRules" AS "t"
WHERE "t"."Version" = @__version_0
[21:02:54 INF] Executed DbCommand (0ms) [Parameters=[@__mapId_0='?' (DbType = Int32)], CommandType='Text', CommandTimeout='30']
SELECT "t"."MapId", "t"."ActiveVersion", "t"."PendingVersion", "t"."State", "t"."UpdatedAt"
FROM "TaskTypeStationActiveBindingSets" AS "t"
WHERE "t"."MapId" = @__mapId_0
LIMIT 2
[21:02:54 INF] Executed DbCommand (0ms) [Parameters=[@__mapId_0='?' (DbType = Int32)], CommandType='Text', CommandTimeout='30']
SELECT "t"."HoldId", "t"."DetailJson", "t"."MapId", "t"."RaisedAt", "t"."RaisedBy", "t"."ReasonCode", "t"."ReleasedAt", "t"."ReleasedBy", "t"."Source", "t"."TaskType"
FROM "TaskTypeStationHolds" AS "t"
WHERE "t"."MapId" = @__mapId_0 AND "t"."ReleasedAt" IS NULL
[21:02:54 INF] Executed DbCommand (0ms) [Parameters=[@__mapId_0='?' (DbType = Int32)], CommandType='Text', CommandTimeout='30']
SELECT "m"."MapId", "m"."ApprovedMaxUnconfirmedSeconds", "m"."ApprovedSyncPeriodSeconds", "m"."CatalogRevision", "m"."LastAttemptAt", "m"."LastCompleteConfirmationAt", "m"."LastFailureReason", "m"."State", "m"."UpdatedAt"
FROM "MapStationCatalogStates" AS "m"
WHERE "m"."MapId" = @__mapId_0
LIMIT 2
[21:02:54 INF] Executed DbCommand (0ms) [Parameters=[@p3='?' (DbType = Int32), @p0='?' (DbType = DateTimeOffset), @p1='?' (DbType = DateTimeOffset), @p2='?' (DbType = DateTimeOffset)], CommandType='Text', CommandTimeout='30']
UPDATE "MapStationCatalogStates" SET "LastAttemptAt" = @p0, "LastCompleteConfirmationAt" = @p1, "UpdatedAt" = @p2
WHERE "MapId" = @p3
RETURNING 1;
[21:02:54 INF] Executed DbCommand (0ms) [Parameters=[@__mapId_0='?' (DbType = Int32)], CommandType='Text', CommandTimeout='30']
SELECT "t"."MapId", "t"."ActiveVersion", "t"."PendingVersion", "t"."State", "t"."UpdatedAt"
FROM "TaskTypeStationActiveBindingSets" AS "t"
WHERE "t"."MapId" = @__mapId_0
LIMIT 2
[21:02:54 INF] Executed DbCommand (0ms) [Parameters=[@__mapId_0='?' (DbType = Int32), @__version_1='?' (DbType = Int64)], CommandType='Text', CommandTimeout='30']
SELECT "t"."MapId", "t"."Version", "t"."CatalogRevision", "t"."ContentSha256", "t"."LoadedAt", "t"."RuleVersion", "t"."SnapshotId", "t"."Source"
FROM "TaskTypeStationBindingSetVersions" AS "t"
WHERE "t"."MapId" = @__mapId_0 AND "t"."Version" = @__version_1
LIMIT 2
[21:02:54 INF] Executed DbCommand (0ms) [Parameters=[@__mapId_0='?' (DbType = Int32), @__version_1='?' (DbType = Int64)], CommandType='Text', CommandTimeout='30']
SELECT "t"."TaskType"
FROM "TaskTypeStationRequirements" AS "t"
WHERE "t"."MapId" = @__mapId_0 AND "t"."Version" = @__version_1
[21:02:54 INF] Executed DbCommand (0ms) [Parameters=[@__mapId_0='?' (DbType = Int32), @__version_1='?' (DbType = Int64)], CommandType='Text', CommandTimeout='30']
SELECT "t"."MapId", "t"."Version", "t"."TaskType", "t"."SiteVerificationRef", "t"."StationName", "t"."StationRiotId"
FROM "TaskTypeStationBindings" AS "t"
WHERE "t"."MapId" = @__mapId_0 AND "t"."Version" = @__version_1
[21:02:54 INF] Executed DbCommand (0ms) [Parameters=[@__mapId_0='?' (DbType = Int32)], CommandType='Text', CommandTimeout='30']
SELECT "t"."MapId", "t"."ActiveVersion", "t"."PendingVersion", "t"."State", "t"."UpdatedAt"
FROM "TaskTypeStationActiveBindingSets" AS "t"
WHERE "t"."MapId" = @__mapId_0
LIMIT 2
[21:02:54 INF] Executed DbCommand (0ms) [Parameters=[@__mapId_0='?' (DbType = Int32), @__version_1='?' (DbType = Int64)], CommandType='Text', CommandTimeout='30']
SELECT "t"."MapId", "t"."Version", "t"."CatalogRevision", "t"."ContentSha256", "t"."LoadedAt", "t"."RuleVersion", "t"."SnapshotId", "t"."Source"
FROM "TaskTypeStationBindingSetVersions" AS "t"
WHERE "t"."MapId" = @__mapId_0 AND "t"."Version" = @__version_1
LIMIT 2
[21:02:54 INF] Executed DbCommand (0ms) [Parameters=[@__mapId_0='?' (DbType = Int32), @__version_1='?' (DbType = Int64)], CommandType='Text', CommandTimeout='30']
SELECT "t"."TaskType"
FROM "TaskTypeStationRequirements" AS "t"
WHERE "t"."MapId" = @__mapId_0 AND "t"."Version" = @__version_1
[21:02:54 INF] Executed DbCommand (0ms) [Parameters=[@__mapId_0='?' (DbType = Int32), @__version_1='?' (DbType = Int64)], CommandType='Text', CommandTimeout='30']
SELECT "t"."MapId", "t"."Version", "t"."TaskType", "t"."SiteVerificationRef", "t"."StationName", "t"."StationRiotId"
FROM "TaskTypeStationBindings" AS "t"
WHERE "t"."MapId" = @__mapId_0 AND "t"."Version" = @__version_1
[21:02:54 INF] Executed DbCommand (0ms) [Parameters=[@__version_0='?' (DbType = Int64)], CommandType='Text', CommandTimeout='30']
SELECT "t"."Version", "t"."ContentSha256", "t"."LoadedAt", "t"."SnapshotId", "t"."Source"
FROM "TaskTypeStationRuleVersions" AS "t"
WHERE "t"."Version" = @__version_0
LIMIT 2
[21:02:54 INF] Executed DbCommand (0ms) [Parameters=[@__version_0='?' (DbType = Int64)], CommandType='Text', CommandTimeout='30']
SELECT "t"."Version", "t"."TaskType", "t"."FixedEnd"
FROM "TaskTypeStationRules" AS "t"
WHERE "t"."Version" = @__version_0
[21:02:54 INF] Executed DbCommand (0ms) [Parameters=[], CommandType='Text', CommandTimeout='30']
SELECT "a"."Id", "a"."ContentHash", "a"."DeploymentId", "a"."ImportedAt", "a"."Version"
FROM "AdmissionPolicyState" AS "a"
WHERE "a"."Id" = 1
LIMIT 2
[21:02:54 INF] Executed DbCommand (0ms) [Parameters=[], CommandType='Text', CommandTimeout='30']
SELECT "j"."DemandId", "j"."AgvId", "j"."AgvLifecycleGeneration", "j"."BlockReasonCode", "j"."BlockReasonSince", "j"."ConsumedSafetyResultMessageId", "j"."ConsumedSublotMessageId", "j"."CreatedAt", "j"."DispatchGeneration", "j"."DispatchZone", "j"."ExpectedBasketCount", "j"."GateMovementLegId", "j"."GatePlanMessageId", "j"."GateStationId", "j"."GateStationRiotId", "j"."GateUpperId", "j"."GateVehicleBusinessMessageId", "j"."GateWorklistMessageId", "j"."LoadCommandMessageId", "j"."LoadSlotOperationAttemptId", "j"."MapId", "j"."MapIdentity", "j"."OperationSessionId", "j"."PickupMovementLegId", "j"."PickupStationId", "j"."PickupStationRiotId", "j"."PickupUpperId", "j"."PlanMessageId", "j"."PlanRevision", "j"."PreDepartureSafetyCheckId", "j"."PreDepartureSafetyCheckMessageId", "j"."RouteEvidenceId", "j"."Stage", "j"."StationDepartureWaitStartedAt", "j"."SublotRequestMessageId", "j"."TargetSlotsJson", "j"."UnloadCommandMessageId", "j"."UnloadSlotOperationAttemptId", "j"."UpdatedAt", "j"."VehicleBusinessMessageId", "j"."VehicleBusinessRevision", "j"."VehicleKey", "j"."WorklistMessageId", "j"."WorklistRevision"
FROM "JourneyRuntimes" AS "j"
WHERE "j"."Stage" <> 'Completed'
[21:02:54 INF] Executed DbCommand (0ms) [Parameters=[@__agvId_0='?' (Size = 10)], CommandType='Text', CommandTimeout='30']
SELECT "s"."AgvId", "s"."ActiveUnlockSlotsJson", "s"."CapabilityHash", "s"."CapabilityRevision", "s"."DepartureSafe", "s"."ForcedRecoveryGeneration", "s"."ManifestSha256", "s"."PendingAttemptIdsJson", "s"."PendingResultIdsJson", "s"."ProfileId", "s"."ProtocolCommit", "s"."ProtocolVersion", "s"."ProvenRecoveryCheckpoint", "s"."Readiness", "s"."ReasonCode", "s"."RecoveryReportId", "s"."ReportedForcedRecoveryGeneration", "s"."ReportedSlotConfigurationFingerprint", "s"."SafetyHash", "s"."SafetyReasonCodesJson", "s"."SafetyRevision", "s"."SafetyUnknownPresent", "s"."SessionGeneration", "s"."UnsettledSlotOperationAttemptId", "s"."UpdatedAt"
FROM "SessionRecoveries" AS "s"
WHERE "s"."AgvId" = @__agvId_0 AND "s"."Readiness" = 'Ready'
LIMIT 2
[21:02:54 INF] Executed DbCommand (0ms) [Parameters=[], CommandType='Text', CommandTimeout='30']
SELECT "p"."MessageId", "p"."AcknowledgedAt", "p"."CreatedAt", "p"."FencedAt", "p"."MessageType", "p"."PayloadJson"
FROM "ProtocolOutbox" AS "p"
WHERE "p"."AcknowledgedAt" IS NULL AND "p"."FencedAt" IS NULL
[21:02:54 INF] Executed DbCommand (0ms) [Parameters=[@__runtime_DemandId_0='?' (Size = 36)], CommandType='Text', CommandTimeout='30']
SELECT "r"."WorkflowId", "r"."AgvId", "r"."CommandContentHash", "r"."CommandMessageId", "r"."CommandMessageType", "r"."CreatedAt", "r"."DemandId", "r"."ExceptionRecoverySessionId", "r"."ForcedRecoveryGeneration", "r"."HandoffId", "r"."Outcome", "r"."RequestContentHash", "r"."RequestMessageId", "r"."ResultContentHash", "r"."ResultMessageId", "r"."SlotOperationAttemptId", "r"."SlotsJson", "r"."State", "r"."UpdatedAt", "r"."WorkflowType"
FROM "RecoveryWorkflows" AS "r"
WHERE "r"."DemandId" = @__runtime_DemandId_0 AND "r"."WorkflowType" = 'LOAD_CORRECTION'
[21:02:54 INF] Start processing HTTP request GET http://127.0.0.1:48408/api/task/v1/task/getVehicleInfo/BROKERX-L2-0001
[21:02:54 INF] Sending HTTP request GET http://127.0.0.1:48408/api/task/v1/task/getVehicleInfo/BROKERX-L2-0001
[21:02:54 INF] Received HTTP response headers after 0.4764ms - 200
[21:02:54 INF] End processing HTTP request after 4.0117ms - 200
[21:02:54 INF] Start processing HTTP request GET http://127.0.0.1:48408/api/order/v1/orderRecord?pageNum=1&pageSize=100&filterByState=1&filterByState=3&filterByState=7&filterByState=9
[21:02:54 INF] Sending HTTP request GET http://127.0.0.1:48408/api/order/v1/orderRecord?pageNum=1&pageSize=100&filterByState=1&filterByState=3&filterByState=7&filterByState=9
[21:02:54 INF] Received HTTP response headers after 0.4079ms - 200
[21:02:54 INF] End processing HTTP request after 1.0583ms - 200
[21:02:54 INF] HTTP GET /api/onboard/v1/vehicle-safety responded 200 in 6.1106 ms
[21:02:55 INF] Start processing HTTP request GET http://127.0.0.1:48408/api/imap/v1/mapInfo/stations/25
[21:02:55 INF] Sending HTTP request GET http://127.0.0.1:48408/api/imap/v1/mapInfo/stations/25
[21:02:55 INF] Received HTTP response headers after 0.5809ms - 200
[21:02:55 INF] End processing HTTP request after 3.8951ms - 200
[21:02:55 INF] Executed DbCommand (0ms) [Parameters=[@__mapId_0='?' (DbType = Int32)], CommandType='Text', CommandTimeout='30']
SELECT "t"."MapId", "t"."ActiveVersion", "t"."PendingVersion", "t"."State", "t"."UpdatedAt"
FROM "TaskTypeStationActiveBindingSets" AS "t"
WHERE "t"."MapId" = @__mapId_0
LIMIT 2
[21:02:55 INF] Executed DbCommand (0ms) [Parameters=[@__mapId_0='?' (DbType = Int32), @__version_1='?' (DbType = Int64)], CommandType='Text', CommandTimeout='30']
SELECT "t"."MapId", "t"."Version", "t"."CatalogRevision", "t"."ContentSha256", "t"."LoadedAt", "t"."RuleVersion", "t"."SnapshotId", "t"."Source"
FROM "TaskTypeStationBindingSetVersions" AS "t"
WHERE "t"."MapId" = @__mapId_0 AND "t"."Version" = @__version_1
LIMIT 2
[21:02:55 INF] Executed DbCommand (0ms) [Parameters=[@__mapId_0='?' (DbType = Int32), @__version_1='?' (DbType = Int64)], CommandType='Text', CommandTimeout='30']
SELECT "t"."TaskType"
FROM "TaskTypeStationRequirements" AS "t"
WHERE "t"."MapId" = @__mapId_0 AND "t"."Version" = @__version_1
[21:02:55 INF] Executed DbCommand (0ms) [Parameters=[@__mapId_0='?' (DbType = Int32), @__version_1='?' (DbType = Int64)], CommandType='Text', CommandTimeout='30']
SELECT "t"."MapId", "t"."Version", "t"."TaskType", "t"."SiteVerificationRef", "t"."StationName", "t"."StationRiotId"
FROM "TaskTypeStationBindings" AS "t"
WHERE "t"."MapId" = @__mapId_0 AND "t"."Version" = @__version_1
[21:02:55 INF] Executed DbCommand (0ms) [Parameters=[@__version_0='?' (DbType = Int64)], CommandType='Text', CommandTimeout='30']
SELECT "t"."Version", "t"."ContentSha256", "t"."LoadedAt", "t"."SnapshotId", "t"."Source"
FROM "TaskTypeStationRuleVersions" AS "t"
WHERE "t"."Version" = @__version_0
LIMIT 2
[21:02:55 INF] Executed DbCommand (0ms) [Parameters=[@__version_0='?' (DbType = Int64)], CommandType='Text', CommandTimeout='30']
SELECT "t"."Version", "t"."TaskType", "t"."FixedEnd"
FROM "TaskTypeStationRules" AS "t"
WHERE "t"."Version" = @__version_0
[21:02:55 INF] Executed DbCommand (0ms) [Parameters=[@__mapId_0='?' (DbType = Int32)], CommandType='Text', CommandTimeout='30']
SELECT "t"."MapId", "t"."ActiveVersion", "t"."PendingVersion", "t"."State", "t"."UpdatedAt"
FROM "TaskTypeStationActiveBindingSets" AS "t"
WHERE "t"."MapId" = @__mapId_0
LIMIT 2
[21:02:55 INF] Executed DbCommand (0ms) [Parameters=[@__mapId_0='?' (DbType = Int32)], CommandType='Text', CommandTimeout='30']
SELECT "t"."HoldId", "t"."DetailJson", "t"."MapId", "t"."RaisedAt", "t"."RaisedBy", "t"."ReasonCode", "t"."ReleasedAt", "t"."ReleasedBy", "t"."Source", "t"."TaskType"
FROM "TaskTypeStationHolds" AS "t"
WHERE "t"."MapId" = @__mapId_0 AND "t"."ReleasedAt" IS NULL
[21:02:55 INF] Executed DbCommand (0ms) [Parameters=[@__mapId_0='?' (DbType = Int32)], CommandType='Text', CommandTimeout='30']
SELECT "m"."MapId", "m"."ApprovedMaxUnconfirmedSeconds", "m"."ApprovedSyncPeriodSeconds", "m"."CatalogRevision", "m"."LastAttemptAt", "m"."LastCompleteConfirmationAt", "m"."LastFailureReason", "m"."State", "m"."UpdatedAt"
FROM "MapStationCatalogStates" AS "m"
WHERE "m"."MapId" = @__mapId_0
LIMIT 2
[21:02:55 INF] Executed DbCommand (0ms) [Parameters=[@p3='?' (DbType = Int32), @p0='?' (DbType = DateTimeOffset), @p1='?' (DbType = DateTimeOffset), @p2='?' (DbType = DateTimeOffset)], CommandType='Text', CommandTimeout='30']
UPDATE "MapStationCatalogStates" SET "LastAttemptAt" = @p0, "LastCompleteConfirmationAt" = @p1, "UpdatedAt" = @p2
WHERE "MapId" = @p3
RETURNING 1;
[21:02:55 INF] Executed DbCommand (0ms) [Parameters=[@__mapId_0='?' (DbType = Int32)], CommandType='Text', CommandTimeout='30']
SELECT "t"."MapId", "t"."ActiveVersion", "t"."PendingVersion", "t"."State", "t"."UpdatedAt"
FROM "TaskTypeStationActiveBindingSets" AS "t"
WHERE "t"."MapId" = @__mapId_0
LIMIT 2
[21:02:55 INF] Executed DbCommand (0ms) [Parameters=[@__mapId_0='?' (DbType = Int32), @__version_1='?' (DbType = Int64)], CommandType='Text', CommandTimeout='30']
SELECT "t"."MapId", "t"."Version", "t"."CatalogRevision", "t"."ContentSha256", "t"."LoadedAt", "t"."RuleVersion", "t"."SnapshotId", "t"."Source"
FROM "TaskTypeStationBindingSetVersions" AS "t"
WHERE "t"."MapId" = @__mapId_0 AND "t"."Version" = @__version_1
LIMIT 2
[21:02:55 INF] Executed DbCommand (0ms) [Parameters=[@__mapId_0='?' (DbType = Int32), @__version_1='?' (DbType = Int64)], CommandType='Text', CommandTimeout='30']
SELECT "t"."TaskType"
FROM "TaskTypeStationRequirements" AS "t"
WHERE "t"."MapId" = @__mapId_0 AND "t"."Version" = @__version_1
[21:02:55 INF] Executed DbCommand (0ms) [Parameters=[@__mapId_0='?' (DbType = Int32), @__version_1='?' (DbType = Int64)], CommandType='Text', CommandTimeout='30']
SELECT "t"."MapId", "t"."Version", "t"."TaskType", "t"."SiteVerificationRef", "t"."StationName", "t"."StationRiotId"
FROM "TaskTypeStationBindings" AS "t"
WHERE "t"."MapId" = @__mapId_0 AND "t"."Version" = @__version_1
[21:02:55 INF] Executed DbCommand (0ms) [Parameters=[@__mapId_0='?' (DbType = Int32)], CommandType='Text', CommandTimeout='30']
SELECT "t"."MapId", "t"."ActiveVersion", "t"."PendingVersion", "t"."State", "t"."UpdatedAt"
FROM "TaskTypeStationActiveBindingSets" AS "t"
WHERE "t"."MapId" = @__mapId_0
LIMIT 2
[21:02:55 INF] Executed DbCommand (0ms) [Parameters=[@__mapId_0='?' (DbType = Int32), @__version_1='?' (DbType = Int64)], CommandType='Text', CommandTimeout='30']
SELECT "t"."MapId", "t"."Version", "t"."CatalogRevision", "t"."ContentSha256", "t"."LoadedAt", "t"."RuleVersion", "t"."SnapshotId", "t"."Source"
FROM "TaskTypeStationBindingSetVersions" AS "t"
WHERE "t"."MapId" = @__mapId_0 AND "t"."Version" = @__version_1
LIMIT 2
[21:02:55 INF] Executed DbCommand (0ms) [Parameters=[@__mapId_0='?' (DbType = Int32), @__version_1='?' (DbType = Int64)], CommandType='Text', CommandTimeout='30']
SELECT "t"."TaskType"
FROM "TaskTypeStationRequirements" AS "t"
WHERE "t"."MapId" = @__mapId_0 AND "t"."Version" = @__version_1
[21:02:55 INF] Executed DbCommand (0ms) [Parameters=[@__mapId_0='?' (DbType = Int32), @__version_1='?' (DbType = Int64)], CommandType='Text', CommandTimeout='30']
SELECT "t"."MapId", "t"."Version", "t"."TaskType", "t"."SiteVerificationRef", "t"."StationName", "t"."StationRiotId"
FROM "TaskTypeStationBindings" AS "t"
WHERE "t"."MapId" = @__mapId_0 AND "t"."Version" = @__version_1
[21:02:55 INF] Executed DbCommand (0ms) [Parameters=[@__version_0='?' (DbType = Int64)], CommandType='Text', CommandTimeout='30']
SELECT "t"."Version", "t"."ContentSha256", "t"."LoadedAt", "t"."SnapshotId", "t"."Source"
FROM "TaskTypeStationRuleVersions" AS "t"
WHERE "t"."Version" = @__version_0
LIMIT 2
[21:02:55 INF] Executed DbCommand (0ms) [Parameters=[@__version_0='?' (DbType = Int64)], CommandType='Text', CommandTimeout='30']
SELECT "t"."Version", "t"."TaskType", "t"."FixedEnd"
FROM "TaskTypeStationRules" AS "t"
WHERE "t"."Version" = @__version_0
[21:02:55 INF] Executed DbCommand (0ms) [Parameters=[], CommandType='Text', CommandTimeout='30']
SELECT "a"."Id", "a"."ContentHash", "a"."DeploymentId", "a"."ImportedAt", "a"."Version"
FROM "AdmissionPolicyState" AS "a"
WHERE "a"."Id" = 1
LIMIT 2
[21:02:55 INF] Executed DbCommand (0ms) [Parameters=[], CommandType='Text', CommandTimeout='30']
SELECT "j"."DemandId", "j"."AgvId", "j"."AgvLifecycleGeneration", "j"."BlockReasonCode", "j"."BlockReasonSince", "j"."ConsumedSafetyResultMessageId", "j"."ConsumedSublotMessageId", "j"."CreatedAt", "j"."DispatchGeneration", "j"."DispatchZone", "j"."ExpectedBasketCount", "j"."GateMovementLegId", "j"."GatePlanMessageId", "j"."GateStationId", "j"."GateStationRiotId", "j"."GateUpperId", "j"."GateVehicleBusinessMessageId", "j"."GateWorklistMessageId", "j"."LoadCommandMessageId", "j"."LoadSlotOperationAttemptId", "j"."MapId", "j"."MapIdentity", "j"."OperationSessionId", "j"."PickupMovementLegId", "j"."PickupStationId", "j"."PickupStationRiotId", "j"."PickupUpperId", "j"."PlanMessageId", "j"."PlanRevision", "j"."PreDepartureSafetyCheckId", "j"."PreDepartureSafetyCheckMessageId", "j"."RouteEvidenceId", "j"."Stage", "j"."StationDepartureWaitStartedAt", "j"."SublotRequestMessageId", "j"."TargetSlotsJson", "j"."UnloadCommandMessageId", "j"."UnloadSlotOperationAttemptId", "j"."UpdatedAt", "j"."VehicleBusinessMessageId", "j"."VehicleBusinessRevision", "j"."VehicleKey", "j"."WorklistMessageId", "j"."WorklistRevision"
FROM "JourneyRuntimes" AS "j"
WHERE "j"."Stage" <> 'Completed'
[21:02:55 INF] Executed DbCommand (0ms) [Parameters=[@__agvId_0='?' (Size = 10)], CommandType='Text', CommandTimeout='30']
SELECT "s"."AgvId", "s"."ActiveUnlockSlotsJson", "s"."CapabilityHash", "s"."CapabilityRevision", "s"."DepartureSafe", "s"."ForcedRecoveryGeneration", "s"."ManifestSha256", "s"."PendingAttemptIdsJson", "s"."PendingResultIdsJson", "s"."ProfileId", "s"."ProtocolCommit", "s"."ProtocolVersion", "s"."ProvenRecoveryCheckpoint", "s"."Readiness", "s"."ReasonCode", "s"."RecoveryReportId", "s"."ReportedForcedRecoveryGeneration", "s"."ReportedSlotConfigurationFingerprint", "s"."SafetyHash", "s"."SafetyReasonCodesJson", "s"."SafetyRevision", "s"."SafetyUnknownPresent", "s"."SessionGeneration", "s"."UnsettledSlotOperationAttemptId", "s"."UpdatedAt"
FROM "SessionRecoveries" AS "s"
WHERE "s"."AgvId" = @__agvId_0 AND "s"."Readiness" = 'Ready'
LIMIT 2
[21:02:55 INF] Executed DbCommand (0ms) [Parameters=[], CommandType='Text', CommandTimeout='30']
SELECT "p"."MessageId", "p"."AcknowledgedAt", "p"."CreatedAt", "p"."FencedAt", "p"."MessageType", "p"."PayloadJson"
FROM "ProtocolOutbox" AS "p"
WHERE "p"."AcknowledgedAt" IS NULL AND "p"."FencedAt" IS NULL
[21:02:55 INF] Executed DbCommand (0ms) [Parameters=[@__runtime_DemandId_0='?' (Size = 36)], CommandType='Text', CommandTimeout='30']
SELECT "r"."WorkflowId", "r"."AgvId", "r"."CommandContentHash", "r"."CommandMessageId", "r"."CommandMessageType", "r"."CreatedAt", "r"."DemandId", "r"."ExceptionRecoverySessionId", "r"."ForcedRecoveryGeneration", "r"."HandoffId", "r"."Outcome", "r"."RequestContentHash", "r"."RequestMessageId", "r"."ResultContentHash", "r"."ResultMessageId", "r"."SlotOperationAttemptId", "r"."SlotsJson", "r"."State", "r"."UpdatedAt", "r"."WorkflowType"
FROM "RecoveryWorkflows" AS "r"
WHERE "r"."DemandId" = @__runtime_DemandId_0 AND "r"."WorkflowType" = 'LOAD_CORRECTION'
[21:02:55 INF] Start processing HTTP request GET http://127.0.0.1:48408/api/task/v1/task/getVehicleInfo/BROKERX-L2-0001
[21:02:55 INF] Sending HTTP request GET http://127.0.0.1:48408/api/task/v1/task/getVehicleInfo/BROKERX-L2-0001
[21:02:55 INF] Received HTTP response headers after 0.4732ms - 200
[21:02:55 INF] End processing HTTP request after 1.8956ms - 200
[21:02:55 INF] Start processing HTTP request GET http://127.0.0.1:48408/api/order/v1/orderRecord?pageNum=1&pageSize=100&filterByState=1&filterByState=3&filterByState=7&filterByState=9
[21:02:55 INF] Sending HTTP request GET http://127.0.0.1:48408/api/order/v1/orderRecord?pageNum=1&pageSize=100&filterByState=1&filterByState=3&filterByState=7&filterByState=9
[21:02:55 INF] Received HTTP response headers after 0.3459ms - 200
[21:02:55 INF] End processing HTTP request after 1.03ms - 200
[21:02:55 INF] HTTP GET /api/onboard/v1/vehicle-safety responded 200 in 4.0690 ms
[21:02:56 INF] Start processing HTTP request GET http://127.0.0.1:48408/api/imap/v1/mapInfo/stations/25
[21:02:56 INF] Sending HTTP request GET http://127.0.0.1:48408/api/imap/v1/mapInfo/stations/25
[21:02:56 INF] Received HTTP response headers after 0.5158ms - 200
[21:02:56 INF] End processing HTTP request after 3.7337ms - 200
[21:02:56 INF] Executed DbCommand (0ms) [Parameters=[@__mapId_0='?' (DbType = Int32)], CommandType='Text', CommandTimeout='30']
SELECT "t"."MapId", "t"."ActiveVersion", "t"."PendingVersion", "t"."State", "t"."UpdatedAt"
FROM "TaskTypeStationActiveBindingSets" AS "t"
WHERE "t"."MapId" = @__mapId_0
LIMIT 2
[21:02:56 INF] Executed DbCommand (0ms) [Parameters=[@__mapId_0='?' (DbType = Int32), @__version_1='?' (DbType = Int64)], CommandType='Text', CommandTimeout='30']
SELECT "t"."MapId", "t"."Version", "t"."CatalogRevision", "t"."ContentSha256", "t"."LoadedAt", "t"."RuleVersion", "t"."SnapshotId", "t"."Source"
FROM "TaskTypeStationBindingSetVersions" AS "t"
WHERE "t"."MapId" = @__mapId_0 AND "t"."Version" = @__version_1
LIMIT 2
[21:02:56 INF] Executed DbCommand (0ms) [Parameters=[@__mapId_0='?' (DbType = Int32), @__version_1='?' (DbType = Int64)], CommandType='Text', CommandTimeout='30']
SELECT "t"."TaskType"
FROM "TaskTypeStationRequirements" AS "t"
WHERE "t"."MapId" = @__mapId_0 AND "t"."Version" = @__version_1
[21:02:56 INF] Executed DbCommand (0ms) [Parameters=[@__mapId_0='?' (DbType = Int32), @__version_1='?' (DbType = Int64)], CommandType='Text', CommandTimeout='30']
SELECT "t"."MapId", "t"."Version", "t"."TaskType", "t"."SiteVerificationRef", "t"."StationName", "t"."StationRiotId"
FROM "TaskTypeStationBindings" AS "t"
WHERE "t"."MapId" = @__mapId_0 AND "t"."Version" = @__version_1
[21:02:56 INF] Executed DbCommand (0ms) [Parameters=[@__version_0='?' (DbType = Int64)], CommandType='Text', CommandTimeout='30']
SELECT "t"."Version", "t"."ContentSha256", "t"."LoadedAt", "t"."SnapshotId", "t"."Source"
FROM "TaskTypeStationRuleVersions" AS "t"
WHERE "t"."Version" = @__version_0
LIMIT 2
[21:02:56 INF] Executed DbCommand (0ms) [Parameters=[@__version_0='?' (DbType = Int64)], CommandType='Text', CommandTimeout='30']
SELECT "t"."Version", "t"."TaskType", "t"."FixedEnd"
FROM "TaskTypeStationRules" AS "t"
WHERE "t"."Version" = @__version_0
[21:02:56 INF] Executed DbCommand (0ms) [Parameters=[@__mapId_0='?' (DbType = Int32)], CommandType='Text', CommandTimeout='30']
SELECT "t"."MapId", "t"."ActiveVersion", "t"."PendingVersion", "t"."State", "t"."UpdatedAt"
FROM "TaskTypeStationActiveBindingSets" AS "t"
WHERE "t"."MapId" = @__mapId_0
LIMIT 2
[21:02:56 INF] Executed DbCommand (0ms) [Parameters=[@__mapId_0='?' (DbType = Int32)], CommandType='Text', CommandTimeout='30']
SELECT "t"."HoldId", "t"."DetailJson", "t"."MapId", "t"."RaisedAt", "t"."RaisedBy", "t"."ReasonCode", "t"."ReleasedAt", "t"."ReleasedBy", "t"."Source", "t"."TaskType"
FROM "TaskTypeStationHolds" AS "t"
WHERE "t"."MapId" = @__mapId_0 AND "t"."ReleasedAt" IS NULL
[21:02:56 INF] Executed DbCommand (0ms) [Parameters=[@__mapId_0='?' (DbType = Int32)], CommandType='Text', CommandTimeout='30']
SELECT "m"."MapId", "m"."ApprovedMaxUnconfirmedSeconds", "m"."ApprovedSyncPeriodSeconds", "m"."CatalogRevision", "m"."LastAttemptAt", "m"."LastCompleteConfirmationAt", "m"."LastFailureReason", "m"."State", "m"."UpdatedAt"
FROM "MapStationCatalogStates" AS "m"
WHERE "m"."MapId" = @__mapId_0
LIMIT 2
[21:02:56 INF] Executed DbCommand (0ms) [Parameters=[@p3='?' (DbType = Int32), @p0='?' (DbType = DateTimeOffset), @p1='?' (DbType = DateTimeOffset), @p2='?' (DbType = DateTimeOffset)], CommandType='Text', CommandTimeout='30']
UPDATE "MapStationCatalogStates" SET "LastAttemptAt" = @p0, "LastCompleteConfirmationAt" = @p1, "UpdatedAt" = @p2
WHERE "MapId" = @p3
RETURNING 1;
[21:02:56 INF] Executed DbCommand (0ms) [Parameters=[@__mapId_0='?' (DbType = Int32)], CommandType='Text', CommandTimeout='30']
SELECT "t"."MapId", "t"."ActiveVersion", "t"."PendingVersion", "t"."State", "t"."UpdatedAt"
FROM "TaskTypeStationActiveBindingSets" AS "t"
WHERE "t"."MapId" = @__mapId_0
LIMIT 2
[21:02:56 INF] Executed DbCommand (0ms) [Parameters=[@__mapId_0='?' (DbType = Int32), @__version_1='?' (DbType = Int64)], CommandType='Text', CommandTimeout='30']
SELECT "t"."MapId", "t"."Version", "t"."CatalogRevision", "t"."ContentSha256", "t"."LoadedAt", "t"."RuleVersion", "t"."SnapshotId", "t"."Source"
FROM "TaskTypeStationBindingSetVersions" AS "t"
WHERE "t"."MapId" = @__mapId_0 AND "t"."Version" = @__version_1
LIMIT 2
[21:02:56 INF] Executed DbCommand (0ms) [Parameters=[@__mapId_0='?' (DbType = Int32), @__version_1='?' (DbType = Int64)], CommandType='Text', CommandTimeout='30']
SELECT "t"."TaskType"
FROM "TaskTypeStationRequirements" AS "t"
WHERE "t"."MapId" = @__mapId_0 AND "t"."Version" = @__version_1
[21:02:56 INF] Executed DbCommand (0ms) [Parameters=[@__mapId_0='?' (DbType = Int32), @__version_1='?' (DbType = Int64)], CommandType='Text', CommandTimeout='30']
SELECT "t"."MapId", "t"."Version", "t"."TaskType", "t"."SiteVerificationRef", "t"."StationName", "t"."StationRiotId"
FROM "TaskTypeStationBindings" AS "t"
WHERE "t"."MapId" = @__mapId_0 AND "t"."Version" = @__version_1
[21:02:56 INF] Executed DbCommand (0ms) [Parameters=[@__mapId_0='?' (DbType = Int32)], CommandType='Text', CommandTimeout='30']
SELECT "t"."MapId", "t"."ActiveVersion", "t"."PendingVersion", "t"."State", "t"."UpdatedAt"
FROM "TaskTypeStationActiveBindingSets" AS "t"
WHERE "t"."MapId" = @__mapId_0
LIMIT 2
[21:02:56 INF] Executed DbCommand (0ms) [Parameters=[@__mapId_0='?' (DbType = Int32), @__version_1='?' (DbType = Int64)], CommandType='Text', CommandTimeout='30']
SELECT "t"."MapId", "t"."Version", "t"."CatalogRevision", "t"."ContentSha256", "t"."LoadedAt", "t"."RuleVersion", "t"."SnapshotId", "t"."Source"
FROM "TaskTypeStationBindingSetVersions" AS "t"
WHERE "t"."MapId" = @__mapId_0 AND "t"."Version" = @__version_1
LIMIT 2
[21:02:56 INF] Executed DbCommand (0ms) [Parameters=[@__mapId_0='?' (DbType = Int32), @__version_1='?' (DbType = Int64)], CommandType='Text', CommandTimeout='30']
SELECT "t"."TaskType"
FROM "TaskTypeStationRequirements" AS "t"
WHERE "t"."MapId" = @__mapId_0 AND "t"."Version" = @__version_1
[21:02:56 INF] Executed DbCommand (0ms) [Parameters=[@__mapId_0='?' (DbType = Int32), @__version_1='?' (DbType = Int64)], CommandType='Text', CommandTimeout='30']
SELECT "t"."MapId", "t"."Version", "t"."TaskType", "t"."SiteVerificationRef", "t"."StationName", "t"."StationRiotId"
FROM "TaskTypeStationBindings" AS "t"
WHERE "t"."MapId" = @__mapId_0 AND "t"."Version" = @__version_1
[21:02:56 INF] Executed DbCommand (0ms) [Parameters=[@__version_0='?' (DbType = Int64)], CommandType='Text', CommandTimeout='30']
SELECT "t"."Version", "t"."ContentSha256", "t"."LoadedAt", "t"."SnapshotId", "t"."Source"
FROM "TaskTypeStationRuleVersions" AS "t"
WHERE "t"."Version" = @__version_0
LIMIT 2
[21:02:56 INF] Executed DbCommand (0ms) [Parameters=[@__version_0='?' (DbType = Int64)], CommandType='Text', CommandTimeout='30']
SELECT "t"."Version", "t"."TaskType", "t"."FixedEnd"
FROM "TaskTypeStationRules" AS "t"
WHERE "t"."Version" = @__version_0
[21:02:56 INF] Executed DbCommand (0ms) [Parameters=[], CommandType='Text', CommandTimeout='30']
SELECT "a"."Id", "a"."ContentHash", "a"."DeploymentId", "a"."ImportedAt", "a"."Version"
FROM "AdmissionPolicyState" AS "a"
WHERE "a"."Id" = 1
LIMIT 2
[21:02:56 INF] Executed DbCommand (0ms) [Parameters=[], CommandType='Text', CommandTimeout='30']
SELECT "j"."DemandId", "j"."AgvId", "j"."AgvLifecycleGeneration", "j"."BlockReasonCode", "j"."BlockReasonSince", "j"."ConsumedSafetyResultMessageId", "j"."ConsumedSublotMessageId", "j"."CreatedAt", "j"."DispatchGeneration", "j"."DispatchZone", "j"."ExpectedBasketCount", "j"."GateMovementLegId", "j"."GatePlanMessageId", "j"."GateStationId", "j"."GateStationRiotId", "j"."GateUpperId", "j"."GateVehicleBusinessMessageId", "j"."GateWorklistMessageId", "j"."LoadCommandMessageId", "j"."LoadSlotOperationAttemptId", "j"."MapId", "j"."MapIdentity", "j"."OperationSessionId", "j"."PickupMovementLegId", "j"."PickupStationId", "j"."PickupStationRiotId", "j"."PickupUpperId", "j"."PlanMessageId", "j"."PlanRevision", "j"."PreDepartureSafetyCheckId", "j"."PreDepartureSafetyCheckMessageId", "j"."RouteEvidenceId", "j"."Stage", "j"."StationDepartureWaitStartedAt", "j"."SublotRequestMessageId", "j"."TargetSlotsJson", "j"."UnloadCommandMessageId", "j"."UnloadSlotOperationAttemptId", "j"."UpdatedAt", "j"."VehicleBusinessMessageId", "j"."VehicleBusinessRevision", "j"."VehicleKey", "j"."WorklistMessageId", "j"."WorklistRevision"
FROM "JourneyRuntimes" AS "j"
WHERE "j"."Stage" <> 'Completed'
[21:02:56 INF] Executed DbCommand (0ms) [Parameters=[@__agvId_0='?' (Size = 10)], CommandType='Text', CommandTimeout='30']
SELECT "s"."AgvId", "s"."ActiveUnlockSlotsJson", "s"."CapabilityHash", "s"."CapabilityRevision", "s"."DepartureSafe", "s"."ForcedRecoveryGeneration", "s"."ManifestSha256", "s"."PendingAttemptIdsJson", "s"."PendingResultIdsJson", "s"."ProfileId", "s"."ProtocolCommit", "s"."ProtocolVersion", "s"."ProvenRecoveryCheckpoint", "s"."Readiness", "s"."ReasonCode", "s"."RecoveryReportId", "s"."ReportedForcedRecoveryGeneration", "s"."ReportedSlotConfigurationFingerprint", "s"."SafetyHash", "s"."SafetyReasonCodesJson", "s"."SafetyRevision", "s"."SafetyUnknownPresent", "s"."SessionGeneration", "s"."UnsettledSlotOperationAttemptId", "s"."UpdatedAt"
FROM "SessionRecoveries" AS "s"
WHERE "s"."AgvId" = @__agvId_0 AND "s"."Readiness" = 'Ready'
LIMIT 2
[21:02:56 INF] Executed DbCommand (0ms) [Parameters=[], CommandType='Text', CommandTimeout='30']
SELECT "p"."MessageId", "p"."AcknowledgedAt", "p"."CreatedAt", "p"."FencedAt", "p"."MessageType", "p"."PayloadJson"
FROM "ProtocolOutbox" AS "p"
WHERE "p"."AcknowledgedAt" IS NULL AND "p"."FencedAt" IS NULL
[21:02:56 INF] Executed DbCommand (0ms) [Parameters=[@__runtime_DemandId_0='?' (Size = 36)], CommandType='Text', CommandTimeout='30']
SELECT "r"."WorkflowId", "r"."AgvId", "r"."CommandContentHash", "r"."CommandMessageId", "r"."CommandMessageType", "r"."CreatedAt", "r"."DemandId", "r"."ExceptionRecoverySessionId", "r"."ForcedRecoveryGeneration", "r"."HandoffId", "r"."Outcome", "r"."RequestContentHash", "r"."RequestMessageId", "r"."ResultContentHash", "r"."ResultMessageId", "r"."SlotOperationAttemptId", "r"."SlotsJson", "r"."State", "r"."UpdatedAt", "r"."WorkflowType"
FROM "RecoveryWorkflows" AS "r"
WHERE "r"."DemandId" = @__runtime_DemandId_0 AND "r"."WorkflowType" = 'LOAD_CORRECTION'
[21:02:56 INF] Executed DbCommand (0ms) [Parameters=[@__messageId_0='?' (Size = 36)], CommandType='Text', CommandTimeout='30']
SELECT "p"."MessageId", "p"."ContentHash", "p"."FirstResponseJson", "p"."MessageType", "p"."ReceivedAt", "p"."RequestJson"
FROM "ProtocolInbox" AS "p"
WHERE "p"."MessageId" = @__messageId_0
LIMIT 2
[21:02:56 INF] Executed DbCommand (0ms) [Parameters=[@p0='?' (Size = 36), @p1='?' (Size = 64), @p2='?' (Size = 536), @p3='?' (Size = 9), @p4='?' (DbType = DateTimeOffset), @p5='?' (Size = 427)], CommandType='Text', CommandTimeout='30']
INSERT INTO "ProtocolInbox" ("MessageId", "ContentHash", "FirstResponseJson", "MessageType", "ReceivedAt", "RequestJson")
VALUES (@p0, @p1, @p2, @p3, @p4, @p5);
[21:02:56 INF] Start processing HTTP request GET http://127.0.0.1:48408/api/task/v1/task/getVehicleInfo/BROKERX-L2-0001
[21:02:56 INF] Sending HTTP request GET http://127.0.0.1:48408/api/task/v1/task/getVehicleInfo/BROKERX-L2-0001
[21:02:56 INF] Received HTTP response headers after 0.5044ms - 200
[21:02:56 INF] End processing HTTP request after 3.8673ms - 200
[21:02:56 INF] Start processing HTTP request GET http://127.0.0.1:48408/api/order/v1/orderRecord?pageNum=1&pageSize=100&filterByState=1&filterByState=3&filterByState=7&filterByState=9
[21:02:56 INF] Sending HTTP request GET http://127.0.0.1:48408/api/order/v1/orderRecord?pageNum=1&pageSize=100&filterByState=1&filterByState=3&filterByState=7&filterByState=9
[21:02:56 INF] Received HTTP response headers after 0.3479ms - 200
[21:02:56 INF] End processing HTTP request after 0.9758ms - 200
[21:02:56 INF] HTTP GET /api/onboard/v1/vehicle-safety responded 200 in 5.9211 ms
[21:02:57 INF] Start processing HTTP request GET http://127.0.0.1:48408/api/imap/v1/mapInfo/stations/25
[21:02:57 INF] Sending HTTP request GET http://127.0.0.1:48408/api/imap/v1/mapInfo/stations/25
[21:02:57 INF] Received HTTP response headers after 0.4783ms - 200
[21:02:57 INF] End processing HTTP request after 1.6432ms - 200
[21:02:57 INF] Executed DbCommand (0ms) [Parameters=[@__mapId_0='?' (DbType = Int32)], CommandType='Text', CommandTimeout='30']
SELECT "t"."MapId", "t"."ActiveVersion", "t"."PendingVersion", "t"."State", "t"."UpdatedAt"
FROM "TaskTypeStationActiveBindingSets" AS "t"
WHERE "t"."MapId" = @__mapId_0
LIMIT 2
[21:02:57 INF] Executed DbCommand (0ms) [Parameters=[@__mapId_0='?' (DbType = Int32), @__version_1='?' (DbType = Int64)], CommandType='Text', CommandTimeout='30']
SELECT "t"."MapId", "t"."Version", "t"."CatalogRevision", "t"."ContentSha256", "t"."LoadedAt", "t"."RuleVersion", "t"."SnapshotId", "t"."Source"
FROM "TaskTypeStationBindingSetVersions" AS "t"
WHERE "t"."MapId" = @__mapId_0 AND "t"."Version" = @__version_1
LIMIT 2
[21:02:57 INF] Executed DbCommand (0ms) [Parameters=[@__mapId_0='?' (DbType = Int32), @__version_1='?' (DbType = Int64)], CommandType='Text', CommandTimeout='30']
SELECT "t"."TaskType"
FROM "TaskTypeStationRequirements" AS "t"
WHERE "t"."MapId" = @__mapId_0 AND "t"."Version" = @__version_1
[21:02:57 INF] Executed DbCommand (0ms) [Parameters=[@__mapId_0='?' (DbType = Int32), @__version_1='?' (DbType = Int64)], CommandType='Text', CommandTimeout='30']
SELECT "t"."MapId", "t"."Version", "t"."TaskType", "t"."SiteVerificationRef", "t"."StationName", "t"."StationRiotId"
FROM "TaskTypeStationBindings" AS "t"
WHERE "t"."MapId" = @__mapId_0 AND "t"."Version" = @__version_1
[21:02:57 INF] Executed DbCommand (0ms) [Parameters=[@__version_0='?' (DbType = Int64)], CommandType='Text', CommandTimeout='30']
SELECT "t"."Version", "t"."ContentSha256", "t"."LoadedAt", "t"."SnapshotId", "t"."Source"
FROM "TaskTypeStationRuleVersions" AS "t"
WHERE "t"."Version" = @__version_0
LIMIT 2
[21:02:57 INF] Executed DbCommand (0ms) [Parameters=[@__version_0='?' (DbType = Int64)], CommandType='Text', CommandTimeout='30']
SELECT "t"."Version", "t"."TaskType", "t"."FixedEnd"
FROM "TaskTypeStationRules" AS "t"
WHERE "t"."Version" = @__version_0
[21:02:57 INF] Executed DbCommand (0ms) [Parameters=[@__mapId_0='?' (DbType = Int32)], CommandType='Text', CommandTimeout='30']
SELECT "t"."MapId", "t"."ActiveVersion", "t"."PendingVersion", "t"."State", "t"."UpdatedAt"
FROM "TaskTypeStationActiveBindingSets" AS "t"
WHERE "t"."MapId" = @__mapId_0
LIMIT 2
[21:02:57 INF] Executed DbCommand (0ms) [Parameters=[@__mapId_0='?' (DbType = Int32)], CommandType='Text', CommandTimeout='30']
SELECT "t"."HoldId", "t"."DetailJson", "t"."MapId", "t"."RaisedAt", "t"."RaisedBy", "t"."ReasonCode", "t"."ReleasedAt", "t"."ReleasedBy", "t"."Source", "t"."TaskType"
FROM "TaskTypeStationHolds" AS "t"
WHERE "t"."MapId" = @__mapId_0 AND "t"."ReleasedAt" IS NULL
[21:02:57 INF] Executed DbCommand (0ms) [Parameters=[@__mapId_0='?' (DbType = Int32)], CommandType='Text', CommandTimeout='30']
SELECT "m"."MapId", "m"."ApprovedMaxUnconfirmedSeconds", "m"."ApprovedSyncPeriodSeconds", "m"."CatalogRevision", "m"."LastAttemptAt", "m"."LastCompleteConfirmationAt", "m"."LastFailureReason", "m"."State", "m"."UpdatedAt"
FROM "MapStationCatalogStates" AS "m"
WHERE "m"."MapId" = @__mapId_0
LIMIT 2
[21:02:57 INF] Executed DbCommand (0ms) [Parameters=[@p3='?' (DbType = Int32), @p0='?' (DbType = DateTimeOffset), @p1='?' (DbType = DateTimeOffset), @p2='?' (DbType = DateTimeOffset)], CommandType='Text', CommandTimeout='30']
UPDATE "MapStationCatalogStates" SET "LastAttemptAt" = @p0, "LastCompleteConfirmationAt" = @p1, "UpdatedAt" = @p2
WHERE "MapId" = @p3
RETURNING 1;
[21:02:57 INF] Executed DbCommand (0ms) [Parameters=[@__mapId_0='?' (DbType = Int32)], CommandType='Text', CommandTimeout='30']
SELECT "t"."MapId", "t"."ActiveVersion", "t"."PendingVersion", "t"."State", "t"."UpdatedAt"
FROM "TaskTypeStationActiveBindingSets" AS "t"
WHERE "t"."MapId" = @__mapId_0
LIMIT 2
[21:02:57 INF] Executed DbCommand (0ms) [Parameters=[@__mapId_0='?' (DbType = Int32), @__version_1='?' (DbType = Int64)], CommandType='Text', CommandTimeout='30']
SELECT "t"."MapId", "t"."Version", "t"."CatalogRevision", "t"."ContentSha256", "t"."LoadedAt", "t"."RuleVersion", "t"."SnapshotId", "t"."Source"
FROM "TaskTypeStationBindingSetVersions" AS "t"
WHERE "t"."MapId" = @__mapId_0 AND "t"."Version" = @__version_1
LIMIT 2
[21:02:57 INF] Executed DbCommand (0ms) [Parameters=[@__mapId_0='?' (DbType = Int32), @__version_1='?' (DbType = Int64)], CommandType='Text', CommandTimeout='30']
SELECT "t"."TaskType"
FROM "TaskTypeStationRequirements" AS "t"
WHERE "t"."MapId" = @__mapId_0 AND "t"."Version" = @__version_1
[21:02:57 INF] Executed DbCommand (0ms) [Parameters=[@__mapId_0='?' (DbType = Int32), @__version_1='?' (DbType = Int64)], CommandType='Text', CommandTimeout='30']
SELECT "t"."MapId", "t"."Version", "t"."TaskType", "t"."SiteVerificationRef", "t"."StationName", "t"."StationRiotId"
FROM "TaskTypeStationBindings" AS "t"
WHERE "t"."MapId" = @__mapId_0 AND "t"."Version" = @__version_1
[21:02:57 INF] Executed DbCommand (0ms) [Parameters=[@__mapId_0='?' (DbType = Int32)], CommandType='Text', CommandTimeout='30']
SELECT "t"."MapId", "t"."ActiveVersion", "t"."PendingVersion", "t"."State", "t"."UpdatedAt"
FROM "TaskTypeStationActiveBindingSets" AS "t"
WHERE "t"."MapId" = @__mapId_0
LIMIT 2
[21:02:57 INF] Executed DbCommand (0ms) [Parameters=[@__mapId_0='?' (DbType = Int32), @__version_1='?' (DbType = Int64)], CommandType='Text', CommandTimeout='30']
SELECT "t"."MapId", "t"."Version", "t"."CatalogRevision", "t"."ContentSha256", "t"."LoadedAt", "t"."RuleVersion", "t"."SnapshotId", "t"."Source"
FROM "TaskTypeStationBindingSetVersions" AS "t"
WHERE "t"."MapId" = @__mapId_0 AND "t"."Version" = @__version_1
LIMIT 2
[21:02:57 INF] Executed DbCommand (0ms) [Parameters=[@__mapId_0='?' (DbType = Int32), @__version_1='?' (DbType = Int64)], CommandType='Text', CommandTimeout='30']
SELECT "t"."TaskType"
FROM "TaskTypeStationRequirements" AS "t"
WHERE "t"."MapId" = @__mapId_0 AND "t"."Version" = @__version_1
[21:02:57 INF] Executed DbCommand (0ms) [Parameters=[@__mapId_0='?' (DbType = Int32), @__version_1='?' (DbType = Int64)], CommandType='Text', CommandTimeout='30']
SELECT "t"."MapId", "t"."Version", "t"."TaskType", "t"."SiteVerificationRef", "t"."StationName", "t"."StationRiotId"
FROM "TaskTypeStationBindings" AS "t"
WHERE "t"."MapId" = @__mapId_0 AND "t"."Version" = @__version_1
[21:02:57 INF] Executed DbCommand (0ms) [Parameters=[@__version_0='?' (DbType = Int64)], CommandType='Text', CommandTimeout='30']
SELECT "t"."Version", "t"."ContentSha256", "t"."LoadedAt", "t"."SnapshotId", "t"."Source"
FROM "TaskTypeStationRuleVersions" AS "t"
WHERE "t"."Version" = @__version_0
LIMIT 2
[21:02:57 INF] Executed DbCommand (0ms) [Parameters=[@__version_0='?' (DbType = Int64)], CommandType='Text', CommandTimeout='30']
SELECT "t"."Version", "t"."TaskType", "t"."FixedEnd"
FROM "TaskTypeStationRules" AS "t"
WHERE "t"."Version" = @__version_0
[21:02:57 INF] Executed DbCommand (0ms) [Parameters=[], CommandType='Text', CommandTimeout='30']
SELECT "a"."Id", "a"."ContentHash", "a"."DeploymentId", "a"."ImportedAt", "a"."Version"
FROM "AdmissionPolicyState" AS "a"
WHERE "a"."Id" = 1
LIMIT 2
[21:02:57 INF] Executed DbCommand (0ms) [Parameters=[], CommandType='Text', CommandTimeout='30']
SELECT "j"."DemandId", "j"."AgvId", "j"."AgvLifecycleGeneration", "j"."BlockReasonCode", "j"."BlockReasonSince", "j"."ConsumedSafetyResultMessageId", "j"."ConsumedSublotMessageId", "j"."CreatedAt", "j"."DispatchGeneration", "j"."DispatchZone", "j"."ExpectedBasketCount", "j"."GateMovementLegId", "j"."GatePlanMessageId", "j"."GateStationId", "j"."GateStationRiotId", "j"."GateUpperId", "j"."GateVehicleBusinessMessageId", "j"."GateWorklistMessageId", "j"."LoadCommandMessageId", "j"."LoadSlotOperationAttemptId", "j"."MapId", "j"."MapIdentity", "j"."OperationSessionId", "j"."PickupMovementLegId", "j"."PickupStationId", "j"."PickupStationRiotId", "j"."PickupUpperId", "j"."PlanMessageId", "j"."PlanRevision", "j"."PreDepartureSafetyCheckId", "j"."PreDepartureSafetyCheckMessageId", "j"."RouteEvidenceId", "j"."Stage", "j"."StationDepartureWaitStartedAt", "j"."SublotRequestMessageId", "j"."TargetSlotsJson", "j"."UnloadCommandMessageId", "j"."UnloadSlotOperationAttemptId", "j"."UpdatedAt", "j"."VehicleBusinessMessageId", "j"."VehicleBusinessRevision", "j"."VehicleKey", "j"."WorklistMessageId", "j"."WorklistRevision"
FROM "JourneyRuntimes" AS "j"
WHERE "j"."Stage" <> 'Completed'
[21:02:57 INF] Executed DbCommand (0ms) [Parameters=[@__agvId_0='?' (Size = 10)], CommandType='Text', CommandTimeout='30']
SELECT "s"."AgvId", "s"."ActiveUnlockSlotsJson", "s"."CapabilityHash", "s"."CapabilityRevision", "s"."DepartureSafe", "s"."ForcedRecoveryGeneration", "s"."ManifestSha256", "s"."PendingAttemptIdsJson", "s"."PendingResultIdsJson", "s"."ProfileId", "s"."ProtocolCommit", "s"."ProtocolVersion", "s"."ProvenRecoveryCheckpoint", "s"."Readiness", "s"."ReasonCode", "s"."RecoveryReportId", "s"."ReportedForcedRecoveryGeneration", "s"."ReportedSlotConfigurationFingerprint", "s"."SafetyHash", "s"."SafetyReasonCodesJson", "s"."SafetyRevision", "s"."SafetyUnknownPresent", "s"."SessionGeneration", "s"."UnsettledSlotOperationAttemptId", "s"."UpdatedAt"
FROM "SessionRecoveries" AS "s"
WHERE "s"."AgvId" = @__agvId_0 AND "s"."Readiness" = 'Ready'
LIMIT 2
[21:02:57 INF] Executed DbCommand (0ms) [Parameters=[], CommandType='Text', CommandTimeout='30']
SELECT "p"."MessageId", "p"."AcknowledgedAt", "p"."CreatedAt", "p"."FencedAt", "p"."MessageType", "p"."PayloadJson"
FROM "ProtocolOutbox" AS "p"
WHERE "p"."AcknowledgedAt" IS NULL AND "p"."FencedAt" IS NULL
[21:02:57 INF] Executed DbCommand (0ms) [Parameters=[@__runtime_DemandId_0='?' (Size = 36)], CommandType='Text', CommandTimeout='30']
SELECT "r"."WorkflowId", "r"."AgvId", "r"."CommandContentHash", "r"."CommandMessageId", "r"."CommandMessageType", "r"."CreatedAt", "r"."DemandId", "r"."ExceptionRecoverySessionId", "r"."ForcedRecoveryGeneration", "r"."HandoffId", "r"."Outcome", "r"."RequestContentHash", "r"."RequestMessageId", "r"."ResultContentHash", "r"."ResultMessageId", "r"."SlotOperationAttemptId", "r"."SlotsJson", "r"."State", "r"."UpdatedAt", "r"."WorkflowType"
FROM "RecoveryWorkflows" AS "r"
WHERE "r"."DemandId" = @__runtime_DemandId_0 AND "r"."WorkflowType" = 'LOAD_CORRECTION'
[21:02:57 INF] Start processing HTTP request GET http://127.0.0.1:48408/api/task/v1/task/getVehicleInfo/BROKERX-L2-0001
[21:02:57 INF] Sending HTTP request GET http://127.0.0.1:48408/api/task/v1/task/getVehicleInfo/BROKERX-L2-0001
[21:02:57 INF] Received HTTP response headers after 0.4221ms - 200
[21:02:57 INF] End processing HTTP request after 3.7055ms - 200
[21:02:57 INF] Start processing HTTP request GET http://127.0.0.1:48408/api/order/v1/orderRecord?pageNum=1&pageSize=100&filterByState=1&filterByState=3&filterByState=7&filterByState=9
[21:02:57 INF] Sending HTTP request GET http://127.0.0.1:48408/api/order/v1/orderRecord?pageNum=1&pageSize=100&filterByState=1&filterByState=3&filterByState=7&filterByState=9
[21:02:57 INF] Received HTTP response headers after 0.3204ms - 200
[21:02:57 INF] End processing HTTP request after 1.0035ms - 200
[21:02:57 INF] HTTP GET /api/onboard/v1/vehicle-safety responded 200 in 5.8531 ms
[21:02:58 INF] Start processing HTTP request GET http://127.0.0.1:48408/api/imap/v1/mapInfo/stations/25
[21:02:58 INF] Sending HTTP request GET http://127.0.0.1:48408/api/imap/v1/mapInfo/stations/25
[21:02:58 INF] Received HTTP response headers after 0.5272ms - 200
[21:02:58 INF] End processing HTTP request after 1.8828ms - 200
[21:02:58 INF] Executed DbCommand (0ms) [Parameters=[@__mapId_0='?' (DbType = Int32)], CommandType='Text', CommandTimeout='30']
SELECT "t"."MapId", "t"."ActiveVersion", "t"."PendingVersion", "t"."State", "t"."UpdatedAt"
FROM "TaskTypeStationActiveBindingSets" AS "t"
WHERE "t"."MapId" = @__mapId_0
LIMIT 2
[21:02:58 INF] Executed DbCommand (0ms) [Parameters=[@__mapId_0='?' (DbType = Int32), @__version_1='?' (DbType = Int64)], CommandType='Text', CommandTimeout='30']
SELECT "t"."MapId", "t"."Version", "t"."CatalogRevision", "t"."ContentSha256", "t"."LoadedAt", "t"."RuleVersion", "t"."SnapshotId", "t"."Source"
FROM "TaskTypeStationBindingSetVersions" AS "t"
WHERE "t"."MapId" = @__mapId_0 AND "t"."Version" = @__version_1
LIMIT 2
[21:02:58 INF] Executed DbCommand (0ms) [Parameters=[@__mapId_0='?' (DbType = Int32), @__version_1='?' (DbType = Int64)], CommandType='Text', CommandTimeout='30']
SELECT "t"."TaskType"
FROM "TaskTypeStationRequirements" AS "t"
WHERE "t"."MapId" = @__mapId_0 AND "t"."Version" = @__version_1
[21:02:58 INF] Executed DbCommand (0ms) [Parameters=[@__mapId_0='?' (DbType = Int32), @__version_1='?' (DbType = Int64)], CommandType='Text', CommandTimeout='30']
SELECT "t"."MapId", "t"."Version", "t"."TaskType", "t"."SiteVerificationRef", "t"."StationName", "t"."StationRiotId"
FROM "TaskTypeStationBindings" AS "t"
WHERE "t"."MapId" = @__mapId_0 AND "t"."Version" = @__version_1
[21:02:58 INF] Executed DbCommand (0ms) [Parameters=[@__version_0='?' (DbType = Int64)], CommandType='Text', CommandTimeout='30']
SELECT "t"."Version", "t"."ContentSha256", "t"."LoadedAt", "t"."SnapshotId", "t"."Source"
FROM "TaskTypeStationRuleVersions" AS "t"
WHERE "t"."Version" = @__version_0
LIMIT 2
[21:02:58 INF] Executed DbCommand (0ms) [Parameters=[@__version_0='?' (DbType = Int64)], CommandType='Text', CommandTimeout='30']
SELECT "t"."Version", "t"."TaskType", "t"."FixedEnd"
FROM "TaskTypeStationRules" AS "t"
WHERE "t"."Version" = @__version_0
[21:02:58 INF] Executed DbCommand (0ms) [Parameters=[@__mapId_0='?' (DbType = Int32)], CommandType='Text', CommandTimeout='30']
SELECT "t"."MapId", "t"."ActiveVersion", "t"."PendingVersion", "t"."State", "t"."UpdatedAt"
FROM "TaskTypeStationActiveBindingSets" AS "t"
WHERE "t"."MapId" = @__mapId_0
LIMIT 2
[21:02:58 INF] Executed DbCommand (0ms) [Parameters=[@__mapId_0='?' (DbType = Int32)], CommandType='Text', CommandTimeout='30']
SELECT "t"."HoldId", "t"."DetailJson", "t"."MapId", "t"."RaisedAt", "t"."RaisedBy", "t"."ReasonCode", "t"."ReleasedAt", "t"."ReleasedBy", "t"."Source", "t"."TaskType"
FROM "TaskTypeStationHolds" AS "t"
WHERE "t"."MapId" = @__mapId_0 AND "t"."ReleasedAt" IS NULL
[21:02:58 INF] Executed DbCommand (0ms) [Parameters=[@__mapId_0='?' (DbType = Int32)], CommandType='Text', CommandTimeout='30']
SELECT "m"."MapId", "m"."ApprovedMaxUnconfirmedSeconds", "m"."ApprovedSyncPeriodSeconds", "m"."CatalogRevision", "m"."LastAttemptAt", "m"."LastCompleteConfirmationAt", "m"."LastFailureReason", "m"."State", "m"."UpdatedAt"
FROM "MapStationCatalogStates" AS "m"
WHERE "m"."MapId" = @__mapId_0
LIMIT 2
[21:02:58 INF] Executed DbCommand (0ms) [Parameters=[@p3='?' (DbType = Int32), @p0='?' (DbType = DateTimeOffset), @p1='?' (DbType = DateTimeOffset), @p2='?' (DbType = DateTimeOffset)], CommandType='Text', CommandTimeout='30']
UPDATE "MapStationCatalogStates" SET "LastAttemptAt" = @p0, "LastCompleteConfirmationAt" = @p1, "UpdatedAt" = @p2
WHERE "MapId" = @p3
RETURNING 1;
[21:02:58 INF] Executed DbCommand (0ms) [Parameters=[@__mapId_0='?' (DbType = Int32)], CommandType='Text', CommandTimeout='30']
SELECT "t"."MapId", "t"."ActiveVersion", "t"."PendingVersion", "t"."State", "t"."UpdatedAt"
FROM "TaskTypeStationActiveBindingSets" AS "t"
WHERE "t"."MapId" = @__mapId_0
LIMIT 2
[21:02:58 INF] Executed DbCommand (0ms) [Parameters=[@__mapId_0='?' (DbType = Int32), @__version_1='?' (DbType = Int64)], CommandType='Text', CommandTimeout='30']
SELECT "t"."MapId", "t"."Version", "t"."CatalogRevision", "t"."ContentSha256", "t"."LoadedAt", "t"."RuleVersion", "t"."SnapshotId", "t"."Source"
FROM "TaskTypeStationBindingSetVersions" AS "t"
WHERE "t"."MapId" = @__mapId_0 AND "t"."Version" = @__version_1
LIMIT 2
[21:02:58 INF] Executed DbCommand (0ms) [Parameters=[@__mapId_0='?' (DbType = Int32), @__version_1='?' (DbType = Int64)], CommandType='Text', CommandTimeout='30']
SELECT "t"."TaskType"
FROM "TaskTypeStationRequirements" AS "t"
WHERE "t"."MapId" = @__mapId_0 AND "t"."Version" = @__version_1
[21:02:58 INF] Executed DbCommand (0ms) [Parameters=[@__mapId_0='?' (DbType = Int32), @__version_1='?' (DbType = Int64)], CommandType='Text', CommandTimeout='30']
SELECT "t"."MapId", "t"."Version", "t"."TaskType", "t"."SiteVerificationRef", "t"."StationName", "t"."StationRiotId"
FROM "TaskTypeStationBindings" AS "t"
WHERE "t"."MapId" = @__mapId_0 AND "t"."Version" = @__version_1
[21:02:58 INF] Executed DbCommand (0ms) [Parameters=[@__mapId_0='?' (DbType = Int32)], CommandType='Text', CommandTimeout='30']
SELECT "t"."MapId", "t"."ActiveVersion", "t"."PendingVersion", "t"."State", "t"."UpdatedAt"
FROM "TaskTypeStationActiveBindingSets" AS "t"
WHERE "t"."MapId" = @__mapId_0
LIMIT 2
[21:02:58 INF] Executed DbCommand (0ms) [Parameters=[@__mapId_0='?' (DbType = Int32), @__version_1='?' (DbType = Int64)], CommandType='Text', CommandTimeout='30']
SELECT "t"."MapId", "t"."Version", "t"."CatalogRevision", "t"."ContentSha256", "t"."LoadedAt", "t"."RuleVersion", "t"."SnapshotId", "t"."Source"
FROM "TaskTypeStationBindingSetVersions" AS "t"
WHERE "t"."MapId" = @__mapId_0 AND "t"."Version" = @__version_1
LIMIT 2
[21:02:58 INF] Executed DbCommand (0ms) [Parameters=[@__mapId_0='?' (DbType = Int32), @__version_1='?' (DbType = Int64)], CommandType='Text', CommandTimeout='30']
SELECT "t"."TaskType"
FROM "TaskTypeStationRequirements" AS "t"
WHERE "t"."MapId" = @__mapId_0 AND "t"."Version" = @__version_1
[21:02:58 INF] Executed DbCommand (0ms) [Parameters=[@__mapId_0='?' (DbType = Int32), @__version_1='?' (DbType = Int64)], CommandType='Text', CommandTimeout='30']
SELECT "t"."MapId", "t"."Version", "t"."TaskType", "t"."SiteVerificationRef", "t"."StationName", "t"."StationRiotId"
FROM "TaskTypeStationBindings" AS "t"
WHERE "t"."MapId" = @__mapId_0 AND "t"."Version" = @__version_1
[21:02:58 INF] Executed DbCommand (0ms) [Parameters=[@__version_0='?' (DbType = Int64)], CommandType='Text', CommandTimeout='30']
SELECT "t"."Version", "t"."ContentSha256", "t"."LoadedAt", "t"."SnapshotId", "t"."Source"
FROM "TaskTypeStationRuleVersions" AS "t"
WHERE "t"."Version" = @__version_0
LIMIT 2
[21:02:58 INF] Executed DbCommand (0ms) [Parameters=[@__version_0='?' (DbType = Int64)], CommandType='Text', CommandTimeout='30']
SELECT "t"."Version", "t"."TaskType", "t"."FixedEnd"
FROM "TaskTypeStationRules" AS "t"
WHERE "t"."Version" = @__version_0
[21:02:58 INF] Executed DbCommand (0ms) [Parameters=[], CommandType='Text', CommandTimeout='30']
SELECT "a"."Id", "a"."ContentHash", "a"."DeploymentId", "a"."ImportedAt", "a"."Version"
FROM "AdmissionPolicyState" AS "a"
WHERE "a"."Id" = 1
LIMIT 2
[21:02:58 INF] Executed DbCommand (0ms) [Parameters=[], CommandType='Text', CommandTimeout='30']
SELECT "j"."DemandId", "j"."AgvId", "j"."AgvLifecycleGeneration", "j"."BlockReasonCode", "j"."BlockReasonSince", "j"."ConsumedSafetyResultMessageId", "j"."ConsumedSublotMessageId", "j"."CreatedAt", "j"."DispatchGeneration", "j"."DispatchZone", "j"."ExpectedBasketCount", "j"."GateMovementLegId", "j"."GatePlanMessageId", "j"."GateStationId", "j"."GateStationRiotId", "j"."GateUpperId", "j"."GateVehicleBusinessMessageId", "j"."GateWorklistMessageId", "j"."LoadCommandMessageId", "j"."LoadSlotOperationAttemptId", "j"."MapId", "j"."MapIdentity", "j"."OperationSessionId", "j"."PickupMovementLegId", "j"."PickupStationId", "j"."PickupStationRiotId", "j"."PickupUpperId", "j"."PlanMessageId", "j"."PlanRevision", "j"."PreDepartureSafetyCheckId", "j"."PreDepartureSafetyCheckMessageId", "j"."RouteEvidenceId", "j"."Stage", "j"."StationDepartureWaitStartedAt", "j"."SublotRequestMessageId", "j"."TargetSlotsJson", "j"."UnloadCommandMessageId", "j"."UnloadSlotOperationAttemptId", "j"."UpdatedAt", "j"."VehicleBusinessMessageId", "j"."VehicleBusinessRevision", "j"."VehicleKey", "j"."WorklistMessageId", "j"."WorklistRevision"
FROM "JourneyRuntimes" AS "j"
WHERE "j"."Stage" <> 'Completed'
[21:02:58 INF] Executed DbCommand (0ms) [Parameters=[@__agvId_0='?' (Size = 10)], CommandType='Text', CommandTimeout='30']
SELECT "s"."AgvId", "s"."ActiveUnlockSlotsJson", "s"."CapabilityHash", "s"."CapabilityRevision", "s"."DepartureSafe", "s"."ForcedRecoveryGeneration", "s"."ManifestSha256", "s"."PendingAttemptIdsJson", "s"."PendingResultIdsJson", "s"."ProfileId", "s"."ProtocolCommit", "s"."ProtocolVersion", "s"."ProvenRecoveryCheckpoint", "s"."Readiness", "s"."ReasonCode", "s"."RecoveryReportId", "s"."ReportedForcedRecoveryGeneration", "s"."ReportedSlotConfigurationFingerprint", "s"."SafetyHash", "s"."SafetyReasonCodesJson", "s"."SafetyRevision", "s"."SafetyUnknownPresent", "s"."SessionGeneration", "s"."UnsettledSlotOperationAttemptId", "s"."UpdatedAt"
FROM "SessionRecoveries" AS "s"
WHERE "s"."AgvId" = @__agvId_0 AND "s"."Readiness" = 'Ready'
LIMIT 2
[21:02:58 INF] Executed DbCommand (0ms) [Parameters=[], CommandType='Text', CommandTimeout='30']
SELECT "p"."MessageId", "p"."AcknowledgedAt", "p"."CreatedAt", "p"."FencedAt", "p"."MessageType", "p"."PayloadJson"
FROM "ProtocolOutbox" AS "p"
WHERE "p"."AcknowledgedAt" IS NULL AND "p"."FencedAt" IS NULL
[21:02:58 INF] Executed DbCommand (0ms) [Parameters=[@__runtime_DemandId_0='?' (Size = 36)], CommandType='Text', CommandTimeout='30']
SELECT "r"."WorkflowId", "r"."AgvId", "r"."CommandContentHash", "r"."CommandMessageId", "r"."CommandMessageType", "r"."CreatedAt", "r"."DemandId", "r"."ExceptionRecoverySessionId", "r"."ForcedRecoveryGeneration", "r"."HandoffId", "r"."Outcome", "r"."RequestContentHash", "r"."RequestMessageId", "r"."ResultContentHash", "r"."ResultMessageId", "r"."SlotOperationAttemptId", "r"."SlotsJson", "r"."State", "r"."UpdatedAt", "r"."WorkflowType"
FROM "RecoveryWorkflows" AS "r"
WHERE "r"."DemandId" = @__runtime_DemandId_0 AND "r"."WorkflowType" = 'LOAD_CORRECTION'
[21:02:58 INF] Executed DbCommand (0ms) [Parameters=[@__messageId_0='?' (Size = 36)], CommandType='Text', CommandTimeout='30']
SELECT "p"."MessageId", "p"."AcknowledgedAt", "p"."CreatedAt", "p"."FencedAt", "p"."MessageType", "p"."PayloadJson"
FROM "ProtocolOutbox" AS "p"
WHERE "p"."MessageId" = @__messageId_0
LIMIT 2
[21:02:58 INF] Executed DbCommand (0ms) [Parameters=[@__messageId_0='?' (Size = 36)], CommandType='Text', CommandTimeout='30']
SELECT "p"."MessageId", "p"."AcknowledgedAt", "p"."CreatedAt", "p"."FencedAt", "p"."MessageType", "p"."PayloadJson"
FROM "ProtocolOutbox" AS "p"
WHERE "p"."MessageId" = @__messageId_0
LIMIT 2
[21:02:58 INF] Executed DbCommand (0ms) [Parameters=[@p1='?' (Size = 36), @p0='?' (DbType = DateTimeOffset)], CommandType='Text', CommandTimeout='30']
UPDATE "JourneyRuntimes" SET "StationDepartureWaitStartedAt" = @p0
WHERE "DemandId" = @p1
RETURNING 1;
[21:02:58 INF] Executed DbCommand (0ms) [Parameters=[@p0='?' (Size = 36), @p1='?' (DbType = DateTimeOffset), @p2='?' (DbType = DateTimeOffset), @p3='?' (DbType = DateTimeOffset), @p4='?' (Size = 23), @p5='?' (Size = 632)], CommandType='Text', CommandTimeout='30']
INSERT INTO "ProtocolOutbox" ("MessageId", "AcknowledgedAt", "CreatedAt", "FencedAt", "MessageType", "PayloadJson")
VALUES (@p0, @p1, @p2, @p3, @p4, @p5);
[21:02:58 INF] Executed DbCommand (0ms) [Parameters=[@p2='?' (Size = 36), @p0='?' (Size = 23), @p1='?' (DbType = DateTimeOffset)], CommandType='Text', CommandTimeout='30']
UPDATE "JourneyRuntimes" SET "Stage" = @p0, "UpdatedAt" = @p1
WHERE "DemandId" = @p2
RETURNING 1;
[21:02:58 INF] Executed DbCommand (0ms) [Parameters=[], CommandType='Text', CommandTimeout='30']
SELECT "p"."MessageId", "p"."ContentHash", "p"."FirstResponseJson", "p"."MessageType", "p"."ReceivedAt", "p"."RequestJson"
FROM "ProtocolInbox" AS "p"
WHERE "p"."MessageType" = 'PreDepartureSafetyCheckResult'
[21:02:58 INF] Executed DbCommand (0ms) [Parameters=[@__messageId_0='?' (Size = 36)], CommandType='Text', CommandTimeout='30']
SELECT "p"."MessageId", "p"."ContentHash", "p"."FirstResponseJson", "p"."MessageType", "p"."ReceivedAt", "p"."RequestJson"
FROM "ProtocolInbox" AS "p"
WHERE "p"."MessageId" = @__messageId_0
LIMIT 2
[21:02:58 INF] Executed DbCommand (0ms) [Parameters=[@p0='?' (Size = 36), @p1='?' (Size = 64), @p2='?' (Size = 676), @p3='?' (Size = 29), @p4='?' (DbType = DateTimeOffset), @p5='?' (Size = 801)], CommandType='Text', CommandTimeout='30']
INSERT INTO "ProtocolInbox" ("MessageId", "ContentHash", "FirstResponseJson", "MessageType", "ReceivedAt", "RequestJson")
VALUES (@p0, @p1, @p2, @p3, @p4, @p5);
[21:02:58 INF] Executed DbCommand (0ms) [Parameters=[], CommandType='Text', CommandTimeout='30']
SELECT "p"."MessageId", "p"."ContentHash", "p"."FirstResponseJson", "p"."MessageType", "p"."ReceivedAt", "p"."RequestJson"
FROM "ProtocolInbox" AS "p"
WHERE "p"."MessageType" = 'PreDepartureSafetyCheckResult'
[21:02:58 INF] Executed DbCommand (0ms) [Parameters=[@__mapId_0='?' (DbType = Int32)], CommandType='Text', CommandTimeout='30']
SELECT "m"."MapId", "m"."ApprovedMaxUnconfirmedSeconds", "m"."ApprovedSyncPeriodSeconds", "m"."CatalogRevision", "m"."LastAttemptAt", "m"."LastCompleteConfirmationAt", "m"."LastFailureReason", "m"."State", "m"."UpdatedAt"
FROM "MapStationCatalogStates" AS "m"
WHERE "m"."MapId" = @__mapId_0
LIMIT 2
[21:02:58 INF] Executed DbCommand (0ms) [Parameters=[@__demandId_0='?' (Size = 36)], CommandType='Text', CommandTimeout='30']
SELECT "c"."ConsumerKind", "c"."ConsumerId", "c"."ObjectKind", "c"."ObjectId", "c"."FrozenAt", "c"."FrozenVersion", "c"."SnapshotId"
FROM "ConfigurationConsumerBindings" AS "c"
WHERE "c"."ConsumerKind" = 'TransportDemand' AND "c"."ConsumerId" = @__demandId_0 AND (("c"."ObjectKind" = 'TaskTypeStationRule' AND "c"."ObjectId" = 'task-type-station-rules') OR ("c"."ObjectKind" = 'PublicStationBinding' AND "c"."ObjectId" LIKE 'map-%'))
[21:02:58 INF] Executed DbCommand (0ms) [Parameters=[@__runtime_DemandId_0='?' (Size = 36)], CommandType='Text', CommandTimeout='30']
SELECT "a"."WorkType"
FROM "AcceptedDemands" AS "a"
WHERE "a"."DemandId" = @__runtime_DemandId_0
LIMIT 2
[21:02:58 INF] Executed DbCommand (0ms) [Parameters=[@__mapId_0='?' (DbType = Int32)], CommandType='Text', CommandTimeout='30']
SELECT "t"."MapId", "t"."ActiveVersion", "t"."PendingVersion", "t"."State", "t"."UpdatedAt"
FROM "TaskTypeStationActiveBindingSets" AS "t"
WHERE "t"."MapId" = @__mapId_0
LIMIT 2
[21:02:58 INF] Executed DbCommand (0ms) [Parameters=[@__mapId_0='?' (DbType = Int32)], CommandType='Text', CommandTimeout='30']
SELECT "t"."HoldId", "t"."DetailJson", "t"."MapId", "t"."RaisedAt", "t"."RaisedBy", "t"."ReasonCode", "t"."ReleasedAt", "t"."ReleasedBy", "t"."Source", "t"."TaskType"
FROM "TaskTypeStationHolds" AS "t"
WHERE "t"."MapId" = @__mapId_0 AND "t"."ReleasedAt" IS NULL
[21:02:58 INF] Executed DbCommand (0ms) [Parameters=[@__demandId_0='?' (Size = 36)], CommandType='Text', CommandTimeout='30']
SELECT "f"."Role", "f"."MapId", "f"."StationId", "f"."StationName"
FROM "FrozenDemandStations" AS "f"
WHERE "f"."DemandId" = @__demandId_0
ORDER BY "f"."Role"
[21:02:58 INF] Executed DbCommand (0ms) [Parameters=[@__runtime_DemandId_0='?' (Size = 36)], CommandType='Text', CommandTimeout='30']
SELECT "a"."TransportDemandKey"
FROM "AcceptedDemands" AS "a"
WHERE "a"."DemandId" = @__runtime_DemandId_0
LIMIT 2
[21:02:58 INF] Start processing HTTP request POST http://127.0.0.1:48408/api/task/v1/route/getRouteCostsBy
[21:02:58 INF] Sending HTTP request POST http://127.0.0.1:48408/api/task/v1/route/getRouteCostsBy
[21:02:58 INF] Received HTTP response headers after 0.7402ms - 200
[21:02:58 INF] End processing HTTP request after 1.4938ms - 200
[21:02:58 INF] Executed DbCommand (0ms) [Parameters=[@__demandId_0='?' (Size = 36)], CommandType='Text', CommandTimeout='30']
SELECT "c"."GateAuditId", "c"."AgvId", "c"."ConflictDetail", "c"."DemandId", "c"."EvaluatedAt", "c"."GraphReachable", "c"."GraphTraversalCostMm", "c"."MapId", "c"."RiotRouteCostMm", "c"."TargetStationId", "c"."TransportDemandKey", "c"."Verdict"
FROM "CreateGateAudit" AS "c"
WHERE "c"."DemandId" = @__demandId_0
[21:02:58 INF] Executed DbCommand (0ms) [Parameters=[@__intent_MovementLegId_0='?' (Size = 36), @__intent_UpperId_1='?' (Size = 47)], CommandType='Text', CommandTimeout='30']
SELECT "o"."MovementLegId", "o"."AgvLifecycleGeneration", "o"."CreateAttemptCount", "o"."CreateAttemptId", "o"."CreateDispatchArmedAt", "o"."CreatedAt", "o"."DemandId", "o"."DestinationStationId", "o"."DispatchAuditSequence", "o"."DispatchAuditVersion", "o"."DispatchGeneration", "o"."ExperimentalCreateAuthorizationId", "o"."LastCreateOutcome", "o"."LastCreateOutcomeAt", "o"."LastCreateReceiptJson", "o"."LastReconciliationOutcome", "o"."LastReconciliationOutcomeAt", "o"."LastReconciliationReceiptJson", "o"."MapId", "o"."OrderId", "o"."Purpose", "o"."Status", "o"."TargetStationId", "o"."UpperId", "o"."VehicleKey", "o"."VehicleOccupancyClaimedAt", "o"."VehicleOccupancyReleasedAt"
FROM "OrderIntents" AS "o"
WHERE "o"."MovementLegId" = @__intent_MovementLegId_0 OR "o"."UpperId" = @__intent_UpperId_1
LIMIT 2
[21:02:58 INF] Executed DbCommand (1ms) [Parameters=[@p0='?' (Size = 36), @p1='?' (DbType = Int64), @p2='?' (DbType = Int32), @p3='?', @p4='?' (DbType = DateTimeOffset), @p5='?' (DbType = DateTimeOffset), @p6='?' (Size = 36), @p7='?' (DbType = Int32), @p8='?' (DbType = Int64), @p9='?' (DbType = Int32), @p10='?' (DbType = Int64), @p11='?', @p12='?', @p13='?' (DbType = DateTimeOffset), @p14='?', @p15='?', @p16='?' (DbType = DateTimeOffset), @p17='?', @p18='?' (DbType = Int32), @p19='?', @p20='?' (Size = 7), @p21='?' (Size = 22), @p22='?' (Size = 2), @p23='?' (Size = 47), @p24='?' (Size = 15), @p25='?' (DbType = DateTimeOffset), @p26='?' (DbType = DateTimeOffset)], CommandType='Text', CommandTimeout='30']
INSERT INTO "OrderIntents" ("MovementLegId", "AgvLifecycleGeneration", "CreateAttemptCount", "CreateAttemptId", "CreateDispatchArmedAt", "CreatedAt", "DemandId", "DestinationStationId", "DispatchAuditSequence", "DispatchAuditVersion", "DispatchGeneration", "ExperimentalCreateAuthorizationId", "LastCreateOutcome", "LastCreateOutcomeAt", "LastCreateReceiptJson", "LastReconciliationOutcome", "LastReconciliationOutcomeAt", "LastReconciliationReceiptJson", "MapId", "OrderId", "Purpose", "Status", "TargetStationId", "UpperId", "VehicleKey", "VehicleOccupancyClaimedAt", "VehicleOccupancyReleasedAt")
VALUES (@p0, @p1, @p2, @p3, @p4, @p5, @p6, @p7, @p8, @p9, @p10, @p11, @p12, @p13, @p14, @p15, @p16, @p17, @p18, @p19, @p20, @p21, @p22, @p23, @p24, @p25, @p26);
[21:02:58 INF] Executed DbCommand (0ms) [Parameters=[@__upperId_0='?' (Size = 47)], CommandType='Text', CommandTimeout='30']
SELECT "o"."MovementLegId", "o"."AgvLifecycleGeneration", "o"."CreateAttemptCount", "o"."CreateAttemptId", "o"."CreateDispatchArmedAt", "o"."CreatedAt", "o"."DemandId", "o"."DestinationStationId", "o"."DispatchAuditSequence", "o"."DispatchAuditVersion", "o"."DispatchGeneration", "o"."ExperimentalCreateAuthorizationId", "o"."LastCreateOutcome", "o"."LastCreateOutcomeAt", "o"."LastCreateReceiptJson", "o"."LastReconciliationOutcome", "o"."LastReconciliationOutcomeAt", "o"."LastReconciliationReceiptJson", "o"."MapId", "o"."OrderId", "o"."Purpose", "o"."Status", "o"."TargetStationId", "o"."UpperId", "o"."VehicleKey", "o"."VehicleOccupancyClaimedAt", "o"."VehicleOccupancyReleasedAt"
FROM "OrderIntents" AS "o"
WHERE "o"."UpperId" = @__upperId_0
LIMIT 2
[21:02:58 INF] Executed DbCommand (0ms) [Parameters=[], CommandType='Text', CommandTimeout='30']
SELECT "e"."AuthorizationId", "e"."AgvLifecycleGeneration", "e"."AuthorizationVersion", "e"."ConsumedAt", "e"."ConsumedByAttemptId", "e"."DemandId", "e"."DispatchGeneration", "e"."ExpiresAt", "e"."MovementLegId", "e"."PersistedAt", "e"."UpperId"
FROM "ExperimentalRiotCreateAuthorizations" AS "e"
WHERE 0
LIMIT 2
[21:02:58 INF] Start processing HTTP request GET http://127.0.0.1:48408/api/order/v1/orderRecord/detailByUpperId/W2G-d243bd29-0e9a-478c-986a-91d67e26d8ca-GATE-1
[21:02:58 INF] Sending HTTP request GET http://127.0.0.1:48408/api/order/v1/orderRecord/detailByUpperId/W2G-d243bd29-0e9a-478c-986a-91d67e26d8ca-GATE-1
[21:02:58 INF] Received HTTP response headers after 0.5846ms - 404
[21:02:58 INF] End processing HTTP request after 1.3746ms - 404
[21:02:58 INF] Executed DbCommand (0ms) [Parameters=[@__upperId_0='?' (Size = 47)], CommandType='Text', CommandTimeout='30']
SELECT "o"."MovementLegId", "o"."AgvLifecycleGeneration", "o"."CreateAttemptCount", "o"."CreateAttemptId", "o"."CreateDispatchArmedAt", "o"."CreatedAt", "o"."DemandId", "o"."DestinationStationId", "o"."DispatchAuditSequence", "o"."DispatchAuditVersion", "o"."DispatchGeneration", "o"."ExperimentalCreateAuthorizationId", "o"."LastCreateOutcome", "o"."LastCreateOutcomeAt", "o"."LastCreateReceiptJson", "o"."LastReconciliationOutcome", "o"."LastReconciliationOutcomeAt", "o"."LastReconciliationReceiptJson", "o"."MapId", "o"."OrderId", "o"."Purpose", "o"."Status", "o"."TargetStationId", "o"."UpperId", "o"."VehicleKey", "o"."VehicleOccupancyClaimedAt", "o"."VehicleOccupancyReleasedAt"
FROM "OrderIntents" AS "o"
WHERE "o"."UpperId" = @__upperId_0
LIMIT 2
[21:02:58 INF] Executed DbCommand (0ms) [Parameters=[@p4='?' (Size = 36), @p5='?' (DbType = Int32), @p0='?' (DbType = Int64), @p6='?' (DbType = Int64), @p8='?', @p1='?' (Size = 31), @p2='?' (DbType = DateTimeOffset), @p3='?' (Size = 187), @p7='?' (Size = 22)], CommandType='Text', CommandTimeout='30']
UPDATE "OrderIntents" SET "DispatchAuditSequence" = @p0, "LastReconciliationOutcome" = @p1, "LastReconciliationOutcomeAt" = @p2, "LastReconciliationReceiptJson" = @p3
WHERE "MovementLegId" = @p4 AND "CreateAttemptCount" = @p5 AND "DispatchAuditSequence" = @p6 AND "ExperimentalCreateAuthorizationId" IS NULL AND "Status" = @p7
RETURNING 1;
[21:02:58 INF] Executed DbCommand (0ms) [Parameters=[@p0='?' (Size = 36), @p1='?', @p2='?' (DbType = Int32), @p3='?', @p4='?' (Size = 36), @p5='?' (DbType = Int64), @p6='?', @p7='?', @p8='?', @p9='?' (DbType = Int32), @p10='?' (Size = 36), @p11='?' (DbType = DateTimeOffset), @p12='?' (Size = 9), @p13='?' (Size = 25), @p14='?' (Size = 8), @p15='?' (DbType = DateTimeOffset), @p16='?' (Size = 9), @p17='?', @p18='?' (DbType = Boolean), @p19='?', @p20='?' (DbType = Int64), @p21='?' (Size = 47)], CommandType='Text', CommandTimeout='30']
INSERT INTO "RiotDispatchAuditEvents" ("AuditEventId", "AttemptId", "AttemptNumber", "BusinessCode", "DemandId", "DispatchGeneration", "EligibilityBasis", "ExperimentalAuthorizationId", "FailureCategory", "HttpStatusCode", "MovementLegId", "OccurredAt", "Outcome", "Phase", "ReceiptClassification", "ReceiptObservedAt", "ReceiptOperation", "RequestSemanticSha256", "ResultPresent", "ReturnedOrderId", "Sequence", "UpperId")
VALUES (@p0, @p1, @p2, @p3, @p4, @p5, @p6, @p7, @p8, @p9, @p10, @p11, @p12, @p13, @p14, @p15, @p16, @p17, @p18, @p19, @p20, @p21);
[21:02:58 INF] Executed DbCommand (0ms) [Parameters=[@__upperId_0='?' (Size = 47)], CommandType='Text', CommandTimeout='30']
SELECT "o"."MovementLegId", "o"."AgvLifecycleGeneration", "o"."CreateAttemptCount", "o"."CreateAttemptId", "o"."CreateDispatchArmedAt", "o"."CreatedAt", "o"."DemandId", "o"."DestinationStationId", "o"."DispatchAuditSequence", "o"."DispatchAuditVersion", "o"."DispatchGeneration", "o"."ExperimentalCreateAuthorizationId", "o"."LastCreateOutcome", "o"."LastCreateOutcomeAt", "o"."LastCreateReceiptJson", "o"."LastReconciliationOutcome", "o"."LastReconciliationOutcomeAt", "o"."LastReconciliationReceiptJson", "o"."MapId", "o"."OrderId", "o"."Purpose", "o"."Status", "o"."TargetStationId", "o"."UpperId", "o"."VehicleKey", "o"."VehicleOccupancyClaimedAt", "o"."VehicleOccupancyReleasedAt"
FROM "OrderIntents" AS "o"
WHERE "o"."UpperId" = @__upperId_0
LIMIT 2
[21:02:58 INF] Executed DbCommand (0ms) [Parameters=[@p7='?' (Size = 36), @p0='?' (DbType = Int32), @p8='?' (DbType = Int32), @p1='?' (Size = 36), @p2='?' (DbType = DateTimeOffset), @p3='?' (DbType = Int64), @p9='?' (DbType = Int64), @p11='?', @p4='?' (Size = 13), @p5='?' (DbType = DateTimeOffset), @p6='?' (Size = 16), @p10='?' (Size = 22)], CommandType='Text', CommandTimeout='30']
UPDATE "OrderIntents" SET "CreateAttemptCount" = @p0, "CreateAttemptId" = @p1, "CreateDispatchArmedAt" = @p2, "DispatchAuditSequence" = @p3, "LastCreateOutcome" = @p4, "LastCreateOutcomeAt" = @p5, "Status" = @p6
WHERE "MovementLegId" = @p7 AND "CreateAttemptCount" = @p8 AND "DispatchAuditSequence" = @p9 AND "ExperimentalCreateAuthorizationId" IS NULL AND "Status" = @p10
RETURNING 1;
[21:02:58 INF] Executed DbCommand (0ms) [Parameters=[@p0='?' (Size = 36), @p1='?' (Size = 36), @p2='?' (DbType = Int32), @p3='?', @p4='?' (Size = 36), @p5='?' (DbType = Int64), @p6='?', @p7='?', @p8='?', @p9='?' (DbType = Int32), @p10='?' (Size = 36), @p11='?' (DbType = DateTimeOffset), @p12='?' (Size = 5), @p13='?' (Size = 15), @p14='?', @p15='?' (DbType = DateTimeOffset), @p16='?', @p17='?' (Size = 64), @p18='?' (DbType = Boolean), @p19='?', @p20='?' (DbType = Int64), @p21='?' (Size = 47)], CommandType='Text', CommandTimeout='30']
INSERT INTO "RiotDispatchAuditEvents" ("AuditEventId", "AttemptId", "AttemptNumber", "BusinessCode", "DemandId", "DispatchGeneration", "EligibilityBasis", "ExperimentalAuthorizationId", "FailureCategory", "HttpStatusCode", "MovementLegId", "OccurredAt", "Outcome", "Phase", "ReceiptClassification", "ReceiptObservedAt", "ReceiptOperation", "RequestSemanticSha256", "ResultPresent", "ReturnedOrderId", "Sequence", "UpperId")
VALUES (@p0, @p1, @p2, @p3, @p4, @p5, @p6, @p7, @p8, @p9, @p10, @p11, @p12, @p13, @p14, @p15, @p16, @p17, @p18, @p19, @p20, @p21);
[21:02:58 INF] Executed DbCommand (0ms) [Parameters=[@__upperId_0='?' (Size = 47)], CommandType='Text', CommandTimeout='30']
SELECT "o"."MovementLegId", "o"."AgvLifecycleGeneration", "o"."CreateAttemptCount", "o"."CreateAttemptId", "o"."CreateDispatchArmedAt", "o"."CreatedAt", "o"."DemandId", "o"."DestinationStationId", "o"."DispatchAuditSequence", "o"."DispatchAuditVersion", "o"."DispatchGeneration", "o"."ExperimentalCreateAuthorizationId", "o"."LastCreateOutcome", "o"."LastCreateOutcomeAt", "o"."LastCreateReceiptJson", "o"."LastReconciliationOutcome", "o"."LastReconciliationOutcomeAt", "o"."LastReconciliationReceiptJson", "o"."MapId", "o"."OrderId", "o"."Purpose", "o"."Status", "o"."TargetStationId", "o"."UpperId", "o"."VehicleKey", "o"."VehicleOccupancyClaimedAt", "o"."VehicleOccupancyReleasedAt"
FROM "OrderIntents" AS "o"
WHERE "o"."UpperId" = @__upperId_0
LIMIT 2
[21:02:58 INF] Executed DbCommand (0ms) [Parameters=[@p3='?' (Size = 36), @p4='?' (DbType = Int32), @p0='?' (DbType = Int64), @p5='?' (DbType = Int64), @p7='?', @p1='?' (Size = 20), @p2='?' (DbType = DateTimeOffset), @p6='?' (Size = 16)], CommandType='Text', CommandTimeout='30']
UPDATE "OrderIntents" SET "DispatchAuditSequence" = @p0, "LastCreateOutcome" = @p1, "LastCreateOutcomeAt" = @p2
WHERE "MovementLegId" = @p3 AND "CreateAttemptCount" = @p4 AND "DispatchAuditSequence" = @p5 AND "ExperimentalCreateAuthorizationId" IS NULL AND "Status" = @p6
RETURNING 1;
[21:02:58 INF] Executed DbCommand (0ms) [Parameters=[@p0='?' (Size = 36), @p1='?' (Size = 36), @p2='?' (DbType = Int32), @p3='?', @p4='?' (Size = 36), @p5='?' (DbType = Int64), @p6='?', @p7='?', @p8='?', @p9='?' (DbType = Int32), @p10='?' (Size = 36), @p11='?' (DbType = DateTimeOffset), @p12='?' (Size = 7), @p13='?' (Size = 14), @p14='?', @p15='?' (DbType = DateTimeOffset), @p16='?', @p17='?' (Size = 64), @p18='?' (DbType = Boolean), @p19='?', @p20='?' (DbType = Int64), @p21='?' (Size = 47)], CommandType='Text', CommandTimeout='30']
INSERT INTO "RiotDispatchAuditEvents" ("AuditEventId", "AttemptId", "AttemptNumber", "BusinessCode", "DemandId", "DispatchGeneration", "EligibilityBasis", "ExperimentalAuthorizationId", "FailureCategory", "HttpStatusCode", "MovementLegId", "OccurredAt", "Outcome", "Phase", "ReceiptClassification", "ReceiptObservedAt", "ReceiptOperation", "RequestSemanticSha256", "ResultPresent", "ReturnedOrderId", "Sequence", "UpperId")
VALUES (@p0, @p1, @p2, @p3, @p4, @p5, @p6, @p7, @p8, @p9, @p10, @p11, @p12, @p13, @p14, @p15, @p16, @p17, @p18, @p19, @p20, @p21);
[21:02:58 INF] Start processing HTTP request POST http://127.0.0.1:48408/api/order/v1/add/byDefaultMissions
[21:02:58 INF] Sending HTTP request POST http://127.0.0.1:48408/api/order/v1/add/byDefaultMissions
[21:02:58 INF] Received HTTP response headers after 0.6465ms - 200
[21:02:58 INF] End processing HTTP request after 1.3891ms - 200
[21:02:58 INF] Executed DbCommand (0ms) [Parameters=[@__upperId_0='?' (Size = 47)], CommandType='Text', CommandTimeout='30']
SELECT "o"."MovementLegId", "o"."AgvLifecycleGeneration", "o"."CreateAttemptCount", "o"."CreateAttemptId", "o"."CreateDispatchArmedAt", "o"."CreatedAt", "o"."DemandId", "o"."DestinationStationId", "o"."DispatchAuditSequence", "o"."DispatchAuditVersion", "o"."DispatchGeneration", "o"."ExperimentalCreateAuthorizationId", "o"."LastCreateOutcome", "o"."LastCreateOutcomeAt", "o"."LastCreateReceiptJson", "o"."LastReconciliationOutcome", "o"."LastReconciliationOutcomeAt", "o"."LastReconciliationReceiptJson", "o"."MapId", "o"."OrderId", "o"."Purpose", "o"."Status", "o"."TargetStationId", "o"."UpperId", "o"."VehicleKey", "o"."VehicleOccupancyClaimedAt", "o"."VehicleOccupancyReleasedAt"
FROM "OrderIntents" AS "o"
WHERE "o"."UpperId" = @__upperId_0
LIMIT 2
[21:02:58 INF] Executed DbCommand (0ms) [Parameters=[@p4='?' (Size = 36), @p5='?' (DbType = Int32), @p0='?' (DbType = Int64), @p6='?' (DbType = Int64), @p8='?', @p1='?' (Size = 22), @p2='?' (DbType = DateTimeOffset), @p3='?' (Size = 188), @p7='?' (Size = 16)], CommandType='Text', CommandTimeout='30']
UPDATE "OrderIntents" SET "DispatchAuditSequence" = @p0, "LastCreateOutcome" = @p1, "LastCreateOutcomeAt" = @p2, "LastCreateReceiptJson" = @p3
WHERE "MovementLegId" = @p4 AND "CreateAttemptCount" = @p5 AND "DispatchAuditSequence" = @p6 AND "ExperimentalCreateAuthorizationId" IS NULL AND "Status" = @p7
RETURNING 1;
[21:02:58 INF] Executed DbCommand (0ms) [Parameters=[@p0='?' (Size = 36), @p1='?' (Size = 36), @p2='?' (DbType = Int32), @p3='?', @p4='?' (Size = 36), @p5='?' (DbType = Int64), @p6='?', @p7='?', @p8='?', @p9='?' (DbType = Int32), @p10='?' (Size = 36), @p11='?' (DbType = DateTimeOffset), @p12='?' (Size = 8), @p13='?' (Size = 15), @p14='?' (Size = 11), @p15='?' (DbType = DateTimeOffset), @p16='?' (Size = 6), @p17='?', @p18='?' (DbType = Boolean), @p19='?' (Size = 12), @p20='?' (DbType = Int64), @p21='?' (Size = 47)], CommandType='Text', CommandTimeout='30']
INSERT INTO "RiotDispatchAuditEvents" ("AuditEventId", "AttemptId", "AttemptNumber", "BusinessCode", "DemandId", "DispatchGeneration", "EligibilityBasis", "ExperimentalAuthorizationId", "FailureCategory", "HttpStatusCode", "MovementLegId", "OccurredAt", "Outcome", "Phase", "ReceiptClassification", "ReceiptObservedAt", "ReceiptOperation", "RequestSemanticSha256", "ResultPresent", "ReturnedOrderId", "Sequence", "UpperId")
VALUES (@p0, @p1, @p2, @p3, @p4, @p5, @p6, @p7, @p8, @p9, @p10, @p11, @p12, @p13, @p14, @p15, @p16, @p17, @p18, @p19, @p20, @p21);
[21:02:58 INF] Start processing HTTP request GET http://127.0.0.1:48408/api/order/v1/orderRecord/detailByUpperId/W2G-d243bd29-0e9a-478c-986a-91d67e26d8ca-GATE-1
[21:02:58 INF] Sending HTTP request GET http://127.0.0.1:48408/api/order/v1/orderRecord/detailByUpperId/W2G-d243bd29-0e9a-478c-986a-91d67e26d8ca-GATE-1
[21:02:58 INF] Received HTTP response headers after 0.4368ms - 200
[21:02:58 INF] End processing HTTP request after 1.1908ms - 200
[21:02:58 INF] Executed DbCommand (0ms) [Parameters=[@__upperId_0='?' (Size = 47)], CommandType='Text', CommandTimeout='30']
SELECT "o"."MovementLegId", "o"."AgvLifecycleGeneration", "o"."CreateAttemptCount", "o"."CreateAttemptId", "o"."CreateDispatchArmedAt", "o"."CreatedAt", "o"."DemandId", "o"."DestinationStationId", "o"."DispatchAuditSequence", "o"."DispatchAuditVersion", "o"."DispatchGeneration", "o"."ExperimentalCreateAuthorizationId", "o"."LastCreateOutcome", "o"."LastCreateOutcomeAt", "o"."LastCreateReceiptJson", "o"."LastReconciliationOutcome", "o"."LastReconciliationOutcomeAt", "o"."LastReconciliationReceiptJson", "o"."MapId", "o"."OrderId", "o"."Purpose", "o"."Status", "o"."TargetStationId", "o"."UpperId", "o"."VehicleKey", "o"."VehicleOccupancyClaimedAt", "o"."VehicleOccupancyReleasedAt"
FROM "OrderIntents" AS "o"
WHERE "o"."UpperId" = @__upperId_0
LIMIT 2
[21:02:58 INF] Executed DbCommand (0ms) [Parameters=[@p6='?' (Size = 36), @p7='?' (DbType = Int32), @p0='?' (DbType = Int64), @p8='?' (DbType = Int64), @p10='?', @p1='?' (Size = 33), @p2='?' (DbType = DateTimeOffset), @p3='?' (Size = 184), @p4='?' (Size = 12), @p5='?' (Size = 9), @p9='?' (Size = 16)], CommandType='Text', CommandTimeout='30']
UPDATE "OrderIntents" SET "DispatchAuditSequence" = @p0, "LastReconciliationOutcome" = @p1, "LastReconciliationOutcomeAt" = @p2, "LastReconciliationReceiptJson" = @p3, "OrderId" = @p4, "Status" = @p5
WHERE "MovementLegId" = @p6 AND "CreateAttemptCount" = @p7 AND "DispatchAuditSequence" = @p8 AND "ExperimentalCreateAuthorizationId" IS NULL AND "Status" = @p9
RETURNING 1;
[21:02:58 INF] Executed DbCommand (0ms) [Parameters=[@p0='?' (Size = 36), @p1='?' (Size = 36), @p2='?' (DbType = Int32), @p3='?', @p4='?' (Size = 36), @p5='?' (DbType = Int64), @p6='?', @p7='?', @p8='?', @p9='?' (DbType = Int32), @p10='?' (Size = 36), @p11='?' (DbType = DateTimeOffset), @p12='?' (Size = 9), @p13='?' (Size = 26), @p14='?' (Size = 5), @p15='?' (DbType = DateTimeOffset), @p16='?' (Size = 9), @p17='?', @p18='?' (DbType = Boolean), @p19='?' (Size = 12), @p20='?' (DbType = Int64), @p21='?' (Size = 47)], CommandType='Text', CommandTimeout='30']
INSERT INTO "RiotDispatchAuditEvents" ("AuditEventId", "AttemptId", "AttemptNumber", "BusinessCode", "DemandId", "DispatchGeneration", "EligibilityBasis", "ExperimentalAuthorizationId", "FailureCategory", "HttpStatusCode", "MovementLegId", "OccurredAt", "Outcome", "Phase", "ReceiptClassification", "ReceiptObservedAt", "ReceiptOperation", "RequestSemanticSha256", "ResultPresent", "ReturnedOrderId", "Sequence", "UpperId")
VALUES (@p0, @p1, @p2, @p3, @p4, @p5, @p6, @p7, @p8, @p9, @p10, @p11, @p12, @p13, @p14, @p15, @p16, @p17, @p18, @p19, @p20, @p21);
[21:02:58 INF] Executed DbCommand (0ms) [Parameters=[], CommandType='Text', CommandTimeout='30']
SELECT "p"."MessageId", "p"."ContentHash", "p"."FirstResponseJson", "p"."MessageType", "p"."ReceivedAt", "p"."RequestJson"
FROM "ProtocolInbox" AS "p"
WHERE "p"."MessageType" = 'PreDepartureSafetyCheckResult'
[21:02:58 INF] Executed DbCommand (0ms) [Parameters=[@__messageId_0='?' (Size = 36)], CommandType='Text', CommandTimeout='30']
SELECT "p"."MessageId", "p"."AcknowledgedAt", "p"."CreatedAt", "p"."FencedAt", "p"."MessageType", "p"."PayloadJson"
FROM "ProtocolOutbox" AS "p"
WHERE "p"."MessageId" = @__messageId_0
LIMIT 2
[21:02:58 INF] Executed DbCommand (0ms) [Parameters=[@p1='?' (Size = 36), @p0='?' (Size = 36)], CommandType='Text', CommandTimeout='30']
UPDATE "JourneyRuntimes" SET "ConsumedSafetyResultMessageId" = @p0
WHERE "DemandId" = @p1
RETURNING 1;
[21:02:58 INF] Executed DbCommand (0ms) [Parameters=[@p1='?' (Size = 36), @p0='?' (DbType = DateTimeOffset)], CommandType='Text', CommandTimeout='30']
UPDATE "ProtocolOutbox" SET "AcknowledgedAt" = @p0
WHERE "MessageId" = @p1
RETURNING 1;
[21:02:58 INF] Executed DbCommand (0ms) [Parameters=[@p2='?' (Size = 36), @p0='?' (Size = 19), @p1='?' (DbType = DateTimeOffset)], CommandType='Text', CommandTimeout='30']
UPDATE "JourneyRuntimes" SET "Stage" = @p0, "UpdatedAt" = @p1
WHERE "DemandId" = @p2
RETURNING 1;
[21:02:58 INF] Start processing HTTP request GET http://127.0.0.1:48408/api/task/v1/task/getVehicleInfo/BROKERX-L2-0001
[21:02:58 INF] Sending HTTP request GET http://127.0.0.1:48408/api/task/v1/task/getVehicleInfo/BROKERX-L2-0001
[21:02:58 INF] Received HTTP response headers after 0.5101ms - 200
[21:02:58 INF] End processing HTTP request after 3.9031ms - 200
[21:02:58 INF] Start processing HTTP request GET http://127.0.0.1:48408/api/order/v1/orderRecord?pageNum=1&pageSize=100&filterByState=1&filterByState=3&filterByState=7&filterByState=9
[21:02:58 INF] Sending HTTP request GET http://127.0.0.1:48408/api/order/v1/orderRecord?pageNum=1&pageSize=100&filterByState=1&filterByState=3&filterByState=7&filterByState=9
[21:02:58 INF] Received HTTP response headers after 0.454ms - 200
[21:02:58 INF] End processing HTTP request after 1.1371ms - 200
[21:02:58 INF] HTTP GET /api/onboard/v1/vehicle-safety responded 200 in 6.1809 ms
[21:02:59 INF] Start processing HTTP request GET http://127.0.0.1:48408/api/imap/v1/mapInfo/stations/25
[21:02:59 INF] Sending HTTP request GET http://127.0.0.1:48408/api/imap/v1/mapInfo/stations/25
[21:02:59 INF] Received HTTP response headers after 0.4105ms - 200
[21:02:59 INF] End processing HTTP request after 1.5427ms - 200
[21:02:59 INF] Executed DbCommand (0ms) [Parameters=[@__mapId_0='?' (DbType = Int32)], CommandType='Text', CommandTimeout='30']
SELECT "t"."MapId", "t"."ActiveVersion", "t"."PendingVersion", "t"."State", "t"."UpdatedAt"
FROM "TaskTypeStationActiveBindingSets" AS "t"
WHERE "t"."MapId" = @__mapId_0
LIMIT 2
[21:02:59 INF] Executed DbCommand (0ms) [Parameters=[@__mapId_0='?' (DbType = Int32), @__version_1='?' (DbType = Int64)], CommandType='Text', CommandTimeout='30']
SELECT "t"."MapId", "t"."Version", "t"."CatalogRevision", "t"."ContentSha256", "t"."LoadedAt", "t"."RuleVersion", "t"."SnapshotId", "t"."Source"
FROM "TaskTypeStationBindingSetVersions" AS "t"
WHERE "t"."MapId" = @__mapId_0 AND "t"."Version" = @__version_1
LIMIT 2
[21:02:59 INF] Executed DbCommand (0ms) [Parameters=[@__mapId_0='?' (DbType = Int32), @__version_1='?' (DbType = Int64)], CommandType='Text', CommandTimeout='30']
SELECT "t"."TaskType"
FROM "TaskTypeStationRequirements" AS "t"
WHERE "t"."MapId" = @__mapId_0 AND "t"."Version" = @__version_1
[21:02:59 INF] Executed DbCommand (0ms) [Parameters=[@__mapId_0='?' (DbType = Int32), @__version_1='?' (DbType = Int64)], CommandType='Text', CommandTimeout='30']
SELECT "t"."MapId", "t"."Version", "t"."TaskType", "t"."SiteVerificationRef", "t"."StationName", "t"."StationRiotId"
FROM "TaskTypeStationBindings" AS "t"
WHERE "t"."MapId" = @__mapId_0 AND "t"."Version" = @__version_1
[21:02:59 INF] Executed DbCommand (0ms) [Parameters=[@__version_0='?' (DbType = Int64)], CommandType='Text', CommandTimeout='30']
SELECT "t"."Version", "t"."ContentSha256", "t"."LoadedAt", "t"."SnapshotId", "t"."Source"
FROM "TaskTypeStationRuleVersions" AS "t"
WHERE "t"."Version" = @__version_0
LIMIT 2
[21:02:59 INF] Executed DbCommand (0ms) [Parameters=[@__version_0='?' (DbType = Int64)], CommandType='Text', CommandTimeout='30']
SELECT "t"."Version", "t"."TaskType", "t"."FixedEnd"
FROM "TaskTypeStationRules" AS "t"
WHERE "t"."Version" = @__version_0
[21:02:59 INF] Executed DbCommand (0ms) [Parameters=[@__mapId_0='?' (DbType = Int32)], CommandType='Text', CommandTimeout='30']
SELECT "t"."MapId", "t"."ActiveVersion", "t"."PendingVersion", "t"."State", "t"."UpdatedAt"
FROM "TaskTypeStationActiveBindingSets" AS "t"
WHERE "t"."MapId" = @__mapId_0
LIMIT 2
[21:02:59 INF] Executed DbCommand (0ms) [Parameters=[@__mapId_0='?' (DbType = Int32)], CommandType='Text', CommandTimeout='30']
SELECT "t"."HoldId", "t"."DetailJson", "t"."MapId", "t"."RaisedAt", "t"."RaisedBy", "t"."ReasonCode", "t"."ReleasedAt", "t"."ReleasedBy", "t"."Source", "t"."TaskType"
FROM "TaskTypeStationHolds" AS "t"
WHERE "t"."MapId" = @__mapId_0 AND "t"."ReleasedAt" IS NULL
[21:02:59 INF] Executed DbCommand (0ms) [Parameters=[@__mapId_0='?' (DbType = Int32)], CommandType='Text', CommandTimeout='30']
SELECT "m"."MapId", "m"."ApprovedMaxUnconfirmedSeconds", "m"."ApprovedSyncPeriodSeconds", "m"."CatalogRevision", "m"."LastAttemptAt", "m"."LastCompleteConfirmationAt", "m"."LastFailureReason", "m"."State", "m"."UpdatedAt"
FROM "MapStationCatalogStates" AS "m"
WHERE "m"."MapId" = @__mapId_0
LIMIT 2
[21:02:59 INF] Executed DbCommand (0ms) [Parameters=[@p3='?' (DbType = Int32), @p0='?' (DbType = DateTimeOffset), @p1='?' (DbType = DateTimeOffset), @p2='?' (DbType = DateTimeOffset)], CommandType='Text', CommandTimeout='30']
UPDATE "MapStationCatalogStates" SET "LastAttemptAt" = @p0, "LastCompleteConfirmationAt" = @p1, "UpdatedAt" = @p2
WHERE "MapId" = @p3
RETURNING 1;
[21:02:59 INF] Executed DbCommand (0ms) [Parameters=[@__mapId_0='?' (DbType = Int32)], CommandType='Text', CommandTimeout='30']
SELECT "t"."MapId", "t"."ActiveVersion", "t"."PendingVersion", "t"."State", "t"."UpdatedAt"
FROM "TaskTypeStationActiveBindingSets" AS "t"
WHERE "t"."MapId" = @__mapId_0
LIMIT 2
[21:02:59 INF] Executed DbCommand (0ms) [Parameters=[@__mapId_0='?' (DbType = Int32), @__version_1='?' (DbType = Int64)], CommandType='Text', CommandTimeout='30']
SELECT "t"."MapId", "t"."Version", "t"."CatalogRevision", "t"."ContentSha256", "t"."LoadedAt", "t"."RuleVersion", "t"."SnapshotId", "t"."Source"
FROM "TaskTypeStationBindingSetVersions" AS "t"
WHERE "t"."MapId" = @__mapId_0 AND "t"."Version" = @__version_1
LIMIT 2
[21:02:59 INF] Executed DbCommand (0ms) [Parameters=[@__mapId_0='?' (DbType = Int32), @__version_1='?' (DbType = Int64)], CommandType='Text', CommandTimeout='30']
SELECT "t"."TaskType"
FROM "TaskTypeStationRequirements" AS "t"
WHERE "t"."MapId" = @__mapId_0 AND "t"."Version" = @__version_1
[21:02:59 INF] Executed DbCommand (0ms) [Parameters=[@__mapId_0='?' (DbType = Int32), @__version_1='?' (DbType = Int64)], CommandType='Text', CommandTimeout='30']
SELECT "t"."MapId", "t"."Version", "t"."TaskType", "t"."SiteVerificationRef", "t"."StationName", "t"."StationRiotId"
FROM "TaskTypeStationBindings" AS "t"
WHERE "t"."MapId" = @__mapId_0 AND "t"."Version" = @__version_1
[21:02:59 INF] Executed DbCommand (0ms) [Parameters=[@__mapId_0='?' (DbType = Int32)], CommandType='Text', CommandTimeout='30']
SELECT "t"."MapId", "t"."ActiveVersion", "t"."PendingVersion", "t"."State", "t"."UpdatedAt"
FROM "TaskTypeStationActiveBindingSets" AS "t"
WHERE "t"."MapId" = @__mapId_0
LIMIT 2
[21:02:59 INF] Executed DbCommand (0ms) [Parameters=[@__mapId_0='?' (DbType = Int32), @__version_1='?' (DbType = Int64)], CommandType='Text', CommandTimeout='30']
SELECT "t"."MapId", "t"."Version", "t"."CatalogRevision", "t"."ContentSha256", "t"."LoadedAt", "t"."RuleVersion", "t"."SnapshotId", "t"."Source"
FROM "TaskTypeStationBindingSetVersions" AS "t"
WHERE "t"."MapId" = @__mapId_0 AND "t"."Version" = @__version_1
LIMIT 2
[21:02:59 INF] Executed DbCommand (0ms) [Parameters=[@__mapId_0='?' (DbType = Int32), @__version_1='?' (DbType = Int64)], CommandType='Text', CommandTimeout='30']
SELECT "t"."TaskType"
FROM "TaskTypeStationRequirements" AS "t"
WHERE "t"."MapId" = @__mapId_0 AND "t"."Version" = @__version_1
[21:02:59 INF] Executed DbCommand (0ms) [Parameters=[@__mapId_0='?' (DbType = Int32), @__version_1='?' (DbType = Int64)], CommandType='Text', CommandTimeout='30']
SELECT "t"."MapId", "t"."Version", "t"."TaskType", "t"."SiteVerificationRef", "t"."StationName", "t"."StationRiotId"
FROM "TaskTypeStationBindings" AS "t"
WHERE "t"."MapId" = @__mapId_0 AND "t"."Version" = @__version_1
[21:02:59 INF] Executed DbCommand (0ms) [Parameters=[@__version_0='?' (DbType = Int64)], CommandType='Text', CommandTimeout='30']
SELECT "t"."Version", "t"."ContentSha256", "t"."LoadedAt", "t"."SnapshotId", "t"."Source"
FROM "TaskTypeStationRuleVersions" AS "t"
WHERE "t"."Version" = @__version_0
LIMIT 2
[21:02:59 INF] Executed DbCommand (0ms) [Parameters=[@__version_0='?' (DbType = Int64)], CommandType='Text', CommandTimeout='30']
SELECT "t"."Version", "t"."TaskType", "t"."FixedEnd"
FROM "TaskTypeStationRules" AS "t"
WHERE "t"."Version" = @__version_0
[21:02:59 INF] Executed DbCommand (0ms) [Parameters=[], CommandType='Text', CommandTimeout='30']
SELECT "a"."Id", "a"."ContentHash", "a"."DeploymentId", "a"."ImportedAt", "a"."Version"
FROM "AdmissionPolicyState" AS "a"
WHERE "a"."Id" = 1
LIMIT 2
[21:02:59 INF] Executed DbCommand (0ms) [Parameters=[], CommandType='Text', CommandTimeout='30']
SELECT "j"."DemandId", "j"."AgvId", "j"."AgvLifecycleGeneration", "j"."BlockReasonCode", "j"."BlockReasonSince", "j"."ConsumedSafetyResultMessageId", "j"."ConsumedSublotMessageId", "j"."CreatedAt", "j"."DispatchGeneration", "j"."DispatchZone", "j"."ExpectedBasketCount", "j"."GateMovementLegId", "j"."GatePlanMessageId", "j"."GateStationId", "j"."GateStationRiotId", "j"."GateUpperId", "j"."GateVehicleBusinessMessageId", "j"."GateWorklistMessageId", "j"."LoadCommandMessageId", "j"."LoadSlotOperationAttemptId", "j"."MapId", "j"."MapIdentity", "j"."OperationSessionId", "j"."PickupMovementLegId", "j"."PickupStationId", "j"."PickupStationRiotId", "j"."PickupUpperId", "j"."PlanMessageId", "j"."PlanRevision", "j"."PreDepartureSafetyCheckId", "j"."PreDepartureSafetyCheckMessageId", "j"."RouteEvidenceId", "j"."Stage", "j"."StationDepartureWaitStartedAt", "j"."SublotRequestMessageId", "j"."TargetSlotsJson", "j"."UnloadCommandMessageId", "j"."UnloadSlotOperationAttemptId", "j"."UpdatedAt", "j"."VehicleBusinessMessageId", "j"."VehicleBusinessRevision", "j"."VehicleKey", "j"."WorklistMessageId", "j"."WorklistRevision"
FROM "JourneyRuntimes" AS "j"
WHERE "j"."Stage" <> 'Completed'
[21:02:59 INF] Executed DbCommand (0ms) [Parameters=[@__agvId_0='?' (Size = 10)], CommandType='Text', CommandTimeout='30']
SELECT "s"."AgvId", "s"."ActiveUnlockSlotsJson", "s"."CapabilityHash", "s"."CapabilityRevision", "s"."DepartureSafe", "s"."ForcedRecoveryGeneration", "s"."ManifestSha256", "s"."PendingAttemptIdsJson", "s"."PendingResultIdsJson", "s"."ProfileId", "s"."ProtocolCommit", "s"."ProtocolVersion", "s"."ProvenRecoveryCheckpoint", "s"."Readiness", "s"."ReasonCode", "s"."RecoveryReportId", "s"."ReportedForcedRecoveryGeneration", "s"."ReportedSlotConfigurationFingerprint", "s"."SafetyHash", "s"."SafetyReasonCodesJson", "s"."SafetyRevision", "s"."SafetyUnknownPresent", "s"."SessionGeneration", "s"."UnsettledSlotOperationAttemptId", "s"."UpdatedAt"
FROM "SessionRecoveries" AS "s"
WHERE "s"."AgvId" = @__agvId_0 AND "s"."Readiness" = 'Ready'
LIMIT 2
[21:02:59 INF] Executed DbCommand (0ms) [Parameters=[], CommandType='Text', CommandTimeout='30']
SELECT "p"."MessageId", "p"."AcknowledgedAt", "p"."CreatedAt", "p"."FencedAt", "p"."MessageType", "p"."PayloadJson"
FROM "ProtocolOutbox" AS "p"
WHERE "p"."AcknowledgedAt" IS NULL AND "p"."FencedAt" IS NULL
[21:02:59 INF] Executed DbCommand (0ms) [Parameters=[@__upperId_0='?' (Size = 47)], CommandType='Text', CommandTimeout='30']
SELECT "o"."MovementLegId", "o"."AgvLifecycleGeneration", "o"."CreateAttemptCount", "o"."CreateAttemptId", "o"."CreateDispatchArmedAt", "o"."CreatedAt", "o"."DemandId", "o"."DestinationStationId", "o"."DispatchAuditSequence", "o"."DispatchAuditVersion", "o"."DispatchGeneration", "o"."ExperimentalCreateAuthorizationId", "o"."LastCreateOutcome", "o"."LastCreateOutcomeAt", "o"."LastCreateReceiptJson", "o"."LastReconciliationOutcome", "o"."LastReconciliationOutcomeAt", "o"."LastReconciliationReceiptJson", "o"."MapId", "o"."OrderId", "o"."Purpose", "o"."Status", "o"."TargetStationId", "o"."UpperId", "o"."VehicleKey", "o"."VehicleOccupancyClaimedAt", "o"."VehicleOccupancyReleasedAt"
FROM "OrderIntents" AS "o"
WHERE "o"."UpperId" = @__upperId_0
LIMIT 2
[21:02:59 INF] Executed DbCommand (0ms) [Parameters=[@__runtime_DemandId_0='?' (Size = 36), @__purpose_1='?' (Size = 7)], CommandType='Text', CommandTimeout='30']
SELECT "o"."MovementLegId", "o"."AgvLifecycleGeneration", "o"."CreateAttemptCount", "o"."CreateAttemptId", "o"."CreateDispatchArmedAt", "o"."CreatedAt", "o"."DemandId", "o"."DestinationStationId", "o"."DispatchAuditSequence", "o"."DispatchAuditVersion", "o"."DispatchGeneration", "o"."ExperimentalCreateAuthorizationId", "o"."LastCreateOutcome", "o"."LastCreateOutcomeAt", "o"."LastCreateReceiptJson", "o"."LastReconciliationOutcome", "o"."LastReconciliationOutcomeAt", "o"."LastReconciliationReceiptJson", "o"."MapId", "o"."OrderId", "o"."Purpose", "o"."Status", "o"."TargetStationId", "o"."UpperId", "o"."VehicleKey", "o"."VehicleOccupancyClaimedAt", "o"."VehicleOccupancyReleasedAt"
FROM "OrderIntents" AS "o"
WHERE "o"."DemandId" = @__runtime_DemandId_0 AND "o"."Purpose" = @__purpose_1
LIMIT 2
[21:02:59 INF] Start processing HTTP request GET http://127.0.0.1:48408/api/order/v1/orderRecord/detailByUpperId/W2G-d243bd29-0e9a-478c-986a-91d67e26d8ca-GATE-1
[21:02:59 INF] Sending HTTP request GET http://127.0.0.1:48408/api/order/v1/orderRecord/detailByUpperId/W2G-d243bd29-0e9a-478c-986a-91d67e26d8ca-GATE-1
[21:02:59 INF] Received HTTP response headers after 0.3898ms - 200
[21:02:59 INF] End processing HTTP request after 1.0218ms - 200
[21:02:59 INF] Start processing HTTP request GET http://127.0.0.1:48408/api/task/vehicles/getVehicleInfoByDeviceKey?key=BROKERX-L2-0001
[21:02:59 INF] Sending HTTP request GET http://127.0.0.1:48408/api/task/vehicles/getVehicleInfoByDeviceKey?key=BROKERX-L2-0001
[21:02:59 INF] Received HTTP response headers after 0.3284ms - 200
[21:02:59 INF] End processing HTTP request after 0.9201ms - 200
[21:02:59 INF] Executed DbCommand (0ms) [Parameters=[@__agvId_0='?' (Size = 10)], CommandType='Text', CommandTimeout='30']
SELECT "s"."AgvId", "s"."ActiveUnlockSlotsJson", "s"."CapabilityHash", "s"."CapabilityRevision", "s"."DepartureSafe", "s"."ForcedRecoveryGeneration", "s"."ManifestSha256", "s"."PendingAttemptIdsJson", "s"."PendingResultIdsJson", "s"."ProfileId", "s"."ProtocolCommit", "s"."ProtocolVersion", "s"."ProvenRecoveryCheckpoint", "s"."Readiness", "s"."ReasonCode", "s"."RecoveryReportId", "s"."ReportedForcedRecoveryGeneration", "s"."ReportedSlotConfigurationFingerprint", "s"."SafetyHash", "s"."SafetyReasonCodesJson", "s"."SafetyRevision", "s"."SafetyUnknownPresent", "s"."SessionGeneration", "s"."UnsettledSlotOperationAttemptId", "s"."UpdatedAt"
FROM "SessionRecoveries" AS "s"
WHERE "s"."AgvId" = @__agvId_0 AND "s"."Readiness" = 'Ready'
LIMIT 2
[21:02:59 INF] Executed DbCommand (0ms) [Parameters=[@__messageType_0='?' (Size = 18)], CommandType='Text', CommandTimeout='30']
SELECT "p"."MessageId", "p"."ContentHash", "p"."FirstResponseJson", "p"."MessageType", "p"."ReceivedAt", "p"."RequestJson"
FROM "ProtocolInbox" AS "p"
WHERE "p"."MessageType" = @__messageType_0
[21:02:59 INF] Executed DbCommand (0ms) [Parameters=[], CommandType='Text', CommandTimeout='30']
SELECT "p"."MessageId", "p"."ContentHash", "p"."FirstResponseJson", "p"."MessageType", "p"."ReceivedAt", "p"."RequestJson"
FROM "ProtocolInbox" AS "p"
WHERE "p"."MessageType" = 'SafetyStateSnapshot'
[21:02:59 INF] Executed DbCommand (0ms) [Parameters=[], CommandType='Text', CommandTimeout='30']
SELECT "p"."MessageId", "p"."ContentHash", "p"."FirstResponseJson", "p"."MessageType", "p"."ReceivedAt", "p"."RequestJson"
FROM "ProtocolInbox" AS "p"
WHERE "p"."MessageType" IN ('SafetyStateSnapshot', 'SafetyStateChanged')
[21:02:59 INF] Executed DbCommand (0ms) [Parameters=[], CommandType='Text', CommandTimeout='30']
SELECT "p"."MessageId", "p"."ContentHash", "p"."FirstResponseJson", "p"."MessageType", "p"."ReceivedAt", "p"."RequestJson"
FROM "ProtocolInbox" AS "p"
[21:02:59 INF] Executed DbCommand (0ms) [Parameters=[@__runtime_DemandId_0='?' (Size = 36)], CommandType='Text', CommandTimeout='30']
SELECT "a"."WorkType"
FROM "AcceptedDemands" AS "a"
WHERE "a"."DemandId" = @__runtime_DemandId_0
LIMIT 2
[21:02:59 INF] Executed DbCommand (0ms) [Parameters=[@__demandId_0='?' (Size = 36)], CommandType='Text', CommandTimeout='30']
SELECT "c"."ConsumerKind", "c"."ConsumerId", "c"."ObjectKind", "c"."ObjectId", "c"."FrozenAt", "c"."FrozenVersion", "c"."SnapshotId"
FROM "ConfigurationConsumerBindings" AS "c"
WHERE "c"."ConsumerKind" = 'TransportDemand' AND "c"."ConsumerId" = @__demandId_0 AND (("c"."ObjectKind" = 'TaskTypeStationRule' AND "c"."ObjectId" = 'task-type-station-rules') OR ("c"."ObjectKind" = 'PublicStationBinding' AND "c"."ObjectId" LIKE 'map-%'))
[21:02:59 INF] Executed DbCommand (0ms) [Parameters=[@__freeze_RuleVersion_0='?' (DbType = Int64), @__taskType_1='?' (Size = 12)], CommandType='Text', CommandTimeout='30']
SELECT "t"."FixedEnd"
FROM "TaskTypeStationRules" AS "t"
WHERE "t"."Version" = @__freeze_RuleVersion_0 AND "t"."TaskType" = @__taskType_1
LIMIT 2
[21:02:59 INF] Executed DbCommand (0ms) [Parameters=[@__runtime_DemandId_0='?' (Size = 36)], CommandType='Text', CommandTimeout='30']
SELECT "a"."DemandId", "a"."AcceptedAt", "a"."CatalogRevision", "a"."CreatedAt", "a"."DemandRevision", "a"."Generation", "a"."HistoryEpoch", "a"."LiveMesFieldsJson", "a"."SeriesId", "a"."Status", "a"."Sublot", "a"."TransportDemandKey", "a"."ValueObservedAt", "a"."ValuePollTraceId", "a"."ValueProjectionCommitId", "a"."WorkType"
FROM "AcceptedDemands" AS "a"
WHERE "a"."DemandId" = @__runtime_DemandId_0
LIMIT 2
[21:02:59 INF] Executed DbCommand (0ms) [Parameters=[@__messageId_0='?' (Size = 36)], CommandType='Text', CommandTimeout='30']
SELECT "p"."MessageId", "p"."AcknowledgedAt", "p"."CreatedAt", "p"."FencedAt", "p"."MessageType", "p"."PayloadJson"
FROM "ProtocolOutbox" AS "p"
WHERE "p"."MessageId" = @__messageId_0
LIMIT 2
[21:02:59 INF] Executed DbCommand (0ms) [Parameters=[@__messageId_0='?' (Size = 36)], CommandType='Text', CommandTimeout='30']
SELECT "p"."MessageId", "p"."AcknowledgedAt", "p"."CreatedAt", "p"."FencedAt", "p"."MessageType", "p"."PayloadJson"
FROM "ProtocolOutbox" AS "p"
WHERE "p"."MessageId" = @__messageId_0
LIMIT 2
[21:02:59 INF] Executed DbCommand (1ms) [Parameters=[@p0='?' (Size = 36), @p1='?' (DbType = DateTimeOffset), @p2='?' (DbType = DateTimeOffset), @p3='?' (DbType = DateTimeOffset), @p4='?' (Size = 28), @p5='?' (Size = 752)], CommandType='Text', CommandTimeout='30']
INSERT INTO "ProtocolOutbox" ("MessageId", "AcknowledgedAt", "CreatedAt", "FencedAt", "MessageType", "PayloadJson")
VALUES (@p0, @p1, @p2, @p3, @p4, @p5);
[21:02:59 INF] Executed DbCommand (0ms) [Parameters=[@__messageId_0='?' (Size = 36)], CommandType='Text', CommandTimeout='30']
SELECT "p"."MessageId", "p"."AcknowledgedAt", "p"."CreatedAt", "p"."FencedAt", "p"."MessageType", "p"."PayloadJson"
FROM "ProtocolOutbox" AS "p"
WHERE "p"."MessageId" = @__messageId_0
LIMIT 2
[21:02:59 INF] Executed DbCommand (0ms) [Parameters=[@__messageId_0='?' (Size = 36)], CommandType='Text', CommandTimeout='30']
SELECT "p"."MessageId", "p"."AcknowledgedAt", "p"."CreatedAt", "p"."FencedAt", "p"."MessageType", "p"."PayloadJson"
FROM "ProtocolOutbox" AS "p"
WHERE "p"."MessageId" = @__messageId_0
LIMIT 2
[21:02:59 INF] Executed DbCommand (1ms) [Parameters=[@p0='?' (Size = 36), @p1='?' (DbType = DateTimeOffset), @p2='?' (DbType = DateTimeOffset), @p3='?' (DbType = DateTimeOffset), @p4='?' (Size = 27), @p5='?' (Size = 774)], CommandType='Text', CommandTimeout='30']
INSERT INTO "ProtocolOutbox" ("MessageId", "AcknowledgedAt", "CreatedAt", "FencedAt", "MessageType", "PayloadJson")
VALUES (@p0, @p1, @p2, @p3, @p4, @p5);
[21:02:59 INF] Executed DbCommand (0ms) [Parameters=[@__messageId_0='?' (Size = 36)], CommandType='Text', CommandTimeout='30']
SELECT "p"."MessageId", "p"."AcknowledgedAt", "p"."CreatedAt", "p"."FencedAt", "p"."MessageType", "p"."PayloadJson"
FROM "ProtocolOutbox" AS "p"
WHERE "p"."MessageId" = @__messageId_0
LIMIT 2
[21:02:59 INF] Executed DbCommand (0ms) [Parameters=[@__messageId_0='?' (Size = 36)], CommandType='Text', CommandTimeout='30']
SELECT "p"."MessageId", "p"."AcknowledgedAt", "p"."CreatedAt", "p"."FencedAt", "p"."MessageType", "p"."PayloadJson"
FROM "ProtocolOutbox" AS "p"
WHERE "p"."MessageId" = @__messageId_0
LIMIT 2
[21:02:59 INF] Executed DbCommand (1ms) [Parameters=[@p0='?' (Size = 36), @p1='?' (DbType = DateTimeOffset), @p2='?' (DbType = DateTimeOffset), @p3='?' (DbType = DateTimeOffset), @p4='?' (Size = 24), @p5='?' (Size = 955)], CommandType='Text', CommandTimeout='30']
INSERT INTO "ProtocolOutbox" ("MessageId", "AcknowledgedAt", "CreatedAt", "FencedAt", "MessageType", "PayloadJson")
VALUES (@p0, @p1, @p2, @p3, @p4, @p5);
[21:02:59 INF] Executed DbCommand (0ms) [Parameters=[@__messageId_0='?' (Size = 36)], CommandType='Text', CommandTimeout='30']
SELECT "p"."MessageId", "p"."ContentHash", "p"."FirstResponseJson", "p"."MessageType", "p"."ReceivedAt", "p"."RequestJson"
FROM "ProtocolInbox" AS "p"
WHERE "p"."MessageId" = @__messageId_0
LIMIT 2
[21:02:59 INF] Executed DbCommand (0ms) [Parameters=[@__messageId_0='?' (Size = 36)], CommandType='Text', CommandTimeout='30']
SELECT "p"."MessageId", "p"."AcknowledgedAt", "p"."CreatedAt", "p"."FencedAt", "p"."MessageType", "p"."PayloadJson"
FROM "ProtocolOutbox" AS "p"
WHERE "p"."MessageId" = @__messageId_0
LIMIT 2
[21:02:59 INF] Executed DbCommand (0ms) [Parameters=[@__demandId_0='?' (Size = 36)], CommandType='Text', CommandTimeout='30']
SELECT "c"."ConsumerKind", "c"."ConsumerId", "c"."ObjectKind", "c"."ObjectId", "c"."FrozenAt", "c"."FrozenVersion", "c"."SnapshotId"
FROM "ConfigurationConsumerBindings" AS "c"
WHERE "c"."ConsumerKind" = 'TransportDemand' AND "c"."ConsumerId" = @__demandId_0 AND (("c"."ObjectKind" = 'TaskTypeStationRule' AND "c"."ObjectId" = 'task-type-station-rules') OR ("c"."ObjectKind" = 'PublicStationBinding' AND "c"."ObjectId" LIKE 'map-%'))
[21:02:59 INF] Executed DbCommand (0ms) [Parameters=[@p1='?' (Size = 36), @p0='?' (DbType = DateTimeOffset)], CommandType='Text', CommandTimeout='30']
UPDATE "ProtocolOutbox" SET "AcknowledgedAt" = @p0
WHERE "MessageId" = @p1
RETURNING 1;
[21:02:59 INF] Executed DbCommand (0ms) [Parameters=[@__freeze_RuleVersion_0='?' (DbType = Int64), @__taskType_1='?' (Size = 12)], CommandType='Text', CommandTimeout='30']
SELECT "t"."FixedEnd"
FROM "TaskTypeStationRules" AS "t"
WHERE "t"."Version" = @__freeze_RuleVersion_0 AND "t"."TaskType" = @__taskType_1
LIMIT 2
[21:02:59 INF] Executed DbCommand (0ms) [Parameters=[@p0='?' (Size = 36), @p1='?' (Size = 64), @p2='?', @p3='?' (Size = 18), @p4='?' (DbType = DateTimeOffset), @p5='?' (Size = 634)], CommandType='Text', CommandTimeout='30']
INSERT INTO "ProtocolInbox" ("MessageId", "ContentHash", "FirstResponseJson", "MessageType", "ReceivedAt", "RequestJson")
VALUES (@p0, @p1, @p2, @p3, @p4, @p5);
[21:02:59 INF] Executed DbCommand (0ms) [Parameters=[@__messageId_0='?' (Size = 36)], CommandType='Text', CommandTimeout='30']
SELECT "p"."MessageId", "p"."AcknowledgedAt", "p"."CreatedAt", "p"."FencedAt", "p"."MessageType", "p"."PayloadJson"
FROM "ProtocolOutbox" AS "p"
WHERE "p"."MessageId" = @__messageId_0
LIMIT 2
[21:02:59 INF] Executed DbCommand (0ms) [Parameters=[@__plan_SlotOperationAttemptId_0='?' (Size = 36)], CommandType='Text', CommandTimeout='30']
SELECT "s"."SlotOperationAttemptId", "s"."CommittedAt", "s"."ContentHash", "s"."CreatedAt", "s"."DemandId", "s"."EvidenceJson", "s"."ForcedRecoveryGeneration", "s"."OperationType", "s"."Status", "s"."SublotId", "s"."TargetSlotsJson"
FROM "StationOperations" AS "s"
WHERE "s"."SlotOperationAttemptId" = @__plan_SlotOperationAttemptId_0
LIMIT 2
[21:02:59 INF] Executed DbCommand (0ms) [Parameters=[@__messageId_0='?' (Size = 36)], CommandType='Text', CommandTimeout='30']
SELECT "p"."MessageId", "p"."ContentHash", "p"."FirstResponseJson", "p"."MessageType", "p"."ReceivedAt", "p"."RequestJson"
FROM "ProtocolInbox" AS "p"
WHERE "p"."MessageId" = @__messageId_0
LIMIT 2
[21:02:59 INF] Executed DbCommand (0ms) [Parameters=[@__messageId_0='?' (Size = 36)], CommandType='Text', CommandTimeout='30']
SELECT EXISTS (
    SELECT 1
    FROM "ProtocolOutbox" AS "p"
    WHERE "p"."MessageId" = @__messageId_0)
[21:02:59 INF] Executed DbCommand (0ms) [Parameters=[@__messageId_0='?' (Size = 36)], CommandType='Text', CommandTimeout='30']
SELECT "p"."MessageId", "p"."AcknowledgedAt", "p"."CreatedAt", "p"."FencedAt", "p"."MessageType", "p"."PayloadJson"
FROM "ProtocolOutbox" AS "p"
WHERE "p"."MessageId" = @__messageId_0
LIMIT 2
[21:02:59 INF] Executed DbCommand (0ms) [Parameters=[@p1='?' (Size = 36), @p0='?' (DbType = DateTimeOffset)], CommandType='Text', CommandTimeout='30']
UPDATE "ProtocolOutbox" SET "AcknowledgedAt" = @p0
WHERE "MessageId" = @p1
RETURNING 1;
[21:02:59 INF] Executed DbCommand (0ms) [Parameters=[@p0='?' (Size = 36), @p1='?' (Size = 64), @p2='?', @p3='?' (Size = 18), @p4='?' (DbType = DateTimeOffset), @p5='?' (Size = 633)], CommandType='Text', CommandTimeout='30']
INSERT INTO "ProtocolInbox" ("MessageId", "ContentHash", "FirstResponseJson", "MessageType", "ReceivedAt", "RequestJson")
VALUES (@p0, @p1, @p2, @p3, @p4, @p5);
[21:02:59 INF] Executed DbCommand (0ms) [Parameters=[@__messageId_0='?' (Size = 36)], CommandType='Text', CommandTimeout='30']
SELECT "p"."MessageId", "p"."ContentHash", "p"."FirstResponseJson", "p"."MessageType", "p"."ReceivedAt", "p"."RequestJson"
FROM "ProtocolInbox" AS "p"
WHERE "p"."MessageId" = @__messageId_0
LIMIT 2
[21:02:59 INF] Executed DbCommand (0ms) [Parameters=[@__messageId_0='?' (Size = 36)], CommandType='Text', CommandTimeout='30']
SELECT "p"."MessageId", "p"."AcknowledgedAt", "p"."CreatedAt", "p"."FencedAt", "p"."MessageType", "p"."PayloadJson"
FROM "ProtocolOutbox" AS "p"
WHERE "p"."MessageId" = @__messageId_0
LIMIT 2
[21:02:59 INF] Executed DbCommand (0ms) [Parameters=[@p1='?' (Size = 36), @p0='?' (DbType = DateTimeOffset)], CommandType='Text', CommandTimeout='30']
UPDATE "ProtocolOutbox" SET "AcknowledgedAt" = @p0
WHERE "MessageId" = @p1
RETURNING 1;
[21:02:59 INF] Executed DbCommand (0ms) [Parameters=[@p0='?' (Size = 36), @p1='?' (Size = 64), @p2='?', @p3='?' (Size = 18), @p4='?' (DbType = DateTimeOffset), @p5='?' (Size = 630)], CommandType='Text', CommandTimeout='30']
INSERT INTO "ProtocolInbox" ("MessageId", "ContentHash", "FirstResponseJson", "MessageType", "ReceivedAt", "RequestJson")
VALUES (@p0, @p1, @p2, @p3, @p4, @p5);
[21:02:59 INF] Executed DbCommand (0ms) [Parameters=[@p0='?' (Size = 36), @p1='?' (DbType = DateTimeOffset), @p2='?' (DbType = DateTimeOffset), @p3='?' (DbType = DateTimeOffset), @p4='?' (Size = 20), @p5='?' (Size = 755)], CommandType='Text', CommandTimeout='30']
INSERT INTO "ProtocolOutbox" ("MessageId", "AcknowledgedAt", "CreatedAt", "FencedAt", "MessageType", "PayloadJson")
VALUES (@p0, @p1, @p2, @p3, @p4, @p5);
[21:02:59 INF] Executed DbCommand (0ms) [Parameters=[@p0='?' (Size = 36), @p1='?' (DbType = DateTimeOffset), @p2='?' (Size = 64), @p3='?' (DbType = DateTimeOffset), @p4='?' (Size = 36), @p5='?', @p6='?' (DbType = Int64), @p7='?' (Size = 6), @p8='?' (Size = 8), @p9='?' (Size = 25), @p10='?' (Size = 3)], CommandType='Text', CommandTimeout='30']
INSERT INTO "StationOperations" ("SlotOperationAttemptId", "CommittedAt", "ContentHash", "CreatedAt", "DemandId", "EvidenceJson", "ForcedRecoveryGeneration", "OperationType", "Status", "SublotId", "TargetSlotsJson")
VALUES (@p0, @p1, @p2, @p3, @p4, @p5, @p6, @p7, @p8, @p9, @p10);
[21:02:59 INF] Executed DbCommand (0ms) [Parameters=[@p2='?' (Size = 36), @p0='?' (Size = 20), @p1='?' (DbType = DateTimeOffset)], CommandType='Text', CommandTimeout='30']
UPDATE "JourneyRuntimes" SET "Stage" = @p0, "UpdatedAt" = @p1
WHERE "DemandId" = @p2
RETURNING 1;
[21:02:59 INF] Executed DbCommand (0ms) [Parameters=[@__messageId_0='?' (Size = 36)], CommandType='Text', CommandTimeout='30']
SELECT "p"."MessageId", "p"."ContentHash", "p"."FirstResponseJson", "p"."MessageType", "p"."ReceivedAt", "p"."RequestJson"
FROM "ProtocolInbox" AS "p"
WHERE "p"."MessageId" = @__messageId_0
LIMIT 2
[21:02:59 INF] Executed DbCommand (0ms) [Parameters=[@p0='?' (Size = 36), @p1='?' (Size = 64), @p2='?' (Size = 665), @p3='?' (Size = 17), @p4='?' (DbType = DateTimeOffset), @p5='?' (Size = 571)], CommandType='Text', CommandTimeout='30']
INSERT INTO "ProtocolInbox" ("MessageId", "ContentHash", "FirstResponseJson", "MessageType", "ReceivedAt", "RequestJson")
VALUES (@p0, @p1, @p2, @p3, @p4, @p5);
[21:02:59 INF] Executed DbCommand (0ms) [Parameters=[@__messageId_0='?' (Size = 36)], CommandType='Text', CommandTimeout='30']
SELECT "p"."MessageId", "p"."ContentHash", "p"."FirstResponseJson", "p"."MessageType", "p"."ReceivedAt", "p"."RequestJson"
FROM "ProtocolInbox" AS "p"
WHERE "p"."MessageId" = @__messageId_0
LIMIT 2
[21:02:59 INF] Executed DbCommand (0ms) [Parameters=[@p0='?' (Size = 36), @p1='?' (Size = 64), @p2='?' (Size = 665), @p3='?' (Size = 17), @p4='?' (DbType = DateTimeOffset), @p5='?' (Size = 572)], CommandType='Text', CommandTimeout='30']
INSERT INTO "ProtocolInbox" ("MessageId", "ContentHash", "FirstResponseJson", "MessageType", "ReceivedAt", "RequestJson")
VALUES (@p0, @p1, @p2, @p3, @p4, @p5);
[21:02:59 INF] Executed DbCommand (0ms) [Parameters=[@__messageId_0='?' (Size = 36)], CommandType='Text', CommandTimeout='30']
SELECT "p"."MessageId", "p"."ContentHash", "p"."FirstResponseJson", "p"."MessageType", "p"."ReceivedAt", "p"."RequestJson"
FROM "ProtocolInbox" AS "p"
WHERE "p"."MessageId" = @__messageId_0
LIMIT 2
[21:02:59 INF] Executed DbCommand (0ms) [Parameters=[@__agvId_0='?' (Size = 10)], CommandType='Text', CommandTimeout='30']
SELECT "s"."AgvId", "s"."ActiveUnlockSlotsJson", "s"."CapabilityHash", "s"."CapabilityRevision", "s"."DepartureSafe", "s"."ForcedRecoveryGeneration", "s"."ManifestSha256", "s"."PendingAttemptIdsJson", "s"."PendingResultIdsJson", "s"."ProfileId", "s"."ProtocolCommit", "s"."ProtocolVersion", "s"."ProvenRecoveryCheckpoint", "s"."Readiness", "s"."ReasonCode", "s"."RecoveryReportId", "s"."ReportedForcedRecoveryGeneration", "s"."ReportedSlotConfigurationFingerprint", "s"."SafetyHash", "s"."SafetyReasonCodesJson", "s"."SafetyRevision", "s"."SafetyUnknownPresent", "s"."SessionGeneration", "s"."UnsettledSlotOperationAttemptId", "s"."UpdatedAt"
FROM "SessionRecoveries" AS "s"
WHERE "s"."AgvId" = @__agvId_0
LIMIT 2
[21:02:59 INF] Executed DbCommand (0ms) [Parameters=[@p7='?' (Size = 10), @p0='?' (DbType = Boolean), @p1='?' (Size = 16), @p2='?' (Size = 20), @p3='?' (Size = 64), @p4='?' (Size = 27), @p5='?' (DbType = Int64), @p6='?' (DbType = DateTimeOffset)], CommandType='Text', CommandTimeout='30']
UPDATE "SessionRecoveries" SET "DepartureSafe" = @p0, "Readiness" = @p1, "ReasonCode" = @p2, "SafetyHash" = @p3, "SafetyReasonCodesJson" = @p4, "SafetyRevision" = @p5, "UpdatedAt" = @p6
WHERE "AgvId" = @p7
RETURNING 1;
[21:02:59 INF] Executed DbCommand (0ms) [Parameters=[@__agvId_0='?' (Size = 10)], CommandType='Text', CommandTimeout='30']
SELECT "s"."AgvId", "s"."ActiveUnlockSlotsJson", "s"."CapabilityHash", "s"."CapabilityRevision", "s"."DepartureSafe", "s"."ForcedRecoveryGeneration", "s"."ManifestSha256", "s"."PendingAttemptIdsJson", "s"."PendingResultIdsJson", "s"."ProfileId", "s"."ProtocolCommit", "s"."ProtocolVersion", "s"."ProvenRecoveryCheckpoint", "s"."Readiness", "s"."ReasonCode", "s"."RecoveryReportId", "s"."ReportedForcedRecoveryGeneration", "s"."ReportedSlotConfigurationFingerprint", "s"."SafetyHash", "s"."SafetyReasonCodesJson", "s"."SafetyRevision", "s"."SafetyUnknownPresent", "s"."SessionGeneration", "s"."UnsettledSlotOperationAttemptId", "s"."UpdatedAt"
FROM "SessionRecoveries" AS "s"
WHERE "s"."AgvId" = @__agvId_0
LIMIT 2
[21:02:59 INF] Executed DbCommand (0ms) [Parameters=[@__row_AgvId_0='?' (Size = 10)], CommandType='Text', CommandTimeout='30']
SELECT EXISTS (
    SELECT 1
    FROM "StationOperations" AS "s"
    INNER JOIN "JourneyRuntimes" AS "j" ON "s"."DemandId" = "j"."DemandId"
    WHERE "j"."AgvId" = @__row_AgvId_0 AND "s"."Status" = 'Prepared')
[21:02:59 INF] Executed DbCommand (0ms) [Parameters=[@__agvId_0='?' (Size = 10)], CommandType='Text', CommandTimeout='30']
SELECT EXISTS (
    SELECT 1
    FROM "StationOperations" AS "s"
    INNER JOIN "JourneyRuntimes" AS "j" ON "s"."DemandId" = "j"."DemandId"
    WHERE "j"."AgvId" = @__agvId_0 AND "s"."Status" = 'RecoveryRequired')
[21:02:59 INF] Executed DbCommand (0ms) [Parameters=[@__agvId_0='?' (Size = 10)], CommandType='Text', CommandTimeout='30']
SELECT EXISTS (
    SELECT 1
    FROM "RecoveryWorkflows" AS "r"
    WHERE "r"."AgvId" = @__agvId_0 AND "r"."WorkflowType" = 'FORCED_MECHANICAL_RECOVERY' AND "r"."State" <> 'HistoricalOnly' AND NOT EXISTS (
        SELECT 1
        FROM "HardwareRecoveryRecords" AS "h"
        WHERE "h"."RecoveryActionId" = "r"."WorkflowId"))
[21:02:59 INF] Executed DbCommand (0ms) [Parameters=[@__agvId_0='?' (Size = 10)], CommandType='Text', CommandTimeout='30']
SELECT "a"."AgvId", "a"."ActivatedAt", "a"."ActivationId", "a"."ConfigurationVersion", "a"."Fingerprint", "a"."SlotModelVersionId", "a"."SnapshotId"
FROM "ActiveSlotConfigurations" AS "a"
WHERE "a"."AgvId" = @__agvId_0
LIMIT 1
[21:02:59 INF] Executed DbCommand (0ms) [Parameters=[@p3='?' (Size = 10), @p0='?' (Size = 5), @p1='?' (Size = 5), @p2='?' (DbType = DateTimeOffset)], CommandType='Text', CommandTimeout='30']
UPDATE "SessionRecoveries" SET "Readiness" = @p0, "ReasonCode" = @p1, "UpdatedAt" = @p2
WHERE "AgvId" = @p3
RETURNING 1;
[21:02:59 INF] Executed DbCommand (0ms) [Parameters=[@__agvId_0='?' (Size = 10)], CommandType='Text', CommandTimeout='30']
SELECT "o"."AlarmsJson"
FROM "OnboardAlarmSnapshots" AS "o"
WHERE "o"."AgvId" = @__agvId_0
LIMIT 1
[21:02:59 INF] Executed DbCommand (0ms) [Parameters=[@p0='?' (Size = 36), @p1='?' (Size = 64), @p2='?' (Size = 1234), @p3='?' (Size = 18), @p4='?' (DbType = DateTimeOffset), @p5='?' (Size = 680)], CommandType='Text', CommandTimeout='30']
INSERT INTO "ProtocolInbox" ("MessageId", "ContentHash", "FirstResponseJson", "MessageType", "ReceivedAt", "RequestJson")
VALUES (@p0, @p1, @p2, @p3, @p4, @p5);
[21:02:59 INF] Executed DbCommand (0ms) [Parameters=[@__messageId_0='?' (Size = 36)], CommandType='Text', CommandTimeout='30']
SELECT "p"."MessageId", "p"."ContentHash", "p"."FirstResponseJson", "p"."MessageType", "p"."ReceivedAt", "p"."RequestJson"
FROM "ProtocolInbox" AS "p"
WHERE "p"."MessageId" = @__messageId_0
LIMIT 2
[21:02:59 INF] Executed DbCommand (0ms) [Parameters=[@__agvId_0='?' (Size = 10)], CommandType='Text', CommandTimeout='30']
SELECT "s"."AgvId", "s"."ActiveUnlockSlotsJson", "s"."CapabilityHash", "s"."CapabilityRevision", "s"."DepartureSafe", "s"."ForcedRecoveryGeneration", "s"."ManifestSha256", "s"."PendingAttemptIdsJson", "s"."PendingResultIdsJson", "s"."ProfileId", "s"."ProtocolCommit", "s"."ProtocolVersion", "s"."ProvenRecoveryCheckpoint", "s"."Readiness", "s"."ReasonCode", "s"."RecoveryReportId", "s"."ReportedForcedRecoveryGeneration", "s"."ReportedSlotConfigurationFingerprint", "s"."SafetyHash", "s"."SafetyReasonCodesJson", "s"."SafetyRevision", "s"."SafetyUnknownPresent", "s"."SessionGeneration", "s"."UnsettledSlotOperationAttemptId", "s"."UpdatedAt"
FROM "SessionRecoveries" AS "s"
WHERE "s"."AgvId" = @__agvId_0
LIMIT 2
[21:02:59 INF] Executed DbCommand (0ms) [Parameters=[@p6='?' (Size = 10), @p0='?' (Size = 16), @p1='?' (Size = 20), @p2='?' (Size = 64), @p3='?' (Size = 45), @p4='?' (DbType = Int64), @p5='?' (DbType = DateTimeOffset)], CommandType='Text', CommandTimeout='30']
UPDATE "SessionRecoveries" SET "Readiness" = @p0, "ReasonCode" = @p1, "SafetyHash" = @p2, "SafetyReasonCodesJson" = @p3, "SafetyRevision" = @p4, "UpdatedAt" = @p5
WHERE "AgvId" = @p6
RETURNING 1;
[21:02:59 INF] Executed DbCommand (0ms) [Parameters=[@__agvId_0='?' (Size = 10)], CommandType='Text', CommandTimeout='30']
SELECT "s"."AgvId", "s"."ActiveUnlockSlotsJson", "s"."CapabilityHash", "s"."CapabilityRevision", "s"."DepartureSafe", "s"."ForcedRecoveryGeneration", "s"."ManifestSha256", "s"."PendingAttemptIdsJson", "s"."PendingResultIdsJson", "s"."ProfileId", "s"."ProtocolCommit", "s"."ProtocolVersion", "s"."ProvenRecoveryCheckpoint", "s"."Readiness", "s"."ReasonCode", "s"."RecoveryReportId", "s"."ReportedForcedRecoveryGeneration", "s"."ReportedSlotConfigurationFingerprint", "s"."SafetyHash", "s"."SafetyReasonCodesJson", "s"."SafetyRevision", "s"."SafetyUnknownPresent", "s"."SessionGeneration", "s"."UnsettledSlotOperationAttemptId", "s"."UpdatedAt"
FROM "SessionRecoveries" AS "s"
WHERE "s"."AgvId" = @__agvId_0
LIMIT 2
[21:02:59 INF] Executed DbCommand (0ms) [Parameters=[@__row_AgvId_0='?' (Size = 10)], CommandType='Text', CommandTimeout='30']
SELECT EXISTS (
    SELECT 1
    FROM "StationOperations" AS "s"
    INNER JOIN "JourneyRuntimes" AS "j" ON "s"."DemandId" = "j"."DemandId"
    WHERE "j"."AgvId" = @__row_AgvId_0 AND "s"."Status" = 'Prepared')
[21:02:59 INF] Executed DbCommand (0ms) [Parameters=[@__agvId_0='?' (Size = 10)], CommandType='Text', CommandTimeout='30']
SELECT EXISTS (
    SELECT 1
    FROM "StationOperations" AS "s"
    INNER JOIN "JourneyRuntimes" AS "j" ON "s"."DemandId" = "j"."DemandId"
    WHERE "j"."AgvId" = @__agvId_0 AND "s"."Status" = 'RecoveryRequired')
[21:02:59 INF] Executed DbCommand (0ms) [Parameters=[@__agvId_0='?' (Size = 10)], CommandType='Text', CommandTimeout='30']
SELECT EXISTS (
    SELECT 1
    FROM "RecoveryWorkflows" AS "r"
    WHERE "r"."AgvId" = @__agvId_0 AND "r"."WorkflowType" = 'FORCED_MECHANICAL_RECOVERY' AND "r"."State" <> 'HistoricalOnly' AND NOT EXISTS (
        SELECT 1
        FROM "HardwareRecoveryRecords" AS "h"
        WHERE "h"."RecoveryActionId" = "r"."WorkflowId"))
[21:02:59 INF] Executed DbCommand (0ms) [Parameters=[@__agvId_0='?' (Size = 10)], CommandType='Text', CommandTimeout='30']
SELECT "a"."AgvId", "a"."ActivatedAt", "a"."ActivationId", "a"."ConfigurationVersion", "a"."Fingerprint", "a"."SlotModelVersionId", "a"."SnapshotId"
FROM "ActiveSlotConfigurations" AS "a"
WHERE "a"."AgvId" = @__agvId_0
LIMIT 1
[21:02:59 INF] Executed DbCommand (0ms) [Parameters=[@p3='?' (Size = 10), @p0='?' (Size = 5), @p1='?' (Size = 5), @p2='?' (DbType = DateTimeOffset)], CommandType='Text', CommandTimeout='30']
UPDATE "SessionRecoveries" SET "Readiness" = @p0, "ReasonCode" = @p1, "UpdatedAt" = @p2
WHERE "AgvId" = @p3
RETURNING 1;
[21:02:59 INF] Executed DbCommand (0ms) [Parameters=[@__agvId_0='?' (Size = 10)], CommandType='Text', CommandTimeout='30']
SELECT "o"."AlarmsJson"
FROM "OnboardAlarmSnapshots" AS "o"
WHERE "o"."AgvId" = @__agvId_0
LIMIT 1
[21:02:59 INF] Executed DbCommand (0ms) [Parameters=[@p0='?' (Size = 36), @p1='?' (Size = 64), @p2='?' (Size = 1236), @p3='?' (Size = 18), @p4='?' (DbType = DateTimeOffset), @p5='?' (Size = 699)], CommandType='Text', CommandTimeout='30']
INSERT INTO "ProtocolInbox" ("MessageId", "ContentHash", "FirstResponseJson", "MessageType", "ReceivedAt", "RequestJson")
VALUES (@p0, @p1, @p2, @p3, @p4, @p5);
[21:02:59 INF] Start processing HTTP request GET http://127.0.0.1:48408/api/task/v1/task/getVehicleInfo/BROKERX-L2-0001
[21:02:59 INF] Sending HTTP request GET http://127.0.0.1:48408/api/task/v1/task/getVehicleInfo/BROKERX-L2-0001
[21:02:59 INF] Received HTTP response headers after 0.4851ms - 200
[21:02:59 INF] End processing HTTP request after 3.9073ms - 200
[21:02:59 INF] Start processing HTTP request GET http://127.0.0.1:48408/api/order/v1/orderRecord?pageNum=1&pageSize=100&filterByState=1&filterByState=3&filterByState=7&filterByState=9
[21:02:59 INF] Sending HTTP request GET http://127.0.0.1:48408/api/order/v1/orderRecord?pageNum=1&pageSize=100&filterByState=1&filterByState=3&filterByState=7&filterByState=9
[21:02:59 INF] Received HTTP response headers after 0.4329ms - 200
[21:02:59 INF] End processing HTTP request after 1.4899ms - 200
[21:02:59 INF] HTTP GET /api/onboard/v1/vehicle-safety responded 200 in 6.6776 ms
[21:02:59 INF] Executed DbCommand (0ms) [Parameters=[@__messageId_0='?' (Size = 36)], CommandType='Text', CommandTimeout='30']
SELECT "p"."MessageId", "p"."ContentHash", "p"."FirstResponseJson", "p"."MessageType", "p"."ReceivedAt", "p"."RequestJson"
FROM "ProtocolInbox" AS "p"
WHERE "p"."MessageId" = @__messageId_0
LIMIT 2
[21:02:59 INF] Executed DbCommand (0ms) [Parameters=[@__agvId_0='?' (Size = 10)], CommandType='Text', CommandTimeout='30']
SELECT "s"."AgvId", "s"."ActiveUnlockSlotsJson", "s"."CapabilityHash", "s"."CapabilityRevision", "s"."DepartureSafe", "s"."ForcedRecoveryGeneration", "s"."ManifestSha256", "s"."PendingAttemptIdsJson", "s"."PendingResultIdsJson", "s"."ProfileId", "s"."ProtocolCommit", "s"."ProtocolVersion", "s"."ProvenRecoveryCheckpoint", "s"."Readiness", "s"."ReasonCode", "s"."RecoveryReportId", "s"."ReportedForcedRecoveryGeneration", "s"."ReportedSlotConfigurationFingerprint", "s"."SafetyHash", "s"."SafetyReasonCodesJson", "s"."SafetyRevision", "s"."SafetyUnknownPresent", "s"."SessionGeneration", "s"."UnsettledSlotOperationAttemptId", "s"."UpdatedAt"
FROM "SessionRecoveries" AS "s"
WHERE "s"."AgvId" = @__agvId_0
LIMIT 2
[21:02:59 INF] Executed DbCommand (0ms) [Parameters=[@p6='?' (Size = 10), @p0='?' (Size = 16), @p1='?' (Size = 20), @p2='?' (Size = 64), @p3='?' (Size = 19), @p4='?' (DbType = Int64), @p5='?' (DbType = DateTimeOffset)], CommandType='Text', CommandTimeout='30']
UPDATE "SessionRecoveries" SET "Readiness" = @p0, "ReasonCode" = @p1, "SafetyHash" = @p2, "SafetyReasonCodesJson" = @p3, "SafetyRevision" = @p4, "UpdatedAt" = @p5
WHERE "AgvId" = @p6
RETURNING 1;
[21:02:59 INF] Executed DbCommand (0ms) [Parameters=[@__agvId_0='?' (Size = 10)], CommandType='Text', CommandTimeout='30']
SELECT "s"."AgvId", "s"."ActiveUnlockSlotsJson", "s"."CapabilityHash", "s"."CapabilityRevision", "s"."DepartureSafe", "s"."ForcedRecoveryGeneration", "s"."ManifestSha256", "s"."PendingAttemptIdsJson", "s"."PendingResultIdsJson", "s"."ProfileId", "s"."ProtocolCommit", "s"."ProtocolVersion", "s"."ProvenRecoveryCheckpoint", "s"."Readiness", "s"."ReasonCode", "s"."RecoveryReportId", "s"."ReportedForcedRecoveryGeneration", "s"."ReportedSlotConfigurationFingerprint", "s"."SafetyHash", "s"."SafetyReasonCodesJson", "s"."SafetyRevision", "s"."SafetyUnknownPresent", "s"."SessionGeneration", "s"."UnsettledSlotOperationAttemptId", "s"."UpdatedAt"
FROM "SessionRecoveries" AS "s"
WHERE "s"."AgvId" = @__agvId_0
LIMIT 2
[21:02:59 INF] Executed DbCommand (0ms) [Parameters=[@__row_AgvId_0='?' (Size = 10)], CommandType='Text', CommandTimeout='30']
SELECT EXISTS (
    SELECT 1
    FROM "StationOperations" AS "s"
    INNER JOIN "JourneyRuntimes" AS "j" ON "s"."DemandId" = "j"."DemandId"
    WHERE "j"."AgvId" = @__row_AgvId_0 AND "s"."Status" = 'Prepared')
[21:02:59 INF] Executed DbCommand (0ms) [Parameters=[@__agvId_0='?' (Size = 10)], CommandType='Text', CommandTimeout='30']
SELECT EXISTS (
    SELECT 1
    FROM "StationOperations" AS "s"
    INNER JOIN "JourneyRuntimes" AS "j" ON "s"."DemandId" = "j"."DemandId"
    WHERE "j"."AgvId" = @__agvId_0 AND "s"."Status" = 'RecoveryRequired')
[21:02:59 INF] Executed DbCommand (0ms) [Parameters=[@__agvId_0='?' (Size = 10)], CommandType='Text', CommandTimeout='30']
SELECT EXISTS (
    SELECT 1
    FROM "RecoveryWorkflows" AS "r"
    WHERE "r"."AgvId" = @__agvId_0 AND "r"."WorkflowType" = 'FORCED_MECHANICAL_RECOVERY' AND "r"."State" <> 'HistoricalOnly' AND NOT EXISTS (
        SELECT 1
        FROM "HardwareRecoveryRecords" AS "h"
        WHERE "h"."RecoveryActionId" = "r"."WorkflowId"))
[21:02:59 INF] Executed DbCommand (0ms) [Parameters=[@__agvId_0='?' (Size = 10)], CommandType='Text', CommandTimeout='30']
SELECT "a"."AgvId", "a"."ActivatedAt", "a"."ActivationId", "a"."ConfigurationVersion", "a"."Fingerprint", "a"."SlotModelVersionId", "a"."SnapshotId"
FROM "ActiveSlotConfigurations" AS "a"
WHERE "a"."AgvId" = @__agvId_0
LIMIT 1
[21:02:59 INF] Executed DbCommand (0ms) [Parameters=[@p3='?' (Size = 10), @p0='?' (Size = 5), @p1='?' (Size = 5), @p2='?' (DbType = DateTimeOffset)], CommandType='Text', CommandTimeout='30']
UPDATE "SessionRecoveries" SET "Readiness" = @p0, "ReasonCode" = @p1, "UpdatedAt" = @p2
WHERE "AgvId" = @p3
RETURNING 1;
[21:02:59 INF] Executed DbCommand (0ms) [Parameters=[@__agvId_0='?' (Size = 10)], CommandType='Text', CommandTimeout='30']
SELECT "o"."AlarmsJson"
FROM "OnboardAlarmSnapshots" AS "o"
WHERE "o"."AgvId" = @__agvId_0
LIMIT 1
[21:02:59 INF] Executed DbCommand (0ms) [Parameters=[@p0='?' (Size = 36), @p1='?' (Size = 64), @p2='?' (Size = 1235), @p3='?' (Size = 18), @p4='?' (DbType = DateTimeOffset), @p5='?' (Size = 673)], CommandType='Text', CommandTimeout='30']
INSERT INTO "ProtocolInbox" ("MessageId", "ContentHash", "FirstResponseJson", "MessageType", "ReceivedAt", "RequestJson")
VALUES (@p0, @p1, @p2, @p3, @p4, @p5);
[21:03:00 INF] Start processing HTTP request GET http://127.0.0.1:48408/api/imap/v1/mapInfo/stations/25
[21:03:00 INF] Sending HTTP request GET http://127.0.0.1:48408/api/imap/v1/mapInfo/stations/25
[21:03:00 INF] Received HTTP response headers after 0.5588ms - 200
[21:03:00 INF] End processing HTTP request after 1.9539ms - 200
[21:03:00 INF] Executed DbCommand (0ms) [Parameters=[@__mapId_0='?' (DbType = Int32)], CommandType='Text', CommandTimeout='30']
SELECT "t"."MapId", "t"."ActiveVersion", "t"."PendingVersion", "t"."State", "t"."UpdatedAt"
FROM "TaskTypeStationActiveBindingSets" AS "t"
WHERE "t"."MapId" = @__mapId_0
LIMIT 2
[21:03:00 INF] Executed DbCommand (0ms) [Parameters=[@__mapId_0='?' (DbType = Int32), @__version_1='?' (DbType = Int64)], CommandType='Text', CommandTimeout='30']
SELECT "t"."MapId", "t"."Version", "t"."CatalogRevision", "t"."ContentSha256", "t"."LoadedAt", "t"."RuleVersion", "t"."SnapshotId", "t"."Source"
FROM "TaskTypeStationBindingSetVersions" AS "t"
WHERE "t"."MapId" = @__mapId_0 AND "t"."Version" = @__version_1
LIMIT 2
[21:03:00 INF] Executed DbCommand (0ms) [Parameters=[@__mapId_0='?' (DbType = Int32), @__version_1='?' (DbType = Int64)], CommandType='Text', CommandTimeout='30']
SELECT "t"."TaskType"
FROM "TaskTypeStationRequirements" AS "t"
WHERE "t"."MapId" = @__mapId_0 AND "t"."Version" = @__version_1
[21:03:00 INF] Executed DbCommand (0ms) [Parameters=[@__mapId_0='?' (DbType = Int32), @__version_1='?' (DbType = Int64)], CommandType='Text', CommandTimeout='30']
SELECT "t"."MapId", "t"."Version", "t"."TaskType", "t"."SiteVerificationRef", "t"."StationName", "t"."StationRiotId"
FROM "TaskTypeStationBindings" AS "t"
WHERE "t"."MapId" = @__mapId_0 AND "t"."Version" = @__version_1
[21:03:00 INF] Executed DbCommand (0ms) [Parameters=[@__version_0='?' (DbType = Int64)], CommandType='Text', CommandTimeout='30']
SELECT "t"."Version", "t"."ContentSha256", "t"."LoadedAt", "t"."SnapshotId", "t"."Source"
FROM "TaskTypeStationRuleVersions" AS "t"
WHERE "t"."Version" = @__version_0
LIMIT 2
[21:03:00 INF] Executed DbCommand (0ms) [Parameters=[@__version_0='?' (DbType = Int64)], CommandType='Text', CommandTimeout='30']
SELECT "t"."Version", "t"."TaskType", "t"."FixedEnd"
FROM "TaskTypeStationRules" AS "t"
WHERE "t"."Version" = @__version_0
[21:03:00 INF] Executed DbCommand (0ms) [Parameters=[@__mapId_0='?' (DbType = Int32)], CommandType='Text', CommandTimeout='30']
SELECT "t"."MapId", "t"."ActiveVersion", "t"."PendingVersion", "t"."State", "t"."UpdatedAt"
FROM "TaskTypeStationActiveBindingSets" AS "t"
WHERE "t"."MapId" = @__mapId_0
LIMIT 2
[21:03:00 INF] Executed DbCommand (0ms) [Parameters=[@__mapId_0='?' (DbType = Int32)], CommandType='Text', CommandTimeout='30']
SELECT "t"."HoldId", "t"."DetailJson", "t"."MapId", "t"."RaisedAt", "t"."RaisedBy", "t"."ReasonCode", "t"."ReleasedAt", "t"."ReleasedBy", "t"."Source", "t"."TaskType"
FROM "TaskTypeStationHolds" AS "t"
WHERE "t"."MapId" = @__mapId_0 AND "t"."ReleasedAt" IS NULL
[21:03:00 INF] Executed DbCommand (0ms) [Parameters=[@__mapId_0='?' (DbType = Int32)], CommandType='Text', CommandTimeout='30']
SELECT "m"."MapId", "m"."ApprovedMaxUnconfirmedSeconds", "m"."ApprovedSyncPeriodSeconds", "m"."CatalogRevision", "m"."LastAttemptAt", "m"."LastCompleteConfirmationAt", "m"."LastFailureReason", "m"."State", "m"."UpdatedAt"
FROM "MapStationCatalogStates" AS "m"
WHERE "m"."MapId" = @__mapId_0
LIMIT 2
[21:03:00 INF] Executed DbCommand (0ms) [Parameters=[@p3='?' (DbType = Int32), @p0='?' (DbType = DateTimeOffset), @p1='?' (DbType = DateTimeOffset), @p2='?' (DbType = DateTimeOffset)], CommandType='Text', CommandTimeout='30']
UPDATE "MapStationCatalogStates" SET "LastAttemptAt" = @p0, "LastCompleteConfirmationAt" = @p1, "UpdatedAt" = @p2
WHERE "MapId" = @p3
RETURNING 1;
[21:03:00 INF] Executed DbCommand (0ms) [Parameters=[@__mapId_0='?' (DbType = Int32)], CommandType='Text', CommandTimeout='30']
SELECT "t"."MapId", "t"."ActiveVersion", "t"."PendingVersion", "t"."State", "t"."UpdatedAt"
FROM "TaskTypeStationActiveBindingSets" AS "t"
WHERE "t"."MapId" = @__mapId_0
LIMIT 2
[21:03:00 INF] Executed DbCommand (0ms) [Parameters=[@__mapId_0='?' (DbType = Int32), @__version_1='?' (DbType = Int64)], CommandType='Text', CommandTimeout='30']
SELECT "t"."MapId", "t"."Version", "t"."CatalogRevision", "t"."ContentSha256", "t"."LoadedAt", "t"."RuleVersion", "t"."SnapshotId", "t"."Source"
FROM "TaskTypeStationBindingSetVersions" AS "t"
WHERE "t"."MapId" = @__mapId_0 AND "t"."Version" = @__version_1
LIMIT 2
[21:03:00 INF] Executed DbCommand (0ms) [Parameters=[@__mapId_0='?' (DbType = Int32), @__version_1='?' (DbType = Int64)], CommandType='Text', CommandTimeout='30']
SELECT "t"."TaskType"
FROM "TaskTypeStationRequirements" AS "t"
WHERE "t"."MapId" = @__mapId_0 AND "t"."Version" = @__version_1
[21:03:00 INF] Executed DbCommand (0ms) [Parameters=[@__mapId_0='?' (DbType = Int32), @__version_1='?' (DbType = Int64)], CommandType='Text', CommandTimeout='30']
SELECT "t"."MapId", "t"."Version", "t"."TaskType", "t"."SiteVerificationRef", "t"."StationName", "t"."StationRiotId"
FROM "TaskTypeStationBindings" AS "t"
WHERE "t"."MapId" = @__mapId_0 AND "t"."Version" = @__version_1
[21:03:00 INF] Executed DbCommand (0ms) [Parameters=[@__mapId_0='?' (DbType = Int32)], CommandType='Text', CommandTimeout='30']
SELECT "t"."MapId", "t"."ActiveVersion", "t"."PendingVersion", "t"."State", "t"."UpdatedAt"
FROM "TaskTypeStationActiveBindingSets" AS "t"
WHERE "t"."MapId" = @__mapId_0
LIMIT 2
[21:03:00 INF] Executed DbCommand (0ms) [Parameters=[@__mapId_0='?' (DbType = Int32), @__version_1='?' (DbType = Int64)], CommandType='Text', CommandTimeout='30']
SELECT "t"."MapId", "t"."Version", "t"."CatalogRevision", "t"."ContentSha256", "t"."LoadedAt", "t"."RuleVersion", "t"."SnapshotId", "t"."Source"
FROM "TaskTypeStationBindingSetVersions" AS "t"
WHERE "t"."MapId" = @__mapId_0 AND "t"."Version" = @__version_1
LIMIT 2
[21:03:00 INF] Executed DbCommand (0ms) [Parameters=[@__mapId_0='?' (DbType = Int32), @__version_1='?' (DbType = Int64)], CommandType='Text', CommandTimeout='30']
SELECT "t"."TaskType"
FROM "TaskTypeStationRequirements" AS "t"
WHERE "t"."MapId" = @__mapId_0 AND "t"."Version" = @__version_1
[21:03:00 INF] Executed DbCommand (0ms) [Parameters=[@__mapId_0='?' (DbType = Int32), @__version_1='?' (DbType = Int64)], CommandType='Text', CommandTimeout='30']
SELECT "t"."MapId", "t"."Version", "t"."TaskType", "t"."SiteVerificationRef", "t"."StationName", "t"."StationRiotId"
FROM "TaskTypeStationBindings" AS "t"
WHERE "t"."MapId" = @__mapId_0 AND "t"."Version" = @__version_1
[21:03:00 INF] Executed DbCommand (0ms) [Parameters=[@__version_0='?' (DbType = Int64)], CommandType='Text', CommandTimeout='30']
SELECT "t"."Version", "t"."ContentSha256", "t"."LoadedAt", "t"."SnapshotId", "t"."Source"
FROM "TaskTypeStationRuleVersions" AS "t"
WHERE "t"."Version" = @__version_0
LIMIT 2
[21:03:00 INF] Executed DbCommand (0ms) [Parameters=[@__version_0='?' (DbType = Int64)], CommandType='Text', CommandTimeout='30']
SELECT "t"."Version", "t"."TaskType", "t"."FixedEnd"
FROM "TaskTypeStationRules" AS "t"
WHERE "t"."Version" = @__version_0
[21:03:00 INF] Executed DbCommand (0ms) [Parameters=[], CommandType='Text', CommandTimeout='30']
SELECT "a"."Id", "a"."ContentHash", "a"."DeploymentId", "a"."ImportedAt", "a"."Version"
FROM "AdmissionPolicyState" AS "a"
WHERE "a"."Id" = 1
LIMIT 2
[21:03:00 INF] Executed DbCommand (0ms) [Parameters=[], CommandType='Text', CommandTimeout='30']
SELECT "j"."DemandId", "j"."AgvId", "j"."AgvLifecycleGeneration", "j"."BlockReasonCode", "j"."BlockReasonSince", "j"."ConsumedSafetyResultMessageId", "j"."ConsumedSublotMessageId", "j"."CreatedAt", "j"."DispatchGeneration", "j"."DispatchZone", "j"."ExpectedBasketCount", "j"."GateMovementLegId", "j"."GatePlanMessageId", "j"."GateStationId", "j"."GateStationRiotId", "j"."GateUpperId", "j"."GateVehicleBusinessMessageId", "j"."GateWorklistMessageId", "j"."LoadCommandMessageId", "j"."LoadSlotOperationAttemptId", "j"."MapId", "j"."MapIdentity", "j"."OperationSessionId", "j"."PickupMovementLegId", "j"."PickupStationId", "j"."PickupStationRiotId", "j"."PickupUpperId", "j"."PlanMessageId", "j"."PlanRevision", "j"."PreDepartureSafetyCheckId", "j"."PreDepartureSafetyCheckMessageId", "j"."RouteEvidenceId", "j"."Stage", "j"."StationDepartureWaitStartedAt", "j"."SublotRequestMessageId", "j"."TargetSlotsJson", "j"."UnloadCommandMessageId", "j"."UnloadSlotOperationAttemptId", "j"."UpdatedAt", "j"."VehicleBusinessMessageId", "j"."VehicleBusinessRevision", "j"."VehicleKey", "j"."WorklistMessageId", "j"."WorklistRevision"
FROM "JourneyRuntimes" AS "j"
WHERE "j"."Stage" <> 'Completed'
[21:03:00 INF] Executed DbCommand (0ms) [Parameters=[@__agvId_0='?' (Size = 10)], CommandType='Text', CommandTimeout='30']
SELECT "s"."AgvId", "s"."ActiveUnlockSlotsJson", "s"."CapabilityHash", "s"."CapabilityRevision", "s"."DepartureSafe", "s"."ForcedRecoveryGeneration", "s"."ManifestSha256", "s"."PendingAttemptIdsJson", "s"."PendingResultIdsJson", "s"."ProfileId", "s"."ProtocolCommit", "s"."ProtocolVersion", "s"."ProvenRecoveryCheckpoint", "s"."Readiness", "s"."ReasonCode", "s"."RecoveryReportId", "s"."ReportedForcedRecoveryGeneration", "s"."ReportedSlotConfigurationFingerprint", "s"."SafetyHash", "s"."SafetyReasonCodesJson", "s"."SafetyRevision", "s"."SafetyUnknownPresent", "s"."SessionGeneration", "s"."UnsettledSlotOperationAttemptId", "s"."UpdatedAt"
FROM "SessionRecoveries" AS "s"
WHERE "s"."AgvId" = @__agvId_0 AND "s"."Readiness" = 'Ready'
LIMIT 2
[21:03:00 INF] Executed DbCommand (0ms) [Parameters=[], CommandType='Text', CommandTimeout='30']
SELECT "p"."MessageId", "p"."AcknowledgedAt", "p"."CreatedAt", "p"."FencedAt", "p"."MessageType", "p"."PayloadJson"
FROM "ProtocolOutbox" AS "p"
WHERE "p"."AcknowledgedAt" IS NULL AND "p"."FencedAt" IS NULL
[21:03:00 INF] Executed DbCommand (0ms) [Parameters=[@__runtime_UnloadSlotOperationAttemptId_0='?' (Size = 36)], CommandType='Text', CommandTimeout='30']
SELECT "s"."SlotOperationAttemptId", "s"."CommittedAt", "s"."ContentHash", "s"."CreatedAt", "s"."DemandId", "s"."EvidenceJson", "s"."ForcedRecoveryGeneration", "s"."OperationType", "s"."Status", "s"."SublotId", "s"."TargetSlotsJson"
FROM "StationOperations" AS "s"
WHERE "s"."SlotOperationAttemptId" = @__runtime_UnloadSlotOperationAttemptId_0
LIMIT 2
[21:03:00 INF] Executed DbCommand (0ms) [Parameters=[@__runtime_DemandId_0='?' (Size = 36)], CommandType='Text', CommandTimeout='30']
SELECT "a"."DemandId", "a"."AcceptedAt", "a"."CatalogRevision", "a"."CreatedAt", "a"."DemandRevision", "a"."Generation", "a"."HistoryEpoch", "a"."LiveMesFieldsJson", "a"."SeriesId", "a"."Status", "a"."Sublot", "a"."TransportDemandKey", "a"."ValueObservedAt", "a"."ValuePollTraceId", "a"."ValueProjectionCommitId", "a"."WorkType"
FROM "AcceptedDemands" AS "a"
WHERE "a"."DemandId" = @__runtime_DemandId_0
LIMIT 2
[21:03:00 INF] Executed DbCommand (0ms) [Parameters=[@__messageId_0='?' (Size = 36)], CommandType='Text', CommandTimeout='30']
SELECT "p"."MessageId", "p"."ContentHash", "p"."FirstResponseJson", "p"."MessageType", "p"."ReceivedAt", "p"."RequestJson"
FROM "ProtocolInbox" AS "p"
WHERE "p"."MessageId" = @__messageId_0
LIMIT 2
[21:03:00 INF] Executed DbCommand (0ms) [Parameters=[@p0='?' (Size = 36), @p1='?' (Size = 64), @p2='?' (Size = 664), @p3='?' (Size = 17), @p4='?' (DbType = DateTimeOffset), @p5='?' (Size = 579)], CommandType='Text', CommandTimeout='30']
INSERT INTO "ProtocolInbox" ("MessageId", "ContentHash", "FirstResponseJson", "MessageType", "ReceivedAt", "RequestJson")
VALUES (@p0, @p1, @p2, @p3, @p4, @p5);
[21:03:00 INF] Executed DbCommand (0ms) [Parameters=[@__messageId_0='?' (Size = 36)], CommandType='Text', CommandTimeout='30']
SELECT "p"."MessageId", "p"."ContentHash", "p"."FirstResponseJson", "p"."MessageType", "p"."ReceivedAt", "p"."RequestJson"
FROM "ProtocolInbox" AS "p"
WHERE "p"."MessageId" = @__messageId_0
LIMIT 2
[21:03:00 INF] Executed DbCommand (0ms) [Parameters=[@__agvId_0='?' (Size = 10)], CommandType='Text', CommandTimeout='30']
SELECT "s"."AgvId", "s"."ActiveUnlockSlotsJson", "s"."CapabilityHash", "s"."CapabilityRevision", "s"."DepartureSafe", "s"."ForcedRecoveryGeneration", "s"."ManifestSha256", "s"."PendingAttemptIdsJson", "s"."PendingResultIdsJson", "s"."ProfileId", "s"."ProtocolCommit", "s"."ProtocolVersion", "s"."ProvenRecoveryCheckpoint", "s"."Readiness", "s"."ReasonCode", "s"."RecoveryReportId", "s"."ReportedForcedRecoveryGeneration", "s"."ReportedSlotConfigurationFingerprint", "s"."SafetyHash", "s"."SafetyReasonCodesJson", "s"."SafetyRevision", "s"."SafetyUnknownPresent", "s"."SessionGeneration", "s"."UnsettledSlotOperationAttemptId", "s"."UpdatedAt"
FROM "SessionRecoveries" AS "s"
WHERE "s"."AgvId" = @__agvId_0
LIMIT 2
[21:03:00 INF] Executed DbCommand (0ms) [Parameters=[@p5='?' (Size = 10), @p0='?' (Size = 16), @p1='?' (Size = 20), @p2='?' (Size = 64), @p3='?' (DbType = Int64), @p4='?' (DbType = DateTimeOffset)], CommandType='Text', CommandTimeout='30']
UPDATE "SessionRecoveries" SET "Readiness" = @p0, "ReasonCode" = @p1, "SafetyHash" = @p2, "SafetyRevision" = @p3, "UpdatedAt" = @p4
WHERE "AgvId" = @p5
RETURNING 1;
[21:03:00 INF] Executed DbCommand (0ms) [Parameters=[@__agvId_0='?' (Size = 10)], CommandType='Text', CommandTimeout='30']
SELECT "s"."AgvId", "s"."ActiveUnlockSlotsJson", "s"."CapabilityHash", "s"."CapabilityRevision", "s"."DepartureSafe", "s"."ForcedRecoveryGeneration", "s"."ManifestSha256", "s"."PendingAttemptIdsJson", "s"."PendingResultIdsJson", "s"."ProfileId", "s"."ProtocolCommit", "s"."ProtocolVersion", "s"."ProvenRecoveryCheckpoint", "s"."Readiness", "s"."ReasonCode", "s"."RecoveryReportId", "s"."ReportedForcedRecoveryGeneration", "s"."ReportedSlotConfigurationFingerprint", "s"."SafetyHash", "s"."SafetyReasonCodesJson", "s"."SafetyRevision", "s"."SafetyUnknownPresent", "s"."SessionGeneration", "s"."UnsettledSlotOperationAttemptId", "s"."UpdatedAt"
FROM "SessionRecoveries" AS "s"
WHERE "s"."AgvId" = @__agvId_0
LIMIT 2
[21:03:00 INF] Executed DbCommand (0ms) [Parameters=[@__row_AgvId_0='?' (Size = 10)], CommandType='Text', CommandTimeout='30']
SELECT EXISTS (
    SELECT 1
    FROM "StationOperations" AS "s"
    INNER JOIN "JourneyRuntimes" AS "j" ON "s"."DemandId" = "j"."DemandId"
    WHERE "j"."AgvId" = @__row_AgvId_0 AND "s"."Status" = 'Prepared')
[21:03:00 INF] Executed DbCommand (0ms) [Parameters=[@__agvId_0='?' (Size = 10)], CommandType='Text', CommandTimeout='30']
SELECT EXISTS (
    SELECT 1
    FROM "StationOperations" AS "s"
    INNER JOIN "JourneyRuntimes" AS "j" ON "s"."DemandId" = "j"."DemandId"
    WHERE "j"."AgvId" = @__agvId_0 AND "s"."Status" = 'RecoveryRequired')
[21:03:00 INF] Executed DbCommand (0ms) [Parameters=[@__agvId_0='?' (Size = 10)], CommandType='Text', CommandTimeout='30']
SELECT EXISTS (
    SELECT 1
    FROM "RecoveryWorkflows" AS "r"
    WHERE "r"."AgvId" = @__agvId_0 AND "r"."WorkflowType" = 'FORCED_MECHANICAL_RECOVERY' AND "r"."State" <> 'HistoricalOnly' AND NOT EXISTS (
        SELECT 1
        FROM "HardwareRecoveryRecords" AS "h"
        WHERE "h"."RecoveryActionId" = "r"."WorkflowId"))
[21:03:00 INF] Executed DbCommand (0ms) [Parameters=[@__agvId_0='?' (Size = 10)], CommandType='Text', CommandTimeout='30']
SELECT "a"."AgvId", "a"."ActivatedAt", "a"."ActivationId", "a"."ConfigurationVersion", "a"."Fingerprint", "a"."SlotModelVersionId", "a"."SnapshotId"
FROM "ActiveSlotConfigurations" AS "a"
WHERE "a"."AgvId" = @__agvId_0
LIMIT 1
[21:03:00 INF] Executed DbCommand (0ms) [Parameters=[@p3='?' (Size = 10), @p0='?' (Size = 5), @p1='?' (Size = 5), @p2='?' (DbType = DateTimeOffset)], CommandType='Text', CommandTimeout='30']
UPDATE "SessionRecoveries" SET "Readiness" = @p0, "ReasonCode" = @p1, "UpdatedAt" = @p2
WHERE "AgvId" = @p3
RETURNING 1;
[21:03:00 INF] Executed DbCommand (0ms) [Parameters=[@__agvId_0='?' (Size = 10)], CommandType='Text', CommandTimeout='30']
SELECT "o"."AlarmsJson"
FROM "OnboardAlarmSnapshots" AS "o"
WHERE "o"."AgvId" = @__agvId_0
LIMIT 1
[21:03:00 INF] Executed DbCommand (0ms) [Parameters=[@p0='?' (Size = 36), @p1='?' (Size = 64), @p2='?' (Size = 1236), @p3='?' (Size = 18), @p4='?' (DbType = DateTimeOffset), @p5='?' (Size = 673)], CommandType='Text', CommandTimeout='30']
INSERT INTO "ProtocolInbox" ("MessageId", "ContentHash", "FirstResponseJson", "MessageType", "ReceivedAt", "RequestJson")
VALUES (@p0, @p1, @p2, @p3, @p4, @p5);
[21:03:00 INF] Executed DbCommand (0ms) [Parameters=[@__messageId_0='?' (Size = 36)], CommandType='Text', CommandTimeout='30']
SELECT "p"."MessageId", "p"."ContentHash", "p"."FirstResponseJson", "p"."MessageType", "p"."ReceivedAt", "p"."RequestJson"
FROM "ProtocolInbox" AS "p"
WHERE "p"."MessageId" = @__messageId_0
LIMIT 2
[21:03:00 INF] Executed DbCommand (0ms) [Parameters=[@__agvId_0='?' (Size = 10)], CommandType='Text', CommandTimeout='30']
SELECT "s"."AgvId", "s"."ActiveUnlockSlotsJson", "s"."CapabilityHash", "s"."CapabilityRevision", "s"."DepartureSafe", "s"."ForcedRecoveryGeneration", "s"."ManifestSha256", "s"."PendingAttemptIdsJson", "s"."PendingResultIdsJson", "s"."ProfileId", "s"."ProtocolCommit", "s"."ProtocolVersion", "s"."ProvenRecoveryCheckpoint", "s"."Readiness", "s"."ReasonCode", "s"."RecoveryReportId", "s"."ReportedForcedRecoveryGeneration", "s"."ReportedSlotConfigurationFingerprint", "s"."SafetyHash", "s"."SafetyReasonCodesJson", "s"."SafetyRevision", "s"."SafetyUnknownPresent", "s"."SessionGeneration", "s"."UnsettledSlotOperationAttemptId", "s"."UpdatedAt"
FROM "SessionRecoveries" AS "s"
WHERE "s"."AgvId" = @__agvId_0
LIMIT 2
[21:03:00 INF] Executed DbCommand (0ms) [Parameters=[@p7='?' (Size = 10), @p0='?' (DbType = Boolean), @p1='?' (Size = 16), @p2='?' (Size = 20), @p3='?' (Size = 64), @p4='?' (Size = 2), @p5='?' (DbType = Int64), @p6='?' (DbType = DateTimeOffset)], CommandType='Text', CommandTimeout='30']
UPDATE "SessionRecoveries" SET "DepartureSafe" = @p0, "Readiness" = @p1, "ReasonCode" = @p2, "SafetyHash" = @p3, "SafetyReasonCodesJson" = @p4, "SafetyRevision" = @p5, "UpdatedAt" = @p6
WHERE "AgvId" = @p7
RETURNING 1;
[21:03:00 INF] Executed DbCommand (0ms) [Parameters=[@__agvId_0='?' (Size = 10)], CommandType='Text', CommandTimeout='30']
SELECT "s"."AgvId", "s"."ActiveUnlockSlotsJson", "s"."CapabilityHash", "s"."CapabilityRevision", "s"."DepartureSafe", "s"."ForcedRecoveryGeneration", "s"."ManifestSha256", "s"."PendingAttemptIdsJson", "s"."PendingResultIdsJson", "s"."ProfileId", "s"."ProtocolCommit", "s"."ProtocolVersion", "s"."ProvenRecoveryCheckpoint", "s"."Readiness", "s"."ReasonCode", "s"."RecoveryReportId", "s"."ReportedForcedRecoveryGeneration", "s"."ReportedSlotConfigurationFingerprint", "s"."SafetyHash", "s"."SafetyReasonCodesJson", "s"."SafetyRevision", "s"."SafetyUnknownPresent", "s"."SessionGeneration", "s"."UnsettledSlotOperationAttemptId", "s"."UpdatedAt"
FROM "SessionRecoveries" AS "s"
WHERE "s"."AgvId" = @__agvId_0
LIMIT 2
[21:03:00 INF] Executed DbCommand (0ms) [Parameters=[@__agvId_0='?' (Size = 10)], CommandType='Text', CommandTimeout='30']
SELECT EXISTS (
    SELECT 1
    FROM "StationOperations" AS "s"
    INNER JOIN "JourneyRuntimes" AS "j" ON "s"."DemandId" = "j"."DemandId"
    WHERE "j"."AgvId" = @__agvId_0 AND "s"."Status" = 'RecoveryRequired')
[21:03:00 INF] Executed DbCommand (0ms) [Parameters=[@__agvId_0='?' (Size = 10)], CommandType='Text', CommandTimeout='30']
SELECT EXISTS (
    SELECT 1
    FROM "RecoveryWorkflows" AS "r"
    WHERE "r"."AgvId" = @__agvId_0 AND "r"."WorkflowType" = 'FORCED_MECHANICAL_RECOVERY' AND "r"."State" <> 'HistoricalOnly' AND NOT EXISTS (
        SELECT 1
        FROM "HardwareRecoveryRecords" AS "h"
        WHERE "h"."RecoveryActionId" = "r"."WorkflowId"))
[21:03:00 INF] Executed DbCommand (0ms) [Parameters=[@__agvId_0='?' (Size = 10)], CommandType='Text', CommandTimeout='30']
SELECT "a"."AgvId", "a"."ActivatedAt", "a"."ActivationId", "a"."ConfigurationVersion", "a"."Fingerprint", "a"."SlotModelVersionId", "a"."SnapshotId"
FROM "ActiveSlotConfigurations" AS "a"
WHERE "a"."AgvId" = @__agvId_0
LIMIT 1
[21:03:00 INF] Executed DbCommand (0ms) [Parameters=[@p3='?' (Size = 10), @p0='?' (Size = 5), @p1='?' (Size = 5), @p2='?' (DbType = DateTimeOffset)], CommandType='Text', CommandTimeout='30']
UPDATE "SessionRecoveries" SET "Readiness" = @p0, "ReasonCode" = @p1, "UpdatedAt" = @p2
WHERE "AgvId" = @p3
RETURNING 1;
[21:03:00 INF] Executed DbCommand (0ms) [Parameters=[@__agvId_0='?' (Size = 10)], CommandType='Text', CommandTimeout='30']
SELECT "o"."AlarmsJson"
FROM "OnboardAlarmSnapshots" AS "o"
WHERE "o"."AgvId" = @__agvId_0
LIMIT 1
[21:03:00 INF] Executed DbCommand (0ms) [Parameters=[@p0='?' (Size = 36), @p1='?' (Size = 64), @p2='?' (Size = 1236), @p3='?' (Size = 18), @p4='?' (DbType = DateTimeOffset), @p5='?' (Size = 654)], CommandType='Text', CommandTimeout='30']
INSERT INTO "ProtocolInbox" ("MessageId", "ContentHash", "FirstResponseJson", "MessageType", "ReceivedAt", "RequestJson")
VALUES (@p0, @p1, @p2, @p3, @p4, @p5);
[21:03:00 INF] Start processing HTTP request GET http://127.0.0.1:48408/api/task/v1/task/getVehicleInfo/BROKERX-L2-0001
[21:03:00 INF] Sending HTTP request GET http://127.0.0.1:48408/api/task/v1/task/getVehicleInfo/BROKERX-L2-0001
[21:03:00 INF] Received HTTP response headers after 0.5516ms - 200
[21:03:00 INF] End processing HTTP request after 2.4209ms - 200
[21:03:00 INF] Start processing HTTP request GET http://127.0.0.1:48408/api/order/v1/orderRecord?pageNum=1&pageSize=100&filterByState=1&filterByState=3&filterByState=7&filterByState=9
[21:03:00 INF] Sending HTTP request GET http://127.0.0.1:48408/api/order/v1/orderRecord?pageNum=1&pageSize=100&filterByState=1&filterByState=3&filterByState=7&filterByState=9
[21:03:00 INF] Received HTTP response headers after 0.4985ms - 200
[21:03:00 INF] End processing HTTP request after 1.3104ms - 200
[21:03:00 INF] HTTP GET /api/onboard/v1/vehicle-safety responded 200 in 4.8199 ms
[21:03:01 INF] Executed DbCommand (0ms) [Parameters=[@__messageId_0='?' (Size = 36)], CommandType='Text', CommandTimeout='30']
SELECT "p"."MessageId", "p"."ContentHash", "p"."FirstResponseJson", "p"."MessageType", "p"."ReceivedAt", "p"."RequestJson"
FROM "ProtocolInbox" AS "p"
WHERE "p"."MessageId" = @__messageId_0
LIMIT 2
[21:03:01 INF] Executed DbCommand (0ms) [Parameters=[@p0='?' (Size = 36), @p1='?' (Size = 64), @p2='?' (Size = 665), @p3='?' (Size = 17), @p4='?' (DbType = DateTimeOffset), @p5='?' (Size = 572)], CommandType='Text', CommandTimeout='30']
INSERT INTO "ProtocolInbox" ("MessageId", "ContentHash", "FirstResponseJson", "MessageType", "ReceivedAt", "RequestJson")
VALUES (@p0, @p1, @p2, @p3, @p4, @p5);
[21:03:01 INF] Start processing HTTP request GET http://127.0.0.1:48408/api/imap/v1/mapInfo/stations/25
[21:03:01 INF] Sending HTTP request GET http://127.0.0.1:48408/api/imap/v1/mapInfo/stations/25
[21:03:01 INF] Received HTTP response headers after 0.6124ms - 200
[21:03:01 INF] End processing HTTP request after 1.6437ms - 200
[21:03:01 INF] Executed DbCommand (0ms) [Parameters=[@__mapId_0='?' (DbType = Int32)], CommandType='Text', CommandTimeout='30']
SELECT "t"."MapId", "t"."ActiveVersion", "t"."PendingVersion", "t"."State", "t"."UpdatedAt"
FROM "TaskTypeStationActiveBindingSets" AS "t"
WHERE "t"."MapId" = @__mapId_0
LIMIT 2
[21:03:01 INF] Executed DbCommand (0ms) [Parameters=[@__mapId_0='?' (DbType = Int32), @__version_1='?' (DbType = Int64)], CommandType='Text', CommandTimeout='30']
SELECT "t"."MapId", "t"."Version", "t"."CatalogRevision", "t"."ContentSha256", "t"."LoadedAt", "t"."RuleVersion", "t"."SnapshotId", "t"."Source"
FROM "TaskTypeStationBindingSetVersions" AS "t"
WHERE "t"."MapId" = @__mapId_0 AND "t"."Version" = @__version_1
LIMIT 2
[21:03:01 INF] Executed DbCommand (0ms) [Parameters=[@__mapId_0='?' (DbType = Int32), @__version_1='?' (DbType = Int64)], CommandType='Text', CommandTimeout='30']
SELECT "t"."TaskType"
FROM "TaskTypeStationRequirements" AS "t"
WHERE "t"."MapId" = @__mapId_0 AND "t"."Version" = @__version_1
[21:03:01 INF] Executed DbCommand (0ms) [Parameters=[@__messageId_0='?' (Size = 36)], CommandType='Text', CommandTimeout='30']
SELECT "p"."MessageId", "p"."ContentHash", "p"."FirstResponseJson", "p"."MessageType", "p"."ReceivedAt", "p"."RequestJson"
FROM "ProtocolInbox" AS "p"
WHERE "p"."MessageId" = @__messageId_0
LIMIT 2
[21:03:01 INF] Executed DbCommand (0ms) [Parameters=[@__mapId_0='?' (DbType = Int32), @__version_1='?' (DbType = Int64)], CommandType='Text', CommandTimeout='30']
SELECT "t"."MapId", "t"."Version", "t"."TaskType", "t"."SiteVerificationRef", "t"."StationName", "t"."StationRiotId"
FROM "TaskTypeStationBindings" AS "t"
WHERE "t"."MapId" = @__mapId_0 AND "t"."Version" = @__version_1
[21:03:01 INF] Executed DbCommand (0ms) [Parameters=[@p0='?' (Size = 36), @p1='?' (Size = 64), @p2='?' (Size = 665), @p3='?' (Size = 17), @p4='?' (DbType = DateTimeOffset), @p5='?' (Size = 574)], CommandType='Text', CommandTimeout='30']
INSERT INTO "ProtocolInbox" ("MessageId", "ContentHash", "FirstResponseJson", "MessageType", "ReceivedAt", "RequestJson")
VALUES (@p0, @p1, @p2, @p3, @p4, @p5);
[21:03:01 INF] Executed DbCommand (0ms) [Parameters=[@__version_0='?' (DbType = Int64)], CommandType='Text', CommandTimeout='30']
SELECT "t"."Version", "t"."ContentSha256", "t"."LoadedAt", "t"."SnapshotId", "t"."Source"
FROM "TaskTypeStationRuleVersions" AS "t"
WHERE "t"."Version" = @__version_0
LIMIT 2
[21:03:01 INF] Executed DbCommand (0ms) [Parameters=[@__version_0='?' (DbType = Int64)], CommandType='Text', CommandTimeout='30']
SELECT "t"."Version", "t"."TaskType", "t"."FixedEnd"
FROM "TaskTypeStationRules" AS "t"
WHERE "t"."Version" = @__version_0
[21:03:01 INF] Executed DbCommand (0ms) [Parameters=[@__mapId_0='?' (DbType = Int32)], CommandType='Text', CommandTimeout='30']
SELECT "t"."MapId", "t"."ActiveVersion", "t"."PendingVersion", "t"."State", "t"."UpdatedAt"
FROM "TaskTypeStationActiveBindingSets" AS "t"
WHERE "t"."MapId" = @__mapId_0
LIMIT 2
[21:03:01 INF] Executed DbCommand (0ms) [Parameters=[@__mapId_0='?' (DbType = Int32)], CommandType='Text', CommandTimeout='30']
SELECT "t"."HoldId", "t"."DetailJson", "t"."MapId", "t"."RaisedAt", "t"."RaisedBy", "t"."ReasonCode", "t"."ReleasedAt", "t"."ReleasedBy", "t"."Source", "t"."TaskType"
FROM "TaskTypeStationHolds" AS "t"
WHERE "t"."MapId" = @__mapId_0 AND "t"."ReleasedAt" IS NULL
[21:03:01 INF] Executed DbCommand (0ms) [Parameters=[@__mapId_0='?' (DbType = Int32)], CommandType='Text', CommandTimeout='30']
SELECT "m"."MapId", "m"."ApprovedMaxUnconfirmedSeconds", "m"."ApprovedSyncPeriodSeconds", "m"."CatalogRevision", "m"."LastAttemptAt", "m"."LastCompleteConfirmationAt", "m"."LastFailureReason", "m"."State", "m"."UpdatedAt"
FROM "MapStationCatalogStates" AS "m"
WHERE "m"."MapId" = @__mapId_0
LIMIT 2
[21:03:01 INF] Executed DbCommand (0ms) [Parameters=[@p3='?' (DbType = Int32), @p0='?' (DbType = DateTimeOffset), @p1='?' (DbType = DateTimeOffset), @p2='?' (DbType = DateTimeOffset)], CommandType='Text', CommandTimeout='30']
UPDATE "MapStationCatalogStates" SET "LastAttemptAt" = @p0, "LastCompleteConfirmationAt" = @p1, "UpdatedAt" = @p2
WHERE "MapId" = @p3
RETURNING 1;
[21:03:01 INF] Executed DbCommand (0ms) [Parameters=[@__mapId_0='?' (DbType = Int32)], CommandType='Text', CommandTimeout='30']
SELECT "t"."MapId", "t"."ActiveVersion", "t"."PendingVersion", "t"."State", "t"."UpdatedAt"
FROM "TaskTypeStationActiveBindingSets" AS "t"
WHERE "t"."MapId" = @__mapId_0
LIMIT 2
[21:03:01 INF] Executed DbCommand (0ms) [Parameters=[@__mapId_0='?' (DbType = Int32), @__version_1='?' (DbType = Int64)], CommandType='Text', CommandTimeout='30']
SELECT "t"."MapId", "t"."Version", "t"."CatalogRevision", "t"."ContentSha256", "t"."LoadedAt", "t"."RuleVersion", "t"."SnapshotId", "t"."Source"
FROM "TaskTypeStationBindingSetVersions" AS "t"
WHERE "t"."MapId" = @__mapId_0 AND "t"."Version" = @__version_1
LIMIT 2
[21:03:01 INF] Executed DbCommand (0ms) [Parameters=[@__mapId_0='?' (DbType = Int32), @__version_1='?' (DbType = Int64)], CommandType='Text', CommandTimeout='30']
SELECT "t"."TaskType"
FROM "TaskTypeStationRequirements" AS "t"
WHERE "t"."MapId" = @__mapId_0 AND "t"."Version" = @__version_1
[21:03:01 INF] Executed DbCommand (0ms) [Parameters=[@__mapId_0='?' (DbType = Int32), @__version_1='?' (DbType = Int64)], CommandType='Text', CommandTimeout='30']
SELECT "t"."MapId", "t"."Version", "t"."TaskType", "t"."SiteVerificationRef", "t"."StationName", "t"."StationRiotId"
FROM "TaskTypeStationBindings" AS "t"
WHERE "t"."MapId" = @__mapId_0 AND "t"."Version" = @__version_1
[21:03:01 INF] Executed DbCommand (0ms) [Parameters=[@__mapId_0='?' (DbType = Int32)], CommandType='Text', CommandTimeout='30']
SELECT "t"."MapId", "t"."ActiveVersion", "t"."PendingVersion", "t"."State", "t"."UpdatedAt"
FROM "TaskTypeStationActiveBindingSets" AS "t"
WHERE "t"."MapId" = @__mapId_0
LIMIT 2
[21:03:01 INF] Executed DbCommand (0ms) [Parameters=[@__mapId_0='?' (DbType = Int32), @__version_1='?' (DbType = Int64)], CommandType='Text', CommandTimeout='30']
SELECT "t"."MapId", "t"."Version", "t"."CatalogRevision", "t"."ContentSha256", "t"."LoadedAt", "t"."RuleVersion", "t"."SnapshotId", "t"."Source"
FROM "TaskTypeStationBindingSetVersions" AS "t"
WHERE "t"."MapId" = @__mapId_0 AND "t"."Version" = @__version_1
LIMIT 2
[21:03:01 INF] Executed DbCommand (0ms) [Parameters=[@__mapId_0='?' (DbType = Int32), @__version_1='?' (DbType = Int64)], CommandType='Text', CommandTimeout='30']
SELECT "t"."TaskType"
FROM "TaskTypeStationRequirements" AS "t"
WHERE "t"."MapId" = @__mapId_0 AND "t"."Version" = @__version_1
[21:03:01 INF] Executed DbCommand (0ms) [Parameters=[@__mapId_0='?' (DbType = Int32), @__version_1='?' (DbType = Int64)], CommandType='Text', CommandTimeout='30']
SELECT "t"."MapId", "t"."Version", "t"."TaskType", "t"."SiteVerificationRef", "t"."StationName", "t"."StationRiotId"
FROM "TaskTypeStationBindings" AS "t"
WHERE "t"."MapId" = @__mapId_0 AND "t"."Version" = @__version_1
[21:03:01 INF] Executed DbCommand (0ms) [Parameters=[@__version_0='?' (DbType = Int64)], CommandType='Text', CommandTimeout='30']
SELECT "t"."Version", "t"."ContentSha256", "t"."LoadedAt", "t"."SnapshotId", "t"."Source"
FROM "TaskTypeStationRuleVersions" AS "t"
WHERE "t"."Version" = @__version_0
LIMIT 2
[21:03:01 INF] Executed DbCommand (0ms) [Parameters=[@__version_0='?' (DbType = Int64)], CommandType='Text', CommandTimeout='30']
SELECT "t"."Version", "t"."TaskType", "t"."FixedEnd"
FROM "TaskTypeStationRules" AS "t"
WHERE "t"."Version" = @__version_0
[21:03:01 INF] Executed DbCommand (0ms) [Parameters=[], CommandType='Text', CommandTimeout='30']
SELECT "a"."Id", "a"."ContentHash", "a"."DeploymentId", "a"."ImportedAt", "a"."Version"
FROM "AdmissionPolicyState" AS "a"
WHERE "a"."Id" = 1
LIMIT 2
[21:03:01 INF] Executed DbCommand (0ms) [Parameters=[@__messageId_0='?' (Size = 36)], CommandType='Text', CommandTimeout='30']
SELECT "p"."MessageId", "p"."ContentHash", "p"."FirstResponseJson", "p"."MessageType", "p"."ReceivedAt", "p"."RequestJson"
FROM "ProtocolInbox" AS "p"
WHERE "p"."MessageId" = @__messageId_0
LIMIT 2
[21:03:01 INF] Executed DbCommand (0ms) [Parameters=[], CommandType='Text', CommandTimeout='30']
SELECT "j"."DemandId", "j"."AgvId", "j"."AgvLifecycleGeneration", "j"."BlockReasonCode", "j"."BlockReasonSince", "j"."ConsumedSafetyResultMessageId", "j"."ConsumedSublotMessageId", "j"."CreatedAt", "j"."DispatchGeneration", "j"."DispatchZone", "j"."ExpectedBasketCount", "j"."GateMovementLegId", "j"."GatePlanMessageId", "j"."GateStationId", "j"."GateStationRiotId", "j"."GateUpperId", "j"."GateVehicleBusinessMessageId", "j"."GateWorklistMessageId", "j"."LoadCommandMessageId", "j"."LoadSlotOperationAttemptId", "j"."MapId", "j"."MapIdentity", "j"."OperationSessionId", "j"."PickupMovementLegId", "j"."PickupStationId", "j"."PickupStationRiotId", "j"."PickupUpperId", "j"."PlanMessageId", "j"."PlanRevision", "j"."PreDepartureSafetyCheckId", "j"."PreDepartureSafetyCheckMessageId", "j"."RouteEvidenceId", "j"."Stage", "j"."StationDepartureWaitStartedAt", "j"."SublotRequestMessageId", "j"."TargetSlotsJson", "j"."UnloadCommandMessageId", "j"."UnloadSlotOperationAttemptId", "j"."UpdatedAt", "j"."VehicleBusinessMessageId", "j"."VehicleBusinessRevision", "j"."VehicleKey", "j"."WorklistMessageId", "j"."WorklistRevision"
FROM "JourneyRuntimes" AS "j"
WHERE "j"."Stage" <> 'Completed'
[21:03:01 INF] Executed DbCommand (0ms) [Parameters=[@__slotOperationAttemptId_0='?' (Size = 36)], CommandType='Text', CommandTimeout='30']
SELECT "s"."ForcedRecoveryGeneration"
FROM "StationOperations" AS "s"
WHERE "s"."SlotOperationAttemptId" = @__slotOperationAttemptId_0
LIMIT 2
[21:03:01 INF] Executed DbCommand (0ms) [Parameters=[@__agvId_0='?' (Size = 10)], CommandType='Text', CommandTimeout='30']
SELECT "s"."AgvId", "s"."ActiveUnlockSlotsJson", "s"."CapabilityHash", "s"."CapabilityRevision", "s"."DepartureSafe", "s"."ForcedRecoveryGeneration", "s"."ManifestSha256", "s"."PendingAttemptIdsJson", "s"."PendingResultIdsJson", "s"."ProfileId", "s"."ProtocolCommit", "s"."ProtocolVersion", "s"."ProvenRecoveryCheckpoint", "s"."Readiness", "s"."ReasonCode", "s"."RecoveryReportId", "s"."ReportedForcedRecoveryGeneration", "s"."ReportedSlotConfigurationFingerprint", "s"."SafetyHash", "s"."SafetyReasonCodesJson", "s"."SafetyRevision", "s"."SafetyUnknownPresent", "s"."SessionGeneration", "s"."UnsettledSlotOperationAttemptId", "s"."UpdatedAt"
FROM "SessionRecoveries" AS "s"
WHERE "s"."AgvId" = @__agvId_0 AND "s"."Readiness" = 'Ready'
LIMIT 2
[21:03:01 INF] Executed DbCommand (0ms) [Parameters=[@__demandId_0='?' (Size = 36)], CommandType='Text', CommandTimeout='30']
SELECT "j"."DemandId", "j"."AgvId", "j"."AgvLifecycleGeneration", "j"."BlockReasonCode", "j"."BlockReasonSince", "j"."ConsumedSafetyResultMessageId", "j"."ConsumedSublotMessageId", "j"."CreatedAt", "j"."DispatchGeneration", "j"."DispatchZone", "j"."ExpectedBasketCount", "j"."GateMovementLegId", "j"."GatePlanMessageId", "j"."GateStationId", "j"."GateStationRiotId", "j"."GateUpperId", "j"."GateVehicleBusinessMessageId", "j"."GateWorklistMessageId", "j"."LoadCommandMessageId", "j"."LoadSlotOperationAttemptId", "j"."MapId", "j"."MapIdentity", "j"."OperationSessionId", "j"."PickupMovementLegId", "j"."PickupStationId", "j"."PickupStationRiotId", "j"."PickupUpperId", "j"."PlanMessageId", "j"."PlanRevision", "j"."PreDepartureSafetyCheckId", "j"."PreDepartureSafetyCheckMessageId", "j"."RouteEvidenceId", "j"."Stage", "j"."StationDepartureWaitStartedAt", "j"."SublotRequestMessageId", "j"."TargetSlotsJson", "j"."UnloadCommandMessageId", "j"."UnloadSlotOperationAttemptId", "j"."UpdatedAt", "j"."VehicleBusinessMessageId", "j"."VehicleBusinessRevision", "j"."VehicleKey", "j"."WorklistMessageId", "j"."WorklistRevision"
FROM "JourneyRuntimes" AS "j"
WHERE "j"."DemandId" = @__demandId_0
LIMIT 2
[21:03:01 INF] Executed DbCommand (0ms) [Parameters=[], CommandType='Text', CommandTimeout='30']
SELECT "p"."MessageId", "p"."AcknowledgedAt", "p"."CreatedAt", "p"."FencedAt", "p"."MessageType", "p"."PayloadJson"
FROM "ProtocolOutbox" AS "p"
WHERE "p"."AcknowledgedAt" IS NULL AND "p"."FencedAt" IS NULL
[21:03:01 INF] Executed DbCommand (0ms) [Parameters=[@__result_ResultId_0='?' (Size = 36)], CommandType='Text', CommandTimeout='30']
SELECT "o"."ResultId", "o"."AgvId", "o"."ContentHash", "o"."EvidenceJson", "o"."ForcedRecoveryGeneration", "o"."HistoricalOnly", "o"."ObservedAt", "o"."OverallOutcome", "o"."ReceivedAt", "o"."ResultContentSha256", "o"."SlotOperationAttemptId", "o"."SupersededByResultId"
FROM "OperationResults" AS "o"
WHERE "o"."ResultId" = @__result_ResultId_0
LIMIT 2
[21:03:01 INF] Executed DbCommand (0ms) [Parameters=[@__result_SlotOperationAttemptId_0='?' (Size = 36), @__forcedRecoveryGeneration_1='?' (DbType = Int64)], CommandType='Text', CommandTimeout='30']
SELECT "o"."ResultId", "o"."AgvId", "o"."ContentHash", "o"."EvidenceJson", "o"."ForcedRecoveryGeneration", "o"."HistoricalOnly", "o"."ObservedAt", "o"."OverallOutcome", "o"."ReceivedAt", "o"."ResultContentSha256", "o"."SlotOperationAttemptId", "o"."SupersededByResultId"
FROM "OperationResults" AS "o"
WHERE "o"."SlotOperationAttemptId" = @__result_SlotOperationAttemptId_0 AND "o"."ForcedRecoveryGeneration" = @__forcedRecoveryGeneration_1 AND "o"."SupersededByResultId" IS NULL
[21:03:01 INF] Executed DbCommand (0ms) [Parameters=[@__runtime_UnloadSlotOperationAttemptId_0='?' (Size = 36)], CommandType='Text', CommandTimeout='30']
SELECT "s"."SlotOperationAttemptId", "s"."CommittedAt", "s"."ContentHash", "s"."CreatedAt", "s"."DemandId", "s"."EvidenceJson", "s"."ForcedRecoveryGeneration", "s"."OperationType", "s"."Status", "s"."SublotId", "s"."TargetSlotsJson"
FROM "StationOperations" AS "s"
WHERE "s"."SlotOperationAttemptId" = @__runtime_UnloadSlotOperationAttemptId_0
LIMIT 2
[21:03:01 INF] Executed DbCommand (0ms) [Parameters=[@__agvId_0='?' (Size = 10)], CommandType='Text', CommandTimeout='30']
SELECT "v"."ForcedRecoveryGeneration"
FROM "VehicleRecoveryGenerations" AS "v"
WHERE "v"."AgvId" = @__agvId_0
LIMIT 2
[21:03:01 INF] Executed DbCommand (0ms) [Parameters=[@__runtime_DemandId_0='?' (Size = 36)], CommandType='Text', CommandTimeout='30']
SELECT "a"."DemandId", "a"."AcceptedAt", "a"."CatalogRevision", "a"."CreatedAt", "a"."DemandRevision", "a"."Generation", "a"."HistoryEpoch", "a"."LiveMesFieldsJson", "a"."SeriesId", "a"."Status", "a"."Sublot", "a"."TransportDemandKey", "a"."ValueObservedAt", "a"."ValuePollTraceId", "a"."ValueProjectionCommitId", "a"."WorkType"
FROM "AcceptedDemands" AS "a"
WHERE "a"."DemandId" = @__runtime_DemandId_0
LIMIT 2
[21:03:01 INF] Executed DbCommand (0ms) [Parameters=[@__result_SlotOperationAttemptId_0='?' (Size = 36)], CommandType='Text', CommandTimeout='30']
SELECT "s"."SlotOperationAttemptId", "s"."CommittedAt", "s"."ContentHash", "s"."CreatedAt", "s"."DemandId", "s"."EvidenceJson", "s"."ForcedRecoveryGeneration", "s"."OperationType", "s"."Status", "s"."SublotId", "s"."TargetSlotsJson"
FROM "StationOperations" AS "s"
WHERE "s"."SlotOperationAttemptId" = @__result_SlotOperationAttemptId_0
LIMIT 2
[21:03:01 INF] Executed DbCommand (0ms) [Parameters=[@__result_DemandId_0='?' (Size = 36)], CommandType='Text', CommandTimeout='30']
SELECT "a"."DemandId", "a"."AcceptedAt", "a"."CatalogRevision", "a"."CreatedAt", "a"."DemandRevision", "a"."Generation", "a"."HistoryEpoch", "a"."LiveMesFieldsJson", "a"."SeriesId", "a"."Status", "a"."Sublot", "a"."TransportDemandKey", "a"."ValueObservedAt", "a"."ValuePollTraceId", "a"."ValueProjectionCommitId", "a"."WorkType"
FROM "AcceptedDemands" AS "a"
WHERE "a"."DemandId" = @__result_DemandId_0
LIMIT 2
[21:03:01 INF] Executed DbCommand (0ms) [Parameters=[@__demand_TransportDemandKey_0='?' (Size = 38)], CommandType='Text', CommandTimeout='30']
SELECT "t"."TransportDemandKey", "t"."CompletedAt", "t"."DemandId", "t"."DemandRevision", "t"."Evidence"
FROM "TransportDemandCompletions" AS "t"
WHERE "t"."TransportDemandKey" = @__demand_TransportDemandKey_0
LIMIT 2
[21:03:01 INF] Executed DbCommand (0ms) [Parameters=[@__result_DemandId_0='?' (Size = 36)], CommandType='Text', CommandTimeout='30']
SELECT "v"."DemandId", "v"."AcquiredAt", "v"."ReleasedAt", "v"."VehicleKey"
FROM "VehicleDispatchLeases" AS "v"
WHERE "v"."DemandId" = @__result_DemandId_0
LIMIT 2
[21:03:01 INF] Executed DbCommand (0ms) [Parameters=[@p1='?' (Size = 36), @p0='?' (Size = 9)], CommandType='Text', CommandTimeout='30']
UPDATE "AcceptedDemands" SET "Status" = @p0
WHERE "DemandId" = @p1
RETURNING 1;
[21:03:01 INF] Executed DbCommand (0ms) [Parameters=[@p0='?' (Size = 36), @p1='?' (Size = 10), @p2='?' (Size = 64), @p3='?' (Size = 71), @p4='?' (DbType = Int64), @p5='?' (DbType = Boolean), @p6='?' (DbType = DateTimeOffset), @p7='?' (Size = 9), @p8='?' (DbType = DateTimeOffset), @p9='?' (Size = 64), @p10='?' (Size = 36), @p11='?'], CommandType='Text', CommandTimeout='30']
INSERT INTO "OperationResults" ("ResultId", "AgvId", "ContentHash", "EvidenceJson", "ForcedRecoveryGeneration", "HistoricalOnly", "ObservedAt", "OverallOutcome", "ReceivedAt", "ResultContentSha256", "SlotOperationAttemptId", "SupersededByResultId")
VALUES (@p0, @p1, @p2, @p3, @p4, @p5, @p6, @p7, @p8, @p9, @p10, @p11);
[21:03:01 INF] Executed DbCommand (0ms) [Parameters=[@p3='?' (Size = 36), @p0='?' (DbType = DateTimeOffset), @p1='?' (Size = 71), @p2='?' (Size = 9)], CommandType='Text', CommandTimeout='30']
UPDATE "StationOperations" SET "CommittedAt" = @p0, "EvidenceJson" = @p1, "Status" = @p2
WHERE "SlotOperationAttemptId" = @p3
RETURNING 1;
[21:03:01 INF] Executed DbCommand (0ms) [Parameters=[@p0='?' (Size = 36), @p1='?' (DbType = DateTimeOffset)], CommandType='Text', CommandTimeout='30']
INSERT INTO "StopClosures" ("DemandId", "CommittedAt")
VALUES (@p0, @p1);
[21:03:01 INF] Executed DbCommand (0ms) [Parameters=[@p0='?' (Size = 38), @p1='?' (DbType = DateTimeOffset), @p2='?' (Size = 36), @p3='?' (DbType = Int64), @p4='?' (Size = 64)], CommandType='Text', CommandTimeout='30']
INSERT INTO "TransportDemandCompletions" ("TransportDemandKey", "CompletedAt", "DemandId", "DemandRevision", "Evidence")
VALUES (@p0, @p1, @p2, @p3, @p4);
[21:03:01 INF] Executed DbCommand (0ms) [Parameters=[@p0='?' (Size = 36), @p1='?' (DbType = DateTimeOffset), @p2='?' (Size = 36), @p3='?' (Size = 71)], CommandType='Text', CommandTimeout='30']
INSERT INTO "UnloadBatches" ("UnloadBatchId", "CompletedAt", "DemandId", "EvidenceJson")
VALUES (@p0, @p1, @p2, @p3);
[21:03:01 INF] Executed DbCommand (0ms) [Parameters=[@p1='?' (Size = 36), @p0='?' (DbType = DateTimeOffset)], CommandType='Text', CommandTimeout='30']
UPDATE "VehicleDispatchLeases" SET "ReleasedAt" = @p0
WHERE "DemandId" = @p1
RETURNING 1;
[21:03:01 INF] Executed DbCommand (0ms) [Parameters=[@__slotOperationAttemptId_0='?' (Size = 36)], CommandType='Text', CommandTimeout='30']
SELECT "r"."WorkflowId", "r"."AgvId", "r"."CommandContentHash", "r"."CommandMessageId", "r"."CommandMessageType", "r"."CreatedAt", "r"."DemandId", "r"."ExceptionRecoverySessionId", "r"."ForcedRecoveryGeneration", "r"."HandoffId", "r"."Outcome", "r"."RequestContentHash", "r"."RequestMessageId", "r"."ResultContentHash", "r"."ResultMessageId", "r"."SlotOperationAttemptId", "r"."SlotsJson", "r"."State", "r"."UpdatedAt", "r"."WorkflowType"
FROM "RecoveryWorkflows" AS "r"
WHERE "r"."WorkflowType" = 'RESUME_AFTER_REPAIR' AND "r"."SlotOperationAttemptId" = @__slotOperationAttemptId_0 AND "r"."State" IN ('CommandPending', 'AwaitingResult')
LIMIT 2
[21:03:01 INF] Executed DbCommand (0ms) [Parameters=[@__agvId_0='?' (Size = 10)], CommandType='Text', CommandTimeout='30']
SELECT "s"."AgvId", "s"."ActiveUnlockSlotsJson", "s"."CapabilityHash", "s"."CapabilityRevision", "s"."DepartureSafe", "s"."ForcedRecoveryGeneration", "s"."ManifestSha256", "s"."PendingAttemptIdsJson", "s"."PendingResultIdsJson", "s"."ProfileId", "s"."ProtocolCommit", "s"."ProtocolVersion", "s"."ProvenRecoveryCheckpoint", "s"."Readiness", "s"."ReasonCode", "s"."RecoveryReportId", "s"."ReportedForcedRecoveryGeneration", "s"."ReportedSlotConfigurationFingerprint", "s"."SafetyHash", "s"."SafetyReasonCodesJson", "s"."SafetyRevision", "s"."SafetyUnknownPresent", "s"."SessionGeneration", "s"."UnsettledSlotOperationAttemptId", "s"."UpdatedAt"
FROM "SessionRecoveries" AS "s"
WHERE "s"."AgvId" = @__agvId_0
LIMIT 2
[21:03:01 INF] Executed DbCommand (0ms) [Parameters=[@__agvId_0='?' (Size = 10)], CommandType='Text', CommandTimeout='30']
SELECT "s"."AgvId", "s"."ActiveUnlockSlotsJson", "s"."CapabilityHash", "s"."CapabilityRevision", "s"."DepartureSafe", "s"."ForcedRecoveryGeneration", "s"."ManifestSha256", "s"."PendingAttemptIdsJson", "s"."PendingResultIdsJson", "s"."ProfileId", "s"."ProtocolCommit", "s"."ProtocolVersion", "s"."ProvenRecoveryCheckpoint", "s"."Readiness", "s"."ReasonCode", "s"."RecoveryReportId", "s"."ReportedForcedRecoveryGeneration", "s"."ReportedSlotConfigurationFingerprint", "s"."SafetyHash", "s"."SafetyReasonCodesJson", "s"."SafetyRevision", "s"."SafetyUnknownPresent", "s"."SessionGeneration", "s"."UnsettledSlotOperationAttemptId", "s"."UpdatedAt"
FROM "SessionRecoveries" AS "s"
WHERE "s"."AgvId" = @__agvId_0
LIMIT 2
[21:03:01 INF] Executed DbCommand (0ms) [Parameters=[@__agvId_0='?' (Size = 10)], CommandType='Text', CommandTimeout='30']
SELECT "s"."AgvId", "s"."ActiveUnlockSlotsJson", "s"."CapabilityHash", "s"."CapabilityRevision", "s"."DepartureSafe", "s"."ForcedRecoveryGeneration", "s"."ManifestSha256", "s"."PendingAttemptIdsJson", "s"."PendingResultIdsJson", "s"."ProfileId", "s"."ProtocolCommit", "s"."ProtocolVersion", "s"."ProvenRecoveryCheckpoint", "s"."Readiness", "s"."ReasonCode", "s"."RecoveryReportId", "s"."ReportedForcedRecoveryGeneration", "s"."ReportedSlotConfigurationFingerprint", "s"."SafetyHash", "s"."SafetyReasonCodesJson", "s"."SafetyRevision", "s"."SafetyUnknownPresent", "s"."SessionGeneration", "s"."UnsettledSlotOperationAttemptId", "s"."UpdatedAt"
FROM "SessionRecoveries" AS "s"
WHERE "s"."AgvId" = @__agvId_0
LIMIT 2
[21:03:01 INF] Executed DbCommand (0ms) [Parameters=[@__agvId_0='?' (Size = 10)], CommandType='Text', CommandTimeout='30']
SELECT EXISTS (
    SELECT 1
    FROM "StationOperations" AS "s"
    INNER JOIN "JourneyRuntimes" AS "j" ON "s"."DemandId" = "j"."DemandId"
    WHERE "j"."AgvId" = @__agvId_0 AND "s"."Status" = 'RecoveryRequired')
[21:03:01 INF] Executed DbCommand (0ms) [Parameters=[@__agvId_0='?' (Size = 10)], CommandType='Text', CommandTimeout='30']
SELECT EXISTS (
    SELECT 1
    FROM "RecoveryWorkflows" AS "r"
    WHERE "r"."AgvId" = @__agvId_0 AND "r"."WorkflowType" = 'FORCED_MECHANICAL_RECOVERY' AND "r"."State" <> 'HistoricalOnly' AND NOT EXISTS (
        SELECT 1
        FROM "HardwareRecoveryRecords" AS "h"
        WHERE "h"."RecoveryActionId" = "r"."WorkflowId"))
[21:03:01 INF] Executed DbCommand (0ms) [Parameters=[@__agvId_0='?' (Size = 10)], CommandType='Text', CommandTimeout='30']
SELECT "a"."AgvId", "a"."ActivatedAt", "a"."ActivationId", "a"."ConfigurationVersion", "a"."Fingerprint", "a"."SlotModelVersionId", "a"."SnapshotId"
FROM "ActiveSlotConfigurations" AS "a"
WHERE "a"."AgvId" = @__agvId_0
LIMIT 1
[21:03:01 INF] Executed DbCommand (0ms) [Parameters=[@p1='?' (Size = 10), @p0='?' (DbType = DateTimeOffset)], CommandType='Text', CommandTimeout='30']
UPDATE "SessionRecoveries" SET "UpdatedAt" = @p0
WHERE "AgvId" = @p1
RETURNING 1;
[21:03:01 INF] Executed DbCommand (0ms) [Parameters=[@p0='?' (Size = 36), @p1='?' (Size = 64), @p2='?' (Size = 663), @p3='?' (Size = 15), @p4='?' (DbType = DateTimeOffset), @p5='?' (Size = 887)], CommandType='Text', CommandTimeout='30']
INSERT INTO "ProtocolInbox" ("MessageId", "ContentHash", "FirstResponseJson", "MessageType", "ReceivedAt", "RequestJson")
VALUES (@p0, @p1, @p2, @p3, @p4, @p5);
[21:03:01 INF] Executed DbCommand (0ms) [Parameters=[], CommandType='Text', CommandTimeout='30']
SELECT "p"."MessageId", "p"."AcknowledgedAt", "p"."CreatedAt", "p"."FencedAt", "p"."MessageType", "p"."PayloadJson"
FROM "ProtocolOutbox" AS "p"
WHERE "p"."MessageType" = 'ExceptionRecoverySessionSnapshot' AND "p"."AcknowledgedAt" IS NULL AND "p"."FencedAt" IS NULL
[21:03:01 INF] Executed DbCommand (0ms) [Parameters=[@__messageId_0='?' (Size = 36)], CommandType='Text', CommandTimeout='30']
SELECT "p"."MessageId", "p"."ContentHash", "p"."FirstResponseJson", "p"."MessageType", "p"."ReceivedAt", "p"."RequestJson"
FROM "ProtocolInbox" AS "p"
WHERE "p"."MessageId" = @__messageId_0
LIMIT 2
[21:03:01 INF] Executed DbCommand (0ms) [Parameters=[@p0='?' (Size = 36), @p1='?' (Size = 64), @p2='?' (Size = 536), @p3='?' (Size = 9), @p4='?' (DbType = DateTimeOffset), @p5='?' (Size = 428)], CommandType='Text', CommandTimeout='30']
INSERT INTO "ProtocolInbox" ("MessageId", "ContentHash", "FirstResponseJson", "MessageType", "ReceivedAt", "RequestJson")
VALUES (@p0, @p1, @p2, @p3, @p4, @p5);
[21:03:01 INF] Start processing HTTP request GET http://127.0.0.1:48408/api/task/v1/task/getVehicleInfo/BROKERX-L2-0001
[21:03:01 INF] Sending HTTP request GET http://127.0.0.1:48408/api/task/v1/task/getVehicleInfo/BROKERX-L2-0001
[21:03:01 INF] Received HTTP response headers after 0.4529ms - 200
[21:03:01 INF] End processing HTTP request after 3.6987ms - 200
[21:03:01 INF] Start processing HTTP request GET http://127.0.0.1:48408/api/order/v1/orderRecord?pageNum=1&pageSize=100&filterByState=1&filterByState=3&filterByState=7&filterByState=9
[21:03:01 INF] Sending HTTP request GET http://127.0.0.1:48408/api/order/v1/orderRecord?pageNum=1&pageSize=100&filterByState=1&filterByState=3&filterByState=7&filterByState=9
[21:03:01 INF] Received HTTP response headers after 0.37ms - 200
[21:03:01 INF] End processing HTTP request after 1.0233ms - 200
[21:03:01 INF] HTTP GET /api/onboard/v1/vehicle-safety responded 200 in 5.8545 ms
[21:03:02 INF] Start processing HTTP request GET http://127.0.0.1:48408/api/imap/v1/mapInfo/stations/25
[21:03:02 INF] Sending HTTP request GET http://127.0.0.1:48408/api/imap/v1/mapInfo/stations/25
[21:03:02 INF] Received HTTP response headers after 0.7336ms - 200
[21:03:02 INF] End processing HTTP request after 2.2549ms - 200
[21:03:02 INF] Executed DbCommand (0ms) [Parameters=[@__mapId_0='?' (DbType = Int32)], CommandType='Text', CommandTimeout='30']
SELECT "t"."MapId", "t"."ActiveVersion", "t"."PendingVersion", "t"."State", "t"."UpdatedAt"
FROM "TaskTypeStationActiveBindingSets" AS "t"
WHERE "t"."MapId" = @__mapId_0
LIMIT 2
[21:03:02 INF] Executed DbCommand (0ms) [Parameters=[@__mapId_0='?' (DbType = Int32), @__version_1='?' (DbType = Int64)], CommandType='Text', CommandTimeout='30']
SELECT "t"."MapId", "t"."Version", "t"."CatalogRevision", "t"."ContentSha256", "t"."LoadedAt", "t"."RuleVersion", "t"."SnapshotId", "t"."Source"
FROM "TaskTypeStationBindingSetVersions" AS "t"
WHERE "t"."MapId" = @__mapId_0 AND "t"."Version" = @__version_1
LIMIT 2
[21:03:02 INF] Executed DbCommand (0ms) [Parameters=[@__mapId_0='?' (DbType = Int32), @__version_1='?' (DbType = Int64)], CommandType='Text', CommandTimeout='30']
SELECT "t"."TaskType"
FROM "TaskTypeStationRequirements" AS "t"
WHERE "t"."MapId" = @__mapId_0 AND "t"."Version" = @__version_1
[21:03:02 INF] Executed DbCommand (0ms) [Parameters=[@__mapId_0='?' (DbType = Int32), @__version_1='?' (DbType = Int64)], CommandType='Text', CommandTimeout='30']
SELECT "t"."MapId", "t"."Version", "t"."TaskType", "t"."SiteVerificationRef", "t"."StationName", "t"."StationRiotId"
FROM "TaskTypeStationBindings" AS "t"
WHERE "t"."MapId" = @__mapId_0 AND "t"."Version" = @__version_1
[21:03:02 INF] Executed DbCommand (0ms) [Parameters=[@__version_0='?' (DbType = Int64)], CommandType='Text', CommandTimeout='30']
SELECT "t"."Version", "t"."ContentSha256", "t"."LoadedAt", "t"."SnapshotId", "t"."Source"
FROM "TaskTypeStationRuleVersions" AS "t"
WHERE "t"."Version" = @__version_0
LIMIT 2
[21:03:02 INF] Executed DbCommand (0ms) [Parameters=[@__version_0='?' (DbType = Int64)], CommandType='Text', CommandTimeout='30']
SELECT "t"."Version", "t"."TaskType", "t"."FixedEnd"
FROM "TaskTypeStationRules" AS "t"
WHERE "t"."Version" = @__version_0
[21:03:02 INF] Executed DbCommand (0ms) [Parameters=[@__mapId_0='?' (DbType = Int32)], CommandType='Text', CommandTimeout='30']
SELECT "t"."MapId", "t"."ActiveVersion", "t"."PendingVersion", "t"."State", "t"."UpdatedAt"
FROM "TaskTypeStationActiveBindingSets" AS "t"
WHERE "t"."MapId" = @__mapId_0
LIMIT 2
[21:03:02 INF] Executed DbCommand (0ms) [Parameters=[@__mapId_0='?' (DbType = Int32)], CommandType='Text', CommandTimeout='30']
SELECT "t"."HoldId", "t"."DetailJson", "t"."MapId", "t"."RaisedAt", "t"."RaisedBy", "t"."ReasonCode", "t"."ReleasedAt", "t"."ReleasedBy", "t"."Source", "t"."TaskType"
FROM "TaskTypeStationHolds" AS "t"
WHERE "t"."MapId" = @__mapId_0 AND "t"."ReleasedAt" IS NULL
[21:03:02 INF] Executed DbCommand (0ms) [Parameters=[@__mapId_0='?' (DbType = Int32)], CommandType='Text', CommandTimeout='30']
SELECT "m"."MapId", "m"."ApprovedMaxUnconfirmedSeconds", "m"."ApprovedSyncPeriodSeconds", "m"."CatalogRevision", "m"."LastAttemptAt", "m"."LastCompleteConfirmationAt", "m"."LastFailureReason", "m"."State", "m"."UpdatedAt"
FROM "MapStationCatalogStates" AS "m"
WHERE "m"."MapId" = @__mapId_0
LIMIT 2
[21:03:02 INF] Executed DbCommand (0ms) [Parameters=[@p3='?' (DbType = Int32), @p0='?' (DbType = DateTimeOffset), @p1='?' (DbType = DateTimeOffset), @p2='?' (DbType = DateTimeOffset)], CommandType='Text', CommandTimeout='30']
UPDATE "MapStationCatalogStates" SET "LastAttemptAt" = @p0, "LastCompleteConfirmationAt" = @p1, "UpdatedAt" = @p2
WHERE "MapId" = @p3
RETURNING 1;
[21:03:02 INF] Executed DbCommand (0ms) [Parameters=[@__mapId_0='?' (DbType = Int32)], CommandType='Text', CommandTimeout='30']
SELECT "t"."MapId", "t"."ActiveVersion", "t"."PendingVersion", "t"."State", "t"."UpdatedAt"
FROM "TaskTypeStationActiveBindingSets" AS "t"
WHERE "t"."MapId" = @__mapId_0
LIMIT 2
[21:03:02 INF] Executed DbCommand (0ms) [Parameters=[@__mapId_0='?' (DbType = Int32), @__version_1='?' (DbType = Int64)], CommandType='Text', CommandTimeout='30']
SELECT "t"."MapId", "t"."Version", "t"."CatalogRevision", "t"."ContentSha256", "t"."LoadedAt", "t"."RuleVersion", "t"."SnapshotId", "t"."Source"
FROM "TaskTypeStationBindingSetVersions" AS "t"
WHERE "t"."MapId" = @__mapId_0 AND "t"."Version" = @__version_1
LIMIT 2
[21:03:02 INF] Executed DbCommand (0ms) [Parameters=[@__mapId_0='?' (DbType = Int32), @__version_1='?' (DbType = Int64)], CommandType='Text', CommandTimeout='30']
SELECT "t"."TaskType"
FROM "TaskTypeStationRequirements" AS "t"
WHERE "t"."MapId" = @__mapId_0 AND "t"."Version" = @__version_1
[21:03:02 INF] Executed DbCommand (0ms) [Parameters=[@__mapId_0='?' (DbType = Int32), @__version_1='?' (DbType = Int64)], CommandType='Text', CommandTimeout='30']
SELECT "t"."MapId", "t"."Version", "t"."TaskType", "t"."SiteVerificationRef", "t"."StationName", "t"."StationRiotId"
FROM "TaskTypeStationBindings" AS "t"
WHERE "t"."MapId" = @__mapId_0 AND "t"."Version" = @__version_1
[21:03:02 INF] Executed DbCommand (0ms) [Parameters=[@__mapId_0='?' (DbType = Int32)], CommandType='Text', CommandTimeout='30']
SELECT "t"."MapId", "t"."ActiveVersion", "t"."PendingVersion", "t"."State", "t"."UpdatedAt"
FROM "TaskTypeStationActiveBindingSets" AS "t"
WHERE "t"."MapId" = @__mapId_0
LIMIT 2
[21:03:02 INF] Executed DbCommand (0ms) [Parameters=[@__mapId_0='?' (DbType = Int32), @__version_1='?' (DbType = Int64)], CommandType='Text', CommandTimeout='30']
SELECT "t"."MapId", "t"."Version", "t"."CatalogRevision", "t"."ContentSha256", "t"."LoadedAt", "t"."RuleVersion", "t"."SnapshotId", "t"."Source"
FROM "TaskTypeStationBindingSetVersions" AS "t"
WHERE "t"."MapId" = @__mapId_0 AND "t"."Version" = @__version_1
LIMIT 2
[21:03:02 INF] Executed DbCommand (0ms) [Parameters=[@__mapId_0='?' (DbType = Int32), @__version_1='?' (DbType = Int64)], CommandType='Text', CommandTimeout='30']
SELECT "t"."TaskType"
FROM "TaskTypeStationRequirements" AS "t"
WHERE "t"."MapId" = @__mapId_0 AND "t"."Version" = @__version_1
[21:03:02 INF] Executed DbCommand (0ms) [Parameters=[@__mapId_0='?' (DbType = Int32), @__version_1='?' (DbType = Int64)], CommandType='Text', CommandTimeout='30']
SELECT "t"."MapId", "t"."Version", "t"."TaskType", "t"."SiteVerificationRef", "t"."StationName", "t"."StationRiotId"
FROM "TaskTypeStationBindings" AS "t"
WHERE "t"."MapId" = @__mapId_0 AND "t"."Version" = @__version_1
[21:03:02 INF] Executed DbCommand (0ms) [Parameters=[@__version_0='?' (DbType = Int64)], CommandType='Text', CommandTimeout='30']
SELECT "t"."Version", "t"."ContentSha256", "t"."LoadedAt", "t"."SnapshotId", "t"."Source"
FROM "TaskTypeStationRuleVersions" AS "t"
WHERE "t"."Version" = @__version_0
LIMIT 2
[21:03:02 INF] Executed DbCommand (0ms) [Parameters=[@__version_0='?' (DbType = Int64)], CommandType='Text', CommandTimeout='30']
SELECT "t"."Version", "t"."TaskType", "t"."FixedEnd"
FROM "TaskTypeStationRules" AS "t"
WHERE "t"."Version" = @__version_0
[21:03:02 INF] Executed DbCommand (0ms) [Parameters=[], CommandType='Text', CommandTimeout='30']
SELECT "a"."Id", "a"."ContentHash", "a"."DeploymentId", "a"."ImportedAt", "a"."Version"
FROM "AdmissionPolicyState" AS "a"
WHERE "a"."Id" = 1
LIMIT 2
[21:03:02 INF] Executed DbCommand (0ms) [Parameters=[], CommandType='Text', CommandTimeout='30']
SELECT "j"."DemandId", "j"."AgvId", "j"."AgvLifecycleGeneration", "j"."BlockReasonCode", "j"."BlockReasonSince", "j"."ConsumedSafetyResultMessageId", "j"."ConsumedSublotMessageId", "j"."CreatedAt", "j"."DispatchGeneration", "j"."DispatchZone", "j"."ExpectedBasketCount", "j"."GateMovementLegId", "j"."GatePlanMessageId", "j"."GateStationId", "j"."GateStationRiotId", "j"."GateUpperId", "j"."GateVehicleBusinessMessageId", "j"."GateWorklistMessageId", "j"."LoadCommandMessageId", "j"."LoadSlotOperationAttemptId", "j"."MapId", "j"."MapIdentity", "j"."OperationSessionId", "j"."PickupMovementLegId", "j"."PickupStationId", "j"."PickupStationRiotId", "j"."PickupUpperId", "j"."PlanMessageId", "j"."PlanRevision", "j"."PreDepartureSafetyCheckId", "j"."PreDepartureSafetyCheckMessageId", "j"."RouteEvidenceId", "j"."Stage", "j"."StationDepartureWaitStartedAt", "j"."SublotRequestMessageId", "j"."TargetSlotsJson", "j"."UnloadCommandMessageId", "j"."UnloadSlotOperationAttemptId", "j"."UpdatedAt", "j"."VehicleBusinessMessageId", "j"."VehicleBusinessRevision", "j"."VehicleKey", "j"."WorklistMessageId", "j"."WorklistRevision"
FROM "JourneyRuntimes" AS "j"
WHERE "j"."Stage" <> 'Completed'
[21:03:02 INF] Executed DbCommand (0ms) [Parameters=[@__agvId_0='?' (Size = 10)], CommandType='Text', CommandTimeout='30']
SELECT "s"."AgvId", "s"."ActiveUnlockSlotsJson", "s"."CapabilityHash", "s"."CapabilityRevision", "s"."DepartureSafe", "s"."ForcedRecoveryGeneration", "s"."ManifestSha256", "s"."PendingAttemptIdsJson", "s"."PendingResultIdsJson", "s"."ProfileId", "s"."ProtocolCommit", "s"."ProtocolVersion", "s"."ProvenRecoveryCheckpoint", "s"."Readiness", "s"."ReasonCode", "s"."RecoveryReportId", "s"."ReportedForcedRecoveryGeneration", "s"."ReportedSlotConfigurationFingerprint", "s"."SafetyHash", "s"."SafetyReasonCodesJson", "s"."SafetyRevision", "s"."SafetyUnknownPresent", "s"."SessionGeneration", "s"."UnsettledSlotOperationAttemptId", "s"."UpdatedAt"
FROM "SessionRecoveries" AS "s"
WHERE "s"."AgvId" = @__agvId_0 AND "s"."Readiness" = 'Ready'
LIMIT 2
[21:03:02 INF] Executed DbCommand (0ms) [Parameters=[], CommandType='Text', CommandTimeout='30']
SELECT "p"."MessageId", "p"."AcknowledgedAt", "p"."CreatedAt", "p"."FencedAt", "p"."MessageType", "p"."PayloadJson"
FROM "ProtocolOutbox" AS "p"
WHERE "p"."AcknowledgedAt" IS NULL AND "p"."FencedAt" IS NULL
[21:03:02 INF] Executed DbCommand (0ms) [Parameters=[@__runtime_UnloadSlotOperationAttemptId_0='?' (Size = 36)], CommandType='Text', CommandTimeout='30']
SELECT "s"."SlotOperationAttemptId", "s"."CommittedAt", "s"."ContentHash", "s"."CreatedAt", "s"."DemandId", "s"."EvidenceJson", "s"."ForcedRecoveryGeneration", "s"."OperationType", "s"."Status", "s"."SublotId", "s"."TargetSlotsJson"
FROM "StationOperations" AS "s"
WHERE "s"."SlotOperationAttemptId" = @__runtime_UnloadSlotOperationAttemptId_0
LIMIT 2
[21:03:02 INF] Executed DbCommand (0ms) [Parameters=[@__runtime_DemandId_0='?' (Size = 36)], CommandType='Text', CommandTimeout='30']
SELECT "a"."DemandId", "a"."AcceptedAt", "a"."CatalogRevision", "a"."CreatedAt", "a"."DemandRevision", "a"."Generation", "a"."HistoryEpoch", "a"."LiveMesFieldsJson", "a"."SeriesId", "a"."Status", "a"."Sublot", "a"."TransportDemandKey", "a"."ValueObservedAt", "a"."ValuePollTraceId", "a"."ValueProjectionCommitId", "a"."WorkType"
FROM "AcceptedDemands" AS "a"
WHERE "a"."DemandId" = @__runtime_DemandId_0
LIMIT 2
[21:03:02 INF] Executed DbCommand (0ms) [Parameters=[@__messageId_0='?' (Size = 36)], CommandType='Text', CommandTimeout='30']
SELECT "p"."MessageId", "p"."AcknowledgedAt", "p"."CreatedAt", "p"."FencedAt", "p"."MessageType", "p"."PayloadJson"
FROM "ProtocolOutbox" AS "p"
WHERE "p"."MessageId" = @__messageId_0
LIMIT 2
[21:03:02 INF] Executed DbCommand (0ms) [Parameters=[@p1='?' (Size = 36), @p0='?' (DbType = DateTimeOffset)], CommandType='Text', CommandTimeout='30']
UPDATE "ProtocolOutbox" SET "AcknowledgedAt" = @p0
WHERE "MessageId" = @p1
RETURNING 1;
[21:03:02 INF] Executed DbCommand (0ms) [Parameters=[@__upperId_0='?' (Size = 49)], CommandType='Text', CommandTimeout='30']
SELECT "o"."MovementLegId", "o"."AgvLifecycleGeneration", "o"."CreateAttemptCount", "o"."CreateAttemptId", "o"."CreateDispatchArmedAt", "o"."CreatedAt", "o"."DemandId", "o"."DestinationStationId", "o"."DispatchAuditSequence", "o"."DispatchAuditVersion", "o"."DispatchGeneration", "o"."ExperimentalCreateAuthorizationId", "o"."LastCreateOutcome", "o"."LastCreateOutcomeAt", "o"."LastCreateReceiptJson", "o"."LastReconciliationOutcome", "o"."LastReconciliationOutcomeAt", "o"."LastReconciliationReceiptJson", "o"."MapId", "o"."OrderId", "o"."Purpose", "o"."Status", "o"."TargetStationId", "o"."UpperId", "o"."VehicleKey", "o"."VehicleOccupancyClaimedAt", "o"."VehicleOccupancyReleasedAt"
FROM "OrderIntents" AS "o"
WHERE "o"."UpperId" = @__upperId_0
LIMIT 2
[21:03:02 INF] Executed DbCommand (0ms) [Parameters=[@p2='?' (Size = 36), @p0='?' (Size = 9), @p1='?' (DbType = DateTimeOffset)], CommandType='Text', CommandTimeout='30']
UPDATE "JourneyRuntimes" SET "Stage" = @p0, "UpdatedAt" = @p1
WHERE "DemandId" = @p2
RETURNING 1;
[21:03:02 INF] Executed DbCommand (0ms) [Parameters=[@p1='?' (Size = 36), @p2='?' (DbType = Int32), @p3='?' (DbType = Int64), @p5='?', @p4='?' (Size = 9), @p0='?' (DbType = DateTimeOffset)], CommandType='Text', CommandTimeout='30']
UPDATE "OrderIntents" SET "VehicleOccupancyReleasedAt" = @p0
WHERE "MovementLegId" = @p1 AND "CreateAttemptCount" = @p2 AND "DispatchAuditSequence" = @p3 AND "ExperimentalCreateAuthorizationId" IS NULL AND "Status" = @p4
RETURNING 1;
