[14:28:01 INF] Executed DbCommand (9ms) [Parameters=[], CommandType='Text', CommandTimeout='30']
SELECT COUNT(*) FROM "sqlite_master" WHERE "name" = '__EFMigrationsHistory' AND "type" = 'table';
[14:28:01 INF] Executed DbCommand (1ms) [Parameters=[], CommandType='Text', CommandTimeout='30']
SELECT COUNT(*) FROM "sqlite_master" WHERE "name" = '__EFMigrationsHistory' AND "type" = 'table';
[14:28:01 INF] Executed DbCommand (1ms) [Parameters=[], CommandType='Text', CommandTimeout='30']
SELECT "MigrationId", "ProductVersion"
FROM "__EFMigrationsHistory"
ORDER BY "MigrationId";
[14:28:01 INF] No migrations were applied. The database is already up to date.
[14:28:01 INF] Executed DbCommand (0ms) [Parameters=[], CommandType='Text', CommandTimeout='30']
SELECT "j"."BlockReasonCode"
FROM "JourneyRuntimes" AS "j"
WHERE "j"."Stage" = 'Blocked' AND "j"."BlockReasonCode" IS NOT NULL
[14:28:01 INF] Executed DbCommand (0ms) [Parameters=[], CommandType='Text', CommandTimeout='30']
SELECT "a"."AuditRecordId", "a"."Action", "a"."ActorAttribution", "a"."ActorIdentity", "a"."ClaimedAdministratorRole", "a"."DetailJson", "a"."ObjectId", "a"."ObjectKind", "a"."Outcome", "a"."RecordedAt", "a"."RecordedAtUtcTicks", "a"."SnapshotId", "a"."Version"
FROM "AdministratorAuditRecords" AS "a"
WHERE "a"."Action" = 'AUDIT_RETENTION_POLICY_CONFIGURED'
ORDER BY "a"."RecordedAtUtcTicks" DESC, "a"."AuditRecordId" DESC
LIMIT 1
[14:28:01 INF] Executed DbCommand (0ms) [Parameters=[], CommandType='Text', CommandTimeout='30']
SELECT "s"."CommandMessageId"
FROM "SlotFaultDeclarations" AS "s"
WHERE "s"."State" <> 'PENDING'
[14:28:01 INF] Executed DbCommand (0ms) [Parameters=[], CommandType='Text', CommandTimeout='30']
SELECT "s"."AgvId"
FROM "SlotFaultDeclarations" AS "s"
WHERE "s"."State" = 'PENDING'
[14:28:01 INF] Executed DbCommand (0ms) [Parameters=[], CommandType='Text', CommandTimeout='30']
SELECT "p"."PayloadJson"
FROM "ProtocolOutbox" AS "p"
WHERE "p"."AcknowledgedAt" IS NULL AND "p"."FencedAt" IS NULL
[14:28:01 INF] Executed DbCommand (0ms) [Parameters=[], CommandType='Text', CommandTimeout='30']
SELECT MAX("d"."Version")
FROM "DispatchZoneAreaAssignmentVersions" AS "d"
[14:28:01 INF] Executed DbCommand (0ms) [Parameters=[], CommandType='Text', CommandTimeout='30']
SELECT "t"."Version", "t"."ContentSha256", "t"."LoadedAt", "t"."SnapshotId", "t"."Source"
FROM "TaskTypeStationRuleVersions" AS "t"
ORDER BY "t"."Version" DESC
LIMIT 1
[14:28:01 INF] Executed DbCommand (2ms) [Parameters=[@__objectKind_0='?' (Size = 19), @__objectId_1='?' (Size = 23), @__version_2='?' (DbType = Int64)], CommandType='Text', CommandTimeout='30']
SELECT "g"."SnapshotId", "g"."ContentJson", "g"."ContentSha256", "g"."FrozenAt", "g"."ObjectId", "g"."ObjectKind", "g"."Version"
FROM "GovernedConfigurationSnapshots" AS "g"
WHERE "g"."ObjectKind" = @__objectKind_0 AND "g"."ObjectId" = @__objectId_1 AND "g"."Version" = @__version_2
LIMIT 2
[14:28:01 INF] Executed DbCommand (1ms) [Parameters=[@p0='?' (Size = 32), @p1='?' (Size = 340), @p2='?' (Size = 64), @p3='?' (DbType = DateTimeOffset), @p4='?' (Size = 23), @p5='?' (Size = 19), @p6='?' (DbType = Int64)], CommandType='Text', CommandTimeout='30']
INSERT INTO "GovernedConfigurationSnapshots" ("SnapshotId", "ContentJson", "ContentSha256", "FrozenAt", "ObjectId", "ObjectKind", "Version")
VALUES (@p0, @p1, @p2, @p3, @p4, @p5, @p6);
[14:28:01 INF] Executed DbCommand (0ms) [Parameters=[@p0='?' (Size = 32), @p1='?' (Size = 37), @p2='?' (Size = 34), @p3='?' (Size = 40), @p4='?' (Size = 131), @p5='?' (Size = 23), @p6='?' (Size = 19), @p7='?' (Size = 9), @p8='?' (DbType = DateTimeOffset), @p9='?' (DbType = Int64), @p10='?' (Size = 32), @p11='?' (DbType = Int64)], CommandType='Text', CommandTimeout='30']
INSERT INTO "BusinessAuditRecords" ("AuditRecordId", "Action", "ActorAttribution", "ActorIdentity", "DetailJson", "ObjectId", "ObjectKind", "Outcome", "RecordedAt", "RecordedAtUtcTicks", "SnapshotId", "Version")
VALUES (@p0, @p1, @p2, @p3, @p4, @p5, @p6, @p7, @p8, @p9, @p10, @p11);
[14:28:01 INF] Executed DbCommand (0ms) [Parameters=[@p0='?' (DbType = Int64), @p1='?' (Size = 64), @p2='?' (DbType = DateTimeOffset), @p3='?' (Size = 32), @p4='?' (Size = 94)], CommandType='Text', CommandTimeout='30']
INSERT INTO "TaskTypeStationRuleVersions" ("Version", "ContentSha256", "LoadedAt", "SnapshotId", "Source")
VALUES (@p0, @p1, @p2, @p3, @p4);
[14:28:01 INF] Executed DbCommand (0ms) [Parameters=[@p0='?' (Size = 11), @p1='?' (DbType = Int64), @p2='?' (Size = 11)], CommandType='Text', CommandTimeout='30']
INSERT INTO "TaskTypeStationRules" ("TaskType", "Version", "FixedEnd")
VALUES (@p0, @p1, @p2);
[14:28:01 INF] Executed DbCommand (0ms) [Parameters=[@p0='?' (Size = 19), @p1='?' (DbType = Int64), @p2='?' (Size = 11)], CommandType='Text', CommandTimeout='30']
INSERT INTO "TaskTypeStationRules" ("TaskType", "Version", "FixedEnd")
VALUES (@p0, @p1, @p2);
[14:28:01 INF] Executed DbCommand (0ms) [Parameters=[@p0='?' (Size = 15), @p1='?' (DbType = Int64), @p2='?' (Size = 6)], CommandType='Text', CommandTimeout='30']
INSERT INTO "TaskTypeStationRules" ("TaskType", "Version", "FixedEnd")
VALUES (@p0, @p1, @p2);
[14:28:01 INF] Executed DbCommand (0ms) [Parameters=[@p0='?' (Size = 12), @p1='?' (DbType = Int64), @p2='?' (Size = 11)], CommandType='Text', CommandTimeout='30']
INSERT INTO "TaskTypeStationRules" ("TaskType", "Version", "FixedEnd")
VALUES (@p0, @p1, @p2);
[14:28:01 INF] Executed DbCommand (0ms) [Parameters=[@p0='?' (Size = 16), @p1='?' (DbType = Int64), @p2='?' (Size = 11)], CommandType='Text', CommandTimeout='30']
INSERT INTO "TaskTypeStationRules" ("TaskType", "Version", "FixedEnd")
VALUES (@p0, @p1, @p2);
[14:28:01 INF] Executed DbCommand (0ms) [Parameters=[@p0='?' (Size = 15), @p1='?' (DbType = Int64), @p2='?' (Size = 11)], CommandType='Text', CommandTimeout='30']
INSERT INTO "TaskTypeStationRules" ("TaskType", "Version", "FixedEnd")
VALUES (@p0, @p1, @p2);
[14:28:01 INF] Executed DbCommand (0ms) [Parameters=[@__mapId_0='?' (DbType = Int32)], CommandType='Text', CommandTimeout='30']
SELECT "t"."MapId", "t"."ActiveVersion", "t"."PendingVersion", "t"."State", "t"."UpdatedAt"
FROM "TaskTypeStationActiveBindingSets" AS "t"
WHERE "t"."MapId" = @__mapId_0
LIMIT 2
[14:28:01 INF] Executed DbCommand (0ms) [Parameters=[@__ruleVersion_0='?' (DbType = Int64)], CommandType='Text', CommandTimeout='30']
SELECT EXISTS (
    SELECT 1
    FROM "TaskTypeStationRuleVersions" AS "t"
    WHERE "t"."Version" = @__ruleVersion_0)
[14:28:01 INF] Executed DbCommand (0ms) [Parameters=[@__ruleVersion_0='?' (DbType = Int64)], CommandType='Text', CommandTimeout='30']
SELECT "t"."TaskType", "t"."FixedEnd"
FROM "TaskTypeStationRules" AS "t"
WHERE "t"."Version" = @__ruleVersion_0
[14:28:01 INF] Executed DbCommand (0ms) [Parameters=[@__mapId_0='?' (DbType = Int32)], CommandType='Text', CommandTimeout='30']
SELECT "t"."MapId", "t"."Version", "t"."CatalogRevision", "t"."ContentSha256", "t"."LoadedAt", "t"."RuleVersion", "t"."SnapshotId", "t"."Source"
FROM "TaskTypeStationBindingSetVersions" AS "t"
WHERE "t"."MapId" = @__mapId_0
ORDER BY "t"."Version" DESC
LIMIT 1
[14:28:01 INF] Executed DbCommand (0ms) [Parameters=[@__objectKind_0='?' (Size = 20), @__objectId_1='?' (Size = 6), @__version_2='?' (DbType = Int64)], CommandType='Text', CommandTimeout='30']
SELECT "g"."SnapshotId", "g"."ContentJson", "g"."ContentSha256", "g"."FrozenAt", "g"."ObjectId", "g"."ObjectKind", "g"."Version"
FROM "GovernedConfigurationSnapshots" AS "g"
WHERE "g"."ObjectKind" = @__objectKind_0 AND "g"."ObjectId" = @__objectId_1 AND "g"."Version" = @__version_2
LIMIT 2
[14:28:01 INF] Executed DbCommand (0ms) [Parameters=[@p0='?' (Size = 32), @p1='?' (Size = 193), @p2='?' (Size = 64), @p3='?' (DbType = DateTimeOffset), @p4='?' (Size = 6), @p5='?' (Size = 20), @p6='?' (DbType = Int64)], CommandType='Text', CommandTimeout='30']
INSERT INTO "GovernedConfigurationSnapshots" ("SnapshotId", "ContentJson", "ContentSha256", "FrozenAt", "ObjectId", "ObjectKind", "Version")
VALUES (@p0, @p1, @p2, @p3, @p4, @p5, @p6);
[14:28:01 INF] Executed DbCommand (0ms) [Parameters=[@p0='?' (Size = 32), @p1='?' (Size = 44), @p2='?' (Size = 34), @p3='?' (Size = 40), @p4='?' (Size = 131), @p5='?' (Size = 6), @p6='?' (Size = 20), @p7='?' (Size = 9), @p8='?' (DbType = DateTimeOffset), @p9='?' (DbType = Int64), @p10='?' (Size = 32), @p11='?' (DbType = Int64)], CommandType='Text', CommandTimeout='30']
INSERT INTO "BusinessAuditRecords" ("AuditRecordId", "Action", "ActorAttribution", "ActorIdentity", "DetailJson", "ObjectId", "ObjectKind", "Outcome", "RecordedAt", "RecordedAtUtcTicks", "SnapshotId", "Version")
VALUES (@p0, @p1, @p2, @p3, @p4, @p5, @p6, @p7, @p8, @p9, @p10, @p11);
[14:28:01 INF] Executed DbCommand (0ms) [Parameters=[@p0='?' (DbType = Int32), @p1='?' (DbType = Int64), @p2='?' (DbType = Int64), @p3='?' (Size = 64), @p4='?' (DbType = DateTimeOffset), @p5='?' (DbType = Int64), @p6='?' (Size = 32), @p7='?' (Size = 94)], CommandType='Text', CommandTimeout='30']
INSERT INTO "TaskTypeStationBindingSetVersions" ("MapId", "Version", "CatalogRevision", "ContentSha256", "LoadedAt", "RuleVersion", "SnapshotId", "Source")
VALUES (@p0, @p1, @p2, @p3, @p4, @p5, @p6, @p7);
[14:28:01 INF] Executed DbCommand (0ms) [Parameters=[@p0='?' (DbType = Int32), @p1='?' (Size = 12), @p2='?' (DbType = Int64), @p3='?' (Size = 23), @p4='?' (Size = 2), @p5='?' (DbType = Int32)], CommandType='Text', CommandTimeout='30']
INSERT INTO "TaskTypeStationBindings" ("MapId", "TaskType", "Version", "SiteVerificationRef", "StationName", "StationRiotId")
VALUES (@p0, @p1, @p2, @p3, @p4, @p5);
[14:28:01 INF] Executed DbCommand (0ms) [Parameters=[@p0='?' (DbType = Int32), @p1='?' (Size = 12), @p2='?' (DbType = Int64)], CommandType='Text', CommandTimeout='30']
INSERT INTO "TaskTypeStationRequirements" ("MapId", "TaskType", "Version")
VALUES (@p0, @p1, @p2);
[14:28:01 INF] Executed DbCommand (0ms) [Parameters=[@__mapId_0='?' (DbType = Int32), @__version_1='?' (DbType = Int64)], CommandType='Text', CommandTimeout='30']
SELECT EXISTS (
    SELECT 1
    FROM "TaskTypeStationBindingSetVersions" AS "t"
    WHERE "t"."MapId" = @__mapId_0 AND "t"."Version" = @__version_1)
[14:28:01 INF] Executed DbCommand (0ms) [Parameters=[@__mapId_0='?' (DbType = Int32)], CommandType='Text', CommandTimeout='30']
SELECT "t"."MapId", "t"."ActiveVersion", "t"."PendingVersion", "t"."State", "t"."UpdatedAt"
FROM "TaskTypeStationActiveBindingSets" AS "t"
WHERE "t"."MapId" = @__mapId_0
LIMIT 2
[14:28:01 INF] Executed DbCommand (0ms) [Parameters=[@p0='?' (DbType = Int32), @p1='?' (DbType = Int64), @p2='?' (DbType = Int64), @p3='?' (Size = 6), @p4='?' (DbType = DateTimeOffset)], CommandType='Text', CommandTimeout='30']
INSERT INTO "TaskTypeStationActiveBindingSets" ("MapId", "ActiveVersion", "PendingVersion", "State", "UpdatedAt")
VALUES (@p0, @p1, @p2, @p3, @p4);
[14:28:01 INF] Executed DbCommand (0ms) [Parameters=[@__version_MapId_0='?' (DbType = Int32)], CommandType='Text', CommandTimeout='30']
SELECT "m"."MapId", "m"."AcceptedAt", "m"."AcceptedBy", "m"."EstablishedAt", "m"."Name", "m"."PendingName", "m"."PendingSince"
FROM "MapNameBaselines" AS "m"
WHERE "m"."MapId" = @__version_MapId_0
LIMIT 2
[14:28:01 INF] Task type station preset C:\Users\szy\AppData\Local\Temp\l2-20261010T062647215Z\task-type-stations.settings.json loaded: rule version 1 (new), Map 25 binding set version 1 (new) active.
[14:28:01 INF] Executed DbCommand (0ms) [Parameters=[], CommandType='Text', CommandTimeout='30']
SELECT "c"."ActivationId", "c"."ActivatedAt", "c"."ActivatedBy", "c"."Sequence", "c"."Version"
FROM "ChargingPolicyActivations" AS "c"
ORDER BY "c"."Sequence" DESC
LIMIT 1
[14:28:01 INF] Executed DbCommand (0ms) [Parameters=[], CommandType='Text', CommandTimeout='30']
SELECT "j"."JourneyId", "j"."ChargingPolicyVersion" AS "Version"
FROM "JourneyRuntimes" AS "j"
WHERE "j"."Stage" <> 'Completed' AND "j"."ChargingPolicyVersion" IS NOT NULL
[14:28:01 INF] Executed DbCommand (0ms) [Parameters=[], CommandType='Text', CommandTimeout='30']
SELECT DISTINCT "c"."VehicleKey"
FROM "ChargingCycles" AS "c"
WHERE "c"."Phase" <> 'ENDED'
[14:28:01 WRN] The manual station clearance exit is not available (FIELD_OPERATOR_ROSTER_EMPTY,STATION_CLEARANCE_ENTRY_NOT_OFFERED). Until it is, a vehicle that cannot charge at its charger is left on ORDER_HANG instead of being paused for a manual clearance (control-server#406). Configure FieldOperatorRoles:Path with at least one R-11 or R-13, and VehicleFaultRecovery:enabled or FieldOperatorRoles:OnboardClearanceEntryDeclared.
[14:28:02 INF] Onboard NDJSON listener started on 127.0.0.1:48405; transport=plaintext
[14:28:02 INF] Executed DbCommand (0ms) [Parameters=[], CommandType='Text', CommandTimeout='30']
SELECT "a"."AgvId"
FROM "AgvLifecycles" AS "a"
WHERE "a"."Archived"
[14:28:02 INF] Start processing HTTP request GET http://127.0.0.1:48408/api/order/v1/orderRecord?pageNum=1&pageSize=100&filterByState=1&filterByState=3&filterByState=7&filterByState=8&filterByState=9&filterByState=10
[14:28:02 INF] Sending HTTP request GET http://127.0.0.1:48408/api/order/v1/orderRecord?pageNum=1&pageSize=100&filterByState=1&filterByState=3&filterByState=7&filterByState=8&filterByState=9&filterByState=10
[14:28:02 INF] Now listening on: http://127.0.0.1:48407
[14:28:02 INF] Application started. Press Ctrl+C to shut down.
[14:28:02 INF] Hosting environment: Production
[14:28:02 INF] Content root path: C:\g4d\sources\control-server\src\ControlServer.Host\bin\Release\net8.0\win-x64
[14:28:02 INF] EFFECTIVE_CONFIGURATION allowedWorkTypes=["DIE_TO_WIRE_STAGING", "DIE_TO_OVEN", "WIRE_TO_GATE", "WIRE_TO_OPTICAL", "STAGING_TO_WIRE", "WIRE_TO_NITROGEN"] allowedDispatchZones=["MAP-25-WIRE_TO_GATE"] mesIngestBaseUrl=http://127.0.0.1:48409
[14:28:02 INF] Received HTTP response headers after 53.5151ms - 200
[14:28:02 INF] End processing HTTP request after 61.3082ms - 200
[14:28:02 INF] Executed DbCommand (0ms) [Parameters=[@__listedIds_0='?' (Size = 2)], CommandType='Text', CommandTimeout='30']
SELECT "f"."RiotOrderId", "f"."AgvId", "f"."CancelCallDisposition", "f"."CancelCommandAuditId", "f"."CancelDecidedAt", "f"."CancelResult", "f"."CancelResultAt", "f"."CancelSentAt", "f"."DetectedAt", "f"."DeviceKey", "f"."EndedAt", "f"."EndedOrderState", "f"."LastSeenRunningAt", "f"."OrderStateAtDetection", "f"."Ownership", "f"."OwnershipBasis", "f"."State", "f"."UpdatedAt", "f"."UpperId"
FROM "ForeignRiotOrders" AS "f"
WHERE "f"."State" <> 'ENDED' OR "f"."RiotOrderId" IN (
    SELECT "l"."value"
    FROM json_each(@__listedIds_0) AS "l"
)
[14:28:02 INF] Executed DbCommand (0ms) [Parameters=[], CommandType='Text', CommandTimeout='30']
SELECT "s"."MapId", "s"."StationId", "s"."ChargerRosterVersion", "s"."JourneyId", "s"."RecordId", "s"."State", "s"."StateSince", "s"."StationKind", "s"."VehicleKey", "s"."WaitingPointVersion"
FROM "StationExclusivities" AS "s"
WHERE "s"."StationKind" IN ('FIXED_TASK_STATION', 'WAITING_POINT')
[14:28:02 INF] Executed DbCommand (0ms) [Parameters=[@__mapId_0='?' (DbType = Int32)], CommandType='Text', CommandTimeout='30']
SELECT "t"."MapId", "t"."ActiveVersion", "t"."PendingVersion", "t"."State", "t"."UpdatedAt"
FROM "TaskTypeStationActiveBindingSets" AS "t"
WHERE "t"."MapId" = @__mapId_0
LIMIT 2
[14:28:02 INF] Executed DbCommand (0ms) [Parameters=[@__mapId_0='?' (DbType = Int32), @__version_1='?' (DbType = Int64)], CommandType='Text', CommandTimeout='30']
SELECT "t"."MapId", "t"."Version", "t"."CatalogRevision", "t"."ContentSha256", "t"."LoadedAt", "t"."RuleVersion", "t"."SnapshotId", "t"."Source"
FROM "TaskTypeStationBindingSetVersions" AS "t"
WHERE "t"."MapId" = @__mapId_0 AND "t"."Version" = @__version_1
LIMIT 2
[14:28:02 INF] Executed DbCommand (0ms) [Parameters=[@__mapId_0='?' (DbType = Int32), @__version_1='?' (DbType = Int64)], CommandType='Text', CommandTimeout='30']
SELECT "t"."TaskType"
FROM "TaskTypeStationRequirements" AS "t"
WHERE "t"."MapId" = @__mapId_0 AND "t"."Version" = @__version_1
[14:28:02 INF] Executed DbCommand (0ms) [Parameters=[@__mapId_0='?' (DbType = Int32), @__version_1='?' (DbType = Int64)], CommandType='Text', CommandTimeout='30']
SELECT "t"."MapId", "t"."Version", "t"."TaskType", "t"."SiteVerificationRef", "t"."StationName", "t"."StationRiotId"
FROM "TaskTypeStationBindings" AS "t"
WHERE "t"."MapId" = @__mapId_0 AND "t"."Version" = @__version_1
[14:28:02 INF] Executed DbCommand (0ms) [Parameters=[], CommandType='Text', CommandTimeout='30']
SELECT "j"."JourneyId", "j"."AgvId", "j"."AgvLifecycleGeneration", "j"."AreaEndAdmissionRevokedSince", "j"."BlockReasonCode", "j"."BlockReasonSince", "j"."CargoHoldingStartedAt", "j"."ChargingPolicyVersion", "j"."ConsumedSafetyResultMessageId", "j"."ConsumedSublotMessageId", "j"."CreatedAt", "j"."DemandId", "j"."DispatchGeneration", "j"."DispatchZone", "j"."ExpectedBasketCount", "j"."FullSlotPositionsJson", "j"."GateMovementLegId", "j"."GatePlanMessageId", "j"."GateStationId", "j"."GateStationRiotId", "j"."GateUpperId", "j"."GateVehicleBusinessMessageId", "j"."GateWorklistMessageId", "j"."LoadCommandMessageId", "j"."LoadSlotOperationAttemptId", "j"."LoadingClosedReason", "j"."LoadingPhaseState", "j"."MapId", "j"."MapIdentity", "j"."OperationSessionId", "j"."PickupMovementLegId", "j"."PickupStationId", "j"."PickupStationRiotId", "j"."PickupUpperId", "j"."PlanMessageId", "j"."PlanRevision", "j"."PreDepartureSafetyCheckId", "j"."PreDepartureSafetyCheckMessageId", "j"."PublishedBatteryState", "j"."RouteEvidenceId", "j"."Stage", "j"."StationDepartureWaitStartedAt", "j"."SublotRequestMessageId", "j"."TargetSlotsJson", "j"."UnloadCommandMessageId", "j"."UnloadSlotOperationAttemptId", "j"."UpdatedAt", "j"."VehicleBusinessMessageId", "j"."VehicleBusinessRevision", "j"."VehicleKey", "j"."Version", "j"."WaitingBatteryObservedAt", "j"."WaitingBatteryPercent", "j"."WaitingSince", "j"."WaitingWarnedAt", "j"."WorklistMessageId", "j"."WorklistRevision", "j"."YieldTriggeredAt", "j"."YieldTriggeredByVehicleKey"
FROM "JourneyRuntimes" AS "j"
WHERE "j"."Stage" NOT IN ('Completed', 'Blocked')
[14:28:02 INF] Start processing HTTP request GET http://127.0.0.1:48408/api/imap/v1/mapInfo/getALLMapInfoExcludeMapJson
[14:28:02 INF] Sending HTTP request GET http://127.0.0.1:48408/api/imap/v1/mapInfo/getALLMapInfoExcludeMapJson
[14:28:02 INF] Received HTTP response headers after 13.6518ms - 200
[14:28:02 INF] End processing HTTP request after 14.7726ms - 200
[14:28:02 INF] Executed DbCommand (0ms) [Parameters=[@__mapId_0='?' (DbType = Int32)], CommandType='Text', CommandTimeout='30']
SELECT "m"."MapId", "m"."AcceptedAt", "m"."AcceptedBy", "m"."EstablishedAt", "m"."Name", "m"."PendingName", "m"."PendingSince"
FROM "MapNameBaselines" AS "m"
WHERE "m"."MapId" = @__mapId_0
LIMIT 2
[14:28:02 INF] Executed DbCommand (0ms) [Parameters=[@__mapId_0='?' (DbType = Int32)], CommandType='Text', CommandTimeout='30']
SELECT "m"."MapId", "m"."AcceptedAt", "m"."AcceptedBy", "m"."EstablishedAt", "m"."Name", "m"."PendingName", "m"."PendingSince"
FROM "MapNameBaselines" AS "m"
WHERE "m"."MapId" = @__mapId_0
LIMIT 2
[14:28:02 INF] Executed DbCommand (1ms) [Parameters=[@p0='?' (DbType = Int32), @p1='?' (Size = 10), @p2='?' (DbType = DateTimeOffset)], CommandType='Text', CommandTimeout='30']
INSERT OR IGNORE INTO MapNameBaselines (MapId, Name, EstablishedAt) VALUES (@p0, @p1, @p2)
[14:28:02 INF] Start processing HTTP request GET http://127.0.0.1:48408/api/imap/v1/mapInfo/stations/25
[14:28:02 INF] Sending HTTP request GET http://127.0.0.1:48408/api/imap/v1/mapInfo/stations/25
[14:28:02 INF] Received HTTP response headers after 24.3259ms - 200
[14:28:02 INF] End processing HTTP request after 24.9988ms - 200
[14:28:02 INF] Executed DbCommand (0ms) [Parameters=[@__mapId_0='?' (DbType = Int32)], CommandType='Text', CommandTimeout='30']
SELECT "t"."MapId", "t"."ActiveVersion", "t"."PendingVersion", "t"."State", "t"."UpdatedAt"
FROM "TaskTypeStationActiveBindingSets" AS "t"
WHERE "t"."MapId" = @__mapId_0
LIMIT 2
[14:28:02 INF] Executed DbCommand (0ms) [Parameters=[@__mapId_0='?' (DbType = Int32), @__version_1='?' (DbType = Int64)], CommandType='Text', CommandTimeout='30']
SELECT "t"."MapId", "t"."Version", "t"."CatalogRevision", "t"."ContentSha256", "t"."LoadedAt", "t"."RuleVersion", "t"."SnapshotId", "t"."Source"
FROM "TaskTypeStationBindingSetVersions" AS "t"
WHERE "t"."MapId" = @__mapId_0 AND "t"."Version" = @__version_1
LIMIT 2
[14:28:02 INF] Executed DbCommand (0ms) [Parameters=[@__mapId_0='?' (DbType = Int32), @__version_1='?' (DbType = Int64)], CommandType='Text', CommandTimeout='30']
SELECT "t"."TaskType"
FROM "TaskTypeStationRequirements" AS "t"
WHERE "t"."MapId" = @__mapId_0 AND "t"."Version" = @__version_1
[14:28:02 INF] Executed DbCommand (0ms) [Parameters=[@__mapId_0='?' (DbType = Int32), @__version_1='?' (DbType = Int64)], CommandType='Text', CommandTimeout='30']
SELECT "t"."MapId", "t"."Version", "t"."TaskType", "t"."SiteVerificationRef", "t"."StationName", "t"."StationRiotId"
FROM "TaskTypeStationBindings" AS "t"
WHERE "t"."MapId" = @__mapId_0 AND "t"."Version" = @__version_1
[14:28:02 INF] Executed DbCommand (0ms) [Parameters=[@__version_0='?' (DbType = Int64)], CommandType='Text', CommandTimeout='30']
SELECT "t"."Version", "t"."ContentSha256", "t"."LoadedAt", "t"."SnapshotId", "t"."Source"
FROM "TaskTypeStationRuleVersions" AS "t"
WHERE "t"."Version" = @__version_0
LIMIT 2
[14:28:02 INF] Executed DbCommand (0ms) [Parameters=[@__version_0='?' (DbType = Int64)], CommandType='Text', CommandTimeout='30']
SELECT "t"."Version", "t"."TaskType", "t"."FixedEnd"
FROM "TaskTypeStationRules" AS "t"
WHERE "t"."Version" = @__version_0
[14:28:02 INF] Executed DbCommand (0ms) [Parameters=[@__mapId_0='?' (DbType = Int32)], CommandType='Text', CommandTimeout='30']
SELECT "t"."MapId", "t"."ActiveVersion", "t"."PendingVersion", "t"."State", "t"."UpdatedAt"
FROM "TaskTypeStationActiveBindingSets" AS "t"
WHERE "t"."MapId" = @__mapId_0
LIMIT 2
[14:28:02 INF] Executed DbCommand (0ms) [Parameters=[@__mapId_0='?' (DbType = Int32)], CommandType='Text', CommandTimeout='30']
SELECT "t"."HoldId", "t"."DetailJson", "t"."MapId", "t"."RaisedAt", "t"."RaisedBy", "t"."ReasonCode", "t"."ReleasedAt", "t"."ReleasedBy", "t"."Source", "t"."TaskType"
FROM "TaskTypeStationHolds" AS "t"
WHERE "t"."MapId" = @__mapId_0 AND "t"."ReleasedAt" IS NULL
[14:28:02 INF] Executed DbCommand (0ms) [Parameters=[@__mapId_0='?' (DbType = Int32)], CommandType='Text', CommandTimeout='30']
SELECT "m"."MapId", "m"."ApprovedMaxUnconfirmedSeconds", "m"."ApprovedSyncPeriodSeconds", "m"."CatalogRevision", "m"."LastAttemptAt", "m"."LastCompleteConfirmationAt", "m"."LastFailureReason", "m"."State", "m"."UpdatedAt"
FROM "MapStationCatalogStates" AS "m"
WHERE "m"."MapId" = @__mapId_0
LIMIT 2
[14:28:02 INF] Executed DbCommand (1ms) [Parameters=[@p0='?' (DbType = Int32), @p1='?' (DbType = Int32), @p2='?' (DbType = Int32), @p3='?' (DbType = Int64), @p4='?' (DbType = DateTimeOffset), @p5='?' (DbType = DateTimeOffset), @p6='?', @p7='?' (Size = 5), @p8='?' (DbType = DateTimeOffset)], CommandType='Text', CommandTimeout='30']
INSERT INTO "MapStationCatalogStates" ("MapId", "ApprovedMaxUnconfirmedSeconds", "ApprovedSyncPeriodSeconds", "CatalogRevision", "LastAttemptAt", "LastCompleteConfirmationAt", "LastFailureReason", "State", "UpdatedAt")
VALUES (@p0, @p1, @p2, @p3, @p4, @p5, @p6, @p7, @p8);
[14:28:02 INF] Executed DbCommand (0ms) [Parameters=[@__mapId_0='?' (DbType = Int32)], CommandType='Text', CommandTimeout='30']
SELECT "t"."MapId", "t"."ActiveVersion", "t"."PendingVersion", "t"."State", "t"."UpdatedAt"
FROM "TaskTypeStationActiveBindingSets" AS "t"
WHERE "t"."MapId" = @__mapId_0
LIMIT 2
[14:28:02 INF] Executed DbCommand (0ms) [Parameters=[@__mapId_0='?' (DbType = Int32), @__version_1='?' (DbType = Int64)], CommandType='Text', CommandTimeout='30']
SELECT "t"."MapId", "t"."Version", "t"."CatalogRevision", "t"."ContentSha256", "t"."LoadedAt", "t"."RuleVersion", "t"."SnapshotId", "t"."Source"
FROM "TaskTypeStationBindingSetVersions" AS "t"
WHERE "t"."MapId" = @__mapId_0 AND "t"."Version" = @__version_1
LIMIT 2
[14:28:02 INF] Executed DbCommand (0ms) [Parameters=[@__mapId_0='?' (DbType = Int32), @__version_1='?' (DbType = Int64)], CommandType='Text', CommandTimeout='30']
SELECT "t"."TaskType"
FROM "TaskTypeStationRequirements" AS "t"
WHERE "t"."MapId" = @__mapId_0 AND "t"."Version" = @__version_1
[14:28:02 INF] Executed DbCommand (0ms) [Parameters=[@__mapId_0='?' (DbType = Int32), @__version_1='?' (DbType = Int64)], CommandType='Text', CommandTimeout='30']
SELECT "t"."MapId", "t"."Version", "t"."TaskType", "t"."SiteVerificationRef", "t"."StationName", "t"."StationRiotId"
FROM "TaskTypeStationBindings" AS "t"
WHERE "t"."MapId" = @__mapId_0 AND "t"."Version" = @__version_1
[14:28:02 INF] Executed DbCommand (0ms) [Parameters=[@__mapId_0='?' (DbType = Int32)], CommandType='Text', CommandTimeout='30']
SELECT "t"."MapId", "t"."ActiveVersion", "t"."PendingVersion", "t"."State", "t"."UpdatedAt"
FROM "TaskTypeStationActiveBindingSets" AS "t"
WHERE "t"."MapId" = @__mapId_0
LIMIT 2
[14:28:02 INF] Executed DbCommand (0ms) [Parameters=[@__mapId_0='?' (DbType = Int32), @__version_1='?' (DbType = Int64)], CommandType='Text', CommandTimeout='30']
SELECT "t"."MapId", "t"."Version", "t"."CatalogRevision", "t"."ContentSha256", "t"."LoadedAt", "t"."RuleVersion", "t"."SnapshotId", "t"."Source"
FROM "TaskTypeStationBindingSetVersions" AS "t"
WHERE "t"."MapId" = @__mapId_0 AND "t"."Version" = @__version_1
LIMIT 2
[14:28:02 INF] Executed DbCommand (0ms) [Parameters=[@__mapId_0='?' (DbType = Int32), @__version_1='?' (DbType = Int64)], CommandType='Text', CommandTimeout='30']
SELECT "t"."TaskType"
FROM "TaskTypeStationRequirements" AS "t"
WHERE "t"."MapId" = @__mapId_0 AND "t"."Version" = @__version_1
[14:28:02 INF] Executed DbCommand (0ms) [Parameters=[@__mapId_0='?' (DbType = Int32), @__version_1='?' (DbType = Int64)], CommandType='Text', CommandTimeout='30']
SELECT "t"."MapId", "t"."Version", "t"."TaskType", "t"."SiteVerificationRef", "t"."StationName", "t"."StationRiotId"
FROM "TaskTypeStationBindings" AS "t"
WHERE "t"."MapId" = @__mapId_0 AND "t"."Version" = @__version_1
[14:28:02 INF] Executed DbCommand (0ms) [Parameters=[@__version_0='?' (DbType = Int64)], CommandType='Text', CommandTimeout='30']
SELECT "t"."Version", "t"."ContentSha256", "t"."LoadedAt", "t"."SnapshotId", "t"."Source"
FROM "TaskTypeStationRuleVersions" AS "t"
WHERE "t"."Version" = @__version_0
LIMIT 2
[14:28:02 INF] Executed DbCommand (0ms) [Parameters=[@__version_0='?' (DbType = Int64)], CommandType='Text', CommandTimeout='30']
SELECT "t"."Version", "t"."TaskType", "t"."FixedEnd"
FROM "TaskTypeStationRules" AS "t"
WHERE "t"."Version" = @__version_0
[14:28:02 INF] Executed DbCommand (0ms) [Parameters=[], CommandType='Text', CommandTimeout='30']
SELECT "a"."Id", "a"."ContentHash", "a"."DeploymentId", "a"."ImportedAt", "a"."Version"
FROM "AdmissionPolicyState" AS "a"
WHERE "a"."Id" = 1
LIMIT 2
[14:28:02 INF] Executed DbCommand (0ms) [Parameters=[@p0='?' (DbType = Int64), @p1='?' (Size = 64), @p2='?' (Size = 22), @p3='?' (DbType = DateTimeOffset), @p4='?', @p5='?' (Size = 209)], CommandType='Text', CommandTimeout='30']
INSERT INTO "AdmissionPolicyAudit" ("Version", "ContentHash", "DeploymentId", "ImportedAt", "PreviousContentHash", "RelationsJson")
VALUES (@p0, @p1, @p2, @p3, @p4, @p5);
[14:28:02 INF] Executed DbCommand (0ms) [Parameters=[@p0='?' (DbType = Int32), @p1='?' (Size = 64), @p2='?' (Size = 22), @p3='?' (DbType = DateTimeOffset), @p4='?' (DbType = Int64)], CommandType='Text', CommandTimeout='30']
INSERT INTO "AdmissionPolicyState" ("Id", "ContentHash", "DeploymentId", "ImportedAt", "Version")
VALUES (@p0, @p1, @p2, @p3, @p4);
[14:28:02 INF] Executed DbCommand (0ms) [Parameters=[@p0='?' (Size = 6), @p1='?' (Size = 15), @p2='?' (DbType = Int64)], CommandType='Text', CommandTimeout='30']
INSERT INTO "StationTaskTypeAdmissions" ("StationId", "TaskType", "PolicyVersion")
VALUES (@p0, @p1, @p2);
[14:28:02 INF] Executed DbCommand (0ms) [Parameters=[@p0='?' (Size = 6), @p1='?' (Size = 12), @p2='?' (DbType = Int64)], CommandType='Text', CommandTimeout='30']
INSERT INTO "StationTaskTypeAdmissions" ("StationId", "TaskType", "PolicyVersion")
VALUES (@p0, @p1, @p2);
[14:28:02 INF] Executed DbCommand (0ms) [Parameters=[@p0='?' (Size = 9), @p1='?' (Size = 15), @p2='?' (DbType = Int64)], CommandType='Text', CommandTimeout='30']
INSERT INTO "StationTaskTypeAdmissions" ("StationId", "TaskType", "PolicyVersion")
VALUES (@p0, @p1, @p2);
[14:28:02 INF] Executed DbCommand (0ms) [Parameters=[@p0='?' (Size = 9), @p1='?' (Size = 12), @p2='?' (DbType = Int64)], CommandType='Text', CommandTimeout='30']
INSERT INTO "StationTaskTypeAdmissions" ("StationId", "TaskType", "PolicyVersion")
VALUES (@p0, @p1, @p2);
[14:28:02 INF] Executed DbCommand (0ms) [Parameters=[], CommandType='Text', CommandTimeout='30']
SELECT "v"."VehicleKey", "v"."ClaimedAt", "v"."JourneyId", "v"."Purpose"
FROM "VehiclePurposeClaims" AS "v"
WHERE "v"."Purpose" = 'IDLE_RETURN'
[14:28:02 INF] Executed DbCommand (0ms) [Parameters=[], CommandType='Text', CommandTimeout='30']
SELECT "j"."JourneyId", "j"."AgvId", "j"."AgvLifecycleGeneration", "j"."AreaEndAdmissionRevokedSince", "j"."BlockReasonCode", "j"."BlockReasonSince", "j"."CargoHoldingStartedAt", "j"."ChargingPolicyVersion", "j"."ConsumedSafetyResultMessageId", "j"."ConsumedSublotMessageId", "j"."CreatedAt", "j"."DemandId", "j"."DispatchGeneration", "j"."DispatchZone", "j"."ExpectedBasketCount", "j"."FullSlotPositionsJson", "j"."GateMovementLegId", "j"."GatePlanMessageId", "j"."GateStationId", "j"."GateStationRiotId", "j"."GateUpperId", "j"."GateVehicleBusinessMessageId", "j"."GateWorklistMessageId", "j"."LoadCommandMessageId", "j"."LoadSlotOperationAttemptId", "j"."LoadingClosedReason", "j"."LoadingPhaseState", "j"."MapId", "j"."MapIdentity", "j"."OperationSessionId", "j"."PickupMovementLegId", "j"."PickupStationId", "j"."PickupStationRiotId", "j"."PickupUpperId", "j"."PlanMessageId", "j"."PlanRevision", "j"."PreDepartureSafetyCheckId", "j"."PreDepartureSafetyCheckMessageId", "j"."PublishedBatteryState", "j"."RouteEvidenceId", "j"."Stage", "j"."StationDepartureWaitStartedAt", "j"."SublotRequestMessageId", "j"."TargetSlotsJson", "j"."UnloadCommandMessageId", "j"."UnloadSlotOperationAttemptId", "j"."UpdatedAt", "j"."VehicleBusinessMessageId", "j"."VehicleBusinessRevision", "j"."VehicleKey", "j"."Version", "j"."WaitingBatteryObservedAt", "j"."WaitingBatteryPercent", "j"."WaitingSince", "j"."WaitingWarnedAt", "j"."WorklistMessageId", "j"."WorklistRevision", "j"."YieldTriggeredAt", "j"."YieldTriggeredByVehicleKey"
FROM "JourneyRuntimes" AS "j"
WHERE "j"."Stage" <> 'Completed'
[14:28:02 INF] Executed DbCommand (0ms) [Parameters=[@__holding_0='?' (Size = 129)], CommandType='Text', CommandTimeout='30']
SELECT "f"."AgvId"
FROM "ForeignRiotOrders" AS "f"
WHERE "f"."State" IN (
    SELECT "h"."value"
    FROM json_each(@__holding_0) AS "h"
)
[14:28:02 INF] Executed DbCommand (0ms) [Parameters=[], CommandType='Text', CommandTimeout='30']
SELECT "a"."DemandId"
FROM "AcceptedDemands" AS "a"
WHERE "a"."Status" NOT IN ('Succeeded', 'Cancelled') AND NOT EXISTS (
    SELECT 1
    FROM "AcceptedDemands" AS "a0"
    WHERE "a0"."Status" NOT IN ('Succeeded', 'Cancelled') AND NOT EXISTS (
        SELECT 1
        FROM "JourneyDemands" AS "j"
        WHERE "j"."DemandId" = "a0"."DemandId" AND "j"."RemovedAt" IS NULL) AND EXISTS (
        SELECT 1
        FROM "JourneyDemands" AS "j0"
        WHERE "j0"."DemandId" = "a0"."DemandId" AND "j0"."RemovedAt" IS NOT NULL AND "j0"."RemovalReason" = 'RELEASED_FOR_REDISPATCH' AND NOT EXISTS (
            SELECT 1
            FROM "JourneyDemands" AS "j1"
            WHERE "j1"."DemandId" = "a0"."DemandId" AND "j1"."DispatchGeneration" > "j0"."DispatchGeneration")) AND "a0"."DemandId" = "a"."DemandId")
[14:28:02 INF] Executed DbCommand (0ms) [Parameters=[], CommandType='Text', CommandTimeout='30']
SELECT "j"."DemandId"
FROM "JourneyDemands" AS "j"
WHERE "j"."RemovedAt" IS NULL
[14:28:02 INF] Start processing HTTP request GET http://127.0.0.1:48409/api/v2/contract
[14:28:02 INF] Sending HTTP request GET http://127.0.0.1:48409/api/v2/contract
[14:28:02 INF] Received HTTP response headers after 13.6558ms - 200
[14:28:02 INF] End processing HTTP request after 14.4405ms - 200
[14:28:02 INF] Start processing HTTP request GET http://127.0.0.1:48409/api/v2/externally-readable-demand-catalog
[14:28:02 INF] Sending HTTP request GET http://127.0.0.1:48409/api/v2/externally-readable-demand-catalog
[14:28:02 INF] Received HTTP response headers after 6.5186ms - 200
[14:28:02 INF] End processing HTTP request after 10.6286ms - 200
[14:28:02 INF] Executed DbCommand (0ms) [Parameters=[], CommandType='Text', CommandTimeout='30']
SELECT "j"."DemandId", "j"."AcceptedAt", "j"."DecisionFingerprint", "j"."DemandCreatedAt", "j"."FirstSeenAt", "j"."LastSeenAt", "j"."ReasonCode", "j"."StarvationEscalatedAt", "j"."StarvationEscalationParameterVersion", "j"."TransportDemandKey"
FROM "JourneyBacklog" AS "j"
[14:28:02 INF] Executed DbCommand (0ms) [Parameters=[], CommandType='Text', CommandTimeout='30']
SELECT "a"."DemandId"
FROM "AcceptedDemands" AS "a"
WHERE NOT EXISTS (
    SELECT 1
    FROM "AcceptedDemands" AS "a0"
    WHERE "a0"."Status" NOT IN ('Succeeded', 'Cancelled') AND NOT EXISTS (
        SELECT 1
        FROM "JourneyDemands" AS "j"
        WHERE "j"."DemandId" = "a0"."DemandId" AND "j"."RemovedAt" IS NULL) AND EXISTS (
        SELECT 1
        FROM "JourneyDemands" AS "j0"
        WHERE "j0"."DemandId" = "a0"."DemandId" AND "j0"."RemovedAt" IS NOT NULL AND "j0"."RemovalReason" = 'RELEASED_FOR_REDISPATCH' AND NOT EXISTS (
            SELECT 1
            FROM "JourneyDemands" AS "j1"
            WHERE "j1"."DemandId" = "a0"."DemandId" AND "j1"."DispatchGeneration" > "j0"."DispatchGeneration")) AND "a0"."DemandId" = "a"."DemandId")
[14:28:02 INF] HTTP GET /health/live responded 200 in 5.1140 ms
[14:28:02 INF] Executed DbCommand (0ms) [Parameters=[], CommandType='Text', CommandTimeout='30']
SELECT "j"."DemandId", MAX("j"."DispatchGeneration") AS "Generation"
FROM "JourneyDemands" AS "j"
WHERE EXISTS (
    SELECT 1
    FROM "AcceptedDemands" AS "a"
    WHERE "a"."Status" NOT IN ('Succeeded', 'Cancelled') AND NOT EXISTS (
        SELECT 1
        FROM "JourneyDemands" AS "j0"
        WHERE "j0"."DemandId" = "a"."DemandId" AND "j0"."RemovedAt" IS NULL) AND EXISTS (
        SELECT 1
        FROM "JourneyDemands" AS "j1"
        WHERE "j1"."DemandId" = "a"."DemandId" AND "j1"."RemovedAt" IS NOT NULL AND "j1"."RemovalReason" = 'RELEASED_FOR_REDISPATCH' AND NOT EXISTS (
            SELECT 1
            FROM "JourneyDemands" AS "j2"
            WHERE "j2"."DemandId" = "a"."DemandId" AND "j2"."DispatchGeneration" > "j1"."DispatchGeneration")) AND "a"."DemandId" = "j"."DemandId")
GROUP BY "j"."DemandId"
[14:28:02 INF] Executed DbCommand (0ms) [Parameters=[], CommandType='Text', CommandTimeout='30']
SELECT "v"."AgvId", "v"."TaskType", "v"."Allowed", "v"."ConfigurationVersion", "v"."UpdatedAt"
FROM "VehicleTaskTypeAdmissions" AS "v"
[14:28:02 INF] Executed DbCommand (0ms) [Parameters=[], CommandType='Text', CommandTimeout='30']
SELECT "v"."AgvId", "v"."ConfigurationVersion", "v"."RoundTimeoutMilliseconds", "v"."UpdatedAt"
FROM "VehicleDispatchBudgets" AS "v"
[14:28:02 INF] Executed DbCommand (0ms) [Parameters=[], CommandType='Text', CommandTimeout='30']
SELECT "d"."Zone", "d"."AgvId", "d"."ConfigurationVersion", "d"."UpdatedAt"
FROM "DispatchZoneVehicles" AS "d"
[14:28:02 INF] Executed DbCommand (0ms) [Parameters=[], CommandType='Text', CommandTimeout='30']
SELECT "v"."AgvId", "v"."TaskType", "v"."Allowed", "v"."ConfigurationVersion", "v"."UpdatedAt"
FROM "VehicleTaskTypeAdmissions" AS "v"
[14:28:02 INF] Executed DbCommand (0ms) [Parameters=[], CommandType='Text', CommandTimeout='30']
SELECT "v"."AgvId", "v"."ConfigurationVersion", "v"."RoundTimeoutMilliseconds", "v"."UpdatedAt"
FROM "VehicleDispatchBudgets" AS "v"
[14:28:02 INF] Executed DbCommand (0ms) [Parameters=[], CommandType='Text', CommandTimeout='30']
SELECT "d"."Zone", "d"."AgvId", "d"."ConfigurationVersion", "d"."UpdatedAt"
FROM "DispatchZoneVehicles" AS "d"
[14:28:02 INF] HTTP GET /version responded 200 in 2.0373 ms
[14:28:02 INF] Executed DbCommand (0ms) [Parameters=[@p0='?' (Size = 10), @p1='?' (Size = 19), @p2='?' (Size = 64), @p3='?' (DbType = DateTimeOffset)], CommandType='Text', CommandTimeout='30']
INSERT INTO "DispatchZoneVehicles" ("AgvId", "Zone", "ConfigurationVersion", "UpdatedAt")
VALUES (@p0, @p1, @p2, @p3);
[14:28:02 INF] Executed DbCommand (0ms) [Parameters=[@p0='?' (Size = 10), @p1='?' (Size = 64), @p2='?' (DbType = Int32), @p3='?' (DbType = DateTimeOffset)], CommandType='Text', CommandTimeout='30']
INSERT INTO "VehicleDispatchBudgets" ("AgvId", "ConfigurationVersion", "RoundTimeoutMilliseconds", "UpdatedAt")
VALUES (@p0, @p1, @p2, @p3);
[14:28:02 INF] Executed DbCommand (0ms) [Parameters=[@p0='?' (Size = 10), @p1='?' (Size = 11), @p2='?' (DbType = Boolean), @p3='?' (Size = 64), @p4='?' (DbType = DateTimeOffset)], CommandType='Text', CommandTimeout='30']
INSERT INTO "VehicleTaskTypeAdmissions" ("AgvId", "TaskType", "Allowed", "ConfigurationVersion", "UpdatedAt")
VALUES (@p0, @p1, @p2, @p3, @p4);
[14:28:02 INF] Executed DbCommand (0ms) [Parameters=[@p0='?' (Size = 10), @p1='?' (Size = 19), @p2='?' (DbType = Boolean), @p3='?' (Size = 64), @p4='?' (DbType = DateTimeOffset)], CommandType='Text', CommandTimeout='30']
INSERT INTO "VehicleTaskTypeAdmissions" ("AgvId", "TaskType", "Allowed", "ConfigurationVersion", "UpdatedAt")
VALUES (@p0, @p1, @p2, @p3, @p4);
[14:28:02 INF] Executed DbCommand (0ms) [Parameters=[@p0='?' (Size = 10), @p1='?' (Size = 15), @p2='?' (DbType = Boolean), @p3='?' (Size = 64), @p4='?' (DbType = DateTimeOffset)], CommandType='Text', CommandTimeout='30']
INSERT INTO "VehicleTaskTypeAdmissions" ("AgvId", "TaskType", "Allowed", "ConfigurationVersion", "UpdatedAt")
VALUES (@p0, @p1, @p2, @p3, @p4);
[14:28:02 INF] Executed DbCommand (0ms) [Parameters=[@p0='?' (Size = 10), @p1='?' (Size = 12), @p2='?' (DbType = Boolean), @p3='?' (Size = 64), @p4='?' (DbType = DateTimeOffset)], CommandType='Text', CommandTimeout='30']
INSERT INTO "VehicleTaskTypeAdmissions" ("AgvId", "TaskType", "Allowed", "ConfigurationVersion", "UpdatedAt")
VALUES (@p0, @p1, @p2, @p3, @p4);
[14:28:02 INF] Executed DbCommand (0ms) [Parameters=[@p0='?' (Size = 10), @p1='?' (Size = 16), @p2='?' (DbType = Boolean), @p3='?' (Size = 64), @p4='?' (DbType = DateTimeOffset)], CommandType='Text', CommandTimeout='30']
INSERT INTO "VehicleTaskTypeAdmissions" ("AgvId", "TaskType", "Allowed", "ConfigurationVersion", "UpdatedAt")
VALUES (@p0, @p1, @p2, @p3, @p4);
[14:28:02 INF] Executed DbCommand (0ms) [Parameters=[@p0='?' (Size = 10), @p1='?' (Size = 15), @p2='?' (DbType = Boolean), @p3='?' (Size = 64), @p4='?' (DbType = DateTimeOffset)], CommandType='Text', CommandTimeout='30']
INSERT INTO "VehicleTaskTypeAdmissions" ("AgvId", "TaskType", "Allowed", "ConfigurationVersion", "UpdatedAt")
VALUES (@p0, @p1, @p2, @p3, @p4);
[14:28:02 INF] Executed DbCommand (0ms) [Parameters=[], CommandType='Text', CommandTimeout='30']
SELECT MAX("d"."Version")
FROM "DispatchZoneAreaAssignmentVersions" AS "d"
[14:28:02 INF] Executed DbCommand (0ms) [Parameters=[], CommandType='Text', CommandTimeout='30']
SELECT MAX("d"."Version")
FROM "DispatchZoneParameterVersions" AS "d"
[14:28:02 INF] Executed DbCommand (0ms) [Parameters=[], CommandType='Text', CommandTimeout='30']
SELECT "j"."AgvId", "j"."CreatedAt"
FROM "JourneyRuntimes" AS "j"
WHERE "j"."JourneyId" NOT LIKE 'idle-return:%' AND "j"."JourneyId" NOT LIKE 'charging:%'
[14:28:02 INF] Executed DbCommand (0ms) [Parameters=[@__agvId_0='?' (Size = 10)], CommandType='Text', CommandTimeout='30']
SELECT "a"."SlotModelVersionId", "a"."SnapshotId"
FROM "ActiveSlotConfigurations" AS "a"
WHERE "a"."AgvId" = @__agvId_0
LIMIT 2
[14:28:02 INF] Executed DbCommand (0ms) [Parameters=[@__agvId_0='?' (Size = 10)], CommandType='Text', CommandTimeout='30']
SELECT "s"."SlotModelVersionId", "s"."CreatedAt"
FROM "SlotIoBindings" AS "s"
WHERE "s"."AgvId" = @__agvId_0 AND "s"."Status" = 'PUBLISHED'
[14:28:02 INF] Executed DbCommand (0ms) [Parameters=[@__agvId_0='?' (Size = 10)], CommandType='Text', CommandTimeout='30']
SELECT "s"."AgvId", "s"."ActiveUnlockSlotsJson", "s"."CapabilityHash", "s"."CapabilityRevision", "s"."DepartureSafe", "s"."ForcedRecoveryGeneration", "s"."ManifestSha256", "s"."PendingAttemptIdsJson", "s"."PendingResultIdsJson", "s"."ProfileId", "s"."ProtocolCommit", "s"."ProtocolVersion", "s"."ProvenRecoveryCheckpoint", "s"."Readiness", "s"."ReasonCode", "s"."RecoveryReportId", "s"."ReportedForcedRecoveryGeneration", "s"."ReportedSlotConfigurationFingerprint", "s"."SafetyHash", "s"."SafetyReasonCodesJson", "s"."SafetyRevision", "s"."SafetyUnknownPresent", "s"."SessionGeneration", "s"."UnsettledSlotOperationAttemptId", "s"."UpdatedAt"
FROM "SessionRecoveries" AS "s"
WHERE "s"."AgvId" = @__agvId_0 AND "s"."Readiness" = 'Ready'
LIMIT 2
[14:28:02 INF] Start processing HTTP request GET http://127.0.0.1:48408/api/task/vehicles/getVehicleInfoByDeviceKey?key=BROKERX-L2-0001
[14:28:02 INF] Sending HTTP request GET http://127.0.0.1:48408/api/task/vehicles/getVehicleInfoByDeviceKey?key=BROKERX-L2-0001
[14:28:02 INF] Received HTTP response headers after 9.3774ms - 200
[14:28:02 INF] End processing HTTP request after 10.3163ms - 200
[14:28:02 INF] Executed DbCommand (0ms) [Parameters=[], CommandType='Text', CommandTimeout='30']
SELECT "c"."ActivationId", "c"."ActivatedAt", "c"."ActivatedBy", "c"."Sequence", "c"."Version"
FROM "ChargingPolicyActivations" AS "c"
ORDER BY "c"."Sequence" DESC
LIMIT 1
[14:28:02 INF] Executed DbCommand (0ms) [Parameters=[], CommandType='Text', CommandTimeout='30']
SELECT "s"."MapId", "s"."StationId", "s"."ChargerRosterVersion", "s"."JourneyId", "s"."RecordId", "s"."State", "s"."StateSince", "s"."StationKind", "s"."VehicleKey", "s"."WaitingPointVersion"
FROM "StationExclusivities" AS "s"
WHERE "s"."StationKind" = 'CHARGER'
[14:28:02 INF] Executed DbCommand (0ms) [Parameters=[@__vehicleKey_0='?' (Size = 15)], CommandType='Text', CommandTimeout='30']
SELECT "m"."VehicleKey", "m"."HoldId", "m"."Reason", "m"."Since", "m"."WarnedAt"
FROM "ManualChargingHolds" AS "m"
WHERE "m"."VehicleKey" = @__vehicleKey_0
LIMIT 2
[14:28:02 INF] Executed DbCommand (0ms) [Parameters=[@__vehicle_VehicleKey_0='?' (Size = 15)], CommandType='Text', CommandTimeout='30']
SELECT "m"."HoldId", "m"."ReleasedAt"
FROM "ManualChargingHoldRecords" AS "m"
WHERE "m"."VehicleKey" = @__vehicle_VehicleKey_0 AND "m"."ReleasedAt" IS NOT NULL
[14:28:02 INF] Charging not allocated for vehicle AGV-L2-001: CHARGING_POLICY_NOT_APPROVED. 
[14:28:02 INF] Executed DbCommand (0ms) [Parameters=[], CommandType='Text', CommandTimeout='30']
SELECT "s"."DemandId"
FROM "StructuralDispatchBlocks" AS "s"
WHERE "s"."ClearedAt" IS NULL
[14:28:02 INF] Idle return not committed for vehicle AGV-L2-001: IDLE_RETURN_DISABLED. 
[14:28:02 INF] Executed DbCommand (0ms) [Parameters=[], CommandType='Text', CommandTimeout='30']
SELECT "s"."DemandId", "s"."ReasonCode", "s"."ClearedAt", "s"."DetailJson", "s"."FirstRaisedAt", "s"."LastSeenAt", "s"."TransportDemandKey"
FROM "StructuralDispatchBlocks" AS "s"
WHERE "s"."ClearedAt" IS NULL
[14:28:02 INF] Executed DbCommand (0ms) [Parameters=[], CommandType='Text', CommandTimeout='30']
SELECT "j"."JourneyId", "j"."AgvId", "j"."AgvLifecycleGeneration", "j"."AreaEndAdmissionRevokedSince", "j"."BlockReasonCode", "j"."BlockReasonSince", "j"."CargoHoldingStartedAt", "j"."ChargingPolicyVersion", "j"."ConsumedSafetyResultMessageId", "j"."ConsumedSublotMessageId", "j"."CreatedAt", "j"."DemandId", "j"."DispatchGeneration", "j"."DispatchZone", "j"."ExpectedBasketCount", "j"."FullSlotPositionsJson", "j"."GateMovementLegId", "j"."GatePlanMessageId", "j"."GateStationId", "j"."GateStationRiotId", "j"."GateUpperId", "j"."GateVehicleBusinessMessageId", "j"."GateWorklistMessageId", "j"."LoadCommandMessageId", "j"."LoadSlotOperationAttemptId", "j"."LoadingClosedReason", "j"."LoadingPhaseState", "j"."MapId", "j"."MapIdentity", "j"."OperationSessionId", "j"."PickupMovementLegId", "j"."PickupStationId", "j"."PickupStationRiotId", "j"."PickupUpperId", "j"."PlanMessageId", "j"."PlanRevision", "j"."PreDepartureSafetyCheckId", "j"."PreDepartureSafetyCheckMessageId", "j"."PublishedBatteryState", "j"."RouteEvidenceId", "j"."Stage", "j"."StationDepartureWaitStartedAt", "j"."SublotRequestMessageId", "j"."TargetSlotsJson", "j"."UnloadCommandMessageId", "j"."UnloadSlotOperationAttemptId", "j"."UpdatedAt", "j"."VehicleBusinessMessageId", "j"."VehicleBusinessRevision", "j"."VehicleKey", "j"."Version", "j"."WaitingBatteryObservedAt", "j"."WaitingBatteryPercent", "j"."WaitingSince", "j"."WaitingWarnedAt", "j"."WorklistMessageId", "j"."WorklistRevision", "j"."YieldTriggeredAt", "j"."YieldTriggeredByVehicleKey"
FROM "JourneyRuntimes" AS "j"
WHERE "j"."Stage" <> 'Completed'
[14:28:02 INF] Executed DbCommand (0ms) [Parameters=[], CommandType='Text', CommandTimeout='30']
SELECT "v"."AgvId", "v"."TaskType", "v"."Allowed", "v"."ConfigurationVersion", "v"."UpdatedAt"
FROM "VehicleTaskTypeAdmissions" AS "v"
[14:28:02 INF] Executed DbCommand (0ms) [Parameters=[], CommandType='Text', CommandTimeout='30']
SELECT "v"."AgvId", "v"."ConfigurationVersion", "v"."RoundTimeoutMilliseconds", "v"."UpdatedAt"
FROM "VehicleDispatchBudgets" AS "v"
[14:28:02 INF] Executed DbCommand (0ms) [Parameters=[], CommandType='Text', CommandTimeout='30']
SELECT "d"."Zone", "d"."AgvId", "d"."ConfigurationVersion", "d"."UpdatedAt"
FROM "DispatchZoneVehicles" AS "d"
[14:28:02 INF] Executed DbCommand (0ms) [Parameters=[], CommandType='Text', CommandTimeout='30']
SELECT "j"."JourneyId", "j"."AgvId", "j"."AgvLifecycleGeneration", "j"."AreaEndAdmissionRevokedSince", "j"."BlockReasonCode", "j"."BlockReasonSince", "j"."CargoHoldingStartedAt", "j"."ChargingPolicyVersion", "j"."ConsumedSafetyResultMessageId", "j"."ConsumedSublotMessageId", "j"."CreatedAt", "j"."DemandId", "j"."DispatchGeneration", "j"."DispatchZone", "j"."ExpectedBasketCount", "j"."FullSlotPositionsJson", "j"."GateMovementLegId", "j"."GatePlanMessageId", "j"."GateStationId", "j"."GateStationRiotId", "j"."GateUpperId", "j"."GateVehicleBusinessMessageId", "j"."GateWorklistMessageId", "j"."LoadCommandMessageId", "j"."LoadSlotOperationAttemptId", "j"."LoadingClosedReason", "j"."LoadingPhaseState", "j"."MapId", "j"."MapIdentity", "j"."OperationSessionId", "j"."PickupMovementLegId", "j"."PickupStationId", "j"."PickupStationRiotId", "j"."PickupUpperId", "j"."PlanMessageId", "j"."PlanRevision", "j"."PreDepartureSafetyCheckId", "j"."PreDepartureSafetyCheckMessageId", "j"."PublishedBatteryState", "j"."RouteEvidenceId", "j"."Stage", "j"."StationDepartureWaitStartedAt", "j"."SublotRequestMessageId", "j"."TargetSlotsJson", "j"."UnloadCommandMessageId", "j"."UnloadSlotOperationAttemptId", "j"."UpdatedAt", "j"."VehicleBusinessMessageId", "j"."VehicleBusinessRevision", "j"."VehicleKey", "j"."Version", "j"."WaitingBatteryObservedAt", "j"."WaitingBatteryPercent", "j"."WaitingSince", "j"."WaitingWarnedAt", "j"."WorklistMessageId", "j"."WorklistRevision", "j"."YieldTriggeredAt", "j"."YieldTriggeredByVehicleKey"
FROM "JourneyRuntimes" AS "j"
WHERE "j"."Stage" <> 'Completed'
[14:28:03 INF] Executed DbCommand (0ms) [Parameters=[], CommandType='Text', CommandTimeout='30']
SELECT "a"."AgvId"
FROM "AgvLifecycles" AS "a"
WHERE "a"."Archived"
[14:28:03 INF] Start processing HTTP request GET http://127.0.0.1:48408/api/order/v1/orderRecord?pageNum=1&pageSize=100&filterByState=1&filterByState=3&filterByState=7&filterByState=8&filterByState=9&filterByState=10
[14:28:03 INF] Sending HTTP request GET http://127.0.0.1:48408/api/order/v1/orderRecord?pageNum=1&pageSize=100&filterByState=1&filterByState=3&filterByState=7&filterByState=8&filterByState=9&filterByState=10
[14:28:03 INF] Received HTTP response headers after 2.469ms - 200
[14:28:03 INF] End processing HTTP request after 3.4111ms - 200
[14:28:03 INF] Executed DbCommand (0ms) [Parameters=[@__listedIds_0='?' (Size = 2)], CommandType='Text', CommandTimeout='30']
SELECT "f"."RiotOrderId", "f"."AgvId", "f"."CancelCallDisposition", "f"."CancelCommandAuditId", "f"."CancelDecidedAt", "f"."CancelResult", "f"."CancelResultAt", "f"."CancelSentAt", "f"."DetectedAt", "f"."DeviceKey", "f"."EndedAt", "f"."EndedOrderState", "f"."LastSeenRunningAt", "f"."OrderStateAtDetection", "f"."Ownership", "f"."OwnershipBasis", "f"."State", "f"."UpdatedAt", "f"."UpperId"
FROM "ForeignRiotOrders" AS "f"
WHERE "f"."State" <> 'ENDED' OR "f"."RiotOrderId" IN (
    SELECT "l"."value"
    FROM json_each(@__listedIds_0) AS "l"
)
[14:28:03 INF] Executed DbCommand (0ms) [Parameters=[], CommandType='Text', CommandTimeout='30']
SELECT "s"."MapId", "s"."StationId", "s"."ChargerRosterVersion", "s"."JourneyId", "s"."RecordId", "s"."State", "s"."StateSince", "s"."StationKind", "s"."VehicleKey", "s"."WaitingPointVersion"
FROM "StationExclusivities" AS "s"
WHERE "s"."StationKind" IN ('FIXED_TASK_STATION', 'WAITING_POINT')
[14:28:03 INF] Executed DbCommand (0ms) [Parameters=[@__mapId_0='?' (DbType = Int32)], CommandType='Text', CommandTimeout='30']
SELECT "t"."MapId", "t"."ActiveVersion", "t"."PendingVersion", "t"."State", "t"."UpdatedAt"
FROM "TaskTypeStationActiveBindingSets" AS "t"
WHERE "t"."MapId" = @__mapId_0
LIMIT 2
[14:28:03 INF] Executed DbCommand (0ms) [Parameters=[@__mapId_0='?' (DbType = Int32), @__version_1='?' (DbType = Int64)], CommandType='Text', CommandTimeout='30']
SELECT "t"."MapId", "t"."Version", "t"."CatalogRevision", "t"."ContentSha256", "t"."LoadedAt", "t"."RuleVersion", "t"."SnapshotId", "t"."Source"
FROM "TaskTypeStationBindingSetVersions" AS "t"
WHERE "t"."MapId" = @__mapId_0 AND "t"."Version" = @__version_1
LIMIT 2
[14:28:03 INF] Executed DbCommand (0ms) [Parameters=[@__mapId_0='?' (DbType = Int32), @__version_1='?' (DbType = Int64)], CommandType='Text', CommandTimeout='30']
SELECT "t"."TaskType"
FROM "TaskTypeStationRequirements" AS "t"
WHERE "t"."MapId" = @__mapId_0 AND "t"."Version" = @__version_1
[14:28:03 INF] Executed DbCommand (0ms) [Parameters=[@__mapId_0='?' (DbType = Int32), @__version_1='?' (DbType = Int64)], CommandType='Text', CommandTimeout='30']
SELECT "t"."MapId", "t"."Version", "t"."TaskType", "t"."SiteVerificationRef", "t"."StationName", "t"."StationRiotId"
FROM "TaskTypeStationBindings" AS "t"
WHERE "t"."MapId" = @__mapId_0 AND "t"."Version" = @__version_1
[14:28:03 INF] Executed DbCommand (0ms) [Parameters=[], CommandType='Text', CommandTimeout='30']
SELECT "j"."JourneyId", "j"."AgvId", "j"."AgvLifecycleGeneration", "j"."AreaEndAdmissionRevokedSince", "j"."BlockReasonCode", "j"."BlockReasonSince", "j"."CargoHoldingStartedAt", "j"."ChargingPolicyVersion", "j"."ConsumedSafetyResultMessageId", "j"."ConsumedSublotMessageId", "j"."CreatedAt", "j"."DemandId", "j"."DispatchGeneration", "j"."DispatchZone", "j"."ExpectedBasketCount", "j"."FullSlotPositionsJson", "j"."GateMovementLegId", "j"."GatePlanMessageId", "j"."GateStationId", "j"."GateStationRiotId", "j"."GateUpperId", "j"."GateVehicleBusinessMessageId", "j"."GateWorklistMessageId", "j"."LoadCommandMessageId", "j"."LoadSlotOperationAttemptId", "j"."LoadingClosedReason", "j"."LoadingPhaseState", "j"."MapId", "j"."MapIdentity", "j"."OperationSessionId", "j"."PickupMovementLegId", "j"."PickupStationId", "j"."PickupStationRiotId", "j"."PickupUpperId", "j"."PlanMessageId", "j"."PlanRevision", "j"."PreDepartureSafetyCheckId", "j"."PreDepartureSafetyCheckMessageId", "j"."PublishedBatteryState", "j"."RouteEvidenceId", "j"."Stage", "j"."StationDepartureWaitStartedAt", "j"."SublotRequestMessageId", "j"."TargetSlotsJson", "j"."UnloadCommandMessageId", "j"."UnloadSlotOperationAttemptId", "j"."UpdatedAt", "j"."VehicleBusinessMessageId", "j"."VehicleBusinessRevision", "j"."VehicleKey", "j"."Version", "j"."WaitingBatteryObservedAt", "j"."WaitingBatteryPercent", "j"."WaitingSince", "j"."WaitingWarnedAt", "j"."WorklistMessageId", "j"."WorklistRevision", "j"."YieldTriggeredAt", "j"."YieldTriggeredByVehicleKey"
FROM "JourneyRuntimes" AS "j"
WHERE "j"."Stage" NOT IN ('Completed', 'Blocked')
[14:28:03 INF] Start processing HTTP request GET http://127.0.0.1:48408/api/imap/v1/mapInfo/getALLMapInfoExcludeMapJson
[14:28:03 INF] Sending HTTP request GET http://127.0.0.1:48408/api/imap/v1/mapInfo/getALLMapInfoExcludeMapJson
[14:28:03 INF] Received HTTP response headers after 1.319ms - 200
[14:28:03 INF] End processing HTTP request after 2.0841ms - 200
[14:28:03 INF] Executed DbCommand (0ms) [Parameters=[@__mapId_0='?' (DbType = Int32)], CommandType='Text', CommandTimeout='30']
SELECT "m"."MapId", "m"."AcceptedAt", "m"."AcceptedBy", "m"."EstablishedAt", "m"."Name", "m"."PendingName", "m"."PendingSince"
FROM "MapNameBaselines" AS "m"
WHERE "m"."MapId" = @__mapId_0
LIMIT 2
[14:28:03 INF] Start processing HTTP request GET http://127.0.0.1:48408/api/imap/v1/mapInfo/stations/25
[14:28:03 INF] Sending HTTP request GET http://127.0.0.1:48408/api/imap/v1/mapInfo/stations/25
[14:28:03 INF] Received HTTP response headers after 1.3361ms - 200
[14:28:03 INF] End processing HTTP request after 2.2667ms - 200
[14:28:03 INF] Executed DbCommand (0ms) [Parameters=[@__mapId_0='?' (DbType = Int32)], CommandType='Text', CommandTimeout='30']
SELECT "t"."MapId", "t"."ActiveVersion", "t"."PendingVersion", "t"."State", "t"."UpdatedAt"
FROM "TaskTypeStationActiveBindingSets" AS "t"
WHERE "t"."MapId" = @__mapId_0
LIMIT 2
[14:28:03 INF] Executed DbCommand (0ms) [Parameters=[@__mapId_0='?' (DbType = Int32), @__version_1='?' (DbType = Int64)], CommandType='Text', CommandTimeout='30']
SELECT "t"."MapId", "t"."Version", "t"."CatalogRevision", "t"."ContentSha256", "t"."LoadedAt", "t"."RuleVersion", "t"."SnapshotId", "t"."Source"
FROM "TaskTypeStationBindingSetVersions" AS "t"
WHERE "t"."MapId" = @__mapId_0 AND "t"."Version" = @__version_1
LIMIT 2
[14:28:03 INF] Executed DbCommand (0ms) [Parameters=[@__mapId_0='?' (DbType = Int32), @__version_1='?' (DbType = Int64)], CommandType='Text', CommandTimeout='30']
SELECT "t"."TaskType"
FROM "TaskTypeStationRequirements" AS "t"
WHERE "t"."MapId" = @__mapId_0 AND "t"."Version" = @__version_1
[14:28:03 INF] Executed DbCommand (0ms) [Parameters=[@__mapId_0='?' (DbType = Int32), @__version_1='?' (DbType = Int64)], CommandType='Text', CommandTimeout='30']
SELECT "t"."MapId", "t"."Version", "t"."TaskType", "t"."SiteVerificationRef", "t"."StationName", "t"."StationRiotId"
FROM "TaskTypeStationBindings" AS "t"
WHERE "t"."MapId" = @__mapId_0 AND "t"."Version" = @__version_1
[14:28:03 INF] Executed DbCommand (0ms) [Parameters=[@__version_0='?' (DbType = Int64)], CommandType='Text', CommandTimeout='30']
SELECT "t"."Version", "t"."ContentSha256", "t"."LoadedAt", "t"."SnapshotId", "t"."Source"
FROM "TaskTypeStationRuleVersions" AS "t"
WHERE "t"."Version" = @__version_0
LIMIT 2
[14:28:03 INF] Executed DbCommand (0ms) [Parameters=[@__version_0='?' (DbType = Int64)], CommandType='Text', CommandTimeout='30']
SELECT "t"."Version", "t"."TaskType", "t"."FixedEnd"
FROM "TaskTypeStationRules" AS "t"
WHERE "t"."Version" = @__version_0
[14:28:03 INF] Executed DbCommand (0ms) [Parameters=[@__mapId_0='?' (DbType = Int32)], CommandType='Text', CommandTimeout='30']
SELECT "t"."MapId", "t"."ActiveVersion", "t"."PendingVersion", "t"."State", "t"."UpdatedAt"
FROM "TaskTypeStationActiveBindingSets" AS "t"
WHERE "t"."MapId" = @__mapId_0
LIMIT 2
[14:28:03 INF] Executed DbCommand (0ms) [Parameters=[@__mapId_0='?' (DbType = Int32)], CommandType='Text', CommandTimeout='30']
SELECT "t"."HoldId", "t"."DetailJson", "t"."MapId", "t"."RaisedAt", "t"."RaisedBy", "t"."ReasonCode", "t"."ReleasedAt", "t"."ReleasedBy", "t"."Source", "t"."TaskType"
FROM "TaskTypeStationHolds" AS "t"
WHERE "t"."MapId" = @__mapId_0 AND "t"."ReleasedAt" IS NULL
[14:28:03 INF] Executed DbCommand (0ms) [Parameters=[@__mapId_0='?' (DbType = Int32)], CommandType='Text', CommandTimeout='30']
SELECT "m"."MapId", "m"."ApprovedMaxUnconfirmedSeconds", "m"."ApprovedSyncPeriodSeconds", "m"."CatalogRevision", "m"."LastAttemptAt", "m"."LastCompleteConfirmationAt", "m"."LastFailureReason", "m"."State", "m"."UpdatedAt"
FROM "MapStationCatalogStates" AS "m"
WHERE "m"."MapId" = @__mapId_0
LIMIT 2
[14:28:03 INF] Executed DbCommand (0ms) [Parameters=[@p3='?' (DbType = Int32), @p0='?' (DbType = DateTimeOffset), @p1='?' (DbType = DateTimeOffset), @p2='?' (DbType = DateTimeOffset)], CommandType='Text', CommandTimeout='30']
UPDATE "MapStationCatalogStates" SET "LastAttemptAt" = @p0, "LastCompleteConfirmationAt" = @p1, "UpdatedAt" = @p2
WHERE "MapId" = @p3
RETURNING 1;
[14:28:03 INF] Executed DbCommand (0ms) [Parameters=[@__mapId_0='?' (DbType = Int32)], CommandType='Text', CommandTimeout='30']
SELECT "t"."MapId", "t"."ActiveVersion", "t"."PendingVersion", "t"."State", "t"."UpdatedAt"
FROM "TaskTypeStationActiveBindingSets" AS "t"
WHERE "t"."MapId" = @__mapId_0
LIMIT 2
[14:28:03 INF] Executed DbCommand (0ms) [Parameters=[@__mapId_0='?' (DbType = Int32), @__version_1='?' (DbType = Int64)], CommandType='Text', CommandTimeout='30']
SELECT "t"."MapId", "t"."Version", "t"."CatalogRevision", "t"."ContentSha256", "t"."LoadedAt", "t"."RuleVersion", "t"."SnapshotId", "t"."Source"
FROM "TaskTypeStationBindingSetVersions" AS "t"
WHERE "t"."MapId" = @__mapId_0 AND "t"."Version" = @__version_1
LIMIT 2
[14:28:03 INF] Executed DbCommand (0ms) [Parameters=[@__mapId_0='?' (DbType = Int32), @__version_1='?' (DbType = Int64)], CommandType='Text', CommandTimeout='30']
SELECT "t"."TaskType"
FROM "TaskTypeStationRequirements" AS "t"
WHERE "t"."MapId" = @__mapId_0 AND "t"."Version" = @__version_1
[14:28:03 INF] Executed DbCommand (0ms) [Parameters=[@__mapId_0='?' (DbType = Int32), @__version_1='?' (DbType = Int64)], CommandType='Text', CommandTimeout='30']
SELECT "t"."MapId", "t"."Version", "t"."TaskType", "t"."SiteVerificationRef", "t"."StationName", "t"."StationRiotId"
FROM "TaskTypeStationBindings" AS "t"
WHERE "t"."MapId" = @__mapId_0 AND "t"."Version" = @__version_1
[14:28:03 INF] Executed DbCommand (0ms) [Parameters=[@__mapId_0='?' (DbType = Int32)], CommandType='Text', CommandTimeout='30']
SELECT "t"."MapId", "t"."ActiveVersion", "t"."PendingVersion", "t"."State", "t"."UpdatedAt"
FROM "TaskTypeStationActiveBindingSets" AS "t"
WHERE "t"."MapId" = @__mapId_0
LIMIT 2
[14:28:03 INF] Executed DbCommand (0ms) [Parameters=[@__mapId_0='?' (DbType = Int32), @__version_1='?' (DbType = Int64)], CommandType='Text', CommandTimeout='30']
SELECT "t"."MapId", "t"."Version", "t"."CatalogRevision", "t"."ContentSha256", "t"."LoadedAt", "t"."RuleVersion", "t"."SnapshotId", "t"."Source"
FROM "TaskTypeStationBindingSetVersions" AS "t"
WHERE "t"."MapId" = @__mapId_0 AND "t"."Version" = @__version_1
LIMIT 2
[14:28:03 INF] Executed DbCommand (0ms) [Parameters=[@__mapId_0='?' (DbType = Int32), @__version_1='?' (DbType = Int64)], CommandType='Text', CommandTimeout='30']
SELECT "t"."TaskType"
FROM "TaskTypeStationRequirements" AS "t"
WHERE "t"."MapId" = @__mapId_0 AND "t"."Version" = @__version_1
[14:28:03 INF] Executed DbCommand (0ms) [Parameters=[@__mapId_0='?' (DbType = Int32), @__version_1='?' (DbType = Int64)], CommandType='Text', CommandTimeout='30']
SELECT "t"."MapId", "t"."Version", "t"."TaskType", "t"."SiteVerificationRef", "t"."StationName", "t"."StationRiotId"
FROM "TaskTypeStationBindings" AS "t"
WHERE "t"."MapId" = @__mapId_0 AND "t"."Version" = @__version_1
[14:28:03 INF] Executed DbCommand (0ms) [Parameters=[@__version_0='?' (DbType = Int64)], CommandType='Text', CommandTimeout='30']
SELECT "t"."Version", "t"."ContentSha256", "t"."LoadedAt", "t"."SnapshotId", "t"."Source"
FROM "TaskTypeStationRuleVersions" AS "t"
WHERE "t"."Version" = @__version_0
LIMIT 2
[14:28:03 INF] Executed DbCommand (0ms) [Parameters=[@__version_0='?' (DbType = Int64)], CommandType='Text', CommandTimeout='30']
SELECT "t"."Version", "t"."TaskType", "t"."FixedEnd"
FROM "TaskTypeStationRules" AS "t"
WHERE "t"."Version" = @__version_0
[14:28:03 INF] Executed DbCommand (0ms) [Parameters=[], CommandType='Text', CommandTimeout='30']
SELECT "a"."Id", "a"."ContentHash", "a"."DeploymentId", "a"."ImportedAt", "a"."Version"
FROM "AdmissionPolicyState" AS "a"
WHERE "a"."Id" = 1
LIMIT 2
[14:28:03 INF] Executed DbCommand (0ms) [Parameters=[], CommandType='Text', CommandTimeout='30']
SELECT "v"."VehicleKey", "v"."ClaimedAt", "v"."JourneyId", "v"."Purpose"
FROM "VehiclePurposeClaims" AS "v"
WHERE "v"."Purpose" = 'IDLE_RETURN'
[14:28:03 INF] Executed DbCommand (0ms) [Parameters=[], CommandType='Text', CommandTimeout='30']
SELECT "j"."JourneyId", "j"."AgvId", "j"."AgvLifecycleGeneration", "j"."AreaEndAdmissionRevokedSince", "j"."BlockReasonCode", "j"."BlockReasonSince", "j"."CargoHoldingStartedAt", "j"."ChargingPolicyVersion", "j"."ConsumedSafetyResultMessageId", "j"."ConsumedSublotMessageId", "j"."CreatedAt", "j"."DemandId", "j"."DispatchGeneration", "j"."DispatchZone", "j"."ExpectedBasketCount", "j"."FullSlotPositionsJson", "j"."GateMovementLegId", "j"."GatePlanMessageId", "j"."GateStationId", "j"."GateStationRiotId", "j"."GateUpperId", "j"."GateVehicleBusinessMessageId", "j"."GateWorklistMessageId", "j"."LoadCommandMessageId", "j"."LoadSlotOperationAttemptId", "j"."LoadingClosedReason", "j"."LoadingPhaseState", "j"."MapId", "j"."MapIdentity", "j"."OperationSessionId", "j"."PickupMovementLegId", "j"."PickupStationId", "j"."PickupStationRiotId", "j"."PickupUpperId", "j"."PlanMessageId", "j"."PlanRevision", "j"."PreDepartureSafetyCheckId", "j"."PreDepartureSafetyCheckMessageId", "j"."PublishedBatteryState", "j"."RouteEvidenceId", "j"."Stage", "j"."StationDepartureWaitStartedAt", "j"."SublotRequestMessageId", "j"."TargetSlotsJson", "j"."UnloadCommandMessageId", "j"."UnloadSlotOperationAttemptId", "j"."UpdatedAt", "j"."VehicleBusinessMessageId", "j"."VehicleBusinessRevision", "j"."VehicleKey", "j"."Version", "j"."WaitingBatteryObservedAt", "j"."WaitingBatteryPercent", "j"."WaitingSince", "j"."WaitingWarnedAt", "j"."WorklistMessageId", "j"."WorklistRevision", "j"."YieldTriggeredAt", "j"."YieldTriggeredByVehicleKey"
FROM "JourneyRuntimes" AS "j"
WHERE "j"."Stage" <> 'Completed'
[14:28:03 INF] Executed DbCommand (0ms) [Parameters=[@__holding_0='?' (Size = 129)], CommandType='Text', CommandTimeout='30']
SELECT "f"."AgvId"
FROM "ForeignRiotOrders" AS "f"
WHERE "f"."State" IN (
    SELECT "h"."value"
    FROM json_each(@__holding_0) AS "h"
)
[14:28:03 INF] Executed DbCommand (0ms) [Parameters=[], CommandType='Text', CommandTimeout='30']
SELECT "a"."DemandId"
FROM "AcceptedDemands" AS "a"
WHERE "a"."Status" NOT IN ('Succeeded', 'Cancelled') AND NOT EXISTS (
    SELECT 1
    FROM "AcceptedDemands" AS "a0"
    WHERE "a0"."Status" NOT IN ('Succeeded', 'Cancelled') AND NOT EXISTS (
        SELECT 1
        FROM "JourneyDemands" AS "j"
        WHERE "j"."DemandId" = "a0"."DemandId" AND "j"."RemovedAt" IS NULL) AND EXISTS (
        SELECT 1
        FROM "JourneyDemands" AS "j0"
        WHERE "j0"."DemandId" = "a0"."DemandId" AND "j0"."RemovedAt" IS NOT NULL AND "j0"."RemovalReason" = 'RELEASED_FOR_REDISPATCH' AND NOT EXISTS (
            SELECT 1
            FROM "JourneyDemands" AS "j1"
            WHERE "j1"."DemandId" = "a0"."DemandId" AND "j1"."DispatchGeneration" > "j0"."DispatchGeneration")) AND "a0"."DemandId" = "a"."DemandId")
[14:28:03 INF] Executed DbCommand (0ms) [Parameters=[], CommandType='Text', CommandTimeout='30']
SELECT "j"."DemandId"
FROM "JourneyDemands" AS "j"
WHERE "j"."RemovedAt" IS NULL
[14:28:03 INF] Start processing HTTP request GET http://127.0.0.1:48409/api/v2/contract
[14:28:03 INF] Sending HTTP request GET http://127.0.0.1:48409/api/v2/contract
[14:28:03 INF] Received HTTP response headers after 1.2029ms - 200
[14:28:03 INF] End processing HTTP request after 1.9816ms - 200
[14:28:03 INF] Start processing HTTP request GET http://127.0.0.1:48409/api/v2/externally-readable-demand-catalog
[14:28:03 INF] Sending HTTP request GET http://127.0.0.1:48409/api/v2/externally-readable-demand-catalog
[14:28:03 INF] Received HTTP response headers after 1.0332ms - 200
[14:28:03 INF] End processing HTTP request after 2.0041ms - 200
[14:28:03 INF] Executed DbCommand (0ms) [Parameters=[], CommandType='Text', CommandTimeout='30']
SELECT "j"."DemandId", "j"."AcceptedAt", "j"."DecisionFingerprint", "j"."DemandCreatedAt", "j"."FirstSeenAt", "j"."LastSeenAt", "j"."ReasonCode", "j"."StarvationEscalatedAt", "j"."StarvationEscalationParameterVersion", "j"."TransportDemandKey"
FROM "JourneyBacklog" AS "j"
[14:28:03 INF] Executed DbCommand (0ms) [Parameters=[], CommandType='Text', CommandTimeout='30']
SELECT "a"."DemandId"
FROM "AcceptedDemands" AS "a"
WHERE NOT EXISTS (
    SELECT 1
    FROM "AcceptedDemands" AS "a0"
    WHERE "a0"."Status" NOT IN ('Succeeded', 'Cancelled') AND NOT EXISTS (
        SELECT 1
        FROM "JourneyDemands" AS "j"
        WHERE "j"."DemandId" = "a0"."DemandId" AND "j"."RemovedAt" IS NULL) AND EXISTS (
        SELECT 1
        FROM "JourneyDemands" AS "j0"
        WHERE "j0"."DemandId" = "a0"."DemandId" AND "j0"."RemovedAt" IS NOT NULL AND "j0"."RemovalReason" = 'RELEASED_FOR_REDISPATCH' AND NOT EXISTS (
            SELECT 1
            FROM "JourneyDemands" AS "j1"
            WHERE "j1"."DemandId" = "a0"."DemandId" AND "j1"."DispatchGeneration" > "j0"."DispatchGeneration")) AND "a0"."DemandId" = "a"."DemandId")
[14:28:03 INF] Executed DbCommand (0ms) [Parameters=[], CommandType='Text', CommandTimeout='30']
SELECT "j"."DemandId", MAX("j"."DispatchGeneration") AS "Generation"
FROM "JourneyDemands" AS "j"
WHERE EXISTS (
    SELECT 1
    FROM "AcceptedDemands" AS "a"
    WHERE "a"."Status" NOT IN ('Succeeded', 'Cancelled') AND NOT EXISTS (
        SELECT 1
        FROM "JourneyDemands" AS "j0"
        WHERE "j0"."DemandId" = "a"."DemandId" AND "j0"."RemovedAt" IS NULL) AND EXISTS (
        SELECT 1
        FROM "JourneyDemands" AS "j1"
        WHERE "j1"."DemandId" = "a"."DemandId" AND "j1"."RemovedAt" IS NOT NULL AND "j1"."RemovalReason" = 'RELEASED_FOR_REDISPATCH' AND NOT EXISTS (
            SELECT 1
            FROM "JourneyDemands" AS "j2"
            WHERE "j2"."DemandId" = "a"."DemandId" AND "j2"."DispatchGeneration" > "j1"."DispatchGeneration")) AND "a"."DemandId" = "j"."DemandId")
GROUP BY "j"."DemandId"
[14:28:03 INF] Executed DbCommand (0ms) [Parameters=[], CommandType='Text', CommandTimeout='30']
SELECT "v"."AgvId", "v"."TaskType", "v"."Allowed", "v"."ConfigurationVersion", "v"."UpdatedAt"
FROM "VehicleTaskTypeAdmissions" AS "v"
[14:28:03 INF] Executed DbCommand (0ms) [Parameters=[], CommandType='Text', CommandTimeout='30']
SELECT "v"."AgvId", "v"."ConfigurationVersion", "v"."RoundTimeoutMilliseconds", "v"."UpdatedAt"
FROM "VehicleDispatchBudgets" AS "v"
[14:28:03 INF] Executed DbCommand (0ms) [Parameters=[], CommandType='Text', CommandTimeout='30']
SELECT "d"."Zone", "d"."AgvId", "d"."ConfigurationVersion", "d"."UpdatedAt"
FROM "DispatchZoneVehicles" AS "d"
[14:28:03 INF] Executed DbCommand (0ms) [Parameters=[], CommandType='Text', CommandTimeout='30']
SELECT MAX("d"."Version")
FROM "DispatchZoneAreaAssignmentVersions" AS "d"
[14:28:03 INF] Executed DbCommand (0ms) [Parameters=[], CommandType='Text', CommandTimeout='30']
SELECT MAX("d"."Version")
FROM "DispatchZoneParameterVersions" AS "d"
[14:28:03 INF] Executed DbCommand (0ms) [Parameters=[], CommandType='Text', CommandTimeout='30']
SELECT "j"."AgvId", "j"."CreatedAt"
FROM "JourneyRuntimes" AS "j"
WHERE "j"."JourneyId" NOT LIKE 'idle-return:%' AND "j"."JourneyId" NOT LIKE 'charging:%'
[14:28:03 INF] Executed DbCommand (0ms) [Parameters=[@__agvId_0='?' (Size = 10)], CommandType='Text', CommandTimeout='30']
SELECT "a"."SlotModelVersionId", "a"."SnapshotId"
FROM "ActiveSlotConfigurations" AS "a"
WHERE "a"."AgvId" = @__agvId_0
LIMIT 2
[14:28:03 INF] Executed DbCommand (0ms) [Parameters=[@__agvId_0='?' (Size = 10)], CommandType='Text', CommandTimeout='30']
SELECT "s"."SlotModelVersionId", "s"."CreatedAt"
FROM "SlotIoBindings" AS "s"
WHERE "s"."AgvId" = @__agvId_0 AND "s"."Status" = 'PUBLISHED'
[14:28:03 INF] Executed DbCommand (0ms) [Parameters=[@__agvId_0='?' (Size = 10)], CommandType='Text', CommandTimeout='30']
SELECT "s"."AgvId", "s"."ActiveUnlockSlotsJson", "s"."CapabilityHash", "s"."CapabilityRevision", "s"."DepartureSafe", "s"."ForcedRecoveryGeneration", "s"."ManifestSha256", "s"."PendingAttemptIdsJson", "s"."PendingResultIdsJson", "s"."ProfileId", "s"."ProtocolCommit", "s"."ProtocolVersion", "s"."ProvenRecoveryCheckpoint", "s"."Readiness", "s"."ReasonCode", "s"."RecoveryReportId", "s"."ReportedForcedRecoveryGeneration", "s"."ReportedSlotConfigurationFingerprint", "s"."SafetyHash", "s"."SafetyReasonCodesJson", "s"."SafetyRevision", "s"."SafetyUnknownPresent", "s"."SessionGeneration", "s"."UnsettledSlotOperationAttemptId", "s"."UpdatedAt"
FROM "SessionRecoveries" AS "s"
WHERE "s"."AgvId" = @__agvId_0 AND "s"."Readiness" = 'Ready'
LIMIT 2
[14:28:03 INF] Start processing HTTP request GET http://127.0.0.1:48408/api/task/vehicles/getVehicleInfoByDeviceKey?key=BROKERX-L2-0001
[14:28:03 INF] Sending HTTP request GET http://127.0.0.1:48408/api/task/vehicles/getVehicleInfoByDeviceKey?key=BROKERX-L2-0001
[14:28:03 INF] Received HTTP response headers after 1.6634ms - 200
[14:28:03 INF] End processing HTTP request after 2.5776ms - 200
[14:28:03 INF] Executed DbCommand (0ms) [Parameters=[], CommandType='Text', CommandTimeout='30']
SELECT "c"."ActivationId", "c"."ActivatedAt", "c"."ActivatedBy", "c"."Sequence", "c"."Version"
FROM "ChargingPolicyActivations" AS "c"
ORDER BY "c"."Sequence" DESC
LIMIT 1
[14:28:03 INF] Executed DbCommand (0ms) [Parameters=[], CommandType='Text', CommandTimeout='30']
SELECT "s"."MapId", "s"."StationId", "s"."ChargerRosterVersion", "s"."JourneyId", "s"."RecordId", "s"."State", "s"."StateSince", "s"."StationKind", "s"."VehicleKey", "s"."WaitingPointVersion"
FROM "StationExclusivities" AS "s"
WHERE "s"."StationKind" = 'CHARGER'
[14:28:03 INF] Executed DbCommand (0ms) [Parameters=[@__vehicleKey_0='?' (Size = 15)], CommandType='Text', CommandTimeout='30']
SELECT "m"."VehicleKey", "m"."HoldId", "m"."Reason", "m"."Since", "m"."WarnedAt"
FROM "ManualChargingHolds" AS "m"
WHERE "m"."VehicleKey" = @__vehicleKey_0
LIMIT 2
[14:28:03 INF] Executed DbCommand (0ms) [Parameters=[@__vehicle_VehicleKey_0='?' (Size = 15)], CommandType='Text', CommandTimeout='30']
SELECT "m"."HoldId", "m"."ReleasedAt"
FROM "ManualChargingHoldRecords" AS "m"
WHERE "m"."VehicleKey" = @__vehicle_VehicleKey_0 AND "m"."ReleasedAt" IS NOT NULL
[14:28:03 INF] Executed DbCommand (0ms) [Parameters=[], CommandType='Text', CommandTimeout='30']
SELECT "s"."DemandId"
FROM "StructuralDispatchBlocks" AS "s"
WHERE "s"."ClearedAt" IS NULL
[14:28:03 INF] Executed DbCommand (0ms) [Parameters=[], CommandType='Text', CommandTimeout='30']
SELECT "s"."DemandId", "s"."ReasonCode", "s"."ClearedAt", "s"."DetailJson", "s"."FirstRaisedAt", "s"."LastSeenAt", "s"."TransportDemandKey"
FROM "StructuralDispatchBlocks" AS "s"
WHERE "s"."ClearedAt" IS NULL
[14:28:03 INF] Executed DbCommand (0ms) [Parameters=[], CommandType='Text', CommandTimeout='30']
SELECT "j"."JourneyId", "j"."AgvId", "j"."AgvLifecycleGeneration", "j"."AreaEndAdmissionRevokedSince", "j"."BlockReasonCode", "j"."BlockReasonSince", "j"."CargoHoldingStartedAt", "j"."ChargingPolicyVersion", "j"."ConsumedSafetyResultMessageId", "j"."ConsumedSublotMessageId", "j"."CreatedAt", "j"."DemandId", "j"."DispatchGeneration", "j"."DispatchZone", "j"."ExpectedBasketCount", "j"."FullSlotPositionsJson", "j"."GateMovementLegId", "j"."GatePlanMessageId", "j"."GateStationId", "j"."GateStationRiotId", "j"."GateUpperId", "j"."GateVehicleBusinessMessageId", "j"."GateWorklistMessageId", "j"."LoadCommandMessageId", "j"."LoadSlotOperationAttemptId", "j"."LoadingClosedReason", "j"."LoadingPhaseState", "j"."MapId", "j"."MapIdentity", "j"."OperationSessionId", "j"."PickupMovementLegId", "j"."PickupStationId", "j"."PickupStationRiotId", "j"."PickupUpperId", "j"."PlanMessageId", "j"."PlanRevision", "j"."PreDepartureSafetyCheckId", "j"."PreDepartureSafetyCheckMessageId", "j"."PublishedBatteryState", "j"."RouteEvidenceId", "j"."Stage", "j"."StationDepartureWaitStartedAt", "j"."SublotRequestMessageId", "j"."TargetSlotsJson", "j"."UnloadCommandMessageId", "j"."UnloadSlotOperationAttemptId", "j"."UpdatedAt", "j"."VehicleBusinessMessageId", "j"."VehicleBusinessRevision", "j"."VehicleKey", "j"."Version", "j"."WaitingBatteryObservedAt", "j"."WaitingBatteryPercent", "j"."WaitingSince", "j"."WaitingWarnedAt", "j"."WorklistMessageId", "j"."WorklistRevision", "j"."YieldTriggeredAt", "j"."YieldTriggeredByVehicleKey"
FROM "JourneyRuntimes" AS "j"
WHERE "j"."Stage" <> 'Completed'
[14:28:03 INF] Executed DbCommand (0ms) [Parameters=[], CommandType='Text', CommandTimeout='30']
SELECT "v"."AgvId", "v"."TaskType", "v"."Allowed", "v"."ConfigurationVersion", "v"."UpdatedAt"
FROM "VehicleTaskTypeAdmissions" AS "v"
[14:28:03 INF] Executed DbCommand (0ms) [Parameters=[], CommandType='Text', CommandTimeout='30']
SELECT "v"."AgvId", "v"."ConfigurationVersion", "v"."RoundTimeoutMilliseconds", "v"."UpdatedAt"
FROM "VehicleDispatchBudgets" AS "v"
[14:28:03 INF] Executed DbCommand (0ms) [Parameters=[], CommandType='Text', CommandTimeout='30']
SELECT "d"."Zone", "d"."AgvId", "d"."ConfigurationVersion", "d"."UpdatedAt"
FROM "DispatchZoneVehicles" AS "d"
[14:28:03 INF] Executed DbCommand (0ms) [Parameters=[], CommandType='Text', CommandTimeout='30']
SELECT "j"."JourneyId", "j"."AgvId", "j"."AgvLifecycleGeneration", "j"."AreaEndAdmissionRevokedSince", "j"."BlockReasonCode", "j"."BlockReasonSince", "j"."CargoHoldingStartedAt", "j"."ChargingPolicyVersion", "j"."ConsumedSafetyResultMessageId", "j"."ConsumedSublotMessageId", "j"."CreatedAt", "j"."DemandId", "j"."DispatchGeneration", "j"."DispatchZone", "j"."ExpectedBasketCount", "j"."FullSlotPositionsJson", "j"."GateMovementLegId", "j"."GatePlanMessageId", "j"."GateStationId", "j"."GateStationRiotId", "j"."GateUpperId", "j"."GateVehicleBusinessMessageId", "j"."GateWorklistMessageId", "j"."LoadCommandMessageId", "j"."LoadSlotOperationAttemptId", "j"."LoadingClosedReason", "j"."LoadingPhaseState", "j"."MapId", "j"."MapIdentity", "j"."OperationSessionId", "j"."PickupMovementLegId", "j"."PickupStationId", "j"."PickupStationRiotId", "j"."PickupUpperId", "j"."PlanMessageId", "j"."PlanRevision", "j"."PreDepartureSafetyCheckId", "j"."PreDepartureSafetyCheckMessageId", "j"."PublishedBatteryState", "j"."RouteEvidenceId", "j"."Stage", "j"."StationDepartureWaitStartedAt", "j"."SublotRequestMessageId", "j"."TargetSlotsJson", "j"."UnloadCommandMessageId", "j"."UnloadSlotOperationAttemptId", "j"."UpdatedAt", "j"."VehicleBusinessMessageId", "j"."VehicleBusinessRevision", "j"."VehicleKey", "j"."Version", "j"."WaitingBatteryObservedAt", "j"."WaitingBatteryPercent", "j"."WaitingSince", "j"."WaitingWarnedAt", "j"."WorklistMessageId", "j"."WorklistRevision", "j"."YieldTriggeredAt", "j"."YieldTriggeredByVehicleKey"
FROM "JourneyRuntimes" AS "j"
WHERE "j"."Stage" <> 'Completed'
[14:28:04 INF] Executed DbCommand (0ms) [Parameters=[], CommandType='Text', CommandTimeout='30']
SELECT "a"."AgvId"
FROM "AgvLifecycles" AS "a"
WHERE "a"."Archived"
[14:28:04 INF] Start processing HTTP request GET http://127.0.0.1:48408/api/order/v1/orderRecord?pageNum=1&pageSize=100&filterByState=1&filterByState=3&filterByState=7&filterByState=8&filterByState=9&filterByState=10
[14:28:04 INF] Sending HTTP request GET http://127.0.0.1:48408/api/order/v1/orderRecord?pageNum=1&pageSize=100&filterByState=1&filterByState=3&filterByState=7&filterByState=8&filterByState=9&filterByState=10
[14:28:04 INF] Received HTTP response headers after 1.1953ms - 200
[14:28:04 INF] End processing HTTP request after 2.1015ms - 200
[14:28:04 INF] Executed DbCommand (0ms) [Parameters=[@__listedIds_0='?' (Size = 2)], CommandType='Text', CommandTimeout='30']
SELECT "f"."RiotOrderId", "f"."AgvId", "f"."CancelCallDisposition", "f"."CancelCommandAuditId", "f"."CancelDecidedAt", "f"."CancelResult", "f"."CancelResultAt", "f"."CancelSentAt", "f"."DetectedAt", "f"."DeviceKey", "f"."EndedAt", "f"."EndedOrderState", "f"."LastSeenRunningAt", "f"."OrderStateAtDetection", "f"."Ownership", "f"."OwnershipBasis", "f"."State", "f"."UpdatedAt", "f"."UpperId"
FROM "ForeignRiotOrders" AS "f"
WHERE "f"."State" <> 'ENDED' OR "f"."RiotOrderId" IN (
    SELECT "l"."value"
    FROM json_each(@__listedIds_0) AS "l"
)
[14:28:04 INF] Executed DbCommand (0ms) [Parameters=[], CommandType='Text', CommandTimeout='30']
SELECT "s"."MapId", "s"."StationId", "s"."ChargerRosterVersion", "s"."JourneyId", "s"."RecordId", "s"."State", "s"."StateSince", "s"."StationKind", "s"."VehicleKey", "s"."WaitingPointVersion"
FROM "StationExclusivities" AS "s"
WHERE "s"."StationKind" IN ('FIXED_TASK_STATION', 'WAITING_POINT')
[14:28:04 INF] Executed DbCommand (0ms) [Parameters=[@__mapId_0='?' (DbType = Int32)], CommandType='Text', CommandTimeout='30']
SELECT "t"."MapId", "t"."ActiveVersion", "t"."PendingVersion", "t"."State", "t"."UpdatedAt"
FROM "TaskTypeStationActiveBindingSets" AS "t"
WHERE "t"."MapId" = @__mapId_0
LIMIT 2
[14:28:04 INF] Executed DbCommand (0ms) [Parameters=[@__mapId_0='?' (DbType = Int32), @__version_1='?' (DbType = Int64)], CommandType='Text', CommandTimeout='30']
SELECT "t"."MapId", "t"."Version", "t"."CatalogRevision", "t"."ContentSha256", "t"."LoadedAt", "t"."RuleVersion", "t"."SnapshotId", "t"."Source"
FROM "TaskTypeStationBindingSetVersions" AS "t"
WHERE "t"."MapId" = @__mapId_0 AND "t"."Version" = @__version_1
LIMIT 2
[14:28:04 INF] Executed DbCommand (0ms) [Parameters=[@__mapId_0='?' (DbType = Int32), @__version_1='?' (DbType = Int64)], CommandType='Text', CommandTimeout='30']
SELECT "t"."TaskType"
FROM "TaskTypeStationRequirements" AS "t"
WHERE "t"."MapId" = @__mapId_0 AND "t"."Version" = @__version_1
[14:28:04 INF] Executed DbCommand (0ms) [Parameters=[@__mapId_0='?' (DbType = Int32), @__version_1='?' (DbType = Int64)], CommandType='Text', CommandTimeout='30']
SELECT "t"."MapId", "t"."Version", "t"."TaskType", "t"."SiteVerificationRef", "t"."StationName", "t"."StationRiotId"
FROM "TaskTypeStationBindings" AS "t"
WHERE "t"."MapId" = @__mapId_0 AND "t"."Version" = @__version_1
[14:28:04 INF] Executed DbCommand (0ms) [Parameters=[], CommandType='Text', CommandTimeout='30']
SELECT "j"."JourneyId", "j"."AgvId", "j"."AgvLifecycleGeneration", "j"."AreaEndAdmissionRevokedSince", "j"."BlockReasonCode", "j"."BlockReasonSince", "j"."CargoHoldingStartedAt", "j"."ChargingPolicyVersion", "j"."ConsumedSafetyResultMessageId", "j"."ConsumedSublotMessageId", "j"."CreatedAt", "j"."DemandId", "j"."DispatchGeneration", "j"."DispatchZone", "j"."ExpectedBasketCount", "j"."FullSlotPositionsJson", "j"."GateMovementLegId", "j"."GatePlanMessageId", "j"."GateStationId", "j"."GateStationRiotId", "j"."GateUpperId", "j"."GateVehicleBusinessMessageId", "j"."GateWorklistMessageId", "j"."LoadCommandMessageId", "j"."LoadSlotOperationAttemptId", "j"."LoadingClosedReason", "j"."LoadingPhaseState", "j"."MapId", "j"."MapIdentity", "j"."OperationSessionId", "j"."PickupMovementLegId", "j"."PickupStationId", "j"."PickupStationRiotId", "j"."PickupUpperId", "j"."PlanMessageId", "j"."PlanRevision", "j"."PreDepartureSafetyCheckId", "j"."PreDepartureSafetyCheckMessageId", "j"."PublishedBatteryState", "j"."RouteEvidenceId", "j"."Stage", "j"."StationDepartureWaitStartedAt", "j"."SublotRequestMessageId", "j"."TargetSlotsJson", "j"."UnloadCommandMessageId", "j"."UnloadSlotOperationAttemptId", "j"."UpdatedAt", "j"."VehicleBusinessMessageId", "j"."VehicleBusinessRevision", "j"."VehicleKey", "j"."Version", "j"."WaitingBatteryObservedAt", "j"."WaitingBatteryPercent", "j"."WaitingSince", "j"."WaitingWarnedAt", "j"."WorklistMessageId", "j"."WorklistRevision", "j"."YieldTriggeredAt", "j"."YieldTriggeredByVehicleKey"
FROM "JourneyRuntimes" AS "j"
WHERE "j"."Stage" NOT IN ('Completed', 'Blocked')
[14:28:04 INF] Start processing HTTP request GET http://127.0.0.1:48408/api/imap/v1/mapInfo/getALLMapInfoExcludeMapJson
[14:28:04 INF] Sending HTTP request GET http://127.0.0.1:48408/api/imap/v1/mapInfo/getALLMapInfoExcludeMapJson
[14:28:04 INF] Received HTTP response headers after 1.0068ms - 200
[14:28:04 INF] End processing HTTP request after 2.1923ms - 200
[14:28:04 INF] Executed DbCommand (0ms) [Parameters=[@__mapId_0='?' (DbType = Int32)], CommandType='Text', CommandTimeout='30']
SELECT "m"."MapId", "m"."AcceptedAt", "m"."AcceptedBy", "m"."EstablishedAt", "m"."Name", "m"."PendingName", "m"."PendingSince"
FROM "MapNameBaselines" AS "m"
WHERE "m"."MapId" = @__mapId_0
LIMIT 2
[14:28:04 INF] Start processing HTTP request GET http://127.0.0.1:48408/api/imap/v1/mapInfo/stations/25
[14:28:04 INF] Sending HTTP request GET http://127.0.0.1:48408/api/imap/v1/mapInfo/stations/25
[14:28:04 INF] Received HTTP response headers after 0.9187ms - 200
[14:28:04 INF] End processing HTTP request after 1.8316ms - 200
[14:28:04 INF] Executed DbCommand (0ms) [Parameters=[@__mapId_0='?' (DbType = Int32)], CommandType='Text', CommandTimeout='30']
SELECT "t"."MapId", "t"."ActiveVersion", "t"."PendingVersion", "t"."State", "t"."UpdatedAt"
FROM "TaskTypeStationActiveBindingSets" AS "t"
WHERE "t"."MapId" = @__mapId_0
LIMIT 2
[14:28:04 INF] Executed DbCommand (0ms) [Parameters=[@__mapId_0='?' (DbType = Int32), @__version_1='?' (DbType = Int64)], CommandType='Text', CommandTimeout='30']
SELECT "t"."MapId", "t"."Version", "t"."CatalogRevision", "t"."ContentSha256", "t"."LoadedAt", "t"."RuleVersion", "t"."SnapshotId", "t"."Source"
FROM "TaskTypeStationBindingSetVersions" AS "t"
WHERE "t"."MapId" = @__mapId_0 AND "t"."Version" = @__version_1
LIMIT 2
[14:28:04 INF] Executed DbCommand (0ms) [Parameters=[@__mapId_0='?' (DbType = Int32), @__version_1='?' (DbType = Int64)], CommandType='Text', CommandTimeout='30']
SELECT "t"."TaskType"
FROM "TaskTypeStationRequirements" AS "t"
WHERE "t"."MapId" = @__mapId_0 AND "t"."Version" = @__version_1
[14:28:04 INF] Executed DbCommand (0ms) [Parameters=[@__mapId_0='?' (DbType = Int32), @__version_1='?' (DbType = Int64)], CommandType='Text', CommandTimeout='30']
SELECT "t"."MapId", "t"."Version", "t"."TaskType", "t"."SiteVerificationRef", "t"."StationName", "t"."StationRiotId"
FROM "TaskTypeStationBindings" AS "t"
WHERE "t"."MapId" = @__mapId_0 AND "t"."Version" = @__version_1
[14:28:04 INF] Executed DbCommand (0ms) [Parameters=[@__version_0='?' (DbType = Int64)], CommandType='Text', CommandTimeout='30']
SELECT "t"."Version", "t"."ContentSha256", "t"."LoadedAt", "t"."SnapshotId", "t"."Source"
FROM "TaskTypeStationRuleVersions" AS "t"
WHERE "t"."Version" = @__version_0
LIMIT 2
[14:28:04 INF] Executed DbCommand (0ms) [Parameters=[@__version_0='?' (DbType = Int64)], CommandType='Text', CommandTimeout='30']
SELECT "t"."Version", "t"."TaskType", "t"."FixedEnd"
FROM "TaskTypeStationRules" AS "t"
WHERE "t"."Version" = @__version_0
[14:28:04 INF] Executed DbCommand (0ms) [Parameters=[@__mapId_0='?' (DbType = Int32)], CommandType='Text', CommandTimeout='30']
SELECT "t"."MapId", "t"."ActiveVersion", "t"."PendingVersion", "t"."State", "t"."UpdatedAt"
FROM "TaskTypeStationActiveBindingSets" AS "t"
WHERE "t"."MapId" = @__mapId_0
LIMIT 2
[14:28:04 INF] Executed DbCommand (0ms) [Parameters=[@__mapId_0='?' (DbType = Int32)], CommandType='Text', CommandTimeout='30']
SELECT "t"."HoldId", "t"."DetailJson", "t"."MapId", "t"."RaisedAt", "t"."RaisedBy", "t"."ReasonCode", "t"."ReleasedAt", "t"."ReleasedBy", "t"."Source", "t"."TaskType"
FROM "TaskTypeStationHolds" AS "t"
WHERE "t"."MapId" = @__mapId_0 AND "t"."ReleasedAt" IS NULL
[14:28:04 INF] Executed DbCommand (0ms) [Parameters=[@__mapId_0='?' (DbType = Int32)], CommandType='Text', CommandTimeout='30']
SELECT "m"."MapId", "m"."ApprovedMaxUnconfirmedSeconds", "m"."ApprovedSyncPeriodSeconds", "m"."CatalogRevision", "m"."LastAttemptAt", "m"."LastCompleteConfirmationAt", "m"."LastFailureReason", "m"."State", "m"."UpdatedAt"
FROM "MapStationCatalogStates" AS "m"
WHERE "m"."MapId" = @__mapId_0
LIMIT 2
[14:28:04 INF] Executed DbCommand (0ms) [Parameters=[@p3='?' (DbType = Int32), @p0='?' (DbType = DateTimeOffset), @p1='?' (DbType = DateTimeOffset), @p2='?' (DbType = DateTimeOffset)], CommandType='Text', CommandTimeout='30']
UPDATE "MapStationCatalogStates" SET "LastAttemptAt" = @p0, "LastCompleteConfirmationAt" = @p1, "UpdatedAt" = @p2
WHERE "MapId" = @p3
RETURNING 1;
[14:28:04 INF] Executed DbCommand (0ms) [Parameters=[@__mapId_0='?' (DbType = Int32)], CommandType='Text', CommandTimeout='30']
SELECT "t"."MapId", "t"."ActiveVersion", "t"."PendingVersion", "t"."State", "t"."UpdatedAt"
FROM "TaskTypeStationActiveBindingSets" AS "t"
WHERE "t"."MapId" = @__mapId_0
LIMIT 2
[14:28:04 INF] Executed DbCommand (0ms) [Parameters=[@__mapId_0='?' (DbType = Int32), @__version_1='?' (DbType = Int64)], CommandType='Text', CommandTimeout='30']
SELECT "t"."MapId", "t"."Version", "t"."CatalogRevision", "t"."ContentSha256", "t"."LoadedAt", "t"."RuleVersion", "t"."SnapshotId", "t"."Source"
FROM "TaskTypeStationBindingSetVersions" AS "t"
WHERE "t"."MapId" = @__mapId_0 AND "t"."Version" = @__version_1
LIMIT 2
[14:28:04 INF] Executed DbCommand (0ms) [Parameters=[@__mapId_0='?' (DbType = Int32), @__version_1='?' (DbType = Int64)], CommandType='Text', CommandTimeout='30']
SELECT "t"."TaskType"
FROM "TaskTypeStationRequirements" AS "t"
WHERE "t"."MapId" = @__mapId_0 AND "t"."Version" = @__version_1
[14:28:04 INF] Executed DbCommand (0ms) [Parameters=[@__mapId_0='?' (DbType = Int32), @__version_1='?' (DbType = Int64)], CommandType='Text', CommandTimeout='30']
SELECT "t"."MapId", "t"."Version", "t"."TaskType", "t"."SiteVerificationRef", "t"."StationName", "t"."StationRiotId"
FROM "TaskTypeStationBindings" AS "t"
WHERE "t"."MapId" = @__mapId_0 AND "t"."Version" = @__version_1
[14:28:04 INF] Executed DbCommand (0ms) [Parameters=[@__mapId_0='?' (DbType = Int32)], CommandType='Text', CommandTimeout='30']
SELECT "t"."MapId", "t"."ActiveVersion", "t"."PendingVersion", "t"."State", "t"."UpdatedAt"
FROM "TaskTypeStationActiveBindingSets" AS "t"
WHERE "t"."MapId" = @__mapId_0
LIMIT 2
[14:28:04 INF] Executed DbCommand (0ms) [Parameters=[@__mapId_0='?' (DbType = Int32), @__version_1='?' (DbType = Int64)], CommandType='Text', CommandTimeout='30']
SELECT "t"."MapId", "t"."Version", "t"."CatalogRevision", "t"."ContentSha256", "t"."LoadedAt", "t"."RuleVersion", "t"."SnapshotId", "t"."Source"
FROM "TaskTypeStationBindingSetVersions" AS "t"
WHERE "t"."MapId" = @__mapId_0 AND "t"."Version" = @__version_1
LIMIT 2
[14:28:04 INF] Executed DbCommand (0ms) [Parameters=[@__mapId_0='?' (DbType = Int32), @__version_1='?' (DbType = Int64)], CommandType='Text', CommandTimeout='30']
SELECT "t"."TaskType"
FROM "TaskTypeStationRequirements" AS "t"
WHERE "t"."MapId" = @__mapId_0 AND "t"."Version" = @__version_1
[14:28:04 INF] Executed DbCommand (0ms) [Parameters=[@__mapId_0='?' (DbType = Int32), @__version_1='?' (DbType = Int64)], CommandType='Text', CommandTimeout='30']
SELECT "t"."MapId", "t"."Version", "t"."TaskType", "t"."SiteVerificationRef", "t"."StationName", "t"."StationRiotId"
FROM "TaskTypeStationBindings" AS "t"
WHERE "t"."MapId" = @__mapId_0 AND "t"."Version" = @__version_1
[14:28:04 INF] Executed DbCommand (0ms) [Parameters=[@__version_0='?' (DbType = Int64)], CommandType='Text', CommandTimeout='30']
SELECT "t"."Version", "t"."ContentSha256", "t"."LoadedAt", "t"."SnapshotId", "t"."Source"
FROM "TaskTypeStationRuleVersions" AS "t"
WHERE "t"."Version" = @__version_0
LIMIT 2
[14:28:04 INF] Executed DbCommand (0ms) [Parameters=[@__version_0='?' (DbType = Int64)], CommandType='Text', CommandTimeout='30']
SELECT "t"."Version", "t"."TaskType", "t"."FixedEnd"
FROM "TaskTypeStationRules" AS "t"
WHERE "t"."Version" = @__version_0
[14:28:04 INF] Executed DbCommand (0ms) [Parameters=[], CommandType='Text', CommandTimeout='30']
SELECT "a"."Id", "a"."ContentHash", "a"."DeploymentId", "a"."ImportedAt", "a"."Version"
FROM "AdmissionPolicyState" AS "a"
WHERE "a"."Id" = 1
LIMIT 2
[14:28:04 INF] Executed DbCommand (0ms) [Parameters=[], CommandType='Text', CommandTimeout='30']
SELECT "v"."VehicleKey", "v"."ClaimedAt", "v"."JourneyId", "v"."Purpose"
FROM "VehiclePurposeClaims" AS "v"
WHERE "v"."Purpose" = 'IDLE_RETURN'
[14:28:04 INF] Executed DbCommand (0ms) [Parameters=[], CommandType='Text', CommandTimeout='30']
SELECT "j"."JourneyId", "j"."AgvId", "j"."AgvLifecycleGeneration", "j"."AreaEndAdmissionRevokedSince", "j"."BlockReasonCode", "j"."BlockReasonSince", "j"."CargoHoldingStartedAt", "j"."ChargingPolicyVersion", "j"."ConsumedSafetyResultMessageId", "j"."ConsumedSublotMessageId", "j"."CreatedAt", "j"."DemandId", "j"."DispatchGeneration", "j"."DispatchZone", "j"."ExpectedBasketCount", "j"."FullSlotPositionsJson", "j"."GateMovementLegId", "j"."GatePlanMessageId", "j"."GateStationId", "j"."GateStationRiotId", "j"."GateUpperId", "j"."GateVehicleBusinessMessageId", "j"."GateWorklistMessageId", "j"."LoadCommandMessageId", "j"."LoadSlotOperationAttemptId", "j"."LoadingClosedReason", "j"."LoadingPhaseState", "j"."MapId", "j"."MapIdentity", "j"."OperationSessionId", "j"."PickupMovementLegId", "j"."PickupStationId", "j"."PickupStationRiotId", "j"."PickupUpperId", "j"."PlanMessageId", "j"."PlanRevision", "j"."PreDepartureSafetyCheckId", "j"."PreDepartureSafetyCheckMessageId", "j"."PublishedBatteryState", "j"."RouteEvidenceId", "j"."Stage", "j"."StationDepartureWaitStartedAt", "j"."SublotRequestMessageId", "j"."TargetSlotsJson", "j"."UnloadCommandMessageId", "j"."UnloadSlotOperationAttemptId", "j"."UpdatedAt", "j"."VehicleBusinessMessageId", "j"."VehicleBusinessRevision", "j"."VehicleKey", "j"."Version", "j"."WaitingBatteryObservedAt", "j"."WaitingBatteryPercent", "j"."WaitingSince", "j"."WaitingWarnedAt", "j"."WorklistMessageId", "j"."WorklistRevision", "j"."YieldTriggeredAt", "j"."YieldTriggeredByVehicleKey"
FROM "JourneyRuntimes" AS "j"
WHERE "j"."Stage" <> 'Completed'
[14:28:04 INF] Executed DbCommand (0ms) [Parameters=[@__holding_0='?' (Size = 129)], CommandType='Text', CommandTimeout='30']
SELECT "f"."AgvId"
FROM "ForeignRiotOrders" AS "f"
WHERE "f"."State" IN (
    SELECT "h"."value"
    FROM json_each(@__holding_0) AS "h"
)
[14:28:04 INF] Executed DbCommand (0ms) [Parameters=[], CommandType='Text', CommandTimeout='30']
SELECT "a"."DemandId"
FROM "AcceptedDemands" AS "a"
WHERE "a"."Status" NOT IN ('Succeeded', 'Cancelled') AND NOT EXISTS (
    SELECT 1
    FROM "AcceptedDemands" AS "a0"
    WHERE "a0"."Status" NOT IN ('Succeeded', 'Cancelled') AND NOT EXISTS (
        SELECT 1
        FROM "JourneyDemands" AS "j"
        WHERE "j"."DemandId" = "a0"."DemandId" AND "j"."RemovedAt" IS NULL) AND EXISTS (
        SELECT 1
        FROM "JourneyDemands" AS "j0"
        WHERE "j0"."DemandId" = "a0"."DemandId" AND "j0"."RemovedAt" IS NOT NULL AND "j0"."RemovalReason" = 'RELEASED_FOR_REDISPATCH' AND NOT EXISTS (
            SELECT 1
            FROM "JourneyDemands" AS "j1"
            WHERE "j1"."DemandId" = "a0"."DemandId" AND "j1"."DispatchGeneration" > "j0"."DispatchGeneration")) AND "a0"."DemandId" = "a"."DemandId")
[14:28:04 INF] Executed DbCommand (0ms) [Parameters=[], CommandType='Text', CommandTimeout='30']
SELECT "j"."DemandId"
FROM "JourneyDemands" AS "j"
WHERE "j"."RemovedAt" IS NULL
[14:28:04 INF] Start processing HTTP request GET http://127.0.0.1:48409/api/v2/contract
[14:28:04 INF] Sending HTTP request GET http://127.0.0.1:48409/api/v2/contract
[14:28:04 INF] Received HTTP response headers after 1.0383ms - 200
[14:28:04 INF] End processing HTTP request after 2.0112ms - 200
[14:28:04 INF] Start processing HTTP request GET http://127.0.0.1:48409/api/v2/externally-readable-demand-catalog
[14:28:04 INF] Sending HTTP request GET http://127.0.0.1:48409/api/v2/externally-readable-demand-catalog
[14:28:04 INF] Received HTTP response headers after 0.7565ms - 200
[14:28:04 INF] End processing HTTP request after 1.725ms - 200
[14:28:04 INF] Executed DbCommand (0ms) [Parameters=[], CommandType='Text', CommandTimeout='30']
SELECT "j"."DemandId", "j"."AcceptedAt", "j"."DecisionFingerprint", "j"."DemandCreatedAt", "j"."FirstSeenAt", "j"."LastSeenAt", "j"."ReasonCode", "j"."StarvationEscalatedAt", "j"."StarvationEscalationParameterVersion", "j"."TransportDemandKey"
FROM "JourneyBacklog" AS "j"
[14:28:04 INF] Executed DbCommand (0ms) [Parameters=[], CommandType='Text', CommandTimeout='30']
SELECT "a"."DemandId"
FROM "AcceptedDemands" AS "a"
WHERE NOT EXISTS (
    SELECT 1
    FROM "AcceptedDemands" AS "a0"
    WHERE "a0"."Status" NOT IN ('Succeeded', 'Cancelled') AND NOT EXISTS (
        SELECT 1
        FROM "JourneyDemands" AS "j"
        WHERE "j"."DemandId" = "a0"."DemandId" AND "j"."RemovedAt" IS NULL) AND EXISTS (
        SELECT 1
        FROM "JourneyDemands" AS "j0"
        WHERE "j0"."DemandId" = "a0"."DemandId" AND "j0"."RemovedAt" IS NOT NULL AND "j0"."RemovalReason" = 'RELEASED_FOR_REDISPATCH' AND NOT EXISTS (
            SELECT 1
            FROM "JourneyDemands" AS "j1"
            WHERE "j1"."DemandId" = "a0"."DemandId" AND "j1"."DispatchGeneration" > "j0"."DispatchGeneration")) AND "a0"."DemandId" = "a"."DemandId")
[14:28:04 INF] Executed DbCommand (0ms) [Parameters=[], CommandType='Text', CommandTimeout='30']
SELECT "j"."DemandId", MAX("j"."DispatchGeneration") AS "Generation"
FROM "JourneyDemands" AS "j"
WHERE EXISTS (
    SELECT 1
    FROM "AcceptedDemands" AS "a"
    WHERE "a"."Status" NOT IN ('Succeeded', 'Cancelled') AND NOT EXISTS (
        SELECT 1
        FROM "JourneyDemands" AS "j0"
        WHERE "j0"."DemandId" = "a"."DemandId" AND "j0"."RemovedAt" IS NULL) AND EXISTS (
        SELECT 1
        FROM "JourneyDemands" AS "j1"
        WHERE "j1"."DemandId" = "a"."DemandId" AND "j1"."RemovedAt" IS NOT NULL AND "j1"."RemovalReason" = 'RELEASED_FOR_REDISPATCH' AND NOT EXISTS (
            SELECT 1
            FROM "JourneyDemands" AS "j2"
            WHERE "j2"."DemandId" = "a"."DemandId" AND "j2"."DispatchGeneration" > "j1"."DispatchGeneration")) AND "a"."DemandId" = "j"."DemandId")
GROUP BY "j"."DemandId"
[14:28:04 INF] Executed DbCommand (0ms) [Parameters=[], CommandType='Text', CommandTimeout='30']
SELECT "v"."AgvId", "v"."TaskType", "v"."Allowed", "v"."ConfigurationVersion", "v"."UpdatedAt"
FROM "VehicleTaskTypeAdmissions" AS "v"
[14:28:04 INF] Executed DbCommand (0ms) [Parameters=[], CommandType='Text', CommandTimeout='30']
SELECT "v"."AgvId", "v"."ConfigurationVersion", "v"."RoundTimeoutMilliseconds", "v"."UpdatedAt"
FROM "VehicleDispatchBudgets" AS "v"
[14:28:04 INF] Executed DbCommand (0ms) [Parameters=[], CommandType='Text', CommandTimeout='30']
SELECT "d"."Zone", "d"."AgvId", "d"."ConfigurationVersion", "d"."UpdatedAt"
FROM "DispatchZoneVehicles" AS "d"
[14:28:04 INF] Executed DbCommand (0ms) [Parameters=[], CommandType='Text', CommandTimeout='30']
SELECT MAX("d"."Version")
FROM "DispatchZoneAreaAssignmentVersions" AS "d"
[14:28:04 INF] Executed DbCommand (0ms) [Parameters=[], CommandType='Text', CommandTimeout='30']
SELECT MAX("d"."Version")
FROM "DispatchZoneParameterVersions" AS "d"
[14:28:04 INF] Executed DbCommand (0ms) [Parameters=[], CommandType='Text', CommandTimeout='30']
SELECT "j"."AgvId", "j"."CreatedAt"
FROM "JourneyRuntimes" AS "j"
WHERE "j"."JourneyId" NOT LIKE 'idle-return:%' AND "j"."JourneyId" NOT LIKE 'charging:%'
[14:28:04 INF] Executed DbCommand (0ms) [Parameters=[@__agvId_0='?' (Size = 10)], CommandType='Text', CommandTimeout='30']
SELECT "a"."SlotModelVersionId", "a"."SnapshotId"
FROM "ActiveSlotConfigurations" AS "a"
WHERE "a"."AgvId" = @__agvId_0
LIMIT 2
[14:28:04 INF] Executed DbCommand (0ms) [Parameters=[@__agvId_0='?' (Size = 10)], CommandType='Text', CommandTimeout='30']
SELECT "s"."SlotModelVersionId", "s"."CreatedAt"
FROM "SlotIoBindings" AS "s"
WHERE "s"."AgvId" = @__agvId_0 AND "s"."Status" = 'PUBLISHED'
[14:28:04 INF] Executed DbCommand (0ms) [Parameters=[@__agvId_0='?' (Size = 10)], CommandType='Text', CommandTimeout='30']
SELECT "s"."AgvId", "s"."ActiveUnlockSlotsJson", "s"."CapabilityHash", "s"."CapabilityRevision", "s"."DepartureSafe", "s"."ForcedRecoveryGeneration", "s"."ManifestSha256", "s"."PendingAttemptIdsJson", "s"."PendingResultIdsJson", "s"."ProfileId", "s"."ProtocolCommit", "s"."ProtocolVersion", "s"."ProvenRecoveryCheckpoint", "s"."Readiness", "s"."ReasonCode", "s"."RecoveryReportId", "s"."ReportedForcedRecoveryGeneration", "s"."ReportedSlotConfigurationFingerprint", "s"."SafetyHash", "s"."SafetyReasonCodesJson", "s"."SafetyRevision", "s"."SafetyUnknownPresent", "s"."SessionGeneration", "s"."UnsettledSlotOperationAttemptId", "s"."UpdatedAt"
FROM "SessionRecoveries" AS "s"
WHERE "s"."AgvId" = @__agvId_0 AND "s"."Readiness" = 'Ready'
LIMIT 2
[14:28:04 INF] Start processing HTTP request GET http://127.0.0.1:48408/api/task/vehicles/getVehicleInfoByDeviceKey?key=BROKERX-L2-0001
[14:28:04 INF] Sending HTTP request GET http://127.0.0.1:48408/api/task/vehicles/getVehicleInfoByDeviceKey?key=BROKERX-L2-0001
[14:28:04 INF] Received HTTP response headers after 1.154ms - 200
[14:28:04 INF] End processing HTTP request after 2.2105ms - 200
[14:28:04 INF] Executed DbCommand (0ms) [Parameters=[], CommandType='Text', CommandTimeout='30']
SELECT "c"."ActivationId", "c"."ActivatedAt", "c"."ActivatedBy", "c"."Sequence", "c"."Version"
FROM "ChargingPolicyActivations" AS "c"
ORDER BY "c"."Sequence" DESC
LIMIT 1
[14:28:04 INF] Executed DbCommand (0ms) [Parameters=[], CommandType='Text', CommandTimeout='30']
SELECT "s"."MapId", "s"."StationId", "s"."ChargerRosterVersion", "s"."JourneyId", "s"."RecordId", "s"."State", "s"."StateSince", "s"."StationKind", "s"."VehicleKey", "s"."WaitingPointVersion"
FROM "StationExclusivities" AS "s"
WHERE "s"."StationKind" = 'CHARGER'
[14:28:04 INF] Executed DbCommand (0ms) [Parameters=[@__vehicleKey_0='?' (Size = 15)], CommandType='Text', CommandTimeout='30']
SELECT "m"."VehicleKey", "m"."HoldId", "m"."Reason", "m"."Since", "m"."WarnedAt"
FROM "ManualChargingHolds" AS "m"
WHERE "m"."VehicleKey" = @__vehicleKey_0
LIMIT 2
[14:28:04 INF] Executed DbCommand (0ms) [Parameters=[@__vehicle_VehicleKey_0='?' (Size = 15)], CommandType='Text', CommandTimeout='30']
SELECT "m"."HoldId", "m"."ReleasedAt"
FROM "ManualChargingHoldRecords" AS "m"
WHERE "m"."VehicleKey" = @__vehicle_VehicleKey_0 AND "m"."ReleasedAt" IS NOT NULL
[14:28:04 INF] Executed DbCommand (0ms) [Parameters=[], CommandType='Text', CommandTimeout='30']
SELECT "s"."DemandId"
FROM "StructuralDispatchBlocks" AS "s"
WHERE "s"."ClearedAt" IS NULL
[14:28:04 INF] Executed DbCommand (0ms) [Parameters=[], CommandType='Text', CommandTimeout='30']
SELECT "s"."DemandId", "s"."ReasonCode", "s"."ClearedAt", "s"."DetailJson", "s"."FirstRaisedAt", "s"."LastSeenAt", "s"."TransportDemandKey"
FROM "StructuralDispatchBlocks" AS "s"
WHERE "s"."ClearedAt" IS NULL
[14:28:04 INF] Executed DbCommand (0ms) [Parameters=[], CommandType='Text', CommandTimeout='30']
SELECT "j"."JourneyId", "j"."AgvId", "j"."AgvLifecycleGeneration", "j"."AreaEndAdmissionRevokedSince", "j"."BlockReasonCode", "j"."BlockReasonSince", "j"."CargoHoldingStartedAt", "j"."ChargingPolicyVersion", "j"."ConsumedSafetyResultMessageId", "j"."ConsumedSublotMessageId", "j"."CreatedAt", "j"."DemandId", "j"."DispatchGeneration", "j"."DispatchZone", "j"."ExpectedBasketCount", "j"."FullSlotPositionsJson", "j"."GateMovementLegId", "j"."GatePlanMessageId", "j"."GateStationId", "j"."GateStationRiotId", "j"."GateUpperId", "j"."GateVehicleBusinessMessageId", "j"."GateWorklistMessageId", "j"."LoadCommandMessageId", "j"."LoadSlotOperationAttemptId", "j"."LoadingClosedReason", "j"."LoadingPhaseState", "j"."MapId", "j"."MapIdentity", "j"."OperationSessionId", "j"."PickupMovementLegId", "j"."PickupStationId", "j"."PickupStationRiotId", "j"."PickupUpperId", "j"."PlanMessageId", "j"."PlanRevision", "j"."PreDepartureSafetyCheckId", "j"."PreDepartureSafetyCheckMessageId", "j"."PublishedBatteryState", "j"."RouteEvidenceId", "j"."Stage", "j"."StationDepartureWaitStartedAt", "j"."SublotRequestMessageId", "j"."TargetSlotsJson", "j"."UnloadCommandMessageId", "j"."UnloadSlotOperationAttemptId", "j"."UpdatedAt", "j"."VehicleBusinessMessageId", "j"."VehicleBusinessRevision", "j"."VehicleKey", "j"."Version", "j"."WaitingBatteryObservedAt", "j"."WaitingBatteryPercent", "j"."WaitingSince", "j"."WaitingWarnedAt", "j"."WorklistMessageId", "j"."WorklistRevision", "j"."YieldTriggeredAt", "j"."YieldTriggeredByVehicleKey"
FROM "JourneyRuntimes" AS "j"
WHERE "j"."Stage" <> 'Completed'
[14:28:04 INF] Executed DbCommand (0ms) [Parameters=[], CommandType='Text', CommandTimeout='30']
SELECT "v"."AgvId", "v"."TaskType", "v"."Allowed", "v"."ConfigurationVersion", "v"."UpdatedAt"
FROM "VehicleTaskTypeAdmissions" AS "v"
[14:28:04 INF] Executed DbCommand (0ms) [Parameters=[], CommandType='Text', CommandTimeout='30']
SELECT "v"."AgvId", "v"."ConfigurationVersion", "v"."RoundTimeoutMilliseconds", "v"."UpdatedAt"
FROM "VehicleDispatchBudgets" AS "v"
[14:28:04 INF] Executed DbCommand (0ms) [Parameters=[], CommandType='Text', CommandTimeout='30']
SELECT "d"."Zone", "d"."AgvId", "d"."ConfigurationVersion", "d"."UpdatedAt"
FROM "DispatchZoneVehicles" AS "d"
[14:28:04 INF] Executed DbCommand (0ms) [Parameters=[], CommandType='Text', CommandTimeout='30']
SELECT "j"."JourneyId", "j"."AgvId", "j"."AgvLifecycleGeneration", "j"."AreaEndAdmissionRevokedSince", "j"."BlockReasonCode", "j"."BlockReasonSince", "j"."CargoHoldingStartedAt", "j"."ChargingPolicyVersion", "j"."ConsumedSafetyResultMessageId", "j"."ConsumedSublotMessageId", "j"."CreatedAt", "j"."DemandId", "j"."DispatchGeneration", "j"."DispatchZone", "j"."ExpectedBasketCount", "j"."FullSlotPositionsJson", "j"."GateMovementLegId", "j"."GatePlanMessageId", "j"."GateStationId", "j"."GateStationRiotId", "j"."GateUpperId", "j"."GateVehicleBusinessMessageId", "j"."GateWorklistMessageId", "j"."LoadCommandMessageId", "j"."LoadSlotOperationAttemptId", "j"."LoadingClosedReason", "j"."LoadingPhaseState", "j"."MapId", "j"."MapIdentity", "j"."OperationSessionId", "j"."PickupMovementLegId", "j"."PickupStationId", "j"."PickupStationRiotId", "j"."PickupUpperId", "j"."PlanMessageId", "j"."PlanRevision", "j"."PreDepartureSafetyCheckId", "j"."PreDepartureSafetyCheckMessageId", "j"."PublishedBatteryState", "j"."RouteEvidenceId", "j"."Stage", "j"."StationDepartureWaitStartedAt", "j"."SublotRequestMessageId", "j"."TargetSlotsJson", "j"."UnloadCommandMessageId", "j"."UnloadSlotOperationAttemptId", "j"."UpdatedAt", "j"."VehicleBusinessMessageId", "j"."VehicleBusinessRevision", "j"."VehicleKey", "j"."Version", "j"."WaitingBatteryObservedAt", "j"."WaitingBatteryPercent", "j"."WaitingSince", "j"."WaitingWarnedAt", "j"."WorklistMessageId", "j"."WorklistRevision", "j"."YieldTriggeredAt", "j"."YieldTriggeredByVehicleKey"
FROM "JourneyRuntimes" AS "j"
WHERE "j"."Stage" <> 'Completed'
[14:28:05 INF] Executed DbCommand (0ms) [Parameters=[], CommandType='Text', CommandTimeout='30']
SELECT "a"."AgvId"
FROM "AgvLifecycles" AS "a"
WHERE "a"."Archived"
[14:28:05 INF] Start processing HTTP request GET http://127.0.0.1:48408/api/order/v1/orderRecord?pageNum=1&pageSize=100&filterByState=1&filterByState=3&filterByState=7&filterByState=8&filterByState=9&filterByState=10
[14:28:05 INF] Sending HTTP request GET http://127.0.0.1:48408/api/order/v1/orderRecord?pageNum=1&pageSize=100&filterByState=1&filterByState=3&filterByState=7&filterByState=8&filterByState=9&filterByState=10
[14:28:05 INF] Received HTTP response headers after 1.0393ms - 200
[14:28:05 INF] End processing HTTP request after 1.7347ms - 200
[14:28:05 INF] Executed DbCommand (0ms) [Parameters=[@__listedIds_0='?' (Size = 2)], CommandType='Text', CommandTimeout='30']
SELECT "f"."RiotOrderId", "f"."AgvId", "f"."CancelCallDisposition", "f"."CancelCommandAuditId", "f"."CancelDecidedAt", "f"."CancelResult", "f"."CancelResultAt", "f"."CancelSentAt", "f"."DetectedAt", "f"."DeviceKey", "f"."EndedAt", "f"."EndedOrderState", "f"."LastSeenRunningAt", "f"."OrderStateAtDetection", "f"."Ownership", "f"."OwnershipBasis", "f"."State", "f"."UpdatedAt", "f"."UpperId"
FROM "ForeignRiotOrders" AS "f"
WHERE "f"."State" <> 'ENDED' OR "f"."RiotOrderId" IN (
    SELECT "l"."value"
    FROM json_each(@__listedIds_0) AS "l"
)
[14:28:05 INF] Executed DbCommand (0ms) [Parameters=[], CommandType='Text', CommandTimeout='30']
SELECT "s"."MapId", "s"."StationId", "s"."ChargerRosterVersion", "s"."JourneyId", "s"."RecordId", "s"."State", "s"."StateSince", "s"."StationKind", "s"."VehicleKey", "s"."WaitingPointVersion"
FROM "StationExclusivities" AS "s"
WHERE "s"."StationKind" IN ('FIXED_TASK_STATION', 'WAITING_POINT')
[14:28:05 INF] Executed DbCommand (0ms) [Parameters=[@__mapId_0='?' (DbType = Int32)], CommandType='Text', CommandTimeout='30']
SELECT "t"."MapId", "t"."ActiveVersion", "t"."PendingVersion", "t"."State", "t"."UpdatedAt"
FROM "TaskTypeStationActiveBindingSets" AS "t"
WHERE "t"."MapId" = @__mapId_0
LIMIT 2
[14:28:05 INF] Executed DbCommand (0ms) [Parameters=[@__mapId_0='?' (DbType = Int32), @__version_1='?' (DbType = Int64)], CommandType='Text', CommandTimeout='30']
SELECT "t"."MapId", "t"."Version", "t"."CatalogRevision", "t"."ContentSha256", "t"."LoadedAt", "t"."RuleVersion", "t"."SnapshotId", "t"."Source"
FROM "TaskTypeStationBindingSetVersions" AS "t"
WHERE "t"."MapId" = @__mapId_0 AND "t"."Version" = @__version_1
LIMIT 2
[14:28:05 INF] Executed DbCommand (0ms) [Parameters=[@__mapId_0='?' (DbType = Int32), @__version_1='?' (DbType = Int64)], CommandType='Text', CommandTimeout='30']
SELECT "t"."TaskType"
FROM "TaskTypeStationRequirements" AS "t"
WHERE "t"."MapId" = @__mapId_0 AND "t"."Version" = @__version_1
[14:28:05 INF] Executed DbCommand (0ms) [Parameters=[@__mapId_0='?' (DbType = Int32), @__version_1='?' (DbType = Int64)], CommandType='Text', CommandTimeout='30']
SELECT "t"."MapId", "t"."Version", "t"."TaskType", "t"."SiteVerificationRef", "t"."StationName", "t"."StationRiotId"
FROM "TaskTypeStationBindings" AS "t"
WHERE "t"."MapId" = @__mapId_0 AND "t"."Version" = @__version_1
[14:28:05 INF] Executed DbCommand (0ms) [Parameters=[], CommandType='Text', CommandTimeout='30']
SELECT "j"."JourneyId", "j"."AgvId", "j"."AgvLifecycleGeneration", "j"."AreaEndAdmissionRevokedSince", "j"."BlockReasonCode", "j"."BlockReasonSince", "j"."CargoHoldingStartedAt", "j"."ChargingPolicyVersion", "j"."ConsumedSafetyResultMessageId", "j"."ConsumedSublotMessageId", "j"."CreatedAt", "j"."DemandId", "j"."DispatchGeneration", "j"."DispatchZone", "j"."ExpectedBasketCount", "j"."FullSlotPositionsJson", "j"."GateMovementLegId", "j"."GatePlanMessageId", "j"."GateStationId", "j"."GateStationRiotId", "j"."GateUpperId", "j"."GateVehicleBusinessMessageId", "j"."GateWorklistMessageId", "j"."LoadCommandMessageId", "j"."LoadSlotOperationAttemptId", "j"."LoadingClosedReason", "j"."LoadingPhaseState", "j"."MapId", "j"."MapIdentity", "j"."OperationSessionId", "j"."PickupMovementLegId", "j"."PickupStationId", "j"."PickupStationRiotId", "j"."PickupUpperId", "j"."PlanMessageId", "j"."PlanRevision", "j"."PreDepartureSafetyCheckId", "j"."PreDepartureSafetyCheckMessageId", "j"."PublishedBatteryState", "j"."RouteEvidenceId", "j"."Stage", "j"."StationDepartureWaitStartedAt", "j"."SublotRequestMessageId", "j"."TargetSlotsJson", "j"."UnloadCommandMessageId", "j"."UnloadSlotOperationAttemptId", "j"."UpdatedAt", "j"."VehicleBusinessMessageId", "j"."VehicleBusinessRevision", "j"."VehicleKey", "j"."Version", "j"."WaitingBatteryObservedAt", "j"."WaitingBatteryPercent", "j"."WaitingSince", "j"."WaitingWarnedAt", "j"."WorklistMessageId", "j"."WorklistRevision", "j"."YieldTriggeredAt", "j"."YieldTriggeredByVehicleKey"
FROM "JourneyRuntimes" AS "j"
WHERE "j"."Stage" NOT IN ('Completed', 'Blocked')
[14:28:05 INF] Start processing HTTP request GET http://127.0.0.1:48408/api/imap/v1/mapInfo/getALLMapInfoExcludeMapJson
[14:28:05 INF] Sending HTTP request GET http://127.0.0.1:48408/api/imap/v1/mapInfo/getALLMapInfoExcludeMapJson
[14:28:05 INF] Received HTTP response headers after 0.8065ms - 200
[14:28:05 INF] End processing HTTP request after 1.4693ms - 200
[14:28:05 INF] Executed DbCommand (0ms) [Parameters=[@__mapId_0='?' (DbType = Int32)], CommandType='Text', CommandTimeout='30']
SELECT "m"."MapId", "m"."AcceptedAt", "m"."AcceptedBy", "m"."EstablishedAt", "m"."Name", "m"."PendingName", "m"."PendingSince"
FROM "MapNameBaselines" AS "m"
WHERE "m"."MapId" = @__mapId_0
LIMIT 2
[14:28:05 INF] Start processing HTTP request GET http://127.0.0.1:48408/api/imap/v1/mapInfo/stations/25
[14:28:05 INF] Sending HTTP request GET http://127.0.0.1:48408/api/imap/v1/mapInfo/stations/25
[14:28:05 INF] Received HTTP response headers after 0.9836ms - 200
[14:28:05 INF] End processing HTTP request after 1.5466ms - 200
[14:28:05 INF] Executed DbCommand (0ms) [Parameters=[@__mapId_0='?' (DbType = Int32)], CommandType='Text', CommandTimeout='30']
SELECT "t"."MapId", "t"."ActiveVersion", "t"."PendingVersion", "t"."State", "t"."UpdatedAt"
FROM "TaskTypeStationActiveBindingSets" AS "t"
WHERE "t"."MapId" = @__mapId_0
LIMIT 2
[14:28:05 INF] Executed DbCommand (0ms) [Parameters=[@__mapId_0='?' (DbType = Int32), @__version_1='?' (DbType = Int64)], CommandType='Text', CommandTimeout='30']
SELECT "t"."MapId", "t"."Version", "t"."CatalogRevision", "t"."ContentSha256", "t"."LoadedAt", "t"."RuleVersion", "t"."SnapshotId", "t"."Source"
FROM "TaskTypeStationBindingSetVersions" AS "t"
WHERE "t"."MapId" = @__mapId_0 AND "t"."Version" = @__version_1
LIMIT 2
[14:28:05 INF] Executed DbCommand (0ms) [Parameters=[@__mapId_0='?' (DbType = Int32), @__version_1='?' (DbType = Int64)], CommandType='Text', CommandTimeout='30']
SELECT "t"."TaskType"
FROM "TaskTypeStationRequirements" AS "t"
WHERE "t"."MapId" = @__mapId_0 AND "t"."Version" = @__version_1
[14:28:05 INF] Executed DbCommand (0ms) [Parameters=[@__mapId_0='?' (DbType = Int32), @__version_1='?' (DbType = Int64)], CommandType='Text', CommandTimeout='30']
SELECT "t"."MapId", "t"."Version", "t"."TaskType", "t"."SiteVerificationRef", "t"."StationName", "t"."StationRiotId"
FROM "TaskTypeStationBindings" AS "t"
WHERE "t"."MapId" = @__mapId_0 AND "t"."Version" = @__version_1
[14:28:05 INF] Executed DbCommand (0ms) [Parameters=[@__version_0='?' (DbType = Int64)], CommandType='Text', CommandTimeout='30']
SELECT "t"."Version", "t"."ContentSha256", "t"."LoadedAt", "t"."SnapshotId", "t"."Source"
FROM "TaskTypeStationRuleVersions" AS "t"
WHERE "t"."Version" = @__version_0
LIMIT 2
[14:28:05 INF] Executed DbCommand (0ms) [Parameters=[@__version_0='?' (DbType = Int64)], CommandType='Text', CommandTimeout='30']
SELECT "t"."Version", "t"."TaskType", "t"."FixedEnd"
FROM "TaskTypeStationRules" AS "t"
WHERE "t"."Version" = @__version_0
[14:28:05 INF] Executed DbCommand (0ms) [Parameters=[@__mapId_0='?' (DbType = Int32)], CommandType='Text', CommandTimeout='30']
SELECT "t"."MapId", "t"."ActiveVersion", "t"."PendingVersion", "t"."State", "t"."UpdatedAt"
FROM "TaskTypeStationActiveBindingSets" AS "t"
WHERE "t"."MapId" = @__mapId_0
LIMIT 2
[14:28:05 INF] Executed DbCommand (0ms) [Parameters=[@__mapId_0='?' (DbType = Int32)], CommandType='Text', CommandTimeout='30']
SELECT "t"."HoldId", "t"."DetailJson", "t"."MapId", "t"."RaisedAt", "t"."RaisedBy", "t"."ReasonCode", "t"."ReleasedAt", "t"."ReleasedBy", "t"."Source", "t"."TaskType"
FROM "TaskTypeStationHolds" AS "t"
WHERE "t"."MapId" = @__mapId_0 AND "t"."ReleasedAt" IS NULL
[14:28:05 INF] Executed DbCommand (0ms) [Parameters=[@__mapId_0='?' (DbType = Int32)], CommandType='Text', CommandTimeout='30']
SELECT "m"."MapId", "m"."ApprovedMaxUnconfirmedSeconds", "m"."ApprovedSyncPeriodSeconds", "m"."CatalogRevision", "m"."LastAttemptAt", "m"."LastCompleteConfirmationAt", "m"."LastFailureReason", "m"."State", "m"."UpdatedAt"
FROM "MapStationCatalogStates" AS "m"
WHERE "m"."MapId" = @__mapId_0
LIMIT 2
[14:28:05 INF] Executed DbCommand (0ms) [Parameters=[@p3='?' (DbType = Int32), @p0='?' (DbType = DateTimeOffset), @p1='?' (DbType = DateTimeOffset), @p2='?' (DbType = DateTimeOffset)], CommandType='Text', CommandTimeout='30']
UPDATE "MapStationCatalogStates" SET "LastAttemptAt" = @p0, "LastCompleteConfirmationAt" = @p1, "UpdatedAt" = @p2
WHERE "MapId" = @p3
RETURNING 1;
[14:28:05 INF] Executed DbCommand (0ms) [Parameters=[@__mapId_0='?' (DbType = Int32)], CommandType='Text', CommandTimeout='30']
SELECT "t"."MapId", "t"."ActiveVersion", "t"."PendingVersion", "t"."State", "t"."UpdatedAt"
FROM "TaskTypeStationActiveBindingSets" AS "t"
WHERE "t"."MapId" = @__mapId_0
LIMIT 2
[14:28:05 INF] Executed DbCommand (0ms) [Parameters=[@__mapId_0='?' (DbType = Int32), @__version_1='?' (DbType = Int64)], CommandType='Text', CommandTimeout='30']
SELECT "t"."MapId", "t"."Version", "t"."CatalogRevision", "t"."ContentSha256", "t"."LoadedAt", "t"."RuleVersion", "t"."SnapshotId", "t"."Source"
FROM "TaskTypeStationBindingSetVersions" AS "t"
WHERE "t"."MapId" = @__mapId_0 AND "t"."Version" = @__version_1
LIMIT 2
[14:28:05 INF] Executed DbCommand (0ms) [Parameters=[@__mapId_0='?' (DbType = Int32), @__version_1='?' (DbType = Int64)], CommandType='Text', CommandTimeout='30']
SELECT "t"."TaskType"
FROM "TaskTypeStationRequirements" AS "t"
WHERE "t"."MapId" = @__mapId_0 AND "t"."Version" = @__version_1
[14:28:05 INF] Executed DbCommand (0ms) [Parameters=[@__mapId_0='?' (DbType = Int32), @__version_1='?' (DbType = Int64)], CommandType='Text', CommandTimeout='30']
SELECT "t"."MapId", "t"."Version", "t"."TaskType", "t"."SiteVerificationRef", "t"."StationName", "t"."StationRiotId"
FROM "TaskTypeStationBindings" AS "t"
WHERE "t"."MapId" = @__mapId_0 AND "t"."Version" = @__version_1
[14:28:05 INF] Executed DbCommand (0ms) [Parameters=[@__mapId_0='?' (DbType = Int32)], CommandType='Text', CommandTimeout='30']
SELECT "t"."MapId", "t"."ActiveVersion", "t"."PendingVersion", "t"."State", "t"."UpdatedAt"
FROM "TaskTypeStationActiveBindingSets" AS "t"
WHERE "t"."MapId" = @__mapId_0
LIMIT 2
[14:28:05 INF] Executed DbCommand (0ms) [Parameters=[@__mapId_0='?' (DbType = Int32), @__version_1='?' (DbType = Int64)], CommandType='Text', CommandTimeout='30']
SELECT "t"."MapId", "t"."Version", "t"."CatalogRevision", "t"."ContentSha256", "t"."LoadedAt", "t"."RuleVersion", "t"."SnapshotId", "t"."Source"
FROM "TaskTypeStationBindingSetVersions" AS "t"
WHERE "t"."MapId" = @__mapId_0 AND "t"."Version" = @__version_1
LIMIT 2
[14:28:05 INF] Executed DbCommand (0ms) [Parameters=[@__mapId_0='?' (DbType = Int32), @__version_1='?' (DbType = Int64)], CommandType='Text', CommandTimeout='30']
SELECT "t"."TaskType"
FROM "TaskTypeStationRequirements" AS "t"
WHERE "t"."MapId" = @__mapId_0 AND "t"."Version" = @__version_1
[14:28:05 INF] Executed DbCommand (0ms) [Parameters=[@__mapId_0='?' (DbType = Int32), @__version_1='?' (DbType = Int64)], CommandType='Text', CommandTimeout='30']
SELECT "t"."MapId", "t"."Version", "t"."TaskType", "t"."SiteVerificationRef", "t"."StationName", "t"."StationRiotId"
FROM "TaskTypeStationBindings" AS "t"
WHERE "t"."MapId" = @__mapId_0 AND "t"."Version" = @__version_1
[14:28:05 INF] Executed DbCommand (0ms) [Parameters=[@__version_0='?' (DbType = Int64)], CommandType='Text', CommandTimeout='30']
SELECT "t"."Version", "t"."ContentSha256", "t"."LoadedAt", "t"."SnapshotId", "t"."Source"
FROM "TaskTypeStationRuleVersions" AS "t"
WHERE "t"."Version" = @__version_0
LIMIT 2
[14:28:05 INF] Executed DbCommand (0ms) [Parameters=[@__version_0='?' (DbType = Int64)], CommandType='Text', CommandTimeout='30']
SELECT "t"."Version", "t"."TaskType", "t"."FixedEnd"
FROM "TaskTypeStationRules" AS "t"
WHERE "t"."Version" = @__version_0
[14:28:05 INF] Executed DbCommand (0ms) [Parameters=[], CommandType='Text', CommandTimeout='30']
SELECT "a"."Id", "a"."ContentHash", "a"."DeploymentId", "a"."ImportedAt", "a"."Version"
FROM "AdmissionPolicyState" AS "a"
WHERE "a"."Id" = 1
LIMIT 2
[14:28:05 INF] Executed DbCommand (0ms) [Parameters=[], CommandType='Text', CommandTimeout='30']
SELECT "v"."VehicleKey", "v"."ClaimedAt", "v"."JourneyId", "v"."Purpose"
FROM "VehiclePurposeClaims" AS "v"
WHERE "v"."Purpose" = 'IDLE_RETURN'
[14:28:05 INF] Executed DbCommand (0ms) [Parameters=[], CommandType='Text', CommandTimeout='30']
SELECT "j"."JourneyId", "j"."AgvId", "j"."AgvLifecycleGeneration", "j"."AreaEndAdmissionRevokedSince", "j"."BlockReasonCode", "j"."BlockReasonSince", "j"."CargoHoldingStartedAt", "j"."ChargingPolicyVersion", "j"."ConsumedSafetyResultMessageId", "j"."ConsumedSublotMessageId", "j"."CreatedAt", "j"."DemandId", "j"."DispatchGeneration", "j"."DispatchZone", "j"."ExpectedBasketCount", "j"."FullSlotPositionsJson", "j"."GateMovementLegId", "j"."GatePlanMessageId", "j"."GateStationId", "j"."GateStationRiotId", "j"."GateUpperId", "j"."GateVehicleBusinessMessageId", "j"."GateWorklistMessageId", "j"."LoadCommandMessageId", "j"."LoadSlotOperationAttemptId", "j"."LoadingClosedReason", "j"."LoadingPhaseState", "j"."MapId", "j"."MapIdentity", "j"."OperationSessionId", "j"."PickupMovementLegId", "j"."PickupStationId", "j"."PickupStationRiotId", "j"."PickupUpperId", "j"."PlanMessageId", "j"."PlanRevision", "j"."PreDepartureSafetyCheckId", "j"."PreDepartureSafetyCheckMessageId", "j"."PublishedBatteryState", "j"."RouteEvidenceId", "j"."Stage", "j"."StationDepartureWaitStartedAt", "j"."SublotRequestMessageId", "j"."TargetSlotsJson", "j"."UnloadCommandMessageId", "j"."UnloadSlotOperationAttemptId", "j"."UpdatedAt", "j"."VehicleBusinessMessageId", "j"."VehicleBusinessRevision", "j"."VehicleKey", "j"."Version", "j"."WaitingBatteryObservedAt", "j"."WaitingBatteryPercent", "j"."WaitingSince", "j"."WaitingWarnedAt", "j"."WorklistMessageId", "j"."WorklistRevision", "j"."YieldTriggeredAt", "j"."YieldTriggeredByVehicleKey"
FROM "JourneyRuntimes" AS "j"
WHERE "j"."Stage" <> 'Completed'
[14:28:05 INF] Executed DbCommand (0ms) [Parameters=[@__holding_0='?' (Size = 129)], CommandType='Text', CommandTimeout='30']
SELECT "f"."AgvId"
FROM "ForeignRiotOrders" AS "f"
WHERE "f"."State" IN (
    SELECT "h"."value"
    FROM json_each(@__holding_0) AS "h"
)
[14:28:05 INF] Start processing HTTP request GET http://127.0.0.1:48408/api/task/v1/task/getVehicleInfo/BROKERX-L2-0001
[14:28:05 INF] Executed DbCommand (0ms) [Parameters=[], CommandType='Text', CommandTimeout='30']
SELECT "a"."DemandId"
FROM "AcceptedDemands" AS "a"
WHERE "a"."Status" NOT IN ('Succeeded', 'Cancelled') AND NOT EXISTS (
    SELECT 1
    FROM "AcceptedDemands" AS "a0"
    WHERE "a0"."Status" NOT IN ('Succeeded', 'Cancelled') AND NOT EXISTS (
        SELECT 1
        FROM "JourneyDemands" AS "j"
        WHERE "j"."DemandId" = "a0"."DemandId" AND "j"."RemovedAt" IS NULL) AND EXISTS (
        SELECT 1
        FROM "JourneyDemands" AS "j0"
        WHERE "j0"."DemandId" = "a0"."DemandId" AND "j0"."RemovedAt" IS NOT NULL AND "j0"."RemovalReason" = 'RELEASED_FOR_REDISPATCH' AND NOT EXISTS (
            SELECT 1
            FROM "JourneyDemands" AS "j1"
            WHERE "j1"."DemandId" = "a0"."DemandId" AND "j1"."DispatchGeneration" > "j0"."DispatchGeneration")) AND "a0"."DemandId" = "a"."DemandId")
[14:28:05 INF] Sending HTTP request GET http://127.0.0.1:48408/api/task/v1/task/getVehicleInfo/BROKERX-L2-0001
[14:28:05 INF] Executed DbCommand (0ms) [Parameters=[], CommandType='Text', CommandTimeout='30']
SELECT "j"."DemandId"
FROM "JourneyDemands" AS "j"
WHERE "j"."RemovedAt" IS NULL
[14:28:05 INF] Start processing HTTP request GET http://127.0.0.1:48409/api/v2/contract
[14:28:05 INF] Sending HTTP request GET http://127.0.0.1:48409/api/v2/contract
[14:28:05 INF] Received HTTP response headers after 0.9515ms - 200
[14:28:05 INF] End processing HTTP request after 1.8574ms - 200
[14:28:05 INF] Start processing HTTP request GET http://127.0.0.1:48409/api/v2/externally-readable-demand-catalog
[14:28:05 INF] Sending HTTP request GET http://127.0.0.1:48409/api/v2/externally-readable-demand-catalog
[14:28:05 INF] Received HTTP response headers after 0.7159ms - 200
[14:28:05 INF] End processing HTTP request after 1.4241ms - 200
[14:28:05 INF] Executed DbCommand (0ms) [Parameters=[], CommandType='Text', CommandTimeout='30']
SELECT "j"."DemandId", "j"."AcceptedAt", "j"."DecisionFingerprint", "j"."DemandCreatedAt", "j"."FirstSeenAt", "j"."LastSeenAt", "j"."ReasonCode", "j"."StarvationEscalatedAt", "j"."StarvationEscalationParameterVersion", "j"."TransportDemandKey"
FROM "JourneyBacklog" AS "j"
[14:28:05 INF] Executed DbCommand (0ms) [Parameters=[], CommandType='Text', CommandTimeout='30']
SELECT "a"."DemandId"
FROM "AcceptedDemands" AS "a"
WHERE NOT EXISTS (
    SELECT 1
    FROM "AcceptedDemands" AS "a0"
    WHERE "a0"."Status" NOT IN ('Succeeded', 'Cancelled') AND NOT EXISTS (
        SELECT 1
        FROM "JourneyDemands" AS "j"
        WHERE "j"."DemandId" = "a0"."DemandId" AND "j"."RemovedAt" IS NULL) AND EXISTS (
        SELECT 1
        FROM "JourneyDemands" AS "j0"
        WHERE "j0"."DemandId" = "a0"."DemandId" AND "j0"."RemovedAt" IS NOT NULL AND "j0"."RemovalReason" = 'RELEASED_FOR_REDISPATCH' AND NOT EXISTS (
            SELECT 1
            FROM "JourneyDemands" AS "j1"
            WHERE "j1"."DemandId" = "a0"."DemandId" AND "j1"."DispatchGeneration" > "j0"."DispatchGeneration")) AND "a0"."DemandId" = "a"."DemandId")
[14:28:05 INF] Executed DbCommand (0ms) [Parameters=[], CommandType='Text', CommandTimeout='30']
SELECT "j"."DemandId", MAX("j"."DispatchGeneration") AS "Generation"
FROM "JourneyDemands" AS "j"
WHERE EXISTS (
    SELECT 1
    FROM "AcceptedDemands" AS "a"
    WHERE "a"."Status" NOT IN ('Succeeded', 'Cancelled') AND NOT EXISTS (
        SELECT 1
        FROM "JourneyDemands" AS "j0"
        WHERE "j0"."DemandId" = "a"."DemandId" AND "j0"."RemovedAt" IS NULL) AND EXISTS (
        SELECT 1
        FROM "JourneyDemands" AS "j1"
        WHERE "j1"."DemandId" = "a"."DemandId" AND "j1"."RemovedAt" IS NOT NULL AND "j1"."RemovalReason" = 'RELEASED_FOR_REDISPATCH' AND NOT EXISTS (
            SELECT 1
            FROM "JourneyDemands" AS "j2"
            WHERE "j2"."DemandId" = "a"."DemandId" AND "j2"."DispatchGeneration" > "j1"."DispatchGeneration")) AND "a"."DemandId" = "j"."DemandId")
GROUP BY "j"."DemandId"
[14:28:05 INF] Received HTTP response headers after 7.7653ms - 200
[14:28:05 INF] End processing HTTP request after 10.4277ms - 200
[14:28:05 INF] Executed DbCommand (0ms) [Parameters=[], CommandType='Text', CommandTimeout='30']
SELECT "v"."AgvId", "v"."TaskType", "v"."Allowed", "v"."ConfigurationVersion", "v"."UpdatedAt"
FROM "VehicleTaskTypeAdmissions" AS "v"
[14:28:05 INF] Executed DbCommand (0ms) [Parameters=[], CommandType='Text', CommandTimeout='30']
SELECT "v"."AgvId", "v"."ConfigurationVersion", "v"."RoundTimeoutMilliseconds", "v"."UpdatedAt"
FROM "VehicleDispatchBudgets" AS "v"
[14:28:05 INF] Executed DbCommand (0ms) [Parameters=[], CommandType='Text', CommandTimeout='30']
SELECT "d"."Zone", "d"."AgvId", "d"."ConfigurationVersion", "d"."UpdatedAt"
FROM "DispatchZoneVehicles" AS "d"
[14:28:05 INF] Executed DbCommand (0ms) [Parameters=[], CommandType='Text', CommandTimeout='30']
SELECT MAX("d"."Version")
FROM "DispatchZoneAreaAssignmentVersions" AS "d"
[14:28:05 INF] Executed DbCommand (0ms) [Parameters=[], CommandType='Text', CommandTimeout='30']
SELECT MAX("d"."Version")
FROM "DispatchZoneParameterVersions" AS "d"
[14:28:05 INF] Executed DbCommand (0ms) [Parameters=[], CommandType='Text', CommandTimeout='30']
SELECT "j"."AgvId", "j"."CreatedAt"
FROM "JourneyRuntimes" AS "j"
WHERE "j"."JourneyId" NOT LIKE 'idle-return:%' AND "j"."JourneyId" NOT LIKE 'charging:%'
[14:28:05 INF] Executed DbCommand (0ms) [Parameters=[@__agvId_0='?' (Size = 10)], CommandType='Text', CommandTimeout='30']
SELECT "a"."SlotModelVersionId", "a"."SnapshotId"
FROM "ActiveSlotConfigurations" AS "a"
WHERE "a"."AgvId" = @__agvId_0
LIMIT 2
[14:28:05 INF] Executed DbCommand (0ms) [Parameters=[@__agvId_0='?' (Size = 10)], CommandType='Text', CommandTimeout='30']
SELECT "s"."SlotModelVersionId", "s"."CreatedAt"
FROM "SlotIoBindings" AS "s"
WHERE "s"."AgvId" = @__agvId_0 AND "s"."Status" = 'PUBLISHED'
[14:28:05 INF] Executed DbCommand (0ms) [Parameters=[@__agvId_0='?' (Size = 10)], CommandType='Text', CommandTimeout='30']
SELECT "s"."AgvId", "s"."ActiveUnlockSlotsJson", "s"."CapabilityHash", "s"."CapabilityRevision", "s"."DepartureSafe", "s"."ForcedRecoveryGeneration", "s"."ManifestSha256", "s"."PendingAttemptIdsJson", "s"."PendingResultIdsJson", "s"."ProfileId", "s"."ProtocolCommit", "s"."ProtocolVersion", "s"."ProvenRecoveryCheckpoint", "s"."Readiness", "s"."ReasonCode", "s"."RecoveryReportId", "s"."ReportedForcedRecoveryGeneration", "s"."ReportedSlotConfigurationFingerprint", "s"."SafetyHash", "s"."SafetyReasonCodesJson", "s"."SafetyRevision", "s"."SafetyUnknownPresent", "s"."SessionGeneration", "s"."UnsettledSlotOperationAttemptId", "s"."UpdatedAt"
FROM "SessionRecoveries" AS "s"
WHERE "s"."AgvId" = @__agvId_0 AND "s"."Readiness" = 'Ready'
LIMIT 2
[14:28:05 INF] Start processing HTTP request GET http://127.0.0.1:48408/api/task/vehicles/getVehicleInfoByDeviceKey?key=BROKERX-L2-0001
[14:28:05 INF] Sending HTTP request GET http://127.0.0.1:48408/api/task/vehicles/getVehicleInfoByDeviceKey?key=BROKERX-L2-0001
[14:28:05 INF] Received HTTP response headers after 0.9337ms - 200
[14:28:05 INF] End processing HTTP request after 1.6766ms - 200
[14:28:05 INF] Executed DbCommand (0ms) [Parameters=[], CommandType='Text', CommandTimeout='30']
SELECT "c"."ActivationId", "c"."ActivatedAt", "c"."ActivatedBy", "c"."Sequence", "c"."Version"
FROM "ChargingPolicyActivations" AS "c"
ORDER BY "c"."Sequence" DESC
LIMIT 1
[14:28:05 INF] Executed DbCommand (0ms) [Parameters=[], CommandType='Text', CommandTimeout='30']
SELECT "s"."MapId", "s"."StationId", "s"."ChargerRosterVersion", "s"."JourneyId", "s"."RecordId", "s"."State", "s"."StateSince", "s"."StationKind", "s"."VehicleKey", "s"."WaitingPointVersion"
FROM "StationExclusivities" AS "s"
WHERE "s"."StationKind" = 'CHARGER'
[14:28:05 INF] Executed DbCommand (0ms) [Parameters=[@__vehicleKey_0='?' (Size = 15)], CommandType='Text', CommandTimeout='30']
SELECT "m"."VehicleKey", "m"."HoldId", "m"."Reason", "m"."Since", "m"."WarnedAt"
FROM "ManualChargingHolds" AS "m"
WHERE "m"."VehicleKey" = @__vehicleKey_0
LIMIT 2
[14:28:05 INF] Executed DbCommand (0ms) [Parameters=[@__vehicle_VehicleKey_0='?' (Size = 15)], CommandType='Text', CommandTimeout='30']
SELECT "m"."HoldId", "m"."ReleasedAt"
FROM "ManualChargingHoldRecords" AS "m"
WHERE "m"."VehicleKey" = @__vehicle_VehicleKey_0 AND "m"."ReleasedAt" IS NOT NULL
[14:28:05 INF] Executed DbCommand (0ms) [Parameters=[], CommandType='Text', CommandTimeout='30']
SELECT "s"."DemandId"
FROM "StructuralDispatchBlocks" AS "s"
WHERE "s"."ClearedAt" IS NULL
[14:28:05 INF] Executed DbCommand (0ms) [Parameters=[], CommandType='Text', CommandTimeout='30']
SELECT "s"."DemandId", "s"."ReasonCode", "s"."ClearedAt", "s"."DetailJson", "s"."FirstRaisedAt", "s"."LastSeenAt", "s"."TransportDemandKey"
FROM "StructuralDispatchBlocks" AS "s"
WHERE "s"."ClearedAt" IS NULL
[14:28:05 INF] Executed DbCommand (0ms) [Parameters=[], CommandType='Text', CommandTimeout='30']
SELECT "j"."JourneyId", "j"."AgvId", "j"."AgvLifecycleGeneration", "j"."AreaEndAdmissionRevokedSince", "j"."BlockReasonCode", "j"."BlockReasonSince", "j"."CargoHoldingStartedAt", "j"."ChargingPolicyVersion", "j"."ConsumedSafetyResultMessageId", "j"."ConsumedSublotMessageId", "j"."CreatedAt", "j"."DemandId", "j"."DispatchGeneration", "j"."DispatchZone", "j"."ExpectedBasketCount", "j"."FullSlotPositionsJson", "j"."GateMovementLegId", "j"."GatePlanMessageId", "j"."GateStationId", "j"."GateStationRiotId", "j"."GateUpperId", "j"."GateVehicleBusinessMessageId", "j"."GateWorklistMessageId", "j"."LoadCommandMessageId", "j"."LoadSlotOperationAttemptId", "j"."LoadingClosedReason", "j"."LoadingPhaseState", "j"."MapId", "j"."MapIdentity", "j"."OperationSessionId", "j"."PickupMovementLegId", "j"."PickupStationId", "j"."PickupStationRiotId", "j"."PickupUpperId", "j"."PlanMessageId", "j"."PlanRevision", "j"."PreDepartureSafetyCheckId", "j"."PreDepartureSafetyCheckMessageId", "j"."PublishedBatteryState", "j"."RouteEvidenceId", "j"."Stage", "j"."StationDepartureWaitStartedAt", "j"."SublotRequestMessageId", "j"."TargetSlotsJson", "j"."UnloadCommandMessageId", "j"."UnloadSlotOperationAttemptId", "j"."UpdatedAt", "j"."VehicleBusinessMessageId", "j"."VehicleBusinessRevision", "j"."VehicleKey", "j"."Version", "j"."WaitingBatteryObservedAt", "j"."WaitingBatteryPercent", "j"."WaitingSince", "j"."WaitingWarnedAt", "j"."WorklistMessageId", "j"."WorklistRevision", "j"."YieldTriggeredAt", "j"."YieldTriggeredByVehicleKey"
FROM "JourneyRuntimes" AS "j"
WHERE "j"."Stage" <> 'Completed'
[14:28:05 INF] Executed DbCommand (0ms) [Parameters=[], CommandType='Text', CommandTimeout='30']
SELECT "v"."AgvId", "v"."TaskType", "v"."Allowed", "v"."ConfigurationVersion", "v"."UpdatedAt"
FROM "VehicleTaskTypeAdmissions" AS "v"
[14:28:05 INF] Start processing HTTP request GET http://127.0.0.1:48408/api/order/v1/orderRecord?pageNum=1&pageSize=100&filterByState=1&filterByState=3&filterByState=7&filterByState=8&filterByState=9&filterByState=10
[14:28:05 INF] Executed DbCommand (0ms) [Parameters=[], CommandType='Text', CommandTimeout='30']
SELECT "v"."AgvId", "v"."ConfigurationVersion", "v"."RoundTimeoutMilliseconds", "v"."UpdatedAt"
FROM "VehicleDispatchBudgets" AS "v"
[14:28:05 INF] Sending HTTP request GET http://127.0.0.1:48408/api/order/v1/orderRecord?pageNum=1&pageSize=100&filterByState=1&filterByState=3&filterByState=7&filterByState=8&filterByState=9&filterByState=10
[14:28:05 INF] Executed DbCommand (0ms) [Parameters=[], CommandType='Text', CommandTimeout='30']
SELECT "d"."Zone", "d"."AgvId", "d"."ConfigurationVersion", "d"."UpdatedAt"
FROM "DispatchZoneVehicles" AS "d"
[14:28:05 INF] Executed DbCommand (0ms) [Parameters=[], CommandType='Text', CommandTimeout='30']
SELECT "j"."JourneyId", "j"."AgvId", "j"."AgvLifecycleGeneration", "j"."AreaEndAdmissionRevokedSince", "j"."BlockReasonCode", "j"."BlockReasonSince", "j"."CargoHoldingStartedAt", "j"."ChargingPolicyVersion", "j"."ConsumedSafetyResultMessageId", "j"."ConsumedSublotMessageId", "j"."CreatedAt", "j"."DemandId", "j"."DispatchGeneration", "j"."DispatchZone", "j"."ExpectedBasketCount", "j"."FullSlotPositionsJson", "j"."GateMovementLegId", "j"."GatePlanMessageId", "j"."GateStationId", "j"."GateStationRiotId", "j"."GateUpperId", "j"."GateVehicleBusinessMessageId", "j"."GateWorklistMessageId", "j"."LoadCommandMessageId", "j"."LoadSlotOperationAttemptId", "j"."LoadingClosedReason", "j"."LoadingPhaseState", "j"."MapId", "j"."MapIdentity", "j"."OperationSessionId", "j"."PickupMovementLegId", "j"."PickupStationId", "j"."PickupStationRiotId", "j"."PickupUpperId", "j"."PlanMessageId", "j"."PlanRevision", "j"."PreDepartureSafetyCheckId", "j"."PreDepartureSafetyCheckMessageId", "j"."PublishedBatteryState", "j"."RouteEvidenceId", "j"."Stage", "j"."StationDepartureWaitStartedAt", "j"."SublotRequestMessageId", "j"."TargetSlotsJson", "j"."UnloadCommandMessageId", "j"."UnloadSlotOperationAttemptId", "j"."UpdatedAt", "j"."VehicleBusinessMessageId", "j"."VehicleBusinessRevision", "j"."VehicleKey", "j"."Version", "j"."WaitingBatteryObservedAt", "j"."WaitingBatteryPercent", "j"."WaitingSince", "j"."WaitingWarnedAt", "j"."WorklistMessageId", "j"."WorklistRevision", "j"."YieldTriggeredAt", "j"."YieldTriggeredByVehicleKey"
FROM "JourneyRuntimes" AS "j"
WHERE "j"."Stage" <> 'Completed'
[14:28:05 INF] Received HTTP response headers after 1.1939ms - 200
[14:28:05 INF] End processing HTTP request after 3.4082ms - 200
[14:28:05 INF] HTTP GET /api/onboard/v1/vehicle-safety responded 200 in 44.0309 ms
[14:28:06 INF] Executed DbCommand (0ms) [Parameters=[@__messageId_0='?' (Size = 36)], CommandType='Text', CommandTimeout='30']
SELECT "p"."MessageId", "p"."ContentHash", "p"."FirstResponseJson", "p"."MessageType", "p"."ReceivedAt", "p"."RequestJson"
FROM "ProtocolInbox" AS "p"
WHERE "p"."MessageId" = @__messageId_0
LIMIT 2
[14:28:06 INF] Executed DbCommand (0ms) [Parameters=[@__agvId_0='?' (Size = 10)], CommandType='Text', CommandTimeout='30']
SELECT "s"."SessionGeneration"
FROM "SessionRecoveries" AS "s"
WHERE "s"."AgvId" = @__agvId_0
LIMIT 2
[14:28:06 INF] Executed DbCommand (0ms) [Parameters=[@__identity_AgvId_0='?' (Size = 10)], CommandType='Text', CommandTimeout='30']
SELECT "s"."AgvId", "s"."ActiveUnlockSlotsJson", "s"."CapabilityHash", "s"."CapabilityRevision", "s"."DepartureSafe", "s"."ForcedRecoveryGeneration", "s"."ManifestSha256", "s"."PendingAttemptIdsJson", "s"."PendingResultIdsJson", "s"."ProfileId", "s"."ProtocolCommit", "s"."ProtocolVersion", "s"."ProvenRecoveryCheckpoint", "s"."Readiness", "s"."ReasonCode", "s"."RecoveryReportId", "s"."ReportedForcedRecoveryGeneration", "s"."ReportedSlotConfigurationFingerprint", "s"."SafetyHash", "s"."SafetyReasonCodesJson", "s"."SafetyRevision", "s"."SafetyUnknownPresent", "s"."SessionGeneration", "s"."UnsettledSlotOperationAttemptId", "s"."UpdatedAt"
FROM "SessionRecoveries" AS "s"
WHERE "s"."AgvId" = @__identity_AgvId_0
LIMIT 2
[14:28:06 INF] Executed DbCommand (17ms) [Parameters=[], CommandType='Text', CommandTimeout='30']
SELECT "a"."AgvId"
FROM "AgvLifecycles" AS "a"
WHERE "a"."Archived"
[14:28:06 INF] Start processing HTTP request GET http://127.0.0.1:48408/api/order/v1/orderRecord?pageNum=1&pageSize=100&filterByState=1&filterByState=3&filterByState=7&filterByState=8&filterByState=9&filterByState=10
[14:28:06 INF] Sending HTTP request GET http://127.0.0.1:48408/api/order/v1/orderRecord?pageNum=1&pageSize=100&filterByState=1&filterByState=3&filterByState=7&filterByState=8&filterByState=9&filterByState=10
[14:28:06 INF] Received HTTP response headers after 1.0169ms - 200
[14:28:06 INF] End processing HTTP request after 1.8824ms - 200
[14:28:06 INF] Executed DbCommand (0ms) [Parameters=[@__listedIds_0='?' (Size = 2)], CommandType='Text', CommandTimeout='30']
SELECT "f"."RiotOrderId", "f"."AgvId", "f"."CancelCallDisposition", "f"."CancelCommandAuditId", "f"."CancelDecidedAt", "f"."CancelResult", "f"."CancelResultAt", "f"."CancelSentAt", "f"."DetectedAt", "f"."DeviceKey", "f"."EndedAt", "f"."EndedOrderState", "f"."LastSeenRunningAt", "f"."OrderStateAtDetection", "f"."Ownership", "f"."OwnershipBasis", "f"."State", "f"."UpdatedAt", "f"."UpperId"
FROM "ForeignRiotOrders" AS "f"
WHERE "f"."State" <> 'ENDED' OR "f"."RiotOrderId" IN (
    SELECT "l"."value"
    FROM json_each(@__listedIds_0) AS "l"
)
[14:28:06 INF] Executed DbCommand (0ms) [Parameters=[], CommandType='Text', CommandTimeout='30']
SELECT "s"."MapId", "s"."StationId", "s"."ChargerRosterVersion", "s"."JourneyId", "s"."RecordId", "s"."State", "s"."StateSince", "s"."StationKind", "s"."VehicleKey", "s"."WaitingPointVersion"
FROM "StationExclusivities" AS "s"
WHERE "s"."StationKind" IN ('FIXED_TASK_STATION', 'WAITING_POINT')
[14:28:06 INF] Executed DbCommand (0ms) [Parameters=[@__mapId_0='?' (DbType = Int32)], CommandType='Text', CommandTimeout='30']
SELECT "t"."MapId", "t"."ActiveVersion", "t"."PendingVersion", "t"."State", "t"."UpdatedAt"
FROM "TaskTypeStationActiveBindingSets" AS "t"
WHERE "t"."MapId" = @__mapId_0
LIMIT 2
[14:28:06 INF] Executed DbCommand (0ms) [Parameters=[@__mapId_0='?' (DbType = Int32), @__version_1='?' (DbType = Int64)], CommandType='Text', CommandTimeout='30']
SELECT "t"."MapId", "t"."Version", "t"."CatalogRevision", "t"."ContentSha256", "t"."LoadedAt", "t"."RuleVersion", "t"."SnapshotId", "t"."Source"
FROM "TaskTypeStationBindingSetVersions" AS "t"
WHERE "t"."MapId" = @__mapId_0 AND "t"."Version" = @__version_1
LIMIT 2
[14:28:06 INF] Executed DbCommand (0ms) [Parameters=[@__mapId_0='?' (DbType = Int32), @__version_1='?' (DbType = Int64)], CommandType='Text', CommandTimeout='30']
SELECT "t"."TaskType"
FROM "TaskTypeStationRequirements" AS "t"
WHERE "t"."MapId" = @__mapId_0 AND "t"."Version" = @__version_1
[14:28:06 INF] Executed DbCommand (0ms) [Parameters=[@__mapId_0='?' (DbType = Int32), @__version_1='?' (DbType = Int64)], CommandType='Text', CommandTimeout='30']
SELECT "t"."MapId", "t"."Version", "t"."TaskType", "t"."SiteVerificationRef", "t"."StationName", "t"."StationRiotId"
FROM "TaskTypeStationBindings" AS "t"
WHERE "t"."MapId" = @__mapId_0 AND "t"."Version" = @__version_1
[14:28:06 INF] Executed DbCommand (0ms) [Parameters=[], CommandType='Text', CommandTimeout='30']
SELECT "j"."JourneyId", "j"."AgvId", "j"."AgvLifecycleGeneration", "j"."AreaEndAdmissionRevokedSince", "j"."BlockReasonCode", "j"."BlockReasonSince", "j"."CargoHoldingStartedAt", "j"."ChargingPolicyVersion", "j"."ConsumedSafetyResultMessageId", "j"."ConsumedSublotMessageId", "j"."CreatedAt", "j"."DemandId", "j"."DispatchGeneration", "j"."DispatchZone", "j"."ExpectedBasketCount", "j"."FullSlotPositionsJson", "j"."GateMovementLegId", "j"."GatePlanMessageId", "j"."GateStationId", "j"."GateStationRiotId", "j"."GateUpperId", "j"."GateVehicleBusinessMessageId", "j"."GateWorklistMessageId", "j"."LoadCommandMessageId", "j"."LoadSlotOperationAttemptId", "j"."LoadingClosedReason", "j"."LoadingPhaseState", "j"."MapId", "j"."MapIdentity", "j"."OperationSessionId", "j"."PickupMovementLegId", "j"."PickupStationId", "j"."PickupStationRiotId", "j"."PickupUpperId", "j"."PlanMessageId", "j"."PlanRevision", "j"."PreDepartureSafetyCheckId", "j"."PreDepartureSafetyCheckMessageId", "j"."PublishedBatteryState", "j"."RouteEvidenceId", "j"."Stage", "j"."StationDepartureWaitStartedAt", "j"."SublotRequestMessageId", "j"."TargetSlotsJson", "j"."UnloadCommandMessageId", "j"."UnloadSlotOperationAttemptId", "j"."UpdatedAt", "j"."VehicleBusinessMessageId", "j"."VehicleBusinessRevision", "j"."VehicleKey", "j"."Version", "j"."WaitingBatteryObservedAt", "j"."WaitingBatteryPercent", "j"."WaitingSince", "j"."WaitingWarnedAt", "j"."WorklistMessageId", "j"."WorklistRevision", "j"."YieldTriggeredAt", "j"."YieldTriggeredByVehicleKey"
FROM "JourneyRuntimes" AS "j"
WHERE "j"."Stage" NOT IN ('Completed', 'Blocked')
[14:28:06 INF] Start processing HTTP request GET http://127.0.0.1:48408/api/imap/v1/mapInfo/getALLMapInfoExcludeMapJson
[14:28:06 INF] Sending HTTP request GET http://127.0.0.1:48408/api/imap/v1/mapInfo/getALLMapInfoExcludeMapJson
[14:28:06 INF] Received HTTP response headers after 0.8196ms - 200
[14:28:06 INF] End processing HTTP request after 1.5901ms - 200
[14:28:06 INF] Executed DbCommand (0ms) [Parameters=[@__mapId_0='?' (DbType = Int32)], CommandType='Text', CommandTimeout='30']
SELECT "m"."MapId", "m"."AcceptedAt", "m"."AcceptedBy", "m"."EstablishedAt", "m"."Name", "m"."PendingName", "m"."PendingSince"
FROM "MapNameBaselines" AS "m"
WHERE "m"."MapId" = @__mapId_0
LIMIT 2
[14:28:06 INF] Start processing HTTP request GET http://127.0.0.1:48408/api/imap/v1/mapInfo/stations/25
[14:28:06 INF] Sending HTTP request GET http://127.0.0.1:48408/api/imap/v1/mapInfo/stations/25
[14:28:06 INF] Received HTTP response headers after 1.0495ms - 200
[14:28:06 INF] End processing HTTP request after 1.9455ms - 200
[14:28:06 INF] Executed DbCommand (0ms) [Parameters=[@__mapId_0='?' (DbType = Int32)], CommandType='Text', CommandTimeout='30']
SELECT "t"."MapId", "t"."ActiveVersion", "t"."PendingVersion", "t"."State", "t"."UpdatedAt"
FROM "TaskTypeStationActiveBindingSets" AS "t"
WHERE "t"."MapId" = @__mapId_0
LIMIT 2
[14:28:06 INF] Executed DbCommand (0ms) [Parameters=[@__mapId_0='?' (DbType = Int32), @__version_1='?' (DbType = Int64)], CommandType='Text', CommandTimeout='30']
SELECT "t"."MapId", "t"."Version", "t"."CatalogRevision", "t"."ContentSha256", "t"."LoadedAt", "t"."RuleVersion", "t"."SnapshotId", "t"."Source"
FROM "TaskTypeStationBindingSetVersions" AS "t"
WHERE "t"."MapId" = @__mapId_0 AND "t"."Version" = @__version_1
LIMIT 2
[14:28:06 INF] Executed DbCommand (0ms) [Parameters=[@__mapId_0='?' (DbType = Int32), @__version_1='?' (DbType = Int64)], CommandType='Text', CommandTimeout='30']
SELECT "t"."TaskType"
FROM "TaskTypeStationRequirements" AS "t"
WHERE "t"."MapId" = @__mapId_0 AND "t"."Version" = @__version_1
[14:28:06 INF] Executed DbCommand (0ms) [Parameters=[@__mapId_0='?' (DbType = Int32), @__version_1='?' (DbType = Int64)], CommandType='Text', CommandTimeout='30']
SELECT "t"."MapId", "t"."Version", "t"."TaskType", "t"."SiteVerificationRef", "t"."StationName", "t"."StationRiotId"
FROM "TaskTypeStationBindings" AS "t"
WHERE "t"."MapId" = @__mapId_0 AND "t"."Version" = @__version_1
[14:28:06 INF] Executed DbCommand (0ms) [Parameters=[@__version_0='?' (DbType = Int64)], CommandType='Text', CommandTimeout='30']
SELECT "t"."Version", "t"."ContentSha256", "t"."LoadedAt", "t"."SnapshotId", "t"."Source"
FROM "TaskTypeStationRuleVersions" AS "t"
WHERE "t"."Version" = @__version_0
LIMIT 2
[14:28:06 INF] Executed DbCommand (0ms) [Parameters=[@__version_0='?' (DbType = Int64)], CommandType='Text', CommandTimeout='30']
SELECT "t"."Version", "t"."TaskType", "t"."FixedEnd"
FROM "TaskTypeStationRules" AS "t"
WHERE "t"."Version" = @__version_0
[14:28:06 INF] Executed DbCommand (0ms) [Parameters=[@__mapId_0='?' (DbType = Int32)], CommandType='Text', CommandTimeout='30']
SELECT "t"."MapId", "t"."ActiveVersion", "t"."PendingVersion", "t"."State", "t"."UpdatedAt"
FROM "TaskTypeStationActiveBindingSets" AS "t"
WHERE "t"."MapId" = @__mapId_0
LIMIT 2
[14:28:06 INF] Executed DbCommand (0ms) [Parameters=[@__mapId_0='?' (DbType = Int32)], CommandType='Text', CommandTimeout='30']
SELECT "t"."HoldId", "t"."DetailJson", "t"."MapId", "t"."RaisedAt", "t"."RaisedBy", "t"."ReasonCode", "t"."ReleasedAt", "t"."ReleasedBy", "t"."Source", "t"."TaskType"
FROM "TaskTypeStationHolds" AS "t"
WHERE "t"."MapId" = @__mapId_0 AND "t"."ReleasedAt" IS NULL
[14:28:06 INF] Executed DbCommand (0ms) [Parameters=[@__mapId_0='?' (DbType = Int32)], CommandType='Text', CommandTimeout='30']
SELECT "m"."MapId", "m"."ApprovedMaxUnconfirmedSeconds", "m"."ApprovedSyncPeriodSeconds", "m"."CatalogRevision", "m"."LastAttemptAt", "m"."LastCompleteConfirmationAt", "m"."LastFailureReason", "m"."State", "m"."UpdatedAt"
FROM "MapStationCatalogStates" AS "m"
WHERE "m"."MapId" = @__mapId_0
LIMIT 2
[14:28:06 INF] Executed DbCommand (0ms) [Parameters=[@__identity_AgvId_0='?' (Size = 10)], CommandType='Text', CommandTimeout='30']
SELECT "j"."JourneyId", "j"."AgvId", "j"."AgvLifecycleGeneration", "j"."AreaEndAdmissionRevokedSince", "j"."BlockReasonCode", "j"."BlockReasonSince", "j"."CargoHoldingStartedAt", "j"."ChargingPolicyVersion", "j"."ConsumedSafetyResultMessageId", "j"."ConsumedSublotMessageId", "j"."CreatedAt", "j"."DemandId", "j"."DispatchGeneration", "j"."DispatchZone", "j"."ExpectedBasketCount", "j"."FullSlotPositionsJson", "j"."GateMovementLegId", "j"."GatePlanMessageId", "j"."GateStationId", "j"."GateStationRiotId", "j"."GateUpperId", "j"."GateVehicleBusinessMessageId", "j"."GateWorklistMessageId", "j"."LoadCommandMessageId", "j"."LoadSlotOperationAttemptId", "j"."LoadingClosedReason", "j"."LoadingPhaseState", "j"."MapId", "j"."MapIdentity", "j"."OperationSessionId", "j"."PickupMovementLegId", "j"."PickupStationId", "j"."PickupStationRiotId", "j"."PickupUpperId", "j"."PlanMessageId", "j"."PlanRevision", "j"."PreDepartureSafetyCheckId", "j"."PreDepartureSafetyCheckMessageId", "j"."PublishedBatteryState", "j"."RouteEvidenceId", "j"."Stage", "j"."StationDepartureWaitStartedAt", "j"."SublotRequestMessageId", "j"."TargetSlotsJson", "j"."UnloadCommandMessageId", "j"."UnloadSlotOperationAttemptId", "j"."UpdatedAt", "j"."VehicleBusinessMessageId", "j"."VehicleBusinessRevision", "j"."VehicleKey", "j"."Version", "j"."WaitingBatteryObservedAt", "j"."WaitingBatteryPercent", "j"."WaitingSince", "j"."WaitingWarnedAt", "j"."WorklistMessageId", "j"."WorklistRevision", "j"."YieldTriggeredAt", "j"."YieldTriggeredByVehicleKey"
FROM "JourneyRuntimes" AS "j"
WHERE "j"."AgvId" = @__identity_AgvId_0 AND "j"."StationDepartureWaitStartedAt" IS NOT NULL
[14:28:06 INF] Executed DbCommand (3ms) [Parameters=[], CommandType='Text', CommandTimeout='30']
SELECT EXISTS (
    SELECT 1
    FROM "SessionRecoveries" AS "s"
    WHERE "s"."Readiness" = 'Ready')
[14:28:06 ERR] HTTP GET /health/ready responded 503 in 10.1354 ms
[14:28:06 INF] Executed DbCommand (0ms) [Parameters=[@p0='?' (Size = 10), @p1='?' (Size = 2), @p2='?', @p3='?' (DbType = Int64), @p4='?' (DbType = Boolean), @p5='?' (DbType = Int64), @p6='?' (Size = 64), @p7='?' (Size = 2), @p8='?' (Size = 2), @p9='?' (Size = 16), @p10='?' (Size = 40), @p11='?' (DbType = Int32), @p12='?', @p13='?' (Size = 16), @p14='?' (Size = 20), @p15='?', @p16='?' (DbType = Int64), @p17='?', @p18='?', @p19='?', @p20='?' (DbType = Int64), @p21='?' (DbType = Boolean), @p22='?' (DbType = Int64), @p23='?', @p24='?' (DbType = DateTimeOffset)], CommandType='Text', CommandTimeout='30']
INSERT INTO "SessionRecoveries" ("AgvId", "ActiveUnlockSlotsJson", "CapabilityHash", "CapabilityRevision", "DepartureSafe", "ForcedRecoveryGeneration", "ManifestSha256", "PendingAttemptIdsJson", "PendingResultIdsJson", "ProfileId", "ProtocolCommit", "ProtocolVersion", "ProvenRecoveryCheckpoint", "Readiness", "ReasonCode", "RecoveryReportId", "ReportedForcedRecoveryGeneration", "ReportedSlotConfigurationFingerprint", "SafetyHash", "SafetyReasonCodesJson", "SafetyRevision", "SafetyUnknownPresent", "SessionGeneration", "UnsettledSlotOperationAttemptId", "UpdatedAt")
VALUES (@p0, @p1, @p2, @p3, @p4, @p5, @p6, @p7, @p8, @p9, @p10, @p11, @p12, @p13, @p14, @p15, @p16, @p17, @p18, @p19, @p20, @p21, @p22, @p23, @p24);
[14:28:06 INF] Start processing HTTP request GET http://127.0.0.1:48408/api/task/v1/task/getVehicleInfo/BROKERX-L2-0001
[14:28:06 INF] Sending HTTP request GET http://127.0.0.1:48408/api/task/v1/task/getVehicleInfo/BROKERX-L2-0001
[14:28:06 INF] Received HTTP response headers after 1.3877ms - 200
[14:28:06 INF] End processing HTTP request after 2.6077ms - 200
[14:28:06 INF] Start processing HTTP request GET http://127.0.0.1:48408/api/order/v1/orderRecord?pageNum=1&pageSize=100&filterByState=1&filterByState=3&filterByState=7&filterByState=8&filterByState=9&filterByState=10
[14:28:06 INF] Sending HTTP request GET http://127.0.0.1:48408/api/order/v1/orderRecord?pageNum=1&pageSize=100&filterByState=1&filterByState=3&filterByState=7&filterByState=8&filterByState=9&filterByState=10
[14:28:06 INF] Received HTTP response headers after 0.6122ms - 200
[14:28:06 INF] End processing HTTP request after 1.2898ms - 200
[14:28:06 INF] HTTP GET /api/onboard/v1/vehicle-safety responded 200 in 5.5636 ms
[14:28:06 INF] Executed DbCommand (0ms) [Parameters=[@p0='?' (Size = 36), @p1='?' (Size = 64), @p2='?' (Size = 1064), @p3='?' (Size = 12), @p4='?' (DbType = DateTimeOffset), @p5='?' (Size = 1075)], CommandType='Text', CommandTimeout='30']
INSERT INTO "ProtocolInbox" ("MessageId", "ContentHash", "FirstResponseJson", "MessageType", "ReceivedAt", "RequestJson")
VALUES (@p0, @p1, @p2, @p3, @p4, @p5);
[14:28:06 INF] Executed DbCommand (0ms) [Parameters=[@__messageId_0='?' (Size = 36)], CommandType='Text', CommandTimeout='30']
SELECT "p"."MessageId", "p"."ContentHash", "p"."FirstResponseJson", "p"."MessageType", "p"."ReceivedAt", "p"."RequestJson"
FROM "ProtocolInbox" AS "p"
WHERE "p"."MessageId" = @__messageId_0
LIMIT 2
[14:28:06 INF] Executed DbCommand (0ms) [Parameters=[@__agvId_0='?' (Size = 10)], CommandType='Text', CommandTimeout='30']
SELECT "a"."AgvId", "a"."ActivatedAt", "a"."ActivationId", "a"."ConfigurationVersion", "a"."Fingerprint", "a"."SlotModelVersionId", "a"."SnapshotId"
FROM "ActiveSlotConfigurations" AS "a"
WHERE "a"."AgvId" = @__agvId_0
LIMIT 1
[14:28:06 INF] Executed DbCommand (0ms) [Parameters=[@__agvId_0='?' (Size = 10)], CommandType='Text', CommandTimeout='30']
SELECT "a"."AgvId", "a"."ArchiveReason", "a"."ArchivedActiveSlotConfigurationFingerprint", "a"."ArchivedAt", "a"."ArchivedLifecycleGeneration"
FROM "AgvArchives" AS "a"
WHERE "a"."AgvId" = @__agvId_0
LIMIT 1
[14:28:06 INF] Executed DbCommand (0ms) [Parameters=[@__agvId_0='?' (Size = 10)], CommandType='Text', CommandTimeout='30']
SELECT "s"."AgvId", "s"."ActiveUnlockSlotsJson", "s"."CapabilityHash", "s"."CapabilityRevision", "s"."DepartureSafe", "s"."ForcedRecoveryGeneration", "s"."ManifestSha256", "s"."PendingAttemptIdsJson", "s"."PendingResultIdsJson", "s"."ProfileId", "s"."ProtocolCommit", "s"."ProtocolVersion", "s"."ProvenRecoveryCheckpoint", "s"."Readiness", "s"."ReasonCode", "s"."RecoveryReportId", "s"."ReportedForcedRecoveryGeneration", "s"."ReportedSlotConfigurationFingerprint", "s"."SafetyHash", "s"."SafetyReasonCodesJson", "s"."SafetyRevision", "s"."SafetyUnknownPresent", "s"."SessionGeneration", "s"."UnsettledSlotOperationAttemptId", "s"."UpdatedAt"
FROM "SessionRecoveries" AS "s"
WHERE "s"."AgvId" = @__agvId_0
LIMIT 2
[14:28:06 INF] Executed DbCommand (0ms) [Parameters=[@p4='?' (Size = 10), @p0='?' (Size = 64), @p1='?' (DbType = Int64), @p2='?' (Size = 64), @p3='?' (DbType = DateTimeOffset)], CommandType='Text', CommandTimeout='30']
UPDATE "SessionRecoveries" SET "CapabilityHash" = @p0, "CapabilityRevision" = @p1, "ReportedSlotConfigurationFingerprint" = @p2, "UpdatedAt" = @p3
WHERE "AgvId" = @p4
RETURNING 1;
[14:28:06 INF] Executed DbCommand (0ms) [Parameters=[@p0='?' (Size = 36), @p1='?' (Size = 64), @p2='?' (Size = 621), @p3='?' (Size = 18), @p4='?' (DbType = DateTimeOffset), @p5='?' (Size = 2045)], CommandType='Text', CommandTimeout='30']
INSERT INTO "ProtocolInbox" ("MessageId", "ContentHash", "FirstResponseJson", "MessageType", "ReceivedAt", "RequestJson")
VALUES (@p0, @p1, @p2, @p3, @p4, @p5);
[14:28:06 INF] Executed DbCommand (0ms) [Parameters=[@__messageId_0='?' (Size = 36)], CommandType='Text', CommandTimeout='30']
SELECT "p"."MessageId", "p"."ContentHash", "p"."FirstResponseJson", "p"."MessageType", "p"."ReceivedAt", "p"."RequestJson"
FROM "ProtocolInbox" AS "p"
WHERE "p"."MessageId" = @__messageId_0
LIMIT 2
[14:28:06 INF] Executed DbCommand (0ms) [Parameters=[@__agvId_0='?' (Size = 10)], CommandType='Text', CommandTimeout='30']
SELECT "s"."AgvId", "s"."ActiveUnlockSlotsJson", "s"."CapabilityHash", "s"."CapabilityRevision", "s"."DepartureSafe", "s"."ForcedRecoveryGeneration", "s"."ManifestSha256", "s"."PendingAttemptIdsJson", "s"."PendingResultIdsJson", "s"."ProfileId", "s"."ProtocolCommit", "s"."ProtocolVersion", "s"."ProvenRecoveryCheckpoint", "s"."Readiness", "s"."ReasonCode", "s"."RecoveryReportId", "s"."ReportedForcedRecoveryGeneration", "s"."ReportedSlotConfigurationFingerprint", "s"."SafetyHash", "s"."SafetyReasonCodesJson", "s"."SafetyRevision", "s"."SafetyUnknownPresent", "s"."SessionGeneration", "s"."UnsettledSlotOperationAttemptId", "s"."UpdatedAt"
FROM "SessionRecoveries" AS "s"
WHERE "s"."AgvId" = @__agvId_0
LIMIT 2
[14:28:06 INF] Executed DbCommand (0ms) [Parameters=[@p6='?' (Size = 10), @p0='?' (DbType = Boolean), @p1='?' (Size = 64), @p2='?' (Size = 2), @p3='?' (DbType = Int64), @p4='?' (DbType = Boolean), @p5='?' (DbType = DateTimeOffset)], CommandType='Text', CommandTimeout='30']
UPDATE "SessionRecoveries" SET "DepartureSafe" = @p0, "SafetyHash" = @p1, "SafetyReasonCodesJson" = @p2, "SafetyRevision" = @p3, "SafetyUnknownPresent" = @p4, "UpdatedAt" = @p5
WHERE "AgvId" = @p6
RETURNING 1;
[14:28:06 INF] Executed DbCommand (0ms) [Parameters=[@p0='?' (Size = 36), @p1='?' (Size = 64), @p2='?' (Size = 623), @p3='?' (Size = 19), @p4='?' (DbType = DateTimeOffset), @p5='?' (Size = 1971)], CommandType='Text', CommandTimeout='30']
INSERT INTO "ProtocolInbox" ("MessageId", "ContentHash", "FirstResponseJson", "MessageType", "ReceivedAt", "RequestJson")
VALUES (@p0, @p1, @p2, @p3, @p4, @p5);
[14:28:06 INF] Executed DbCommand (0ms) [Parameters=[@__messageId_0='?' (Size = 36)], CommandType='Text', CommandTimeout='30']
SELECT "p"."MessageId", "p"."ContentHash", "p"."FirstResponseJson", "p"."MessageType", "p"."ReceivedAt", "p"."RequestJson"
FROM "ProtocolInbox" AS "p"
WHERE "p"."MessageId" = @__messageId_0
LIMIT 2
[14:28:06 INF] Executed DbCommand (0ms) [Parameters=[@__agvId_0='?' (Size = 10)], CommandType='Text', CommandTimeout='30']
SELECT "o"."AlarmsJson"
FROM "OnboardAlarmSnapshots" AS "o"
WHERE "o"."AgvId" = @__agvId_0
LIMIT 1
[14:28:06 INF] Executed DbCommand (0ms) [Parameters=[@__snapshot_AgvId_0='?' (Size = 10)], CommandType='Text', CommandTimeout='30']
SELECT "o"."AgvId", "o"."AlarmsJson", "o"."CapturedAt", "o"."ReceivedAt", "o"."SessionGeneration", "o"."SnapshotSequence"
FROM "OnboardAlarmSnapshots" AS "o"
WHERE "o"."AgvId" = @__snapshot_AgvId_0
LIMIT 1
[14:28:06 INF] Executed DbCommand (0ms) [Parameters=[@p0='?' (Size = 10), @p1='?' (Size = 2), @p2='?' (DbType = DateTimeOffset), @p3='?' (DbType = DateTimeOffset), @p4='?' (DbType = Int64), @p5='?' (DbType = Int64)], CommandType='Text', CommandTimeout='30']
INSERT INTO "OnboardAlarmSnapshots" ("AgvId", "AlarmsJson", "CapturedAt", "ReceivedAt", "SessionGeneration", "SnapshotSequence")
VALUES (@p0, @p1, @p2, @p3, @p4, @p5);
[14:28:06 INF] Executed DbCommand (0ms) [Parameters=[@__agvId_0='?' (Size = 10)], CommandType='Text', CommandTimeout='30']
SELECT "o"."AlarmsJson"
FROM "OnboardAlarmSnapshots" AS "o"
WHERE "o"."AgvId" = @__agvId_0
LIMIT 1
[14:28:06 INF] Executed DbCommand (0ms) [Parameters=[@p0='?' (Size = 36), @p1='?' (Size = 64), @p2='?' (Size = 625), @p3='?' (Size = 20), @p4='?' (DbType = DateTimeOffset), @p5='?' (Size = 485)], CommandType='Text', CommandTimeout='30']
INSERT INTO "ProtocolInbox" ("MessageId", "ContentHash", "FirstResponseJson", "MessageType", "ReceivedAt", "RequestJson")
VALUES (@p0, @p1, @p2, @p3, @p4, @p5);
[14:28:06 INF] Executed DbCommand (0ms) [Parameters=[@__messageId_0='?' (Size = 36)], CommandType='Text', CommandTimeout='30']
SELECT "p"."MessageId", "p"."ContentHash", "p"."FirstResponseJson", "p"."MessageType", "p"."ReceivedAt", "p"."RequestJson"
FROM "ProtocolInbox" AS "p"
WHERE "p"."MessageId" = @__messageId_0
LIMIT 2
[14:28:06 INF] Executed DbCommand (0ms) [Parameters=[@__agvId_0='?' (Size = 10)], CommandType='Text', CommandTimeout='30']
SELECT "s"."AgvId", "s"."ActiveUnlockSlotsJson", "s"."CapabilityHash", "s"."CapabilityRevision", "s"."DepartureSafe", "s"."ForcedRecoveryGeneration", "s"."ManifestSha256", "s"."PendingAttemptIdsJson", "s"."PendingResultIdsJson", "s"."ProfileId", "s"."ProtocolCommit", "s"."ProtocolVersion", "s"."ProvenRecoveryCheckpoint", "s"."Readiness", "s"."ReasonCode", "s"."RecoveryReportId", "s"."ReportedForcedRecoveryGeneration", "s"."ReportedSlotConfigurationFingerprint", "s"."SafetyHash", "s"."SafetyReasonCodesJson", "s"."SafetyRevision", "s"."SafetyUnknownPresent", "s"."SessionGeneration", "s"."UnsettledSlotOperationAttemptId", "s"."UpdatedAt"
FROM "SessionRecoveries" AS "s"
WHERE "s"."AgvId" = @__agvId_0
LIMIT 2
[14:28:06 INF] Executed DbCommand (0ms) [Parameters=[@__agvId_0='?' (Size = 10)], CommandType='Text', CommandTimeout='30']
SELECT "v"."ForcedRecoveryGeneration"
FROM "VehicleRecoveryGenerations" AS "v"
WHERE "v"."AgvId" = @__agvId_0
LIMIT 2
[14:28:06 INF] Executed DbCommand (0ms) [Parameters=[@p4='?' (Size = 10), @p0='?' (Size = 4), @p1='?' (Size = 31), @p2='?' (Size = 36), @p3='?' (DbType = DateTimeOffset)], CommandType='Text', CommandTimeout='30']
UPDATE "SessionRecoveries" SET "ProvenRecoveryCheckpoint" = @p0, "ReasonCode" = @p1, "RecoveryReportId" = @p2, "UpdatedAt" = @p3
WHERE "AgvId" = @p4
RETURNING 1;
[14:28:06 INF] Executed DbCommand (0ms) [Parameters=[@__agvId_0='?' (Size = 10)], CommandType='Text', CommandTimeout='30']
SELECT "s"."AgvId", "s"."ActiveUnlockSlotsJson", "s"."CapabilityHash", "s"."CapabilityRevision", "s"."DepartureSafe", "s"."ForcedRecoveryGeneration", "s"."ManifestSha256", "s"."PendingAttemptIdsJson", "s"."PendingResultIdsJson", "s"."ProfileId", "s"."ProtocolCommit", "s"."ProtocolVersion", "s"."ProvenRecoveryCheckpoint", "s"."Readiness", "s"."ReasonCode", "s"."RecoveryReportId", "s"."ReportedForcedRecoveryGeneration", "s"."ReportedSlotConfigurationFingerprint", "s"."SafetyHash", "s"."SafetyReasonCodesJson", "s"."SafetyRevision", "s"."SafetyUnknownPresent", "s"."SessionGeneration", "s"."UnsettledSlotOperationAttemptId", "s"."UpdatedAt"
FROM "SessionRecoveries" AS "s"
WHERE "s"."AgvId" = @__agvId_0
LIMIT 2
[14:28:06 INF] Executed DbCommand (0ms) [Parameters=[], CommandType='Text', CommandTimeout='30']
SELECT EXISTS (
    SELECT 1
    FROM "SessionRecoveries" AS "s"
    WHERE "s"."Readiness" = 'Ready')
[14:28:06 ERR] HTTP GET /health/ready responded 503 in 2.1099 ms
[14:28:06 INF] Executed DbCommand (0ms) [Parameters=[@__agvId_0='?' (Size = 10)], CommandType='Text', CommandTimeout='30']
SELECT EXISTS (
    SELECT 1
    FROM "StationOperations" AS "s"
    INNER JOIN (
        SELECT "j"."JourneyId", "j"."DemandId", "j"."AddedAt", "j"."DispatchGeneration", "j"."DispatchZone", "j"."DispatchZoneParameterVersion", "j"."ExpectedBasketCount", "j"."LoadCommandMessageId", "j"."LoadSlotOperationAttemptId", "j"."LoadedSlotsJson", "j"."PickupStopId", "j"."RemovalReason", "j"."RemovedAt", "j"."Status", "j"."TargetSlotsJson", "j"."UnloadCommandMessageId", "j"."UnloadSlotOperationAttemptId", "j"."UnloadStopId"
        FROM "JourneyDemands" AS "j"
        WHERE "j"."RemovedAt" IS NULL
    ) AS "t" ON "s"."DemandId" = "t"."DemandId"
    INNER JOIN "JourneyRuntimes" AS "j0" ON "t"."JourneyId" = "j0"."JourneyId"
    WHERE "j0"."AgvId" = @__agvId_0 AND "s"."Status" = 'RecoveryRequired')
[14:28:06 INF] Executed DbCommand (0ms) [Parameters=[@__agvId_0='?' (Size = 10)], CommandType='Text', CommandTimeout='30']
SELECT EXISTS (
    SELECT 1
    FROM "RecoveryWorkflows" AS "r"
    WHERE "r"."AgvId" = @__agvId_0 AND "r"."WorkflowType" = 'FORCED_MECHANICAL_RECOVERY' AND "r"."State" <> 'HistoricalOnly' AND NOT EXISTS (
        SELECT 1
        FROM "HardwareRecoveryRecords" AS "h"
        WHERE "h"."RecoveryActionId" = "r"."WorkflowId"))
[14:28:06 INF] Executed DbCommand (0ms) [Parameters=[@__agvId_0='?' (Size = 10)], CommandType='Text', CommandTimeout='30']
SELECT EXISTS (
    SELECT 1
    FROM "OwnOrderRebuilds" AS "o"
    WHERE "o"."AgvId" = @__agvId_0 AND "o"."State" = 'AWAITING_CARGO_HANDOFF' AND EXISTS (
        SELECT 1
        FROM "JourneyRuntimes" AS "j"
        WHERE "j"."JourneyId" = "o"."JourneyId" AND "j"."Stage" = 'Blocked'))
[14:28:06 INF] Executed DbCommand (0ms) [Parameters=[@__agvId_0='?' (Size = 10)], CommandType='Text', CommandTimeout='30']
SELECT "a"."AgvId", "a"."ActivatedAt", "a"."ActivationId", "a"."ConfigurationVersion", "a"."Fingerprint", "a"."SlotModelVersionId", "a"."SnapshotId"
FROM "ActiveSlotConfigurations" AS "a"
WHERE "a"."AgvId" = @__agvId_0
LIMIT 1
[14:28:06 INF] Executed DbCommand (0ms) [Parameters=[@__agvId_0='?' (Size = 10)], CommandType='Text', CommandTimeout='30']
SELECT EXISTS (
    SELECT 1
    FROM "SlotDoorHolds" AS "s"
    WHERE "s"."AgvId" = @__agvId_0 AND "s"."ReleasedAt" IS NULL)
[14:28:06 INF] Executed DbCommand (0ms) [Parameters=[@p3='?' (Size = 10), @p0='?' (Size = 5), @p1='?' (Size = 5), @p2='?' (DbType = DateTimeOffset)], CommandType='Text', CommandTimeout='30']
UPDATE "SessionRecoveries" SET "Readiness" = @p0, "ReasonCode" = @p1, "UpdatedAt" = @p2
WHERE "AgvId" = @p3
RETURNING 1;
[14:28:06 INF] SessionReadiness afbcbe40-83c1-40b7-adb5-b306b56e8575 to AGV-L2-001 generation 1: READY [null], after the answer to RecoveryStateReport 0560cc28-681f-40a0-a266-889364bd8c30.
[14:28:06 INF] Executed DbCommand (0ms) [Parameters=[@p0='?' (Size = 36), @p1='?' (Size = 64), @p2='?' (Size = 1235), @p3='?' (Size = 19), @p4='?' (DbType = DateTimeOffset), @p5='?' (Size = 731)], CommandType='Text', CommandTimeout='30']
INSERT INTO "ProtocolInbox" ("MessageId", "ContentHash", "FirstResponseJson", "MessageType", "ReceivedAt", "RequestJson")
VALUES (@p0, @p1, @p2, @p3, @p4, @p5);
[14:28:06 INF] Executed DbCommand (0ms) [Parameters=[@__agvId_0='?' (Size = 10)], CommandType='Text', CommandTimeout='30']
SELECT "r"."CommandMessageId"
FROM "RecoveryWorkflows" AS "r"
WHERE "r"."AgvId" = @__agvId_0 AND "r"."CommandMessageId" IS NOT NULL AND "r"."State" <> 'Reconciled' AND "r"."State" <> 'HistoricalOnly'
[14:28:06 INF] Executed DbCommand (0ms) [Parameters=[], CommandType='Text', CommandTimeout='30']
SELECT "p"."MessageId", "p"."AcknowledgedAt", "p"."CreatedAt", "p"."FencedAt", "p"."MessageType", "p"."PayloadJson"
FROM "ProtocolOutbox" AS "p"
WHERE "p"."MessageType" = 'ExceptionRecoverySessionSnapshot' AND "p"."AcknowledgedAt" IS NULL AND "p"."FencedAt" IS NULL
[14:28:06 INF] Executed DbCommand (0ms) [Parameters=[@__agvId_0='?' (Size = 10)], CommandType='Text', CommandTimeout='30']
SELECT "s"."ActivationId", "s"."AgvId", "s"."CommandMessageId", "s"."ConfigurationVersion", "s"."Fingerprint", "s"."IssuedAt", "s"."Kind", "s"."RecoveryRole", "s"."ResultJson", "s"."ResultReceivedAt", "s"."RolledBackToVersion", "s"."SlotModelVersionId", "s"."SnapshotId", "s"."State"
FROM "SlotConfigurationActivations" AS "s"
WHERE "s"."AgvId" = @__agvId_0 AND "s"."State" = 'PENDING_RESULT' AND "s"."RecoveryRole" = 'SLOT_CONFIGURATION'
[14:28:06 INF] Executed DbCommand (0ms) [Parameters=[@__agvId_0='?' (Size = 10)], CommandType='Text', CommandTimeout='30']
SELECT "j"."JourneyId", "j"."Stage", "j"."CreatedAt"
FROM "JourneyRuntimes" AS "j"
WHERE "j"."AgvId" = @__agvId_0
[14:28:06 INF] Executed DbCommand (0ms) [Parameters=[@__agvId_0='?' (Size = 10)], CommandType='Text', CommandTimeout='30']
SELECT "s"."HoldId"
FROM "SlotDoorHolds" AS "s"
WHERE "s"."AgvId" = @__agvId_0
[14:28:06 INF] Executed DbCommand (0ms) [Parameters=[@__agvId_0='?' (Size = 10)], CommandType='Text', CommandTimeout='30']
SELECT "r"."WorkflowId"
FROM "RecoveryWorkflows" AS "r"
WHERE "r"."AgvId" = @__agvId_0 AND "r"."WorkflowType" = 'HARDWARE_REPAIR_RELEASE' AND "r"."State" = 'Reconciled'
[14:28:06 INF] Executed DbCommand (0ms) [Parameters=[@__messageId_0='?' (Size = 36)], CommandType='Text', CommandTimeout='30']
SELECT "p"."MessageId", "p"."ContentHash", "p"."FirstResponseJson", "p"."MessageType", "p"."ReceivedAt", "p"."RequestJson"
FROM "ProtocolInbox" AS "p"
WHERE "p"."MessageId" = @__messageId_0
LIMIT 2
[14:28:06 INF] Executed DbCommand (0ms) [Parameters=[@__agvId_0='?' (Size = 10)], CommandType='Text', CommandTimeout='30']
SELECT "s"."AgvId", "s"."ActiveUnlockSlotsJson", "s"."CapabilityHash", "s"."CapabilityRevision", "s"."DepartureSafe", "s"."ForcedRecoveryGeneration", "s"."ManifestSha256", "s"."PendingAttemptIdsJson", "s"."PendingResultIdsJson", "s"."ProfileId", "s"."ProtocolCommit", "s"."ProtocolVersion", "s"."ProvenRecoveryCheckpoint", "s"."Readiness", "s"."ReasonCode", "s"."RecoveryReportId", "s"."ReportedForcedRecoveryGeneration", "s"."ReportedSlotConfigurationFingerprint", "s"."SafetyHash", "s"."SafetyReasonCodesJson", "s"."SafetyRevision", "s"."SafetyUnknownPresent", "s"."SessionGeneration", "s"."UnsettledSlotOperationAttemptId", "s"."UpdatedAt"
FROM "SessionRecoveries" AS "s"
WHERE "s"."AgvId" = @__agvId_0
LIMIT 2
[14:28:06 INF] Executed DbCommand (0ms) [Parameters=[@p5='?' (Size = 10), @p0='?' (Size = 16), @p1='?' (Size = 20), @p2='?' (Size = 64), @p3='?' (DbType = Int64), @p4='?' (DbType = DateTimeOffset)], CommandType='Text', CommandTimeout='30']
UPDATE "SessionRecoveries" SET "Readiness" = @p0, "ReasonCode" = @p1, "SafetyHash" = @p2, "SafetyRevision" = @p3, "UpdatedAt" = @p4
WHERE "AgvId" = @p5
RETURNING 1;
[14:28:06 INF] Executed DbCommand (0ms) [Parameters=[@__agvId_0='?' (Size = 10)], CommandType='Text', CommandTimeout='30']
SELECT "s"."AgvId", "s"."ActiveUnlockSlotsJson", "s"."CapabilityHash", "s"."CapabilityRevision", "s"."DepartureSafe", "s"."ForcedRecoveryGeneration", "s"."ManifestSha256", "s"."PendingAttemptIdsJson", "s"."PendingResultIdsJson", "s"."ProfileId", "s"."ProtocolCommit", "s"."ProtocolVersion", "s"."ProvenRecoveryCheckpoint", "s"."Readiness", "s"."ReasonCode", "s"."RecoveryReportId", "s"."ReportedForcedRecoveryGeneration", "s"."ReportedSlotConfigurationFingerprint", "s"."SafetyHash", "s"."SafetyReasonCodesJson", "s"."SafetyRevision", "s"."SafetyUnknownPresent", "s"."SessionGeneration", "s"."UnsettledSlotOperationAttemptId", "s"."UpdatedAt"
FROM "SessionRecoveries" AS "s"
WHERE "s"."AgvId" = @__agvId_0
LIMIT 2
[14:28:06 INF] Executed DbCommand (0ms) [Parameters=[@__agvId_0='?' (Size = 10)], CommandType='Text', CommandTimeout='30']
SELECT EXISTS (
    SELECT 1
    FROM "StationOperations" AS "s"
    INNER JOIN (
        SELECT "j"."JourneyId", "j"."DemandId", "j"."AddedAt", "j"."DispatchGeneration", "j"."DispatchZone", "j"."DispatchZoneParameterVersion", "j"."ExpectedBasketCount", "j"."LoadCommandMessageId", "j"."LoadSlotOperationAttemptId", "j"."LoadedSlotsJson", "j"."PickupStopId", "j"."RemovalReason", "j"."RemovedAt", "j"."Status", "j"."TargetSlotsJson", "j"."UnloadCommandMessageId", "j"."UnloadSlotOperationAttemptId", "j"."UnloadStopId"
        FROM "JourneyDemands" AS "j"
        WHERE "j"."RemovedAt" IS NULL
    ) AS "t" ON "s"."DemandId" = "t"."DemandId"
    INNER JOIN "JourneyRuntimes" AS "j0" ON "t"."JourneyId" = "j0"."JourneyId"
    WHERE "j0"."AgvId" = @__agvId_0 AND "s"."Status" = 'RecoveryRequired')
[14:28:06 INF] Executed DbCommand (0ms) [Parameters=[@__agvId_0='?' (Size = 10)], CommandType='Text', CommandTimeout='30']
SELECT EXISTS (
    SELECT 1
    FROM "RecoveryWorkflows" AS "r"
    WHERE "r"."AgvId" = @__agvId_0 AND "r"."WorkflowType" = 'FORCED_MECHANICAL_RECOVERY' AND "r"."State" <> 'HistoricalOnly' AND NOT EXISTS (
        SELECT 1
        FROM "HardwareRecoveryRecords" AS "h"
        WHERE "h"."RecoveryActionId" = "r"."WorkflowId"))
[14:28:06 INF] Executed DbCommand (0ms) [Parameters=[@__agvId_0='?' (Size = 10)], CommandType='Text', CommandTimeout='30']
SELECT EXISTS (
    SELECT 1
    FROM "OwnOrderRebuilds" AS "o"
    WHERE "o"."AgvId" = @__agvId_0 AND "o"."State" = 'AWAITING_CARGO_HANDOFF' AND EXISTS (
        SELECT 1
        FROM "JourneyRuntimes" AS "j"
        WHERE "j"."JourneyId" = "o"."JourneyId" AND "j"."Stage" = 'Blocked'))
[14:28:06 INF] Executed DbCommand (0ms) [Parameters=[@__agvId_0='?' (Size = 10)], CommandType='Text', CommandTimeout='30']
SELECT "a"."AgvId", "a"."ActivatedAt", "a"."ActivationId", "a"."ConfigurationVersion", "a"."Fingerprint", "a"."SlotModelVersionId", "a"."SnapshotId"
FROM "ActiveSlotConfigurations" AS "a"
WHERE "a"."AgvId" = @__agvId_0
LIMIT 1
[14:28:06 INF] Executed DbCommand (0ms) [Parameters=[@__agvId_0='?' (Size = 10)], CommandType='Text', CommandTimeout='30']
SELECT EXISTS (
    SELECT 1
    FROM "SlotDoorHolds" AS "s"
    WHERE "s"."AgvId" = @__agvId_0 AND "s"."ReleasedAt" IS NULL)
[14:28:06 INF] Executed DbCommand (0ms) [Parameters=[@p3='?' (Size = 10), @p0='?' (Size = 5), @p1='?' (Size = 5), @p2='?' (DbType = DateTimeOffset)], CommandType='Text', CommandTimeout='30']
UPDATE "SessionRecoveries" SET "Readiness" = @p0, "ReasonCode" = @p1, "UpdatedAt" = @p2
WHERE "AgvId" = @p3
RETURNING 1;
[14:28:06 INF] Executed DbCommand (0ms) [Parameters=[@__agvId_0='?' (Size = 10)], CommandType='Text', CommandTimeout='30']
SELECT "o"."AlarmsJson"
FROM "OnboardAlarmSnapshots" AS "o"
WHERE "o"."AgvId" = @__agvId_0
LIMIT 1
[14:28:06 INF] SessionReadiness a23e096b-941f-4be3-9790-098448c9bcfa to AGV-L2-001 generation 1: READY [null], after the answer to SafetyStateChanged c483d862-ca33-2b5d-bb88-440dcbc2dc87.
[14:28:06 INF] Executed DbCommand (0ms) [Parameters=[@p0='?' (Size = 36), @p1='?' (Size = 64), @p2='?' (Size = 1235), @p3='?' (Size = 18), @p4='?' (DbType = DateTimeOffset), @p5='?' (Size = 653)], CommandType='Text', CommandTimeout='30']
INSERT INTO "ProtocolInbox" ("MessageId", "ContentHash", "FirstResponseJson", "MessageType", "ReceivedAt", "RequestJson")
VALUES (@p0, @p1, @p2, @p3, @p4, @p5);
[14:28:06 INF] Executed DbCommand (0ms) [Parameters=[@__agvId_0='?' (Size = 10)], CommandType='Text', CommandTimeout='30']
SELECT EXISTS (
    SELECT 1
    FROM "RecoveryWorkflows" AS "r"
    WHERE "r"."AgvId" = @__agvId_0 AND "r"."WorkflowType" = 'HARDWARE_REPAIR_RELEASE' AND "r"."State" = 'AwaitingResult' AND "r"."CommandMessageId" IS NULL)
[14:28:06 INF] Executed DbCommand (0ms) [Parameters=[@__agvId_0='?' (Size = 10), @__generation_1='?' (DbType = Int64)], CommandType='Text', CommandTimeout='30']
SELECT "o"."RebuildId"
FROM "OwnOrderRebuilds" AS "o"
WHERE "o"."AgvId" = @__agvId_0 AND ((("o"."State" = 'PENDING' OR ("o"."State" = 'ORDERING' AND EXISTS (
    SELECT 1
    FROM "OrderIntents" AS "o0"
    WHERE "o0"."MovementLegId" = "o"."NewMovementLegId" AND "o0"."CreateAttemptCount" = 0))) AND "o"."Source" IN ('FAULT_CLEARED_CARGO_ON_BOARD', 'ORDER_CANCELLED_IN_RIOT') AND EXISTS (
    SELECT 1
    FROM "JourneyDemands" AS "j"
    WHERE "j"."JourneyId" = "o"."JourneyId" AND "j"."RemovedAt" IS NULL AND "j"."Status" <> 'PENDING_LOAD' AND "j"."Status" <> 'UNLOADED' AND "j"."Status" <> 'TERMINATED')) OR ("o"."State" = 'AWAITING_CARGO_HANDOFF' AND EXISTS (
    SELECT 1
    FROM "JourneyRuntimes" AS "j0"
    WHERE "j0"."JourneyId" = "o"."JourneyId" AND "j0"."Stage" = 'Blocked'))) AND ("o"."CargoEvidenceRequestedGeneration" <> @__generation_1 OR "o"."CargoEvidenceRequestedGeneration" IS NULL OR NOT ("o"."CargoEvidenceRequestedWhileReady"))
[14:28:06 INF] Executed DbCommand (470ms) [Parameters=[@p3='?' (DbType = Int32), @p0='?' (DbType = DateTimeOffset), @p1='?' (DbType = DateTimeOffset), @p2='?' (DbType = DateTimeOffset)], CommandType='Text', CommandTimeout='30']
UPDATE "MapStationCatalogStates" SET "LastAttemptAt" = @p0, "LastCompleteConfirmationAt" = @p1, "UpdatedAt" = @p2
WHERE "MapId" = @p3
RETURNING 1;
[14:28:06 INF] Executed DbCommand (0ms) [Parameters=[@__mapId_0='?' (DbType = Int32)], CommandType='Text', CommandTimeout='30']
SELECT "t"."MapId", "t"."ActiveVersion", "t"."PendingVersion", "t"."State", "t"."UpdatedAt"
FROM "TaskTypeStationActiveBindingSets" AS "t"
WHERE "t"."MapId" = @__mapId_0
LIMIT 2
[14:28:06 INF] Executed DbCommand (0ms) [Parameters=[@__mapId_0='?' (DbType = Int32), @__version_1='?' (DbType = Int64)], CommandType='Text', CommandTimeout='30']
SELECT "t"."MapId", "t"."Version", "t"."CatalogRevision", "t"."ContentSha256", "t"."LoadedAt", "t"."RuleVersion", "t"."SnapshotId", "t"."Source"
FROM "TaskTypeStationBindingSetVersions" AS "t"
WHERE "t"."MapId" = @__mapId_0 AND "t"."Version" = @__version_1
LIMIT 2
[14:28:06 INF] Executed DbCommand (0ms) [Parameters=[@__mapId_0='?' (DbType = Int32), @__version_1='?' (DbType = Int64)], CommandType='Text', CommandTimeout='30']
SELECT "t"."TaskType"
FROM "TaskTypeStationRequirements" AS "t"
WHERE "t"."MapId" = @__mapId_0 AND "t"."Version" = @__version_1
[14:28:06 INF] Executed DbCommand (0ms) [Parameters=[@__mapId_0='?' (DbType = Int32), @__version_1='?' (DbType = Int64)], CommandType='Text', CommandTimeout='30']
SELECT "t"."MapId", "t"."Version", "t"."TaskType", "t"."SiteVerificationRef", "t"."StationName", "t"."StationRiotId"
FROM "TaskTypeStationBindings" AS "t"
WHERE "t"."MapId" = @__mapId_0 AND "t"."Version" = @__version_1
[14:28:06 INF] Executed DbCommand (0ms) [Parameters=[@__mapId_0='?' (DbType = Int32)], CommandType='Text', CommandTimeout='30']
SELECT "t"."MapId", "t"."ActiveVersion", "t"."PendingVersion", "t"."State", "t"."UpdatedAt"
FROM "TaskTypeStationActiveBindingSets" AS "t"
WHERE "t"."MapId" = @__mapId_0
LIMIT 2
[14:28:06 INF] Executed DbCommand (0ms) [Parameters=[@__mapId_0='?' (DbType = Int32), @__version_1='?' (DbType = Int64)], CommandType='Text', CommandTimeout='30']
SELECT "t"."MapId", "t"."Version", "t"."CatalogRevision", "t"."ContentSha256", "t"."LoadedAt", "t"."RuleVersion", "t"."SnapshotId", "t"."Source"
FROM "TaskTypeStationBindingSetVersions" AS "t"
WHERE "t"."MapId" = @__mapId_0 AND "t"."Version" = @__version_1
LIMIT 2
[14:28:06 INF] Executed DbCommand (0ms) [Parameters=[@__mapId_0='?' (DbType = Int32), @__version_1='?' (DbType = Int64)], CommandType='Text', CommandTimeout='30']
SELECT "t"."TaskType"
FROM "TaskTypeStationRequirements" AS "t"
WHERE "t"."MapId" = @__mapId_0 AND "t"."Version" = @__version_1
[14:28:06 INF] Executed DbCommand (0ms) [Parameters=[@__mapId_0='?' (DbType = Int32), @__version_1='?' (DbType = Int64)], CommandType='Text', CommandTimeout='30']
SELECT "t"."MapId", "t"."Version", "t"."TaskType", "t"."SiteVerificationRef", "t"."StationName", "t"."StationRiotId"
FROM "TaskTypeStationBindings" AS "t"
WHERE "t"."MapId" = @__mapId_0 AND "t"."Version" = @__version_1
[14:28:06 INF] Executed DbCommand (0ms) [Parameters=[@__version_0='?' (DbType = Int64)], CommandType='Text', CommandTimeout='30']
SELECT "t"."Version", "t"."ContentSha256", "t"."LoadedAt", "t"."SnapshotId", "t"."Source"
FROM "TaskTypeStationRuleVersions" AS "t"
WHERE "t"."Version" = @__version_0
LIMIT 2
[14:28:06 INF] Executed DbCommand (0ms) [Parameters=[@__version_0='?' (DbType = Int64)], CommandType='Text', CommandTimeout='30']
SELECT "t"."Version", "t"."TaskType", "t"."FixedEnd"
FROM "TaskTypeStationRules" AS "t"
WHERE "t"."Version" = @__version_0
[14:28:06 INF] Executed DbCommand (0ms) [Parameters=[], CommandType='Text', CommandTimeout='30']
SELECT "a"."Id", "a"."ContentHash", "a"."DeploymentId", "a"."ImportedAt", "a"."Version"
FROM "AdmissionPolicyState" AS "a"
WHERE "a"."Id" = 1
LIMIT 2
[14:28:06 INF] Executed DbCommand (0ms) [Parameters=[], CommandType='Text', CommandTimeout='30']
SELECT "v"."VehicleKey", "v"."ClaimedAt", "v"."JourneyId", "v"."Purpose"
FROM "VehiclePurposeClaims" AS "v"
WHERE "v"."Purpose" = 'IDLE_RETURN'
[14:28:06 INF] Executed DbCommand (0ms) [Parameters=[], CommandType='Text', CommandTimeout='30']
SELECT "j"."JourneyId", "j"."AgvId", "j"."AgvLifecycleGeneration", "j"."AreaEndAdmissionRevokedSince", "j"."BlockReasonCode", "j"."BlockReasonSince", "j"."CargoHoldingStartedAt", "j"."ChargingPolicyVersion", "j"."ConsumedSafetyResultMessageId", "j"."ConsumedSublotMessageId", "j"."CreatedAt", "j"."DemandId", "j"."DispatchGeneration", "j"."DispatchZone", "j"."ExpectedBasketCount", "j"."FullSlotPositionsJson", "j"."GateMovementLegId", "j"."GatePlanMessageId", "j"."GateStationId", "j"."GateStationRiotId", "j"."GateUpperId", "j"."GateVehicleBusinessMessageId", "j"."GateWorklistMessageId", "j"."LoadCommandMessageId", "j"."LoadSlotOperationAttemptId", "j"."LoadingClosedReason", "j"."LoadingPhaseState", "j"."MapId", "j"."MapIdentity", "j"."OperationSessionId", "j"."PickupMovementLegId", "j"."PickupStationId", "j"."PickupStationRiotId", "j"."PickupUpperId", "j"."PlanMessageId", "j"."PlanRevision", "j"."PreDepartureSafetyCheckId", "j"."PreDepartureSafetyCheckMessageId", "j"."PublishedBatteryState", "j"."RouteEvidenceId", "j"."Stage", "j"."StationDepartureWaitStartedAt", "j"."SublotRequestMessageId", "j"."TargetSlotsJson", "j"."UnloadCommandMessageId", "j"."UnloadSlotOperationAttemptId", "j"."UpdatedAt", "j"."VehicleBusinessMessageId", "j"."VehicleBusinessRevision", "j"."VehicleKey", "j"."Version", "j"."WaitingBatteryObservedAt", "j"."WaitingBatteryPercent", "j"."WaitingSince", "j"."WaitingWarnedAt", "j"."WorklistMessageId", "j"."WorklistRevision", "j"."YieldTriggeredAt", "j"."YieldTriggeredByVehicleKey"
FROM "JourneyRuntimes" AS "j"
WHERE "j"."Stage" <> 'Completed'
[14:28:06 INF] Executed DbCommand (0ms) [Parameters=[@__holding_0='?' (Size = 129)], CommandType='Text', CommandTimeout='30']
SELECT "f"."AgvId"
FROM "ForeignRiotOrders" AS "f"
WHERE "f"."State" IN (
    SELECT "h"."value"
    FROM json_each(@__holding_0) AS "h"
)
[14:28:06 INF] Executed DbCommand (0ms) [Parameters=[], CommandType='Text', CommandTimeout='30']
SELECT "a"."DemandId"
FROM "AcceptedDemands" AS "a"
WHERE "a"."Status" NOT IN ('Succeeded', 'Cancelled') AND NOT EXISTS (
    SELECT 1
    FROM "AcceptedDemands" AS "a0"
    WHERE "a0"."Status" NOT IN ('Succeeded', 'Cancelled') AND NOT EXISTS (
        SELECT 1
        FROM "JourneyDemands" AS "j"
        WHERE "j"."DemandId" = "a0"."DemandId" AND "j"."RemovedAt" IS NULL) AND EXISTS (
        SELECT 1
        FROM "JourneyDemands" AS "j0"
        WHERE "j0"."DemandId" = "a0"."DemandId" AND "j0"."RemovedAt" IS NOT NULL AND "j0"."RemovalReason" = 'RELEASED_FOR_REDISPATCH' AND NOT EXISTS (
            SELECT 1
            FROM "JourneyDemands" AS "j1"
            WHERE "j1"."DemandId" = "a0"."DemandId" AND "j1"."DispatchGeneration" > "j0"."DispatchGeneration")) AND "a0"."DemandId" = "a"."DemandId")
[14:28:06 INF] Executed DbCommand (0ms) [Parameters=[], CommandType='Text', CommandTimeout='30']
SELECT "j"."DemandId"
FROM "JourneyDemands" AS "j"
WHERE "j"."RemovedAt" IS NULL
[14:28:06 INF] Start processing HTTP request GET http://127.0.0.1:48409/api/v2/contract
[14:28:06 INF] Sending HTTP request GET http://127.0.0.1:48409/api/v2/contract
[14:28:06 INF] Received HTTP response headers after 0.9247ms - 200
[14:28:06 INF] End processing HTTP request after 1.7022ms - 200
[14:28:06 INF] Start processing HTTP request GET http://127.0.0.1:48409/api/v2/externally-readable-demand-catalog
[14:28:06 INF] Sending HTTP request GET http://127.0.0.1:48409/api/v2/externally-readable-demand-catalog
[14:28:06 INF] Received HTTP response headers after 0.5881ms - 200
[14:28:06 INF] End processing HTTP request after 1.4517ms - 200
[14:28:06 INF] Executed DbCommand (0ms) [Parameters=[], CommandType='Text', CommandTimeout='30']
SELECT "j"."DemandId", "j"."AcceptedAt", "j"."DecisionFingerprint", "j"."DemandCreatedAt", "j"."FirstSeenAt", "j"."LastSeenAt", "j"."ReasonCode", "j"."StarvationEscalatedAt", "j"."StarvationEscalationParameterVersion", "j"."TransportDemandKey"
FROM "JourneyBacklog" AS "j"
[14:28:06 INF] Executed DbCommand (0ms) [Parameters=[], CommandType='Text', CommandTimeout='30']
SELECT "a"."DemandId"
FROM "AcceptedDemands" AS "a"
WHERE NOT EXISTS (
    SELECT 1
    FROM "AcceptedDemands" AS "a0"
    WHERE "a0"."Status" NOT IN ('Succeeded', 'Cancelled') AND NOT EXISTS (
        SELECT 1
        FROM "JourneyDemands" AS "j"
        WHERE "j"."DemandId" = "a0"."DemandId" AND "j"."RemovedAt" IS NULL) AND EXISTS (
        SELECT 1
        FROM "JourneyDemands" AS "j0"
        WHERE "j0"."DemandId" = "a0"."DemandId" AND "j0"."RemovedAt" IS NOT NULL AND "j0"."RemovalReason" = 'RELEASED_FOR_REDISPATCH' AND NOT EXISTS (
            SELECT 1
            FROM "JourneyDemands" AS "j1"
            WHERE "j1"."DemandId" = "a0"."DemandId" AND "j1"."DispatchGeneration" > "j0"."DispatchGeneration")) AND "a0"."DemandId" = "a"."DemandId")
[14:28:06 INF] Executed DbCommand (0ms) [Parameters=[], CommandType='Text', CommandTimeout='30']
SELECT "j"."DemandId", MAX("j"."DispatchGeneration") AS "Generation"
FROM "JourneyDemands" AS "j"
WHERE EXISTS (
    SELECT 1
    FROM "AcceptedDemands" AS "a"
    WHERE "a"."Status" NOT IN ('Succeeded', 'Cancelled') AND NOT EXISTS (
        SELECT 1
        FROM "JourneyDemands" AS "j0"
        WHERE "j0"."DemandId" = "a"."DemandId" AND "j0"."RemovedAt" IS NULL) AND EXISTS (
        SELECT 1
        FROM "JourneyDemands" AS "j1"
        WHERE "j1"."DemandId" = "a"."DemandId" AND "j1"."RemovedAt" IS NOT NULL AND "j1"."RemovalReason" = 'RELEASED_FOR_REDISPATCH' AND NOT EXISTS (
            SELECT 1
            FROM "JourneyDemands" AS "j2"
            WHERE "j2"."DemandId" = "a"."DemandId" AND "j2"."DispatchGeneration" > "j1"."DispatchGeneration")) AND "a"."DemandId" = "j"."DemandId")
GROUP BY "j"."DemandId"
[14:28:06 INF] Executed DbCommand (0ms) [Parameters=[], CommandType='Text', CommandTimeout='30']
SELECT "v"."AgvId", "v"."TaskType", "v"."Allowed", "v"."ConfigurationVersion", "v"."UpdatedAt"
FROM "VehicleTaskTypeAdmissions" AS "v"
[14:28:06 INF] Executed DbCommand (0ms) [Parameters=[], CommandType='Text', CommandTimeout='30']
SELECT "v"."AgvId", "v"."ConfigurationVersion", "v"."RoundTimeoutMilliseconds", "v"."UpdatedAt"
FROM "VehicleDispatchBudgets" AS "v"
[14:28:06 INF] Executed DbCommand (0ms) [Parameters=[], CommandType='Text', CommandTimeout='30']
SELECT "d"."Zone", "d"."AgvId", "d"."ConfigurationVersion", "d"."UpdatedAt"
FROM "DispatchZoneVehicles" AS "d"
[14:28:06 INF] Executed DbCommand (0ms) [Parameters=[], CommandType='Text', CommandTimeout='30']
SELECT MAX("d"."Version")
FROM "DispatchZoneAreaAssignmentVersions" AS "d"
[14:28:06 INF] Executed DbCommand (0ms) [Parameters=[], CommandType='Text', CommandTimeout='30']
SELECT MAX("d"."Version")
FROM "DispatchZoneParameterVersions" AS "d"
[14:28:06 INF] Executed DbCommand (0ms) [Parameters=[], CommandType='Text', CommandTimeout='30']
SELECT "j"."AgvId", "j"."CreatedAt"
FROM "JourneyRuntimes" AS "j"
WHERE "j"."JourneyId" NOT LIKE 'idle-return:%' AND "j"."JourneyId" NOT LIKE 'charging:%'
[14:28:06 INF] Executed DbCommand (0ms) [Parameters=[@__agvId_0='?' (Size = 10)], CommandType='Text', CommandTimeout='30']
SELECT "a"."SlotModelVersionId", "a"."SnapshotId"
FROM "ActiveSlotConfigurations" AS "a"
WHERE "a"."AgvId" = @__agvId_0
LIMIT 2
[14:28:06 INF] Executed DbCommand (0ms) [Parameters=[@__agvId_0='?' (Size = 10)], CommandType='Text', CommandTimeout='30']
SELECT "s"."SlotModelVersionId", "s"."CreatedAt"
FROM "SlotIoBindings" AS "s"
WHERE "s"."AgvId" = @__agvId_0 AND "s"."Status" = 'PUBLISHED'
[14:28:06 INF] Executed DbCommand (0ms) [Parameters=[@__agvId_0='?' (Size = 10)], CommandType='Text', CommandTimeout='30']
SELECT "s"."AgvId", "s"."ActiveUnlockSlotsJson", "s"."CapabilityHash", "s"."CapabilityRevision", "s"."DepartureSafe", "s"."ForcedRecoveryGeneration", "s"."ManifestSha256", "s"."PendingAttemptIdsJson", "s"."PendingResultIdsJson", "s"."ProfileId", "s"."ProtocolCommit", "s"."ProtocolVersion", "s"."ProvenRecoveryCheckpoint", "s"."Readiness", "s"."ReasonCode", "s"."RecoveryReportId", "s"."ReportedForcedRecoveryGeneration", "s"."ReportedSlotConfigurationFingerprint", "s"."SafetyHash", "s"."SafetyReasonCodesJson", "s"."SafetyRevision", "s"."SafetyUnknownPresent", "s"."SessionGeneration", "s"."UnsettledSlotOperationAttemptId", "s"."UpdatedAt"
FROM "SessionRecoveries" AS "s"
WHERE "s"."AgvId" = @__agvId_0 AND "s"."Readiness" = 'Ready'
LIMIT 2
[14:28:06 INF] Executed DbCommand (0ms) [Parameters=[@__messageType_0='?' (Size = 18)], CommandType='Text', CommandTimeout='30']
SELECT "p"."MessageId", "p"."ContentHash", "p"."FirstResponseJson", "p"."MessageType", "p"."ReceivedAt", "p"."RequestJson"
FROM "ProtocolInbox" AS "p"
WHERE "p"."MessageType" = @__messageType_0
[14:28:06 INF] Executed DbCommand (0ms) [Parameters=[], CommandType='Text', CommandTimeout='30']
SELECT "p"."MessageId", "p"."ContentHash", "p"."FirstResponseJson", "p"."MessageType", "p"."ReceivedAt", "p"."RequestJson"
FROM "ProtocolInbox" AS "p"
WHERE "p"."MessageType" = 'SafetyStateSnapshot'
[14:28:06 INF] Executed DbCommand (0ms) [Parameters=[], CommandType='Text', CommandTimeout='30']
SELECT "p"."MessageId", "p"."ContentHash", "p"."FirstResponseJson", "p"."MessageType", "p"."ReceivedAt", "p"."RequestJson"
FROM "ProtocolInbox" AS "p"
WHERE "p"."MessageType" IN ('SafetyStateSnapshot', 'SafetyStateChanged')
[14:28:06 INF] Executed DbCommand (0ms) [Parameters=[], CommandType='Text', CommandTimeout='30']
SELECT "p"."MessageId", "p"."ContentHash", "p"."FirstResponseJson", "p"."MessageType", "p"."ReceivedAt", "p"."RequestJson"
FROM "ProtocolInbox" AS "p"
[14:28:06 INF] Start processing HTTP request GET http://127.0.0.1:48408/api/task/vehicles/getVehicleInfoByDeviceKey?key=BROKERX-L2-0001
[14:28:06 INF] Sending HTTP request GET http://127.0.0.1:48408/api/task/vehicles/getVehicleInfoByDeviceKey?key=BROKERX-L2-0001
[14:28:06 INF] Received HTTP response headers after 1.0536ms - 200
[14:28:06 INF] End processing HTTP request after 2.0867ms - 200
[14:28:06 INF] Executed DbCommand (0ms) [Parameters=[], CommandType='Text', CommandTimeout='30']
SELECT "c"."ActivationId", "c"."ActivatedAt", "c"."ActivatedBy", "c"."Sequence", "c"."Version"
FROM "ChargingPolicyActivations" AS "c"
ORDER BY "c"."Sequence" DESC
LIMIT 1
[14:28:06 INF] Executed DbCommand (0ms) [Parameters=[], CommandType='Text', CommandTimeout='30']
SELECT "s"."MapId", "s"."StationId", "s"."ChargerRosterVersion", "s"."JourneyId", "s"."RecordId", "s"."State", "s"."StateSince", "s"."StationKind", "s"."VehicleKey", "s"."WaitingPointVersion"
FROM "StationExclusivities" AS "s"
WHERE "s"."StationKind" = 'CHARGER'
[14:28:06 INF] Executed DbCommand (0ms) [Parameters=[@__vehicleKey_0='?' (Size = 15)], CommandType='Text', CommandTimeout='30']
SELECT "m"."VehicleKey", "m"."HoldId", "m"."Reason", "m"."Since", "m"."WarnedAt"
FROM "ManualChargingHolds" AS "m"
WHERE "m"."VehicleKey" = @__vehicleKey_0
LIMIT 2
[14:28:06 INF] Executed DbCommand (0ms) [Parameters=[@__vehicle_VehicleKey_0='?' (Size = 15)], CommandType='Text', CommandTimeout='30']
SELECT "m"."HoldId", "m"."ReleasedAt"
FROM "ManualChargingHoldRecords" AS "m"
WHERE "m"."VehicleKey" = @__vehicle_VehicleKey_0 AND "m"."ReleasedAt" IS NOT NULL
[14:28:06 INF] Executed DbCommand (0ms) [Parameters=[], CommandType='Text', CommandTimeout='30']
SELECT "s"."DemandId"
FROM "StructuralDispatchBlocks" AS "s"
WHERE "s"."ClearedAt" IS NULL
[14:28:06 INF] Executed DbCommand (0ms) [Parameters=[], CommandType='Text', CommandTimeout='30']
SELECT "s"."DemandId", "s"."ReasonCode", "s"."ClearedAt", "s"."DetailJson", "s"."FirstRaisedAt", "s"."LastSeenAt", "s"."TransportDemandKey"
FROM "StructuralDispatchBlocks" AS "s"
WHERE "s"."ClearedAt" IS NULL
[14:28:06 INF] Executed DbCommand (0ms) [Parameters=[], CommandType='Text', CommandTimeout='30']
SELECT "j"."JourneyId", "j"."AgvId", "j"."AgvLifecycleGeneration", "j"."AreaEndAdmissionRevokedSince", "j"."BlockReasonCode", "j"."BlockReasonSince", "j"."CargoHoldingStartedAt", "j"."ChargingPolicyVersion", "j"."ConsumedSafetyResultMessageId", "j"."ConsumedSublotMessageId", "j"."CreatedAt", "j"."DemandId", "j"."DispatchGeneration", "j"."DispatchZone", "j"."ExpectedBasketCount", "j"."FullSlotPositionsJson", "j"."GateMovementLegId", "j"."GatePlanMessageId", "j"."GateStationId", "j"."GateStationRiotId", "j"."GateUpperId", "j"."GateVehicleBusinessMessageId", "j"."GateWorklistMessageId", "j"."LoadCommandMessageId", "j"."LoadSlotOperationAttemptId", "j"."LoadingClosedReason", "j"."LoadingPhaseState", "j"."MapId", "j"."MapIdentity", "j"."OperationSessionId", "j"."PickupMovementLegId", "j"."PickupStationId", "j"."PickupStationRiotId", "j"."PickupUpperId", "j"."PlanMessageId", "j"."PlanRevision", "j"."PreDepartureSafetyCheckId", "j"."PreDepartureSafetyCheckMessageId", "j"."PublishedBatteryState", "j"."RouteEvidenceId", "j"."Stage", "j"."StationDepartureWaitStartedAt", "j"."SublotRequestMessageId", "j"."TargetSlotsJson", "j"."UnloadCommandMessageId", "j"."UnloadSlotOperationAttemptId", "j"."UpdatedAt", "j"."VehicleBusinessMessageId", "j"."VehicleBusinessRevision", "j"."VehicleKey", "j"."Version", "j"."WaitingBatteryObservedAt", "j"."WaitingBatteryPercent", "j"."WaitingSince", "j"."WaitingWarnedAt", "j"."WorklistMessageId", "j"."WorklistRevision", "j"."YieldTriggeredAt", "j"."YieldTriggeredByVehicleKey"
FROM "JourneyRuntimes" AS "j"
WHERE "j"."Stage" <> 'Completed'
[14:28:06 INF] Executed DbCommand (0ms) [Parameters=[], CommandType='Text', CommandTimeout='30']
SELECT "v"."AgvId", "v"."TaskType", "v"."Allowed", "v"."ConfigurationVersion", "v"."UpdatedAt"
FROM "VehicleTaskTypeAdmissions" AS "v"
[14:28:06 INF] Executed DbCommand (0ms) [Parameters=[], CommandType='Text', CommandTimeout='30']
SELECT "v"."AgvId", "v"."ConfigurationVersion", "v"."RoundTimeoutMilliseconds", "v"."UpdatedAt"
FROM "VehicleDispatchBudgets" AS "v"
[14:28:06 INF] Executed DbCommand (0ms) [Parameters=[], CommandType='Text', CommandTimeout='30']
SELECT "d"."Zone", "d"."AgvId", "d"."ConfigurationVersion", "d"."UpdatedAt"
FROM "DispatchZoneVehicles" AS "d"
[14:28:06 INF] Executed DbCommand (0ms) [Parameters=[], CommandType='Text', CommandTimeout='30']
SELECT "j"."JourneyId", "j"."AgvId", "j"."AgvLifecycleGeneration", "j"."AreaEndAdmissionRevokedSince", "j"."BlockReasonCode", "j"."BlockReasonSince", "j"."CargoHoldingStartedAt", "j"."ChargingPolicyVersion", "j"."ConsumedSafetyResultMessageId", "j"."ConsumedSublotMessageId", "j"."CreatedAt", "j"."DemandId", "j"."DispatchGeneration", "j"."DispatchZone", "j"."ExpectedBasketCount", "j"."FullSlotPositionsJson", "j"."GateMovementLegId", "j"."GatePlanMessageId", "j"."GateStationId", "j"."GateStationRiotId", "j"."GateUpperId", "j"."GateVehicleBusinessMessageId", "j"."GateWorklistMessageId", "j"."LoadCommandMessageId", "j"."LoadSlotOperationAttemptId", "j"."LoadingClosedReason", "j"."LoadingPhaseState", "j"."MapId", "j"."MapIdentity", "j"."OperationSessionId", "j"."PickupMovementLegId", "j"."PickupStationId", "j"."PickupStationRiotId", "j"."PickupUpperId", "j"."PlanMessageId", "j"."PlanRevision", "j"."PreDepartureSafetyCheckId", "j"."PreDepartureSafetyCheckMessageId", "j"."PublishedBatteryState", "j"."RouteEvidenceId", "j"."Stage", "j"."StationDepartureWaitStartedAt", "j"."SublotRequestMessageId", "j"."TargetSlotsJson", "j"."UnloadCommandMessageId", "j"."UnloadSlotOperationAttemptId", "j"."UpdatedAt", "j"."VehicleBusinessMessageId", "j"."VehicleBusinessRevision", "j"."VehicleKey", "j"."Version", "j"."WaitingBatteryObservedAt", "j"."WaitingBatteryPercent", "j"."WaitingSince", "j"."WaitingWarnedAt", "j"."WorklistMessageId", "j"."WorklistRevision", "j"."YieldTriggeredAt", "j"."YieldTriggeredByVehicleKey"
FROM "JourneyRuntimes" AS "j"
WHERE "j"."Stage" <> 'Completed'
[14:28:06 INF] Executed DbCommand (0ms) [Parameters=[], CommandType='Text', CommandTimeout='30']
SELECT EXISTS (
    SELECT 1
    FROM "SessionRecoveries" AS "s"
    WHERE "s"."Readiness" = 'Ready')
[14:28:06 INF] HTTP GET /health/ready responded 200 in 2.4132 ms
[14:28:07 INF] Executed DbCommand (0ms) [Parameters=[], CommandType='Text', CommandTimeout='30']
SELECT "a"."AgvId"
FROM "AgvLifecycles" AS "a"
WHERE "a"."Archived"
[14:28:07 INF] Start processing HTTP request GET http://127.0.0.1:48408/api/order/v1/orderRecord?pageNum=1&pageSize=100&filterByState=1&filterByState=3&filterByState=7&filterByState=8&filterByState=9&filterByState=10
[14:28:07 INF] Sending HTTP request GET http://127.0.0.1:48408/api/order/v1/orderRecord?pageNum=1&pageSize=100&filterByState=1&filterByState=3&filterByState=7&filterByState=8&filterByState=9&filterByState=10
[14:28:07 INF] Received HTTP response headers after 1.5162ms - 200
[14:28:07 INF] End processing HTTP request after 2.9741ms - 200
[14:28:07 INF] Executed DbCommand (0ms) [Parameters=[@__listedIds_0='?' (Size = 2)], CommandType='Text', CommandTimeout='30']
SELECT "f"."RiotOrderId", "f"."AgvId", "f"."CancelCallDisposition", "f"."CancelCommandAuditId", "f"."CancelDecidedAt", "f"."CancelResult", "f"."CancelResultAt", "f"."CancelSentAt", "f"."DetectedAt", "f"."DeviceKey", "f"."EndedAt", "f"."EndedOrderState", "f"."LastSeenRunningAt", "f"."OrderStateAtDetection", "f"."Ownership", "f"."OwnershipBasis", "f"."State", "f"."UpdatedAt", "f"."UpperId"
FROM "ForeignRiotOrders" AS "f"
WHERE "f"."State" <> 'ENDED' OR "f"."RiotOrderId" IN (
    SELECT "l"."value"
    FROM json_each(@__listedIds_0) AS "l"
)
[14:28:07 INF] Executed DbCommand (0ms) [Parameters=[], CommandType='Text', CommandTimeout='30']
SELECT "s"."MapId", "s"."StationId", "s"."ChargerRosterVersion", "s"."JourneyId", "s"."RecordId", "s"."State", "s"."StateSince", "s"."StationKind", "s"."VehicleKey", "s"."WaitingPointVersion"
FROM "StationExclusivities" AS "s"
WHERE "s"."StationKind" IN ('FIXED_TASK_STATION', 'WAITING_POINT')
[14:28:07 INF] Executed DbCommand (0ms) [Parameters=[@__mapId_0='?' (DbType = Int32)], CommandType='Text', CommandTimeout='30']
SELECT "t"."MapId", "t"."ActiveVersion", "t"."PendingVersion", "t"."State", "t"."UpdatedAt"
FROM "TaskTypeStationActiveBindingSets" AS "t"
WHERE "t"."MapId" = @__mapId_0
LIMIT 2
[14:28:07 INF] Executed DbCommand (0ms) [Parameters=[@__mapId_0='?' (DbType = Int32), @__version_1='?' (DbType = Int64)], CommandType='Text', CommandTimeout='30']
SELECT "t"."MapId", "t"."Version", "t"."CatalogRevision", "t"."ContentSha256", "t"."LoadedAt", "t"."RuleVersion", "t"."SnapshotId", "t"."Source"
FROM "TaskTypeStationBindingSetVersions" AS "t"
WHERE "t"."MapId" = @__mapId_0 AND "t"."Version" = @__version_1
LIMIT 2
[14:28:07 INF] Executed DbCommand (0ms) [Parameters=[@__mapId_0='?' (DbType = Int32), @__version_1='?' (DbType = Int64)], CommandType='Text', CommandTimeout='30']
SELECT "t"."TaskType"
FROM "TaskTypeStationRequirements" AS "t"
WHERE "t"."MapId" = @__mapId_0 AND "t"."Version" = @__version_1
[14:28:07 INF] Executed DbCommand (0ms) [Parameters=[@__mapId_0='?' (DbType = Int32), @__version_1='?' (DbType = Int64)], CommandType='Text', CommandTimeout='30']
SELECT "t"."MapId", "t"."Version", "t"."TaskType", "t"."SiteVerificationRef", "t"."StationName", "t"."StationRiotId"
FROM "TaskTypeStationBindings" AS "t"
WHERE "t"."MapId" = @__mapId_0 AND "t"."Version" = @__version_1
[14:28:07 INF] Executed DbCommand (0ms) [Parameters=[], CommandType='Text', CommandTimeout='30']
SELECT "j"."JourneyId", "j"."AgvId", "j"."AgvLifecycleGeneration", "j"."AreaEndAdmissionRevokedSince", "j"."BlockReasonCode", "j"."BlockReasonSince", "j"."CargoHoldingStartedAt", "j"."ChargingPolicyVersion", "j"."ConsumedSafetyResultMessageId", "j"."ConsumedSublotMessageId", "j"."CreatedAt", "j"."DemandId", "j"."DispatchGeneration", "j"."DispatchZone", "j"."ExpectedBasketCount", "j"."FullSlotPositionsJson", "j"."GateMovementLegId", "j"."GatePlanMessageId", "j"."GateStationId", "j"."GateStationRiotId", "j"."GateUpperId", "j"."GateVehicleBusinessMessageId", "j"."GateWorklistMessageId", "j"."LoadCommandMessageId", "j"."LoadSlotOperationAttemptId", "j"."LoadingClosedReason", "j"."LoadingPhaseState", "j"."MapId", "j"."MapIdentity", "j"."OperationSessionId", "j"."PickupMovementLegId", "j"."PickupStationId", "j"."PickupStationRiotId", "j"."PickupUpperId", "j"."PlanMessageId", "j"."PlanRevision", "j"."PreDepartureSafetyCheckId", "j"."PreDepartureSafetyCheckMessageId", "j"."PublishedBatteryState", "j"."RouteEvidenceId", "j"."Stage", "j"."StationDepartureWaitStartedAt", "j"."SublotRequestMessageId", "j"."TargetSlotsJson", "j"."UnloadCommandMessageId", "j"."UnloadSlotOperationAttemptId", "j"."UpdatedAt", "j"."VehicleBusinessMessageId", "j"."VehicleBusinessRevision", "j"."VehicleKey", "j"."Version", "j"."WaitingBatteryObservedAt", "j"."WaitingBatteryPercent", "j"."WaitingSince", "j"."WaitingWarnedAt", "j"."WorklistMessageId", "j"."WorklistRevision", "j"."YieldTriggeredAt", "j"."YieldTriggeredByVehicleKey"
FROM "JourneyRuntimes" AS "j"
WHERE "j"."Stage" NOT IN ('Completed', 'Blocked')
[14:28:07 INF] Start processing HTTP request GET http://127.0.0.1:48408/api/imap/v1/mapInfo/getALLMapInfoExcludeMapJson
[14:28:07 INF] Sending HTTP request GET http://127.0.0.1:48408/api/imap/v1/mapInfo/getALLMapInfoExcludeMapJson
[14:28:07 INF] Received HTTP response headers after 0.9192ms - 200
[14:28:07 INF] End processing HTTP request after 2.197ms - 200
[14:28:07 INF] Executed DbCommand (0ms) [Parameters=[@__mapId_0='?' (DbType = Int32)], CommandType='Text', CommandTimeout='30']
SELECT "m"."MapId", "m"."AcceptedAt", "m"."AcceptedBy", "m"."EstablishedAt", "m"."Name", "m"."PendingName", "m"."PendingSince"
FROM "MapNameBaselines" AS "m"
WHERE "m"."MapId" = @__mapId_0
LIMIT 2
[14:28:07 INF] Start processing HTTP request GET http://127.0.0.1:48408/api/imap/v1/mapInfo/stations/25
[14:28:07 INF] Sending HTTP request GET http://127.0.0.1:48408/api/imap/v1/mapInfo/stations/25
[14:28:07 INF] Received HTTP response headers after 0.7841ms - 200
[14:28:07 INF] End processing HTTP request after 1.7542ms - 200
[14:28:07 INF] Executed DbCommand (0ms) [Parameters=[@__mapId_0='?' (DbType = Int32)], CommandType='Text', CommandTimeout='30']
SELECT "t"."MapId", "t"."ActiveVersion", "t"."PendingVersion", "t"."State", "t"."UpdatedAt"
FROM "TaskTypeStationActiveBindingSets" AS "t"
WHERE "t"."MapId" = @__mapId_0
LIMIT 2
[14:28:07 INF] Executed DbCommand (0ms) [Parameters=[@__mapId_0='?' (DbType = Int32), @__version_1='?' (DbType = Int64)], CommandType='Text', CommandTimeout='30']
SELECT "t"."MapId", "t"."Version", "t"."CatalogRevision", "t"."ContentSha256", "t"."LoadedAt", "t"."RuleVersion", "t"."SnapshotId", "t"."Source"
FROM "TaskTypeStationBindingSetVersions" AS "t"
WHERE "t"."MapId" = @__mapId_0 AND "t"."Version" = @__version_1
LIMIT 2
[14:28:07 INF] Executed DbCommand (0ms) [Parameters=[@__mapId_0='?' (DbType = Int32), @__version_1='?' (DbType = Int64)], CommandType='Text', CommandTimeout='30']
SELECT "t"."TaskType"
FROM "TaskTypeStationRequirements" AS "t"
WHERE "t"."MapId" = @__mapId_0 AND "t"."Version" = @__version_1
[14:28:07 INF] Executed DbCommand (0ms) [Parameters=[@__mapId_0='?' (DbType = Int32), @__version_1='?' (DbType = Int64)], CommandType='Text', CommandTimeout='30']
SELECT "t"."MapId", "t"."Version", "t"."TaskType", "t"."SiteVerificationRef", "t"."StationName", "t"."StationRiotId"
FROM "TaskTypeStationBindings" AS "t"
WHERE "t"."MapId" = @__mapId_0 AND "t"."Version" = @__version_1
[14:28:07 INF] Executed DbCommand (0ms) [Parameters=[@__version_0='?' (DbType = Int64)], CommandType='Text', CommandTimeout='30']
SELECT "t"."Version", "t"."ContentSha256", "t"."LoadedAt", "t"."SnapshotId", "t"."Source"
FROM "TaskTypeStationRuleVersions" AS "t"
WHERE "t"."Version" = @__version_0
LIMIT 2
[14:28:07 INF] Executed DbCommand (0ms) [Parameters=[@__version_0='?' (DbType = Int64)], CommandType='Text', CommandTimeout='30']
SELECT "t"."Version", "t"."TaskType", "t"."FixedEnd"
FROM "TaskTypeStationRules" AS "t"
WHERE "t"."Version" = @__version_0
[14:28:07 INF] Executed DbCommand (0ms) [Parameters=[@__mapId_0='?' (DbType = Int32)], CommandType='Text', CommandTimeout='30']
SELECT "t"."MapId", "t"."ActiveVersion", "t"."PendingVersion", "t"."State", "t"."UpdatedAt"
FROM "TaskTypeStationActiveBindingSets" AS "t"
WHERE "t"."MapId" = @__mapId_0
LIMIT 2
[14:28:07 INF] Executed DbCommand (0ms) [Parameters=[@__mapId_0='?' (DbType = Int32)], CommandType='Text', CommandTimeout='30']
SELECT "t"."HoldId", "t"."DetailJson", "t"."MapId", "t"."RaisedAt", "t"."RaisedBy", "t"."ReasonCode", "t"."ReleasedAt", "t"."ReleasedBy", "t"."Source", "t"."TaskType"
FROM "TaskTypeStationHolds" AS "t"
WHERE "t"."MapId" = @__mapId_0 AND "t"."ReleasedAt" IS NULL
[14:28:07 INF] Executed DbCommand (0ms) [Parameters=[@__mapId_0='?' (DbType = Int32)], CommandType='Text', CommandTimeout='30']
SELECT "m"."MapId", "m"."ApprovedMaxUnconfirmedSeconds", "m"."ApprovedSyncPeriodSeconds", "m"."CatalogRevision", "m"."LastAttemptAt", "m"."LastCompleteConfirmationAt", "m"."LastFailureReason", "m"."State", "m"."UpdatedAt"
FROM "MapStationCatalogStates" AS "m"
WHERE "m"."MapId" = @__mapId_0
LIMIT 2
[14:28:07 INF] Executed DbCommand (0ms) [Parameters=[@p3='?' (DbType = Int32), @p0='?' (DbType = DateTimeOffset), @p1='?' (DbType = DateTimeOffset), @p2='?' (DbType = DateTimeOffset)], CommandType='Text', CommandTimeout='30']
UPDATE "MapStationCatalogStates" SET "LastAttemptAt" = @p0, "LastCompleteConfirmationAt" = @p1, "UpdatedAt" = @p2
WHERE "MapId" = @p3
RETURNING 1;
[14:28:07 INF] Executed DbCommand (0ms) [Parameters=[@__mapId_0='?' (DbType = Int32)], CommandType='Text', CommandTimeout='30']
SELECT "t"."MapId", "t"."ActiveVersion", "t"."PendingVersion", "t"."State", "t"."UpdatedAt"
FROM "TaskTypeStationActiveBindingSets" AS "t"
WHERE "t"."MapId" = @__mapId_0
LIMIT 2
[14:28:07 INF] Executed DbCommand (0ms) [Parameters=[@__mapId_0='?' (DbType = Int32), @__version_1='?' (DbType = Int64)], CommandType='Text', CommandTimeout='30']
SELECT "t"."MapId", "t"."Version", "t"."CatalogRevision", "t"."ContentSha256", "t"."LoadedAt", "t"."RuleVersion", "t"."SnapshotId", "t"."Source"
FROM "TaskTypeStationBindingSetVersions" AS "t"
WHERE "t"."MapId" = @__mapId_0 AND "t"."Version" = @__version_1
LIMIT 2
[14:28:07 INF] Executed DbCommand (0ms) [Parameters=[@__mapId_0='?' (DbType = Int32), @__version_1='?' (DbType = Int64)], CommandType='Text', CommandTimeout='30']
SELECT "t"."TaskType"
FROM "TaskTypeStationRequirements" AS "t"
WHERE "t"."MapId" = @__mapId_0 AND "t"."Version" = @__version_1
[14:28:07 INF] Executed DbCommand (0ms) [Parameters=[@__mapId_0='?' (DbType = Int32), @__version_1='?' (DbType = Int64)], CommandType='Text', CommandTimeout='30']
SELECT "t"."MapId", "t"."Version", "t"."TaskType", "t"."SiteVerificationRef", "t"."StationName", "t"."StationRiotId"
FROM "TaskTypeStationBindings" AS "t"
WHERE "t"."MapId" = @__mapId_0 AND "t"."Version" = @__version_1
[14:28:07 INF] Executed DbCommand (0ms) [Parameters=[@__mapId_0='?' (DbType = Int32)], CommandType='Text', CommandTimeout='30']
SELECT "t"."MapId", "t"."ActiveVersion", "t"."PendingVersion", "t"."State", "t"."UpdatedAt"
FROM "TaskTypeStationActiveBindingSets" AS "t"
WHERE "t"."MapId" = @__mapId_0
LIMIT 2
[14:28:07 INF] Executed DbCommand (0ms) [Parameters=[@__mapId_0='?' (DbType = Int32), @__version_1='?' (DbType = Int64)], CommandType='Text', CommandTimeout='30']
SELECT "t"."MapId", "t"."Version", "t"."CatalogRevision", "t"."ContentSha256", "t"."LoadedAt", "t"."RuleVersion", "t"."SnapshotId", "t"."Source"
FROM "TaskTypeStationBindingSetVersions" AS "t"
WHERE "t"."MapId" = @__mapId_0 AND "t"."Version" = @__version_1
LIMIT 2
[14:28:07 INF] Executed DbCommand (0ms) [Parameters=[@__mapId_0='?' (DbType = Int32), @__version_1='?' (DbType = Int64)], CommandType='Text', CommandTimeout='30']
SELECT "t"."TaskType"
FROM "TaskTypeStationRequirements" AS "t"
WHERE "t"."MapId" = @__mapId_0 AND "t"."Version" = @__version_1
[14:28:07 INF] Executed DbCommand (0ms) [Parameters=[@__mapId_0='?' (DbType = Int32), @__version_1='?' (DbType = Int64)], CommandType='Text', CommandTimeout='30']
SELECT "t"."MapId", "t"."Version", "t"."TaskType", "t"."SiteVerificationRef", "t"."StationName", "t"."StationRiotId"
FROM "TaskTypeStationBindings" AS "t"
WHERE "t"."MapId" = @__mapId_0 AND "t"."Version" = @__version_1
[14:28:07 INF] Executed DbCommand (0ms) [Parameters=[@__version_0='?' (DbType = Int64)], CommandType='Text', CommandTimeout='30']
SELECT "t"."Version", "t"."ContentSha256", "t"."LoadedAt", "t"."SnapshotId", "t"."Source"
FROM "TaskTypeStationRuleVersions" AS "t"
WHERE "t"."Version" = @__version_0
LIMIT 2
[14:28:07 INF] Executed DbCommand (0ms) [Parameters=[@__version_0='?' (DbType = Int64)], CommandType='Text', CommandTimeout='30']
SELECT "t"."Version", "t"."TaskType", "t"."FixedEnd"
FROM "TaskTypeStationRules" AS "t"
WHERE "t"."Version" = @__version_0
[14:28:07 INF] Executed DbCommand (0ms) [Parameters=[], CommandType='Text', CommandTimeout='30']
SELECT "a"."Id", "a"."ContentHash", "a"."DeploymentId", "a"."ImportedAt", "a"."Version"
FROM "AdmissionPolicyState" AS "a"
WHERE "a"."Id" = 1
LIMIT 2
[14:28:07 INF] Executed DbCommand (0ms) [Parameters=[], CommandType='Text', CommandTimeout='30']
SELECT "v"."VehicleKey", "v"."ClaimedAt", "v"."JourneyId", "v"."Purpose"
FROM "VehiclePurposeClaims" AS "v"
WHERE "v"."Purpose" = 'IDLE_RETURN'
[14:28:07 INF] Executed DbCommand (0ms) [Parameters=[], CommandType='Text', CommandTimeout='30']
SELECT "j"."JourneyId", "j"."AgvId", "j"."AgvLifecycleGeneration", "j"."AreaEndAdmissionRevokedSince", "j"."BlockReasonCode", "j"."BlockReasonSince", "j"."CargoHoldingStartedAt", "j"."ChargingPolicyVersion", "j"."ConsumedSafetyResultMessageId", "j"."ConsumedSublotMessageId", "j"."CreatedAt", "j"."DemandId", "j"."DispatchGeneration", "j"."DispatchZone", "j"."ExpectedBasketCount", "j"."FullSlotPositionsJson", "j"."GateMovementLegId", "j"."GatePlanMessageId", "j"."GateStationId", "j"."GateStationRiotId", "j"."GateUpperId", "j"."GateVehicleBusinessMessageId", "j"."GateWorklistMessageId", "j"."LoadCommandMessageId", "j"."LoadSlotOperationAttemptId", "j"."LoadingClosedReason", "j"."LoadingPhaseState", "j"."MapId", "j"."MapIdentity", "j"."OperationSessionId", "j"."PickupMovementLegId", "j"."PickupStationId", "j"."PickupStationRiotId", "j"."PickupUpperId", "j"."PlanMessageId", "j"."PlanRevision", "j"."PreDepartureSafetyCheckId", "j"."PreDepartureSafetyCheckMessageId", "j"."PublishedBatteryState", "j"."RouteEvidenceId", "j"."Stage", "j"."StationDepartureWaitStartedAt", "j"."SublotRequestMessageId", "j"."TargetSlotsJson", "j"."UnloadCommandMessageId", "j"."UnloadSlotOperationAttemptId", "j"."UpdatedAt", "j"."VehicleBusinessMessageId", "j"."VehicleBusinessRevision", "j"."VehicleKey", "j"."Version", "j"."WaitingBatteryObservedAt", "j"."WaitingBatteryPercent", "j"."WaitingSince", "j"."WaitingWarnedAt", "j"."WorklistMessageId", "j"."WorklistRevision", "j"."YieldTriggeredAt", "j"."YieldTriggeredByVehicleKey"
FROM "JourneyRuntimes" AS "j"
WHERE "j"."Stage" <> 'Completed'
[14:28:07 INF] Executed DbCommand (0ms) [Parameters=[@__holding_0='?' (Size = 129)], CommandType='Text', CommandTimeout='30']
SELECT "f"."AgvId"
FROM "ForeignRiotOrders" AS "f"
WHERE "f"."State" IN (
    SELECT "h"."value"
    FROM json_each(@__holding_0) AS "h"
)
[14:28:07 INF] Executed DbCommand (0ms) [Parameters=[], CommandType='Text', CommandTimeout='30']
SELECT "a"."DemandId"
FROM "AcceptedDemands" AS "a"
WHERE "a"."Status" NOT IN ('Succeeded', 'Cancelled') AND NOT EXISTS (
    SELECT 1
    FROM "AcceptedDemands" AS "a0"
    WHERE "a0"."Status" NOT IN ('Succeeded', 'Cancelled') AND NOT EXISTS (
        SELECT 1
        FROM "JourneyDemands" AS "j"
        WHERE "j"."DemandId" = "a0"."DemandId" AND "j"."RemovedAt" IS NULL) AND EXISTS (
        SELECT 1
        FROM "JourneyDemands" AS "j0"
        WHERE "j0"."DemandId" = "a0"."DemandId" AND "j0"."RemovedAt" IS NOT NULL AND "j0"."RemovalReason" = 'RELEASED_FOR_REDISPATCH' AND NOT EXISTS (
            SELECT 1
            FROM "JourneyDemands" AS "j1"
            WHERE "j1"."DemandId" = "a0"."DemandId" AND "j1"."DispatchGeneration" > "j0"."DispatchGeneration")) AND "a0"."DemandId" = "a"."DemandId")
[14:28:07 INF] Executed DbCommand (0ms) [Parameters=[], CommandType='Text', CommandTimeout='30']
SELECT "j"."DemandId"
FROM "JourneyDemands" AS "j"
WHERE "j"."RemovedAt" IS NULL
[14:28:07 INF] Start processing HTTP request GET http://127.0.0.1:48409/api/v2/contract
[14:28:07 INF] Sending HTTP request GET http://127.0.0.1:48409/api/v2/contract
[14:28:07 INF] Received HTTP response headers after 1.0721ms - 200
[14:28:07 INF] End processing HTTP request after 1.8383ms - 200
[14:28:07 INF] Start processing HTTP request GET http://127.0.0.1:48409/api/v2/externally-readable-demand-catalog
[14:28:07 INF] Sending HTTP request GET http://127.0.0.1:48409/api/v2/externally-readable-demand-catalog
[14:28:07 INF] Received HTTP response headers after 0.8573ms - 200
[14:28:07 INF] End processing HTTP request after 1.8005ms - 200
[14:28:07 INF] Executed DbCommand (0ms) [Parameters=[], CommandType='Text', CommandTimeout='30']
SELECT "j"."DemandId", "j"."AcceptedAt", "j"."DecisionFingerprint", "j"."DemandCreatedAt", "j"."FirstSeenAt", "j"."LastSeenAt", "j"."ReasonCode", "j"."StarvationEscalatedAt", "j"."StarvationEscalationParameterVersion", "j"."TransportDemandKey"
FROM "JourneyBacklog" AS "j"
[14:28:07 INF] Executed DbCommand (0ms) [Parameters=[], CommandType='Text', CommandTimeout='30']
SELECT "a"."DemandId"
FROM "AcceptedDemands" AS "a"
WHERE NOT EXISTS (
    SELECT 1
    FROM "AcceptedDemands" AS "a0"
    WHERE "a0"."Status" NOT IN ('Succeeded', 'Cancelled') AND NOT EXISTS (
        SELECT 1
        FROM "JourneyDemands" AS "j"
        WHERE "j"."DemandId" = "a0"."DemandId" AND "j"."RemovedAt" IS NULL) AND EXISTS (
        SELECT 1
        FROM "JourneyDemands" AS "j0"
        WHERE "j0"."DemandId" = "a0"."DemandId" AND "j0"."RemovedAt" IS NOT NULL AND "j0"."RemovalReason" = 'RELEASED_FOR_REDISPATCH' AND NOT EXISTS (
            SELECT 1
            FROM "JourneyDemands" AS "j1"
            WHERE "j1"."DemandId" = "a0"."DemandId" AND "j1"."DispatchGeneration" > "j0"."DispatchGeneration")) AND "a0"."DemandId" = "a"."DemandId")
[14:28:07 INF] Executed DbCommand (0ms) [Parameters=[], CommandType='Text', CommandTimeout='30']
SELECT "j"."DemandId", MAX("j"."DispatchGeneration") AS "Generation"
FROM "JourneyDemands" AS "j"
WHERE EXISTS (
    SELECT 1
    FROM "AcceptedDemands" AS "a"
    WHERE "a"."Status" NOT IN ('Succeeded', 'Cancelled') AND NOT EXISTS (
        SELECT 1
        FROM "JourneyDemands" AS "j0"
        WHERE "j0"."DemandId" = "a"."DemandId" AND "j0"."RemovedAt" IS NULL) AND EXISTS (
        SELECT 1
        FROM "JourneyDemands" AS "j1"
        WHERE "j1"."DemandId" = "a"."DemandId" AND "j1"."RemovedAt" IS NOT NULL AND "j1"."RemovalReason" = 'RELEASED_FOR_REDISPATCH' AND NOT EXISTS (
            SELECT 1
            FROM "JourneyDemands" AS "j2"
            WHERE "j2"."DemandId" = "a"."DemandId" AND "j2"."DispatchGeneration" > "j1"."DispatchGeneration")) AND "a"."DemandId" = "j"."DemandId")
GROUP BY "j"."DemandId"
[14:28:07 INF] Executed DbCommand (0ms) [Parameters=[], CommandType='Text', CommandTimeout='30']
SELECT "v"."AgvId", "v"."TaskType", "v"."Allowed", "v"."ConfigurationVersion", "v"."UpdatedAt"
FROM "VehicleTaskTypeAdmissions" AS "v"
[14:28:07 INF] Executed DbCommand (0ms) [Parameters=[], CommandType='Text', CommandTimeout='30']
SELECT "v"."AgvId", "v"."ConfigurationVersion", "v"."RoundTimeoutMilliseconds", "v"."UpdatedAt"
FROM "VehicleDispatchBudgets" AS "v"
[14:28:07 INF] Executed DbCommand (0ms) [Parameters=[], CommandType='Text', CommandTimeout='30']
SELECT "d"."Zone", "d"."AgvId", "d"."ConfigurationVersion", "d"."UpdatedAt"
FROM "DispatchZoneVehicles" AS "d"
[14:28:07 INF] Executed DbCommand (0ms) [Parameters=[], CommandType='Text', CommandTimeout='30']
SELECT MAX("d"."Version")
FROM "DispatchZoneAreaAssignmentVersions" AS "d"
[14:28:07 INF] Executed DbCommand (0ms) [Parameters=[], CommandType='Text', CommandTimeout='30']
SELECT MAX("d"."Version")
FROM "DispatchZoneParameterVersions" AS "d"
[14:28:07 INF] Executed DbCommand (0ms) [Parameters=[], CommandType='Text', CommandTimeout='30']
SELECT "j"."AgvId", "j"."CreatedAt"
FROM "JourneyRuntimes" AS "j"
WHERE "j"."JourneyId" NOT LIKE 'idle-return:%' AND "j"."JourneyId" NOT LIKE 'charging:%'
[14:28:07 INF] Executed DbCommand (0ms) [Parameters=[@__agvId_0='?' (Size = 10)], CommandType='Text', CommandTimeout='30']
SELECT "a"."SlotModelVersionId", "a"."SnapshotId"
FROM "ActiveSlotConfigurations" AS "a"
WHERE "a"."AgvId" = @__agvId_0
LIMIT 2
[14:28:07 INF] Executed DbCommand (0ms) [Parameters=[@__agvId_0='?' (Size = 10)], CommandType='Text', CommandTimeout='30']
SELECT "s"."SlotModelVersionId", "s"."CreatedAt"
FROM "SlotIoBindings" AS "s"
WHERE "s"."AgvId" = @__agvId_0 AND "s"."Status" = 'PUBLISHED'
[14:28:07 INF] Executed DbCommand (0ms) [Parameters=[@__agvId_0='?' (Size = 10)], CommandType='Text', CommandTimeout='30']
SELECT "s"."AgvId", "s"."ActiveUnlockSlotsJson", "s"."CapabilityHash", "s"."CapabilityRevision", "s"."DepartureSafe", "s"."ForcedRecoveryGeneration", "s"."ManifestSha256", "s"."PendingAttemptIdsJson", "s"."PendingResultIdsJson", "s"."ProfileId", "s"."ProtocolCommit", "s"."ProtocolVersion", "s"."ProvenRecoveryCheckpoint", "s"."Readiness", "s"."ReasonCode", "s"."RecoveryReportId", "s"."ReportedForcedRecoveryGeneration", "s"."ReportedSlotConfigurationFingerprint", "s"."SafetyHash", "s"."SafetyReasonCodesJson", "s"."SafetyRevision", "s"."SafetyUnknownPresent", "s"."SessionGeneration", "s"."UnsettledSlotOperationAttemptId", "s"."UpdatedAt"
FROM "SessionRecoveries" AS "s"
WHERE "s"."AgvId" = @__agvId_0 AND "s"."Readiness" = 'Ready'
LIMIT 2
[14:28:07 INF] Executed DbCommand (0ms) [Parameters=[@__messageType_0='?' (Size = 18)], CommandType='Text', CommandTimeout='30']
SELECT "p"."MessageId", "p"."ContentHash", "p"."FirstResponseJson", "p"."MessageType", "p"."ReceivedAt", "p"."RequestJson"
FROM "ProtocolInbox" AS "p"
WHERE "p"."MessageType" = @__messageType_0
[14:28:07 INF] Executed DbCommand (0ms) [Parameters=[], CommandType='Text', CommandTimeout='30']
SELECT "p"."MessageId", "p"."ContentHash", "p"."FirstResponseJson", "p"."MessageType", "p"."ReceivedAt", "p"."RequestJson"
FROM "ProtocolInbox" AS "p"
WHERE "p"."MessageType" = 'SafetyStateSnapshot'
[14:28:07 INF] Executed DbCommand (0ms) [Parameters=[], CommandType='Text', CommandTimeout='30']
SELECT "p"."MessageId", "p"."ContentHash", "p"."FirstResponseJson", "p"."MessageType", "p"."ReceivedAt", "p"."RequestJson"
FROM "ProtocolInbox" AS "p"
WHERE "p"."MessageType" IN ('SafetyStateSnapshot', 'SafetyStateChanged')
[14:28:07 INF] Executed DbCommand (0ms) [Parameters=[], CommandType='Text', CommandTimeout='30']
SELECT "p"."MessageId", "p"."ContentHash", "p"."FirstResponseJson", "p"."MessageType", "p"."ReceivedAt", "p"."RequestJson"
FROM "ProtocolInbox" AS "p"
[14:28:07 INF] Start processing HTTP request GET http://127.0.0.1:48408/api/task/vehicles/getVehicleInfoByDeviceKey?key=BROKERX-L2-0001
[14:28:07 INF] Sending HTTP request GET http://127.0.0.1:48408/api/task/vehicles/getVehicleInfoByDeviceKey?key=BROKERX-L2-0001
[14:28:07 INF] Received HTTP response headers after 0.8359ms - 200
[14:28:07 INF] End processing HTTP request after 1.8147ms - 200
[14:28:07 INF] Executed DbCommand (0ms) [Parameters=[], CommandType='Text', CommandTimeout='30']
SELECT "c"."ActivationId", "c"."ActivatedAt", "c"."ActivatedBy", "c"."Sequence", "c"."Version"
FROM "ChargingPolicyActivations" AS "c"
ORDER BY "c"."Sequence" DESC
LIMIT 1
[14:28:07 INF] Executed DbCommand (0ms) [Parameters=[], CommandType='Text', CommandTimeout='30']
SELECT "s"."MapId", "s"."StationId", "s"."ChargerRosterVersion", "s"."JourneyId", "s"."RecordId", "s"."State", "s"."StateSince", "s"."StationKind", "s"."VehicleKey", "s"."WaitingPointVersion"
FROM "StationExclusivities" AS "s"
WHERE "s"."StationKind" = 'CHARGER'
[14:28:07 INF] Executed DbCommand (0ms) [Parameters=[@__vehicleKey_0='?' (Size = 15)], CommandType='Text', CommandTimeout='30']
SELECT "m"."VehicleKey", "m"."HoldId", "m"."Reason", "m"."Since", "m"."WarnedAt"
FROM "ManualChargingHolds" AS "m"
WHERE "m"."VehicleKey" = @__vehicleKey_0
LIMIT 2
[14:28:07 INF] Executed DbCommand (0ms) [Parameters=[@__vehicle_VehicleKey_0='?' (Size = 15)], CommandType='Text', CommandTimeout='30']
SELECT "m"."HoldId", "m"."ReleasedAt"
FROM "ManualChargingHoldRecords" AS "m"
WHERE "m"."VehicleKey" = @__vehicle_VehicleKey_0 AND "m"."ReleasedAt" IS NOT NULL
[14:28:07 INF] Executed DbCommand (0ms) [Parameters=[], CommandType='Text', CommandTimeout='30']
SELECT "s"."DemandId"
FROM "StructuralDispatchBlocks" AS "s"
WHERE "s"."ClearedAt" IS NULL
[14:28:07 INF] Executed DbCommand (0ms) [Parameters=[], CommandType='Text', CommandTimeout='30']
SELECT "s"."DemandId", "s"."ReasonCode", "s"."ClearedAt", "s"."DetailJson", "s"."FirstRaisedAt", "s"."LastSeenAt", "s"."TransportDemandKey"
FROM "StructuralDispatchBlocks" AS "s"
WHERE "s"."ClearedAt" IS NULL
[14:28:07 INF] Executed DbCommand (0ms) [Parameters=[], CommandType='Text', CommandTimeout='30']
SELECT "j"."JourneyId", "j"."AgvId", "j"."AgvLifecycleGeneration", "j"."AreaEndAdmissionRevokedSince", "j"."BlockReasonCode", "j"."BlockReasonSince", "j"."CargoHoldingStartedAt", "j"."ChargingPolicyVersion", "j"."ConsumedSafetyResultMessageId", "j"."ConsumedSublotMessageId", "j"."CreatedAt", "j"."DemandId", "j"."DispatchGeneration", "j"."DispatchZone", "j"."ExpectedBasketCount", "j"."FullSlotPositionsJson", "j"."GateMovementLegId", "j"."GatePlanMessageId", "j"."GateStationId", "j"."GateStationRiotId", "j"."GateUpperId", "j"."GateVehicleBusinessMessageId", "j"."GateWorklistMessageId", "j"."LoadCommandMessageId", "j"."LoadSlotOperationAttemptId", "j"."LoadingClosedReason", "j"."LoadingPhaseState", "j"."MapId", "j"."MapIdentity", "j"."OperationSessionId", "j"."PickupMovementLegId", "j"."PickupStationId", "j"."PickupStationRiotId", "j"."PickupUpperId", "j"."PlanMessageId", "j"."PlanRevision", "j"."PreDepartureSafetyCheckId", "j"."PreDepartureSafetyCheckMessageId", "j"."PublishedBatteryState", "j"."RouteEvidenceId", "j"."Stage", "j"."StationDepartureWaitStartedAt", "j"."SublotRequestMessageId", "j"."TargetSlotsJson", "j"."UnloadCommandMessageId", "j"."UnloadSlotOperationAttemptId", "j"."UpdatedAt", "j"."VehicleBusinessMessageId", "j"."VehicleBusinessRevision", "j"."VehicleKey", "j"."Version", "j"."WaitingBatteryObservedAt", "j"."WaitingBatteryPercent", "j"."WaitingSince", "j"."WaitingWarnedAt", "j"."WorklistMessageId", "j"."WorklistRevision", "j"."YieldTriggeredAt", "j"."YieldTriggeredByVehicleKey"
FROM "JourneyRuntimes" AS "j"
WHERE "j"."Stage" <> 'Completed'
[14:28:07 INF] Executed DbCommand (0ms) [Parameters=[], CommandType='Text', CommandTimeout='30']
SELECT "v"."AgvId", "v"."TaskType", "v"."Allowed", "v"."ConfigurationVersion", "v"."UpdatedAt"
FROM "VehicleTaskTypeAdmissions" AS "v"
[14:28:07 INF] Executed DbCommand (0ms) [Parameters=[], CommandType='Text', CommandTimeout='30']
SELECT "v"."AgvId", "v"."ConfigurationVersion", "v"."RoundTimeoutMilliseconds", "v"."UpdatedAt"
FROM "VehicleDispatchBudgets" AS "v"
[14:28:07 INF] Executed DbCommand (0ms) [Parameters=[], CommandType='Text', CommandTimeout='30']
SELECT "d"."Zone", "d"."AgvId", "d"."ConfigurationVersion", "d"."UpdatedAt"
FROM "DispatchZoneVehicles" AS "d"
[14:28:07 INF] Executed DbCommand (0ms) [Parameters=[], CommandType='Text', CommandTimeout='30']
SELECT "j"."JourneyId", "j"."AgvId", "j"."AgvLifecycleGeneration", "j"."AreaEndAdmissionRevokedSince", "j"."BlockReasonCode", "j"."BlockReasonSince", "j"."CargoHoldingStartedAt", "j"."ChargingPolicyVersion", "j"."ConsumedSafetyResultMessageId", "j"."ConsumedSublotMessageId", "j"."CreatedAt", "j"."DemandId", "j"."DispatchGeneration", "j"."DispatchZone", "j"."ExpectedBasketCount", "j"."FullSlotPositionsJson", "j"."GateMovementLegId", "j"."GatePlanMessageId", "j"."GateStationId", "j"."GateStationRiotId", "j"."GateUpperId", "j"."GateVehicleBusinessMessageId", "j"."GateWorklistMessageId", "j"."LoadCommandMessageId", "j"."LoadSlotOperationAttemptId", "j"."LoadingClosedReason", "j"."LoadingPhaseState", "j"."MapId", "j"."MapIdentity", "j"."OperationSessionId", "j"."PickupMovementLegId", "j"."PickupStationId", "j"."PickupStationRiotId", "j"."PickupUpperId", "j"."PlanMessageId", "j"."PlanRevision", "j"."PreDepartureSafetyCheckId", "j"."PreDepartureSafetyCheckMessageId", "j"."PublishedBatteryState", "j"."RouteEvidenceId", "j"."Stage", "j"."StationDepartureWaitStartedAt", "j"."SublotRequestMessageId", "j"."TargetSlotsJson", "j"."UnloadCommandMessageId", "j"."UnloadSlotOperationAttemptId", "j"."UpdatedAt", "j"."VehicleBusinessMessageId", "j"."VehicleBusinessRevision", "j"."VehicleKey", "j"."Version", "j"."WaitingBatteryObservedAt", "j"."WaitingBatteryPercent", "j"."WaitingSince", "j"."WaitingWarnedAt", "j"."WorklistMessageId", "j"."WorklistRevision", "j"."YieldTriggeredAt", "j"."YieldTriggeredByVehicleKey"
FROM "JourneyRuntimes" AS "j"
WHERE "j"."Stage" <> 'Completed'
[14:28:07 INF] Start processing HTTP request GET http://127.0.0.1:48408/api/task/v1/task/getVehicleInfo/BROKERX-L2-0001
[14:28:07 INF] Sending HTTP request GET http://127.0.0.1:48408/api/task/v1/task/getVehicleInfo/BROKERX-L2-0001
[14:28:07 INF] Received HTTP response headers after 0.88ms - 200
[14:28:07 INF] End processing HTTP request after 1.8234ms - 200
[14:28:07 INF] Start processing HTTP request GET http://127.0.0.1:48408/api/order/v1/orderRecord?pageNum=1&pageSize=100&filterByState=1&filterByState=3&filterByState=7&filterByState=8&filterByState=9&filterByState=10
[14:28:07 INF] Sending HTTP request GET http://127.0.0.1:48408/api/order/v1/orderRecord?pageNum=1&pageSize=100&filterByState=1&filterByState=3&filterByState=7&filterByState=8&filterByState=9&filterByState=10
[14:28:07 INF] Received HTTP response headers after 0.858ms - 200
[14:28:07 INF] End processing HTTP request after 1.742ms - 200
[14:28:07 INF] HTTP GET /api/onboard/v1/vehicle-safety responded 200 in 5.2354 ms
[14:28:08 INF] Executed DbCommand (0ms) [Parameters=[], CommandType='Text', CommandTimeout='30']
SELECT "a"."AgvId"
FROM "AgvLifecycles" AS "a"
WHERE "a"."Archived"
[14:28:08 INF] Start processing HTTP request GET http://127.0.0.1:48408/api/order/v1/orderRecord?pageNum=1&pageSize=100&filterByState=1&filterByState=3&filterByState=7&filterByState=8&filterByState=9&filterByState=10
[14:28:08 INF] Sending HTTP request GET http://127.0.0.1:48408/api/order/v1/orderRecord?pageNum=1&pageSize=100&filterByState=1&filterByState=3&filterByState=7&filterByState=8&filterByState=9&filterByState=10
[14:28:08 INF] Received HTTP response headers after 0.9227ms - 200
[14:28:08 INF] End processing HTTP request after 1.8235ms - 200
[14:28:08 INF] Executed DbCommand (0ms) [Parameters=[@__listedIds_0='?' (Size = 2)], CommandType='Text', CommandTimeout='30']
SELECT "f"."RiotOrderId", "f"."AgvId", "f"."CancelCallDisposition", "f"."CancelCommandAuditId", "f"."CancelDecidedAt", "f"."CancelResult", "f"."CancelResultAt", "f"."CancelSentAt", "f"."DetectedAt", "f"."DeviceKey", "f"."EndedAt", "f"."EndedOrderState", "f"."LastSeenRunningAt", "f"."OrderStateAtDetection", "f"."Ownership", "f"."OwnershipBasis", "f"."State", "f"."UpdatedAt", "f"."UpperId"
FROM "ForeignRiotOrders" AS "f"
WHERE "f"."State" <> 'ENDED' OR "f"."RiotOrderId" IN (
    SELECT "l"."value"
    FROM json_each(@__listedIds_0) AS "l"
)
[14:28:08 INF] Executed DbCommand (0ms) [Parameters=[], CommandType='Text', CommandTimeout='30']
SELECT "s"."MapId", "s"."StationId", "s"."ChargerRosterVersion", "s"."JourneyId", "s"."RecordId", "s"."State", "s"."StateSince", "s"."StationKind", "s"."VehicleKey", "s"."WaitingPointVersion"
FROM "StationExclusivities" AS "s"
WHERE "s"."StationKind" IN ('FIXED_TASK_STATION', 'WAITING_POINT')
[14:28:08 INF] Executed DbCommand (0ms) [Parameters=[@__mapId_0='?' (DbType = Int32)], CommandType='Text', CommandTimeout='30']
SELECT "t"."MapId", "t"."ActiveVersion", "t"."PendingVersion", "t"."State", "t"."UpdatedAt"
FROM "TaskTypeStationActiveBindingSets" AS "t"
WHERE "t"."MapId" = @__mapId_0
LIMIT 2
[14:28:08 INF] Executed DbCommand (0ms) [Parameters=[@__mapId_0='?' (DbType = Int32), @__version_1='?' (DbType = Int64)], CommandType='Text', CommandTimeout='30']
SELECT "t"."MapId", "t"."Version", "t"."CatalogRevision", "t"."ContentSha256", "t"."LoadedAt", "t"."RuleVersion", "t"."SnapshotId", "t"."Source"
FROM "TaskTypeStationBindingSetVersions" AS "t"
WHERE "t"."MapId" = @__mapId_0 AND "t"."Version" = @__version_1
LIMIT 2
[14:28:08 INF] Executed DbCommand (0ms) [Parameters=[@__mapId_0='?' (DbType = Int32), @__version_1='?' (DbType = Int64)], CommandType='Text', CommandTimeout='30']
SELECT "t"."TaskType"
FROM "TaskTypeStationRequirements" AS "t"
WHERE "t"."MapId" = @__mapId_0 AND "t"."Version" = @__version_1
[14:28:08 INF] Executed DbCommand (0ms) [Parameters=[@__mapId_0='?' (DbType = Int32), @__version_1='?' (DbType = Int64)], CommandType='Text', CommandTimeout='30']
SELECT "t"."MapId", "t"."Version", "t"."TaskType", "t"."SiteVerificationRef", "t"."StationName", "t"."StationRiotId"
FROM "TaskTypeStationBindings" AS "t"
WHERE "t"."MapId" = @__mapId_0 AND "t"."Version" = @__version_1
[14:28:08 INF] Executed DbCommand (0ms) [Parameters=[], CommandType='Text', CommandTimeout='30']
SELECT "j"."JourneyId", "j"."AgvId", "j"."AgvLifecycleGeneration", "j"."AreaEndAdmissionRevokedSince", "j"."BlockReasonCode", "j"."BlockReasonSince", "j"."CargoHoldingStartedAt", "j"."ChargingPolicyVersion", "j"."ConsumedSafetyResultMessageId", "j"."ConsumedSublotMessageId", "j"."CreatedAt", "j"."DemandId", "j"."DispatchGeneration", "j"."DispatchZone", "j"."ExpectedBasketCount", "j"."FullSlotPositionsJson", "j"."GateMovementLegId", "j"."GatePlanMessageId", "j"."GateStationId", "j"."GateStationRiotId", "j"."GateUpperId", "j"."GateVehicleBusinessMessageId", "j"."GateWorklistMessageId", "j"."LoadCommandMessageId", "j"."LoadSlotOperationAttemptId", "j"."LoadingClosedReason", "j"."LoadingPhaseState", "j"."MapId", "j"."MapIdentity", "j"."OperationSessionId", "j"."PickupMovementLegId", "j"."PickupStationId", "j"."PickupStationRiotId", "j"."PickupUpperId", "j"."PlanMessageId", "j"."PlanRevision", "j"."PreDepartureSafetyCheckId", "j"."PreDepartureSafetyCheckMessageId", "j"."PublishedBatteryState", "j"."RouteEvidenceId", "j"."Stage", "j"."StationDepartureWaitStartedAt", "j"."SublotRequestMessageId", "j"."TargetSlotsJson", "j"."UnloadCommandMessageId", "j"."UnloadSlotOperationAttemptId", "j"."UpdatedAt", "j"."VehicleBusinessMessageId", "j"."VehicleBusinessRevision", "j"."VehicleKey", "j"."Version", "j"."WaitingBatteryObservedAt", "j"."WaitingBatteryPercent", "j"."WaitingSince", "j"."WaitingWarnedAt", "j"."WorklistMessageId", "j"."WorklistRevision", "j"."YieldTriggeredAt", "j"."YieldTriggeredByVehicleKey"
FROM "JourneyRuntimes" AS "j"
WHERE "j"."Stage" NOT IN ('Completed', 'Blocked')
[14:28:08 INF] Start processing HTTP request GET http://127.0.0.1:48408/api/imap/v1/mapInfo/getALLMapInfoExcludeMapJson
[14:28:08 INF] Sending HTTP request GET http://127.0.0.1:48408/api/imap/v1/mapInfo/getALLMapInfoExcludeMapJson
[14:28:08 INF] Received HTTP response headers after 0.6977ms - 200
[14:28:08 INF] End processing HTTP request after 1.5439ms - 200
[14:28:08 INF] Executed DbCommand (0ms) [Parameters=[@__mapId_0='?' (DbType = Int32)], CommandType='Text', CommandTimeout='30']
SELECT "m"."MapId", "m"."AcceptedAt", "m"."AcceptedBy", "m"."EstablishedAt", "m"."Name", "m"."PendingName", "m"."PendingSince"
FROM "MapNameBaselines" AS "m"
WHERE "m"."MapId" = @__mapId_0
LIMIT 2
[14:28:08 INF] Start processing HTTP request GET http://127.0.0.1:48408/api/imap/v1/mapInfo/stations/25
[14:28:08 INF] Sending HTTP request GET http://127.0.0.1:48408/api/imap/v1/mapInfo/stations/25
[14:28:08 INF] Received HTTP response headers after 0.7986ms - 200
[14:28:08 INF] End processing HTTP request after 1.6075ms - 200
[14:28:08 INF] Executed DbCommand (0ms) [Parameters=[@__mapId_0='?' (DbType = Int32)], CommandType='Text', CommandTimeout='30']
SELECT "t"."MapId", "t"."ActiveVersion", "t"."PendingVersion", "t"."State", "t"."UpdatedAt"
FROM "TaskTypeStationActiveBindingSets" AS "t"
WHERE "t"."MapId" = @__mapId_0
LIMIT 2
[14:28:08 INF] Executed DbCommand (0ms) [Parameters=[@__mapId_0='?' (DbType = Int32), @__version_1='?' (DbType = Int64)], CommandType='Text', CommandTimeout='30']
SELECT "t"."MapId", "t"."Version", "t"."CatalogRevision", "t"."ContentSha256", "t"."LoadedAt", "t"."RuleVersion", "t"."SnapshotId", "t"."Source"
FROM "TaskTypeStationBindingSetVersions" AS "t"
WHERE "t"."MapId" = @__mapId_0 AND "t"."Version" = @__version_1
LIMIT 2
[14:28:08 INF] Executed DbCommand (0ms) [Parameters=[@__mapId_0='?' (DbType = Int32), @__version_1='?' (DbType = Int64)], CommandType='Text', CommandTimeout='30']
SELECT "t"."TaskType"
FROM "TaskTypeStationRequirements" AS "t"
WHERE "t"."MapId" = @__mapId_0 AND "t"."Version" = @__version_1
[14:28:08 INF] Executed DbCommand (0ms) [Parameters=[@__mapId_0='?' (DbType = Int32), @__version_1='?' (DbType = Int64)], CommandType='Text', CommandTimeout='30']
SELECT "t"."MapId", "t"."Version", "t"."TaskType", "t"."SiteVerificationRef", "t"."StationName", "t"."StationRiotId"
FROM "TaskTypeStationBindings" AS "t"
WHERE "t"."MapId" = @__mapId_0 AND "t"."Version" = @__version_1
[14:28:08 INF] Executed DbCommand (0ms) [Parameters=[@__version_0='?' (DbType = Int64)], CommandType='Text', CommandTimeout='30']
SELECT "t"."Version", "t"."ContentSha256", "t"."LoadedAt", "t"."SnapshotId", "t"."Source"
FROM "TaskTypeStationRuleVersions" AS "t"
WHERE "t"."Version" = @__version_0
LIMIT 2
[14:28:08 INF] Executed DbCommand (0ms) [Parameters=[@__version_0='?' (DbType = Int64)], CommandType='Text', CommandTimeout='30']
SELECT "t"."Version", "t"."TaskType", "t"."FixedEnd"
FROM "TaskTypeStationRules" AS "t"
WHERE "t"."Version" = @__version_0
[14:28:08 INF] Executed DbCommand (0ms) [Parameters=[@__mapId_0='?' (DbType = Int32)], CommandType='Text', CommandTimeout='30']
SELECT "t"."MapId", "t"."ActiveVersion", "t"."PendingVersion", "t"."State", "t"."UpdatedAt"
FROM "TaskTypeStationActiveBindingSets" AS "t"
WHERE "t"."MapId" = @__mapId_0
LIMIT 2
[14:28:08 INF] Executed DbCommand (0ms) [Parameters=[@__mapId_0='?' (DbType = Int32)], CommandType='Text', CommandTimeout='30']
SELECT "t"."HoldId", "t"."DetailJson", "t"."MapId", "t"."RaisedAt", "t"."RaisedBy", "t"."ReasonCode", "t"."ReleasedAt", "t"."ReleasedBy", "t"."Source", "t"."TaskType"
FROM "TaskTypeStationHolds" AS "t"
WHERE "t"."MapId" = @__mapId_0 AND "t"."ReleasedAt" IS NULL
[14:28:08 INF] Executed DbCommand (0ms) [Parameters=[@__mapId_0='?' (DbType = Int32)], CommandType='Text', CommandTimeout='30']
SELECT "m"."MapId", "m"."ApprovedMaxUnconfirmedSeconds", "m"."ApprovedSyncPeriodSeconds", "m"."CatalogRevision", "m"."LastAttemptAt", "m"."LastCompleteConfirmationAt", "m"."LastFailureReason", "m"."State", "m"."UpdatedAt"
FROM "MapStationCatalogStates" AS "m"
WHERE "m"."MapId" = @__mapId_0
LIMIT 2
[14:28:08 INF] Executed DbCommand (0ms) [Parameters=[@p3='?' (DbType = Int32), @p0='?' (DbType = DateTimeOffset), @p1='?' (DbType = DateTimeOffset), @p2='?' (DbType = DateTimeOffset)], CommandType='Text', CommandTimeout='30']
UPDATE "MapStationCatalogStates" SET "LastAttemptAt" = @p0, "LastCompleteConfirmationAt" = @p1, "UpdatedAt" = @p2
WHERE "MapId" = @p3
RETURNING 1;
[14:28:08 INF] Executed DbCommand (0ms) [Parameters=[@__mapId_0='?' (DbType = Int32)], CommandType='Text', CommandTimeout='30']
SELECT "t"."MapId", "t"."ActiveVersion", "t"."PendingVersion", "t"."State", "t"."UpdatedAt"
FROM "TaskTypeStationActiveBindingSets" AS "t"
WHERE "t"."MapId" = @__mapId_0
LIMIT 2
[14:28:08 INF] Executed DbCommand (0ms) [Parameters=[@__mapId_0='?' (DbType = Int32), @__version_1='?' (DbType = Int64)], CommandType='Text', CommandTimeout='30']
SELECT "t"."MapId", "t"."Version", "t"."CatalogRevision", "t"."ContentSha256", "t"."LoadedAt", "t"."RuleVersion", "t"."SnapshotId", "t"."Source"
FROM "TaskTypeStationBindingSetVersions" AS "t"
WHERE "t"."MapId" = @__mapId_0 AND "t"."Version" = @__version_1
LIMIT 2
[14:28:08 INF] Executed DbCommand (0ms) [Parameters=[@__mapId_0='?' (DbType = Int32), @__version_1='?' (DbType = Int64)], CommandType='Text', CommandTimeout='30']
SELECT "t"."TaskType"
FROM "TaskTypeStationRequirements" AS "t"
WHERE "t"."MapId" = @__mapId_0 AND "t"."Version" = @__version_1
[14:28:08 INF] Executed DbCommand (0ms) [Parameters=[@__mapId_0='?' (DbType = Int32), @__version_1='?' (DbType = Int64)], CommandType='Text', CommandTimeout='30']
SELECT "t"."MapId", "t"."Version", "t"."TaskType", "t"."SiteVerificationRef", "t"."StationName", "t"."StationRiotId"
FROM "TaskTypeStationBindings" AS "t"
WHERE "t"."MapId" = @__mapId_0 AND "t"."Version" = @__version_1
[14:28:08 INF] Executed DbCommand (0ms) [Parameters=[@__mapId_0='?' (DbType = Int32)], CommandType='Text', CommandTimeout='30']
SELECT "t"."MapId", "t"."ActiveVersion", "t"."PendingVersion", "t"."State", "t"."UpdatedAt"
FROM "TaskTypeStationActiveBindingSets" AS "t"
WHERE "t"."MapId" = @__mapId_0
LIMIT 2
[14:28:08 INF] Executed DbCommand (0ms) [Parameters=[@__mapId_0='?' (DbType = Int32), @__version_1='?' (DbType = Int64)], CommandType='Text', CommandTimeout='30']
SELECT "t"."MapId", "t"."Version", "t"."CatalogRevision", "t"."ContentSha256", "t"."LoadedAt", "t"."RuleVersion", "t"."SnapshotId", "t"."Source"
FROM "TaskTypeStationBindingSetVersions" AS "t"
WHERE "t"."MapId" = @__mapId_0 AND "t"."Version" = @__version_1
LIMIT 2
[14:28:08 INF] Executed DbCommand (0ms) [Parameters=[@__mapId_0='?' (DbType = Int32), @__version_1='?' (DbType = Int64)], CommandType='Text', CommandTimeout='30']
SELECT "t"."TaskType"
FROM "TaskTypeStationRequirements" AS "t"
WHERE "t"."MapId" = @__mapId_0 AND "t"."Version" = @__version_1
[14:28:08 INF] Executed DbCommand (0ms) [Parameters=[@__mapId_0='?' (DbType = Int32), @__version_1='?' (DbType = Int64)], CommandType='Text', CommandTimeout='30']
SELECT "t"."MapId", "t"."Version", "t"."TaskType", "t"."SiteVerificationRef", "t"."StationName", "t"."StationRiotId"
FROM "TaskTypeStationBindings" AS "t"
WHERE "t"."MapId" = @__mapId_0 AND "t"."Version" = @__version_1
[14:28:08 INF] Executed DbCommand (0ms) [Parameters=[@__version_0='?' (DbType = Int64)], CommandType='Text', CommandTimeout='30']
SELECT "t"."Version", "t"."ContentSha256", "t"."LoadedAt", "t"."SnapshotId", "t"."Source"
FROM "TaskTypeStationRuleVersions" AS "t"
WHERE "t"."Version" = @__version_0
LIMIT 2
[14:28:08 INF] Executed DbCommand (0ms) [Parameters=[@__version_0='?' (DbType = Int64)], CommandType='Text', CommandTimeout='30']
SELECT "t"."Version", "t"."TaskType", "t"."FixedEnd"
FROM "TaskTypeStationRules" AS "t"
WHERE "t"."Version" = @__version_0
[14:28:08 INF] Executed DbCommand (0ms) [Parameters=[], CommandType='Text', CommandTimeout='30']
SELECT "a"."Id", "a"."ContentHash", "a"."DeploymentId", "a"."ImportedAt", "a"."Version"
FROM "AdmissionPolicyState" AS "a"
WHERE "a"."Id" = 1
LIMIT 2
[14:28:08 INF] Executed DbCommand (0ms) [Parameters=[], CommandType='Text', CommandTimeout='30']
SELECT "v"."VehicleKey", "v"."ClaimedAt", "v"."JourneyId", "v"."Purpose"
FROM "VehiclePurposeClaims" AS "v"
WHERE "v"."Purpose" = 'IDLE_RETURN'
[14:28:08 INF] Executed DbCommand (0ms) [Parameters=[], CommandType='Text', CommandTimeout='30']
SELECT "j"."JourneyId", "j"."AgvId", "j"."AgvLifecycleGeneration", "j"."AreaEndAdmissionRevokedSince", "j"."BlockReasonCode", "j"."BlockReasonSince", "j"."CargoHoldingStartedAt", "j"."ChargingPolicyVersion", "j"."ConsumedSafetyResultMessageId", "j"."ConsumedSublotMessageId", "j"."CreatedAt", "j"."DemandId", "j"."DispatchGeneration", "j"."DispatchZone", "j"."ExpectedBasketCount", "j"."FullSlotPositionsJson", "j"."GateMovementLegId", "j"."GatePlanMessageId", "j"."GateStationId", "j"."GateStationRiotId", "j"."GateUpperId", "j"."GateVehicleBusinessMessageId", "j"."GateWorklistMessageId", "j"."LoadCommandMessageId", "j"."LoadSlotOperationAttemptId", "j"."LoadingClosedReason", "j"."LoadingPhaseState", "j"."MapId", "j"."MapIdentity", "j"."OperationSessionId", "j"."PickupMovementLegId", "j"."PickupStationId", "j"."PickupStationRiotId", "j"."PickupUpperId", "j"."PlanMessageId", "j"."PlanRevision", "j"."PreDepartureSafetyCheckId", "j"."PreDepartureSafetyCheckMessageId", "j"."PublishedBatteryState", "j"."RouteEvidenceId", "j"."Stage", "j"."StationDepartureWaitStartedAt", "j"."SublotRequestMessageId", "j"."TargetSlotsJson", "j"."UnloadCommandMessageId", "j"."UnloadSlotOperationAttemptId", "j"."UpdatedAt", "j"."VehicleBusinessMessageId", "j"."VehicleBusinessRevision", "j"."VehicleKey", "j"."Version", "j"."WaitingBatteryObservedAt", "j"."WaitingBatteryPercent", "j"."WaitingSince", "j"."WaitingWarnedAt", "j"."WorklistMessageId", "j"."WorklistRevision", "j"."YieldTriggeredAt", "j"."YieldTriggeredByVehicleKey"
FROM "JourneyRuntimes" AS "j"
WHERE "j"."Stage" <> 'Completed'
[14:28:08 INF] Executed DbCommand (0ms) [Parameters=[@__holding_0='?' (Size = 129)], CommandType='Text', CommandTimeout='30']
SELECT "f"."AgvId"
FROM "ForeignRiotOrders" AS "f"
WHERE "f"."State" IN (
    SELECT "h"."value"
    FROM json_each(@__holding_0) AS "h"
)
[14:28:08 INF] Executed DbCommand (0ms) [Parameters=[], CommandType='Text', CommandTimeout='30']
SELECT "a"."DemandId"
FROM "AcceptedDemands" AS "a"
WHERE "a"."Status" NOT IN ('Succeeded', 'Cancelled') AND NOT EXISTS (
    SELECT 1
    FROM "AcceptedDemands" AS "a0"
    WHERE "a0"."Status" NOT IN ('Succeeded', 'Cancelled') AND NOT EXISTS (
        SELECT 1
        FROM "JourneyDemands" AS "j"
        WHERE "j"."DemandId" = "a0"."DemandId" AND "j"."RemovedAt" IS NULL) AND EXISTS (
        SELECT 1
        FROM "JourneyDemands" AS "j0"
        WHERE "j0"."DemandId" = "a0"."DemandId" AND "j0"."RemovedAt" IS NOT NULL AND "j0"."RemovalReason" = 'RELEASED_FOR_REDISPATCH' AND NOT EXISTS (
            SELECT 1
            FROM "JourneyDemands" AS "j1"
            WHERE "j1"."DemandId" = "a0"."DemandId" AND "j1"."DispatchGeneration" > "j0"."DispatchGeneration")) AND "a0"."DemandId" = "a"."DemandId")
[14:28:08 INF] Executed DbCommand (0ms) [Parameters=[], CommandType='Text', CommandTimeout='30']
SELECT "j"."DemandId"
FROM "JourneyDemands" AS "j"
WHERE "j"."RemovedAt" IS NULL
[14:28:08 INF] Start processing HTTP request GET http://127.0.0.1:48409/api/v2/contract
[14:28:08 INF] Sending HTTP request GET http://127.0.0.1:48409/api/v2/contract
[14:28:08 INF] Received HTTP response headers after 1.03ms - 200
[14:28:08 INF] End processing HTTP request after 1.8674ms - 200
[14:28:08 INF] Start processing HTTP request GET http://127.0.0.1:48409/api/v2/externally-readable-demand-catalog
[14:28:08 INF] Sending HTTP request GET http://127.0.0.1:48409/api/v2/externally-readable-demand-catalog
[14:28:08 INF] Received HTTP response headers after 0.6271ms - 200
[14:28:08 INF] End processing HTTP request after 1.5584ms - 200
[14:28:08 INF] Executed DbCommand (0ms) [Parameters=[], CommandType='Text', CommandTimeout='30']
SELECT "j"."DemandId", "j"."AcceptedAt", "j"."DecisionFingerprint", "j"."DemandCreatedAt", "j"."FirstSeenAt", "j"."LastSeenAt", "j"."ReasonCode", "j"."StarvationEscalatedAt", "j"."StarvationEscalationParameterVersion", "j"."TransportDemandKey"
FROM "JourneyBacklog" AS "j"
[14:28:08 INF] Executed DbCommand (0ms) [Parameters=[], CommandType='Text', CommandTimeout='30']
SELECT "a"."DemandId"
FROM "AcceptedDemands" AS "a"
WHERE NOT EXISTS (
    SELECT 1
    FROM "AcceptedDemands" AS "a0"
    WHERE "a0"."Status" NOT IN ('Succeeded', 'Cancelled') AND NOT EXISTS (
        SELECT 1
        FROM "JourneyDemands" AS "j"
        WHERE "j"."DemandId" = "a0"."DemandId" AND "j"."RemovedAt" IS NULL) AND EXISTS (
        SELECT 1
        FROM "JourneyDemands" AS "j0"
        WHERE "j0"."DemandId" = "a0"."DemandId" AND "j0"."RemovedAt" IS NOT NULL AND "j0"."RemovalReason" = 'RELEASED_FOR_REDISPATCH' AND NOT EXISTS (
            SELECT 1
            FROM "JourneyDemands" AS "j1"
            WHERE "j1"."DemandId" = "a0"."DemandId" AND "j1"."DispatchGeneration" > "j0"."DispatchGeneration")) AND "a0"."DemandId" = "a"."DemandId")
[14:28:08 INF] Executed DbCommand (0ms) [Parameters=[], CommandType='Text', CommandTimeout='30']
SELECT "j"."DemandId", MAX("j"."DispatchGeneration") AS "Generation"
FROM "JourneyDemands" AS "j"
WHERE EXISTS (
    SELECT 1
    FROM "AcceptedDemands" AS "a"
    WHERE "a"."Status" NOT IN ('Succeeded', 'Cancelled') AND NOT EXISTS (
        SELECT 1
        FROM "JourneyDemands" AS "j0"
        WHERE "j0"."DemandId" = "a"."DemandId" AND "j0"."RemovedAt" IS NULL) AND EXISTS (
        SELECT 1
        FROM "JourneyDemands" AS "j1"
        WHERE "j1"."DemandId" = "a"."DemandId" AND "j1"."RemovedAt" IS NOT NULL AND "j1"."RemovalReason" = 'RELEASED_FOR_REDISPATCH' AND NOT EXISTS (
            SELECT 1
            FROM "JourneyDemands" AS "j2"
            WHERE "j2"."DemandId" = "a"."DemandId" AND "j2"."DispatchGeneration" > "j1"."DispatchGeneration")) AND "a"."DemandId" = "j"."DemandId")
GROUP BY "j"."DemandId"
[14:28:08 INF] Executed DbCommand (0ms) [Parameters=[], CommandType='Text', CommandTimeout='30']
SELECT "v"."AgvId", "v"."TaskType", "v"."Allowed", "v"."ConfigurationVersion", "v"."UpdatedAt"
FROM "VehicleTaskTypeAdmissions" AS "v"
[14:28:08 INF] Executed DbCommand (0ms) [Parameters=[], CommandType='Text', CommandTimeout='30']
SELECT "v"."AgvId", "v"."ConfigurationVersion", "v"."RoundTimeoutMilliseconds", "v"."UpdatedAt"
FROM "VehicleDispatchBudgets" AS "v"
[14:28:08 INF] Executed DbCommand (0ms) [Parameters=[], CommandType='Text', CommandTimeout='30']
SELECT "d"."Zone", "d"."AgvId", "d"."ConfigurationVersion", "d"."UpdatedAt"
FROM "DispatchZoneVehicles" AS "d"
[14:28:08 INF] Executed DbCommand (0ms) [Parameters=[], CommandType='Text', CommandTimeout='30']
SELECT MAX("d"."Version")
FROM "DispatchZoneAreaAssignmentVersions" AS "d"
[14:28:08 INF] Executed DbCommand (0ms) [Parameters=[], CommandType='Text', CommandTimeout='30']
SELECT MAX("d"."Version")
FROM "DispatchZoneParameterVersions" AS "d"
[14:28:08 INF] Executed DbCommand (0ms) [Parameters=[], CommandType='Text', CommandTimeout='30']
SELECT "j"."AgvId", "j"."CreatedAt"
FROM "JourneyRuntimes" AS "j"
WHERE "j"."JourneyId" NOT LIKE 'idle-return:%' AND "j"."JourneyId" NOT LIKE 'charging:%'
[14:28:08 INF] Executed DbCommand (0ms) [Parameters=[@__agvId_0='?' (Size = 10)], CommandType='Text', CommandTimeout='30']
SELECT "a"."SlotModelVersionId", "a"."SnapshotId"
FROM "ActiveSlotConfigurations" AS "a"
WHERE "a"."AgvId" = @__agvId_0
LIMIT 2
[14:28:08 INF] Executed DbCommand (0ms) [Parameters=[@__agvId_0='?' (Size = 10)], CommandType='Text', CommandTimeout='30']
SELECT "s"."SlotModelVersionId", "s"."CreatedAt"
FROM "SlotIoBindings" AS "s"
WHERE "s"."AgvId" = @__agvId_0 AND "s"."Status" = 'PUBLISHED'
[14:28:08 INF] Executed DbCommand (0ms) [Parameters=[@__agvId_0='?' (Size = 10)], CommandType='Text', CommandTimeout='30']
SELECT "s"."AgvId", "s"."ActiveUnlockSlotsJson", "s"."CapabilityHash", "s"."CapabilityRevision", "s"."DepartureSafe", "s"."ForcedRecoveryGeneration", "s"."ManifestSha256", "s"."PendingAttemptIdsJson", "s"."PendingResultIdsJson", "s"."ProfileId", "s"."ProtocolCommit", "s"."ProtocolVersion", "s"."ProvenRecoveryCheckpoint", "s"."Readiness", "s"."ReasonCode", "s"."RecoveryReportId", "s"."ReportedForcedRecoveryGeneration", "s"."ReportedSlotConfigurationFingerprint", "s"."SafetyHash", "s"."SafetyReasonCodesJson", "s"."SafetyRevision", "s"."SafetyUnknownPresent", "s"."SessionGeneration", "s"."UnsettledSlotOperationAttemptId", "s"."UpdatedAt"
FROM "SessionRecoveries" AS "s"
WHERE "s"."AgvId" = @__agvId_0 AND "s"."Readiness" = 'Ready'
LIMIT 2
[14:28:08 INF] Executed DbCommand (0ms) [Parameters=[@__messageType_0='?' (Size = 18)], CommandType='Text', CommandTimeout='30']
SELECT "p"."MessageId", "p"."ContentHash", "p"."FirstResponseJson", "p"."MessageType", "p"."ReceivedAt", "p"."RequestJson"
FROM "ProtocolInbox" AS "p"
WHERE "p"."MessageType" = @__messageType_0
[14:28:08 INF] Executed DbCommand (0ms) [Parameters=[], CommandType='Text', CommandTimeout='30']
SELECT "p"."MessageId", "p"."ContentHash", "p"."FirstResponseJson", "p"."MessageType", "p"."ReceivedAt", "p"."RequestJson"
FROM "ProtocolInbox" AS "p"
WHERE "p"."MessageType" = 'SafetyStateSnapshot'
[14:28:08 INF] Executed DbCommand (0ms) [Parameters=[], CommandType='Text', CommandTimeout='30']
SELECT "p"."MessageId", "p"."ContentHash", "p"."FirstResponseJson", "p"."MessageType", "p"."ReceivedAt", "p"."RequestJson"
FROM "ProtocolInbox" AS "p"
WHERE "p"."MessageType" IN ('SafetyStateSnapshot', 'SafetyStateChanged')
[14:28:08 INF] Executed DbCommand (0ms) [Parameters=[], CommandType='Text', CommandTimeout='30']
SELECT "p"."MessageId", "p"."ContentHash", "p"."FirstResponseJson", "p"."MessageType", "p"."ReceivedAt", "p"."RequestJson"
FROM "ProtocolInbox" AS "p"
[14:28:08 INF] Start processing HTTP request GET http://127.0.0.1:48408/api/task/vehicles/getVehicleInfoByDeviceKey?key=BROKERX-L2-0001
[14:28:08 INF] Sending HTTP request GET http://127.0.0.1:48408/api/task/vehicles/getVehicleInfoByDeviceKey?key=BROKERX-L2-0001
[14:28:08 INF] Received HTTP response headers after 0.7049ms - 200
[14:28:08 INF] End processing HTTP request after 1.5125ms - 200
[14:28:08 INF] Executed DbCommand (0ms) [Parameters=[], CommandType='Text', CommandTimeout='30']
SELECT "c"."ActivationId", "c"."ActivatedAt", "c"."ActivatedBy", "c"."Sequence", "c"."Version"
FROM "ChargingPolicyActivations" AS "c"
ORDER BY "c"."Sequence" DESC
LIMIT 1
[14:28:08 INF] Executed DbCommand (0ms) [Parameters=[], CommandType='Text', CommandTimeout='30']
SELECT "s"."MapId", "s"."StationId", "s"."ChargerRosterVersion", "s"."JourneyId", "s"."RecordId", "s"."State", "s"."StateSince", "s"."StationKind", "s"."VehicleKey", "s"."WaitingPointVersion"
FROM "StationExclusivities" AS "s"
WHERE "s"."StationKind" = 'CHARGER'
[14:28:08 INF] Executed DbCommand (0ms) [Parameters=[@__vehicleKey_0='?' (Size = 15)], CommandType='Text', CommandTimeout='30']
SELECT "m"."VehicleKey", "m"."HoldId", "m"."Reason", "m"."Since", "m"."WarnedAt"
FROM "ManualChargingHolds" AS "m"
WHERE "m"."VehicleKey" = @__vehicleKey_0
LIMIT 2
[14:28:08 INF] Executed DbCommand (0ms) [Parameters=[@__vehicle_VehicleKey_0='?' (Size = 15)], CommandType='Text', CommandTimeout='30']
SELECT "m"."HoldId", "m"."ReleasedAt"
FROM "ManualChargingHoldRecords" AS "m"
WHERE "m"."VehicleKey" = @__vehicle_VehicleKey_0 AND "m"."ReleasedAt" IS NOT NULL
[14:28:08 INF] Executed DbCommand (0ms) [Parameters=[], CommandType='Text', CommandTimeout='30']
SELECT "s"."DemandId"
FROM "StructuralDispatchBlocks" AS "s"
WHERE "s"."ClearedAt" IS NULL
[14:28:08 INF] Executed DbCommand (0ms) [Parameters=[], CommandType='Text', CommandTimeout='30']
SELECT "s"."DemandId", "s"."ReasonCode", "s"."ClearedAt", "s"."DetailJson", "s"."FirstRaisedAt", "s"."LastSeenAt", "s"."TransportDemandKey"
FROM "StructuralDispatchBlocks" AS "s"
WHERE "s"."ClearedAt" IS NULL
[14:28:08 INF] Executed DbCommand (0ms) [Parameters=[], CommandType='Text', CommandTimeout='30']
SELECT "j"."JourneyId", "j"."AgvId", "j"."AgvLifecycleGeneration", "j"."AreaEndAdmissionRevokedSince", "j"."BlockReasonCode", "j"."BlockReasonSince", "j"."CargoHoldingStartedAt", "j"."ChargingPolicyVersion", "j"."ConsumedSafetyResultMessageId", "j"."ConsumedSublotMessageId", "j"."CreatedAt", "j"."DemandId", "j"."DispatchGeneration", "j"."DispatchZone", "j"."ExpectedBasketCount", "j"."FullSlotPositionsJson", "j"."GateMovementLegId", "j"."GatePlanMessageId", "j"."GateStationId", "j"."GateStationRiotId", "j"."GateUpperId", "j"."GateVehicleBusinessMessageId", "j"."GateWorklistMessageId", "j"."LoadCommandMessageId", "j"."LoadSlotOperationAttemptId", "j"."LoadingClosedReason", "j"."LoadingPhaseState", "j"."MapId", "j"."MapIdentity", "j"."OperationSessionId", "j"."PickupMovementLegId", "j"."PickupStationId", "j"."PickupStationRiotId", "j"."PickupUpperId", "j"."PlanMessageId", "j"."PlanRevision", "j"."PreDepartureSafetyCheckId", "j"."PreDepartureSafetyCheckMessageId", "j"."PublishedBatteryState", "j"."RouteEvidenceId", "j"."Stage", "j"."StationDepartureWaitStartedAt", "j"."SublotRequestMessageId", "j"."TargetSlotsJson", "j"."UnloadCommandMessageId", "j"."UnloadSlotOperationAttemptId", "j"."UpdatedAt", "j"."VehicleBusinessMessageId", "j"."VehicleBusinessRevision", "j"."VehicleKey", "j"."Version", "j"."WaitingBatteryObservedAt", "j"."WaitingBatteryPercent", "j"."WaitingSince", "j"."WaitingWarnedAt", "j"."WorklistMessageId", "j"."WorklistRevision", "j"."YieldTriggeredAt", "j"."YieldTriggeredByVehicleKey"
FROM "JourneyRuntimes" AS "j"
WHERE "j"."Stage" <> 'Completed'
[14:28:08 INF] Executed DbCommand (0ms) [Parameters=[], CommandType='Text', CommandTimeout='30']
SELECT "v"."AgvId", "v"."TaskType", "v"."Allowed", "v"."ConfigurationVersion", "v"."UpdatedAt"
FROM "VehicleTaskTypeAdmissions" AS "v"
[14:28:08 INF] Executed DbCommand (0ms) [Parameters=[], CommandType='Text', CommandTimeout='30']
SELECT "v"."AgvId", "v"."ConfigurationVersion", "v"."RoundTimeoutMilliseconds", "v"."UpdatedAt"
FROM "VehicleDispatchBudgets" AS "v"
[14:28:08 INF] Executed DbCommand (0ms) [Parameters=[], CommandType='Text', CommandTimeout='30']
SELECT "d"."Zone", "d"."AgvId", "d"."ConfigurationVersion", "d"."UpdatedAt"
FROM "DispatchZoneVehicles" AS "d"
[14:28:08 INF] Executed DbCommand (0ms) [Parameters=[], CommandType='Text', CommandTimeout='30']
SELECT "j"."JourneyId", "j"."AgvId", "j"."AgvLifecycleGeneration", "j"."AreaEndAdmissionRevokedSince", "j"."BlockReasonCode", "j"."BlockReasonSince", "j"."CargoHoldingStartedAt", "j"."ChargingPolicyVersion", "j"."ConsumedSafetyResultMessageId", "j"."ConsumedSublotMessageId", "j"."CreatedAt", "j"."DemandId", "j"."DispatchGeneration", "j"."DispatchZone", "j"."ExpectedBasketCount", "j"."FullSlotPositionsJson", "j"."GateMovementLegId", "j"."GatePlanMessageId", "j"."GateStationId", "j"."GateStationRiotId", "j"."GateUpperId", "j"."GateVehicleBusinessMessageId", "j"."GateWorklistMessageId", "j"."LoadCommandMessageId", "j"."LoadSlotOperationAttemptId", "j"."LoadingClosedReason", "j"."LoadingPhaseState", "j"."MapId", "j"."MapIdentity", "j"."OperationSessionId", "j"."PickupMovementLegId", "j"."PickupStationId", "j"."PickupStationRiotId", "j"."PickupUpperId", "j"."PlanMessageId", "j"."PlanRevision", "j"."PreDepartureSafetyCheckId", "j"."PreDepartureSafetyCheckMessageId", "j"."PublishedBatteryState", "j"."RouteEvidenceId", "j"."Stage", "j"."StationDepartureWaitStartedAt", "j"."SublotRequestMessageId", "j"."TargetSlotsJson", "j"."UnloadCommandMessageId", "j"."UnloadSlotOperationAttemptId", "j"."UpdatedAt", "j"."VehicleBusinessMessageId", "j"."VehicleBusinessRevision", "j"."VehicleKey", "j"."Version", "j"."WaitingBatteryObservedAt", "j"."WaitingBatteryPercent", "j"."WaitingSince", "j"."WaitingWarnedAt", "j"."WorklistMessageId", "j"."WorklistRevision", "j"."YieldTriggeredAt", "j"."YieldTriggeredByVehicleKey"
FROM "JourneyRuntimes" AS "j"
WHERE "j"."Stage" <> 'Completed'
[14:28:08 INF] Start processing HTTP request GET http://127.0.0.1:48408/api/task/v1/task/getVehicleInfo/BROKERX-L2-0001
[14:28:08 INF] Sending HTTP request GET http://127.0.0.1:48408/api/task/v1/task/getVehicleInfo/BROKERX-L2-0001
[14:28:08 INF] Received HTTP response headers after 0.7283ms - 200
[14:28:08 INF] End processing HTTP request after 2.1394ms - 200
[14:28:08 INF] Start processing HTTP request GET http://127.0.0.1:48408/api/order/v1/orderRecord?pageNum=1&pageSize=100&filterByState=1&filterByState=3&filterByState=7&filterByState=8&filterByState=9&filterByState=10
[14:28:08 INF] Sending HTTP request GET http://127.0.0.1:48408/api/order/v1/orderRecord?pageNum=1&pageSize=100&filterByState=1&filterByState=3&filterByState=7&filterByState=8&filterByState=9&filterByState=10
[14:28:08 INF] Received HTTP response headers after 0.5662ms - 200
[14:28:08 INF] End processing HTTP request after 1.3231ms - 200
[14:28:08 INF] HTTP GET /api/onboard/v1/vehicle-safety responded 200 in 4.7621 ms
[14:28:08 INF] Executed DbCommand (0ms) [Parameters=[@__messageId_0='?' (Size = 36)], CommandType='Text', CommandTimeout='30']
SELECT "p"."MessageId", "p"."ContentHash", "p"."FirstResponseJson", "p"."MessageType", "p"."ReceivedAt", "p"."RequestJson"
FROM "ProtocolInbox" AS "p"
WHERE "p"."MessageId" = @__messageId_0
LIMIT 2
[14:28:08 INF] Executed DbCommand (0ms) [Parameters=[@p0='?' (Size = 36), @p1='?' (Size = 64), @p2='?' (Size = 536), @p3='?' (Size = 9), @p4='?' (DbType = DateTimeOffset), @p5='?' (Size = 427)], CommandType='Text', CommandTimeout='30']
INSERT INTO "ProtocolInbox" ("MessageId", "ContentHash", "FirstResponseJson", "MessageType", "ReceivedAt", "RequestJson")
VALUES (@p0, @p1, @p2, @p3, @p4, @p5);
[14:28:08 INF] Executed DbCommand (0ms) [Parameters=[@__agvId_0='?' (Size = 10), @__generation_1='?' (DbType = Int64)], CommandType='Text', CommandTimeout='30']
SELECT "o"."RebuildId"
FROM "OwnOrderRebuilds" AS "o"
WHERE "o"."AgvId" = @__agvId_0 AND ((("o"."State" = 'PENDING' OR ("o"."State" = 'ORDERING' AND EXISTS (
    SELECT 1
    FROM "OrderIntents" AS "o0"
    WHERE "o0"."MovementLegId" = "o"."NewMovementLegId" AND "o0"."CreateAttemptCount" = 0))) AND "o"."Source" IN ('FAULT_CLEARED_CARGO_ON_BOARD', 'ORDER_CANCELLED_IN_RIOT') AND EXISTS (
    SELECT 1
    FROM "JourneyDemands" AS "j"
    WHERE "j"."JourneyId" = "o"."JourneyId" AND "j"."RemovedAt" IS NULL AND "j"."Status" <> 'PENDING_LOAD' AND "j"."Status" <> 'UNLOADED' AND "j"."Status" <> 'TERMINATED')) OR ("o"."State" = 'AWAITING_CARGO_HANDOFF' AND EXISTS (
    SELECT 1
    FROM "JourneyRuntimes" AS "j0"
    WHERE "j0"."JourneyId" = "o"."JourneyId" AND "j0"."Stage" = 'Blocked'))) AND ("o"."CargoEvidenceRequestedGeneration" <> @__generation_1 OR "o"."CargoEvidenceRequestedGeneration" IS NULL OR NOT ("o"."CargoEvidenceRequestedWhileReady"))
[14:28:09 INF] Executed DbCommand (0ms) [Parameters=[], CommandType='Text', CommandTimeout='30']
SELECT "a"."AgvId"
FROM "AgvLifecycles" AS "a"
WHERE "a"."Archived"
[14:28:09 INF] Start processing HTTP request GET http://127.0.0.1:48408/api/order/v1/orderRecord?pageNum=1&pageSize=100&filterByState=1&filterByState=3&filterByState=7&filterByState=8&filterByState=9&filterByState=10
[14:28:09 INF] Sending HTTP request GET http://127.0.0.1:48408/api/order/v1/orderRecord?pageNum=1&pageSize=100&filterByState=1&filterByState=3&filterByState=7&filterByState=8&filterByState=9&filterByState=10
[14:28:09 INF] Received HTTP response headers after 0.7714ms - 200
[14:28:09 INF] End processing HTTP request after 1.6673ms - 200
[14:28:09 INF] Executed DbCommand (0ms) [Parameters=[@__listedIds_0='?' (Size = 2)], CommandType='Text', CommandTimeout='30']
SELECT "f"."RiotOrderId", "f"."AgvId", "f"."CancelCallDisposition", "f"."CancelCommandAuditId", "f"."CancelDecidedAt", "f"."CancelResult", "f"."CancelResultAt", "f"."CancelSentAt", "f"."DetectedAt", "f"."DeviceKey", "f"."EndedAt", "f"."EndedOrderState", "f"."LastSeenRunningAt", "f"."OrderStateAtDetection", "f"."Ownership", "f"."OwnershipBasis", "f"."State", "f"."UpdatedAt", "f"."UpperId"
FROM "ForeignRiotOrders" AS "f"
WHERE "f"."State" <> 'ENDED' OR "f"."RiotOrderId" IN (
    SELECT "l"."value"
    FROM json_each(@__listedIds_0) AS "l"
)
[14:28:09 INF] Executed DbCommand (0ms) [Parameters=[], CommandType='Text', CommandTimeout='30']
SELECT "s"."MapId", "s"."StationId", "s"."ChargerRosterVersion", "s"."JourneyId", "s"."RecordId", "s"."State", "s"."StateSince", "s"."StationKind", "s"."VehicleKey", "s"."WaitingPointVersion"
FROM "StationExclusivities" AS "s"
WHERE "s"."StationKind" IN ('FIXED_TASK_STATION', 'WAITING_POINT')
[14:28:09 INF] Executed DbCommand (0ms) [Parameters=[@__mapId_0='?' (DbType = Int32)], CommandType='Text', CommandTimeout='30']
SELECT "t"."MapId", "t"."ActiveVersion", "t"."PendingVersion", "t"."State", "t"."UpdatedAt"
FROM "TaskTypeStationActiveBindingSets" AS "t"
WHERE "t"."MapId" = @__mapId_0
LIMIT 2
[14:28:09 INF] Executed DbCommand (0ms) [Parameters=[@__mapId_0='?' (DbType = Int32), @__version_1='?' (DbType = Int64)], CommandType='Text', CommandTimeout='30']
SELECT "t"."MapId", "t"."Version", "t"."CatalogRevision", "t"."ContentSha256", "t"."LoadedAt", "t"."RuleVersion", "t"."SnapshotId", "t"."Source"
FROM "TaskTypeStationBindingSetVersions" AS "t"
WHERE "t"."MapId" = @__mapId_0 AND "t"."Version" = @__version_1
LIMIT 2
[14:28:09 INF] Executed DbCommand (0ms) [Parameters=[@__mapId_0='?' (DbType = Int32), @__version_1='?' (DbType = Int64)], CommandType='Text', CommandTimeout='30']
SELECT "t"."TaskType"
FROM "TaskTypeStationRequirements" AS "t"
WHERE "t"."MapId" = @__mapId_0 AND "t"."Version" = @__version_1
[14:28:09 INF] Executed DbCommand (0ms) [Parameters=[@__mapId_0='?' (DbType = Int32), @__version_1='?' (DbType = Int64)], CommandType='Text', CommandTimeout='30']
SELECT "t"."MapId", "t"."Version", "t"."TaskType", "t"."SiteVerificationRef", "t"."StationName", "t"."StationRiotId"
FROM "TaskTypeStationBindings" AS "t"
WHERE "t"."MapId" = @__mapId_0 AND "t"."Version" = @__version_1
[14:28:09 INF] Executed DbCommand (0ms) [Parameters=[], CommandType='Text', CommandTimeout='30']
SELECT "j"."JourneyId", "j"."AgvId", "j"."AgvLifecycleGeneration", "j"."AreaEndAdmissionRevokedSince", "j"."BlockReasonCode", "j"."BlockReasonSince", "j"."CargoHoldingStartedAt", "j"."ChargingPolicyVersion", "j"."ConsumedSafetyResultMessageId", "j"."ConsumedSublotMessageId", "j"."CreatedAt", "j"."DemandId", "j"."DispatchGeneration", "j"."DispatchZone", "j"."ExpectedBasketCount", "j"."FullSlotPositionsJson", "j"."GateMovementLegId", "j"."GatePlanMessageId", "j"."GateStationId", "j"."GateStationRiotId", "j"."GateUpperId", "j"."GateVehicleBusinessMessageId", "j"."GateWorklistMessageId", "j"."LoadCommandMessageId", "j"."LoadSlotOperationAttemptId", "j"."LoadingClosedReason", "j"."LoadingPhaseState", "j"."MapId", "j"."MapIdentity", "j"."OperationSessionId", "j"."PickupMovementLegId", "j"."PickupStationId", "j"."PickupStationRiotId", "j"."PickupUpperId", "j"."PlanMessageId", "j"."PlanRevision", "j"."PreDepartureSafetyCheckId", "j"."PreDepartureSafetyCheckMessageId", "j"."PublishedBatteryState", "j"."RouteEvidenceId", "j"."Stage", "j"."StationDepartureWaitStartedAt", "j"."SublotRequestMessageId", "j"."TargetSlotsJson", "j"."UnloadCommandMessageId", "j"."UnloadSlotOperationAttemptId", "j"."UpdatedAt", "j"."VehicleBusinessMessageId", "j"."VehicleBusinessRevision", "j"."VehicleKey", "j"."Version", "j"."WaitingBatteryObservedAt", "j"."WaitingBatteryPercent", "j"."WaitingSince", "j"."WaitingWarnedAt", "j"."WorklistMessageId", "j"."WorklistRevision", "j"."YieldTriggeredAt", "j"."YieldTriggeredByVehicleKey"
FROM "JourneyRuntimes" AS "j"
WHERE "j"."Stage" NOT IN ('Completed', 'Blocked')
[14:28:09 INF] Start processing HTTP request GET http://127.0.0.1:48408/api/imap/v1/mapInfo/getALLMapInfoExcludeMapJson
[14:28:09 INF] Sending HTTP request GET http://127.0.0.1:48408/api/imap/v1/mapInfo/getALLMapInfoExcludeMapJson
[14:28:09 INF] Received HTTP response headers after 0.6078ms - 200
[14:28:09 INF] End processing HTTP request after 1.3966ms - 200
[14:28:09 INF] Executed DbCommand (0ms) [Parameters=[@__mapId_0='?' (DbType = Int32)], CommandType='Text', CommandTimeout='30']
SELECT "m"."MapId", "m"."AcceptedAt", "m"."AcceptedBy", "m"."EstablishedAt", "m"."Name", "m"."PendingName", "m"."PendingSince"
FROM "MapNameBaselines" AS "m"
WHERE "m"."MapId" = @__mapId_0
LIMIT 2
[14:28:09 INF] Start processing HTTP request GET http://127.0.0.1:48408/api/imap/v1/mapInfo/stations/25
[14:28:09 INF] Sending HTTP request GET http://127.0.0.1:48408/api/imap/v1/mapInfo/stations/25
[14:28:09 INF] Received HTTP response headers after 0.5734ms - 200
[14:28:09 INF] End processing HTTP request after 1.4138ms - 200
[14:28:09 INF] Executed DbCommand (0ms) [Parameters=[@__mapId_0='?' (DbType = Int32)], CommandType='Text', CommandTimeout='30']
SELECT "t"."MapId", "t"."ActiveVersion", "t"."PendingVersion", "t"."State", "t"."UpdatedAt"
FROM "TaskTypeStationActiveBindingSets" AS "t"
WHERE "t"."MapId" = @__mapId_0
LIMIT 2
[14:28:09 INF] Executed DbCommand (0ms) [Parameters=[@__mapId_0='?' (DbType = Int32), @__version_1='?' (DbType = Int64)], CommandType='Text', CommandTimeout='30']
SELECT "t"."MapId", "t"."Version", "t"."CatalogRevision", "t"."ContentSha256", "t"."LoadedAt", "t"."RuleVersion", "t"."SnapshotId", "t"."Source"
FROM "TaskTypeStationBindingSetVersions" AS "t"
WHERE "t"."MapId" = @__mapId_0 AND "t"."Version" = @__version_1
LIMIT 2
[14:28:09 INF] Executed DbCommand (0ms) [Parameters=[@__mapId_0='?' (DbType = Int32), @__version_1='?' (DbType = Int64)], CommandType='Text', CommandTimeout='30']
SELECT "t"."TaskType"
FROM "TaskTypeStationRequirements" AS "t"
WHERE "t"."MapId" = @__mapId_0 AND "t"."Version" = @__version_1
[14:28:09 INF] Executed DbCommand (0ms) [Parameters=[@__mapId_0='?' (DbType = Int32), @__version_1='?' (DbType = Int64)], CommandType='Text', CommandTimeout='30']
SELECT "t"."MapId", "t"."Version", "t"."TaskType", "t"."SiteVerificationRef", "t"."StationName", "t"."StationRiotId"
FROM "TaskTypeStationBindings" AS "t"
WHERE "t"."MapId" = @__mapId_0 AND "t"."Version" = @__version_1
[14:28:09 INF] Executed DbCommand (0ms) [Parameters=[@__version_0='?' (DbType = Int64)], CommandType='Text', CommandTimeout='30']
SELECT "t"."Version", "t"."ContentSha256", "t"."LoadedAt", "t"."SnapshotId", "t"."Source"
FROM "TaskTypeStationRuleVersions" AS "t"
WHERE "t"."Version" = @__version_0
LIMIT 2
[14:28:09 INF] Executed DbCommand (0ms) [Parameters=[@__version_0='?' (DbType = Int64)], CommandType='Text', CommandTimeout='30']
SELECT "t"."Version", "t"."TaskType", "t"."FixedEnd"
FROM "TaskTypeStationRules" AS "t"
WHERE "t"."Version" = @__version_0
[14:28:09 INF] Executed DbCommand (0ms) [Parameters=[@__mapId_0='?' (DbType = Int32)], CommandType='Text', CommandTimeout='30']
SELECT "t"."MapId", "t"."ActiveVersion", "t"."PendingVersion", "t"."State", "t"."UpdatedAt"
FROM "TaskTypeStationActiveBindingSets" AS "t"
WHERE "t"."MapId" = @__mapId_0
LIMIT 2
[14:28:09 INF] Executed DbCommand (0ms) [Parameters=[@__mapId_0='?' (DbType = Int32)], CommandType='Text', CommandTimeout='30']
SELECT "t"."HoldId", "t"."DetailJson", "t"."MapId", "t"."RaisedAt", "t"."RaisedBy", "t"."ReasonCode", "t"."ReleasedAt", "t"."ReleasedBy", "t"."Source", "t"."TaskType"
FROM "TaskTypeStationHolds" AS "t"
WHERE "t"."MapId" = @__mapId_0 AND "t"."ReleasedAt" IS NULL
[14:28:09 INF] Executed DbCommand (0ms) [Parameters=[@__mapId_0='?' (DbType = Int32)], CommandType='Text', CommandTimeout='30']
SELECT "m"."MapId", "m"."ApprovedMaxUnconfirmedSeconds", "m"."ApprovedSyncPeriodSeconds", "m"."CatalogRevision", "m"."LastAttemptAt", "m"."LastCompleteConfirmationAt", "m"."LastFailureReason", "m"."State", "m"."UpdatedAt"
FROM "MapStationCatalogStates" AS "m"
WHERE "m"."MapId" = @__mapId_0
LIMIT 2
[14:28:09 INF] Executed DbCommand (0ms) [Parameters=[@p3='?' (DbType = Int32), @p0='?' (DbType = DateTimeOffset), @p1='?' (DbType = DateTimeOffset), @p2='?' (DbType = DateTimeOffset)], CommandType='Text', CommandTimeout='30']
UPDATE "MapStationCatalogStates" SET "LastAttemptAt" = @p0, "LastCompleteConfirmationAt" = @p1, "UpdatedAt" = @p2
WHERE "MapId" = @p3
RETURNING 1;
[14:28:09 INF] Executed DbCommand (0ms) [Parameters=[@__mapId_0='?' (DbType = Int32)], CommandType='Text', CommandTimeout='30']
SELECT "t"."MapId", "t"."ActiveVersion", "t"."PendingVersion", "t"."State", "t"."UpdatedAt"
FROM "TaskTypeStationActiveBindingSets" AS "t"
WHERE "t"."MapId" = @__mapId_0
LIMIT 2
[14:28:09 INF] Executed DbCommand (0ms) [Parameters=[@__mapId_0='?' (DbType = Int32), @__version_1='?' (DbType = Int64)], CommandType='Text', CommandTimeout='30']
SELECT "t"."MapId", "t"."Version", "t"."CatalogRevision", "t"."ContentSha256", "t"."LoadedAt", "t"."RuleVersion", "t"."SnapshotId", "t"."Source"
FROM "TaskTypeStationBindingSetVersions" AS "t"
WHERE "t"."MapId" = @__mapId_0 AND "t"."Version" = @__version_1
LIMIT 2
[14:28:09 INF] Executed DbCommand (0ms) [Parameters=[@__mapId_0='?' (DbType = Int32), @__version_1='?' (DbType = Int64)], CommandType='Text', CommandTimeout='30']
SELECT "t"."TaskType"
FROM "TaskTypeStationRequirements" AS "t"
WHERE "t"."MapId" = @__mapId_0 AND "t"."Version" = @__version_1
[14:28:09 INF] Executed DbCommand (0ms) [Parameters=[@__mapId_0='?' (DbType = Int32), @__version_1='?' (DbType = Int64)], CommandType='Text', CommandTimeout='30']
SELECT "t"."MapId", "t"."Version", "t"."TaskType", "t"."SiteVerificationRef", "t"."StationName", "t"."StationRiotId"
FROM "TaskTypeStationBindings" AS "t"
WHERE "t"."MapId" = @__mapId_0 AND "t"."Version" = @__version_1
[14:28:09 INF] Executed DbCommand (0ms) [Parameters=[@__mapId_0='?' (DbType = Int32)], CommandType='Text', CommandTimeout='30']
SELECT "t"."MapId", "t"."ActiveVersion", "t"."PendingVersion", "t"."State", "t"."UpdatedAt"
FROM "TaskTypeStationActiveBindingSets" AS "t"
WHERE "t"."MapId" = @__mapId_0
LIMIT 2
[14:28:09 INF] Executed DbCommand (0ms) [Parameters=[@__mapId_0='?' (DbType = Int32), @__version_1='?' (DbType = Int64)], CommandType='Text', CommandTimeout='30']
SELECT "t"."MapId", "t"."Version", "t"."CatalogRevision", "t"."ContentSha256", "t"."LoadedAt", "t"."RuleVersion", "t"."SnapshotId", "t"."Source"
FROM "TaskTypeStationBindingSetVersions" AS "t"
WHERE "t"."MapId" = @__mapId_0 AND "t"."Version" = @__version_1
LIMIT 2
[14:28:09 INF] Executed DbCommand (0ms) [Parameters=[@__mapId_0='?' (DbType = Int32), @__version_1='?' (DbType = Int64)], CommandType='Text', CommandTimeout='30']
SELECT "t"."TaskType"
FROM "TaskTypeStationRequirements" AS "t"
WHERE "t"."MapId" = @__mapId_0 AND "t"."Version" = @__version_1
[14:28:09 INF] Executed DbCommand (0ms) [Parameters=[@__mapId_0='?' (DbType = Int32), @__version_1='?' (DbType = Int64)], CommandType='Text', CommandTimeout='30']
SELECT "t"."MapId", "t"."Version", "t"."TaskType", "t"."SiteVerificationRef", "t"."StationName", "t"."StationRiotId"
FROM "TaskTypeStationBindings" AS "t"
WHERE "t"."MapId" = @__mapId_0 AND "t"."Version" = @__version_1
[14:28:09 INF] Executed DbCommand (0ms) [Parameters=[@__version_0='?' (DbType = Int64)], CommandType='Text', CommandTimeout='30']
SELECT "t"."Version", "t"."ContentSha256", "t"."LoadedAt", "t"."SnapshotId", "t"."Source"
FROM "TaskTypeStationRuleVersions" AS "t"
WHERE "t"."Version" = @__version_0
LIMIT 2
[14:28:09 INF] Executed DbCommand (0ms) [Parameters=[@__version_0='?' (DbType = Int64)], CommandType='Text', CommandTimeout='30']
SELECT "t"."Version", "t"."TaskType", "t"."FixedEnd"
FROM "TaskTypeStationRules" AS "t"
WHERE "t"."Version" = @__version_0
[14:28:09 INF] Executed DbCommand (0ms) [Parameters=[], CommandType='Text', CommandTimeout='30']
SELECT "a"."Id", "a"."ContentHash", "a"."DeploymentId", "a"."ImportedAt", "a"."Version"
FROM "AdmissionPolicyState" AS "a"
WHERE "a"."Id" = 1
LIMIT 2
[14:28:09 INF] Executed DbCommand (0ms) [Parameters=[], CommandType='Text', CommandTimeout='30']
SELECT "v"."VehicleKey", "v"."ClaimedAt", "v"."JourneyId", "v"."Purpose"
FROM "VehiclePurposeClaims" AS "v"
WHERE "v"."Purpose" = 'IDLE_RETURN'
[14:28:09 INF] Executed DbCommand (0ms) [Parameters=[], CommandType='Text', CommandTimeout='30']
SELECT "j"."JourneyId", "j"."AgvId", "j"."AgvLifecycleGeneration", "j"."AreaEndAdmissionRevokedSince", "j"."BlockReasonCode", "j"."BlockReasonSince", "j"."CargoHoldingStartedAt", "j"."ChargingPolicyVersion", "j"."ConsumedSafetyResultMessageId", "j"."ConsumedSublotMessageId", "j"."CreatedAt", "j"."DemandId", "j"."DispatchGeneration", "j"."DispatchZone", "j"."ExpectedBasketCount", "j"."FullSlotPositionsJson", "j"."GateMovementLegId", "j"."GatePlanMessageId", "j"."GateStationId", "j"."GateStationRiotId", "j"."GateUpperId", "j"."GateVehicleBusinessMessageId", "j"."GateWorklistMessageId", "j"."LoadCommandMessageId", "j"."LoadSlotOperationAttemptId", "j"."LoadingClosedReason", "j"."LoadingPhaseState", "j"."MapId", "j"."MapIdentity", "j"."OperationSessionId", "j"."PickupMovementLegId", "j"."PickupStationId", "j"."PickupStationRiotId", "j"."PickupUpperId", "j"."PlanMessageId", "j"."PlanRevision", "j"."PreDepartureSafetyCheckId", "j"."PreDepartureSafetyCheckMessageId", "j"."PublishedBatteryState", "j"."RouteEvidenceId", "j"."Stage", "j"."StationDepartureWaitStartedAt", "j"."SublotRequestMessageId", "j"."TargetSlotsJson", "j"."UnloadCommandMessageId", "j"."UnloadSlotOperationAttemptId", "j"."UpdatedAt", "j"."VehicleBusinessMessageId", "j"."VehicleBusinessRevision", "j"."VehicleKey", "j"."Version", "j"."WaitingBatteryObservedAt", "j"."WaitingBatteryPercent", "j"."WaitingSince", "j"."WaitingWarnedAt", "j"."WorklistMessageId", "j"."WorklistRevision", "j"."YieldTriggeredAt", "j"."YieldTriggeredByVehicleKey"
FROM "JourneyRuntimes" AS "j"
WHERE "j"."Stage" <> 'Completed'
[14:28:09 INF] Executed DbCommand (0ms) [Parameters=[@__holding_0='?' (Size = 129)], CommandType='Text', CommandTimeout='30']
SELECT "f"."AgvId"
FROM "ForeignRiotOrders" AS "f"
WHERE "f"."State" IN (
    SELECT "h"."value"
    FROM json_each(@__holding_0) AS "h"
)
[14:28:09 INF] Executed DbCommand (0ms) [Parameters=[], CommandType='Text', CommandTimeout='30']
SELECT "a"."DemandId"
FROM "AcceptedDemands" AS "a"
WHERE "a"."Status" NOT IN ('Succeeded', 'Cancelled') AND NOT EXISTS (
    SELECT 1
    FROM "AcceptedDemands" AS "a0"
    WHERE "a0"."Status" NOT IN ('Succeeded', 'Cancelled') AND NOT EXISTS (
        SELECT 1
        FROM "JourneyDemands" AS "j"
        WHERE "j"."DemandId" = "a0"."DemandId" AND "j"."RemovedAt" IS NULL) AND EXISTS (
        SELECT 1
        FROM "JourneyDemands" AS "j0"
        WHERE "j0"."DemandId" = "a0"."DemandId" AND "j0"."RemovedAt" IS NOT NULL AND "j0"."RemovalReason" = 'RELEASED_FOR_REDISPATCH' AND NOT EXISTS (
            SELECT 1
            FROM "JourneyDemands" AS "j1"
            WHERE "j1"."DemandId" = "a0"."DemandId" AND "j1"."DispatchGeneration" > "j0"."DispatchGeneration")) AND "a0"."DemandId" = "a"."DemandId")
[14:28:09 INF] Executed DbCommand (0ms) [Parameters=[], CommandType='Text', CommandTimeout='30']
SELECT "j"."DemandId"
FROM "JourneyDemands" AS "j"
WHERE "j"."RemovedAt" IS NULL
[14:28:09 INF] Start processing HTTP request GET http://127.0.0.1:48409/api/v2/contract
[14:28:09 INF] Sending HTTP request GET http://127.0.0.1:48409/api/v2/contract
[14:28:09 INF] Received HTTP response headers after 0.9916ms - 200
[14:28:09 INF] End processing HTTP request after 1.9052ms - 200
[14:28:09 INF] Start processing HTTP request GET http://127.0.0.1:48409/api/v2/externally-readable-demand-catalog
[14:28:09 INF] Sending HTTP request GET http://127.0.0.1:48409/api/v2/externally-readable-demand-catalog
[14:28:09 INF] Received HTTP response headers after 0.7415ms - 200
[14:28:09 INF] End processing HTTP request after 1.5763ms - 200
[14:28:09 INF] Executed DbCommand (0ms) [Parameters=[], CommandType='Text', CommandTimeout='30']
SELECT "j"."DemandId", "j"."AcceptedAt", "j"."DecisionFingerprint", "j"."DemandCreatedAt", "j"."FirstSeenAt", "j"."LastSeenAt", "j"."ReasonCode", "j"."StarvationEscalatedAt", "j"."StarvationEscalationParameterVersion", "j"."TransportDemandKey"
FROM "JourneyBacklog" AS "j"
[14:28:09 INF] Executed DbCommand (0ms) [Parameters=[], CommandType='Text', CommandTimeout='30']
SELECT "a"."DemandId"
FROM "AcceptedDemands" AS "a"
WHERE NOT EXISTS (
    SELECT 1
    FROM "AcceptedDemands" AS "a0"
    WHERE "a0"."Status" NOT IN ('Succeeded', 'Cancelled') AND NOT EXISTS (
        SELECT 1
        FROM "JourneyDemands" AS "j"
        WHERE "j"."DemandId" = "a0"."DemandId" AND "j"."RemovedAt" IS NULL) AND EXISTS (
        SELECT 1
        FROM "JourneyDemands" AS "j0"
        WHERE "j0"."DemandId" = "a0"."DemandId" AND "j0"."RemovedAt" IS NOT NULL AND "j0"."RemovalReason" = 'RELEASED_FOR_REDISPATCH' AND NOT EXISTS (
            SELECT 1
            FROM "JourneyDemands" AS "j1"
            WHERE "j1"."DemandId" = "a0"."DemandId" AND "j1"."DispatchGeneration" > "j0"."DispatchGeneration")) AND "a0"."DemandId" = "a"."DemandId")
[14:28:09 INF] Executed DbCommand (0ms) [Parameters=[], CommandType='Text', CommandTimeout='30']
SELECT "j"."DemandId", MAX("j"."DispatchGeneration") AS "Generation"
FROM "JourneyDemands" AS "j"
WHERE EXISTS (
    SELECT 1
    FROM "AcceptedDemands" AS "a"
    WHERE "a"."Status" NOT IN ('Succeeded', 'Cancelled') AND NOT EXISTS (
        SELECT 1
        FROM "JourneyDemands" AS "j0"
        WHERE "j0"."DemandId" = "a"."DemandId" AND "j0"."RemovedAt" IS NULL) AND EXISTS (
        SELECT 1
        FROM "JourneyDemands" AS "j1"
        WHERE "j1"."DemandId" = "a"."DemandId" AND "j1"."RemovedAt" IS NOT NULL AND "j1"."RemovalReason" = 'RELEASED_FOR_REDISPATCH' AND NOT EXISTS (
            SELECT 1
            FROM "JourneyDemands" AS "j2"
            WHERE "j2"."DemandId" = "a"."DemandId" AND "j2"."DispatchGeneration" > "j1"."DispatchGeneration")) AND "a"."DemandId" = "j"."DemandId")
GROUP BY "j"."DemandId"
[14:28:09 INF] Executed DbCommand (0ms) [Parameters=[], CommandType='Text', CommandTimeout='30']
SELECT "v"."AgvId", "v"."TaskType", "v"."Allowed", "v"."ConfigurationVersion", "v"."UpdatedAt"
FROM "VehicleTaskTypeAdmissions" AS "v"
[14:28:09 INF] Executed DbCommand (0ms) [Parameters=[], CommandType='Text', CommandTimeout='30']
SELECT "v"."AgvId", "v"."ConfigurationVersion", "v"."RoundTimeoutMilliseconds", "v"."UpdatedAt"
FROM "VehicleDispatchBudgets" AS "v"
[14:28:09 INF] Executed DbCommand (0ms) [Parameters=[], CommandType='Text', CommandTimeout='30']
SELECT "d"."Zone", "d"."AgvId", "d"."ConfigurationVersion", "d"."UpdatedAt"
FROM "DispatchZoneVehicles" AS "d"
[14:28:09 INF] Executed DbCommand (0ms) [Parameters=[], CommandType='Text', CommandTimeout='30']
SELECT MAX("d"."Version")
FROM "DispatchZoneAreaAssignmentVersions" AS "d"
[14:28:09 INF] Executed DbCommand (0ms) [Parameters=[], CommandType='Text', CommandTimeout='30']
SELECT MAX("d"."Version")
FROM "DispatchZoneParameterVersions" AS "d"
[14:28:09 INF] Executed DbCommand (0ms) [Parameters=[], CommandType='Text', CommandTimeout='30']
SELECT "j"."AgvId", "j"."CreatedAt"
FROM "JourneyRuntimes" AS "j"
WHERE "j"."JourneyId" NOT LIKE 'idle-return:%' AND "j"."JourneyId" NOT LIKE 'charging:%'
[14:28:09 INF] Executed DbCommand (0ms) [Parameters=[@__agvId_0='?' (Size = 10)], CommandType='Text', CommandTimeout='30']
SELECT "a"."SlotModelVersionId", "a"."SnapshotId"
FROM "ActiveSlotConfigurations" AS "a"
WHERE "a"."AgvId" = @__agvId_0
LIMIT 2
[14:28:09 INF] Executed DbCommand (0ms) [Parameters=[@__agvId_0='?' (Size = 10)], CommandType='Text', CommandTimeout='30']
SELECT "s"."SlotModelVersionId", "s"."CreatedAt"
FROM "SlotIoBindings" AS "s"
WHERE "s"."AgvId" = @__agvId_0 AND "s"."Status" = 'PUBLISHED'
[14:28:09 INF] Executed DbCommand (0ms) [Parameters=[@__agvId_0='?' (Size = 10)], CommandType='Text', CommandTimeout='30']
SELECT "s"."AgvId", "s"."ActiveUnlockSlotsJson", "s"."CapabilityHash", "s"."CapabilityRevision", "s"."DepartureSafe", "s"."ForcedRecoveryGeneration", "s"."ManifestSha256", "s"."PendingAttemptIdsJson", "s"."PendingResultIdsJson", "s"."ProfileId", "s"."ProtocolCommit", "s"."ProtocolVersion", "s"."ProvenRecoveryCheckpoint", "s"."Readiness", "s"."ReasonCode", "s"."RecoveryReportId", "s"."ReportedForcedRecoveryGeneration", "s"."ReportedSlotConfigurationFingerprint", "s"."SafetyHash", "s"."SafetyReasonCodesJson", "s"."SafetyRevision", "s"."SafetyUnknownPresent", "s"."SessionGeneration", "s"."UnsettledSlotOperationAttemptId", "s"."UpdatedAt"
FROM "SessionRecoveries" AS "s"
WHERE "s"."AgvId" = @__agvId_0 AND "s"."Readiness" = 'Ready'
LIMIT 2
[14:28:09 INF] Executed DbCommand (0ms) [Parameters=[@__messageType_0='?' (Size = 18)], CommandType='Text', CommandTimeout='30']
SELECT "p"."MessageId", "p"."ContentHash", "p"."FirstResponseJson", "p"."MessageType", "p"."ReceivedAt", "p"."RequestJson"
FROM "ProtocolInbox" AS "p"
WHERE "p"."MessageType" = @__messageType_0
[14:28:09 INF] Executed DbCommand (0ms) [Parameters=[], CommandType='Text', CommandTimeout='30']
SELECT "p"."MessageId", "p"."ContentHash", "p"."FirstResponseJson", "p"."MessageType", "p"."ReceivedAt", "p"."RequestJson"
FROM "ProtocolInbox" AS "p"
WHERE "p"."MessageType" = 'SafetyStateSnapshot'
[14:28:09 INF] Executed DbCommand (0ms) [Parameters=[], CommandType='Text', CommandTimeout='30']
SELECT "p"."MessageId", "p"."ContentHash", "p"."FirstResponseJson", "p"."MessageType", "p"."ReceivedAt", "p"."RequestJson"
FROM "ProtocolInbox" AS "p"
WHERE "p"."MessageType" IN ('SafetyStateSnapshot', 'SafetyStateChanged')
[14:28:09 INF] Executed DbCommand (0ms) [Parameters=[], CommandType='Text', CommandTimeout='30']
SELECT "p"."MessageId", "p"."ContentHash", "p"."FirstResponseJson", "p"."MessageType", "p"."ReceivedAt", "p"."RequestJson"
FROM "ProtocolInbox" AS "p"
[14:28:09 INF] Start processing HTTP request GET http://127.0.0.1:48408/api/task/vehicles/getVehicleInfoByDeviceKey?key=BROKERX-L2-0001
[14:28:09 INF] Sending HTTP request GET http://127.0.0.1:48408/api/task/vehicles/getVehicleInfoByDeviceKey?key=BROKERX-L2-0001
[14:28:09 INF] Received HTTP response headers after 0.7349ms - 200
[14:28:09 INF] End processing HTTP request after 1.6812ms - 200
[14:28:09 INF] Executed DbCommand (0ms) [Parameters=[], CommandType='Text', CommandTimeout='30']
SELECT "c"."ActivationId", "c"."ActivatedAt", "c"."ActivatedBy", "c"."Sequence", "c"."Version"
FROM "ChargingPolicyActivations" AS "c"
ORDER BY "c"."Sequence" DESC
LIMIT 1
[14:28:09 INF] Executed DbCommand (0ms) [Parameters=[], CommandType='Text', CommandTimeout='30']
SELECT "s"."MapId", "s"."StationId", "s"."ChargerRosterVersion", "s"."JourneyId", "s"."RecordId", "s"."State", "s"."StateSince", "s"."StationKind", "s"."VehicleKey", "s"."WaitingPointVersion"
FROM "StationExclusivities" AS "s"
WHERE "s"."StationKind" = 'CHARGER'
[14:28:09 INF] Executed DbCommand (0ms) [Parameters=[@__vehicleKey_0='?' (Size = 15)], CommandType='Text', CommandTimeout='30']
SELECT "m"."VehicleKey", "m"."HoldId", "m"."Reason", "m"."Since", "m"."WarnedAt"
FROM "ManualChargingHolds" AS "m"
WHERE "m"."VehicleKey" = @__vehicleKey_0
LIMIT 2
[14:28:09 INF] Executed DbCommand (0ms) [Parameters=[@__vehicle_VehicleKey_0='?' (Size = 15)], CommandType='Text', CommandTimeout='30']
SELECT "m"."HoldId", "m"."ReleasedAt"
FROM "ManualChargingHoldRecords" AS "m"
WHERE "m"."VehicleKey" = @__vehicle_VehicleKey_0 AND "m"."ReleasedAt" IS NOT NULL
[14:28:09 INF] Executed DbCommand (0ms) [Parameters=[], CommandType='Text', CommandTimeout='30']
SELECT "s"."DemandId"
FROM "StructuralDispatchBlocks" AS "s"
WHERE "s"."ClearedAt" IS NULL
[14:28:09 INF] Executed DbCommand (0ms) [Parameters=[], CommandType='Text', CommandTimeout='30']
SELECT "s"."DemandId", "s"."ReasonCode", "s"."ClearedAt", "s"."DetailJson", "s"."FirstRaisedAt", "s"."LastSeenAt", "s"."TransportDemandKey"
FROM "StructuralDispatchBlocks" AS "s"
WHERE "s"."ClearedAt" IS NULL
[14:28:09 INF] Executed DbCommand (0ms) [Parameters=[], CommandType='Text', CommandTimeout='30']
SELECT "j"."JourneyId", "j"."AgvId", "j"."AgvLifecycleGeneration", "j"."AreaEndAdmissionRevokedSince", "j"."BlockReasonCode", "j"."BlockReasonSince", "j"."CargoHoldingStartedAt", "j"."ChargingPolicyVersion", "j"."ConsumedSafetyResultMessageId", "j"."ConsumedSublotMessageId", "j"."CreatedAt", "j"."DemandId", "j"."DispatchGeneration", "j"."DispatchZone", "j"."ExpectedBasketCount", "j"."FullSlotPositionsJson", "j"."GateMovementLegId", "j"."GatePlanMessageId", "j"."GateStationId", "j"."GateStationRiotId", "j"."GateUpperId", "j"."GateVehicleBusinessMessageId", "j"."GateWorklistMessageId", "j"."LoadCommandMessageId", "j"."LoadSlotOperationAttemptId", "j"."LoadingClosedReason", "j"."LoadingPhaseState", "j"."MapId", "j"."MapIdentity", "j"."OperationSessionId", "j"."PickupMovementLegId", "j"."PickupStationId", "j"."PickupStationRiotId", "j"."PickupUpperId", "j"."PlanMessageId", "j"."PlanRevision", "j"."PreDepartureSafetyCheckId", "j"."PreDepartureSafetyCheckMessageId", "j"."PublishedBatteryState", "j"."RouteEvidenceId", "j"."Stage", "j"."StationDepartureWaitStartedAt", "j"."SublotRequestMessageId", "j"."TargetSlotsJson", "j"."UnloadCommandMessageId", "j"."UnloadSlotOperationAttemptId", "j"."UpdatedAt", "j"."VehicleBusinessMessageId", "j"."VehicleBusinessRevision", "j"."VehicleKey", "j"."Version", "j"."WaitingBatteryObservedAt", "j"."WaitingBatteryPercent", "j"."WaitingSince", "j"."WaitingWarnedAt", "j"."WorklistMessageId", "j"."WorklistRevision", "j"."YieldTriggeredAt", "j"."YieldTriggeredByVehicleKey"
FROM "JourneyRuntimes" AS "j"
WHERE "j"."Stage" <> 'Completed'
[14:28:09 INF] Executed DbCommand (0ms) [Parameters=[], CommandType='Text', CommandTimeout='30']
SELECT "v"."AgvId", "v"."TaskType", "v"."Allowed", "v"."ConfigurationVersion", "v"."UpdatedAt"
FROM "VehicleTaskTypeAdmissions" AS "v"
[14:28:09 INF] Executed DbCommand (0ms) [Parameters=[], CommandType='Text', CommandTimeout='30']
SELECT "v"."AgvId", "v"."ConfigurationVersion", "v"."RoundTimeoutMilliseconds", "v"."UpdatedAt"
FROM "VehicleDispatchBudgets" AS "v"
[14:28:09 INF] Executed DbCommand (0ms) [Parameters=[], CommandType='Text', CommandTimeout='30']
SELECT "d"."Zone", "d"."AgvId", "d"."ConfigurationVersion", "d"."UpdatedAt"
FROM "DispatchZoneVehicles" AS "d"
[14:28:09 INF] Executed DbCommand (0ms) [Parameters=[], CommandType='Text', CommandTimeout='30']
SELECT "j"."JourneyId", "j"."AgvId", "j"."AgvLifecycleGeneration", "j"."AreaEndAdmissionRevokedSince", "j"."BlockReasonCode", "j"."BlockReasonSince", "j"."CargoHoldingStartedAt", "j"."ChargingPolicyVersion", "j"."ConsumedSafetyResultMessageId", "j"."ConsumedSublotMessageId", "j"."CreatedAt", "j"."DemandId", "j"."DispatchGeneration", "j"."DispatchZone", "j"."ExpectedBasketCount", "j"."FullSlotPositionsJson", "j"."GateMovementLegId", "j"."GatePlanMessageId", "j"."GateStationId", "j"."GateStationRiotId", "j"."GateUpperId", "j"."GateVehicleBusinessMessageId", "j"."GateWorklistMessageId", "j"."LoadCommandMessageId", "j"."LoadSlotOperationAttemptId", "j"."LoadingClosedReason", "j"."LoadingPhaseState", "j"."MapId", "j"."MapIdentity", "j"."OperationSessionId", "j"."PickupMovementLegId", "j"."PickupStationId", "j"."PickupStationRiotId", "j"."PickupUpperId", "j"."PlanMessageId", "j"."PlanRevision", "j"."PreDepartureSafetyCheckId", "j"."PreDepartureSafetyCheckMessageId", "j"."PublishedBatteryState", "j"."RouteEvidenceId", "j"."Stage", "j"."StationDepartureWaitStartedAt", "j"."SublotRequestMessageId", "j"."TargetSlotsJson", "j"."UnloadCommandMessageId", "j"."UnloadSlotOperationAttemptId", "j"."UpdatedAt", "j"."VehicleBusinessMessageId", "j"."VehicleBusinessRevision", "j"."VehicleKey", "j"."Version", "j"."WaitingBatteryObservedAt", "j"."WaitingBatteryPercent", "j"."WaitingSince", "j"."WaitingWarnedAt", "j"."WorklistMessageId", "j"."WorklistRevision", "j"."YieldTriggeredAt", "j"."YieldTriggeredByVehicleKey"
FROM "JourneyRuntimes" AS "j"
WHERE "j"."Stage" <> 'Completed'
[14:28:09 INF] Start processing HTTP request GET http://127.0.0.1:48408/api/task/v1/task/getVehicleInfo/BROKERX-L2-0001
[14:28:09 INF] Sending HTTP request GET http://127.0.0.1:48408/api/task/v1/task/getVehicleInfo/BROKERX-L2-0001
[14:28:09 INF] Received HTTP response headers after 0.6151ms - 200
[14:28:09 INF] End processing HTTP request after 1.9556ms - 200
[14:28:09 INF] Start processing HTTP request GET http://127.0.0.1:48408/api/order/v1/orderRecord?pageNum=1&pageSize=100&filterByState=1&filterByState=3&filterByState=7&filterByState=8&filterByState=9&filterByState=10
[14:28:09 INF] Sending HTTP request GET http://127.0.0.1:48408/api/order/v1/orderRecord?pageNum=1&pageSize=100&filterByState=1&filterByState=3&filterByState=7&filterByState=8&filterByState=9&filterByState=10
[14:28:09 INF] Received HTTP response headers after 0.5719ms - 200
[14:28:09 INF] End processing HTTP request after 1.3012ms - 200
[14:28:09 INF] HTTP GET /api/onboard/v1/vehicle-safety responded 200 in 4.7351 ms
[14:28:10 INF] Executed DbCommand (0ms) [Parameters=[], CommandType='Text', CommandTimeout='30']
SELECT "a"."AgvId"
FROM "AgvLifecycles" AS "a"
WHERE "a"."Archived"
[14:28:10 INF] Start processing HTTP request GET http://127.0.0.1:48408/api/order/v1/orderRecord?pageNum=1&pageSize=100&filterByState=1&filterByState=3&filterByState=7&filterByState=8&filterByState=9&filterByState=10
[14:28:10 INF] Sending HTTP request GET http://127.0.0.1:48408/api/order/v1/orderRecord?pageNum=1&pageSize=100&filterByState=1&filterByState=3&filterByState=7&filterByState=8&filterByState=9&filterByState=10
[14:28:10 INF] Received HTTP response headers after 0.7374ms - 200
[14:28:10 INF] End processing HTTP request after 1.6075ms - 200
[14:28:10 INF] Executed DbCommand (0ms) [Parameters=[@__listedIds_0='?' (Size = 2)], CommandType='Text', CommandTimeout='30']
SELECT "f"."RiotOrderId", "f"."AgvId", "f"."CancelCallDisposition", "f"."CancelCommandAuditId", "f"."CancelDecidedAt", "f"."CancelResult", "f"."CancelResultAt", "f"."CancelSentAt", "f"."DetectedAt", "f"."DeviceKey", "f"."EndedAt", "f"."EndedOrderState", "f"."LastSeenRunningAt", "f"."OrderStateAtDetection", "f"."Ownership", "f"."OwnershipBasis", "f"."State", "f"."UpdatedAt", "f"."UpperId"
FROM "ForeignRiotOrders" AS "f"
WHERE "f"."State" <> 'ENDED' OR "f"."RiotOrderId" IN (
    SELECT "l"."value"
    FROM json_each(@__listedIds_0) AS "l"
)
[14:28:10 INF] Executed DbCommand (0ms) [Parameters=[], CommandType='Text', CommandTimeout='30']
SELECT "s"."MapId", "s"."StationId", "s"."ChargerRosterVersion", "s"."JourneyId", "s"."RecordId", "s"."State", "s"."StateSince", "s"."StationKind", "s"."VehicleKey", "s"."WaitingPointVersion"
FROM "StationExclusivities" AS "s"
WHERE "s"."StationKind" IN ('FIXED_TASK_STATION', 'WAITING_POINT')
[14:28:10 INF] Executed DbCommand (0ms) [Parameters=[@__mapId_0='?' (DbType = Int32)], CommandType='Text', CommandTimeout='30']
SELECT "t"."MapId", "t"."ActiveVersion", "t"."PendingVersion", "t"."State", "t"."UpdatedAt"
FROM "TaskTypeStationActiveBindingSets" AS "t"
WHERE "t"."MapId" = @__mapId_0
LIMIT 2
[14:28:10 INF] Executed DbCommand (0ms) [Parameters=[@__mapId_0='?' (DbType = Int32), @__version_1='?' (DbType = Int64)], CommandType='Text', CommandTimeout='30']
SELECT "t"."MapId", "t"."Version", "t"."CatalogRevision", "t"."ContentSha256", "t"."LoadedAt", "t"."RuleVersion", "t"."SnapshotId", "t"."Source"
FROM "TaskTypeStationBindingSetVersions" AS "t"
WHERE "t"."MapId" = @__mapId_0 AND "t"."Version" = @__version_1
LIMIT 2
[14:28:10 INF] Executed DbCommand (0ms) [Parameters=[@__mapId_0='?' (DbType = Int32), @__version_1='?' (DbType = Int64)], CommandType='Text', CommandTimeout='30']
SELECT "t"."TaskType"
FROM "TaskTypeStationRequirements" AS "t"
WHERE "t"."MapId" = @__mapId_0 AND "t"."Version" = @__version_1
[14:28:10 INF] Executed DbCommand (0ms) [Parameters=[@__mapId_0='?' (DbType = Int32), @__version_1='?' (DbType = Int64)], CommandType='Text', CommandTimeout='30']
SELECT "t"."MapId", "t"."Version", "t"."TaskType", "t"."SiteVerificationRef", "t"."StationName", "t"."StationRiotId"
FROM "TaskTypeStationBindings" AS "t"
WHERE "t"."MapId" = @__mapId_0 AND "t"."Version" = @__version_1
[14:28:10 INF] Executed DbCommand (0ms) [Parameters=[], CommandType='Text', CommandTimeout='30']
SELECT "j"."JourneyId", "j"."AgvId", "j"."AgvLifecycleGeneration", "j"."AreaEndAdmissionRevokedSince", "j"."BlockReasonCode", "j"."BlockReasonSince", "j"."CargoHoldingStartedAt", "j"."ChargingPolicyVersion", "j"."ConsumedSafetyResultMessageId", "j"."ConsumedSublotMessageId", "j"."CreatedAt", "j"."DemandId", "j"."DispatchGeneration", "j"."DispatchZone", "j"."ExpectedBasketCount", "j"."FullSlotPositionsJson", "j"."GateMovementLegId", "j"."GatePlanMessageId", "j"."GateStationId", "j"."GateStationRiotId", "j"."GateUpperId", "j"."GateVehicleBusinessMessageId", "j"."GateWorklistMessageId", "j"."LoadCommandMessageId", "j"."LoadSlotOperationAttemptId", "j"."LoadingClosedReason", "j"."LoadingPhaseState", "j"."MapId", "j"."MapIdentity", "j"."OperationSessionId", "j"."PickupMovementLegId", "j"."PickupStationId", "j"."PickupStationRiotId", "j"."PickupUpperId", "j"."PlanMessageId", "j"."PlanRevision", "j"."PreDepartureSafetyCheckId", "j"."PreDepartureSafetyCheckMessageId", "j"."PublishedBatteryState", "j"."RouteEvidenceId", "j"."Stage", "j"."StationDepartureWaitStartedAt", "j"."SublotRequestMessageId", "j"."TargetSlotsJson", "j"."UnloadCommandMessageId", "j"."UnloadSlotOperationAttemptId", "j"."UpdatedAt", "j"."VehicleBusinessMessageId", "j"."VehicleBusinessRevision", "j"."VehicleKey", "j"."Version", "j"."WaitingBatteryObservedAt", "j"."WaitingBatteryPercent", "j"."WaitingSince", "j"."WaitingWarnedAt", "j"."WorklistMessageId", "j"."WorklistRevision", "j"."YieldTriggeredAt", "j"."YieldTriggeredByVehicleKey"
FROM "JourneyRuntimes" AS "j"
WHERE "j"."Stage" NOT IN ('Completed', 'Blocked')
[14:28:10 INF] Start processing HTTP request GET http://127.0.0.1:48408/api/imap/v1/mapInfo/getALLMapInfoExcludeMapJson
[14:28:10 INF] Sending HTTP request GET http://127.0.0.1:48408/api/imap/v1/mapInfo/getALLMapInfoExcludeMapJson
[14:28:10 INF] Received HTTP response headers after 0.6192ms - 200
[14:28:10 INF] End processing HTTP request after 1.4389ms - 200
[14:28:10 INF] Executed DbCommand (0ms) [Parameters=[@__mapId_0='?' (DbType = Int32)], CommandType='Text', CommandTimeout='30']
SELECT "m"."MapId", "m"."AcceptedAt", "m"."AcceptedBy", "m"."EstablishedAt", "m"."Name", "m"."PendingName", "m"."PendingSince"
FROM "MapNameBaselines" AS "m"
WHERE "m"."MapId" = @__mapId_0
LIMIT 2
[14:28:10 INF] Start processing HTTP request GET http://127.0.0.1:48408/api/imap/v1/mapInfo/stations/25
[14:28:10 INF] Sending HTTP request GET http://127.0.0.1:48408/api/imap/v1/mapInfo/stations/25
[14:28:10 INF] Received HTTP response headers after 0.8119ms - 200
[14:28:10 INF] End processing HTTP request after 1.6653ms - 200
[14:28:10 INF] Executed DbCommand (0ms) [Parameters=[@__mapId_0='?' (DbType = Int32)], CommandType='Text', CommandTimeout='30']
SELECT "t"."MapId", "t"."ActiveVersion", "t"."PendingVersion", "t"."State", "t"."UpdatedAt"
FROM "TaskTypeStationActiveBindingSets" AS "t"
WHERE "t"."MapId" = @__mapId_0
LIMIT 2
[14:28:10 INF] Executed DbCommand (0ms) [Parameters=[@__mapId_0='?' (DbType = Int32), @__version_1='?' (DbType = Int64)], CommandType='Text', CommandTimeout='30']
SELECT "t"."MapId", "t"."Version", "t"."CatalogRevision", "t"."ContentSha256", "t"."LoadedAt", "t"."RuleVersion", "t"."SnapshotId", "t"."Source"
FROM "TaskTypeStationBindingSetVersions" AS "t"
WHERE "t"."MapId" = @__mapId_0 AND "t"."Version" = @__version_1
LIMIT 2
[14:28:10 INF] Executed DbCommand (0ms) [Parameters=[@__mapId_0='?' (DbType = Int32), @__version_1='?' (DbType = Int64)], CommandType='Text', CommandTimeout='30']
SELECT "t"."TaskType"
FROM "TaskTypeStationRequirements" AS "t"
WHERE "t"."MapId" = @__mapId_0 AND "t"."Version" = @__version_1
[14:28:10 INF] Executed DbCommand (0ms) [Parameters=[@__mapId_0='?' (DbType = Int32), @__version_1='?' (DbType = Int64)], CommandType='Text', CommandTimeout='30']
SELECT "t"."MapId", "t"."Version", "t"."TaskType", "t"."SiteVerificationRef", "t"."StationName", "t"."StationRiotId"
FROM "TaskTypeStationBindings" AS "t"
WHERE "t"."MapId" = @__mapId_0 AND "t"."Version" = @__version_1
[14:28:10 INF] Executed DbCommand (0ms) [Parameters=[@__version_0='?' (DbType = Int64)], CommandType='Text', CommandTimeout='30']
SELECT "t"."Version", "t"."ContentSha256", "t"."LoadedAt", "t"."SnapshotId", "t"."Source"
FROM "TaskTypeStationRuleVersions" AS "t"
WHERE "t"."Version" = @__version_0
LIMIT 2
[14:28:10 INF] Executed DbCommand (0ms) [Parameters=[@__version_0='?' (DbType = Int64)], CommandType='Text', CommandTimeout='30']
SELECT "t"."Version", "t"."TaskType", "t"."FixedEnd"
FROM "TaskTypeStationRules" AS "t"
WHERE "t"."Version" = @__version_0
[14:28:10 INF] Executed DbCommand (0ms) [Parameters=[@__mapId_0='?' (DbType = Int32)], CommandType='Text', CommandTimeout='30']
SELECT "t"."MapId", "t"."ActiveVersion", "t"."PendingVersion", "t"."State", "t"."UpdatedAt"
FROM "TaskTypeStationActiveBindingSets" AS "t"
WHERE "t"."MapId" = @__mapId_0
LIMIT 2
[14:28:10 INF] Executed DbCommand (0ms) [Parameters=[@__mapId_0='?' (DbType = Int32)], CommandType='Text', CommandTimeout='30']
SELECT "t"."HoldId", "t"."DetailJson", "t"."MapId", "t"."RaisedAt", "t"."RaisedBy", "t"."ReasonCode", "t"."ReleasedAt", "t"."ReleasedBy", "t"."Source", "t"."TaskType"
FROM "TaskTypeStationHolds" AS "t"
WHERE "t"."MapId" = @__mapId_0 AND "t"."ReleasedAt" IS NULL
[14:28:10 INF] Executed DbCommand (0ms) [Parameters=[@__mapId_0='?' (DbType = Int32)], CommandType='Text', CommandTimeout='30']
SELECT "m"."MapId", "m"."ApprovedMaxUnconfirmedSeconds", "m"."ApprovedSyncPeriodSeconds", "m"."CatalogRevision", "m"."LastAttemptAt", "m"."LastCompleteConfirmationAt", "m"."LastFailureReason", "m"."State", "m"."UpdatedAt"
FROM "MapStationCatalogStates" AS "m"
WHERE "m"."MapId" = @__mapId_0
LIMIT 2
[14:28:10 INF] Executed DbCommand (0ms) [Parameters=[@p3='?' (DbType = Int32), @p0='?' (DbType = DateTimeOffset), @p1='?' (DbType = DateTimeOffset), @p2='?' (DbType = DateTimeOffset)], CommandType='Text', CommandTimeout='30']
UPDATE "MapStationCatalogStates" SET "LastAttemptAt" = @p0, "LastCompleteConfirmationAt" = @p1, "UpdatedAt" = @p2
WHERE "MapId" = @p3
RETURNING 1;
[14:28:10 INF] Executed DbCommand (0ms) [Parameters=[@__mapId_0='?' (DbType = Int32)], CommandType='Text', CommandTimeout='30']
SELECT "t"."MapId", "t"."ActiveVersion", "t"."PendingVersion", "t"."State", "t"."UpdatedAt"
FROM "TaskTypeStationActiveBindingSets" AS "t"
WHERE "t"."MapId" = @__mapId_0
LIMIT 2
[14:28:10 INF] Executed DbCommand (0ms) [Parameters=[@__mapId_0='?' (DbType = Int32), @__version_1='?' (DbType = Int64)], CommandType='Text', CommandTimeout='30']
SELECT "t"."MapId", "t"."Version", "t"."CatalogRevision", "t"."ContentSha256", "t"."LoadedAt", "t"."RuleVersion", "t"."SnapshotId", "t"."Source"
FROM "TaskTypeStationBindingSetVersions" AS "t"
WHERE "t"."MapId" = @__mapId_0 AND "t"."Version" = @__version_1
LIMIT 2
[14:28:10 INF] Executed DbCommand (0ms) [Parameters=[@__mapId_0='?' (DbType = Int32), @__version_1='?' (DbType = Int64)], CommandType='Text', CommandTimeout='30']
SELECT "t"."TaskType"
FROM "TaskTypeStationRequirements" AS "t"
WHERE "t"."MapId" = @__mapId_0 AND "t"."Version" = @__version_1
[14:28:10 INF] Executed DbCommand (0ms) [Parameters=[@__mapId_0='?' (DbType = Int32), @__version_1='?' (DbType = Int64)], CommandType='Text', CommandTimeout='30']
SELECT "t"."MapId", "t"."Version", "t"."TaskType", "t"."SiteVerificationRef", "t"."StationName", "t"."StationRiotId"
FROM "TaskTypeStationBindings" AS "t"
WHERE "t"."MapId" = @__mapId_0 AND "t"."Version" = @__version_1
[14:28:10 INF] Executed DbCommand (0ms) [Parameters=[@__mapId_0='?' (DbType = Int32)], CommandType='Text', CommandTimeout='30']
SELECT "t"."MapId", "t"."ActiveVersion", "t"."PendingVersion", "t"."State", "t"."UpdatedAt"
FROM "TaskTypeStationActiveBindingSets" AS "t"
WHERE "t"."MapId" = @__mapId_0
LIMIT 2
[14:28:10 INF] Executed DbCommand (0ms) [Parameters=[@__mapId_0='?' (DbType = Int32), @__version_1='?' (DbType = Int64)], CommandType='Text', CommandTimeout='30']
SELECT "t"."MapId", "t"."Version", "t"."CatalogRevision", "t"."ContentSha256", "t"."LoadedAt", "t"."RuleVersion", "t"."SnapshotId", "t"."Source"
FROM "TaskTypeStationBindingSetVersions" AS "t"
WHERE "t"."MapId" = @__mapId_0 AND "t"."Version" = @__version_1
LIMIT 2
[14:28:10 INF] Executed DbCommand (0ms) [Parameters=[@__mapId_0='?' (DbType = Int32), @__version_1='?' (DbType = Int64)], CommandType='Text', CommandTimeout='30']
SELECT "t"."TaskType"
FROM "TaskTypeStationRequirements" AS "t"
WHERE "t"."MapId" = @__mapId_0 AND "t"."Version" = @__version_1
[14:28:10 INF] Executed DbCommand (0ms) [Parameters=[@__mapId_0='?' (DbType = Int32), @__version_1='?' (DbType = Int64)], CommandType='Text', CommandTimeout='30']
SELECT "t"."MapId", "t"."Version", "t"."TaskType", "t"."SiteVerificationRef", "t"."StationName", "t"."StationRiotId"
FROM "TaskTypeStationBindings" AS "t"
WHERE "t"."MapId" = @__mapId_0 AND "t"."Version" = @__version_1
[14:28:10 INF] Executed DbCommand (0ms) [Parameters=[@__version_0='?' (DbType = Int64)], CommandType='Text', CommandTimeout='30']
SELECT "t"."Version", "t"."ContentSha256", "t"."LoadedAt", "t"."SnapshotId", "t"."Source"
FROM "TaskTypeStationRuleVersions" AS "t"
WHERE "t"."Version" = @__version_0
LIMIT 2
[14:28:10 INF] Executed DbCommand (0ms) [Parameters=[@__version_0='?' (DbType = Int64)], CommandType='Text', CommandTimeout='30']
SELECT "t"."Version", "t"."TaskType", "t"."FixedEnd"
FROM "TaskTypeStationRules" AS "t"
WHERE "t"."Version" = @__version_0
[14:28:10 INF] Executed DbCommand (0ms) [Parameters=[], CommandType='Text', CommandTimeout='30']
SELECT "a"."Id", "a"."ContentHash", "a"."DeploymentId", "a"."ImportedAt", "a"."Version"
FROM "AdmissionPolicyState" AS "a"
WHERE "a"."Id" = 1
LIMIT 2
[14:28:10 INF] Executed DbCommand (0ms) [Parameters=[], CommandType='Text', CommandTimeout='30']
SELECT "v"."VehicleKey", "v"."ClaimedAt", "v"."JourneyId", "v"."Purpose"
FROM "VehiclePurposeClaims" AS "v"
WHERE "v"."Purpose" = 'IDLE_RETURN'
[14:28:10 INF] Executed DbCommand (0ms) [Parameters=[], CommandType='Text', CommandTimeout='30']
SELECT "j"."JourneyId", "j"."AgvId", "j"."AgvLifecycleGeneration", "j"."AreaEndAdmissionRevokedSince", "j"."BlockReasonCode", "j"."BlockReasonSince", "j"."CargoHoldingStartedAt", "j"."ChargingPolicyVersion", "j"."ConsumedSafetyResultMessageId", "j"."ConsumedSublotMessageId", "j"."CreatedAt", "j"."DemandId", "j"."DispatchGeneration", "j"."DispatchZone", "j"."ExpectedBasketCount", "j"."FullSlotPositionsJson", "j"."GateMovementLegId", "j"."GatePlanMessageId", "j"."GateStationId", "j"."GateStationRiotId", "j"."GateUpperId", "j"."GateVehicleBusinessMessageId", "j"."GateWorklistMessageId", "j"."LoadCommandMessageId", "j"."LoadSlotOperationAttemptId", "j"."LoadingClosedReason", "j"."LoadingPhaseState", "j"."MapId", "j"."MapIdentity", "j"."OperationSessionId", "j"."PickupMovementLegId", "j"."PickupStationId", "j"."PickupStationRiotId", "j"."PickupUpperId", "j"."PlanMessageId", "j"."PlanRevision", "j"."PreDepartureSafetyCheckId", "j"."PreDepartureSafetyCheckMessageId", "j"."PublishedBatteryState", "j"."RouteEvidenceId", "j"."Stage", "j"."StationDepartureWaitStartedAt", "j"."SublotRequestMessageId", "j"."TargetSlotsJson", "j"."UnloadCommandMessageId", "j"."UnloadSlotOperationAttemptId", "j"."UpdatedAt", "j"."VehicleBusinessMessageId", "j"."VehicleBusinessRevision", "j"."VehicleKey", "j"."Version", "j"."WaitingBatteryObservedAt", "j"."WaitingBatteryPercent", "j"."WaitingSince", "j"."WaitingWarnedAt", "j"."WorklistMessageId", "j"."WorklistRevision", "j"."YieldTriggeredAt", "j"."YieldTriggeredByVehicleKey"
FROM "JourneyRuntimes" AS "j"
WHERE "j"."Stage" <> 'Completed'
[14:28:10 INF] Executed DbCommand (0ms) [Parameters=[@__holding_0='?' (Size = 129)], CommandType='Text', CommandTimeout='30']
SELECT "f"."AgvId"
FROM "ForeignRiotOrders" AS "f"
WHERE "f"."State" IN (
    SELECT "h"."value"
    FROM json_each(@__holding_0) AS "h"
)
[14:28:10 INF] Executed DbCommand (0ms) [Parameters=[], CommandType='Text', CommandTimeout='30']
SELECT "a"."DemandId"
FROM "AcceptedDemands" AS "a"
WHERE "a"."Status" NOT IN ('Succeeded', 'Cancelled') AND NOT EXISTS (
    SELECT 1
    FROM "AcceptedDemands" AS "a0"
    WHERE "a0"."Status" NOT IN ('Succeeded', 'Cancelled') AND NOT EXISTS (
        SELECT 1
        FROM "JourneyDemands" AS "j"
        WHERE "j"."DemandId" = "a0"."DemandId" AND "j"."RemovedAt" IS NULL) AND EXISTS (
        SELECT 1
        FROM "JourneyDemands" AS "j0"
        WHERE "j0"."DemandId" = "a0"."DemandId" AND "j0"."RemovedAt" IS NOT NULL AND "j0"."RemovalReason" = 'RELEASED_FOR_REDISPATCH' AND NOT EXISTS (
            SELECT 1
            FROM "JourneyDemands" AS "j1"
            WHERE "j1"."DemandId" = "a0"."DemandId" AND "j1"."DispatchGeneration" > "j0"."DispatchGeneration")) AND "a0"."DemandId" = "a"."DemandId")
[14:28:10 INF] Executed DbCommand (0ms) [Parameters=[], CommandType='Text', CommandTimeout='30']
SELECT "j"."DemandId"
FROM "JourneyDemands" AS "j"
WHERE "j"."RemovedAt" IS NULL
[14:28:10 INF] Start processing HTTP request GET http://127.0.0.1:48409/api/v2/contract
[14:28:10 INF] Sending HTTP request GET http://127.0.0.1:48409/api/v2/contract
[14:28:10 INF] Received HTTP response headers after 0.8915ms - 200
[14:28:10 INF] End processing HTTP request after 1.7262ms - 200
[14:28:10 INF] Start processing HTTP request GET http://127.0.0.1:48409/api/v2/externally-readable-demand-catalog
[14:28:10 INF] Sending HTTP request GET http://127.0.0.1:48409/api/v2/externally-readable-demand-catalog
[14:28:10 INF] Received HTTP response headers after 0.5797ms - 200
[14:28:10 INF] End processing HTTP request after 1.4503ms - 200
[14:28:10 INF] Executed DbCommand (0ms) [Parameters=[], CommandType='Text', CommandTimeout='30']
SELECT "j"."DemandId", "j"."AcceptedAt", "j"."DecisionFingerprint", "j"."DemandCreatedAt", "j"."FirstSeenAt", "j"."LastSeenAt", "j"."ReasonCode", "j"."StarvationEscalatedAt", "j"."StarvationEscalationParameterVersion", "j"."TransportDemandKey"
FROM "JourneyBacklog" AS "j"
[14:28:10 INF] Executed DbCommand (0ms) [Parameters=[], CommandType='Text', CommandTimeout='30']
SELECT "a"."DemandId"
FROM "AcceptedDemands" AS "a"
WHERE NOT EXISTS (
    SELECT 1
    FROM "AcceptedDemands" AS "a0"
    WHERE "a0"."Status" NOT IN ('Succeeded', 'Cancelled') AND NOT EXISTS (
        SELECT 1
        FROM "JourneyDemands" AS "j"
        WHERE "j"."DemandId" = "a0"."DemandId" AND "j"."RemovedAt" IS NULL) AND EXISTS (
        SELECT 1
        FROM "JourneyDemands" AS "j0"
        WHERE "j0"."DemandId" = "a0"."DemandId" AND "j0"."RemovedAt" IS NOT NULL AND "j0"."RemovalReason" = 'RELEASED_FOR_REDISPATCH' AND NOT EXISTS (
            SELECT 1
            FROM "JourneyDemands" AS "j1"
            WHERE "j1"."DemandId" = "a0"."DemandId" AND "j1"."DispatchGeneration" > "j0"."DispatchGeneration")) AND "a0"."DemandId" = "a"."DemandId")
[14:28:10 INF] Executed DbCommand (0ms) [Parameters=[], CommandType='Text', CommandTimeout='30']
SELECT "j"."DemandId", MAX("j"."DispatchGeneration") AS "Generation"
FROM "JourneyDemands" AS "j"
WHERE EXISTS (
    SELECT 1
    FROM "AcceptedDemands" AS "a"
    WHERE "a"."Status" NOT IN ('Succeeded', 'Cancelled') AND NOT EXISTS (
        SELECT 1
        FROM "JourneyDemands" AS "j0"
        WHERE "j0"."DemandId" = "a"."DemandId" AND "j0"."RemovedAt" IS NULL) AND EXISTS (
        SELECT 1
        FROM "JourneyDemands" AS "j1"
        WHERE "j1"."DemandId" = "a"."DemandId" AND "j1"."RemovedAt" IS NOT NULL AND "j1"."RemovalReason" = 'RELEASED_FOR_REDISPATCH' AND NOT EXISTS (
            SELECT 1
            FROM "JourneyDemands" AS "j2"
            WHERE "j2"."DemandId" = "a"."DemandId" AND "j2"."DispatchGeneration" > "j1"."DispatchGeneration")) AND "a"."DemandId" = "j"."DemandId")
GROUP BY "j"."DemandId"
[14:28:10 INF] Executed DbCommand (0ms) [Parameters=[], CommandType='Text', CommandTimeout='30']
SELECT "v"."AgvId", "v"."TaskType", "v"."Allowed", "v"."ConfigurationVersion", "v"."UpdatedAt"
FROM "VehicleTaskTypeAdmissions" AS "v"
[14:28:10 INF] Executed DbCommand (0ms) [Parameters=[], CommandType='Text', CommandTimeout='30']
SELECT "v"."AgvId", "v"."ConfigurationVersion", "v"."RoundTimeoutMilliseconds", "v"."UpdatedAt"
FROM "VehicleDispatchBudgets" AS "v"
[14:28:10 INF] Executed DbCommand (0ms) [Parameters=[], CommandType='Text', CommandTimeout='30']
SELECT "d"."Zone", "d"."AgvId", "d"."ConfigurationVersion", "d"."UpdatedAt"
FROM "DispatchZoneVehicles" AS "d"
[14:28:10 INF] Executed DbCommand (0ms) [Parameters=[], CommandType='Text', CommandTimeout='30']
SELECT MAX("d"."Version")
FROM "DispatchZoneAreaAssignmentVersions" AS "d"
[14:28:10 INF] Executed DbCommand (0ms) [Parameters=[], CommandType='Text', CommandTimeout='30']
SELECT MAX("d"."Version")
FROM "DispatchZoneParameterVersions" AS "d"
[14:28:10 INF] Executed DbCommand (0ms) [Parameters=[], CommandType='Text', CommandTimeout='30']
SELECT "j"."AgvId", "j"."CreatedAt"
FROM "JourneyRuntimes" AS "j"
WHERE "j"."JourneyId" NOT LIKE 'idle-return:%' AND "j"."JourneyId" NOT LIKE 'charging:%'
[14:28:10 INF] Executed DbCommand (0ms) [Parameters=[@__agvId_0='?' (Size = 10)], CommandType='Text', CommandTimeout='30']
SELECT "a"."SlotModelVersionId", "a"."SnapshotId"
FROM "ActiveSlotConfigurations" AS "a"
WHERE "a"."AgvId" = @__agvId_0
LIMIT 2
[14:28:10 INF] Executed DbCommand (0ms) [Parameters=[@__agvId_0='?' (Size = 10)], CommandType='Text', CommandTimeout='30']
SELECT "s"."SlotModelVersionId", "s"."CreatedAt"
FROM "SlotIoBindings" AS "s"
WHERE "s"."AgvId" = @__agvId_0 AND "s"."Status" = 'PUBLISHED'
[14:28:10 INF] Executed DbCommand (0ms) [Parameters=[@__agvId_0='?' (Size = 10)], CommandType='Text', CommandTimeout='30']
SELECT "s"."AgvId", "s"."ActiveUnlockSlotsJson", "s"."CapabilityHash", "s"."CapabilityRevision", "s"."DepartureSafe", "s"."ForcedRecoveryGeneration", "s"."ManifestSha256", "s"."PendingAttemptIdsJson", "s"."PendingResultIdsJson", "s"."ProfileId", "s"."ProtocolCommit", "s"."ProtocolVersion", "s"."ProvenRecoveryCheckpoint", "s"."Readiness", "s"."ReasonCode", "s"."RecoveryReportId", "s"."ReportedForcedRecoveryGeneration", "s"."ReportedSlotConfigurationFingerprint", "s"."SafetyHash", "s"."SafetyReasonCodesJson", "s"."SafetyRevision", "s"."SafetyUnknownPresent", "s"."SessionGeneration", "s"."UnsettledSlotOperationAttemptId", "s"."UpdatedAt"
FROM "SessionRecoveries" AS "s"
WHERE "s"."AgvId" = @__agvId_0 AND "s"."Readiness" = 'Ready'
LIMIT 2
[14:28:10 INF] Executed DbCommand (0ms) [Parameters=[@__messageType_0='?' (Size = 18)], CommandType='Text', CommandTimeout='30']
SELECT "p"."MessageId", "p"."ContentHash", "p"."FirstResponseJson", "p"."MessageType", "p"."ReceivedAt", "p"."RequestJson"
FROM "ProtocolInbox" AS "p"
WHERE "p"."MessageType" = @__messageType_0
[14:28:10 INF] Executed DbCommand (0ms) [Parameters=[], CommandType='Text', CommandTimeout='30']
SELECT "p"."MessageId", "p"."ContentHash", "p"."FirstResponseJson", "p"."MessageType", "p"."ReceivedAt", "p"."RequestJson"
FROM "ProtocolInbox" AS "p"
WHERE "p"."MessageType" = 'SafetyStateSnapshot'
[14:28:10 INF] Executed DbCommand (0ms) [Parameters=[], CommandType='Text', CommandTimeout='30']
SELECT "p"."MessageId", "p"."ContentHash", "p"."FirstResponseJson", "p"."MessageType", "p"."ReceivedAt", "p"."RequestJson"
FROM "ProtocolInbox" AS "p"
WHERE "p"."MessageType" IN ('SafetyStateSnapshot', 'SafetyStateChanged')
[14:28:10 INF] Executed DbCommand (0ms) [Parameters=[], CommandType='Text', CommandTimeout='30']
SELECT "p"."MessageId", "p"."ContentHash", "p"."FirstResponseJson", "p"."MessageType", "p"."ReceivedAt", "p"."RequestJson"
FROM "ProtocolInbox" AS "p"
[14:28:10 INF] Start processing HTTP request GET http://127.0.0.1:48408/api/task/vehicles/getVehicleInfoByDeviceKey?key=BROKERX-L2-0001
[14:28:10 INF] Sending HTTP request GET http://127.0.0.1:48408/api/task/vehicles/getVehicleInfoByDeviceKey?key=BROKERX-L2-0001
[14:28:10 INF] Received HTTP response headers after 0.6251ms - 200
[14:28:10 INF] End processing HTTP request after 1.529ms - 200
[14:28:10 INF] Executed DbCommand (0ms) [Parameters=[], CommandType='Text', CommandTimeout='30']
SELECT "c"."ActivationId", "c"."ActivatedAt", "c"."ActivatedBy", "c"."Sequence", "c"."Version"
FROM "ChargingPolicyActivations" AS "c"
ORDER BY "c"."Sequence" DESC
LIMIT 1
[14:28:10 INF] Executed DbCommand (0ms) [Parameters=[], CommandType='Text', CommandTimeout='30']
SELECT "s"."MapId", "s"."StationId", "s"."ChargerRosterVersion", "s"."JourneyId", "s"."RecordId", "s"."State", "s"."StateSince", "s"."StationKind", "s"."VehicleKey", "s"."WaitingPointVersion"
FROM "StationExclusivities" AS "s"
WHERE "s"."StationKind" = 'CHARGER'
[14:28:10 INF] Executed DbCommand (0ms) [Parameters=[@__vehicleKey_0='?' (Size = 15)], CommandType='Text', CommandTimeout='30']
SELECT "m"."VehicleKey", "m"."HoldId", "m"."Reason", "m"."Since", "m"."WarnedAt"
FROM "ManualChargingHolds" AS "m"
WHERE "m"."VehicleKey" = @__vehicleKey_0
LIMIT 2
[14:28:10 INF] Executed DbCommand (0ms) [Parameters=[@__vehicle_VehicleKey_0='?' (Size = 15)], CommandType='Text', CommandTimeout='30']
SELECT "m"."HoldId", "m"."ReleasedAt"
FROM "ManualChargingHoldRecords" AS "m"
WHERE "m"."VehicleKey" = @__vehicle_VehicleKey_0 AND "m"."ReleasedAt" IS NOT NULL
[14:28:10 INF] Executed DbCommand (0ms) [Parameters=[], CommandType='Text', CommandTimeout='30']
SELECT "s"."DemandId"
FROM "StructuralDispatchBlocks" AS "s"
WHERE "s"."ClearedAt" IS NULL
[14:28:10 INF] Executed DbCommand (0ms) [Parameters=[], CommandType='Text', CommandTimeout='30']
SELECT "s"."DemandId", "s"."ReasonCode", "s"."ClearedAt", "s"."DetailJson", "s"."FirstRaisedAt", "s"."LastSeenAt", "s"."TransportDemandKey"
FROM "StructuralDispatchBlocks" AS "s"
WHERE "s"."ClearedAt" IS NULL
[14:28:10 INF] Executed DbCommand (0ms) [Parameters=[], CommandType='Text', CommandTimeout='30']
SELECT "j"."JourneyId", "j"."AgvId", "j"."AgvLifecycleGeneration", "j"."AreaEndAdmissionRevokedSince", "j"."BlockReasonCode", "j"."BlockReasonSince", "j"."CargoHoldingStartedAt", "j"."ChargingPolicyVersion", "j"."ConsumedSafetyResultMessageId", "j"."ConsumedSublotMessageId", "j"."CreatedAt", "j"."DemandId", "j"."DispatchGeneration", "j"."DispatchZone", "j"."ExpectedBasketCount", "j"."FullSlotPositionsJson", "j"."GateMovementLegId", "j"."GatePlanMessageId", "j"."GateStationId", "j"."GateStationRiotId", "j"."GateUpperId", "j"."GateVehicleBusinessMessageId", "j"."GateWorklistMessageId", "j"."LoadCommandMessageId", "j"."LoadSlotOperationAttemptId", "j"."LoadingClosedReason", "j"."LoadingPhaseState", "j"."MapId", "j"."MapIdentity", "j"."OperationSessionId", "j"."PickupMovementLegId", "j"."PickupStationId", "j"."PickupStationRiotId", "j"."PickupUpperId", "j"."PlanMessageId", "j"."PlanRevision", "j"."PreDepartureSafetyCheckId", "j"."PreDepartureSafetyCheckMessageId", "j"."PublishedBatteryState", "j"."RouteEvidenceId", "j"."Stage", "j"."StationDepartureWaitStartedAt", "j"."SublotRequestMessageId", "j"."TargetSlotsJson", "j"."UnloadCommandMessageId", "j"."UnloadSlotOperationAttemptId", "j"."UpdatedAt", "j"."VehicleBusinessMessageId", "j"."VehicleBusinessRevision", "j"."VehicleKey", "j"."Version", "j"."WaitingBatteryObservedAt", "j"."WaitingBatteryPercent", "j"."WaitingSince", "j"."WaitingWarnedAt", "j"."WorklistMessageId", "j"."WorklistRevision", "j"."YieldTriggeredAt", "j"."YieldTriggeredByVehicleKey"
FROM "JourneyRuntimes" AS "j"
WHERE "j"."Stage" <> 'Completed'
[14:28:10 INF] Executed DbCommand (0ms) [Parameters=[], CommandType='Text', CommandTimeout='30']
SELECT "v"."AgvId", "v"."TaskType", "v"."Allowed", "v"."ConfigurationVersion", "v"."UpdatedAt"
FROM "VehicleTaskTypeAdmissions" AS "v"
[14:28:10 INF] Executed DbCommand (0ms) [Parameters=[], CommandType='Text', CommandTimeout='30']
SELECT "v"."AgvId", "v"."ConfigurationVersion", "v"."RoundTimeoutMilliseconds", "v"."UpdatedAt"
FROM "VehicleDispatchBudgets" AS "v"
[14:28:10 INF] Executed DbCommand (0ms) [Parameters=[], CommandType='Text', CommandTimeout='30']
SELECT "d"."Zone", "d"."AgvId", "d"."ConfigurationVersion", "d"."UpdatedAt"
FROM "DispatchZoneVehicles" AS "d"
[14:28:10 INF] Executed DbCommand (0ms) [Parameters=[], CommandType='Text', CommandTimeout='30']
SELECT "j"."JourneyId", "j"."AgvId", "j"."AgvLifecycleGeneration", "j"."AreaEndAdmissionRevokedSince", "j"."BlockReasonCode", "j"."BlockReasonSince", "j"."CargoHoldingStartedAt", "j"."ChargingPolicyVersion", "j"."ConsumedSafetyResultMessageId", "j"."ConsumedSublotMessageId", "j"."CreatedAt", "j"."DemandId", "j"."DispatchGeneration", "j"."DispatchZone", "j"."ExpectedBasketCount", "j"."FullSlotPositionsJson", "j"."GateMovementLegId", "j"."GatePlanMessageId", "j"."GateStationId", "j"."GateStationRiotId", "j"."GateUpperId", "j"."GateVehicleBusinessMessageId", "j"."GateWorklistMessageId", "j"."LoadCommandMessageId", "j"."LoadSlotOperationAttemptId", "j"."LoadingClosedReason", "j"."LoadingPhaseState", "j"."MapId", "j"."MapIdentity", "j"."OperationSessionId", "j"."PickupMovementLegId", "j"."PickupStationId", "j"."PickupStationRiotId", "j"."PickupUpperId", "j"."PlanMessageId", "j"."PlanRevision", "j"."PreDepartureSafetyCheckId", "j"."PreDepartureSafetyCheckMessageId", "j"."PublishedBatteryState", "j"."RouteEvidenceId", "j"."Stage", "j"."StationDepartureWaitStartedAt", "j"."SublotRequestMessageId", "j"."TargetSlotsJson", "j"."UnloadCommandMessageId", "j"."UnloadSlotOperationAttemptId", "j"."UpdatedAt", "j"."VehicleBusinessMessageId", "j"."VehicleBusinessRevision", "j"."VehicleKey", "j"."Version", "j"."WaitingBatteryObservedAt", "j"."WaitingBatteryPercent", "j"."WaitingSince", "j"."WaitingWarnedAt", "j"."WorklistMessageId", "j"."WorklistRevision", "j"."YieldTriggeredAt", "j"."YieldTriggeredByVehicleKey"
FROM "JourneyRuntimes" AS "j"
WHERE "j"."Stage" <> 'Completed'
[14:28:10 INF] Start processing HTTP request GET http://127.0.0.1:48408/api/task/v1/task/getVehicleInfo/BROKERX-L2-0001
[14:28:10 INF] Sending HTTP request GET http://127.0.0.1:48408/api/task/v1/task/getVehicleInfo/BROKERX-L2-0001
[14:28:10 INF] Received HTTP response headers after 0.6249ms - 200
[14:28:10 INF] End processing HTTP request after 2.0325ms - 200
[14:28:10 INF] Start processing HTTP request GET http://127.0.0.1:48408/api/order/v1/orderRecord?pageNum=1&pageSize=100&filterByState=1&filterByState=3&filterByState=7&filterByState=8&filterByState=9&filterByState=10
[14:28:10 INF] Sending HTTP request GET http://127.0.0.1:48408/api/order/v1/orderRecord?pageNum=1&pageSize=100&filterByState=1&filterByState=3&filterByState=7&filterByState=8&filterByState=9&filterByState=10
[14:28:10 INF] Received HTTP response headers after 0.5747ms - 200
[14:28:10 INF] End processing HTTP request after 1.4275ms - 200
[14:28:10 INF] HTTP GET /api/onboard/v1/vehicle-safety responded 200 in 4.8349 ms
[14:28:10 INF] Executed DbCommand (0ms) [Parameters=[@__messageId_0='?' (Size = 36)], CommandType='Text', CommandTimeout='30']
SELECT "p"."MessageId", "p"."ContentHash", "p"."FirstResponseJson", "p"."MessageType", "p"."ReceivedAt", "p"."RequestJson"
FROM "ProtocolInbox" AS "p"
WHERE "p"."MessageId" = @__messageId_0
LIMIT 2
[14:28:10 INF] Executed DbCommand (0ms) [Parameters=[@p0='?' (Size = 36), @p1='?' (Size = 64), @p2='?' (Size = 535), @p3='?' (Size = 9), @p4='?' (DbType = DateTimeOffset), @p5='?' (Size = 427)], CommandType='Text', CommandTimeout='30']
INSERT INTO "ProtocolInbox" ("MessageId", "ContentHash", "FirstResponseJson", "MessageType", "ReceivedAt", "RequestJson")
VALUES (@p0, @p1, @p2, @p3, @p4, @p5);
[14:28:10 INF] Executed DbCommand (0ms) [Parameters=[@__agvId_0='?' (Size = 10), @__generation_1='?' (DbType = Int64)], CommandType='Text', CommandTimeout='30']
SELECT "o"."RebuildId"
FROM "OwnOrderRebuilds" AS "o"
WHERE "o"."AgvId" = @__agvId_0 AND ((("o"."State" = 'PENDING' OR ("o"."State" = 'ORDERING' AND EXISTS (
    SELECT 1
    FROM "OrderIntents" AS "o0"
    WHERE "o0"."MovementLegId" = "o"."NewMovementLegId" AND "o0"."CreateAttemptCount" = 0))) AND "o"."Source" IN ('FAULT_CLEARED_CARGO_ON_BOARD', 'ORDER_CANCELLED_IN_RIOT') AND EXISTS (
    SELECT 1
    FROM "JourneyDemands" AS "j"
    WHERE "j"."JourneyId" = "o"."JourneyId" AND "j"."RemovedAt" IS NULL AND "j"."Status" <> 'PENDING_LOAD' AND "j"."Status" <> 'UNLOADED' AND "j"."Status" <> 'TERMINATED')) OR ("o"."State" = 'AWAITING_CARGO_HANDOFF' AND EXISTS (
    SELECT 1
    FROM "JourneyRuntimes" AS "j0"
    WHERE "j0"."JourneyId" = "o"."JourneyId" AND "j0"."Stage" = 'Blocked'))) AND ("o"."CargoEvidenceRequestedGeneration" <> @__generation_1 OR "o"."CargoEvidenceRequestedGeneration" IS NULL OR NOT ("o"."CargoEvidenceRequestedWhileReady"))
[14:28:11 INF] Executed DbCommand (0ms) [Parameters=[], CommandType='Text', CommandTimeout='30']
SELECT "a"."AgvId"
FROM "AgvLifecycles" AS "a"
WHERE "a"."Archived"
[14:28:11 INF] Start processing HTTP request GET http://127.0.0.1:48408/api/order/v1/orderRecord?pageNum=1&pageSize=100&filterByState=1&filterByState=3&filterByState=7&filterByState=8&filterByState=9&filterByState=10
[14:28:11 INF] Sending HTTP request GET http://127.0.0.1:48408/api/order/v1/orderRecord?pageNum=1&pageSize=100&filterByState=1&filterByState=3&filterByState=7&filterByState=8&filterByState=9&filterByState=10
[14:28:11 INF] Received HTTP response headers after 0.8115ms - 200
[14:28:11 INF] End processing HTTP request after 1.6968ms - 200
[14:28:11 INF] Executed DbCommand (0ms) [Parameters=[@__listedIds_0='?' (Size = 2)], CommandType='Text', CommandTimeout='30']
SELECT "f"."RiotOrderId", "f"."AgvId", "f"."CancelCallDisposition", "f"."CancelCommandAuditId", "f"."CancelDecidedAt", "f"."CancelResult", "f"."CancelResultAt", "f"."CancelSentAt", "f"."DetectedAt", "f"."DeviceKey", "f"."EndedAt", "f"."EndedOrderState", "f"."LastSeenRunningAt", "f"."OrderStateAtDetection", "f"."Ownership", "f"."OwnershipBasis", "f"."State", "f"."UpdatedAt", "f"."UpperId"
FROM "ForeignRiotOrders" AS "f"
WHERE "f"."State" <> 'ENDED' OR "f"."RiotOrderId" IN (
    SELECT "l"."value"
    FROM json_each(@__listedIds_0) AS "l"
)
[14:28:11 INF] Executed DbCommand (0ms) [Parameters=[], CommandType='Text', CommandTimeout='30']
SELECT "s"."MapId", "s"."StationId", "s"."ChargerRosterVersion", "s"."JourneyId", "s"."RecordId", "s"."State", "s"."StateSince", "s"."StationKind", "s"."VehicleKey", "s"."WaitingPointVersion"
FROM "StationExclusivities" AS "s"
WHERE "s"."StationKind" IN ('FIXED_TASK_STATION', 'WAITING_POINT')
[14:28:11 INF] Executed DbCommand (0ms) [Parameters=[@__mapId_0='?' (DbType = Int32)], CommandType='Text', CommandTimeout='30']
SELECT "t"."MapId", "t"."ActiveVersion", "t"."PendingVersion", "t"."State", "t"."UpdatedAt"
FROM "TaskTypeStationActiveBindingSets" AS "t"
WHERE "t"."MapId" = @__mapId_0
LIMIT 2
[14:28:11 INF] Executed DbCommand (0ms) [Parameters=[@__mapId_0='?' (DbType = Int32), @__version_1='?' (DbType = Int64)], CommandType='Text', CommandTimeout='30']
SELECT "t"."MapId", "t"."Version", "t"."CatalogRevision", "t"."ContentSha256", "t"."LoadedAt", "t"."RuleVersion", "t"."SnapshotId", "t"."Source"
FROM "TaskTypeStationBindingSetVersions" AS "t"
WHERE "t"."MapId" = @__mapId_0 AND "t"."Version" = @__version_1
LIMIT 2
[14:28:11 INF] Executed DbCommand (0ms) [Parameters=[@__mapId_0='?' (DbType = Int32), @__version_1='?' (DbType = Int64)], CommandType='Text', CommandTimeout='30']
SELECT "t"."TaskType"
FROM "TaskTypeStationRequirements" AS "t"
WHERE "t"."MapId" = @__mapId_0 AND "t"."Version" = @__version_1
[14:28:11 INF] Executed DbCommand (0ms) [Parameters=[@__mapId_0='?' (DbType = Int32), @__version_1='?' (DbType = Int64)], CommandType='Text', CommandTimeout='30']
SELECT "t"."MapId", "t"."Version", "t"."TaskType", "t"."SiteVerificationRef", "t"."StationName", "t"."StationRiotId"
FROM "TaskTypeStationBindings" AS "t"
WHERE "t"."MapId" = @__mapId_0 AND "t"."Version" = @__version_1
[14:28:11 INF] Executed DbCommand (0ms) [Parameters=[], CommandType='Text', CommandTimeout='30']
SELECT "j"."JourneyId", "j"."AgvId", "j"."AgvLifecycleGeneration", "j"."AreaEndAdmissionRevokedSince", "j"."BlockReasonCode", "j"."BlockReasonSince", "j"."CargoHoldingStartedAt", "j"."ChargingPolicyVersion", "j"."ConsumedSafetyResultMessageId", "j"."ConsumedSublotMessageId", "j"."CreatedAt", "j"."DemandId", "j"."DispatchGeneration", "j"."DispatchZone", "j"."ExpectedBasketCount", "j"."FullSlotPositionsJson", "j"."GateMovementLegId", "j"."GatePlanMessageId", "j"."GateStationId", "j"."GateStationRiotId", "j"."GateUpperId", "j"."GateVehicleBusinessMessageId", "j"."GateWorklistMessageId", "j"."LoadCommandMessageId", "j"."LoadSlotOperationAttemptId", "j"."LoadingClosedReason", "j"."LoadingPhaseState", "j"."MapId", "j"."MapIdentity", "j"."OperationSessionId", "j"."PickupMovementLegId", "j"."PickupStationId", "j"."PickupStationRiotId", "j"."PickupUpperId", "j"."PlanMessageId", "j"."PlanRevision", "j"."PreDepartureSafetyCheckId", "j"."PreDepartureSafetyCheckMessageId", "j"."PublishedBatteryState", "j"."RouteEvidenceId", "j"."Stage", "j"."StationDepartureWaitStartedAt", "j"."SublotRequestMessageId", "j"."TargetSlotsJson", "j"."UnloadCommandMessageId", "j"."UnloadSlotOperationAttemptId", "j"."UpdatedAt", "j"."VehicleBusinessMessageId", "j"."VehicleBusinessRevision", "j"."VehicleKey", "j"."Version", "j"."WaitingBatteryObservedAt", "j"."WaitingBatteryPercent", "j"."WaitingSince", "j"."WaitingWarnedAt", "j"."WorklistMessageId", "j"."WorklistRevision", "j"."YieldTriggeredAt", "j"."YieldTriggeredByVehicleKey"
FROM "JourneyRuntimes" AS "j"
WHERE "j"."Stage" NOT IN ('Completed', 'Blocked')
[14:28:11 INF] Start processing HTTP request GET http://127.0.0.1:48408/api/imap/v1/mapInfo/getALLMapInfoExcludeMapJson
[14:28:11 INF] Sending HTTP request GET http://127.0.0.1:48408/api/imap/v1/mapInfo/getALLMapInfoExcludeMapJson
[14:28:11 INF] Received HTTP response headers after 0.6376ms - 200
[14:28:11 INF] End processing HTTP request after 1.5562ms - 200
[14:28:11 INF] Executed DbCommand (0ms) [Parameters=[@__mapId_0='?' (DbType = Int32)], CommandType='Text', CommandTimeout='30']
SELECT "m"."MapId", "m"."AcceptedAt", "m"."AcceptedBy", "m"."EstablishedAt", "m"."Name", "m"."PendingName", "m"."PendingSince"
FROM "MapNameBaselines" AS "m"
WHERE "m"."MapId" = @__mapId_0
LIMIT 2
[14:28:11 INF] Start processing HTTP request GET http://127.0.0.1:48408/api/imap/v1/mapInfo/stations/25
[14:28:11 INF] Sending HTTP request GET http://127.0.0.1:48408/api/imap/v1/mapInfo/stations/25
[14:28:11 INF] Received HTTP response headers after 0.7076ms - 200
[14:28:11 INF] End processing HTTP request after 1.5847ms - 200
[14:28:11 INF] Executed DbCommand (0ms) [Parameters=[@__mapId_0='?' (DbType = Int32)], CommandType='Text', CommandTimeout='30']
SELECT "t"."MapId", "t"."ActiveVersion", "t"."PendingVersion", "t"."State", "t"."UpdatedAt"
FROM "TaskTypeStationActiveBindingSets" AS "t"
WHERE "t"."MapId" = @__mapId_0
LIMIT 2
[14:28:11 INF] Executed DbCommand (0ms) [Parameters=[@__mapId_0='?' (DbType = Int32), @__version_1='?' (DbType = Int64)], CommandType='Text', CommandTimeout='30']
SELECT "t"."MapId", "t"."Version", "t"."CatalogRevision", "t"."ContentSha256", "t"."LoadedAt", "t"."RuleVersion", "t"."SnapshotId", "t"."Source"
FROM "TaskTypeStationBindingSetVersions" AS "t"
WHERE "t"."MapId" = @__mapId_0 AND "t"."Version" = @__version_1
LIMIT 2
[14:28:11 INF] Executed DbCommand (0ms) [Parameters=[@__mapId_0='?' (DbType = Int32), @__version_1='?' (DbType = Int64)], CommandType='Text', CommandTimeout='30']
SELECT "t"."TaskType"
FROM "TaskTypeStationRequirements" AS "t"
WHERE "t"."MapId" = @__mapId_0 AND "t"."Version" = @__version_1
[14:28:11 INF] Executed DbCommand (0ms) [Parameters=[@__mapId_0='?' (DbType = Int32), @__version_1='?' (DbType = Int64)], CommandType='Text', CommandTimeout='30']
SELECT "t"."MapId", "t"."Version", "t"."TaskType", "t"."SiteVerificationRef", "t"."StationName", "t"."StationRiotId"
FROM "TaskTypeStationBindings" AS "t"
WHERE "t"."MapId" = @__mapId_0 AND "t"."Version" = @__version_1
[14:28:11 INF] Executed DbCommand (0ms) [Parameters=[@__version_0='?' (DbType = Int64)], CommandType='Text', CommandTimeout='30']
SELECT "t"."Version", "t"."ContentSha256", "t"."LoadedAt", "t"."SnapshotId", "t"."Source"
FROM "TaskTypeStationRuleVersions" AS "t"
WHERE "t"."Version" = @__version_0
LIMIT 2
[14:28:11 INF] Executed DbCommand (0ms) [Parameters=[@__version_0='?' (DbType = Int64)], CommandType='Text', CommandTimeout='30']
SELECT "t"."Version", "t"."TaskType", "t"."FixedEnd"
FROM "TaskTypeStationRules" AS "t"
WHERE "t"."Version" = @__version_0
[14:28:11 INF] Executed DbCommand (0ms) [Parameters=[@__mapId_0='?' (DbType = Int32)], CommandType='Text', CommandTimeout='30']
SELECT "t"."MapId", "t"."ActiveVersion", "t"."PendingVersion", "t"."State", "t"."UpdatedAt"
FROM "TaskTypeStationActiveBindingSets" AS "t"
WHERE "t"."MapId" = @__mapId_0
LIMIT 2
[14:28:11 INF] Executed DbCommand (0ms) [Parameters=[@__mapId_0='?' (DbType = Int32)], CommandType='Text', CommandTimeout='30']
SELECT "t"."HoldId", "t"."DetailJson", "t"."MapId", "t"."RaisedAt", "t"."RaisedBy", "t"."ReasonCode", "t"."ReleasedAt", "t"."ReleasedBy", "t"."Source", "t"."TaskType"
FROM "TaskTypeStationHolds" AS "t"
WHERE "t"."MapId" = @__mapId_0 AND "t"."ReleasedAt" IS NULL
[14:28:11 INF] Executed DbCommand (0ms) [Parameters=[@__mapId_0='?' (DbType = Int32)], CommandType='Text', CommandTimeout='30']
SELECT "m"."MapId", "m"."ApprovedMaxUnconfirmedSeconds", "m"."ApprovedSyncPeriodSeconds", "m"."CatalogRevision", "m"."LastAttemptAt", "m"."LastCompleteConfirmationAt", "m"."LastFailureReason", "m"."State", "m"."UpdatedAt"
FROM "MapStationCatalogStates" AS "m"
WHERE "m"."MapId" = @__mapId_0
LIMIT 2
[14:28:11 INF] Executed DbCommand (0ms) [Parameters=[@p3='?' (DbType = Int32), @p0='?' (DbType = DateTimeOffset), @p1='?' (DbType = DateTimeOffset), @p2='?' (DbType = DateTimeOffset)], CommandType='Text', CommandTimeout='30']
UPDATE "MapStationCatalogStates" SET "LastAttemptAt" = @p0, "LastCompleteConfirmationAt" = @p1, "UpdatedAt" = @p2
WHERE "MapId" = @p3
RETURNING 1;
[14:28:11 INF] Executed DbCommand (0ms) [Parameters=[@__mapId_0='?' (DbType = Int32)], CommandType='Text', CommandTimeout='30']
SELECT "t"."MapId", "t"."ActiveVersion", "t"."PendingVersion", "t"."State", "t"."UpdatedAt"
FROM "TaskTypeStationActiveBindingSets" AS "t"
WHERE "t"."MapId" = @__mapId_0
LIMIT 2
[14:28:11 INF] Executed DbCommand (0ms) [Parameters=[@__mapId_0='?' (DbType = Int32), @__version_1='?' (DbType = Int64)], CommandType='Text', CommandTimeout='30']
SELECT "t"."MapId", "t"."Version", "t"."CatalogRevision", "t"."ContentSha256", "t"."LoadedAt", "t"."RuleVersion", "t"."SnapshotId", "t"."Source"
FROM "TaskTypeStationBindingSetVersions" AS "t"
WHERE "t"."MapId" = @__mapId_0 AND "t"."Version" = @__version_1
LIMIT 2
[14:28:11 INF] Executed DbCommand (0ms) [Parameters=[@__mapId_0='?' (DbType = Int32), @__version_1='?' (DbType = Int64)], CommandType='Text', CommandTimeout='30']
SELECT "t"."TaskType"
FROM "TaskTypeStationRequirements" AS "t"
WHERE "t"."MapId" = @__mapId_0 AND "t"."Version" = @__version_1
[14:28:11 INF] Executed DbCommand (0ms) [Parameters=[@__mapId_0='?' (DbType = Int32), @__version_1='?' (DbType = Int64)], CommandType='Text', CommandTimeout='30']
SELECT "t"."MapId", "t"."Version", "t"."TaskType", "t"."SiteVerificationRef", "t"."StationName", "t"."StationRiotId"
FROM "TaskTypeStationBindings" AS "t"
WHERE "t"."MapId" = @__mapId_0 AND "t"."Version" = @__version_1
[14:28:11 INF] Executed DbCommand (0ms) [Parameters=[@__mapId_0='?' (DbType = Int32)], CommandType='Text', CommandTimeout='30']
SELECT "t"."MapId", "t"."ActiveVersion", "t"."PendingVersion", "t"."State", "t"."UpdatedAt"
FROM "TaskTypeStationActiveBindingSets" AS "t"
WHERE "t"."MapId" = @__mapId_0
LIMIT 2
[14:28:11 INF] Executed DbCommand (0ms) [Parameters=[@__mapId_0='?' (DbType = Int32), @__version_1='?' (DbType = Int64)], CommandType='Text', CommandTimeout='30']
SELECT "t"."MapId", "t"."Version", "t"."CatalogRevision", "t"."ContentSha256", "t"."LoadedAt", "t"."RuleVersion", "t"."SnapshotId", "t"."Source"
FROM "TaskTypeStationBindingSetVersions" AS "t"
WHERE "t"."MapId" = @__mapId_0 AND "t"."Version" = @__version_1
LIMIT 2
[14:28:11 INF] Executed DbCommand (0ms) [Parameters=[@__mapId_0='?' (DbType = Int32), @__version_1='?' (DbType = Int64)], CommandType='Text', CommandTimeout='30']
SELECT "t"."TaskType"
FROM "TaskTypeStationRequirements" AS "t"
WHERE "t"."MapId" = @__mapId_0 AND "t"."Version" = @__version_1
[14:28:11 INF] Executed DbCommand (0ms) [Parameters=[@__mapId_0='?' (DbType = Int32), @__version_1='?' (DbType = Int64)], CommandType='Text', CommandTimeout='30']
SELECT "t"."MapId", "t"."Version", "t"."TaskType", "t"."SiteVerificationRef", "t"."StationName", "t"."StationRiotId"
FROM "TaskTypeStationBindings" AS "t"
WHERE "t"."MapId" = @__mapId_0 AND "t"."Version" = @__version_1
[14:28:11 INF] Executed DbCommand (0ms) [Parameters=[@__version_0='?' (DbType = Int64)], CommandType='Text', CommandTimeout='30']
SELECT "t"."Version", "t"."ContentSha256", "t"."LoadedAt", "t"."SnapshotId", "t"."Source"
FROM "TaskTypeStationRuleVersions" AS "t"
WHERE "t"."Version" = @__version_0
LIMIT 2
[14:28:11 INF] Executed DbCommand (0ms) [Parameters=[@__version_0='?' (DbType = Int64)], CommandType='Text', CommandTimeout='30']
SELECT "t"."Version", "t"."TaskType", "t"."FixedEnd"
FROM "TaskTypeStationRules" AS "t"
WHERE "t"."Version" = @__version_0
[14:28:11 INF] Executed DbCommand (0ms) [Parameters=[], CommandType='Text', CommandTimeout='30']
SELECT "a"."Id", "a"."ContentHash", "a"."DeploymentId", "a"."ImportedAt", "a"."Version"
FROM "AdmissionPolicyState" AS "a"
WHERE "a"."Id" = 1
LIMIT 2
[14:28:11 INF] Executed DbCommand (0ms) [Parameters=[], CommandType='Text', CommandTimeout='30']
SELECT "v"."VehicleKey", "v"."ClaimedAt", "v"."JourneyId", "v"."Purpose"
FROM "VehiclePurposeClaims" AS "v"
WHERE "v"."Purpose" = 'IDLE_RETURN'
[14:28:11 INF] Executed DbCommand (0ms) [Parameters=[], CommandType='Text', CommandTimeout='30']
SELECT "j"."JourneyId", "j"."AgvId", "j"."AgvLifecycleGeneration", "j"."AreaEndAdmissionRevokedSince", "j"."BlockReasonCode", "j"."BlockReasonSince", "j"."CargoHoldingStartedAt", "j"."ChargingPolicyVersion", "j"."ConsumedSafetyResultMessageId", "j"."ConsumedSublotMessageId", "j"."CreatedAt", "j"."DemandId", "j"."DispatchGeneration", "j"."DispatchZone", "j"."ExpectedBasketCount", "j"."FullSlotPositionsJson", "j"."GateMovementLegId", "j"."GatePlanMessageId", "j"."GateStationId", "j"."GateStationRiotId", "j"."GateUpperId", "j"."GateVehicleBusinessMessageId", "j"."GateWorklistMessageId", "j"."LoadCommandMessageId", "j"."LoadSlotOperationAttemptId", "j"."LoadingClosedReason", "j"."LoadingPhaseState", "j"."MapId", "j"."MapIdentity", "j"."OperationSessionId", "j"."PickupMovementLegId", "j"."PickupStationId", "j"."PickupStationRiotId", "j"."PickupUpperId", "j"."PlanMessageId", "j"."PlanRevision", "j"."PreDepartureSafetyCheckId", "j"."PreDepartureSafetyCheckMessageId", "j"."PublishedBatteryState", "j"."RouteEvidenceId", "j"."Stage", "j"."StationDepartureWaitStartedAt", "j"."SublotRequestMessageId", "j"."TargetSlotsJson", "j"."UnloadCommandMessageId", "j"."UnloadSlotOperationAttemptId", "j"."UpdatedAt", "j"."VehicleBusinessMessageId", "j"."VehicleBusinessRevision", "j"."VehicleKey", "j"."Version", "j"."WaitingBatteryObservedAt", "j"."WaitingBatteryPercent", "j"."WaitingSince", "j"."WaitingWarnedAt", "j"."WorklistMessageId", "j"."WorklistRevision", "j"."YieldTriggeredAt", "j"."YieldTriggeredByVehicleKey"
FROM "JourneyRuntimes" AS "j"
WHERE "j"."Stage" <> 'Completed'
[14:28:11 INF] Executed DbCommand (0ms) [Parameters=[@__holding_0='?' (Size = 129)], CommandType='Text', CommandTimeout='30']
SELECT "f"."AgvId"
FROM "ForeignRiotOrders" AS "f"
WHERE "f"."State" IN (
    SELECT "h"."value"
    FROM json_each(@__holding_0) AS "h"
)
[14:28:11 INF] Executed DbCommand (0ms) [Parameters=[], CommandType='Text', CommandTimeout='30']
SELECT "a"."DemandId"
FROM "AcceptedDemands" AS "a"
WHERE "a"."Status" NOT IN ('Succeeded', 'Cancelled') AND NOT EXISTS (
    SELECT 1
    FROM "AcceptedDemands" AS "a0"
    WHERE "a0"."Status" NOT IN ('Succeeded', 'Cancelled') AND NOT EXISTS (
        SELECT 1
        FROM "JourneyDemands" AS "j"
        WHERE "j"."DemandId" = "a0"."DemandId" AND "j"."RemovedAt" IS NULL) AND EXISTS (
        SELECT 1
        FROM "JourneyDemands" AS "j0"
        WHERE "j0"."DemandId" = "a0"."DemandId" AND "j0"."RemovedAt" IS NOT NULL AND "j0"."RemovalReason" = 'RELEASED_FOR_REDISPATCH' AND NOT EXISTS (
            SELECT 1
            FROM "JourneyDemands" AS "j1"
            WHERE "j1"."DemandId" = "a0"."DemandId" AND "j1"."DispatchGeneration" > "j0"."DispatchGeneration")) AND "a0"."DemandId" = "a"."DemandId")
[14:28:11 INF] Executed DbCommand (0ms) [Parameters=[], CommandType='Text', CommandTimeout='30']
SELECT "j"."DemandId"
FROM "JourneyDemands" AS "j"
WHERE "j"."RemovedAt" IS NULL
[14:28:11 INF] Start processing HTTP request GET http://127.0.0.1:48409/api/v2/contract
[14:28:11 INF] Sending HTTP request GET http://127.0.0.1:48409/api/v2/contract
[14:28:11 INF] Received HTTP response headers after 0.8358ms - 200
[14:28:11 INF] End processing HTTP request after 1.6063ms - 200
[14:28:11 INF] Start processing HTTP request GET http://127.0.0.1:48409/api/v2/externally-readable-demand-catalog
[14:28:11 INF] Sending HTTP request GET http://127.0.0.1:48409/api/v2/externally-readable-demand-catalog
[14:28:11 INF] Received HTTP response headers after 0.6688ms - 200
[14:28:11 INF] End processing HTTP request after 1.5585ms - 200
[14:28:11 INF] Executed DbCommand (0ms) [Parameters=[], CommandType='Text', CommandTimeout='30']
SELECT "j"."DemandId", "j"."AcceptedAt", "j"."DecisionFingerprint", "j"."DemandCreatedAt", "j"."FirstSeenAt", "j"."LastSeenAt", "j"."ReasonCode", "j"."StarvationEscalatedAt", "j"."StarvationEscalationParameterVersion", "j"."TransportDemandKey"
FROM "JourneyBacklog" AS "j"
[14:28:11 INF] Executed DbCommand (0ms) [Parameters=[], CommandType='Text', CommandTimeout='30']
SELECT "a"."DemandId"
FROM "AcceptedDemands" AS "a"
WHERE NOT EXISTS (
    SELECT 1
    FROM "AcceptedDemands" AS "a0"
    WHERE "a0"."Status" NOT IN ('Succeeded', 'Cancelled') AND NOT EXISTS (
        SELECT 1
        FROM "JourneyDemands" AS "j"
        WHERE "j"."DemandId" = "a0"."DemandId" AND "j"."RemovedAt" IS NULL) AND EXISTS (
        SELECT 1
        FROM "JourneyDemands" AS "j0"
        WHERE "j0"."DemandId" = "a0"."DemandId" AND "j0"."RemovedAt" IS NOT NULL AND "j0"."RemovalReason" = 'RELEASED_FOR_REDISPATCH' AND NOT EXISTS (
            SELECT 1
            FROM "JourneyDemands" AS "j1"
            WHERE "j1"."DemandId" = "a0"."DemandId" AND "j1"."DispatchGeneration" > "j0"."DispatchGeneration")) AND "a0"."DemandId" = "a"."DemandId")
[14:28:11 INF] Executed DbCommand (0ms) [Parameters=[], CommandType='Text', CommandTimeout='30']
SELECT "j"."DemandId", MAX("j"."DispatchGeneration") AS "Generation"
FROM "JourneyDemands" AS "j"
WHERE EXISTS (
    SELECT 1
    FROM "AcceptedDemands" AS "a"
    WHERE "a"."Status" NOT IN ('Succeeded', 'Cancelled') AND NOT EXISTS (
        SELECT 1
        FROM "JourneyDemands" AS "j0"
        WHERE "j0"."DemandId" = "a"."DemandId" AND "j0"."RemovedAt" IS NULL) AND EXISTS (
        SELECT 1
        FROM "JourneyDemands" AS "j1"
        WHERE "j1"."DemandId" = "a"."DemandId" AND "j1"."RemovedAt" IS NOT NULL AND "j1"."RemovalReason" = 'RELEASED_FOR_REDISPATCH' AND NOT EXISTS (
            SELECT 1
            FROM "JourneyDemands" AS "j2"
            WHERE "j2"."DemandId" = "a"."DemandId" AND "j2"."DispatchGeneration" > "j1"."DispatchGeneration")) AND "a"."DemandId" = "j"."DemandId")
GROUP BY "j"."DemandId"
[14:28:11 INF] Executed DbCommand (0ms) [Parameters=[], CommandType='Text', CommandTimeout='30']
SELECT "v"."AgvId", "v"."TaskType", "v"."Allowed", "v"."ConfigurationVersion", "v"."UpdatedAt"
FROM "VehicleTaskTypeAdmissions" AS "v"
[14:28:11 INF] Executed DbCommand (0ms) [Parameters=[], CommandType='Text', CommandTimeout='30']
SELECT "v"."AgvId", "v"."ConfigurationVersion", "v"."RoundTimeoutMilliseconds", "v"."UpdatedAt"
FROM "VehicleDispatchBudgets" AS "v"
[14:28:11 INF] Executed DbCommand (0ms) [Parameters=[], CommandType='Text', CommandTimeout='30']
SELECT "d"."Zone", "d"."AgvId", "d"."ConfigurationVersion", "d"."UpdatedAt"
FROM "DispatchZoneVehicles" AS "d"
[14:28:11 INF] Executed DbCommand (0ms) [Parameters=[], CommandType='Text', CommandTimeout='30']
SELECT MAX("d"."Version")
FROM "DispatchZoneAreaAssignmentVersions" AS "d"
[14:28:11 INF] Executed DbCommand (0ms) [Parameters=[], CommandType='Text', CommandTimeout='30']
SELECT MAX("d"."Version")
FROM "DispatchZoneParameterVersions" AS "d"
[14:28:11 INF] Executed DbCommand (0ms) [Parameters=[], CommandType='Text', CommandTimeout='30']
SELECT "j"."AgvId", "j"."CreatedAt"
FROM "JourneyRuntimes" AS "j"
WHERE "j"."JourneyId" NOT LIKE 'idle-return:%' AND "j"."JourneyId" NOT LIKE 'charging:%'
[14:28:11 INF] Executed DbCommand (0ms) [Parameters=[@__agvId_0='?' (Size = 10)], CommandType='Text', CommandTimeout='30']
SELECT "a"."SlotModelVersionId", "a"."SnapshotId"
FROM "ActiveSlotConfigurations" AS "a"
WHERE "a"."AgvId" = @__agvId_0
LIMIT 2
[14:28:11 INF] Executed DbCommand (0ms) [Parameters=[@__agvId_0='?' (Size = 10)], CommandType='Text', CommandTimeout='30']
SELECT "s"."SlotModelVersionId", "s"."CreatedAt"
FROM "SlotIoBindings" AS "s"
WHERE "s"."AgvId" = @__agvId_0 AND "s"."Status" = 'PUBLISHED'
[14:28:11 INF] Executed DbCommand (0ms) [Parameters=[@__slotModelVersionId_0='?' (Size = 32)], CommandType='Text', CommandTimeout='30']
SELECT "s"."SlotModelVersionId", "s"."PhysicalSlotNumber", "s"."SlotPosition", "s"."SlotTemplateId"
FROM "SlotModelSlots" AS "s"
WHERE "s"."SlotModelVersionId" = @__slotModelVersionId_0
[14:28:11 INF] Executed DbCommand (0ms) [Parameters=[@__agvId_0='?' (Size = 10)], CommandType='Text', CommandTimeout='30']
SELECT "s"."AgvId", "s"."ActiveUnlockSlotsJson", "s"."CapabilityHash", "s"."CapabilityRevision", "s"."DepartureSafe", "s"."ForcedRecoveryGeneration", "s"."ManifestSha256", "s"."PendingAttemptIdsJson", "s"."PendingResultIdsJson", "s"."ProfileId", "s"."ProtocolCommit", "s"."ProtocolVersion", "s"."ProvenRecoveryCheckpoint", "s"."Readiness", "s"."ReasonCode", "s"."RecoveryReportId", "s"."ReportedForcedRecoveryGeneration", "s"."ReportedSlotConfigurationFingerprint", "s"."SafetyHash", "s"."SafetyReasonCodesJson", "s"."SafetyRevision", "s"."SafetyUnknownPresent", "s"."SessionGeneration", "s"."UnsettledSlotOperationAttemptId", "s"."UpdatedAt"
FROM "SessionRecoveries" AS "s"
WHERE "s"."AgvId" = @__agvId_0 AND "s"."Readiness" = 'Ready'
LIMIT 2
[14:28:11 INF] Executed DbCommand (0ms) [Parameters=[@__messageType_0='?' (Size = 18)], CommandType='Text', CommandTimeout='30']
SELECT "p"."MessageId", "p"."ContentHash", "p"."FirstResponseJson", "p"."MessageType", "p"."ReceivedAt", "p"."RequestJson"
FROM "ProtocolInbox" AS "p"
WHERE "p"."MessageType" = @__messageType_0
[14:28:11 INF] Executed DbCommand (0ms) [Parameters=[], CommandType='Text', CommandTimeout='30']
SELECT "p"."MessageId", "p"."ContentHash", "p"."FirstResponseJson", "p"."MessageType", "p"."ReceivedAt", "p"."RequestJson"
FROM "ProtocolInbox" AS "p"
WHERE "p"."MessageType" = 'SafetyStateSnapshot'
[14:28:11 INF] Executed DbCommand (0ms) [Parameters=[], CommandType='Text', CommandTimeout='30']
SELECT "p"."MessageId", "p"."ContentHash", "p"."FirstResponseJson", "p"."MessageType", "p"."ReceivedAt", "p"."RequestJson"
FROM "ProtocolInbox" AS "p"
WHERE "p"."MessageType" IN ('SafetyStateSnapshot', 'SafetyStateChanged')
[14:28:11 INF] Executed DbCommand (0ms) [Parameters=[], CommandType='Text', CommandTimeout='30']
SELECT "p"."MessageId", "p"."ContentHash", "p"."FirstResponseJson", "p"."MessageType", "p"."ReceivedAt", "p"."RequestJson"
FROM "ProtocolInbox" AS "p"
[14:28:11 INF] Start processing HTTP request GET http://127.0.0.1:48408/api/task/vehicles/getVehicleInfoByDeviceKey?key=BROKERX-L2-0001
[14:28:11 INF] Sending HTTP request GET http://127.0.0.1:48408/api/task/vehicles/getVehicleInfoByDeviceKey?key=BROKERX-L2-0001
[14:28:11 INF] Received HTTP response headers after 0.7579ms - 200
[14:28:11 INF] End processing HTTP request after 1.6026ms - 200
[14:28:11 INF] Executed DbCommand (0ms) [Parameters=[], CommandType='Text', CommandTimeout='30']
SELECT "c"."ActivationId", "c"."ActivatedAt", "c"."ActivatedBy", "c"."Sequence", "c"."Version"
FROM "ChargingPolicyActivations" AS "c"
ORDER BY "c"."Sequence" DESC
LIMIT 1
[14:28:11 INF] Executed DbCommand (0ms) [Parameters=[], CommandType='Text', CommandTimeout='30']
SELECT "s"."MapId", "s"."StationId", "s"."ChargerRosterVersion", "s"."JourneyId", "s"."RecordId", "s"."State", "s"."StateSince", "s"."StationKind", "s"."VehicleKey", "s"."WaitingPointVersion"
FROM "StationExclusivities" AS "s"
WHERE "s"."StationKind" = 'CHARGER'
[14:28:11 INF] Executed DbCommand (0ms) [Parameters=[@__vehicleKey_0='?' (Size = 15)], CommandType='Text', CommandTimeout='30']
SELECT "m"."VehicleKey", "m"."HoldId", "m"."Reason", "m"."Since", "m"."WarnedAt"
FROM "ManualChargingHolds" AS "m"
WHERE "m"."VehicleKey" = @__vehicleKey_0
LIMIT 2
[14:28:11 INF] Executed DbCommand (0ms) [Parameters=[@__vehicle_VehicleKey_0='?' (Size = 15)], CommandType='Text', CommandTimeout='30']
SELECT "m"."HoldId", "m"."ReleasedAt"
FROM "ManualChargingHoldRecords" AS "m"
WHERE "m"."VehicleKey" = @__vehicle_VehicleKey_0 AND "m"."ReleasedAt" IS NOT NULL
[14:28:11 INF] Executed DbCommand (0ms) [Parameters=[], CommandType='Text', CommandTimeout='30']
SELECT "s"."DemandId"
FROM "StructuralDispatchBlocks" AS "s"
WHERE "s"."ClearedAt" IS NULL
[14:28:11 INF] Executed DbCommand (0ms) [Parameters=[], CommandType='Text', CommandTimeout='30']
SELECT "s"."DemandId", "s"."ReasonCode", "s"."ClearedAt", "s"."DetailJson", "s"."FirstRaisedAt", "s"."LastSeenAt", "s"."TransportDemandKey"
FROM "StructuralDispatchBlocks" AS "s"
WHERE "s"."ClearedAt" IS NULL
[14:28:11 INF] Executed DbCommand (0ms) [Parameters=[], CommandType='Text', CommandTimeout='30']
SELECT "j"."JourneyId", "j"."AgvId", "j"."AgvLifecycleGeneration", "j"."AreaEndAdmissionRevokedSince", "j"."BlockReasonCode", "j"."BlockReasonSince", "j"."CargoHoldingStartedAt", "j"."ChargingPolicyVersion", "j"."ConsumedSafetyResultMessageId", "j"."ConsumedSublotMessageId", "j"."CreatedAt", "j"."DemandId", "j"."DispatchGeneration", "j"."DispatchZone", "j"."ExpectedBasketCount", "j"."FullSlotPositionsJson", "j"."GateMovementLegId", "j"."GatePlanMessageId", "j"."GateStationId", "j"."GateStationRiotId", "j"."GateUpperId", "j"."GateVehicleBusinessMessageId", "j"."GateWorklistMessageId", "j"."LoadCommandMessageId", "j"."LoadSlotOperationAttemptId", "j"."LoadingClosedReason", "j"."LoadingPhaseState", "j"."MapId", "j"."MapIdentity", "j"."OperationSessionId", "j"."PickupMovementLegId", "j"."PickupStationId", "j"."PickupStationRiotId", "j"."PickupUpperId", "j"."PlanMessageId", "j"."PlanRevision", "j"."PreDepartureSafetyCheckId", "j"."PreDepartureSafetyCheckMessageId", "j"."PublishedBatteryState", "j"."RouteEvidenceId", "j"."Stage", "j"."StationDepartureWaitStartedAt", "j"."SublotRequestMessageId", "j"."TargetSlotsJson", "j"."UnloadCommandMessageId", "j"."UnloadSlotOperationAttemptId", "j"."UpdatedAt", "j"."VehicleBusinessMessageId", "j"."VehicleBusinessRevision", "j"."VehicleKey", "j"."Version", "j"."WaitingBatteryObservedAt", "j"."WaitingBatteryPercent", "j"."WaitingSince", "j"."WaitingWarnedAt", "j"."WorklistMessageId", "j"."WorklistRevision", "j"."YieldTriggeredAt", "j"."YieldTriggeredByVehicleKey"
FROM "JourneyRuntimes" AS "j"
WHERE "j"."Stage" <> 'Completed'
[14:28:11 INF] Executed DbCommand (0ms) [Parameters=[], CommandType='Text', CommandTimeout='30']
SELECT "v"."AgvId", "v"."TaskType", "v"."Allowed", "v"."ConfigurationVersion", "v"."UpdatedAt"
FROM "VehicleTaskTypeAdmissions" AS "v"
[14:28:11 INF] Executed DbCommand (0ms) [Parameters=[], CommandType='Text', CommandTimeout='30']
SELECT "v"."AgvId", "v"."ConfigurationVersion", "v"."RoundTimeoutMilliseconds", "v"."UpdatedAt"
FROM "VehicleDispatchBudgets" AS "v"
[14:28:11 INF] Executed DbCommand (0ms) [Parameters=[], CommandType='Text', CommandTimeout='30']
SELECT "d"."Zone", "d"."AgvId", "d"."ConfigurationVersion", "d"."UpdatedAt"
FROM "DispatchZoneVehicles" AS "d"
[14:28:11 INF] Executed DbCommand (0ms) [Parameters=[], CommandType='Text', CommandTimeout='30']
SELECT "j"."JourneyId", "j"."AgvId", "j"."AgvLifecycleGeneration", "j"."AreaEndAdmissionRevokedSince", "j"."BlockReasonCode", "j"."BlockReasonSince", "j"."CargoHoldingStartedAt", "j"."ChargingPolicyVersion", "j"."ConsumedSafetyResultMessageId", "j"."ConsumedSublotMessageId", "j"."CreatedAt", "j"."DemandId", "j"."DispatchGeneration", "j"."DispatchZone", "j"."ExpectedBasketCount", "j"."FullSlotPositionsJson", "j"."GateMovementLegId", "j"."GatePlanMessageId", "j"."GateStationId", "j"."GateStationRiotId", "j"."GateUpperId", "j"."GateVehicleBusinessMessageId", "j"."GateWorklistMessageId", "j"."LoadCommandMessageId", "j"."LoadSlotOperationAttemptId", "j"."LoadingClosedReason", "j"."LoadingPhaseState", "j"."MapId", "j"."MapIdentity", "j"."OperationSessionId", "j"."PickupMovementLegId", "j"."PickupStationId", "j"."PickupStationRiotId", "j"."PickupUpperId", "j"."PlanMessageId", "j"."PlanRevision", "j"."PreDepartureSafetyCheckId", "j"."PreDepartureSafetyCheckMessageId", "j"."PublishedBatteryState", "j"."RouteEvidenceId", "j"."Stage", "j"."StationDepartureWaitStartedAt", "j"."SublotRequestMessageId", "j"."TargetSlotsJson", "j"."UnloadCommandMessageId", "j"."UnloadSlotOperationAttemptId", "j"."UpdatedAt", "j"."VehicleBusinessMessageId", "j"."VehicleBusinessRevision", "j"."VehicleKey", "j"."Version", "j"."WaitingBatteryObservedAt", "j"."WaitingBatteryPercent", "j"."WaitingSince", "j"."WaitingWarnedAt", "j"."WorklistMessageId", "j"."WorklistRevision", "j"."YieldTriggeredAt", "j"."YieldTriggeredByVehicleKey"
FROM "JourneyRuntimes" AS "j"
WHERE "j"."Stage" <> 'Completed'
[14:28:11 INF] Start processing HTTP request GET http://127.0.0.1:48408/api/task/v1/task/getVehicleInfo/BROKERX-L2-0001
[14:28:11 INF] Sending HTTP request GET http://127.0.0.1:48408/api/task/v1/task/getVehicleInfo/BROKERX-L2-0001
[14:28:11 INF] Received HTTP response headers after 0.6707ms - 200
[14:28:11 INF] End processing HTTP request after 1.9365ms - 200
[14:28:11 INF] Start processing HTTP request GET http://127.0.0.1:48408/api/order/v1/orderRecord?pageNum=1&pageSize=100&filterByState=1&filterByState=3&filterByState=7&filterByState=8&filterByState=9&filterByState=10
[14:28:11 INF] Sending HTTP request GET http://127.0.0.1:48408/api/order/v1/orderRecord?pageNum=1&pageSize=100&filterByState=1&filterByState=3&filterByState=7&filterByState=8&filterByState=9&filterByState=10
[14:28:11 INF] Received HTTP response headers after 0.5888ms - 200
[14:28:11 INF] End processing HTTP request after 1.2825ms - 200
[14:28:11 INF] HTTP GET /api/onboard/v1/vehicle-safety responded 200 in 4.7841 ms
[14:28:12 INF] Executed DbCommand (0ms) [Parameters=[], CommandType='Text', CommandTimeout='30']
SELECT "a"."AgvId"
FROM "AgvLifecycles" AS "a"
WHERE "a"."Archived"
[14:28:12 INF] Start processing HTTP request GET http://127.0.0.1:48408/api/order/v1/orderRecord?pageNum=1&pageSize=100&filterByState=1&filterByState=3&filterByState=7&filterByState=8&filterByState=9&filterByState=10
[14:28:12 INF] Sending HTTP request GET http://127.0.0.1:48408/api/order/v1/orderRecord?pageNum=1&pageSize=100&filterByState=1&filterByState=3&filterByState=7&filterByState=8&filterByState=9&filterByState=10
[14:28:12 INF] Received HTTP response headers after 0.6753ms - 200
[14:28:12 INF] End processing HTTP request after 1.488ms - 200
[14:28:12 INF] Executed DbCommand (0ms) [Parameters=[@__listedIds_0='?' (Size = 2)], CommandType='Text', CommandTimeout='30']
SELECT "f"."RiotOrderId", "f"."AgvId", "f"."CancelCallDisposition", "f"."CancelCommandAuditId", "f"."CancelDecidedAt", "f"."CancelResult", "f"."CancelResultAt", "f"."CancelSentAt", "f"."DetectedAt", "f"."DeviceKey", "f"."EndedAt", "f"."EndedOrderState", "f"."LastSeenRunningAt", "f"."OrderStateAtDetection", "f"."Ownership", "f"."OwnershipBasis", "f"."State", "f"."UpdatedAt", "f"."UpperId"
FROM "ForeignRiotOrders" AS "f"
WHERE "f"."State" <> 'ENDED' OR "f"."RiotOrderId" IN (
    SELECT "l"."value"
    FROM json_each(@__listedIds_0) AS "l"
)
[14:28:12 INF] Executed DbCommand (0ms) [Parameters=[], CommandType='Text', CommandTimeout='30']
SELECT "s"."MapId", "s"."StationId", "s"."ChargerRosterVersion", "s"."JourneyId", "s"."RecordId", "s"."State", "s"."StateSince", "s"."StationKind", "s"."VehicleKey", "s"."WaitingPointVersion"
FROM "StationExclusivities" AS "s"
WHERE "s"."StationKind" IN ('FIXED_TASK_STATION', 'WAITING_POINT')
[14:28:12 INF] Executed DbCommand (0ms) [Parameters=[@__mapId_0='?' (DbType = Int32)], CommandType='Text', CommandTimeout='30']
SELECT "t"."MapId", "t"."ActiveVersion", "t"."PendingVersion", "t"."State", "t"."UpdatedAt"
FROM "TaskTypeStationActiveBindingSets" AS "t"
WHERE "t"."MapId" = @__mapId_0
LIMIT 2
[14:28:12 INF] Executed DbCommand (0ms) [Parameters=[@__mapId_0='?' (DbType = Int32), @__version_1='?' (DbType = Int64)], CommandType='Text', CommandTimeout='30']
SELECT "t"."MapId", "t"."Version", "t"."CatalogRevision", "t"."ContentSha256", "t"."LoadedAt", "t"."RuleVersion", "t"."SnapshotId", "t"."Source"
FROM "TaskTypeStationBindingSetVersions" AS "t"
WHERE "t"."MapId" = @__mapId_0 AND "t"."Version" = @__version_1
LIMIT 2
[14:28:12 INF] Executed DbCommand (0ms) [Parameters=[@__mapId_0='?' (DbType = Int32), @__version_1='?' (DbType = Int64)], CommandType='Text', CommandTimeout='30']
SELECT "t"."TaskType"
FROM "TaskTypeStationRequirements" AS "t"
WHERE "t"."MapId" = @__mapId_0 AND "t"."Version" = @__version_1
[14:28:12 INF] Executed DbCommand (0ms) [Parameters=[@__mapId_0='?' (DbType = Int32), @__version_1='?' (DbType = Int64)], CommandType='Text', CommandTimeout='30']
SELECT "t"."MapId", "t"."Version", "t"."TaskType", "t"."SiteVerificationRef", "t"."StationName", "t"."StationRiotId"
FROM "TaskTypeStationBindings" AS "t"
WHERE "t"."MapId" = @__mapId_0 AND "t"."Version" = @__version_1
[14:28:12 INF] Executed DbCommand (0ms) [Parameters=[], CommandType='Text', CommandTimeout='30']
SELECT "j"."JourneyId", "j"."AgvId", "j"."AgvLifecycleGeneration", "j"."AreaEndAdmissionRevokedSince", "j"."BlockReasonCode", "j"."BlockReasonSince", "j"."CargoHoldingStartedAt", "j"."ChargingPolicyVersion", "j"."ConsumedSafetyResultMessageId", "j"."ConsumedSublotMessageId", "j"."CreatedAt", "j"."DemandId", "j"."DispatchGeneration", "j"."DispatchZone", "j"."ExpectedBasketCount", "j"."FullSlotPositionsJson", "j"."GateMovementLegId", "j"."GatePlanMessageId", "j"."GateStationId", "j"."GateStationRiotId", "j"."GateUpperId", "j"."GateVehicleBusinessMessageId", "j"."GateWorklistMessageId", "j"."LoadCommandMessageId", "j"."LoadSlotOperationAttemptId", "j"."LoadingClosedReason", "j"."LoadingPhaseState", "j"."MapId", "j"."MapIdentity", "j"."OperationSessionId", "j"."PickupMovementLegId", "j"."PickupStationId", "j"."PickupStationRiotId", "j"."PickupUpperId", "j"."PlanMessageId", "j"."PlanRevision", "j"."PreDepartureSafetyCheckId", "j"."PreDepartureSafetyCheckMessageId", "j"."PublishedBatteryState", "j"."RouteEvidenceId", "j"."Stage", "j"."StationDepartureWaitStartedAt", "j"."SublotRequestMessageId", "j"."TargetSlotsJson", "j"."UnloadCommandMessageId", "j"."UnloadSlotOperationAttemptId", "j"."UpdatedAt", "j"."VehicleBusinessMessageId", "j"."VehicleBusinessRevision", "j"."VehicleKey", "j"."Version", "j"."WaitingBatteryObservedAt", "j"."WaitingBatteryPercent", "j"."WaitingSince", "j"."WaitingWarnedAt", "j"."WorklistMessageId", "j"."WorklistRevision", "j"."YieldTriggeredAt", "j"."YieldTriggeredByVehicleKey"
FROM "JourneyRuntimes" AS "j"
WHERE "j"."Stage" NOT IN ('Completed', 'Blocked')
[14:28:12 INF] Start processing HTTP request GET http://127.0.0.1:48408/api/imap/v1/mapInfo/getALLMapInfoExcludeMapJson
[14:28:12 INF] Sending HTTP request GET http://127.0.0.1:48408/api/imap/v1/mapInfo/getALLMapInfoExcludeMapJson
[14:28:12 INF] Received HTTP response headers after 0.5877ms - 200
[14:28:12 INF] End processing HTTP request after 1.5322ms - 200
[14:28:12 INF] Executed DbCommand (0ms) [Parameters=[@__mapId_0='?' (DbType = Int32)], CommandType='Text', CommandTimeout='30']
SELECT "m"."MapId", "m"."AcceptedAt", "m"."AcceptedBy", "m"."EstablishedAt", "m"."Name", "m"."PendingName", "m"."PendingSince"
FROM "MapNameBaselines" AS "m"
WHERE "m"."MapId" = @__mapId_0
LIMIT 2
[14:28:12 INF] Start processing HTTP request GET http://127.0.0.1:48408/api/imap/v1/mapInfo/stations/25
[14:28:12 INF] Sending HTTP request GET http://127.0.0.1:48408/api/imap/v1/mapInfo/stations/25
[14:28:12 INF] Received HTTP response headers after 0.7512ms - 200
[14:28:12 INF] End processing HTTP request after 1.5512ms - 200
[14:28:12 INF] Executed DbCommand (0ms) [Parameters=[@__mapId_0='?' (DbType = Int32)], CommandType='Text', CommandTimeout='30']
SELECT "t"."MapId", "t"."ActiveVersion", "t"."PendingVersion", "t"."State", "t"."UpdatedAt"
FROM "TaskTypeStationActiveBindingSets" AS "t"
WHERE "t"."MapId" = @__mapId_0
LIMIT 2
[14:28:12 INF] Executed DbCommand (0ms) [Parameters=[@__mapId_0='?' (DbType = Int32), @__version_1='?' (DbType = Int64)], CommandType='Text', CommandTimeout='30']
SELECT "t"."MapId", "t"."Version", "t"."CatalogRevision", "t"."ContentSha256", "t"."LoadedAt", "t"."RuleVersion", "t"."SnapshotId", "t"."Source"
FROM "TaskTypeStationBindingSetVersions" AS "t"
WHERE "t"."MapId" = @__mapId_0 AND "t"."Version" = @__version_1
LIMIT 2
[14:28:12 INF] Executed DbCommand (0ms) [Parameters=[@__mapId_0='?' (DbType = Int32), @__version_1='?' (DbType = Int64)], CommandType='Text', CommandTimeout='30']
SELECT "t"."TaskType"
FROM "TaskTypeStationRequirements" AS "t"
WHERE "t"."MapId" = @__mapId_0 AND "t"."Version" = @__version_1
[14:28:12 INF] Executed DbCommand (0ms) [Parameters=[@__mapId_0='?' (DbType = Int32), @__version_1='?' (DbType = Int64)], CommandType='Text', CommandTimeout='30']
SELECT "t"."MapId", "t"."Version", "t"."TaskType", "t"."SiteVerificationRef", "t"."StationName", "t"."StationRiotId"
FROM "TaskTypeStationBindings" AS "t"
WHERE "t"."MapId" = @__mapId_0 AND "t"."Version" = @__version_1
[14:28:12 INF] Executed DbCommand (0ms) [Parameters=[@__version_0='?' (DbType = Int64)], CommandType='Text', CommandTimeout='30']
SELECT "t"."Version", "t"."ContentSha256", "t"."LoadedAt", "t"."SnapshotId", "t"."Source"
FROM "TaskTypeStationRuleVersions" AS "t"
WHERE "t"."Version" = @__version_0
LIMIT 2
[14:28:12 INF] Executed DbCommand (0ms) [Parameters=[@__version_0='?' (DbType = Int64)], CommandType='Text', CommandTimeout='30']
SELECT "t"."Version", "t"."TaskType", "t"."FixedEnd"
FROM "TaskTypeStationRules" AS "t"
WHERE "t"."Version" = @__version_0
[14:28:12 INF] Executed DbCommand (0ms) [Parameters=[@__mapId_0='?' (DbType = Int32)], CommandType='Text', CommandTimeout='30']
SELECT "t"."MapId", "t"."ActiveVersion", "t"."PendingVersion", "t"."State", "t"."UpdatedAt"
FROM "TaskTypeStationActiveBindingSets" AS "t"
WHERE "t"."MapId" = @__mapId_0
LIMIT 2
[14:28:12 INF] Executed DbCommand (0ms) [Parameters=[@__mapId_0='?' (DbType = Int32)], CommandType='Text', CommandTimeout='30']
SELECT "t"."HoldId", "t"."DetailJson", "t"."MapId", "t"."RaisedAt", "t"."RaisedBy", "t"."ReasonCode", "t"."ReleasedAt", "t"."ReleasedBy", "t"."Source", "t"."TaskType"
FROM "TaskTypeStationHolds" AS "t"
WHERE "t"."MapId" = @__mapId_0 AND "t"."ReleasedAt" IS NULL
[14:28:12 INF] Executed DbCommand (0ms) [Parameters=[@__mapId_0='?' (DbType = Int32)], CommandType='Text', CommandTimeout='30']
SELECT "m"."MapId", "m"."ApprovedMaxUnconfirmedSeconds", "m"."ApprovedSyncPeriodSeconds", "m"."CatalogRevision", "m"."LastAttemptAt", "m"."LastCompleteConfirmationAt", "m"."LastFailureReason", "m"."State", "m"."UpdatedAt"
FROM "MapStationCatalogStates" AS "m"
WHERE "m"."MapId" = @__mapId_0
LIMIT 2
[14:28:12 INF] Executed DbCommand (0ms) [Parameters=[@p3='?' (DbType = Int32), @p0='?' (DbType = DateTimeOffset), @p1='?' (DbType = DateTimeOffset), @p2='?' (DbType = DateTimeOffset)], CommandType='Text', CommandTimeout='30']
UPDATE "MapStationCatalogStates" SET "LastAttemptAt" = @p0, "LastCompleteConfirmationAt" = @p1, "UpdatedAt" = @p2
WHERE "MapId" = @p3
RETURNING 1;
[14:28:12 INF] Executed DbCommand (0ms) [Parameters=[@__mapId_0='?' (DbType = Int32)], CommandType='Text', CommandTimeout='30']
SELECT "t"."MapId", "t"."ActiveVersion", "t"."PendingVersion", "t"."State", "t"."UpdatedAt"
FROM "TaskTypeStationActiveBindingSets" AS "t"
WHERE "t"."MapId" = @__mapId_0
LIMIT 2
[14:28:12 INF] Executed DbCommand (0ms) [Parameters=[@__mapId_0='?' (DbType = Int32), @__version_1='?' (DbType = Int64)], CommandType='Text', CommandTimeout='30']
SELECT "t"."MapId", "t"."Version", "t"."CatalogRevision", "t"."ContentSha256", "t"."LoadedAt", "t"."RuleVersion", "t"."SnapshotId", "t"."Source"
FROM "TaskTypeStationBindingSetVersions" AS "t"
WHERE "t"."MapId" = @__mapId_0 AND "t"."Version" = @__version_1
LIMIT 2
[14:28:12 INF] Executed DbCommand (0ms) [Parameters=[@__mapId_0='?' (DbType = Int32), @__version_1='?' (DbType = Int64)], CommandType='Text', CommandTimeout='30']
SELECT "t"."TaskType"
FROM "TaskTypeStationRequirements" AS "t"
WHERE "t"."MapId" = @__mapId_0 AND "t"."Version" = @__version_1
[14:28:12 INF] Executed DbCommand (0ms) [Parameters=[@__mapId_0='?' (DbType = Int32), @__version_1='?' (DbType = Int64)], CommandType='Text', CommandTimeout='30']
SELECT "t"."MapId", "t"."Version", "t"."TaskType", "t"."SiteVerificationRef", "t"."StationName", "t"."StationRiotId"
FROM "TaskTypeStationBindings" AS "t"
WHERE "t"."MapId" = @__mapId_0 AND "t"."Version" = @__version_1
[14:28:12 INF] Executed DbCommand (0ms) [Parameters=[@__mapId_0='?' (DbType = Int32)], CommandType='Text', CommandTimeout='30']
SELECT "t"."MapId", "t"."ActiveVersion", "t"."PendingVersion", "t"."State", "t"."UpdatedAt"
FROM "TaskTypeStationActiveBindingSets" AS "t"
WHERE "t"."MapId" = @__mapId_0
LIMIT 2
[14:28:12 INF] Executed DbCommand (0ms) [Parameters=[@__mapId_0='?' (DbType = Int32), @__version_1='?' (DbType = Int64)], CommandType='Text', CommandTimeout='30']
SELECT "t"."MapId", "t"."Version", "t"."CatalogRevision", "t"."ContentSha256", "t"."LoadedAt", "t"."RuleVersion", "t"."SnapshotId", "t"."Source"
FROM "TaskTypeStationBindingSetVersions" AS "t"
WHERE "t"."MapId" = @__mapId_0 AND "t"."Version" = @__version_1
LIMIT 2
[14:28:12 INF] Executed DbCommand (0ms) [Parameters=[@__mapId_0='?' (DbType = Int32), @__version_1='?' (DbType = Int64)], CommandType='Text', CommandTimeout='30']
SELECT "t"."TaskType"
FROM "TaskTypeStationRequirements" AS "t"
WHERE "t"."MapId" = @__mapId_0 AND "t"."Version" = @__version_1
[14:28:12 INF] Executed DbCommand (0ms) [Parameters=[@__mapId_0='?' (DbType = Int32), @__version_1='?' (DbType = Int64)], CommandType='Text', CommandTimeout='30']
SELECT "t"."MapId", "t"."Version", "t"."TaskType", "t"."SiteVerificationRef", "t"."StationName", "t"."StationRiotId"
FROM "TaskTypeStationBindings" AS "t"
WHERE "t"."MapId" = @__mapId_0 AND "t"."Version" = @__version_1
[14:28:12 INF] Executed DbCommand (0ms) [Parameters=[@__version_0='?' (DbType = Int64)], CommandType='Text', CommandTimeout='30']
SELECT "t"."Version", "t"."ContentSha256", "t"."LoadedAt", "t"."SnapshotId", "t"."Source"
FROM "TaskTypeStationRuleVersions" AS "t"
WHERE "t"."Version" = @__version_0
LIMIT 2
[14:28:12 INF] Executed DbCommand (0ms) [Parameters=[@__version_0='?' (DbType = Int64)], CommandType='Text', CommandTimeout='30']
SELECT "t"."Version", "t"."TaskType", "t"."FixedEnd"
FROM "TaskTypeStationRules" AS "t"
WHERE "t"."Version" = @__version_0
[14:28:12 INF] Executed DbCommand (0ms) [Parameters=[], CommandType='Text', CommandTimeout='30']
SELECT "a"."Id", "a"."ContentHash", "a"."DeploymentId", "a"."ImportedAt", "a"."Version"
FROM "AdmissionPolicyState" AS "a"
WHERE "a"."Id" = 1
LIMIT 2
[14:28:12 INF] Executed DbCommand (0ms) [Parameters=[], CommandType='Text', CommandTimeout='30']
SELECT "v"."VehicleKey", "v"."ClaimedAt", "v"."JourneyId", "v"."Purpose"
FROM "VehiclePurposeClaims" AS "v"
WHERE "v"."Purpose" = 'IDLE_RETURN'
[14:28:12 INF] Executed DbCommand (0ms) [Parameters=[], CommandType='Text', CommandTimeout='30']
SELECT "j"."JourneyId", "j"."AgvId", "j"."AgvLifecycleGeneration", "j"."AreaEndAdmissionRevokedSince", "j"."BlockReasonCode", "j"."BlockReasonSince", "j"."CargoHoldingStartedAt", "j"."ChargingPolicyVersion", "j"."ConsumedSafetyResultMessageId", "j"."ConsumedSublotMessageId", "j"."CreatedAt", "j"."DemandId", "j"."DispatchGeneration", "j"."DispatchZone", "j"."ExpectedBasketCount", "j"."FullSlotPositionsJson", "j"."GateMovementLegId", "j"."GatePlanMessageId", "j"."GateStationId", "j"."GateStationRiotId", "j"."GateUpperId", "j"."GateVehicleBusinessMessageId", "j"."GateWorklistMessageId", "j"."LoadCommandMessageId", "j"."LoadSlotOperationAttemptId", "j"."LoadingClosedReason", "j"."LoadingPhaseState", "j"."MapId", "j"."MapIdentity", "j"."OperationSessionId", "j"."PickupMovementLegId", "j"."PickupStationId", "j"."PickupStationRiotId", "j"."PickupUpperId", "j"."PlanMessageId", "j"."PlanRevision", "j"."PreDepartureSafetyCheckId", "j"."PreDepartureSafetyCheckMessageId", "j"."PublishedBatteryState", "j"."RouteEvidenceId", "j"."Stage", "j"."StationDepartureWaitStartedAt", "j"."SublotRequestMessageId", "j"."TargetSlotsJson", "j"."UnloadCommandMessageId", "j"."UnloadSlotOperationAttemptId", "j"."UpdatedAt", "j"."VehicleBusinessMessageId", "j"."VehicleBusinessRevision", "j"."VehicleKey", "j"."Version", "j"."WaitingBatteryObservedAt", "j"."WaitingBatteryPercent", "j"."WaitingSince", "j"."WaitingWarnedAt", "j"."WorklistMessageId", "j"."WorklistRevision", "j"."YieldTriggeredAt", "j"."YieldTriggeredByVehicleKey"
FROM "JourneyRuntimes" AS "j"
WHERE "j"."Stage" <> 'Completed'
[14:28:12 INF] Executed DbCommand (0ms) [Parameters=[@__holding_0='?' (Size = 129)], CommandType='Text', CommandTimeout='30']
SELECT "f"."AgvId"
FROM "ForeignRiotOrders" AS "f"
WHERE "f"."State" IN (
    SELECT "h"."value"
    FROM json_each(@__holding_0) AS "h"
)
[14:28:12 INF] Executed DbCommand (0ms) [Parameters=[], CommandType='Text', CommandTimeout='30']
SELECT "a"."DemandId"
FROM "AcceptedDemands" AS "a"
WHERE "a"."Status" NOT IN ('Succeeded', 'Cancelled') AND NOT EXISTS (
    SELECT 1
    FROM "AcceptedDemands" AS "a0"
    WHERE "a0"."Status" NOT IN ('Succeeded', 'Cancelled') AND NOT EXISTS (
        SELECT 1
        FROM "JourneyDemands" AS "j"
        WHERE "j"."DemandId" = "a0"."DemandId" AND "j"."RemovedAt" IS NULL) AND EXISTS (
        SELECT 1
        FROM "JourneyDemands" AS "j0"
        WHERE "j0"."DemandId" = "a0"."DemandId" AND "j0"."RemovedAt" IS NOT NULL AND "j0"."RemovalReason" = 'RELEASED_FOR_REDISPATCH' AND NOT EXISTS (
            SELECT 1
            FROM "JourneyDemands" AS "j1"
            WHERE "j1"."DemandId" = "a0"."DemandId" AND "j1"."DispatchGeneration" > "j0"."DispatchGeneration")) AND "a0"."DemandId" = "a"."DemandId")
[14:28:12 INF] Executed DbCommand (0ms) [Parameters=[], CommandType='Text', CommandTimeout='30']
SELECT "j"."DemandId"
FROM "JourneyDemands" AS "j"
WHERE "j"."RemovedAt" IS NULL
[14:28:12 INF] Start processing HTTP request GET http://127.0.0.1:48409/api/v2/contract
[14:28:12 INF] Sending HTTP request GET http://127.0.0.1:48409/api/v2/contract
[14:28:12 INF] Received HTTP response headers after 0.7683ms - 200
[14:28:12 INF] End processing HTTP request after 1.7176ms - 200
[14:28:12 INF] Start processing HTTP request GET http://127.0.0.1:48409/api/v2/externally-readable-demand-catalog
[14:28:12 INF] Sending HTTP request GET http://127.0.0.1:48409/api/v2/externally-readable-demand-catalog
[14:28:12 INF] Received HTTP response headers after 0.5692ms - 200
[14:28:12 INF] End processing HTTP request after 1.5079ms - 200
[14:28:12 INF] Executed DbCommand (0ms) [Parameters=[], CommandType='Text', CommandTimeout='30']
SELECT "j"."DemandId", "j"."AcceptedAt", "j"."DecisionFingerprint", "j"."DemandCreatedAt", "j"."FirstSeenAt", "j"."LastSeenAt", "j"."ReasonCode", "j"."StarvationEscalatedAt", "j"."StarvationEscalationParameterVersion", "j"."TransportDemandKey"
FROM "JourneyBacklog" AS "j"
[14:28:12 INF] Executed DbCommand (0ms) [Parameters=[], CommandType='Text', CommandTimeout='30']
SELECT "a"."DemandId"
FROM "AcceptedDemands" AS "a"
WHERE NOT EXISTS (
    SELECT 1
    FROM "AcceptedDemands" AS "a0"
    WHERE "a0"."Status" NOT IN ('Succeeded', 'Cancelled') AND NOT EXISTS (
        SELECT 1
        FROM "JourneyDemands" AS "j"
        WHERE "j"."DemandId" = "a0"."DemandId" AND "j"."RemovedAt" IS NULL) AND EXISTS (
        SELECT 1
        FROM "JourneyDemands" AS "j0"
        WHERE "j0"."DemandId" = "a0"."DemandId" AND "j0"."RemovedAt" IS NOT NULL AND "j0"."RemovalReason" = 'RELEASED_FOR_REDISPATCH' AND NOT EXISTS (
            SELECT 1
            FROM "JourneyDemands" AS "j1"
            WHERE "j1"."DemandId" = "a0"."DemandId" AND "j1"."DispatchGeneration" > "j0"."DispatchGeneration")) AND "a0"."DemandId" = "a"."DemandId")
[14:28:12 INF] Executed DbCommand (0ms) [Parameters=[], CommandType='Text', CommandTimeout='30']
SELECT "j"."DemandId", MAX("j"."DispatchGeneration") AS "Generation"
FROM "JourneyDemands" AS "j"
WHERE EXISTS (
    SELECT 1
    FROM "AcceptedDemands" AS "a"
    WHERE "a"."Status" NOT IN ('Succeeded', 'Cancelled') AND NOT EXISTS (
        SELECT 1
        FROM "JourneyDemands" AS "j0"
        WHERE "j0"."DemandId" = "a"."DemandId" AND "j0"."RemovedAt" IS NULL) AND EXISTS (
        SELECT 1
        FROM "JourneyDemands" AS "j1"
        WHERE "j1"."DemandId" = "a"."DemandId" AND "j1"."RemovedAt" IS NOT NULL AND "j1"."RemovalReason" = 'RELEASED_FOR_REDISPATCH' AND NOT EXISTS (
            SELECT 1
            FROM "JourneyDemands" AS "j2"
            WHERE "j2"."DemandId" = "a"."DemandId" AND "j2"."DispatchGeneration" > "j1"."DispatchGeneration")) AND "a"."DemandId" = "j"."DemandId")
GROUP BY "j"."DemandId"
[14:28:12 INF] Executed DbCommand (0ms) [Parameters=[], CommandType='Text', CommandTimeout='30']
SELECT "v"."AgvId", "v"."TaskType", "v"."Allowed", "v"."ConfigurationVersion", "v"."UpdatedAt"
FROM "VehicleTaskTypeAdmissions" AS "v"
[14:28:12 INF] Executed DbCommand (0ms) [Parameters=[], CommandType='Text', CommandTimeout='30']
SELECT "v"."AgvId", "v"."ConfigurationVersion", "v"."RoundTimeoutMilliseconds", "v"."UpdatedAt"
FROM "VehicleDispatchBudgets" AS "v"
[14:28:12 INF] Executed DbCommand (0ms) [Parameters=[], CommandType='Text', CommandTimeout='30']
SELECT "d"."Zone", "d"."AgvId", "d"."ConfigurationVersion", "d"."UpdatedAt"
FROM "DispatchZoneVehicles" AS "d"
[14:28:12 INF] Executed DbCommand (0ms) [Parameters=[], CommandType='Text', CommandTimeout='30']
SELECT MAX("d"."Version")
FROM "DispatchZoneAreaAssignmentVersions" AS "d"
[14:28:12 INF] Executed DbCommand (0ms) [Parameters=[@__version_0='?' (DbType = Int64)], CommandType='Text', CommandTimeout='30']
SELECT "d"."Version", "d"."ContentSha256", "d"."EntryCount", "d"."ImportedAt", "d"."SnapshotId"
FROM "DispatchZoneAreaAssignmentVersions" AS "d"
WHERE "d"."Version" = @__version_0
LIMIT 2
[14:28:12 INF] Executed DbCommand (0ms) [Parameters=[@__version_0='?' (DbType = Int64)], CommandType='Text', CommandTimeout='30']
SELECT "d"."Version", "d"."Area", "d"."DispatchZone", "d"."SlotPosition"
FROM "DispatchZoneAreaAssignments" AS "d"
WHERE "d"."Version" = @__version_0
[14:28:12 INF] Executed DbCommand (0ms) [Parameters=[], CommandType='Text', CommandTimeout='30']
SELECT MAX("d"."Version")
FROM "DispatchZoneParameterVersions" AS "d"
[14:28:12 INF] Executed DbCommand (0ms) [Parameters=[], CommandType='Text', CommandTimeout='30']
SELECT "j"."AgvId", "j"."CreatedAt"
FROM "JourneyRuntimes" AS "j"
WHERE "j"."JourneyId" NOT LIKE 'idle-return:%' AND "j"."JourneyId" NOT LIKE 'charging:%'
[14:28:12 INF] Executed DbCommand (0ms) [Parameters=[@__agvId_0='?' (Size = 10)], CommandType='Text', CommandTimeout='30']
SELECT "a"."SlotModelVersionId", "a"."SnapshotId"
FROM "ActiveSlotConfigurations" AS "a"
WHERE "a"."AgvId" = @__agvId_0
LIMIT 2
[14:28:12 INF] Executed DbCommand (0ms) [Parameters=[@__agvId_0='?' (Size = 10)], CommandType='Text', CommandTimeout='30']
SELECT "s"."SlotModelVersionId", "s"."CreatedAt"
FROM "SlotIoBindings" AS "s"
WHERE "s"."AgvId" = @__agvId_0 AND "s"."Status" = 'PUBLISHED'
[14:28:12 INF] Executed DbCommand (0ms) [Parameters=[@__slotModelVersionId_0='?' (Size = 32)], CommandType='Text', CommandTimeout='30']
SELECT "s"."SlotModelVersionId", "s"."PhysicalSlotNumber", "s"."SlotPosition", "s"."SlotTemplateId"
FROM "SlotModelSlots" AS "s"
WHERE "s"."SlotModelVersionId" = @__slotModelVersionId_0
[14:28:12 INF] Executed DbCommand (0ms) [Parameters=[@__agvId_0='?' (Size = 10)], CommandType='Text', CommandTimeout='30']
SELECT "s"."AgvId", "s"."ActiveUnlockSlotsJson", "s"."CapabilityHash", "s"."CapabilityRevision", "s"."DepartureSafe", "s"."ForcedRecoveryGeneration", "s"."ManifestSha256", "s"."PendingAttemptIdsJson", "s"."PendingResultIdsJson", "s"."ProfileId", "s"."ProtocolCommit", "s"."ProtocolVersion", "s"."ProvenRecoveryCheckpoint", "s"."Readiness", "s"."ReasonCode", "s"."RecoveryReportId", "s"."ReportedForcedRecoveryGeneration", "s"."ReportedSlotConfigurationFingerprint", "s"."SafetyHash", "s"."SafetyReasonCodesJson", "s"."SafetyRevision", "s"."SafetyUnknownPresent", "s"."SessionGeneration", "s"."UnsettledSlotOperationAttemptId", "s"."UpdatedAt"
FROM "SessionRecoveries" AS "s"
WHERE "s"."AgvId" = @__agvId_0 AND "s"."Readiness" = 'Ready'
LIMIT 2
[14:28:12 INF] Executed DbCommand (0ms) [Parameters=[@__messageType_0='?' (Size = 18)], CommandType='Text', CommandTimeout='30']
SELECT "p"."MessageId", "p"."ContentHash", "p"."FirstResponseJson", "p"."MessageType", "p"."ReceivedAt", "p"."RequestJson"
FROM "ProtocolInbox" AS "p"
WHERE "p"."MessageType" = @__messageType_0
[14:28:12 INF] Executed DbCommand (0ms) [Parameters=[], CommandType='Text', CommandTimeout='30']
SELECT "p"."MessageId", "p"."ContentHash", "p"."FirstResponseJson", "p"."MessageType", "p"."ReceivedAt", "p"."RequestJson"
FROM "ProtocolInbox" AS "p"
WHERE "p"."MessageType" = 'SafetyStateSnapshot'
[14:28:12 INF] Executed DbCommand (0ms) [Parameters=[], CommandType='Text', CommandTimeout='30']
SELECT "p"."MessageId", "p"."ContentHash", "p"."FirstResponseJson", "p"."MessageType", "p"."ReceivedAt", "p"."RequestJson"
FROM "ProtocolInbox" AS "p"
WHERE "p"."MessageType" IN ('SafetyStateSnapshot', 'SafetyStateChanged')
[14:28:12 INF] Executed DbCommand (0ms) [Parameters=[], CommandType='Text', CommandTimeout='30']
SELECT "p"."MessageId", "p"."ContentHash", "p"."FirstResponseJson", "p"."MessageType", "p"."ReceivedAt", "p"."RequestJson"
FROM "ProtocolInbox" AS "p"
[14:28:12 INF] Start processing HTTP request GET http://127.0.0.1:48408/api/task/vehicles/getVehicleInfoByDeviceKey?key=BROKERX-L2-0001
[14:28:12 INF] Sending HTTP request GET http://127.0.0.1:48408/api/task/vehicles/getVehicleInfoByDeviceKey?key=BROKERX-L2-0001
[14:28:12 INF] Received HTTP response headers after 0.8451ms - 200
[14:28:12 INF] End processing HTTP request after 1.7363ms - 200
[14:28:12 INF] Executed DbCommand (0ms) [Parameters=[], CommandType='Text', CommandTimeout='30']
SELECT "c"."ActivationId", "c"."ActivatedAt", "c"."ActivatedBy", "c"."Sequence", "c"."Version"
FROM "ChargingPolicyActivations" AS "c"
ORDER BY "c"."Sequence" DESC
LIMIT 1
[14:28:12 INF] Executed DbCommand (0ms) [Parameters=[], CommandType='Text', CommandTimeout='30']
SELECT "s"."MapId", "s"."StationId", "s"."ChargerRosterVersion", "s"."JourneyId", "s"."RecordId", "s"."State", "s"."StateSince", "s"."StationKind", "s"."VehicleKey", "s"."WaitingPointVersion"
FROM "StationExclusivities" AS "s"
WHERE "s"."StationKind" = 'CHARGER'
[14:28:12 INF] Executed DbCommand (0ms) [Parameters=[@__vehicleKey_0='?' (Size = 15)], CommandType='Text', CommandTimeout='30']
SELECT "m"."VehicleKey", "m"."HoldId", "m"."Reason", "m"."Since", "m"."WarnedAt"
FROM "ManualChargingHolds" AS "m"
WHERE "m"."VehicleKey" = @__vehicleKey_0
LIMIT 2
[14:28:12 INF] Executed DbCommand (0ms) [Parameters=[@__vehicle_VehicleKey_0='?' (Size = 15)], CommandType='Text', CommandTimeout='30']
SELECT "m"."HoldId", "m"."ReleasedAt"
FROM "ManualChargingHoldRecords" AS "m"
WHERE "m"."VehicleKey" = @__vehicle_VehicleKey_0 AND "m"."ReleasedAt" IS NOT NULL
[14:28:12 INF] Executed DbCommand (0ms) [Parameters=[], CommandType='Text', CommandTimeout='30']
SELECT "s"."DemandId"
FROM "StructuralDispatchBlocks" AS "s"
WHERE "s"."ClearedAt" IS NULL
[14:28:12 INF] Executed DbCommand (0ms) [Parameters=[], CommandType='Text', CommandTimeout='30']
SELECT "s"."DemandId", "s"."ReasonCode", "s"."ClearedAt", "s"."DetailJson", "s"."FirstRaisedAt", "s"."LastSeenAt", "s"."TransportDemandKey"
FROM "StructuralDispatchBlocks" AS "s"
WHERE "s"."ClearedAt" IS NULL
[14:28:12 INF] Executed DbCommand (0ms) [Parameters=[], CommandType='Text', CommandTimeout='30']
SELECT "j"."JourneyId", "j"."AgvId", "j"."AgvLifecycleGeneration", "j"."AreaEndAdmissionRevokedSince", "j"."BlockReasonCode", "j"."BlockReasonSince", "j"."CargoHoldingStartedAt", "j"."ChargingPolicyVersion", "j"."ConsumedSafetyResultMessageId", "j"."ConsumedSublotMessageId", "j"."CreatedAt", "j"."DemandId", "j"."DispatchGeneration", "j"."DispatchZone", "j"."ExpectedBasketCount", "j"."FullSlotPositionsJson", "j"."GateMovementLegId", "j"."GatePlanMessageId", "j"."GateStationId", "j"."GateStationRiotId", "j"."GateUpperId", "j"."GateVehicleBusinessMessageId", "j"."GateWorklistMessageId", "j"."LoadCommandMessageId", "j"."LoadSlotOperationAttemptId", "j"."LoadingClosedReason", "j"."LoadingPhaseState", "j"."MapId", "j"."MapIdentity", "j"."OperationSessionId", "j"."PickupMovementLegId", "j"."PickupStationId", "j"."PickupStationRiotId", "j"."PickupUpperId", "j"."PlanMessageId", "j"."PlanRevision", "j"."PreDepartureSafetyCheckId", "j"."PreDepartureSafetyCheckMessageId", "j"."PublishedBatteryState", "j"."RouteEvidenceId", "j"."Stage", "j"."StationDepartureWaitStartedAt", "j"."SublotRequestMessageId", "j"."TargetSlotsJson", "j"."UnloadCommandMessageId", "j"."UnloadSlotOperationAttemptId", "j"."UpdatedAt", "j"."VehicleBusinessMessageId", "j"."VehicleBusinessRevision", "j"."VehicleKey", "j"."Version", "j"."WaitingBatteryObservedAt", "j"."WaitingBatteryPercent", "j"."WaitingSince", "j"."WaitingWarnedAt", "j"."WorklistMessageId", "j"."WorklistRevision", "j"."YieldTriggeredAt", "j"."YieldTriggeredByVehicleKey"
FROM "JourneyRuntimes" AS "j"
WHERE "j"."Stage" <> 'Completed'
[14:28:12 INF] Executed DbCommand (0ms) [Parameters=[], CommandType='Text', CommandTimeout='30']
SELECT "v"."AgvId", "v"."TaskType", "v"."Allowed", "v"."ConfigurationVersion", "v"."UpdatedAt"
FROM "VehicleTaskTypeAdmissions" AS "v"
[14:28:12 INF] Executed DbCommand (0ms) [Parameters=[], CommandType='Text', CommandTimeout='30']
SELECT "v"."AgvId", "v"."ConfigurationVersion", "v"."RoundTimeoutMilliseconds", "v"."UpdatedAt"
FROM "VehicleDispatchBudgets" AS "v"
[14:28:12 INF] Executed DbCommand (0ms) [Parameters=[], CommandType='Text', CommandTimeout='30']
SELECT "d"."Zone", "d"."AgvId", "d"."ConfigurationVersion", "d"."UpdatedAt"
FROM "DispatchZoneVehicles" AS "d"
[14:28:12 INF] Executed DbCommand (0ms) [Parameters=[], CommandType='Text', CommandTimeout='30']
SELECT "j"."JourneyId", "j"."AgvId", "j"."AgvLifecycleGeneration", "j"."AreaEndAdmissionRevokedSince", "j"."BlockReasonCode", "j"."BlockReasonSince", "j"."CargoHoldingStartedAt", "j"."ChargingPolicyVersion", "j"."ConsumedSafetyResultMessageId", "j"."ConsumedSublotMessageId", "j"."CreatedAt", "j"."DemandId", "j"."DispatchGeneration", "j"."DispatchZone", "j"."ExpectedBasketCount", "j"."FullSlotPositionsJson", "j"."GateMovementLegId", "j"."GatePlanMessageId", "j"."GateStationId", "j"."GateStationRiotId", "j"."GateUpperId", "j"."GateVehicleBusinessMessageId", "j"."GateWorklistMessageId", "j"."LoadCommandMessageId", "j"."LoadSlotOperationAttemptId", "j"."LoadingClosedReason", "j"."LoadingPhaseState", "j"."MapId", "j"."MapIdentity", "j"."OperationSessionId", "j"."PickupMovementLegId", "j"."PickupStationId", "j"."PickupStationRiotId", "j"."PickupUpperId", "j"."PlanMessageId", "j"."PlanRevision", "j"."PreDepartureSafetyCheckId", "j"."PreDepartureSafetyCheckMessageId", "j"."PublishedBatteryState", "j"."RouteEvidenceId", "j"."Stage", "j"."StationDepartureWaitStartedAt", "j"."SublotRequestMessageId", "j"."TargetSlotsJson", "j"."UnloadCommandMessageId", "j"."UnloadSlotOperationAttemptId", "j"."UpdatedAt", "j"."VehicleBusinessMessageId", "j"."VehicleBusinessRevision", "j"."VehicleKey", "j"."Version", "j"."WaitingBatteryObservedAt", "j"."WaitingBatteryPercent", "j"."WaitingSince", "j"."WaitingWarnedAt", "j"."WorklistMessageId", "j"."WorklistRevision", "j"."YieldTriggeredAt", "j"."YieldTriggeredByVehicleKey"
FROM "JourneyRuntimes" AS "j"
WHERE "j"."Stage" <> 'Completed'
[14:28:12 INF] Start processing HTTP request GET http://127.0.0.1:48408/api/task/v1/task/getVehicleInfo/BROKERX-L2-0001
[14:28:12 INF] Sending HTTP request GET http://127.0.0.1:48408/api/task/v1/task/getVehicleInfo/BROKERX-L2-0001
[14:28:12 INF] Received HTTP response headers after 0.6983ms - 200
[14:28:12 INF] End processing HTTP request after 1.5145ms - 200
[14:28:12 INF] Start processing HTTP request GET http://127.0.0.1:48408/api/order/v1/orderRecord?pageNum=1&pageSize=100&filterByState=1&filterByState=3&filterByState=7&filterByState=8&filterByState=9&filterByState=10
[14:28:12 INF] Sending HTTP request GET http://127.0.0.1:48408/api/order/v1/orderRecord?pageNum=1&pageSize=100&filterByState=1&filterByState=3&filterByState=7&filterByState=8&filterByState=9&filterByState=10
[14:28:12 INF] Received HTTP response headers after 0.4836ms - 200
[14:28:12 INF] End processing HTTP request after 1.2476ms - 200
[14:28:12 INF] HTTP GET /api/onboard/v1/vehicle-safety responded 200 in 4.0579 ms
[14:28:12 INF] Executed DbCommand (0ms) [Parameters=[@__messageId_0='?' (Size = 36)], CommandType='Text', CommandTimeout='30']
SELECT "p"."MessageId", "p"."ContentHash", "p"."FirstResponseJson", "p"."MessageType", "p"."ReceivedAt", "p"."RequestJson"
FROM "ProtocolInbox" AS "p"
WHERE "p"."MessageId" = @__messageId_0
LIMIT 2
[14:28:12 INF] Executed DbCommand (0ms) [Parameters=[@p0='?' (Size = 36), @p1='?' (Size = 64), @p2='?' (Size = 536), @p3='?' (Size = 9), @p4='?' (DbType = DateTimeOffset), @p5='?' (Size = 426)], CommandType='Text', CommandTimeout='30']
INSERT INTO "ProtocolInbox" ("MessageId", "ContentHash", "FirstResponseJson", "MessageType", "ReceivedAt", "RequestJson")
VALUES (@p0, @p1, @p2, @p3, @p4, @p5);
[14:28:12 INF] Executed DbCommand (0ms) [Parameters=[@__agvId_0='?' (Size = 10), @__generation_1='?' (DbType = Int64)], CommandType='Text', CommandTimeout='30']
SELECT "o"."RebuildId"
FROM "OwnOrderRebuilds" AS "o"
WHERE "o"."AgvId" = @__agvId_0 AND ((("o"."State" = 'PENDING' OR ("o"."State" = 'ORDERING' AND EXISTS (
    SELECT 1
    FROM "OrderIntents" AS "o0"
    WHERE "o0"."MovementLegId" = "o"."NewMovementLegId" AND "o0"."CreateAttemptCount" = 0))) AND "o"."Source" IN ('FAULT_CLEARED_CARGO_ON_BOARD', 'ORDER_CANCELLED_IN_RIOT') AND EXISTS (
    SELECT 1
    FROM "JourneyDemands" AS "j"
    WHERE "j"."JourneyId" = "o"."JourneyId" AND "j"."RemovedAt" IS NULL AND "j"."Status" <> 'PENDING_LOAD' AND "j"."Status" <> 'UNLOADED' AND "j"."Status" <> 'TERMINATED')) OR ("o"."State" = 'AWAITING_CARGO_HANDOFF' AND EXISTS (
    SELECT 1
    FROM "JourneyRuntimes" AS "j0"
    WHERE "j0"."JourneyId" = "o"."JourneyId" AND "j0"."Stage" = 'Blocked'))) AND ("o"."CargoEvidenceRequestedGeneration" <> @__generation_1 OR "o"."CargoEvidenceRequestedGeneration" IS NULL OR NOT ("o"."CargoEvidenceRequestedWhileReady"))
[14:28:13 INF] Executed DbCommand (0ms) [Parameters=[], CommandType='Text', CommandTimeout='30']
SELECT "a"."AgvId"
FROM "AgvLifecycles" AS "a"
WHERE "a"."Archived"
[14:28:13 INF] Start processing HTTP request GET http://127.0.0.1:48408/api/order/v1/orderRecord?pageNum=1&pageSize=100&filterByState=1&filterByState=3&filterByState=7&filterByState=8&filterByState=9&filterByState=10
[14:28:13 INF] Sending HTTP request GET http://127.0.0.1:48408/api/order/v1/orderRecord?pageNum=1&pageSize=100&filterByState=1&filterByState=3&filterByState=7&filterByState=8&filterByState=9&filterByState=10
[14:28:13 INF] Received HTTP response headers after 0.6637ms - 200
[14:28:13 INF] End processing HTTP request after 1.4305ms - 200
[14:28:13 INF] Executed DbCommand (0ms) [Parameters=[@__listedIds_0='?' (Size = 2)], CommandType='Text', CommandTimeout='30']
SELECT "f"."RiotOrderId", "f"."AgvId", "f"."CancelCallDisposition", "f"."CancelCommandAuditId", "f"."CancelDecidedAt", "f"."CancelResult", "f"."CancelResultAt", "f"."CancelSentAt", "f"."DetectedAt", "f"."DeviceKey", "f"."EndedAt", "f"."EndedOrderState", "f"."LastSeenRunningAt", "f"."OrderStateAtDetection", "f"."Ownership", "f"."OwnershipBasis", "f"."State", "f"."UpdatedAt", "f"."UpperId"
FROM "ForeignRiotOrders" AS "f"
WHERE "f"."State" <> 'ENDED' OR "f"."RiotOrderId" IN (
    SELECT "l"."value"
    FROM json_each(@__listedIds_0) AS "l"
)
[14:28:13 INF] Executed DbCommand (0ms) [Parameters=[], CommandType='Text', CommandTimeout='30']
SELECT "s"."MapId", "s"."StationId", "s"."ChargerRosterVersion", "s"."JourneyId", "s"."RecordId", "s"."State", "s"."StateSince", "s"."StationKind", "s"."VehicleKey", "s"."WaitingPointVersion"
FROM "StationExclusivities" AS "s"
WHERE "s"."StationKind" IN ('FIXED_TASK_STATION', 'WAITING_POINT')
[14:28:13 INF] Executed DbCommand (0ms) [Parameters=[@__mapId_0='?' (DbType = Int32)], CommandType='Text', CommandTimeout='30']
SELECT "t"."MapId", "t"."ActiveVersion", "t"."PendingVersion", "t"."State", "t"."UpdatedAt"
FROM "TaskTypeStationActiveBindingSets" AS "t"
WHERE "t"."MapId" = @__mapId_0
LIMIT 2
[14:28:13 INF] Executed DbCommand (0ms) [Parameters=[@__mapId_0='?' (DbType = Int32), @__version_1='?' (DbType = Int64)], CommandType='Text', CommandTimeout='30']
SELECT "t"."MapId", "t"."Version", "t"."CatalogRevision", "t"."ContentSha256", "t"."LoadedAt", "t"."RuleVersion", "t"."SnapshotId", "t"."Source"
FROM "TaskTypeStationBindingSetVersions" AS "t"
WHERE "t"."MapId" = @__mapId_0 AND "t"."Version" = @__version_1
LIMIT 2
[14:28:13 INF] Executed DbCommand (0ms) [Parameters=[@__mapId_0='?' (DbType = Int32), @__version_1='?' (DbType = Int64)], CommandType='Text', CommandTimeout='30']
SELECT "t"."TaskType"
FROM "TaskTypeStationRequirements" AS "t"
WHERE "t"."MapId" = @__mapId_0 AND "t"."Version" = @__version_1
[14:28:13 INF] Executed DbCommand (0ms) [Parameters=[@__mapId_0='?' (DbType = Int32), @__version_1='?' (DbType = Int64)], CommandType='Text', CommandTimeout='30']
SELECT "t"."MapId", "t"."Version", "t"."TaskType", "t"."SiteVerificationRef", "t"."StationName", "t"."StationRiotId"
FROM "TaskTypeStationBindings" AS "t"
WHERE "t"."MapId" = @__mapId_0 AND "t"."Version" = @__version_1
[14:28:13 INF] Executed DbCommand (0ms) [Parameters=[], CommandType='Text', CommandTimeout='30']
SELECT "j"."JourneyId", "j"."AgvId", "j"."AgvLifecycleGeneration", "j"."AreaEndAdmissionRevokedSince", "j"."BlockReasonCode", "j"."BlockReasonSince", "j"."CargoHoldingStartedAt", "j"."ChargingPolicyVersion", "j"."ConsumedSafetyResultMessageId", "j"."ConsumedSublotMessageId", "j"."CreatedAt", "j"."DemandId", "j"."DispatchGeneration", "j"."DispatchZone", "j"."ExpectedBasketCount", "j"."FullSlotPositionsJson", "j"."GateMovementLegId", "j"."GatePlanMessageId", "j"."GateStationId", "j"."GateStationRiotId", "j"."GateUpperId", "j"."GateVehicleBusinessMessageId", "j"."GateWorklistMessageId", "j"."LoadCommandMessageId", "j"."LoadSlotOperationAttemptId", "j"."LoadingClosedReason", "j"."LoadingPhaseState", "j"."MapId", "j"."MapIdentity", "j"."OperationSessionId", "j"."PickupMovementLegId", "j"."PickupStationId", "j"."PickupStationRiotId", "j"."PickupUpperId", "j"."PlanMessageId", "j"."PlanRevision", "j"."PreDepartureSafetyCheckId", "j"."PreDepartureSafetyCheckMessageId", "j"."PublishedBatteryState", "j"."RouteEvidenceId", "j"."Stage", "j"."StationDepartureWaitStartedAt", "j"."SublotRequestMessageId", "j"."TargetSlotsJson", "j"."UnloadCommandMessageId", "j"."UnloadSlotOperationAttemptId", "j"."UpdatedAt", "j"."VehicleBusinessMessageId", "j"."VehicleBusinessRevision", "j"."VehicleKey", "j"."Version", "j"."WaitingBatteryObservedAt", "j"."WaitingBatteryPercent", "j"."WaitingSince", "j"."WaitingWarnedAt", "j"."WorklistMessageId", "j"."WorklistRevision", "j"."YieldTriggeredAt", "j"."YieldTriggeredByVehicleKey"
FROM "JourneyRuntimes" AS "j"
WHERE "j"."Stage" NOT IN ('Completed', 'Blocked')
[14:28:13 INF] Start processing HTTP request GET http://127.0.0.1:48408/api/imap/v1/mapInfo/getALLMapInfoExcludeMapJson
[14:28:13 INF] Sending HTTP request GET http://127.0.0.1:48408/api/imap/v1/mapInfo/getALLMapInfoExcludeMapJson
[14:28:13 INF] Received HTTP response headers after 0.5738ms - 200
[14:28:13 INF] End processing HTTP request after 1.4479ms - 200
[14:28:13 INF] Executed DbCommand (0ms) [Parameters=[@__mapId_0='?' (DbType = Int32)], CommandType='Text', CommandTimeout='30']
SELECT "m"."MapId", "m"."AcceptedAt", "m"."AcceptedBy", "m"."EstablishedAt", "m"."Name", "m"."PendingName", "m"."PendingSince"
FROM "MapNameBaselines" AS "m"
WHERE "m"."MapId" = @__mapId_0
LIMIT 2
[14:28:13 INF] Start processing HTTP request GET http://127.0.0.1:48408/api/imap/v1/mapInfo/stations/25
[14:28:13 INF] Sending HTTP request GET http://127.0.0.1:48408/api/imap/v1/mapInfo/stations/25
[14:28:13 INF] Received HTTP response headers after 0.4994ms - 200
[14:28:13 INF] End processing HTTP request after 1.2492ms - 200
[14:28:13 INF] Executed DbCommand (0ms) [Parameters=[@__mapId_0='?' (DbType = Int32)], CommandType='Text', CommandTimeout='30']
SELECT "t"."MapId", "t"."ActiveVersion", "t"."PendingVersion", "t"."State", "t"."UpdatedAt"
FROM "TaskTypeStationActiveBindingSets" AS "t"
WHERE "t"."MapId" = @__mapId_0
LIMIT 2
[14:28:13 INF] Executed DbCommand (0ms) [Parameters=[@__mapId_0='?' (DbType = Int32), @__version_1='?' (DbType = Int64)], CommandType='Text', CommandTimeout='30']
SELECT "t"."MapId", "t"."Version", "t"."CatalogRevision", "t"."ContentSha256", "t"."LoadedAt", "t"."RuleVersion", "t"."SnapshotId", "t"."Source"
FROM "TaskTypeStationBindingSetVersions" AS "t"
WHERE "t"."MapId" = @__mapId_0 AND "t"."Version" = @__version_1
LIMIT 2
[14:28:13 INF] Executed DbCommand (0ms) [Parameters=[@__mapId_0='?' (DbType = Int32), @__version_1='?' (DbType = Int64)], CommandType='Text', CommandTimeout='30']
SELECT "t"."TaskType"
FROM "TaskTypeStationRequirements" AS "t"
WHERE "t"."MapId" = @__mapId_0 AND "t"."Version" = @__version_1
[14:28:13 INF] Executed DbCommand (0ms) [Parameters=[@__mapId_0='?' (DbType = Int32), @__version_1='?' (DbType = Int64)], CommandType='Text', CommandTimeout='30']
SELECT "t"."MapId", "t"."Version", "t"."TaskType", "t"."SiteVerificationRef", "t"."StationName", "t"."StationRiotId"
FROM "TaskTypeStationBindings" AS "t"
WHERE "t"."MapId" = @__mapId_0 AND "t"."Version" = @__version_1
[14:28:13 INF] Executed DbCommand (0ms) [Parameters=[@__version_0='?' (DbType = Int64)], CommandType='Text', CommandTimeout='30']
SELECT "t"."Version", "t"."ContentSha256", "t"."LoadedAt", "t"."SnapshotId", "t"."Source"
FROM "TaskTypeStationRuleVersions" AS "t"
WHERE "t"."Version" = @__version_0
LIMIT 2
[14:28:13 INF] Executed DbCommand (0ms) [Parameters=[@__version_0='?' (DbType = Int64)], CommandType='Text', CommandTimeout='30']
SELECT "t"."Version", "t"."TaskType", "t"."FixedEnd"
FROM "TaskTypeStationRules" AS "t"
WHERE "t"."Version" = @__version_0
[14:28:13 INF] Executed DbCommand (0ms) [Parameters=[@__mapId_0='?' (DbType = Int32)], CommandType='Text', CommandTimeout='30']
SELECT "t"."MapId", "t"."ActiveVersion", "t"."PendingVersion", "t"."State", "t"."UpdatedAt"
FROM "TaskTypeStationActiveBindingSets" AS "t"
WHERE "t"."MapId" = @__mapId_0
LIMIT 2
[14:28:13 INF] Executed DbCommand (0ms) [Parameters=[@__mapId_0='?' (DbType = Int32)], CommandType='Text', CommandTimeout='30']
SELECT "t"."HoldId", "t"."DetailJson", "t"."MapId", "t"."RaisedAt", "t"."RaisedBy", "t"."ReasonCode", "t"."ReleasedAt", "t"."ReleasedBy", "t"."Source", "t"."TaskType"
FROM "TaskTypeStationHolds" AS "t"
WHERE "t"."MapId" = @__mapId_0 AND "t"."ReleasedAt" IS NULL
[14:28:13 INF] Executed DbCommand (0ms) [Parameters=[@__mapId_0='?' (DbType = Int32)], CommandType='Text', CommandTimeout='30']
SELECT "m"."MapId", "m"."ApprovedMaxUnconfirmedSeconds", "m"."ApprovedSyncPeriodSeconds", "m"."CatalogRevision", "m"."LastAttemptAt", "m"."LastCompleteConfirmationAt", "m"."LastFailureReason", "m"."State", "m"."UpdatedAt"
FROM "MapStationCatalogStates" AS "m"
WHERE "m"."MapId" = @__mapId_0
LIMIT 2
[14:28:13 INF] Start processing HTTP request GET http://127.0.0.1:48408/api/task/v1/task/getVehicleInfo/BROKERX-L2-0001
[14:28:13 INF] Sending HTTP request GET http://127.0.0.1:48408/api/task/v1/task/getVehicleInfo/BROKERX-L2-0001
[14:28:13 INF] Received HTTP response headers after 0.6048ms - 200
[14:28:13 INF] End processing HTTP request after 1.5159ms - 200
[14:28:13 INF] Start processing HTTP request GET http://127.0.0.1:48408/api/order/v1/orderRecord?pageNum=1&pageSize=100&filterByState=1&filterByState=3&filterByState=7&filterByState=8&filterByState=9&filterByState=10
[14:28:13 INF] Sending HTTP request GET http://127.0.0.1:48408/api/order/v1/orderRecord?pageNum=1&pageSize=100&filterByState=1&filterByState=3&filterByState=7&filterByState=8&filterByState=9&filterByState=10
[14:28:13 INF] Received HTTP response headers after 0.6642ms - 200
[14:28:13 INF] End processing HTTP request after 1.4971ms - 200
[14:28:13 INF] HTTP GET /api/onboard/v1/vehicle-safety responded 200 in 4.4261 ms
[14:28:13 INF] Executed DbCommand (476ms) [Parameters=[@p3='?' (DbType = Int32), @p0='?' (DbType = DateTimeOffset), @p1='?' (DbType = DateTimeOffset), @p2='?' (DbType = DateTimeOffset)], CommandType='Text', CommandTimeout='30']
UPDATE "MapStationCatalogStates" SET "LastAttemptAt" = @p0, "LastCompleteConfirmationAt" = @p1, "UpdatedAt" = @p2
WHERE "MapId" = @p3
RETURNING 1;
[14:28:13 INF] Executed DbCommand (0ms) [Parameters=[@__mapId_0='?' (DbType = Int32)], CommandType='Text', CommandTimeout='30']
SELECT "t"."MapId", "t"."ActiveVersion", "t"."PendingVersion", "t"."State", "t"."UpdatedAt"
FROM "TaskTypeStationActiveBindingSets" AS "t"
WHERE "t"."MapId" = @__mapId_0
LIMIT 2
[14:28:13 INF] Executed DbCommand (0ms) [Parameters=[@__mapId_0='?' (DbType = Int32), @__version_1='?' (DbType = Int64)], CommandType='Text', CommandTimeout='30']
SELECT "t"."MapId", "t"."Version", "t"."CatalogRevision", "t"."ContentSha256", "t"."LoadedAt", "t"."RuleVersion", "t"."SnapshotId", "t"."Source"
FROM "TaskTypeStationBindingSetVersions" AS "t"
WHERE "t"."MapId" = @__mapId_0 AND "t"."Version" = @__version_1
LIMIT 2
[14:28:13 INF] Executed DbCommand (0ms) [Parameters=[@__mapId_0='?' (DbType = Int32), @__version_1='?' (DbType = Int64)], CommandType='Text', CommandTimeout='30']
SELECT "t"."TaskType"
FROM "TaskTypeStationRequirements" AS "t"
WHERE "t"."MapId" = @__mapId_0 AND "t"."Version" = @__version_1
[14:28:13 INF] Executed DbCommand (0ms) [Parameters=[@__mapId_0='?' (DbType = Int32), @__version_1='?' (DbType = Int64)], CommandType='Text', CommandTimeout='30']
SELECT "t"."MapId", "t"."Version", "t"."TaskType", "t"."SiteVerificationRef", "t"."StationName", "t"."StationRiotId"
FROM "TaskTypeStationBindings" AS "t"
WHERE "t"."MapId" = @__mapId_0 AND "t"."Version" = @__version_1
[14:28:13 INF] Executed DbCommand (0ms) [Parameters=[@__mapId_0='?' (DbType = Int32)], CommandType='Text', CommandTimeout='30']
SELECT "t"."MapId", "t"."ActiveVersion", "t"."PendingVersion", "t"."State", "t"."UpdatedAt"
FROM "TaskTypeStationActiveBindingSets" AS "t"
WHERE "t"."MapId" = @__mapId_0
LIMIT 2
[14:28:13 INF] Executed DbCommand (0ms) [Parameters=[@__mapId_0='?' (DbType = Int32), @__version_1='?' (DbType = Int64)], CommandType='Text', CommandTimeout='30']
SELECT "t"."MapId", "t"."Version", "t"."CatalogRevision", "t"."ContentSha256", "t"."LoadedAt", "t"."RuleVersion", "t"."SnapshotId", "t"."Source"
FROM "TaskTypeStationBindingSetVersions" AS "t"
WHERE "t"."MapId" = @__mapId_0 AND "t"."Version" = @__version_1
LIMIT 2
[14:28:13 INF] Executed DbCommand (0ms) [Parameters=[@__mapId_0='?' (DbType = Int32), @__version_1='?' (DbType = Int64)], CommandType='Text', CommandTimeout='30']
SELECT "t"."TaskType"
FROM "TaskTypeStationRequirements" AS "t"
WHERE "t"."MapId" = @__mapId_0 AND "t"."Version" = @__version_1
[14:28:13 INF] Executed DbCommand (0ms) [Parameters=[@__mapId_0='?' (DbType = Int32), @__version_1='?' (DbType = Int64)], CommandType='Text', CommandTimeout='30']
SELECT "t"."MapId", "t"."Version", "t"."TaskType", "t"."SiteVerificationRef", "t"."StationName", "t"."StationRiotId"
FROM "TaskTypeStationBindings" AS "t"
WHERE "t"."MapId" = @__mapId_0 AND "t"."Version" = @__version_1
[14:28:13 INF] Executed DbCommand (0ms) [Parameters=[@__version_0='?' (DbType = Int64)], CommandType='Text', CommandTimeout='30']
SELECT "t"."Version", "t"."ContentSha256", "t"."LoadedAt", "t"."SnapshotId", "t"."Source"
FROM "TaskTypeStationRuleVersions" AS "t"
WHERE "t"."Version" = @__version_0
LIMIT 2
[14:28:13 INF] Executed DbCommand (0ms) [Parameters=[@__version_0='?' (DbType = Int64)], CommandType='Text', CommandTimeout='30']
SELECT "t"."Version", "t"."TaskType", "t"."FixedEnd"
FROM "TaskTypeStationRules" AS "t"
WHERE "t"."Version" = @__version_0
[14:28:13 INF] Executed DbCommand (0ms) [Parameters=[], CommandType='Text', CommandTimeout='30']
SELECT "a"."Id", "a"."ContentHash", "a"."DeploymentId", "a"."ImportedAt", "a"."Version"
FROM "AdmissionPolicyState" AS "a"
WHERE "a"."Id" = 1
LIMIT 2
[14:28:13 INF] Executed DbCommand (0ms) [Parameters=[], CommandType='Text', CommandTimeout='30']
SELECT "v"."VehicleKey", "v"."ClaimedAt", "v"."JourneyId", "v"."Purpose"
FROM "VehiclePurposeClaims" AS "v"
WHERE "v"."Purpose" = 'IDLE_RETURN'
[14:28:13 INF] Executed DbCommand (0ms) [Parameters=[], CommandType='Text', CommandTimeout='30']
SELECT "j"."JourneyId", "j"."AgvId", "j"."AgvLifecycleGeneration", "j"."AreaEndAdmissionRevokedSince", "j"."BlockReasonCode", "j"."BlockReasonSince", "j"."CargoHoldingStartedAt", "j"."ChargingPolicyVersion", "j"."ConsumedSafetyResultMessageId", "j"."ConsumedSublotMessageId", "j"."CreatedAt", "j"."DemandId", "j"."DispatchGeneration", "j"."DispatchZone", "j"."ExpectedBasketCount", "j"."FullSlotPositionsJson", "j"."GateMovementLegId", "j"."GatePlanMessageId", "j"."GateStationId", "j"."GateStationRiotId", "j"."GateUpperId", "j"."GateVehicleBusinessMessageId", "j"."GateWorklistMessageId", "j"."LoadCommandMessageId", "j"."LoadSlotOperationAttemptId", "j"."LoadingClosedReason", "j"."LoadingPhaseState", "j"."MapId", "j"."MapIdentity", "j"."OperationSessionId", "j"."PickupMovementLegId", "j"."PickupStationId", "j"."PickupStationRiotId", "j"."PickupUpperId", "j"."PlanMessageId", "j"."PlanRevision", "j"."PreDepartureSafetyCheckId", "j"."PreDepartureSafetyCheckMessageId", "j"."PublishedBatteryState", "j"."RouteEvidenceId", "j"."Stage", "j"."StationDepartureWaitStartedAt", "j"."SublotRequestMessageId", "j"."TargetSlotsJson", "j"."UnloadCommandMessageId", "j"."UnloadSlotOperationAttemptId", "j"."UpdatedAt", "j"."VehicleBusinessMessageId", "j"."VehicleBusinessRevision", "j"."VehicleKey", "j"."Version", "j"."WaitingBatteryObservedAt", "j"."WaitingBatteryPercent", "j"."WaitingSince", "j"."WaitingWarnedAt", "j"."WorklistMessageId", "j"."WorklistRevision", "j"."YieldTriggeredAt", "j"."YieldTriggeredByVehicleKey"
FROM "JourneyRuntimes" AS "j"
WHERE "j"."Stage" <> 'Completed'
[14:28:13 INF] Executed DbCommand (0ms) [Parameters=[@__holding_0='?' (Size = 129)], CommandType='Text', CommandTimeout='30']
SELECT "f"."AgvId"
FROM "ForeignRiotOrders" AS "f"
WHERE "f"."State" IN (
    SELECT "h"."value"
    FROM json_each(@__holding_0) AS "h"
)
[14:28:13 INF] Executed DbCommand (0ms) [Parameters=[], CommandType='Text', CommandTimeout='30']
SELECT "a"."DemandId"
FROM "AcceptedDemands" AS "a"
WHERE "a"."Status" NOT IN ('Succeeded', 'Cancelled') AND NOT EXISTS (
    SELECT 1
    FROM "AcceptedDemands" AS "a0"
    WHERE "a0"."Status" NOT IN ('Succeeded', 'Cancelled') AND NOT EXISTS (
        SELECT 1
        FROM "JourneyDemands" AS "j"
        WHERE "j"."DemandId" = "a0"."DemandId" AND "j"."RemovedAt" IS NULL) AND EXISTS (
        SELECT 1
        FROM "JourneyDemands" AS "j0"
        WHERE "j0"."DemandId" = "a0"."DemandId" AND "j0"."RemovedAt" IS NOT NULL AND "j0"."RemovalReason" = 'RELEASED_FOR_REDISPATCH' AND NOT EXISTS (
            SELECT 1
            FROM "JourneyDemands" AS "j1"
            WHERE "j1"."DemandId" = "a0"."DemandId" AND "j1"."DispatchGeneration" > "j0"."DispatchGeneration")) AND "a0"."DemandId" = "a"."DemandId")
[14:28:13 INF] Executed DbCommand (0ms) [Parameters=[], CommandType='Text', CommandTimeout='30']
SELECT "j"."DemandId"
FROM "JourneyDemands" AS "j"
WHERE "j"."RemovedAt" IS NULL
[14:28:13 INF] Start processing HTTP request GET http://127.0.0.1:48409/api/v2/contract
[14:28:13 INF] Sending HTTP request GET http://127.0.0.1:48409/api/v2/contract
[14:28:13 INF] Received HTTP response headers after 0.9492ms - 200
[14:28:13 INF] End processing HTTP request after 1.791ms - 200
[14:28:13 INF] Start processing HTTP request GET http://127.0.0.1:48409/api/v2/externally-readable-demand-catalog
[14:28:13 INF] Sending HTTP request GET http://127.0.0.1:48409/api/v2/externally-readable-demand-catalog
[14:28:13 INF] Received HTTP response headers after 0.5947ms - 200
[14:28:13 INF] End processing HTTP request after 1.2976ms - 200
[14:28:13 INF] Executed DbCommand (0ms) [Parameters=[], CommandType='Text', CommandTimeout='30']
SELECT "j"."DemandId", "j"."AcceptedAt", "j"."DecisionFingerprint", "j"."DemandCreatedAt", "j"."FirstSeenAt", "j"."LastSeenAt", "j"."ReasonCode", "j"."StarvationEscalatedAt", "j"."StarvationEscalationParameterVersion", "j"."TransportDemandKey"
FROM "JourneyBacklog" AS "j"
[14:28:13 INF] Executed DbCommand (0ms) [Parameters=[], CommandType='Text', CommandTimeout='30']
SELECT "a"."DemandId"
FROM "AcceptedDemands" AS "a"
WHERE NOT EXISTS (
    SELECT 1
    FROM "AcceptedDemands" AS "a0"
    WHERE "a0"."Status" NOT IN ('Succeeded', 'Cancelled') AND NOT EXISTS (
        SELECT 1
        FROM "JourneyDemands" AS "j"
        WHERE "j"."DemandId" = "a0"."DemandId" AND "j"."RemovedAt" IS NULL) AND EXISTS (
        SELECT 1
        FROM "JourneyDemands" AS "j0"
        WHERE "j0"."DemandId" = "a0"."DemandId" AND "j0"."RemovedAt" IS NOT NULL AND "j0"."RemovalReason" = 'RELEASED_FOR_REDISPATCH' AND NOT EXISTS (
            SELECT 1
            FROM "JourneyDemands" AS "j1"
            WHERE "j1"."DemandId" = "a0"."DemandId" AND "j1"."DispatchGeneration" > "j0"."DispatchGeneration")) AND "a0"."DemandId" = "a"."DemandId")
[14:28:13 INF] Executed DbCommand (0ms) [Parameters=[], CommandType='Text', CommandTimeout='30']
SELECT "j"."DemandId", MAX("j"."DispatchGeneration") AS "Generation"
FROM "JourneyDemands" AS "j"
WHERE EXISTS (
    SELECT 1
    FROM "AcceptedDemands" AS "a"
    WHERE "a"."Status" NOT IN ('Succeeded', 'Cancelled') AND NOT EXISTS (
        SELECT 1
        FROM "JourneyDemands" AS "j0"
        WHERE "j0"."DemandId" = "a"."DemandId" AND "j0"."RemovedAt" IS NULL) AND EXISTS (
        SELECT 1
        FROM "JourneyDemands" AS "j1"
        WHERE "j1"."DemandId" = "a"."DemandId" AND "j1"."RemovedAt" IS NOT NULL AND "j1"."RemovalReason" = 'RELEASED_FOR_REDISPATCH' AND NOT EXISTS (
            SELECT 1
            FROM "JourneyDemands" AS "j2"
            WHERE "j2"."DemandId" = "a"."DemandId" AND "j2"."DispatchGeneration" > "j1"."DispatchGeneration")) AND "a"."DemandId" = "j"."DemandId")
GROUP BY "j"."DemandId"
[14:28:13 INF] Executed DbCommand (0ms) [Parameters=[], CommandType='Text', CommandTimeout='30']
SELECT "v"."AgvId", "v"."TaskType", "v"."Allowed", "v"."ConfigurationVersion", "v"."UpdatedAt"
FROM "VehicleTaskTypeAdmissions" AS "v"
[14:28:13 INF] Executed DbCommand (0ms) [Parameters=[], CommandType='Text', CommandTimeout='30']
SELECT "v"."AgvId", "v"."ConfigurationVersion", "v"."RoundTimeoutMilliseconds", "v"."UpdatedAt"
FROM "VehicleDispatchBudgets" AS "v"
[14:28:13 INF] Executed DbCommand (0ms) [Parameters=[], CommandType='Text', CommandTimeout='30']
SELECT "d"."Zone", "d"."AgvId", "d"."ConfigurationVersion", "d"."UpdatedAt"
FROM "DispatchZoneVehicles" AS "d"
[14:28:13 INF] Executed DbCommand (0ms) [Parameters=[], CommandType='Text', CommandTimeout='30']
SELECT MAX("d"."Version")
FROM "DispatchZoneAreaAssignmentVersions" AS "d"
[14:28:13 INF] Executed DbCommand (0ms) [Parameters=[@__version_0='?' (DbType = Int64)], CommandType='Text', CommandTimeout='30']
SELECT "d"."Version", "d"."ContentSha256", "d"."EntryCount", "d"."ImportedAt", "d"."SnapshotId"
FROM "DispatchZoneAreaAssignmentVersions" AS "d"
WHERE "d"."Version" = @__version_0
LIMIT 2
[14:28:13 INF] Executed DbCommand (0ms) [Parameters=[@__version_0='?' (DbType = Int64)], CommandType='Text', CommandTimeout='30']
SELECT "d"."Version", "d"."Area", "d"."DispatchZone", "d"."SlotPosition"
FROM "DispatchZoneAreaAssignments" AS "d"
WHERE "d"."Version" = @__version_0
[14:28:13 INF] Executed DbCommand (0ms) [Parameters=[], CommandType='Text', CommandTimeout='30']
SELECT MAX("d"."Version")
FROM "DispatchZoneParameterVersions" AS "d"
[14:28:13 INF] Executed DbCommand (0ms) [Parameters=[], CommandType='Text', CommandTimeout='30']
SELECT "j"."AgvId", "j"."CreatedAt"
FROM "JourneyRuntimes" AS "j"
WHERE "j"."JourneyId" NOT LIKE 'idle-return:%' AND "j"."JourneyId" NOT LIKE 'charging:%'
[14:28:13 INF] Executed DbCommand (0ms) [Parameters=[@__agvId_0='?' (Size = 10)], CommandType='Text', CommandTimeout='30']
SELECT "a"."SlotModelVersionId", "a"."SnapshotId"
FROM "ActiveSlotConfigurations" AS "a"
WHERE "a"."AgvId" = @__agvId_0
LIMIT 2
[14:28:13 INF] Executed DbCommand (0ms) [Parameters=[@__agvId_0='?' (Size = 10)], CommandType='Text', CommandTimeout='30']
SELECT "s"."SlotModelVersionId", "s"."CreatedAt"
FROM "SlotIoBindings" AS "s"
WHERE "s"."AgvId" = @__agvId_0 AND "s"."Status" = 'PUBLISHED'
[14:28:13 INF] Executed DbCommand (0ms) [Parameters=[@__slotModelVersionId_0='?' (Size = 32)], CommandType='Text', CommandTimeout='30']
SELECT "s"."SlotModelVersionId", "s"."PhysicalSlotNumber", "s"."SlotPosition", "s"."SlotTemplateId"
FROM "SlotModelSlots" AS "s"
WHERE "s"."SlotModelVersionId" = @__slotModelVersionId_0
[14:28:13 INF] Executed DbCommand (0ms) [Parameters=[@__agvId_0='?' (Size = 10)], CommandType='Text', CommandTimeout='30']
SELECT "s"."AgvId", "s"."ActiveUnlockSlotsJson", "s"."CapabilityHash", "s"."CapabilityRevision", "s"."DepartureSafe", "s"."ForcedRecoveryGeneration", "s"."ManifestSha256", "s"."PendingAttemptIdsJson", "s"."PendingResultIdsJson", "s"."ProfileId", "s"."ProtocolCommit", "s"."ProtocolVersion", "s"."ProvenRecoveryCheckpoint", "s"."Readiness", "s"."ReasonCode", "s"."RecoveryReportId", "s"."ReportedForcedRecoveryGeneration", "s"."ReportedSlotConfigurationFingerprint", "s"."SafetyHash", "s"."SafetyReasonCodesJson", "s"."SafetyRevision", "s"."SafetyUnknownPresent", "s"."SessionGeneration", "s"."UnsettledSlotOperationAttemptId", "s"."UpdatedAt"
FROM "SessionRecoveries" AS "s"
WHERE "s"."AgvId" = @__agvId_0 AND "s"."Readiness" = 'Ready'
LIMIT 2
[14:28:13 INF] Executed DbCommand (0ms) [Parameters=[@__messageType_0='?' (Size = 18)], CommandType='Text', CommandTimeout='30']
SELECT "p"."MessageId", "p"."ContentHash", "p"."FirstResponseJson", "p"."MessageType", "p"."ReceivedAt", "p"."RequestJson"
FROM "ProtocolInbox" AS "p"
WHERE "p"."MessageType" = @__messageType_0
[14:28:13 INF] Executed DbCommand (0ms) [Parameters=[], CommandType='Text', CommandTimeout='30']
SELECT "p"."MessageId", "p"."ContentHash", "p"."FirstResponseJson", "p"."MessageType", "p"."ReceivedAt", "p"."RequestJson"
FROM "ProtocolInbox" AS "p"
WHERE "p"."MessageType" = 'SafetyStateSnapshot'
[14:28:13 INF] Executed DbCommand (0ms) [Parameters=[], CommandType='Text', CommandTimeout='30']
SELECT "p"."MessageId", "p"."ContentHash", "p"."FirstResponseJson", "p"."MessageType", "p"."ReceivedAt", "p"."RequestJson"
FROM "ProtocolInbox" AS "p"
WHERE "p"."MessageType" IN ('SafetyStateSnapshot', 'SafetyStateChanged')
[14:28:13 INF] Executed DbCommand (0ms) [Parameters=[], CommandType='Text', CommandTimeout='30']
SELECT "p"."MessageId", "p"."ContentHash", "p"."FirstResponseJson", "p"."MessageType", "p"."ReceivedAt", "p"."RequestJson"
FROM "ProtocolInbox" AS "p"
[14:28:13 INF] Start processing HTTP request GET http://127.0.0.1:48408/api/task/vehicles/getVehicleInfoByDeviceKey?key=BROKERX-L2-0001
[14:28:13 INF] Sending HTTP request GET http://127.0.0.1:48408/api/task/vehicles/getVehicleInfoByDeviceKey?key=BROKERX-L2-0001
[14:28:13 INF] Received HTTP response headers after 0.6401ms - 200
[14:28:13 INF] End processing HTTP request after 1.5952ms - 200
[14:28:13 INF] Executed DbCommand (0ms) [Parameters=[], CommandType='Text', CommandTimeout='30']
SELECT "c"."ActivationId", "c"."ActivatedAt", "c"."ActivatedBy", "c"."Sequence", "c"."Version"
FROM "ChargingPolicyActivations" AS "c"
ORDER BY "c"."Sequence" DESC
LIMIT 1
[14:28:13 INF] Executed DbCommand (0ms) [Parameters=[], CommandType='Text', CommandTimeout='30']
SELECT "s"."MapId", "s"."StationId", "s"."ChargerRosterVersion", "s"."JourneyId", "s"."RecordId", "s"."State", "s"."StateSince", "s"."StationKind", "s"."VehicleKey", "s"."WaitingPointVersion"
FROM "StationExclusivities" AS "s"
WHERE "s"."StationKind" = 'CHARGER'
[14:28:13 INF] Executed DbCommand (0ms) [Parameters=[@__vehicleKey_0='?' (Size = 15)], CommandType='Text', CommandTimeout='30']
SELECT "m"."VehicleKey", "m"."HoldId", "m"."Reason", "m"."Since", "m"."WarnedAt"
FROM "ManualChargingHolds" AS "m"
WHERE "m"."VehicleKey" = @__vehicleKey_0
LIMIT 2
[14:28:13 INF] Executed DbCommand (0ms) [Parameters=[@__vehicle_VehicleKey_0='?' (Size = 15)], CommandType='Text', CommandTimeout='30']
SELECT "m"."HoldId", "m"."ReleasedAt"
FROM "ManualChargingHoldRecords" AS "m"
WHERE "m"."VehicleKey" = @__vehicle_VehicleKey_0 AND "m"."ReleasedAt" IS NOT NULL
[14:28:13 INF] Executed DbCommand (0ms) [Parameters=[], CommandType='Text', CommandTimeout='30']
SELECT "s"."DemandId"
FROM "StructuralDispatchBlocks" AS "s"
WHERE "s"."ClearedAt" IS NULL
[14:28:13 INF] Executed DbCommand (0ms) [Parameters=[], CommandType='Text', CommandTimeout='30']
SELECT "s"."DemandId", "s"."ReasonCode", "s"."ClearedAt", "s"."DetailJson", "s"."FirstRaisedAt", "s"."LastSeenAt", "s"."TransportDemandKey"
FROM "StructuralDispatchBlocks" AS "s"
WHERE "s"."ClearedAt" IS NULL
[14:28:13 INF] Executed DbCommand (0ms) [Parameters=[], CommandType='Text', CommandTimeout='30']
SELECT "j"."JourneyId", "j"."AgvId", "j"."AgvLifecycleGeneration", "j"."AreaEndAdmissionRevokedSince", "j"."BlockReasonCode", "j"."BlockReasonSince", "j"."CargoHoldingStartedAt", "j"."ChargingPolicyVersion", "j"."ConsumedSafetyResultMessageId", "j"."ConsumedSublotMessageId", "j"."CreatedAt", "j"."DemandId", "j"."DispatchGeneration", "j"."DispatchZone", "j"."ExpectedBasketCount", "j"."FullSlotPositionsJson", "j"."GateMovementLegId", "j"."GatePlanMessageId", "j"."GateStationId", "j"."GateStationRiotId", "j"."GateUpperId", "j"."GateVehicleBusinessMessageId", "j"."GateWorklistMessageId", "j"."LoadCommandMessageId", "j"."LoadSlotOperationAttemptId", "j"."LoadingClosedReason", "j"."LoadingPhaseState", "j"."MapId", "j"."MapIdentity", "j"."OperationSessionId", "j"."PickupMovementLegId", "j"."PickupStationId", "j"."PickupStationRiotId", "j"."PickupUpperId", "j"."PlanMessageId", "j"."PlanRevision", "j"."PreDepartureSafetyCheckId", "j"."PreDepartureSafetyCheckMessageId", "j"."PublishedBatteryState", "j"."RouteEvidenceId", "j"."Stage", "j"."StationDepartureWaitStartedAt", "j"."SublotRequestMessageId", "j"."TargetSlotsJson", "j"."UnloadCommandMessageId", "j"."UnloadSlotOperationAttemptId", "j"."UpdatedAt", "j"."VehicleBusinessMessageId", "j"."VehicleBusinessRevision", "j"."VehicleKey", "j"."Version", "j"."WaitingBatteryObservedAt", "j"."WaitingBatteryPercent", "j"."WaitingSince", "j"."WaitingWarnedAt", "j"."WorklistMessageId", "j"."WorklistRevision", "j"."YieldTriggeredAt", "j"."YieldTriggeredByVehicleKey"
FROM "JourneyRuntimes" AS "j"
WHERE "j"."Stage" <> 'Completed'
[14:28:13 INF] Executed DbCommand (0ms) [Parameters=[], CommandType='Text', CommandTimeout='30']
SELECT "v"."AgvId", "v"."TaskType", "v"."Allowed", "v"."ConfigurationVersion", "v"."UpdatedAt"
FROM "VehicleTaskTypeAdmissions" AS "v"
[14:28:13 INF] Executed DbCommand (0ms) [Parameters=[], CommandType='Text', CommandTimeout='30']
SELECT "v"."AgvId", "v"."ConfigurationVersion", "v"."RoundTimeoutMilliseconds", "v"."UpdatedAt"
FROM "VehicleDispatchBudgets" AS "v"
[14:28:13 INF] Executed DbCommand (0ms) [Parameters=[], CommandType='Text', CommandTimeout='30']
SELECT "d"."Zone", "d"."AgvId", "d"."ConfigurationVersion", "d"."UpdatedAt"
FROM "DispatchZoneVehicles" AS "d"
[14:28:13 INF] Executed DbCommand (0ms) [Parameters=[], CommandType='Text', CommandTimeout='30']
SELECT "j"."JourneyId", "j"."AgvId", "j"."AgvLifecycleGeneration", "j"."AreaEndAdmissionRevokedSince", "j"."BlockReasonCode", "j"."BlockReasonSince", "j"."CargoHoldingStartedAt", "j"."ChargingPolicyVersion", "j"."ConsumedSafetyResultMessageId", "j"."ConsumedSublotMessageId", "j"."CreatedAt", "j"."DemandId", "j"."DispatchGeneration", "j"."DispatchZone", "j"."ExpectedBasketCount", "j"."FullSlotPositionsJson", "j"."GateMovementLegId", "j"."GatePlanMessageId", "j"."GateStationId", "j"."GateStationRiotId", "j"."GateUpperId", "j"."GateVehicleBusinessMessageId", "j"."GateWorklistMessageId", "j"."LoadCommandMessageId", "j"."LoadSlotOperationAttemptId", "j"."LoadingClosedReason", "j"."LoadingPhaseState", "j"."MapId", "j"."MapIdentity", "j"."OperationSessionId", "j"."PickupMovementLegId", "j"."PickupStationId", "j"."PickupStationRiotId", "j"."PickupUpperId", "j"."PlanMessageId", "j"."PlanRevision", "j"."PreDepartureSafetyCheckId", "j"."PreDepartureSafetyCheckMessageId", "j"."PublishedBatteryState", "j"."RouteEvidenceId", "j"."Stage", "j"."StationDepartureWaitStartedAt", "j"."SublotRequestMessageId", "j"."TargetSlotsJson", "j"."UnloadCommandMessageId", "j"."UnloadSlotOperationAttemptId", "j"."UpdatedAt", "j"."VehicleBusinessMessageId", "j"."VehicleBusinessRevision", "j"."VehicleKey", "j"."Version", "j"."WaitingBatteryObservedAt", "j"."WaitingBatteryPercent", "j"."WaitingSince", "j"."WaitingWarnedAt", "j"."WorklistMessageId", "j"."WorklistRevision", "j"."YieldTriggeredAt", "j"."YieldTriggeredByVehicleKey"
FROM "JourneyRuntimes" AS "j"
WHERE "j"."Stage" <> 'Completed'
[14:28:14 INF] Executed DbCommand (0ms) [Parameters=[], CommandType='Text', CommandTimeout='30']
SELECT "a"."AgvId"
FROM "AgvLifecycles" AS "a"
WHERE "a"."Archived"
[14:28:14 INF] Start processing HTTP request GET http://127.0.0.1:48408/api/order/v1/orderRecord?pageNum=1&pageSize=100&filterByState=1&filterByState=3&filterByState=7&filterByState=8&filterByState=9&filterByState=10
[14:28:14 INF] Sending HTTP request GET http://127.0.0.1:48408/api/order/v1/orderRecord?pageNum=1&pageSize=100&filterByState=1&filterByState=3&filterByState=7&filterByState=8&filterByState=9&filterByState=10
[14:28:14 INF] Received HTTP response headers after 0.7235ms - 200
[14:28:14 INF] End processing HTTP request after 1.724ms - 200
[14:28:14 INF] Executed DbCommand (0ms) [Parameters=[@__listedIds_0='?' (Size = 2)], CommandType='Text', CommandTimeout='30']
SELECT "f"."RiotOrderId", "f"."AgvId", "f"."CancelCallDisposition", "f"."CancelCommandAuditId", "f"."CancelDecidedAt", "f"."CancelResult", "f"."CancelResultAt", "f"."CancelSentAt", "f"."DetectedAt", "f"."DeviceKey", "f"."EndedAt", "f"."EndedOrderState", "f"."LastSeenRunningAt", "f"."OrderStateAtDetection", "f"."Ownership", "f"."OwnershipBasis", "f"."State", "f"."UpdatedAt", "f"."UpperId"
FROM "ForeignRiotOrders" AS "f"
WHERE "f"."State" <> 'ENDED' OR "f"."RiotOrderId" IN (
    SELECT "l"."value"
    FROM json_each(@__listedIds_0) AS "l"
)
[14:28:14 INF] Executed DbCommand (0ms) [Parameters=[], CommandType='Text', CommandTimeout='30']
SELECT "s"."MapId", "s"."StationId", "s"."ChargerRosterVersion", "s"."JourneyId", "s"."RecordId", "s"."State", "s"."StateSince", "s"."StationKind", "s"."VehicleKey", "s"."WaitingPointVersion"
FROM "StationExclusivities" AS "s"
WHERE "s"."StationKind" IN ('FIXED_TASK_STATION', 'WAITING_POINT')
[14:28:14 INF] Executed DbCommand (0ms) [Parameters=[@__mapId_0='?' (DbType = Int32)], CommandType='Text', CommandTimeout='30']
SELECT "t"."MapId", "t"."ActiveVersion", "t"."PendingVersion", "t"."State", "t"."UpdatedAt"
FROM "TaskTypeStationActiveBindingSets" AS "t"
WHERE "t"."MapId" = @__mapId_0
LIMIT 2
[14:28:14 INF] Executed DbCommand (0ms) [Parameters=[@__mapId_0='?' (DbType = Int32), @__version_1='?' (DbType = Int64)], CommandType='Text', CommandTimeout='30']
SELECT "t"."MapId", "t"."Version", "t"."CatalogRevision", "t"."ContentSha256", "t"."LoadedAt", "t"."RuleVersion", "t"."SnapshotId", "t"."Source"
FROM "TaskTypeStationBindingSetVersions" AS "t"
WHERE "t"."MapId" = @__mapId_0 AND "t"."Version" = @__version_1
LIMIT 2
[14:28:14 INF] Executed DbCommand (0ms) [Parameters=[@__mapId_0='?' (DbType = Int32), @__version_1='?' (DbType = Int64)], CommandType='Text', CommandTimeout='30']
SELECT "t"."TaskType"
FROM "TaskTypeStationRequirements" AS "t"
WHERE "t"."MapId" = @__mapId_0 AND "t"."Version" = @__version_1
[14:28:14 INF] Executed DbCommand (0ms) [Parameters=[@__mapId_0='?' (DbType = Int32), @__version_1='?' (DbType = Int64)], CommandType='Text', CommandTimeout='30']
SELECT "t"."MapId", "t"."Version", "t"."TaskType", "t"."SiteVerificationRef", "t"."StationName", "t"."StationRiotId"
FROM "TaskTypeStationBindings" AS "t"
WHERE "t"."MapId" = @__mapId_0 AND "t"."Version" = @__version_1
[14:28:14 INF] Executed DbCommand (0ms) [Parameters=[], CommandType='Text', CommandTimeout='30']
SELECT "j"."JourneyId", "j"."AgvId", "j"."AgvLifecycleGeneration", "j"."AreaEndAdmissionRevokedSince", "j"."BlockReasonCode", "j"."BlockReasonSince", "j"."CargoHoldingStartedAt", "j"."ChargingPolicyVersion", "j"."ConsumedSafetyResultMessageId", "j"."ConsumedSublotMessageId", "j"."CreatedAt", "j"."DemandId", "j"."DispatchGeneration", "j"."DispatchZone", "j"."ExpectedBasketCount", "j"."FullSlotPositionsJson", "j"."GateMovementLegId", "j"."GatePlanMessageId", "j"."GateStationId", "j"."GateStationRiotId", "j"."GateUpperId", "j"."GateVehicleBusinessMessageId", "j"."GateWorklistMessageId", "j"."LoadCommandMessageId", "j"."LoadSlotOperationAttemptId", "j"."LoadingClosedReason", "j"."LoadingPhaseState", "j"."MapId", "j"."MapIdentity", "j"."OperationSessionId", "j"."PickupMovementLegId", "j"."PickupStationId", "j"."PickupStationRiotId", "j"."PickupUpperId", "j"."PlanMessageId", "j"."PlanRevision", "j"."PreDepartureSafetyCheckId", "j"."PreDepartureSafetyCheckMessageId", "j"."PublishedBatteryState", "j"."RouteEvidenceId", "j"."Stage", "j"."StationDepartureWaitStartedAt", "j"."SublotRequestMessageId", "j"."TargetSlotsJson", "j"."UnloadCommandMessageId", "j"."UnloadSlotOperationAttemptId", "j"."UpdatedAt", "j"."VehicleBusinessMessageId", "j"."VehicleBusinessRevision", "j"."VehicleKey", "j"."Version", "j"."WaitingBatteryObservedAt", "j"."WaitingBatteryPercent", "j"."WaitingSince", "j"."WaitingWarnedAt", "j"."WorklistMessageId", "j"."WorklistRevision", "j"."YieldTriggeredAt", "j"."YieldTriggeredByVehicleKey"
FROM "JourneyRuntimes" AS "j"
WHERE "j"."Stage" NOT IN ('Completed', 'Blocked')
[14:28:14 INF] Start processing HTTP request GET http://127.0.0.1:48408/api/imap/v1/mapInfo/getALLMapInfoExcludeMapJson
[14:28:14 INF] Sending HTTP request GET http://127.0.0.1:48408/api/imap/v1/mapInfo/getALLMapInfoExcludeMapJson
[14:28:14 INF] Received HTTP response headers after 0.4541ms - 200
[14:28:14 INF] End processing HTTP request after 1.426ms - 200
[14:28:14 INF] Executed DbCommand (0ms) [Parameters=[@__mapId_0='?' (DbType = Int32)], CommandType='Text', CommandTimeout='30']
SELECT "m"."MapId", "m"."AcceptedAt", "m"."AcceptedBy", "m"."EstablishedAt", "m"."Name", "m"."PendingName", "m"."PendingSince"
FROM "MapNameBaselines" AS "m"
WHERE "m"."MapId" = @__mapId_0
LIMIT 2
[14:28:14 INF] Start processing HTTP request GET http://127.0.0.1:48408/api/imap/v1/mapInfo/stations/25
[14:28:14 INF] Sending HTTP request GET http://127.0.0.1:48408/api/imap/v1/mapInfo/stations/25
[14:28:14 INF] Received HTTP response headers after 0.4273ms - 200
[14:28:14 INF] End processing HTTP request after 1.1793ms - 200
[14:28:14 INF] Executed DbCommand (0ms) [Parameters=[@__mapId_0='?' (DbType = Int32)], CommandType='Text', CommandTimeout='30']
SELECT "t"."MapId", "t"."ActiveVersion", "t"."PendingVersion", "t"."State", "t"."UpdatedAt"
FROM "TaskTypeStationActiveBindingSets" AS "t"
WHERE "t"."MapId" = @__mapId_0
LIMIT 2
[14:28:14 INF] Executed DbCommand (0ms) [Parameters=[@__mapId_0='?' (DbType = Int32), @__version_1='?' (DbType = Int64)], CommandType='Text', CommandTimeout='30']
SELECT "t"."MapId", "t"."Version", "t"."CatalogRevision", "t"."ContentSha256", "t"."LoadedAt", "t"."RuleVersion", "t"."SnapshotId", "t"."Source"
FROM "TaskTypeStationBindingSetVersions" AS "t"
WHERE "t"."MapId" = @__mapId_0 AND "t"."Version" = @__version_1
LIMIT 2
[14:28:14 INF] Executed DbCommand (0ms) [Parameters=[@__mapId_0='?' (DbType = Int32), @__version_1='?' (DbType = Int64)], CommandType='Text', CommandTimeout='30']
SELECT "t"."TaskType"
FROM "TaskTypeStationRequirements" AS "t"
WHERE "t"."MapId" = @__mapId_0 AND "t"."Version" = @__version_1
[14:28:14 INF] Executed DbCommand (0ms) [Parameters=[@__mapId_0='?' (DbType = Int32), @__version_1='?' (DbType = Int64)], CommandType='Text', CommandTimeout='30']
SELECT "t"."MapId", "t"."Version", "t"."TaskType", "t"."SiteVerificationRef", "t"."StationName", "t"."StationRiotId"
FROM "TaskTypeStationBindings" AS "t"
WHERE "t"."MapId" = @__mapId_0 AND "t"."Version" = @__version_1
[14:28:14 INF] Executed DbCommand (0ms) [Parameters=[@__version_0='?' (DbType = Int64)], CommandType='Text', CommandTimeout='30']
SELECT "t"."Version", "t"."ContentSha256", "t"."LoadedAt", "t"."SnapshotId", "t"."Source"
FROM "TaskTypeStationRuleVersions" AS "t"
WHERE "t"."Version" = @__version_0
LIMIT 2
[14:28:14 INF] Executed DbCommand (0ms) [Parameters=[@__version_0='?' (DbType = Int64)], CommandType='Text', CommandTimeout='30']
SELECT "t"."Version", "t"."TaskType", "t"."FixedEnd"
FROM "TaskTypeStationRules" AS "t"
WHERE "t"."Version" = @__version_0
[14:28:14 INF] Executed DbCommand (0ms) [Parameters=[@__mapId_0='?' (DbType = Int32)], CommandType='Text', CommandTimeout='30']
SELECT "t"."MapId", "t"."ActiveVersion", "t"."PendingVersion", "t"."State", "t"."UpdatedAt"
FROM "TaskTypeStationActiveBindingSets" AS "t"
WHERE "t"."MapId" = @__mapId_0
LIMIT 2
[14:28:14 INF] Executed DbCommand (0ms) [Parameters=[@__mapId_0='?' (DbType = Int32)], CommandType='Text', CommandTimeout='30']
SELECT "t"."HoldId", "t"."DetailJson", "t"."MapId", "t"."RaisedAt", "t"."RaisedBy", "t"."ReasonCode", "t"."ReleasedAt", "t"."ReleasedBy", "t"."Source", "t"."TaskType"
FROM "TaskTypeStationHolds" AS "t"
WHERE "t"."MapId" = @__mapId_0 AND "t"."ReleasedAt" IS NULL
[14:28:14 INF] Executed DbCommand (0ms) [Parameters=[@__mapId_0='?' (DbType = Int32)], CommandType='Text', CommandTimeout='30']
SELECT "m"."MapId", "m"."ApprovedMaxUnconfirmedSeconds", "m"."ApprovedSyncPeriodSeconds", "m"."CatalogRevision", "m"."LastAttemptAt", "m"."LastCompleteConfirmationAt", "m"."LastFailureReason", "m"."State", "m"."UpdatedAt"
FROM "MapStationCatalogStates" AS "m"
WHERE "m"."MapId" = @__mapId_0
LIMIT 2
[14:28:14 INF] Executed DbCommand (0ms) [Parameters=[@p3='?' (DbType = Int32), @p0='?' (DbType = DateTimeOffset), @p1='?' (DbType = DateTimeOffset), @p2='?' (DbType = DateTimeOffset)], CommandType='Text', CommandTimeout='30']
UPDATE "MapStationCatalogStates" SET "LastAttemptAt" = @p0, "LastCompleteConfirmationAt" = @p1, "UpdatedAt" = @p2
WHERE "MapId" = @p3
RETURNING 1;
[14:28:14 INF] Executed DbCommand (0ms) [Parameters=[@__mapId_0='?' (DbType = Int32)], CommandType='Text', CommandTimeout='30']
SELECT "t"."MapId", "t"."ActiveVersion", "t"."PendingVersion", "t"."State", "t"."UpdatedAt"
FROM "TaskTypeStationActiveBindingSets" AS "t"
WHERE "t"."MapId" = @__mapId_0
LIMIT 2
[14:28:14 INF] Executed DbCommand (0ms) [Parameters=[@__mapId_0='?' (DbType = Int32), @__version_1='?' (DbType = Int64)], CommandType='Text', CommandTimeout='30']
SELECT "t"."MapId", "t"."Version", "t"."CatalogRevision", "t"."ContentSha256", "t"."LoadedAt", "t"."RuleVersion", "t"."SnapshotId", "t"."Source"
FROM "TaskTypeStationBindingSetVersions" AS "t"
WHERE "t"."MapId" = @__mapId_0 AND "t"."Version" = @__version_1
LIMIT 2
[14:28:14 INF] Executed DbCommand (0ms) [Parameters=[@__mapId_0='?' (DbType = Int32), @__version_1='?' (DbType = Int64)], CommandType='Text', CommandTimeout='30']
SELECT "t"."TaskType"
FROM "TaskTypeStationRequirements" AS "t"
WHERE "t"."MapId" = @__mapId_0 AND "t"."Version" = @__version_1
[14:28:14 INF] Executed DbCommand (0ms) [Parameters=[@__mapId_0='?' (DbType = Int32), @__version_1='?' (DbType = Int64)], CommandType='Text', CommandTimeout='30']
SELECT "t"."MapId", "t"."Version", "t"."TaskType", "t"."SiteVerificationRef", "t"."StationName", "t"."StationRiotId"
FROM "TaskTypeStationBindings" AS "t"
WHERE "t"."MapId" = @__mapId_0 AND "t"."Version" = @__version_1
[14:28:14 INF] Executed DbCommand (0ms) [Parameters=[@__mapId_0='?' (DbType = Int32)], CommandType='Text', CommandTimeout='30']
SELECT "t"."MapId", "t"."ActiveVersion", "t"."PendingVersion", "t"."State", "t"."UpdatedAt"
FROM "TaskTypeStationActiveBindingSets" AS "t"
WHERE "t"."MapId" = @__mapId_0
LIMIT 2
[14:28:14 INF] Executed DbCommand (0ms) [Parameters=[@__mapId_0='?' (DbType = Int32), @__version_1='?' (DbType = Int64)], CommandType='Text', CommandTimeout='30']
SELECT "t"."MapId", "t"."Version", "t"."CatalogRevision", "t"."ContentSha256", "t"."LoadedAt", "t"."RuleVersion", "t"."SnapshotId", "t"."Source"
FROM "TaskTypeStationBindingSetVersions" AS "t"
WHERE "t"."MapId" = @__mapId_0 AND "t"."Version" = @__version_1
LIMIT 2
[14:28:14 INF] Executed DbCommand (0ms) [Parameters=[@__mapId_0='?' (DbType = Int32), @__version_1='?' (DbType = Int64)], CommandType='Text', CommandTimeout='30']
SELECT "t"."TaskType"
FROM "TaskTypeStationRequirements" AS "t"
WHERE "t"."MapId" = @__mapId_0 AND "t"."Version" = @__version_1
[14:28:14 INF] Executed DbCommand (0ms) [Parameters=[@__mapId_0='?' (DbType = Int32), @__version_1='?' (DbType = Int64)], CommandType='Text', CommandTimeout='30']
SELECT "t"."MapId", "t"."Version", "t"."TaskType", "t"."SiteVerificationRef", "t"."StationName", "t"."StationRiotId"
FROM "TaskTypeStationBindings" AS "t"
WHERE "t"."MapId" = @__mapId_0 AND "t"."Version" = @__version_1
[14:28:14 INF] Executed DbCommand (0ms) [Parameters=[@__version_0='?' (DbType = Int64)], CommandType='Text', CommandTimeout='30']
SELECT "t"."Version", "t"."ContentSha256", "t"."LoadedAt", "t"."SnapshotId", "t"."Source"
FROM "TaskTypeStationRuleVersions" AS "t"
WHERE "t"."Version" = @__version_0
LIMIT 2
[14:28:14 INF] Executed DbCommand (0ms) [Parameters=[@__version_0='?' (DbType = Int64)], CommandType='Text', CommandTimeout='30']
SELECT "t"."Version", "t"."TaskType", "t"."FixedEnd"
FROM "TaskTypeStationRules" AS "t"
WHERE "t"."Version" = @__version_0
[14:28:14 INF] Executed DbCommand (0ms) [Parameters=[], CommandType='Text', CommandTimeout='30']
SELECT "a"."Id", "a"."ContentHash", "a"."DeploymentId", "a"."ImportedAt", "a"."Version"
FROM "AdmissionPolicyState" AS "a"
WHERE "a"."Id" = 1
LIMIT 2
[14:28:14 INF] Executed DbCommand (0ms) [Parameters=[], CommandType='Text', CommandTimeout='30']
SELECT "v"."VehicleKey", "v"."ClaimedAt", "v"."JourneyId", "v"."Purpose"
FROM "VehiclePurposeClaims" AS "v"
WHERE "v"."Purpose" = 'IDLE_RETURN'
[14:28:14 INF] Executed DbCommand (0ms) [Parameters=[], CommandType='Text', CommandTimeout='30']
SELECT "j"."JourneyId", "j"."AgvId", "j"."AgvLifecycleGeneration", "j"."AreaEndAdmissionRevokedSince", "j"."BlockReasonCode", "j"."BlockReasonSince", "j"."CargoHoldingStartedAt", "j"."ChargingPolicyVersion", "j"."ConsumedSafetyResultMessageId", "j"."ConsumedSublotMessageId", "j"."CreatedAt", "j"."DemandId", "j"."DispatchGeneration", "j"."DispatchZone", "j"."ExpectedBasketCount", "j"."FullSlotPositionsJson", "j"."GateMovementLegId", "j"."GatePlanMessageId", "j"."GateStationId", "j"."GateStationRiotId", "j"."GateUpperId", "j"."GateVehicleBusinessMessageId", "j"."GateWorklistMessageId", "j"."LoadCommandMessageId", "j"."LoadSlotOperationAttemptId", "j"."LoadingClosedReason", "j"."LoadingPhaseState", "j"."MapId", "j"."MapIdentity", "j"."OperationSessionId", "j"."PickupMovementLegId", "j"."PickupStationId", "j"."PickupStationRiotId", "j"."PickupUpperId", "j"."PlanMessageId", "j"."PlanRevision", "j"."PreDepartureSafetyCheckId", "j"."PreDepartureSafetyCheckMessageId", "j"."PublishedBatteryState", "j"."RouteEvidenceId", "j"."Stage", "j"."StationDepartureWaitStartedAt", "j"."SublotRequestMessageId", "j"."TargetSlotsJson", "j"."UnloadCommandMessageId", "j"."UnloadSlotOperationAttemptId", "j"."UpdatedAt", "j"."VehicleBusinessMessageId", "j"."VehicleBusinessRevision", "j"."VehicleKey", "j"."Version", "j"."WaitingBatteryObservedAt", "j"."WaitingBatteryPercent", "j"."WaitingSince", "j"."WaitingWarnedAt", "j"."WorklistMessageId", "j"."WorklistRevision", "j"."YieldTriggeredAt", "j"."YieldTriggeredByVehicleKey"
FROM "JourneyRuntimes" AS "j"
WHERE "j"."Stage" <> 'Completed'
[14:28:14 INF] Executed DbCommand (0ms) [Parameters=[@__holding_0='?' (Size = 129)], CommandType='Text', CommandTimeout='30']
SELECT "f"."AgvId"
FROM "ForeignRiotOrders" AS "f"
WHERE "f"."State" IN (
    SELECT "h"."value"
    FROM json_each(@__holding_0) AS "h"
)
[14:28:14 INF] Executed DbCommand (0ms) [Parameters=[], CommandType='Text', CommandTimeout='30']
SELECT "a"."DemandId"
FROM "AcceptedDemands" AS "a"
WHERE "a"."Status" NOT IN ('Succeeded', 'Cancelled') AND NOT EXISTS (
    SELECT 1
    FROM "AcceptedDemands" AS "a0"
    WHERE "a0"."Status" NOT IN ('Succeeded', 'Cancelled') AND NOT EXISTS (
        SELECT 1
        FROM "JourneyDemands" AS "j"
        WHERE "j"."DemandId" = "a0"."DemandId" AND "j"."RemovedAt" IS NULL) AND EXISTS (
        SELECT 1
        FROM "JourneyDemands" AS "j0"
        WHERE "j0"."DemandId" = "a0"."DemandId" AND "j0"."RemovedAt" IS NOT NULL AND "j0"."RemovalReason" = 'RELEASED_FOR_REDISPATCH' AND NOT EXISTS (
            SELECT 1
            FROM "JourneyDemands" AS "j1"
            WHERE "j1"."DemandId" = "a0"."DemandId" AND "j1"."DispatchGeneration" > "j0"."DispatchGeneration")) AND "a0"."DemandId" = "a"."DemandId")
[14:28:14 INF] Executed DbCommand (0ms) [Parameters=[], CommandType='Text', CommandTimeout='30']
SELECT "j"."DemandId"
FROM "JourneyDemands" AS "j"
WHERE "j"."RemovedAt" IS NULL
[14:28:14 INF] Start processing HTTP request GET http://127.0.0.1:48409/api/v2/contract
[14:28:14 INF] Sending HTTP request GET http://127.0.0.1:48409/api/v2/contract
[14:28:14 INF] Received HTTP response headers after 0.7754ms - 200
[14:28:14 INF] End processing HTTP request after 1.6261ms - 200
[14:28:14 INF] Start processing HTTP request GET http://127.0.0.1:48409/api/v2/externally-readable-demand-catalog
[14:28:14 INF] Sending HTTP request GET http://127.0.0.1:48409/api/v2/externally-readable-demand-catalog
[14:28:14 INF] Received HTTP response headers after 0.523ms - 200
[14:28:14 INF] End processing HTTP request after 1.4ms - 200
[14:28:14 INF] Executed DbCommand (0ms) [Parameters=[], CommandType='Text', CommandTimeout='30']
SELECT "j"."DemandId", "j"."AcceptedAt", "j"."DecisionFingerprint", "j"."DemandCreatedAt", "j"."FirstSeenAt", "j"."LastSeenAt", "j"."ReasonCode", "j"."StarvationEscalatedAt", "j"."StarvationEscalationParameterVersion", "j"."TransportDemandKey"
FROM "JourneyBacklog" AS "j"
[14:28:14 INF] Executed DbCommand (0ms) [Parameters=[], CommandType='Text', CommandTimeout='30']
SELECT "a"."DemandId"
FROM "AcceptedDemands" AS "a"
WHERE NOT EXISTS (
    SELECT 1
    FROM "AcceptedDemands" AS "a0"
    WHERE "a0"."Status" NOT IN ('Succeeded', 'Cancelled') AND NOT EXISTS (
        SELECT 1
        FROM "JourneyDemands" AS "j"
        WHERE "j"."DemandId" = "a0"."DemandId" AND "j"."RemovedAt" IS NULL) AND EXISTS (
        SELECT 1
        FROM "JourneyDemands" AS "j0"
        WHERE "j0"."DemandId" = "a0"."DemandId" AND "j0"."RemovedAt" IS NOT NULL AND "j0"."RemovalReason" = 'RELEASED_FOR_REDISPATCH' AND NOT EXISTS (
            SELECT 1
            FROM "JourneyDemands" AS "j1"
            WHERE "j1"."DemandId" = "a0"."DemandId" AND "j1"."DispatchGeneration" > "j0"."DispatchGeneration")) AND "a0"."DemandId" = "a"."DemandId")
[14:28:14 INF] Executed DbCommand (0ms) [Parameters=[], CommandType='Text', CommandTimeout='30']
SELECT "j"."DemandId", MAX("j"."DispatchGeneration") AS "Generation"
FROM "JourneyDemands" AS "j"
WHERE EXISTS (
    SELECT 1
    FROM "AcceptedDemands" AS "a"
    WHERE "a"."Status" NOT IN ('Succeeded', 'Cancelled') AND NOT EXISTS (
        SELECT 1
        FROM "JourneyDemands" AS "j0"
        WHERE "j0"."DemandId" = "a"."DemandId" AND "j0"."RemovedAt" IS NULL) AND EXISTS (
        SELECT 1
        FROM "JourneyDemands" AS "j1"
        WHERE "j1"."DemandId" = "a"."DemandId" AND "j1"."RemovedAt" IS NOT NULL AND "j1"."RemovalReason" = 'RELEASED_FOR_REDISPATCH' AND NOT EXISTS (
            SELECT 1
            FROM "JourneyDemands" AS "j2"
            WHERE "j2"."DemandId" = "a"."DemandId" AND "j2"."DispatchGeneration" > "j1"."DispatchGeneration")) AND "a"."DemandId" = "j"."DemandId")
GROUP BY "j"."DemandId"
[14:28:14 INF] Executed DbCommand (0ms) [Parameters=[], CommandType='Text', CommandTimeout='30']
SELECT "v"."AgvId", "v"."TaskType", "v"."Allowed", "v"."ConfigurationVersion", "v"."UpdatedAt"
FROM "VehicleTaskTypeAdmissions" AS "v"
[14:28:14 INF] Executed DbCommand (0ms) [Parameters=[], CommandType='Text', CommandTimeout='30']
SELECT "v"."AgvId", "v"."ConfigurationVersion", "v"."RoundTimeoutMilliseconds", "v"."UpdatedAt"
FROM "VehicleDispatchBudgets" AS "v"
[14:28:14 INF] Executed DbCommand (0ms) [Parameters=[], CommandType='Text', CommandTimeout='30']
SELECT "d"."Zone", "d"."AgvId", "d"."ConfigurationVersion", "d"."UpdatedAt"
FROM "DispatchZoneVehicles" AS "d"
[14:28:14 INF] Executed DbCommand (0ms) [Parameters=[], CommandType='Text', CommandTimeout='30']
SELECT MAX("d"."Version")
FROM "DispatchZoneAreaAssignmentVersions" AS "d"
[14:28:14 INF] Executed DbCommand (0ms) [Parameters=[@__version_0='?' (DbType = Int64)], CommandType='Text', CommandTimeout='30']
SELECT "d"."Version", "d"."ContentSha256", "d"."EntryCount", "d"."ImportedAt", "d"."SnapshotId"
FROM "DispatchZoneAreaAssignmentVersions" AS "d"
WHERE "d"."Version" = @__version_0
LIMIT 2
[14:28:14 INF] Executed DbCommand (0ms) [Parameters=[@__version_0='?' (DbType = Int64)], CommandType='Text', CommandTimeout='30']
SELECT "d"."Version", "d"."Area", "d"."DispatchZone", "d"."SlotPosition"
FROM "DispatchZoneAreaAssignments" AS "d"
WHERE "d"."Version" = @__version_0
[14:28:14 INF] Executed DbCommand (0ms) [Parameters=[], CommandType='Text', CommandTimeout='30']
SELECT MAX("d"."Version")
FROM "DispatchZoneParameterVersions" AS "d"
[14:28:14 INF] Executed DbCommand (0ms) [Parameters=[], CommandType='Text', CommandTimeout='30']
SELECT "j"."AgvId", "j"."CreatedAt"
FROM "JourneyRuntimes" AS "j"
WHERE "j"."JourneyId" NOT LIKE 'idle-return:%' AND "j"."JourneyId" NOT LIKE 'charging:%'
[14:28:14 INF] Executed DbCommand (0ms) [Parameters=[@__agvId_0='?' (Size = 10)], CommandType='Text', CommandTimeout='30']
SELECT "a"."SlotModelVersionId", "a"."SnapshotId"
FROM "ActiveSlotConfigurations" AS "a"
WHERE "a"."AgvId" = @__agvId_0
LIMIT 2
[14:28:14 INF] Executed DbCommand (0ms) [Parameters=[@__agvId_0='?' (Size = 10)], CommandType='Text', CommandTimeout='30']
SELECT "s"."SlotModelVersionId", "s"."CreatedAt"
FROM "SlotIoBindings" AS "s"
WHERE "s"."AgvId" = @__agvId_0 AND "s"."Status" = 'PUBLISHED'
[14:28:14 INF] Executed DbCommand (0ms) [Parameters=[@__slotModelVersionId_0='?' (Size = 32)], CommandType='Text', CommandTimeout='30']
SELECT "s"."SlotModelVersionId", "s"."PhysicalSlotNumber", "s"."SlotPosition", "s"."SlotTemplateId"
FROM "SlotModelSlots" AS "s"
WHERE "s"."SlotModelVersionId" = @__slotModelVersionId_0
[14:28:14 INF] Executed DbCommand (0ms) [Parameters=[@__agvId_0='?' (Size = 10)], CommandType='Text', CommandTimeout='30']
SELECT "s"."AgvId", "s"."ActiveUnlockSlotsJson", "s"."CapabilityHash", "s"."CapabilityRevision", "s"."DepartureSafe", "s"."ForcedRecoveryGeneration", "s"."ManifestSha256", "s"."PendingAttemptIdsJson", "s"."PendingResultIdsJson", "s"."ProfileId", "s"."ProtocolCommit", "s"."ProtocolVersion", "s"."ProvenRecoveryCheckpoint", "s"."Readiness", "s"."ReasonCode", "s"."RecoveryReportId", "s"."ReportedForcedRecoveryGeneration", "s"."ReportedSlotConfigurationFingerprint", "s"."SafetyHash", "s"."SafetyReasonCodesJson", "s"."SafetyRevision", "s"."SafetyUnknownPresent", "s"."SessionGeneration", "s"."UnsettledSlotOperationAttemptId", "s"."UpdatedAt"
FROM "SessionRecoveries" AS "s"
WHERE "s"."AgvId" = @__agvId_0 AND "s"."Readiness" = 'Ready'
LIMIT 2
[14:28:14 INF] Executed DbCommand (0ms) [Parameters=[@__messageType_0='?' (Size = 18)], CommandType='Text', CommandTimeout='30']
SELECT "p"."MessageId", "p"."ContentHash", "p"."FirstResponseJson", "p"."MessageType", "p"."ReceivedAt", "p"."RequestJson"
FROM "ProtocolInbox" AS "p"
WHERE "p"."MessageType" = @__messageType_0
[14:28:14 INF] Executed DbCommand (0ms) [Parameters=[], CommandType='Text', CommandTimeout='30']
SELECT "p"."MessageId", "p"."ContentHash", "p"."FirstResponseJson", "p"."MessageType", "p"."ReceivedAt", "p"."RequestJson"
FROM "ProtocolInbox" AS "p"
WHERE "p"."MessageType" = 'SafetyStateSnapshot'
[14:28:14 INF] Executed DbCommand (0ms) [Parameters=[], CommandType='Text', CommandTimeout='30']
SELECT "p"."MessageId", "p"."ContentHash", "p"."FirstResponseJson", "p"."MessageType", "p"."ReceivedAt", "p"."RequestJson"
FROM "ProtocolInbox" AS "p"
WHERE "p"."MessageType" IN ('SafetyStateSnapshot', 'SafetyStateChanged')
[14:28:14 INF] Executed DbCommand (0ms) [Parameters=[], CommandType='Text', CommandTimeout='30']
SELECT "p"."MessageId", "p"."ContentHash", "p"."FirstResponseJson", "p"."MessageType", "p"."ReceivedAt", "p"."RequestJson"
FROM "ProtocolInbox" AS "p"
[14:28:14 INF] Start processing HTTP request GET http://127.0.0.1:48408/api/task/vehicles/getVehicleInfoByDeviceKey?key=BROKERX-L2-0001
[14:28:14 INF] Sending HTTP request GET http://127.0.0.1:48408/api/task/vehicles/getVehicleInfoByDeviceKey?key=BROKERX-L2-0001
[14:28:14 INF] Received HTTP response headers after 0.5881ms - 200
[14:28:14 INF] End processing HTTP request after 1.5421ms - 200
[14:28:14 INF] Executed DbCommand (0ms) [Parameters=[], CommandType='Text', CommandTimeout='30']
SELECT "c"."ActivationId", "c"."ActivatedAt", "c"."ActivatedBy", "c"."Sequence", "c"."Version"
FROM "ChargingPolicyActivations" AS "c"
ORDER BY "c"."Sequence" DESC
LIMIT 1
[14:28:14 INF] Executed DbCommand (0ms) [Parameters=[], CommandType='Text', CommandTimeout='30']
SELECT "s"."MapId", "s"."StationId", "s"."ChargerRosterVersion", "s"."JourneyId", "s"."RecordId", "s"."State", "s"."StateSince", "s"."StationKind", "s"."VehicleKey", "s"."WaitingPointVersion"
FROM "StationExclusivities" AS "s"
WHERE "s"."StationKind" = 'CHARGER'
[14:28:14 INF] Executed DbCommand (0ms) [Parameters=[@__vehicleKey_0='?' (Size = 15)], CommandType='Text', CommandTimeout='30']
SELECT "m"."VehicleKey", "m"."HoldId", "m"."Reason", "m"."Since", "m"."WarnedAt"
FROM "ManualChargingHolds" AS "m"
WHERE "m"."VehicleKey" = @__vehicleKey_0
LIMIT 2
[14:28:14 INF] Executed DbCommand (0ms) [Parameters=[@__vehicle_VehicleKey_0='?' (Size = 15)], CommandType='Text', CommandTimeout='30']
SELECT "m"."HoldId", "m"."ReleasedAt"
FROM "ManualChargingHoldRecords" AS "m"
WHERE "m"."VehicleKey" = @__vehicle_VehicleKey_0 AND "m"."ReleasedAt" IS NOT NULL
[14:28:14 INF] Executed DbCommand (0ms) [Parameters=[], CommandType='Text', CommandTimeout='30']
SELECT "s"."DemandId"
FROM "StructuralDispatchBlocks" AS "s"
WHERE "s"."ClearedAt" IS NULL
[14:28:14 INF] Executed DbCommand (0ms) [Parameters=[], CommandType='Text', CommandTimeout='30']
SELECT "s"."DemandId", "s"."ReasonCode", "s"."ClearedAt", "s"."DetailJson", "s"."FirstRaisedAt", "s"."LastSeenAt", "s"."TransportDemandKey"
FROM "StructuralDispatchBlocks" AS "s"
WHERE "s"."ClearedAt" IS NULL
[14:28:14 INF] Executed DbCommand (0ms) [Parameters=[], CommandType='Text', CommandTimeout='30']
SELECT "j"."JourneyId", "j"."AgvId", "j"."AgvLifecycleGeneration", "j"."AreaEndAdmissionRevokedSince", "j"."BlockReasonCode", "j"."BlockReasonSince", "j"."CargoHoldingStartedAt", "j"."ChargingPolicyVersion", "j"."ConsumedSafetyResultMessageId", "j"."ConsumedSublotMessageId", "j"."CreatedAt", "j"."DemandId", "j"."DispatchGeneration", "j"."DispatchZone", "j"."ExpectedBasketCount", "j"."FullSlotPositionsJson", "j"."GateMovementLegId", "j"."GatePlanMessageId", "j"."GateStationId", "j"."GateStationRiotId", "j"."GateUpperId", "j"."GateVehicleBusinessMessageId", "j"."GateWorklistMessageId", "j"."LoadCommandMessageId", "j"."LoadSlotOperationAttemptId", "j"."LoadingClosedReason", "j"."LoadingPhaseState", "j"."MapId", "j"."MapIdentity", "j"."OperationSessionId", "j"."PickupMovementLegId", "j"."PickupStationId", "j"."PickupStationRiotId", "j"."PickupUpperId", "j"."PlanMessageId", "j"."PlanRevision", "j"."PreDepartureSafetyCheckId", "j"."PreDepartureSafetyCheckMessageId", "j"."PublishedBatteryState", "j"."RouteEvidenceId", "j"."Stage", "j"."StationDepartureWaitStartedAt", "j"."SublotRequestMessageId", "j"."TargetSlotsJson", "j"."UnloadCommandMessageId", "j"."UnloadSlotOperationAttemptId", "j"."UpdatedAt", "j"."VehicleBusinessMessageId", "j"."VehicleBusinessRevision", "j"."VehicleKey", "j"."Version", "j"."WaitingBatteryObservedAt", "j"."WaitingBatteryPercent", "j"."WaitingSince", "j"."WaitingWarnedAt", "j"."WorklistMessageId", "j"."WorklistRevision", "j"."YieldTriggeredAt", "j"."YieldTriggeredByVehicleKey"
FROM "JourneyRuntimes" AS "j"
WHERE "j"."Stage" <> 'Completed'
[14:28:14 INF] Executed DbCommand (0ms) [Parameters=[], CommandType='Text', CommandTimeout='30']
SELECT "v"."AgvId", "v"."TaskType", "v"."Allowed", "v"."ConfigurationVersion", "v"."UpdatedAt"
FROM "VehicleTaskTypeAdmissions" AS "v"
[14:28:14 INF] Executed DbCommand (0ms) [Parameters=[], CommandType='Text', CommandTimeout='30']
SELECT "v"."AgvId", "v"."ConfigurationVersion", "v"."RoundTimeoutMilliseconds", "v"."UpdatedAt"
FROM "VehicleDispatchBudgets" AS "v"
[14:28:14 INF] Executed DbCommand (0ms) [Parameters=[], CommandType='Text', CommandTimeout='30']
SELECT "d"."Zone", "d"."AgvId", "d"."ConfigurationVersion", "d"."UpdatedAt"
FROM "DispatchZoneVehicles" AS "d"
[14:28:14 INF] Executed DbCommand (0ms) [Parameters=[], CommandType='Text', CommandTimeout='30']
SELECT "j"."JourneyId", "j"."AgvId", "j"."AgvLifecycleGeneration", "j"."AreaEndAdmissionRevokedSince", "j"."BlockReasonCode", "j"."BlockReasonSince", "j"."CargoHoldingStartedAt", "j"."ChargingPolicyVersion", "j"."ConsumedSafetyResultMessageId", "j"."ConsumedSublotMessageId", "j"."CreatedAt", "j"."DemandId", "j"."DispatchGeneration", "j"."DispatchZone", "j"."ExpectedBasketCount", "j"."FullSlotPositionsJson", "j"."GateMovementLegId", "j"."GatePlanMessageId", "j"."GateStationId", "j"."GateStationRiotId", "j"."GateUpperId", "j"."GateVehicleBusinessMessageId", "j"."GateWorklistMessageId", "j"."LoadCommandMessageId", "j"."LoadSlotOperationAttemptId", "j"."LoadingClosedReason", "j"."LoadingPhaseState", "j"."MapId", "j"."MapIdentity", "j"."OperationSessionId", "j"."PickupMovementLegId", "j"."PickupStationId", "j"."PickupStationRiotId", "j"."PickupUpperId", "j"."PlanMessageId", "j"."PlanRevision", "j"."PreDepartureSafetyCheckId", "j"."PreDepartureSafetyCheckMessageId", "j"."PublishedBatteryState", "j"."RouteEvidenceId", "j"."Stage", "j"."StationDepartureWaitStartedAt", "j"."SublotRequestMessageId", "j"."TargetSlotsJson", "j"."UnloadCommandMessageId", "j"."UnloadSlotOperationAttemptId", "j"."UpdatedAt", "j"."VehicleBusinessMessageId", "j"."VehicleBusinessRevision", "j"."VehicleKey", "j"."Version", "j"."WaitingBatteryObservedAt", "j"."WaitingBatteryPercent", "j"."WaitingSince", "j"."WaitingWarnedAt", "j"."WorklistMessageId", "j"."WorklistRevision", "j"."YieldTriggeredAt", "j"."YieldTriggeredByVehicleKey"
FROM "JourneyRuntimes" AS "j"
WHERE "j"."Stage" <> 'Completed'
[14:28:14 INF] Start processing HTTP request GET http://127.0.0.1:48408/api/task/v1/task/getVehicleInfo/BROKERX-L2-0001
[14:28:14 INF] Sending HTTP request GET http://127.0.0.1:48408/api/task/v1/task/getVehicleInfo/BROKERX-L2-0001
[14:28:14 INF] Received HTTP response headers after 0.6501ms - 200
[14:28:14 INF] End processing HTTP request after 2.0838ms - 200
[14:28:14 INF] Start processing HTTP request GET http://127.0.0.1:48408/api/order/v1/orderRecord?pageNum=1&pageSize=100&filterByState=1&filterByState=3&filterByState=7&filterByState=8&filterByState=9&filterByState=10
[14:28:14 INF] Sending HTTP request GET http://127.0.0.1:48408/api/order/v1/orderRecord?pageNum=1&pageSize=100&filterByState=1&filterByState=3&filterByState=7&filterByState=8&filterByState=9&filterByState=10
[14:28:14 INF] Received HTTP response headers after 0.5036ms - 200
[14:28:14 INF] End processing HTTP request after 1.374ms - 200
[14:28:14 INF] HTTP GET /api/onboard/v1/vehicle-safety responded 200 in 4.9322 ms
[14:28:14 INF] Executed DbCommand (0ms) [Parameters=[@__messageId_0='?' (Size = 36)], CommandType='Text', CommandTimeout='30']
SELECT "p"."MessageId", "p"."ContentHash", "p"."FirstResponseJson", "p"."MessageType", "p"."ReceivedAt", "p"."RequestJson"
FROM "ProtocolInbox" AS "p"
WHERE "p"."MessageId" = @__messageId_0
LIMIT 2
[14:28:14 INF] Executed DbCommand (0ms) [Parameters=[@p0='?' (Size = 36), @p1='?' (Size = 64), @p2='?' (Size = 536), @p3='?' (Size = 9), @p4='?' (DbType = DateTimeOffset), @p5='?' (Size = 427)], CommandType='Text', CommandTimeout='30']
INSERT INTO "ProtocolInbox" ("MessageId", "ContentHash", "FirstResponseJson", "MessageType", "ReceivedAt", "RequestJson")
VALUES (@p0, @p1, @p2, @p3, @p4, @p5);
[14:28:14 INF] Executed DbCommand (0ms) [Parameters=[@__agvId_0='?' (Size = 10), @__generation_1='?' (DbType = Int64)], CommandType='Text', CommandTimeout='30']
SELECT "o"."RebuildId"
FROM "OwnOrderRebuilds" AS "o"
WHERE "o"."AgvId" = @__agvId_0 AND ((("o"."State" = 'PENDING' OR ("o"."State" = 'ORDERING' AND EXISTS (
    SELECT 1
    FROM "OrderIntents" AS "o0"
    WHERE "o0"."MovementLegId" = "o"."NewMovementLegId" AND "o0"."CreateAttemptCount" = 0))) AND "o"."Source" IN ('FAULT_CLEARED_CARGO_ON_BOARD', 'ORDER_CANCELLED_IN_RIOT') AND EXISTS (
    SELECT 1
    FROM "JourneyDemands" AS "j"
    WHERE "j"."JourneyId" = "o"."JourneyId" AND "j"."RemovedAt" IS NULL AND "j"."Status" <> 'PENDING_LOAD' AND "j"."Status" <> 'UNLOADED' AND "j"."Status" <> 'TERMINATED')) OR ("o"."State" = 'AWAITING_CARGO_HANDOFF' AND EXISTS (
    SELECT 1
    FROM "JourneyRuntimes" AS "j0"
    WHERE "j0"."JourneyId" = "o"."JourneyId" AND "j0"."Stage" = 'Blocked'))) AND ("o"."CargoEvidenceRequestedGeneration" <> @__generation_1 OR "o"."CargoEvidenceRequestedGeneration" IS NULL OR NOT ("o"."CargoEvidenceRequestedWhileReady"))
[14:28:15 INF] Executed DbCommand (0ms) [Parameters=[], CommandType='Text', CommandTimeout='30']
SELECT "a"."AgvId"
FROM "AgvLifecycles" AS "a"
WHERE "a"."Archived"
[14:28:15 INF] Start processing HTTP request GET http://127.0.0.1:48408/api/order/v1/orderRecord?pageNum=1&pageSize=100&filterByState=1&filterByState=3&filterByState=7&filterByState=8&filterByState=9&filterByState=10
[14:28:15 INF] Sending HTTP request GET http://127.0.0.1:48408/api/order/v1/orderRecord?pageNum=1&pageSize=100&filterByState=1&filterByState=3&filterByState=7&filterByState=8&filterByState=9&filterByState=10
[14:28:15 INF] Received HTTP response headers after 0.5831ms - 200
[14:28:15 INF] End processing HTTP request after 1.4952ms - 200
[14:28:15 INF] Executed DbCommand (0ms) [Parameters=[@__listedIds_0='?' (Size = 2)], CommandType='Text', CommandTimeout='30']
SELECT "f"."RiotOrderId", "f"."AgvId", "f"."CancelCallDisposition", "f"."CancelCommandAuditId", "f"."CancelDecidedAt", "f"."CancelResult", "f"."CancelResultAt", "f"."CancelSentAt", "f"."DetectedAt", "f"."DeviceKey", "f"."EndedAt", "f"."EndedOrderState", "f"."LastSeenRunningAt", "f"."OrderStateAtDetection", "f"."Ownership", "f"."OwnershipBasis", "f"."State", "f"."UpdatedAt", "f"."UpperId"
FROM "ForeignRiotOrders" AS "f"
WHERE "f"."State" <> 'ENDED' OR "f"."RiotOrderId" IN (
    SELECT "l"."value"
    FROM json_each(@__listedIds_0) AS "l"
)
[14:28:15 INF] Executed DbCommand (0ms) [Parameters=[], CommandType='Text', CommandTimeout='30']
SELECT "s"."MapId", "s"."StationId", "s"."ChargerRosterVersion", "s"."JourneyId", "s"."RecordId", "s"."State", "s"."StateSince", "s"."StationKind", "s"."VehicleKey", "s"."WaitingPointVersion"
FROM "StationExclusivities" AS "s"
WHERE "s"."StationKind" IN ('FIXED_TASK_STATION', 'WAITING_POINT')
[14:28:15 INF] Executed DbCommand (0ms) [Parameters=[@__mapId_0='?' (DbType = Int32)], CommandType='Text', CommandTimeout='30']
SELECT "t"."MapId", "t"."ActiveVersion", "t"."PendingVersion", "t"."State", "t"."UpdatedAt"
FROM "TaskTypeStationActiveBindingSets" AS "t"
WHERE "t"."MapId" = @__mapId_0
LIMIT 2
[14:28:15 INF] Executed DbCommand (0ms) [Parameters=[@__mapId_0='?' (DbType = Int32), @__version_1='?' (DbType = Int64)], CommandType='Text', CommandTimeout='30']
SELECT "t"."MapId", "t"."Version", "t"."CatalogRevision", "t"."ContentSha256", "t"."LoadedAt", "t"."RuleVersion", "t"."SnapshotId", "t"."Source"
FROM "TaskTypeStationBindingSetVersions" AS "t"
WHERE "t"."MapId" = @__mapId_0 AND "t"."Version" = @__version_1
LIMIT 2
[14:28:15 INF] Executed DbCommand (0ms) [Parameters=[@__mapId_0='?' (DbType = Int32), @__version_1='?' (DbType = Int64)], CommandType='Text', CommandTimeout='30']
SELECT "t"."TaskType"
FROM "TaskTypeStationRequirements" AS "t"
WHERE "t"."MapId" = @__mapId_0 AND "t"."Version" = @__version_1
[14:28:15 INF] Executed DbCommand (0ms) [Parameters=[@__mapId_0='?' (DbType = Int32), @__version_1='?' (DbType = Int64)], CommandType='Text', CommandTimeout='30']
SELECT "t"."MapId", "t"."Version", "t"."TaskType", "t"."SiteVerificationRef", "t"."StationName", "t"."StationRiotId"
FROM "TaskTypeStationBindings" AS "t"
WHERE "t"."MapId" = @__mapId_0 AND "t"."Version" = @__version_1
[14:28:15 INF] Executed DbCommand (0ms) [Parameters=[], CommandType='Text', CommandTimeout='30']
SELECT "j"."JourneyId", "j"."AgvId", "j"."AgvLifecycleGeneration", "j"."AreaEndAdmissionRevokedSince", "j"."BlockReasonCode", "j"."BlockReasonSince", "j"."CargoHoldingStartedAt", "j"."ChargingPolicyVersion", "j"."ConsumedSafetyResultMessageId", "j"."ConsumedSublotMessageId", "j"."CreatedAt", "j"."DemandId", "j"."DispatchGeneration", "j"."DispatchZone", "j"."ExpectedBasketCount", "j"."FullSlotPositionsJson", "j"."GateMovementLegId", "j"."GatePlanMessageId", "j"."GateStationId", "j"."GateStationRiotId", "j"."GateUpperId", "j"."GateVehicleBusinessMessageId", "j"."GateWorklistMessageId", "j"."LoadCommandMessageId", "j"."LoadSlotOperationAttemptId", "j"."LoadingClosedReason", "j"."LoadingPhaseState", "j"."MapId", "j"."MapIdentity", "j"."OperationSessionId", "j"."PickupMovementLegId", "j"."PickupStationId", "j"."PickupStationRiotId", "j"."PickupUpperId", "j"."PlanMessageId", "j"."PlanRevision", "j"."PreDepartureSafetyCheckId", "j"."PreDepartureSafetyCheckMessageId", "j"."PublishedBatteryState", "j"."RouteEvidenceId", "j"."Stage", "j"."StationDepartureWaitStartedAt", "j"."SublotRequestMessageId", "j"."TargetSlotsJson", "j"."UnloadCommandMessageId", "j"."UnloadSlotOperationAttemptId", "j"."UpdatedAt", "j"."VehicleBusinessMessageId", "j"."VehicleBusinessRevision", "j"."VehicleKey", "j"."Version", "j"."WaitingBatteryObservedAt", "j"."WaitingBatteryPercent", "j"."WaitingSince", "j"."WaitingWarnedAt", "j"."WorklistMessageId", "j"."WorklistRevision", "j"."YieldTriggeredAt", "j"."YieldTriggeredByVehicleKey"
FROM "JourneyRuntimes" AS "j"
WHERE "j"."Stage" NOT IN ('Completed', 'Blocked')
[14:28:15 INF] Start processing HTTP request GET http://127.0.0.1:48408/api/imap/v1/mapInfo/getALLMapInfoExcludeMapJson
[14:28:15 INF] Sending HTTP request GET http://127.0.0.1:48408/api/imap/v1/mapInfo/getALLMapInfoExcludeMapJson
[14:28:15 INF] Received HTTP response headers after 0.5348ms - 200
[14:28:15 INF] End processing HTTP request after 1.2291ms - 200
[14:28:15 INF] Executed DbCommand (0ms) [Parameters=[@__mapId_0='?' (DbType = Int32)], CommandType='Text', CommandTimeout='30']
SELECT "m"."MapId", "m"."AcceptedAt", "m"."AcceptedBy", "m"."EstablishedAt", "m"."Name", "m"."PendingName", "m"."PendingSince"
FROM "MapNameBaselines" AS "m"
WHERE "m"."MapId" = @__mapId_0
LIMIT 2
[14:28:15 INF] Start processing HTTP request GET http://127.0.0.1:48408/api/imap/v1/mapInfo/stations/25
[14:28:15 INF] Sending HTTP request GET http://127.0.0.1:48408/api/imap/v1/mapInfo/stations/25
[14:28:15 INF] Received HTTP response headers after 0.4639ms - 200
[14:28:15 INF] End processing HTTP request after 1.2101ms - 200
[14:28:15 INF] Executed DbCommand (0ms) [Parameters=[@__mapId_0='?' (DbType = Int32)], CommandType='Text', CommandTimeout='30']
SELECT "t"."MapId", "t"."ActiveVersion", "t"."PendingVersion", "t"."State", "t"."UpdatedAt"
FROM "TaskTypeStationActiveBindingSets" AS "t"
WHERE "t"."MapId" = @__mapId_0
LIMIT 2
[14:28:15 INF] Executed DbCommand (0ms) [Parameters=[@__mapId_0='?' (DbType = Int32), @__version_1='?' (DbType = Int64)], CommandType='Text', CommandTimeout='30']
SELECT "t"."MapId", "t"."Version", "t"."CatalogRevision", "t"."ContentSha256", "t"."LoadedAt", "t"."RuleVersion", "t"."SnapshotId", "t"."Source"
FROM "TaskTypeStationBindingSetVersions" AS "t"
WHERE "t"."MapId" = @__mapId_0 AND "t"."Version" = @__version_1
LIMIT 2
[14:28:15 INF] Executed DbCommand (0ms) [Parameters=[@__mapId_0='?' (DbType = Int32), @__version_1='?' (DbType = Int64)], CommandType='Text', CommandTimeout='30']
SELECT "t"."TaskType"
FROM "TaskTypeStationRequirements" AS "t"
WHERE "t"."MapId" = @__mapId_0 AND "t"."Version" = @__version_1
[14:28:15 INF] Executed DbCommand (0ms) [Parameters=[@__mapId_0='?' (DbType = Int32), @__version_1='?' (DbType = Int64)], CommandType='Text', CommandTimeout='30']
SELECT "t"."MapId", "t"."Version", "t"."TaskType", "t"."SiteVerificationRef", "t"."StationName", "t"."StationRiotId"
FROM "TaskTypeStationBindings" AS "t"
WHERE "t"."MapId" = @__mapId_0 AND "t"."Version" = @__version_1
[14:28:15 INF] Executed DbCommand (0ms) [Parameters=[@__version_0='?' (DbType = Int64)], CommandType='Text', CommandTimeout='30']
SELECT "t"."Version", "t"."ContentSha256", "t"."LoadedAt", "t"."SnapshotId", "t"."Source"
FROM "TaskTypeStationRuleVersions" AS "t"
WHERE "t"."Version" = @__version_0
LIMIT 2
[14:28:15 INF] Executed DbCommand (0ms) [Parameters=[@__version_0='?' (DbType = Int64)], CommandType='Text', CommandTimeout='30']
SELECT "t"."Version", "t"."TaskType", "t"."FixedEnd"
FROM "TaskTypeStationRules" AS "t"
WHERE "t"."Version" = @__version_0
[14:28:15 INF] Executed DbCommand (0ms) [Parameters=[@__mapId_0='?' (DbType = Int32)], CommandType='Text', CommandTimeout='30']
SELECT "t"."MapId", "t"."ActiveVersion", "t"."PendingVersion", "t"."State", "t"."UpdatedAt"
FROM "TaskTypeStationActiveBindingSets" AS "t"
WHERE "t"."MapId" = @__mapId_0
LIMIT 2
[14:28:15 INF] Executed DbCommand (0ms) [Parameters=[@__mapId_0='?' (DbType = Int32)], CommandType='Text', CommandTimeout='30']
SELECT "t"."HoldId", "t"."DetailJson", "t"."MapId", "t"."RaisedAt", "t"."RaisedBy", "t"."ReasonCode", "t"."ReleasedAt", "t"."ReleasedBy", "t"."Source", "t"."TaskType"
FROM "TaskTypeStationHolds" AS "t"
WHERE "t"."MapId" = @__mapId_0 AND "t"."ReleasedAt" IS NULL
[14:28:15 INF] Executed DbCommand (0ms) [Parameters=[@__mapId_0='?' (DbType = Int32)], CommandType='Text', CommandTimeout='30']
SELECT "m"."MapId", "m"."ApprovedMaxUnconfirmedSeconds", "m"."ApprovedSyncPeriodSeconds", "m"."CatalogRevision", "m"."LastAttemptAt", "m"."LastCompleteConfirmationAt", "m"."LastFailureReason", "m"."State", "m"."UpdatedAt"
FROM "MapStationCatalogStates" AS "m"
WHERE "m"."MapId" = @__mapId_0
LIMIT 2
[14:28:15 INF] Executed DbCommand (0ms) [Parameters=[@p3='?' (DbType = Int32), @p0='?' (DbType = DateTimeOffset), @p1='?' (DbType = DateTimeOffset), @p2='?' (DbType = DateTimeOffset)], CommandType='Text', CommandTimeout='30']
UPDATE "MapStationCatalogStates" SET "LastAttemptAt" = @p0, "LastCompleteConfirmationAt" = @p1, "UpdatedAt" = @p2
WHERE "MapId" = @p3
RETURNING 1;
[14:28:15 INF] Executed DbCommand (0ms) [Parameters=[@__mapId_0='?' (DbType = Int32)], CommandType='Text', CommandTimeout='30']
SELECT "t"."MapId", "t"."ActiveVersion", "t"."PendingVersion", "t"."State", "t"."UpdatedAt"
FROM "TaskTypeStationActiveBindingSets" AS "t"
WHERE "t"."MapId" = @__mapId_0
LIMIT 2
[14:28:15 INF] Executed DbCommand (0ms) [Parameters=[@__mapId_0='?' (DbType = Int32), @__version_1='?' (DbType = Int64)], CommandType='Text', CommandTimeout='30']
SELECT "t"."MapId", "t"."Version", "t"."CatalogRevision", "t"."ContentSha256", "t"."LoadedAt", "t"."RuleVersion", "t"."SnapshotId", "t"."Source"
FROM "TaskTypeStationBindingSetVersions" AS "t"
WHERE "t"."MapId" = @__mapId_0 AND "t"."Version" = @__version_1
LIMIT 2
[14:28:15 INF] Executed DbCommand (0ms) [Parameters=[@__mapId_0='?' (DbType = Int32), @__version_1='?' (DbType = Int64)], CommandType='Text', CommandTimeout='30']
SELECT "t"."TaskType"
FROM "TaskTypeStationRequirements" AS "t"
WHERE "t"."MapId" = @__mapId_0 AND "t"."Version" = @__version_1
[14:28:15 INF] Executed DbCommand (0ms) [Parameters=[@__mapId_0='?' (DbType = Int32), @__version_1='?' (DbType = Int64)], CommandType='Text', CommandTimeout='30']
SELECT "t"."MapId", "t"."Version", "t"."TaskType", "t"."SiteVerificationRef", "t"."StationName", "t"."StationRiotId"
FROM "TaskTypeStationBindings" AS "t"
WHERE "t"."MapId" = @__mapId_0 AND "t"."Version" = @__version_1
[14:28:15 INF] Executed DbCommand (0ms) [Parameters=[@__mapId_0='?' (DbType = Int32)], CommandType='Text', CommandTimeout='30']
SELECT "t"."MapId", "t"."ActiveVersion", "t"."PendingVersion", "t"."State", "t"."UpdatedAt"
FROM "TaskTypeStationActiveBindingSets" AS "t"
WHERE "t"."MapId" = @__mapId_0
LIMIT 2
[14:28:15 INF] Executed DbCommand (0ms) [Parameters=[@__mapId_0='?' (DbType = Int32), @__version_1='?' (DbType = Int64)], CommandType='Text', CommandTimeout='30']
SELECT "t"."MapId", "t"."Version", "t"."CatalogRevision", "t"."ContentSha256", "t"."LoadedAt", "t"."RuleVersion", "t"."SnapshotId", "t"."Source"
FROM "TaskTypeStationBindingSetVersions" AS "t"
WHERE "t"."MapId" = @__mapId_0 AND "t"."Version" = @__version_1
LIMIT 2
[14:28:15 INF] Executed DbCommand (0ms) [Parameters=[@__mapId_0='?' (DbType = Int32), @__version_1='?' (DbType = Int64)], CommandType='Text', CommandTimeout='30']
SELECT "t"."TaskType"
FROM "TaskTypeStationRequirements" AS "t"
WHERE "t"."MapId" = @__mapId_0 AND "t"."Version" = @__version_1
[14:28:15 INF] Executed DbCommand (0ms) [Parameters=[@__mapId_0='?' (DbType = Int32), @__version_1='?' (DbType = Int64)], CommandType='Text', CommandTimeout='30']
SELECT "t"."MapId", "t"."Version", "t"."TaskType", "t"."SiteVerificationRef", "t"."StationName", "t"."StationRiotId"
FROM "TaskTypeStationBindings" AS "t"
WHERE "t"."MapId" = @__mapId_0 AND "t"."Version" = @__version_1
[14:28:15 INF] Executed DbCommand (0ms) [Parameters=[@__version_0='?' (DbType = Int64)], CommandType='Text', CommandTimeout='30']
SELECT "t"."Version", "t"."ContentSha256", "t"."LoadedAt", "t"."SnapshotId", "t"."Source"
FROM "TaskTypeStationRuleVersions" AS "t"
WHERE "t"."Version" = @__version_0
LIMIT 2
[14:28:15 INF] Executed DbCommand (0ms) [Parameters=[@__version_0='?' (DbType = Int64)], CommandType='Text', CommandTimeout='30']
SELECT "t"."Version", "t"."TaskType", "t"."FixedEnd"
FROM "TaskTypeStationRules" AS "t"
WHERE "t"."Version" = @__version_0
[14:28:15 INF] Executed DbCommand (0ms) [Parameters=[], CommandType='Text', CommandTimeout='30']
SELECT "a"."Id", "a"."ContentHash", "a"."DeploymentId", "a"."ImportedAt", "a"."Version"
FROM "AdmissionPolicyState" AS "a"
WHERE "a"."Id" = 1
LIMIT 2
[14:28:15 INF] Executed DbCommand (0ms) [Parameters=[], CommandType='Text', CommandTimeout='30']
SELECT "v"."VehicleKey", "v"."ClaimedAt", "v"."JourneyId", "v"."Purpose"
FROM "VehiclePurposeClaims" AS "v"
WHERE "v"."Purpose" = 'IDLE_RETURN'
[14:28:15 INF] Executed DbCommand (0ms) [Parameters=[], CommandType='Text', CommandTimeout='30']
SELECT "j"."JourneyId", "j"."AgvId", "j"."AgvLifecycleGeneration", "j"."AreaEndAdmissionRevokedSince", "j"."BlockReasonCode", "j"."BlockReasonSince", "j"."CargoHoldingStartedAt", "j"."ChargingPolicyVersion", "j"."ConsumedSafetyResultMessageId", "j"."ConsumedSublotMessageId", "j"."CreatedAt", "j"."DemandId", "j"."DispatchGeneration", "j"."DispatchZone", "j"."ExpectedBasketCount", "j"."FullSlotPositionsJson", "j"."GateMovementLegId", "j"."GatePlanMessageId", "j"."GateStationId", "j"."GateStationRiotId", "j"."GateUpperId", "j"."GateVehicleBusinessMessageId", "j"."GateWorklistMessageId", "j"."LoadCommandMessageId", "j"."LoadSlotOperationAttemptId", "j"."LoadingClosedReason", "j"."LoadingPhaseState", "j"."MapId", "j"."MapIdentity", "j"."OperationSessionId", "j"."PickupMovementLegId", "j"."PickupStationId", "j"."PickupStationRiotId", "j"."PickupUpperId", "j"."PlanMessageId", "j"."PlanRevision", "j"."PreDepartureSafetyCheckId", "j"."PreDepartureSafetyCheckMessageId", "j"."PublishedBatteryState", "j"."RouteEvidenceId", "j"."Stage", "j"."StationDepartureWaitStartedAt", "j"."SublotRequestMessageId", "j"."TargetSlotsJson", "j"."UnloadCommandMessageId", "j"."UnloadSlotOperationAttemptId", "j"."UpdatedAt", "j"."VehicleBusinessMessageId", "j"."VehicleBusinessRevision", "j"."VehicleKey", "j"."Version", "j"."WaitingBatteryObservedAt", "j"."WaitingBatteryPercent", "j"."WaitingSince", "j"."WaitingWarnedAt", "j"."WorklistMessageId", "j"."WorklistRevision", "j"."YieldTriggeredAt", "j"."YieldTriggeredByVehicleKey"
FROM "JourneyRuntimes" AS "j"
WHERE "j"."Stage" <> 'Completed'
[14:28:15 INF] Executed DbCommand (0ms) [Parameters=[@__holding_0='?' (Size = 129)], CommandType='Text', CommandTimeout='30']
SELECT "f"."AgvId"
FROM "ForeignRiotOrders" AS "f"
WHERE "f"."State" IN (
    SELECT "h"."value"
    FROM json_each(@__holding_0) AS "h"
)
[14:28:15 INF] Executed DbCommand (0ms) [Parameters=[], CommandType='Text', CommandTimeout='30']
SELECT "a"."DemandId"
FROM "AcceptedDemands" AS "a"
WHERE "a"."Status" NOT IN ('Succeeded', 'Cancelled') AND NOT EXISTS (
    SELECT 1
    FROM "AcceptedDemands" AS "a0"
    WHERE "a0"."Status" NOT IN ('Succeeded', 'Cancelled') AND NOT EXISTS (
        SELECT 1
        FROM "JourneyDemands" AS "j"
        WHERE "j"."DemandId" = "a0"."DemandId" AND "j"."RemovedAt" IS NULL) AND EXISTS (
        SELECT 1
        FROM "JourneyDemands" AS "j0"
        WHERE "j0"."DemandId" = "a0"."DemandId" AND "j0"."RemovedAt" IS NOT NULL AND "j0"."RemovalReason" = 'RELEASED_FOR_REDISPATCH' AND NOT EXISTS (
            SELECT 1
            FROM "JourneyDemands" AS "j1"
            WHERE "j1"."DemandId" = "a0"."DemandId" AND "j1"."DispatchGeneration" > "j0"."DispatchGeneration")) AND "a0"."DemandId" = "a"."DemandId")
[14:28:15 INF] Executed DbCommand (0ms) [Parameters=[], CommandType='Text', CommandTimeout='30']
SELECT "j"."DemandId"
FROM "JourneyDemands" AS "j"
WHERE "j"."RemovedAt" IS NULL
[14:28:15 INF] Start processing HTTP request GET http://127.0.0.1:48409/api/v2/contract
[14:28:15 INF] Sending HTTP request GET http://127.0.0.1:48409/api/v2/contract
[14:28:15 INF] Received HTTP response headers after 0.8022ms - 200
[14:28:15 INF] End processing HTTP request after 1.5034ms - 200
[14:28:15 INF] Start processing HTTP request GET http://127.0.0.1:48409/api/v2/externally-readable-demand-catalog
[14:28:15 INF] Sending HTTP request GET http://127.0.0.1:48409/api/v2/externally-readable-demand-catalog
[14:28:15 INF] Received HTTP response headers after 0.5249ms - 200
[14:28:15 INF] End processing HTTP request after 1.5237ms - 200
[14:28:15 INF] Executed DbCommand (0ms) [Parameters=[], CommandType='Text', CommandTimeout='30']
SELECT "j"."DemandId", "j"."AcceptedAt", "j"."DecisionFingerprint", "j"."DemandCreatedAt", "j"."FirstSeenAt", "j"."LastSeenAt", "j"."ReasonCode", "j"."StarvationEscalatedAt", "j"."StarvationEscalationParameterVersion", "j"."TransportDemandKey"
FROM "JourneyBacklog" AS "j"
[14:28:15 INF] Executed DbCommand (0ms) [Parameters=[], CommandType='Text', CommandTimeout='30']
SELECT "a"."DemandId"
FROM "AcceptedDemands" AS "a"
WHERE NOT EXISTS (
    SELECT 1
    FROM "AcceptedDemands" AS "a0"
    WHERE "a0"."Status" NOT IN ('Succeeded', 'Cancelled') AND NOT EXISTS (
        SELECT 1
        FROM "JourneyDemands" AS "j"
        WHERE "j"."DemandId" = "a0"."DemandId" AND "j"."RemovedAt" IS NULL) AND EXISTS (
        SELECT 1
        FROM "JourneyDemands" AS "j0"
        WHERE "j0"."DemandId" = "a0"."DemandId" AND "j0"."RemovedAt" IS NOT NULL AND "j0"."RemovalReason" = 'RELEASED_FOR_REDISPATCH' AND NOT EXISTS (
            SELECT 1
            FROM "JourneyDemands" AS "j1"
            WHERE "j1"."DemandId" = "a0"."DemandId" AND "j1"."DispatchGeneration" > "j0"."DispatchGeneration")) AND "a0"."DemandId" = "a"."DemandId")
[14:28:15 INF] Executed DbCommand (0ms) [Parameters=[], CommandType='Text', CommandTimeout='30']
SELECT "j"."DemandId", MAX("j"."DispatchGeneration") AS "Generation"
FROM "JourneyDemands" AS "j"
WHERE EXISTS (
    SELECT 1
    FROM "AcceptedDemands" AS "a"
    WHERE "a"."Status" NOT IN ('Succeeded', 'Cancelled') AND NOT EXISTS (
        SELECT 1
        FROM "JourneyDemands" AS "j0"
        WHERE "j0"."DemandId" = "a"."DemandId" AND "j0"."RemovedAt" IS NULL) AND EXISTS (
        SELECT 1
        FROM "JourneyDemands" AS "j1"
        WHERE "j1"."DemandId" = "a"."DemandId" AND "j1"."RemovedAt" IS NOT NULL AND "j1"."RemovalReason" = 'RELEASED_FOR_REDISPATCH' AND NOT EXISTS (
            SELECT 1
            FROM "JourneyDemands" AS "j2"
            WHERE "j2"."DemandId" = "a"."DemandId" AND "j2"."DispatchGeneration" > "j1"."DispatchGeneration")) AND "a"."DemandId" = "j"."DemandId")
GROUP BY "j"."DemandId"
[14:28:15 INF] Executed DbCommand (0ms) [Parameters=[], CommandType='Text', CommandTimeout='30']
SELECT "v"."AgvId", "v"."TaskType", "v"."Allowed", "v"."ConfigurationVersion", "v"."UpdatedAt"
FROM "VehicleTaskTypeAdmissions" AS "v"
[14:28:15 INF] Executed DbCommand (0ms) [Parameters=[], CommandType='Text', CommandTimeout='30']
SELECT "v"."AgvId", "v"."ConfigurationVersion", "v"."RoundTimeoutMilliseconds", "v"."UpdatedAt"
FROM "VehicleDispatchBudgets" AS "v"
[14:28:15 INF] Executed DbCommand (0ms) [Parameters=[], CommandType='Text', CommandTimeout='30']
SELECT "d"."Zone", "d"."AgvId", "d"."ConfigurationVersion", "d"."UpdatedAt"
FROM "DispatchZoneVehicles" AS "d"
[14:28:15 INF] Executed DbCommand (0ms) [Parameters=[], CommandType='Text', CommandTimeout='30']
SELECT MAX("d"."Version")
FROM "DispatchZoneAreaAssignmentVersions" AS "d"
[14:28:15 INF] Executed DbCommand (0ms) [Parameters=[@__version_0='?' (DbType = Int64)], CommandType='Text', CommandTimeout='30']
SELECT "d"."Version", "d"."ContentSha256", "d"."EntryCount", "d"."ImportedAt", "d"."SnapshotId"
FROM "DispatchZoneAreaAssignmentVersions" AS "d"
WHERE "d"."Version" = @__version_0
LIMIT 2
[14:28:15 INF] Executed DbCommand (0ms) [Parameters=[@__version_0='?' (DbType = Int64)], CommandType='Text', CommandTimeout='30']
SELECT "d"."Version", "d"."Area", "d"."DispatchZone", "d"."SlotPosition"
FROM "DispatchZoneAreaAssignments" AS "d"
WHERE "d"."Version" = @__version_0
[14:28:15 INF] Executed DbCommand (0ms) [Parameters=[], CommandType='Text', CommandTimeout='30']
SELECT MAX("d"."Version")
FROM "DispatchZoneParameterVersions" AS "d"
[14:28:15 INF] Executed DbCommand (0ms) [Parameters=[], CommandType='Text', CommandTimeout='30']
SELECT "j"."AgvId", "j"."CreatedAt"
FROM "JourneyRuntimes" AS "j"
WHERE "j"."JourneyId" NOT LIKE 'idle-return:%' AND "j"."JourneyId" NOT LIKE 'charging:%'
[14:28:15 INF] Executed DbCommand (0ms) [Parameters=[@__agvId_0='?' (Size = 10)], CommandType='Text', CommandTimeout='30']
SELECT "a"."SlotModelVersionId", "a"."SnapshotId"
FROM "ActiveSlotConfigurations" AS "a"
WHERE "a"."AgvId" = @__agvId_0
LIMIT 2
[14:28:15 INF] Executed DbCommand (0ms) [Parameters=[@__agvId_0='?' (Size = 10)], CommandType='Text', CommandTimeout='30']
SELECT "s"."SlotModelVersionId", "s"."CreatedAt"
FROM "SlotIoBindings" AS "s"
WHERE "s"."AgvId" = @__agvId_0 AND "s"."Status" = 'PUBLISHED'
[14:28:15 INF] Executed DbCommand (0ms) [Parameters=[@__slotModelVersionId_0='?' (Size = 32)], CommandType='Text', CommandTimeout='30']
SELECT "s"."SlotModelVersionId", "s"."PhysicalSlotNumber", "s"."SlotPosition", "s"."SlotTemplateId"
FROM "SlotModelSlots" AS "s"
WHERE "s"."SlotModelVersionId" = @__slotModelVersionId_0
[14:28:15 INF] Executed DbCommand (0ms) [Parameters=[@__agvId_0='?' (Size = 10)], CommandType='Text', CommandTimeout='30']
SELECT "s"."AgvId", "s"."ActiveUnlockSlotsJson", "s"."CapabilityHash", "s"."CapabilityRevision", "s"."DepartureSafe", "s"."ForcedRecoveryGeneration", "s"."ManifestSha256", "s"."PendingAttemptIdsJson", "s"."PendingResultIdsJson", "s"."ProfileId", "s"."ProtocolCommit", "s"."ProtocolVersion", "s"."ProvenRecoveryCheckpoint", "s"."Readiness", "s"."ReasonCode", "s"."RecoveryReportId", "s"."ReportedForcedRecoveryGeneration", "s"."ReportedSlotConfigurationFingerprint", "s"."SafetyHash", "s"."SafetyReasonCodesJson", "s"."SafetyRevision", "s"."SafetyUnknownPresent", "s"."SessionGeneration", "s"."UnsettledSlotOperationAttemptId", "s"."UpdatedAt"
FROM "SessionRecoveries" AS "s"
WHERE "s"."AgvId" = @__agvId_0 AND "s"."Readiness" = 'Ready'
LIMIT 2
[14:28:15 INF] Executed DbCommand (0ms) [Parameters=[@__messageType_0='?' (Size = 18)], CommandType='Text', CommandTimeout='30']
SELECT "p"."MessageId", "p"."ContentHash", "p"."FirstResponseJson", "p"."MessageType", "p"."ReceivedAt", "p"."RequestJson"
FROM "ProtocolInbox" AS "p"
WHERE "p"."MessageType" = @__messageType_0
[14:28:15 INF] Executed DbCommand (0ms) [Parameters=[], CommandType='Text', CommandTimeout='30']
SELECT "p"."MessageId", "p"."ContentHash", "p"."FirstResponseJson", "p"."MessageType", "p"."ReceivedAt", "p"."RequestJson"
FROM "ProtocolInbox" AS "p"
WHERE "p"."MessageType" = 'SafetyStateSnapshot'
[14:28:15 INF] Executed DbCommand (0ms) [Parameters=[], CommandType='Text', CommandTimeout='30']
SELECT "p"."MessageId", "p"."ContentHash", "p"."FirstResponseJson", "p"."MessageType", "p"."ReceivedAt", "p"."RequestJson"
FROM "ProtocolInbox" AS "p"
WHERE "p"."MessageType" IN ('SafetyStateSnapshot', 'SafetyStateChanged')
[14:28:15 INF] Executed DbCommand (0ms) [Parameters=[], CommandType='Text', CommandTimeout='30']
SELECT "p"."MessageId", "p"."ContentHash", "p"."FirstResponseJson", "p"."MessageType", "p"."ReceivedAt", "p"."RequestJson"
FROM "ProtocolInbox" AS "p"
[14:28:15 INF] Start processing HTTP request GET http://127.0.0.1:48408/api/task/vehicles/getVehicleInfoByDeviceKey?key=BROKERX-L2-0001
[14:28:15 INF] Sending HTTP request GET http://127.0.0.1:48408/api/task/vehicles/getVehicleInfoByDeviceKey?key=BROKERX-L2-0001
[14:28:15 INF] Received HTTP response headers after 0.5224ms - 200
[14:28:15 INF] End processing HTTP request after 1.276ms - 200
[14:28:15 INF] Executed DbCommand (0ms) [Parameters=[], CommandType='Text', CommandTimeout='30']
SELECT "c"."ActivationId", "c"."ActivatedAt", "c"."ActivatedBy", "c"."Sequence", "c"."Version"
FROM "ChargingPolicyActivations" AS "c"
ORDER BY "c"."Sequence" DESC
LIMIT 1
[14:28:15 INF] Executed DbCommand (0ms) [Parameters=[], CommandType='Text', CommandTimeout='30']
SELECT "s"."MapId", "s"."StationId", "s"."ChargerRosterVersion", "s"."JourneyId", "s"."RecordId", "s"."State", "s"."StateSince", "s"."StationKind", "s"."VehicleKey", "s"."WaitingPointVersion"
FROM "StationExclusivities" AS "s"
WHERE "s"."StationKind" = 'CHARGER'
[14:28:15 INF] Executed DbCommand (0ms) [Parameters=[@__vehicleKey_0='?' (Size = 15)], CommandType='Text', CommandTimeout='30']
SELECT "m"."VehicleKey", "m"."HoldId", "m"."Reason", "m"."Since", "m"."WarnedAt"
FROM "ManualChargingHolds" AS "m"
WHERE "m"."VehicleKey" = @__vehicleKey_0
LIMIT 2
[14:28:15 INF] Executed DbCommand (0ms) [Parameters=[@__vehicle_VehicleKey_0='?' (Size = 15)], CommandType='Text', CommandTimeout='30']
SELECT "m"."HoldId", "m"."ReleasedAt"
FROM "ManualChargingHoldRecords" AS "m"
WHERE "m"."VehicleKey" = @__vehicle_VehicleKey_0 AND "m"."ReleasedAt" IS NOT NULL
[14:28:15 INF] Executed DbCommand (0ms) [Parameters=[], CommandType='Text', CommandTimeout='30']
SELECT "s"."DemandId"
FROM "StructuralDispatchBlocks" AS "s"
WHERE "s"."ClearedAt" IS NULL
[14:28:15 INF] Executed DbCommand (0ms) [Parameters=[], CommandType='Text', CommandTimeout='30']
SELECT "s"."DemandId", "s"."ReasonCode", "s"."ClearedAt", "s"."DetailJson", "s"."FirstRaisedAt", "s"."LastSeenAt", "s"."TransportDemandKey"
FROM "StructuralDispatchBlocks" AS "s"
WHERE "s"."ClearedAt" IS NULL
[14:28:15 INF] Executed DbCommand (0ms) [Parameters=[], CommandType='Text', CommandTimeout='30']
SELECT "j"."JourneyId", "j"."AgvId", "j"."AgvLifecycleGeneration", "j"."AreaEndAdmissionRevokedSince", "j"."BlockReasonCode", "j"."BlockReasonSince", "j"."CargoHoldingStartedAt", "j"."ChargingPolicyVersion", "j"."ConsumedSafetyResultMessageId", "j"."ConsumedSublotMessageId", "j"."CreatedAt", "j"."DemandId", "j"."DispatchGeneration", "j"."DispatchZone", "j"."ExpectedBasketCount", "j"."FullSlotPositionsJson", "j"."GateMovementLegId", "j"."GatePlanMessageId", "j"."GateStationId", "j"."GateStationRiotId", "j"."GateUpperId", "j"."GateVehicleBusinessMessageId", "j"."GateWorklistMessageId", "j"."LoadCommandMessageId", "j"."LoadSlotOperationAttemptId", "j"."LoadingClosedReason", "j"."LoadingPhaseState", "j"."MapId", "j"."MapIdentity", "j"."OperationSessionId", "j"."PickupMovementLegId", "j"."PickupStationId", "j"."PickupStationRiotId", "j"."PickupUpperId", "j"."PlanMessageId", "j"."PlanRevision", "j"."PreDepartureSafetyCheckId", "j"."PreDepartureSafetyCheckMessageId", "j"."PublishedBatteryState", "j"."RouteEvidenceId", "j"."Stage", "j"."StationDepartureWaitStartedAt", "j"."SublotRequestMessageId", "j"."TargetSlotsJson", "j"."UnloadCommandMessageId", "j"."UnloadSlotOperationAttemptId", "j"."UpdatedAt", "j"."VehicleBusinessMessageId", "j"."VehicleBusinessRevision", "j"."VehicleKey", "j"."Version", "j"."WaitingBatteryObservedAt", "j"."WaitingBatteryPercent", "j"."WaitingSince", "j"."WaitingWarnedAt", "j"."WorklistMessageId", "j"."WorklistRevision", "j"."YieldTriggeredAt", "j"."YieldTriggeredByVehicleKey"
FROM "JourneyRuntimes" AS "j"
WHERE "j"."Stage" <> 'Completed'
[14:28:15 INF] Executed DbCommand (0ms) [Parameters=[], CommandType='Text', CommandTimeout='30']
SELECT "v"."AgvId", "v"."TaskType", "v"."Allowed", "v"."ConfigurationVersion", "v"."UpdatedAt"
FROM "VehicleTaskTypeAdmissions" AS "v"
[14:28:15 INF] Executed DbCommand (0ms) [Parameters=[], CommandType='Text', CommandTimeout='30']
SELECT "v"."AgvId", "v"."ConfigurationVersion", "v"."RoundTimeoutMilliseconds", "v"."UpdatedAt"
FROM "VehicleDispatchBudgets" AS "v"
[14:28:15 INF] Executed DbCommand (0ms) [Parameters=[], CommandType='Text', CommandTimeout='30']
SELECT "d"."Zone", "d"."AgvId", "d"."ConfigurationVersion", "d"."UpdatedAt"
FROM "DispatchZoneVehicles" AS "d"
[14:28:15 INF] Executed DbCommand (0ms) [Parameters=[], CommandType='Text', CommandTimeout='30']
SELECT "j"."JourneyId", "j"."AgvId", "j"."AgvLifecycleGeneration", "j"."AreaEndAdmissionRevokedSince", "j"."BlockReasonCode", "j"."BlockReasonSince", "j"."CargoHoldingStartedAt", "j"."ChargingPolicyVersion", "j"."ConsumedSafetyResultMessageId", "j"."ConsumedSublotMessageId", "j"."CreatedAt", "j"."DemandId", "j"."DispatchGeneration", "j"."DispatchZone", "j"."ExpectedBasketCount", "j"."FullSlotPositionsJson", "j"."GateMovementLegId", "j"."GatePlanMessageId", "j"."GateStationId", "j"."GateStationRiotId", "j"."GateUpperId", "j"."GateVehicleBusinessMessageId", "j"."GateWorklistMessageId", "j"."LoadCommandMessageId", "j"."LoadSlotOperationAttemptId", "j"."LoadingClosedReason", "j"."LoadingPhaseState", "j"."MapId", "j"."MapIdentity", "j"."OperationSessionId", "j"."PickupMovementLegId", "j"."PickupStationId", "j"."PickupStationRiotId", "j"."PickupUpperId", "j"."PlanMessageId", "j"."PlanRevision", "j"."PreDepartureSafetyCheckId", "j"."PreDepartureSafetyCheckMessageId", "j"."PublishedBatteryState", "j"."RouteEvidenceId", "j"."Stage", "j"."StationDepartureWaitStartedAt", "j"."SublotRequestMessageId", "j"."TargetSlotsJson", "j"."UnloadCommandMessageId", "j"."UnloadSlotOperationAttemptId", "j"."UpdatedAt", "j"."VehicleBusinessMessageId", "j"."VehicleBusinessRevision", "j"."VehicleKey", "j"."Version", "j"."WaitingBatteryObservedAt", "j"."WaitingBatteryPercent", "j"."WaitingSince", "j"."WaitingWarnedAt", "j"."WorklistMessageId", "j"."WorklistRevision", "j"."YieldTriggeredAt", "j"."YieldTriggeredByVehicleKey"
FROM "JourneyRuntimes" AS "j"
WHERE "j"."Stage" <> 'Completed'
[14:28:15 INF] Start processing HTTP request GET http://127.0.0.1:48408/api/task/v1/task/getVehicleInfo/BROKERX-L2-0001
[14:28:15 INF] Sending HTTP request GET http://127.0.0.1:48408/api/task/v1/task/getVehicleInfo/BROKERX-L2-0001
[14:28:15 INF] Received HTTP response headers after 0.5822ms - 200
[14:28:15 INF] End processing HTTP request after 1.9357ms - 200
[14:28:15 INF] Start processing HTTP request GET http://127.0.0.1:48408/api/order/v1/orderRecord?pageNum=1&pageSize=100&filterByState=1&filterByState=3&filterByState=7&filterByState=8&filterByState=9&filterByState=10
[14:28:15 INF] Sending HTTP request GET http://127.0.0.1:48408/api/order/v1/orderRecord?pageNum=1&pageSize=100&filterByState=1&filterByState=3&filterByState=7&filterByState=8&filterByState=9&filterByState=10
[14:28:15 INF] Received HTTP response headers after 0.4784ms - 200
[14:28:15 INF] End processing HTTP request after 1.3154ms - 200
[14:28:15 INF] HTTP GET /api/onboard/v1/vehicle-safety responded 200 in 4.2512 ms
[14:28:16 INF] Executed DbCommand (0ms) [Parameters=[], CommandType='Text', CommandTimeout='30']
SELECT "a"."AgvId"
FROM "AgvLifecycles" AS "a"
WHERE "a"."Archived"
[14:28:16 INF] Start processing HTTP request GET http://127.0.0.1:48408/api/order/v1/orderRecord?pageNum=1&pageSize=100&filterByState=1&filterByState=3&filterByState=7&filterByState=8&filterByState=9&filterByState=10
[14:28:16 INF] Sending HTTP request GET http://127.0.0.1:48408/api/order/v1/orderRecord?pageNum=1&pageSize=100&filterByState=1&filterByState=3&filterByState=7&filterByState=8&filterByState=9&filterByState=10
[14:28:16 INF] Received HTTP response headers after 0.7847ms - 200
[14:28:16 INF] End processing HTTP request after 1.5676ms - 200
[14:28:16 INF] Executed DbCommand (0ms) [Parameters=[@__listedIds_0='?' (Size = 2)], CommandType='Text', CommandTimeout='30']
SELECT "f"."RiotOrderId", "f"."AgvId", "f"."CancelCallDisposition", "f"."CancelCommandAuditId", "f"."CancelDecidedAt", "f"."CancelResult", "f"."CancelResultAt", "f"."CancelSentAt", "f"."DetectedAt", "f"."DeviceKey", "f"."EndedAt", "f"."EndedOrderState", "f"."LastSeenRunningAt", "f"."OrderStateAtDetection", "f"."Ownership", "f"."OwnershipBasis", "f"."State", "f"."UpdatedAt", "f"."UpperId"
FROM "ForeignRiotOrders" AS "f"
WHERE "f"."State" <> 'ENDED' OR "f"."RiotOrderId" IN (
    SELECT "l"."value"
    FROM json_each(@__listedIds_0) AS "l"
)
[14:28:16 INF] Executed DbCommand (0ms) [Parameters=[], CommandType='Text', CommandTimeout='30']
SELECT "s"."MapId", "s"."StationId", "s"."ChargerRosterVersion", "s"."JourneyId", "s"."RecordId", "s"."State", "s"."StateSince", "s"."StationKind", "s"."VehicleKey", "s"."WaitingPointVersion"
FROM "StationExclusivities" AS "s"
WHERE "s"."StationKind" IN ('FIXED_TASK_STATION', 'WAITING_POINT')
[14:28:16 INF] Executed DbCommand (0ms) [Parameters=[@__mapId_0='?' (DbType = Int32)], CommandType='Text', CommandTimeout='30']
SELECT "t"."MapId", "t"."ActiveVersion", "t"."PendingVersion", "t"."State", "t"."UpdatedAt"
FROM "TaskTypeStationActiveBindingSets" AS "t"
WHERE "t"."MapId" = @__mapId_0
LIMIT 2
[14:28:16 INF] Executed DbCommand (0ms) [Parameters=[@__mapId_0='?' (DbType = Int32), @__version_1='?' (DbType = Int64)], CommandType='Text', CommandTimeout='30']
SELECT "t"."MapId", "t"."Version", "t"."CatalogRevision", "t"."ContentSha256", "t"."LoadedAt", "t"."RuleVersion", "t"."SnapshotId", "t"."Source"
FROM "TaskTypeStationBindingSetVersions" AS "t"
WHERE "t"."MapId" = @__mapId_0 AND "t"."Version" = @__version_1
LIMIT 2
[14:28:16 INF] Executed DbCommand (0ms) [Parameters=[@__mapId_0='?' (DbType = Int32), @__version_1='?' (DbType = Int64)], CommandType='Text', CommandTimeout='30']
SELECT "t"."TaskType"
FROM "TaskTypeStationRequirements" AS "t"
WHERE "t"."MapId" = @__mapId_0 AND "t"."Version" = @__version_1
[14:28:16 INF] Executed DbCommand (0ms) [Parameters=[@__mapId_0='?' (DbType = Int32), @__version_1='?' (DbType = Int64)], CommandType='Text', CommandTimeout='30']
SELECT "t"."MapId", "t"."Version", "t"."TaskType", "t"."SiteVerificationRef", "t"."StationName", "t"."StationRiotId"
FROM "TaskTypeStationBindings" AS "t"
WHERE "t"."MapId" = @__mapId_0 AND "t"."Version" = @__version_1
[14:28:16 INF] Executed DbCommand (0ms) [Parameters=[], CommandType='Text', CommandTimeout='30']
SELECT "j"."JourneyId", "j"."AgvId", "j"."AgvLifecycleGeneration", "j"."AreaEndAdmissionRevokedSince", "j"."BlockReasonCode", "j"."BlockReasonSince", "j"."CargoHoldingStartedAt", "j"."ChargingPolicyVersion", "j"."ConsumedSafetyResultMessageId", "j"."ConsumedSublotMessageId", "j"."CreatedAt", "j"."DemandId", "j"."DispatchGeneration", "j"."DispatchZone", "j"."ExpectedBasketCount", "j"."FullSlotPositionsJson", "j"."GateMovementLegId", "j"."GatePlanMessageId", "j"."GateStationId", "j"."GateStationRiotId", "j"."GateUpperId", "j"."GateVehicleBusinessMessageId", "j"."GateWorklistMessageId", "j"."LoadCommandMessageId", "j"."LoadSlotOperationAttemptId", "j"."LoadingClosedReason", "j"."LoadingPhaseState", "j"."MapId", "j"."MapIdentity", "j"."OperationSessionId", "j"."PickupMovementLegId", "j"."PickupStationId", "j"."PickupStationRiotId", "j"."PickupUpperId", "j"."PlanMessageId", "j"."PlanRevision", "j"."PreDepartureSafetyCheckId", "j"."PreDepartureSafetyCheckMessageId", "j"."PublishedBatteryState", "j"."RouteEvidenceId", "j"."Stage", "j"."StationDepartureWaitStartedAt", "j"."SublotRequestMessageId", "j"."TargetSlotsJson", "j"."UnloadCommandMessageId", "j"."UnloadSlotOperationAttemptId", "j"."UpdatedAt", "j"."VehicleBusinessMessageId", "j"."VehicleBusinessRevision", "j"."VehicleKey", "j"."Version", "j"."WaitingBatteryObservedAt", "j"."WaitingBatteryPercent", "j"."WaitingSince", "j"."WaitingWarnedAt", "j"."WorklistMessageId", "j"."WorklistRevision", "j"."YieldTriggeredAt", "j"."YieldTriggeredByVehicleKey"
FROM "JourneyRuntimes" AS "j"
WHERE "j"."Stage" NOT IN ('Completed', 'Blocked')
[14:28:16 INF] Start processing HTTP request GET http://127.0.0.1:48408/api/imap/v1/mapInfo/getALLMapInfoExcludeMapJson
[14:28:16 INF] Sending HTTP request GET http://127.0.0.1:48408/api/imap/v1/mapInfo/getALLMapInfoExcludeMapJson
[14:28:16 INF] Received HTTP response headers after 0.6292ms - 200
[14:28:16 INF] End processing HTTP request after 1.4959ms - 200
[14:28:16 INF] Executed DbCommand (0ms) [Parameters=[@__mapId_0='?' (DbType = Int32)], CommandType='Text', CommandTimeout='30']
SELECT "m"."MapId", "m"."AcceptedAt", "m"."AcceptedBy", "m"."EstablishedAt", "m"."Name", "m"."PendingName", "m"."PendingSince"
FROM "MapNameBaselines" AS "m"
WHERE "m"."MapId" = @__mapId_0
LIMIT 2
[14:28:16 INF] Start processing HTTP request GET http://127.0.0.1:48408/api/imap/v1/mapInfo/stations/25
[14:28:16 INF] Sending HTTP request GET http://127.0.0.1:48408/api/imap/v1/mapInfo/stations/25
[14:28:16 INF] Received HTTP response headers after 0.5319ms - 200
[14:28:16 INF] End processing HTTP request after 1.4415ms - 200
[14:28:16 INF] Executed DbCommand (0ms) [Parameters=[@__mapId_0='?' (DbType = Int32)], CommandType='Text', CommandTimeout='30']
SELECT "t"."MapId", "t"."ActiveVersion", "t"."PendingVersion", "t"."State", "t"."UpdatedAt"
FROM "TaskTypeStationActiveBindingSets" AS "t"
WHERE "t"."MapId" = @__mapId_0
LIMIT 2
[14:28:16 INF] Executed DbCommand (0ms) [Parameters=[@__mapId_0='?' (DbType = Int32), @__version_1='?' (DbType = Int64)], CommandType='Text', CommandTimeout='30']
SELECT "t"."MapId", "t"."Version", "t"."CatalogRevision", "t"."ContentSha256", "t"."LoadedAt", "t"."RuleVersion", "t"."SnapshotId", "t"."Source"
FROM "TaskTypeStationBindingSetVersions" AS "t"
WHERE "t"."MapId" = @__mapId_0 AND "t"."Version" = @__version_1
LIMIT 2
[14:28:16 INF] Executed DbCommand (0ms) [Parameters=[@__mapId_0='?' (DbType = Int32), @__version_1='?' (DbType = Int64)], CommandType='Text', CommandTimeout='30']
SELECT "t"."TaskType"
FROM "TaskTypeStationRequirements" AS "t"
WHERE "t"."MapId" = @__mapId_0 AND "t"."Version" = @__version_1
[14:28:16 INF] Executed DbCommand (0ms) [Parameters=[@__mapId_0='?' (DbType = Int32), @__version_1='?' (DbType = Int64)], CommandType='Text', CommandTimeout='30']
SELECT "t"."MapId", "t"."Version", "t"."TaskType", "t"."SiteVerificationRef", "t"."StationName", "t"."StationRiotId"
FROM "TaskTypeStationBindings" AS "t"
WHERE "t"."MapId" = @__mapId_0 AND "t"."Version" = @__version_1
[14:28:16 INF] Executed DbCommand (0ms) [Parameters=[@__version_0='?' (DbType = Int64)], CommandType='Text', CommandTimeout='30']
SELECT "t"."Version", "t"."ContentSha256", "t"."LoadedAt", "t"."SnapshotId", "t"."Source"
FROM "TaskTypeStationRuleVersions" AS "t"
WHERE "t"."Version" = @__version_0
LIMIT 2
[14:28:16 INF] Executed DbCommand (0ms) [Parameters=[@__version_0='?' (DbType = Int64)], CommandType='Text', CommandTimeout='30']
SELECT "t"."Version", "t"."TaskType", "t"."FixedEnd"
FROM "TaskTypeStationRules" AS "t"
WHERE "t"."Version" = @__version_0
[14:28:16 INF] Executed DbCommand (0ms) [Parameters=[@__mapId_0='?' (DbType = Int32)], CommandType='Text', CommandTimeout='30']
SELECT "t"."MapId", "t"."ActiveVersion", "t"."PendingVersion", "t"."State", "t"."UpdatedAt"
FROM "TaskTypeStationActiveBindingSets" AS "t"
WHERE "t"."MapId" = @__mapId_0
LIMIT 2
[14:28:16 INF] Executed DbCommand (0ms) [Parameters=[@__mapId_0='?' (DbType = Int32)], CommandType='Text', CommandTimeout='30']
SELECT "t"."HoldId", "t"."DetailJson", "t"."MapId", "t"."RaisedAt", "t"."RaisedBy", "t"."ReasonCode", "t"."ReleasedAt", "t"."ReleasedBy", "t"."Source", "t"."TaskType"
FROM "TaskTypeStationHolds" AS "t"
WHERE "t"."MapId" = @__mapId_0 AND "t"."ReleasedAt" IS NULL
[14:28:16 INF] Executed DbCommand (0ms) [Parameters=[@__mapId_0='?' (DbType = Int32)], CommandType='Text', CommandTimeout='30']
SELECT "m"."MapId", "m"."ApprovedMaxUnconfirmedSeconds", "m"."ApprovedSyncPeriodSeconds", "m"."CatalogRevision", "m"."LastAttemptAt", "m"."LastCompleteConfirmationAt", "m"."LastFailureReason", "m"."State", "m"."UpdatedAt"
FROM "MapStationCatalogStates" AS "m"
WHERE "m"."MapId" = @__mapId_0
LIMIT 2
[14:28:16 INF] Executed DbCommand (0ms) [Parameters=[@p3='?' (DbType = Int32), @p0='?' (DbType = DateTimeOffset), @p1='?' (DbType = DateTimeOffset), @p2='?' (DbType = DateTimeOffset)], CommandType='Text', CommandTimeout='30']
UPDATE "MapStationCatalogStates" SET "LastAttemptAt" = @p0, "LastCompleteConfirmationAt" = @p1, "UpdatedAt" = @p2
WHERE "MapId" = @p3
RETURNING 1;
[14:28:16 INF] Executed DbCommand (0ms) [Parameters=[@__mapId_0='?' (DbType = Int32)], CommandType='Text', CommandTimeout='30']
SELECT "t"."MapId", "t"."ActiveVersion", "t"."PendingVersion", "t"."State", "t"."UpdatedAt"
FROM "TaskTypeStationActiveBindingSets" AS "t"
WHERE "t"."MapId" = @__mapId_0
LIMIT 2
[14:28:16 INF] Executed DbCommand (0ms) [Parameters=[@__mapId_0='?' (DbType = Int32), @__version_1='?' (DbType = Int64)], CommandType='Text', CommandTimeout='30']
SELECT "t"."MapId", "t"."Version", "t"."CatalogRevision", "t"."ContentSha256", "t"."LoadedAt", "t"."RuleVersion", "t"."SnapshotId", "t"."Source"
FROM "TaskTypeStationBindingSetVersions" AS "t"
WHERE "t"."MapId" = @__mapId_0 AND "t"."Version" = @__version_1
LIMIT 2
[14:28:16 INF] Executed DbCommand (0ms) [Parameters=[@__mapId_0='?' (DbType = Int32), @__version_1='?' (DbType = Int64)], CommandType='Text', CommandTimeout='30']
SELECT "t"."TaskType"
FROM "TaskTypeStationRequirements" AS "t"
WHERE "t"."MapId" = @__mapId_0 AND "t"."Version" = @__version_1
[14:28:16 INF] Executed DbCommand (0ms) [Parameters=[@__mapId_0='?' (DbType = Int32), @__version_1='?' (DbType = Int64)], CommandType='Text', CommandTimeout='30']
SELECT "t"."MapId", "t"."Version", "t"."TaskType", "t"."SiteVerificationRef", "t"."StationName", "t"."StationRiotId"
FROM "TaskTypeStationBindings" AS "t"
WHERE "t"."MapId" = @__mapId_0 AND "t"."Version" = @__version_1
[14:28:16 INF] Executed DbCommand (0ms) [Parameters=[@__mapId_0='?' (DbType = Int32)], CommandType='Text', CommandTimeout='30']
SELECT "t"."MapId", "t"."ActiveVersion", "t"."PendingVersion", "t"."State", "t"."UpdatedAt"
FROM "TaskTypeStationActiveBindingSets" AS "t"
WHERE "t"."MapId" = @__mapId_0
LIMIT 2
[14:28:16 INF] Executed DbCommand (0ms) [Parameters=[@__mapId_0='?' (DbType = Int32), @__version_1='?' (DbType = Int64)], CommandType='Text', CommandTimeout='30']
SELECT "t"."MapId", "t"."Version", "t"."CatalogRevision", "t"."ContentSha256", "t"."LoadedAt", "t"."RuleVersion", "t"."SnapshotId", "t"."Source"
FROM "TaskTypeStationBindingSetVersions" AS "t"
WHERE "t"."MapId" = @__mapId_0 AND "t"."Version" = @__version_1
LIMIT 2
[14:28:16 INF] Executed DbCommand (0ms) [Parameters=[@__mapId_0='?' (DbType = Int32), @__version_1='?' (DbType = Int64)], CommandType='Text', CommandTimeout='30']
SELECT "t"."TaskType"
FROM "TaskTypeStationRequirements" AS "t"
WHERE "t"."MapId" = @__mapId_0 AND "t"."Version" = @__version_1
[14:28:16 INF] Executed DbCommand (0ms) [Parameters=[@__mapId_0='?' (DbType = Int32), @__version_1='?' (DbType = Int64)], CommandType='Text', CommandTimeout='30']
SELECT "t"."MapId", "t"."Version", "t"."TaskType", "t"."SiteVerificationRef", "t"."StationName", "t"."StationRiotId"
FROM "TaskTypeStationBindings" AS "t"
WHERE "t"."MapId" = @__mapId_0 AND "t"."Version" = @__version_1
[14:28:16 INF] Executed DbCommand (0ms) [Parameters=[@__version_0='?' (DbType = Int64)], CommandType='Text', CommandTimeout='30']
SELECT "t"."Version", "t"."ContentSha256", "t"."LoadedAt", "t"."SnapshotId", "t"."Source"
FROM "TaskTypeStationRuleVersions" AS "t"
WHERE "t"."Version" = @__version_0
LIMIT 2
[14:28:16 INF] Executed DbCommand (0ms) [Parameters=[@__version_0='?' (DbType = Int64)], CommandType='Text', CommandTimeout='30']
SELECT "t"."Version", "t"."TaskType", "t"."FixedEnd"
FROM "TaskTypeStationRules" AS "t"
WHERE "t"."Version" = @__version_0
[14:28:16 INF] Executed DbCommand (0ms) [Parameters=[], CommandType='Text', CommandTimeout='30']
SELECT "a"."Id", "a"."ContentHash", "a"."DeploymentId", "a"."ImportedAt", "a"."Version"
FROM "AdmissionPolicyState" AS "a"
WHERE "a"."Id" = 1
LIMIT 2
[14:28:16 INF] Executed DbCommand (0ms) [Parameters=[], CommandType='Text', CommandTimeout='30']
SELECT "v"."VehicleKey", "v"."ClaimedAt", "v"."JourneyId", "v"."Purpose"
FROM "VehiclePurposeClaims" AS "v"
WHERE "v"."Purpose" = 'IDLE_RETURN'
[14:28:16 INF] Executed DbCommand (0ms) [Parameters=[], CommandType='Text', CommandTimeout='30']
SELECT "j"."JourneyId", "j"."AgvId", "j"."AgvLifecycleGeneration", "j"."AreaEndAdmissionRevokedSince", "j"."BlockReasonCode", "j"."BlockReasonSince", "j"."CargoHoldingStartedAt", "j"."ChargingPolicyVersion", "j"."ConsumedSafetyResultMessageId", "j"."ConsumedSublotMessageId", "j"."CreatedAt", "j"."DemandId", "j"."DispatchGeneration", "j"."DispatchZone", "j"."ExpectedBasketCount", "j"."FullSlotPositionsJson", "j"."GateMovementLegId", "j"."GatePlanMessageId", "j"."GateStationId", "j"."GateStationRiotId", "j"."GateUpperId", "j"."GateVehicleBusinessMessageId", "j"."GateWorklistMessageId", "j"."LoadCommandMessageId", "j"."LoadSlotOperationAttemptId", "j"."LoadingClosedReason", "j"."LoadingPhaseState", "j"."MapId", "j"."MapIdentity", "j"."OperationSessionId", "j"."PickupMovementLegId", "j"."PickupStationId", "j"."PickupStationRiotId", "j"."PickupUpperId", "j"."PlanMessageId", "j"."PlanRevision", "j"."PreDepartureSafetyCheckId", "j"."PreDepartureSafetyCheckMessageId", "j"."PublishedBatteryState", "j"."RouteEvidenceId", "j"."Stage", "j"."StationDepartureWaitStartedAt", "j"."SublotRequestMessageId", "j"."TargetSlotsJson", "j"."UnloadCommandMessageId", "j"."UnloadSlotOperationAttemptId", "j"."UpdatedAt", "j"."VehicleBusinessMessageId", "j"."VehicleBusinessRevision", "j"."VehicleKey", "j"."Version", "j"."WaitingBatteryObservedAt", "j"."WaitingBatteryPercent", "j"."WaitingSince", "j"."WaitingWarnedAt", "j"."WorklistMessageId", "j"."WorklistRevision", "j"."YieldTriggeredAt", "j"."YieldTriggeredByVehicleKey"
FROM "JourneyRuntimes" AS "j"
WHERE "j"."Stage" <> 'Completed'
[14:28:16 INF] Executed DbCommand (0ms) [Parameters=[@__holding_0='?' (Size = 129)], CommandType='Text', CommandTimeout='30']
SELECT "f"."AgvId"
FROM "ForeignRiotOrders" AS "f"
WHERE "f"."State" IN (
    SELECT "h"."value"
    FROM json_each(@__holding_0) AS "h"
)
[14:28:16 INF] Executed DbCommand (0ms) [Parameters=[], CommandType='Text', CommandTimeout='30']
SELECT "a"."DemandId"
FROM "AcceptedDemands" AS "a"
WHERE "a"."Status" NOT IN ('Succeeded', 'Cancelled') AND NOT EXISTS (
    SELECT 1
    FROM "AcceptedDemands" AS "a0"
    WHERE "a0"."Status" NOT IN ('Succeeded', 'Cancelled') AND NOT EXISTS (
        SELECT 1
        FROM "JourneyDemands" AS "j"
        WHERE "j"."DemandId" = "a0"."DemandId" AND "j"."RemovedAt" IS NULL) AND EXISTS (
        SELECT 1
        FROM "JourneyDemands" AS "j0"
        WHERE "j0"."DemandId" = "a0"."DemandId" AND "j0"."RemovedAt" IS NOT NULL AND "j0"."RemovalReason" = 'RELEASED_FOR_REDISPATCH' AND NOT EXISTS (
            SELECT 1
            FROM "JourneyDemands" AS "j1"
            WHERE "j1"."DemandId" = "a0"."DemandId" AND "j1"."DispatchGeneration" > "j0"."DispatchGeneration")) AND "a0"."DemandId" = "a"."DemandId")
[14:28:16 INF] Executed DbCommand (0ms) [Parameters=[], CommandType='Text', CommandTimeout='30']
SELECT "j"."DemandId"
FROM "JourneyDemands" AS "j"
WHERE "j"."RemovedAt" IS NULL
[14:28:16 INF] Start processing HTTP request GET http://127.0.0.1:48409/api/v2/contract
[14:28:16 INF] Sending HTTP request GET http://127.0.0.1:48409/api/v2/contract
[14:28:16 INF] Received HTTP response headers after 0.7875ms - 200
[14:28:16 INF] End processing HTTP request after 1.5022ms - 200
[14:28:16 INF] Start processing HTTP request GET http://127.0.0.1:48409/api/v2/externally-readable-demand-catalog
[14:28:16 INF] Sending HTTP request GET http://127.0.0.1:48409/api/v2/externally-readable-demand-catalog
[14:28:16 INF] Received HTTP response headers after 0.608ms - 200
[14:28:16 INF] End processing HTTP request after 1.2862ms - 200
[14:28:16 INF] Executed DbCommand (0ms) [Parameters=[], CommandType='Text', CommandTimeout='30']
SELECT "j"."DemandId", "j"."AcceptedAt", "j"."DecisionFingerprint", "j"."DemandCreatedAt", "j"."FirstSeenAt", "j"."LastSeenAt", "j"."ReasonCode", "j"."StarvationEscalatedAt", "j"."StarvationEscalationParameterVersion", "j"."TransportDemandKey"
FROM "JourneyBacklog" AS "j"
[14:28:16 INF] Executed DbCommand (0ms) [Parameters=[], CommandType='Text', CommandTimeout='30']
SELECT "a"."DemandId"
FROM "AcceptedDemands" AS "a"
WHERE NOT EXISTS (
    SELECT 1
    FROM "AcceptedDemands" AS "a0"
    WHERE "a0"."Status" NOT IN ('Succeeded', 'Cancelled') AND NOT EXISTS (
        SELECT 1
        FROM "JourneyDemands" AS "j"
        WHERE "j"."DemandId" = "a0"."DemandId" AND "j"."RemovedAt" IS NULL) AND EXISTS (
        SELECT 1
        FROM "JourneyDemands" AS "j0"
        WHERE "j0"."DemandId" = "a0"."DemandId" AND "j0"."RemovedAt" IS NOT NULL AND "j0"."RemovalReason" = 'RELEASED_FOR_REDISPATCH' AND NOT EXISTS (
            SELECT 1
            FROM "JourneyDemands" AS "j1"
            WHERE "j1"."DemandId" = "a0"."DemandId" AND "j1"."DispatchGeneration" > "j0"."DispatchGeneration")) AND "a0"."DemandId" = "a"."DemandId")
[14:28:16 INF] Executed DbCommand (0ms) [Parameters=[], CommandType='Text', CommandTimeout='30']
SELECT "j"."DemandId", MAX("j"."DispatchGeneration") AS "Generation"
FROM "JourneyDemands" AS "j"
WHERE EXISTS (
    SELECT 1
    FROM "AcceptedDemands" AS "a"
    WHERE "a"."Status" NOT IN ('Succeeded', 'Cancelled') AND NOT EXISTS (
        SELECT 1
        FROM "JourneyDemands" AS "j0"
        WHERE "j0"."DemandId" = "a"."DemandId" AND "j0"."RemovedAt" IS NULL) AND EXISTS (
        SELECT 1
        FROM "JourneyDemands" AS "j1"
        WHERE "j1"."DemandId" = "a"."DemandId" AND "j1"."RemovedAt" IS NOT NULL AND "j1"."RemovalReason" = 'RELEASED_FOR_REDISPATCH' AND NOT EXISTS (
            SELECT 1
            FROM "JourneyDemands" AS "j2"
            WHERE "j2"."DemandId" = "a"."DemandId" AND "j2"."DispatchGeneration" > "j1"."DispatchGeneration")) AND "a"."DemandId" = "j"."DemandId")
GROUP BY "j"."DemandId"
[14:28:16 INF] Executed DbCommand (0ms) [Parameters=[], CommandType='Text', CommandTimeout='30']
SELECT "v"."AgvId", "v"."TaskType", "v"."Allowed", "v"."ConfigurationVersion", "v"."UpdatedAt"
FROM "VehicleTaskTypeAdmissions" AS "v"
[14:28:16 INF] Executed DbCommand (0ms) [Parameters=[], CommandType='Text', CommandTimeout='30']
SELECT "v"."AgvId", "v"."ConfigurationVersion", "v"."RoundTimeoutMilliseconds", "v"."UpdatedAt"
FROM "VehicleDispatchBudgets" AS "v"
[14:28:16 INF] Executed DbCommand (0ms) [Parameters=[], CommandType='Text', CommandTimeout='30']
SELECT "d"."Zone", "d"."AgvId", "d"."ConfigurationVersion", "d"."UpdatedAt"
FROM "DispatchZoneVehicles" AS "d"
[14:28:16 INF] Executed DbCommand (0ms) [Parameters=[], CommandType='Text', CommandTimeout='30']
SELECT MAX("d"."Version")
FROM "DispatchZoneAreaAssignmentVersions" AS "d"
[14:28:16 INF] Executed DbCommand (0ms) [Parameters=[@__version_0='?' (DbType = Int64)], CommandType='Text', CommandTimeout='30']
SELECT "d"."Version", "d"."ContentSha256", "d"."EntryCount", "d"."ImportedAt", "d"."SnapshotId"
FROM "DispatchZoneAreaAssignmentVersions" AS "d"
WHERE "d"."Version" = @__version_0
LIMIT 2
[14:28:16 INF] Executed DbCommand (0ms) [Parameters=[@__version_0='?' (DbType = Int64)], CommandType='Text', CommandTimeout='30']
SELECT "d"."Version", "d"."Area", "d"."DispatchZone", "d"."SlotPosition"
FROM "DispatchZoneAreaAssignments" AS "d"
WHERE "d"."Version" = @__version_0
[14:28:16 INF] Executed DbCommand (0ms) [Parameters=[], CommandType='Text', CommandTimeout='30']
SELECT MAX("d"."Version")
FROM "DispatchZoneParameterVersions" AS "d"
[14:28:16 INF] Executed DbCommand (0ms) [Parameters=[], CommandType='Text', CommandTimeout='30']
SELECT "j"."AgvId", "j"."CreatedAt"
FROM "JourneyRuntimes" AS "j"
WHERE "j"."JourneyId" NOT LIKE 'idle-return:%' AND "j"."JourneyId" NOT LIKE 'charging:%'
[14:28:16 INF] Executed DbCommand (0ms) [Parameters=[@__agvId_0='?' (Size = 10)], CommandType='Text', CommandTimeout='30']
SELECT "a"."SlotModelVersionId", "a"."SnapshotId"
FROM "ActiveSlotConfigurations" AS "a"
WHERE "a"."AgvId" = @__agvId_0
LIMIT 2
[14:28:16 INF] Executed DbCommand (0ms) [Parameters=[@__agvId_0='?' (Size = 10)], CommandType='Text', CommandTimeout='30']
SELECT "s"."SlotModelVersionId", "s"."CreatedAt"
FROM "SlotIoBindings" AS "s"
WHERE "s"."AgvId" = @__agvId_0 AND "s"."Status" = 'PUBLISHED'
[14:28:16 INF] Executed DbCommand (0ms) [Parameters=[@__slotModelVersionId_0='?' (Size = 32)], CommandType='Text', CommandTimeout='30']
SELECT "s"."SlotModelVersionId", "s"."PhysicalSlotNumber", "s"."SlotPosition", "s"."SlotTemplateId"
FROM "SlotModelSlots" AS "s"
WHERE "s"."SlotModelVersionId" = @__slotModelVersionId_0
[14:28:16 INF] Executed DbCommand (0ms) [Parameters=[@__agvId_0='?' (Size = 10)], CommandType='Text', CommandTimeout='30']
SELECT "s"."AgvId", "s"."ActiveUnlockSlotsJson", "s"."CapabilityHash", "s"."CapabilityRevision", "s"."DepartureSafe", "s"."ForcedRecoveryGeneration", "s"."ManifestSha256", "s"."PendingAttemptIdsJson", "s"."PendingResultIdsJson", "s"."ProfileId", "s"."ProtocolCommit", "s"."ProtocolVersion", "s"."ProvenRecoveryCheckpoint", "s"."Readiness", "s"."ReasonCode", "s"."RecoveryReportId", "s"."ReportedForcedRecoveryGeneration", "s"."ReportedSlotConfigurationFingerprint", "s"."SafetyHash", "s"."SafetyReasonCodesJson", "s"."SafetyRevision", "s"."SafetyUnknownPresent", "s"."SessionGeneration", "s"."UnsettledSlotOperationAttemptId", "s"."UpdatedAt"
FROM "SessionRecoveries" AS "s"
WHERE "s"."AgvId" = @__agvId_0 AND "s"."Readiness" = 'Ready'
LIMIT 2
[14:28:16 INF] Executed DbCommand (0ms) [Parameters=[@__messageType_0='?' (Size = 18)], CommandType='Text', CommandTimeout='30']
SELECT "p"."MessageId", "p"."ContentHash", "p"."FirstResponseJson", "p"."MessageType", "p"."ReceivedAt", "p"."RequestJson"
FROM "ProtocolInbox" AS "p"
WHERE "p"."MessageType" = @__messageType_0
[14:28:16 INF] Executed DbCommand (0ms) [Parameters=[], CommandType='Text', CommandTimeout='30']
SELECT "p"."MessageId", "p"."ContentHash", "p"."FirstResponseJson", "p"."MessageType", "p"."ReceivedAt", "p"."RequestJson"
FROM "ProtocolInbox" AS "p"
WHERE "p"."MessageType" = 'SafetyStateSnapshot'
[14:28:16 INF] Executed DbCommand (0ms) [Parameters=[], CommandType='Text', CommandTimeout='30']
SELECT "p"."MessageId", "p"."ContentHash", "p"."FirstResponseJson", "p"."MessageType", "p"."ReceivedAt", "p"."RequestJson"
FROM "ProtocolInbox" AS "p"
WHERE "p"."MessageType" IN ('SafetyStateSnapshot', 'SafetyStateChanged')
[14:28:16 INF] Executed DbCommand (0ms) [Parameters=[], CommandType='Text', CommandTimeout='30']
SELECT "p"."MessageId", "p"."ContentHash", "p"."FirstResponseJson", "p"."MessageType", "p"."ReceivedAt", "p"."RequestJson"
FROM "ProtocolInbox" AS "p"
[14:28:16 INF] Start processing HTTP request GET http://127.0.0.1:48408/api/task/vehicles/getVehicleInfoByDeviceKey?key=BROKERX-L2-0001
[14:28:16 INF] Sending HTTP request GET http://127.0.0.1:48408/api/task/vehicles/getVehicleInfoByDeviceKey?key=BROKERX-L2-0001
[14:28:16 INF] Received HTTP response headers after 0.6157ms - 200
[14:28:16 INF] End processing HTTP request after 1.4827ms - 200
[14:28:16 INF] Executed DbCommand (0ms) [Parameters=[], CommandType='Text', CommandTimeout='30']
SELECT "c"."ActivationId", "c"."ActivatedAt", "c"."ActivatedBy", "c"."Sequence", "c"."Version"
FROM "ChargingPolicyActivations" AS "c"
ORDER BY "c"."Sequence" DESC
LIMIT 1
[14:28:16 INF] Executed DbCommand (0ms) [Parameters=[@__version_0='?' (DbType = Int64)], CommandType='Text', CommandTimeout='30']
SELECT "c"."ApprovalId", "c"."ApprovedAt", "c"."ApprovedBy", "c"."ApproverRole", "c"."BasisReference", "c"."Source", "c"."Version"
FROM "ChargingPolicyApprovals" AS "c"
WHERE "c"."Version" = @__version_0
[14:28:16 INF] Executed DbCommand (0ms) [Parameters=[@__version_0='?' (DbType = Int64)], CommandType='Text', CommandTimeout='30']
SELECT "c"."Version", "c"."ChangeNote", "c"."ChargingCompletionThresholdPercent", "c"."ContentSha256", "c"."EstimatedTaskConsumptionPercent", "c"."MandatoryChargeEntryThresholdPercent", "c"."MinimumPostTaskBatteryMarginPercent", "c"."ProgressMinimumIncreasePercent", "c"."ProgressObservationWindowSeconds", "c"."ProgressStabilizationSeconds", "c"."SnapshotId", "c"."WrittenAt"
FROM "ChargingPolicyVersions" AS "c"
WHERE "c"."Version" = @__version_0
LIMIT 2
[14:28:16 INF] Executed DbCommand (0ms) [Parameters=[@__version_0='?' (DbType = Int64)], CommandType='Text', CommandTimeout='30']
SELECT "c"."VehicleKey"
FROM "ChargingPolicyVehicleScopes" AS "c"
WHERE "c"."Version" = @__version_0
[14:28:16 INF] Executed DbCommand (0ms) [Parameters=[], CommandType='Text', CommandTimeout='30']
SELECT "s"."MapId", "s"."StationId", "s"."ChargerRosterVersion", "s"."JourneyId", "s"."RecordId", "s"."State", "s"."StateSince", "s"."StationKind", "s"."VehicleKey", "s"."WaitingPointVersion"
FROM "StationExclusivities" AS "s"
WHERE "s"."StationKind" = 'CHARGER'
[14:28:16 INF] Executed DbCommand (0ms) [Parameters=[@__vehicleKey_0='?' (Size = 15)], CommandType='Text', CommandTimeout='30']
SELECT "m"."VehicleKey", "m"."HoldId", "m"."Reason", "m"."Since", "m"."WarnedAt"
FROM "ManualChargingHolds" AS "m"
WHERE "m"."VehicleKey" = @__vehicleKey_0
LIMIT 2
[14:28:16 INF] Executed DbCommand (0ms) [Parameters=[@__vehicle_VehicleKey_0='?' (Size = 15)], CommandType='Text', CommandTimeout='30']
SELECT "m"."HoldId", "m"."ReleasedAt"
FROM "ManualChargingHoldRecords" AS "m"
WHERE "m"."VehicleKey" = @__vehicle_VehicleKey_0 AND "m"."ReleasedAt" IS NOT NULL
[14:28:16 INF] Charging not allocated for vehicle AGV-L2-001: CHARGING_NOT_REQUIRED. 
[14:28:16 INF] Executed DbCommand (0ms) [Parameters=[], CommandType='Text', CommandTimeout='30']
SELECT "s"."DemandId"
FROM "StructuralDispatchBlocks" AS "s"
WHERE "s"."ClearedAt" IS NULL
[14:28:16 INF] Executed DbCommand (0ms) [Parameters=[], CommandType='Text', CommandTimeout='30']
SELECT "s"."DemandId", "s"."ReasonCode", "s"."ClearedAt", "s"."DetailJson", "s"."FirstRaisedAt", "s"."LastSeenAt", "s"."TransportDemandKey"
FROM "StructuralDispatchBlocks" AS "s"
WHERE "s"."ClearedAt" IS NULL
[14:28:16 INF] Executed DbCommand (0ms) [Parameters=[], CommandType='Text', CommandTimeout='30']
SELECT "j"."JourneyId", "j"."AgvId", "j"."AgvLifecycleGeneration", "j"."AreaEndAdmissionRevokedSince", "j"."BlockReasonCode", "j"."BlockReasonSince", "j"."CargoHoldingStartedAt", "j"."ChargingPolicyVersion", "j"."ConsumedSafetyResultMessageId", "j"."ConsumedSublotMessageId", "j"."CreatedAt", "j"."DemandId", "j"."DispatchGeneration", "j"."DispatchZone", "j"."ExpectedBasketCount", "j"."FullSlotPositionsJson", "j"."GateMovementLegId", "j"."GatePlanMessageId", "j"."GateStationId", "j"."GateStationRiotId", "j"."GateUpperId", "j"."GateVehicleBusinessMessageId", "j"."GateWorklistMessageId", "j"."LoadCommandMessageId", "j"."LoadSlotOperationAttemptId", "j"."LoadingClosedReason", "j"."LoadingPhaseState", "j"."MapId", "j"."MapIdentity", "j"."OperationSessionId", "j"."PickupMovementLegId", "j"."PickupStationId", "j"."PickupStationRiotId", "j"."PickupUpperId", "j"."PlanMessageId", "j"."PlanRevision", "j"."PreDepartureSafetyCheckId", "j"."PreDepartureSafetyCheckMessageId", "j"."PublishedBatteryState", "j"."RouteEvidenceId", "j"."Stage", "j"."StationDepartureWaitStartedAt", "j"."SublotRequestMessageId", "j"."TargetSlotsJson", "j"."UnloadCommandMessageId", "j"."UnloadSlotOperationAttemptId", "j"."UpdatedAt", "j"."VehicleBusinessMessageId", "j"."VehicleBusinessRevision", "j"."VehicleKey", "j"."Version", "j"."WaitingBatteryObservedAt", "j"."WaitingBatteryPercent", "j"."WaitingSince", "j"."WaitingWarnedAt", "j"."WorklistMessageId", "j"."WorklistRevision", "j"."YieldTriggeredAt", "j"."YieldTriggeredByVehicleKey"
FROM "JourneyRuntimes" AS "j"
WHERE "j"."Stage" <> 'Completed'
[14:28:16 INF] Executed DbCommand (0ms) [Parameters=[], CommandType='Text', CommandTimeout='30']
SELECT "v"."AgvId", "v"."TaskType", "v"."Allowed", "v"."ConfigurationVersion", "v"."UpdatedAt"
FROM "VehicleTaskTypeAdmissions" AS "v"
[14:28:16 INF] Executed DbCommand (0ms) [Parameters=[], CommandType='Text', CommandTimeout='30']
SELECT "v"."AgvId", "v"."ConfigurationVersion", "v"."RoundTimeoutMilliseconds", "v"."UpdatedAt"
FROM "VehicleDispatchBudgets" AS "v"
[14:28:16 INF] Executed DbCommand (0ms) [Parameters=[], CommandType='Text', CommandTimeout='30']
SELECT "d"."Zone", "d"."AgvId", "d"."ConfigurationVersion", "d"."UpdatedAt"
FROM "DispatchZoneVehicles" AS "d"
[14:28:16 INF] Executed DbCommand (0ms) [Parameters=[], CommandType='Text', CommandTimeout='30']
SELECT "j"."JourneyId", "j"."AgvId", "j"."AgvLifecycleGeneration", "j"."AreaEndAdmissionRevokedSince", "j"."BlockReasonCode", "j"."BlockReasonSince", "j"."CargoHoldingStartedAt", "j"."ChargingPolicyVersion", "j"."ConsumedSafetyResultMessageId", "j"."ConsumedSublotMessageId", "j"."CreatedAt", "j"."DemandId", "j"."DispatchGeneration", "j"."DispatchZone", "j"."ExpectedBasketCount", "j"."FullSlotPositionsJson", "j"."GateMovementLegId", "j"."GatePlanMessageId", "j"."GateStationId", "j"."GateStationRiotId", "j"."GateUpperId", "j"."GateVehicleBusinessMessageId", "j"."GateWorklistMessageId", "j"."LoadCommandMessageId", "j"."LoadSlotOperationAttemptId", "j"."LoadingClosedReason", "j"."LoadingPhaseState", "j"."MapId", "j"."MapIdentity", "j"."OperationSessionId", "j"."PickupMovementLegId", "j"."PickupStationId", "j"."PickupStationRiotId", "j"."PickupUpperId", "j"."PlanMessageId", "j"."PlanRevision", "j"."PreDepartureSafetyCheckId", "j"."PreDepartureSafetyCheckMessageId", "j"."PublishedBatteryState", "j"."RouteEvidenceId", "j"."Stage", "j"."StationDepartureWaitStartedAt", "j"."SublotRequestMessageId", "j"."TargetSlotsJson", "j"."UnloadCommandMessageId", "j"."UnloadSlotOperationAttemptId", "j"."UpdatedAt", "j"."VehicleBusinessMessageId", "j"."VehicleBusinessRevision", "j"."VehicleKey", "j"."Version", "j"."WaitingBatteryObservedAt", "j"."WaitingBatteryPercent", "j"."WaitingSince", "j"."WaitingWarnedAt", "j"."WorklistMessageId", "j"."WorklistRevision", "j"."YieldTriggeredAt", "j"."YieldTriggeredByVehicleKey"
FROM "JourneyRuntimes" AS "j"
WHERE "j"."Stage" <> 'Completed'
[14:28:16 INF] Start processing HTTP request GET http://127.0.0.1:48408/api/task/v1/task/getVehicleInfo/BROKERX-L2-0001
[14:28:16 INF] Sending HTTP request GET http://127.0.0.1:48408/api/task/v1/task/getVehicleInfo/BROKERX-L2-0001
[14:28:16 INF] Received HTTP response headers after 0.4851ms - 200
[14:28:16 INF] End processing HTTP request after 1.6622ms - 200
[14:28:16 INF] Start processing HTTP request GET http://127.0.0.1:48408/api/order/v1/orderRecord?pageNum=1&pageSize=100&filterByState=1&filterByState=3&filterByState=7&filterByState=8&filterByState=9&filterByState=10
[14:28:16 INF] Sending HTTP request GET http://127.0.0.1:48408/api/order/v1/orderRecord?pageNum=1&pageSize=100&filterByState=1&filterByState=3&filterByState=7&filterByState=8&filterByState=9&filterByState=10
[14:28:16 INF] Received HTTP response headers after 0.4433ms - 200
[14:28:16 INF] End processing HTTP request after 1.2083ms - 200
[14:28:16 INF] HTTP GET /api/onboard/v1/vehicle-safety responded 200 in 4.1930 ms
[14:28:16 INF] Executed DbCommand (0ms) [Parameters=[@__messageId_0='?' (Size = 36)], CommandType='Text', CommandTimeout='30']
SELECT "p"."MessageId", "p"."ContentHash", "p"."FirstResponseJson", "p"."MessageType", "p"."ReceivedAt", "p"."RequestJson"
FROM "ProtocolInbox" AS "p"
WHERE "p"."MessageId" = @__messageId_0
LIMIT 2
[14:28:16 INF] Executed DbCommand (0ms) [Parameters=[@p0='?' (Size = 36), @p1='?' (Size = 64), @p2='?' (Size = 535), @p3='?' (Size = 9), @p4='?' (DbType = DateTimeOffset), @p5='?' (Size = 427)], CommandType='Text', CommandTimeout='30']
INSERT INTO "ProtocolInbox" ("MessageId", "ContentHash", "FirstResponseJson", "MessageType", "ReceivedAt", "RequestJson")
VALUES (@p0, @p1, @p2, @p3, @p4, @p5);
[14:28:16 INF] Executed DbCommand (0ms) [Parameters=[@__agvId_0='?' (Size = 10), @__generation_1='?' (DbType = Int64)], CommandType='Text', CommandTimeout='30']
SELECT "o"."RebuildId"
FROM "OwnOrderRebuilds" AS "o"
WHERE "o"."AgvId" = @__agvId_0 AND ((("o"."State" = 'PENDING' OR ("o"."State" = 'ORDERING' AND EXISTS (
    SELECT 1
    FROM "OrderIntents" AS "o0"
    WHERE "o0"."MovementLegId" = "o"."NewMovementLegId" AND "o0"."CreateAttemptCount" = 0))) AND "o"."Source" IN ('FAULT_CLEARED_CARGO_ON_BOARD', 'ORDER_CANCELLED_IN_RIOT') AND EXISTS (
    SELECT 1
    FROM "JourneyDemands" AS "j"
    WHERE "j"."JourneyId" = "o"."JourneyId" AND "j"."RemovedAt" IS NULL AND "j"."Status" <> 'PENDING_LOAD' AND "j"."Status" <> 'UNLOADED' AND "j"."Status" <> 'TERMINATED')) OR ("o"."State" = 'AWAITING_CARGO_HANDOFF' AND EXISTS (
    SELECT 1
    FROM "JourneyRuntimes" AS "j0"
    WHERE "j0"."JourneyId" = "o"."JourneyId" AND "j0"."Stage" = 'Blocked'))) AND ("o"."CargoEvidenceRequestedGeneration" <> @__generation_1 OR "o"."CargoEvidenceRequestedGeneration" IS NULL OR NOT ("o"."CargoEvidenceRequestedWhileReady"))
[14:28:17 INF] Executed DbCommand (0ms) [Parameters=[], CommandType='Text', CommandTimeout='30']
SELECT "a"."AgvId"
FROM "AgvLifecycles" AS "a"
WHERE "a"."Archived"
[14:28:17 INF] Start processing HTTP request GET http://127.0.0.1:48408/api/order/v1/orderRecord?pageNum=1&pageSize=100&filterByState=1&filterByState=3&filterByState=7&filterByState=8&filterByState=9&filterByState=10
[14:28:17 INF] Sending HTTP request GET http://127.0.0.1:48408/api/order/v1/orderRecord?pageNum=1&pageSize=100&filterByState=1&filterByState=3&filterByState=7&filterByState=8&filterByState=9&filterByState=10
[14:28:17 INF] Received HTTP response headers after 0.6657ms - 200
[14:28:17 INF] End processing HTTP request after 1.5369ms - 200
[14:28:17 INF] Executed DbCommand (0ms) [Parameters=[@__listedIds_0='?' (Size = 2)], CommandType='Text', CommandTimeout='30']
SELECT "f"."RiotOrderId", "f"."AgvId", "f"."CancelCallDisposition", "f"."CancelCommandAuditId", "f"."CancelDecidedAt", "f"."CancelResult", "f"."CancelResultAt", "f"."CancelSentAt", "f"."DetectedAt", "f"."DeviceKey", "f"."EndedAt", "f"."EndedOrderState", "f"."LastSeenRunningAt", "f"."OrderStateAtDetection", "f"."Ownership", "f"."OwnershipBasis", "f"."State", "f"."UpdatedAt", "f"."UpperId"
FROM "ForeignRiotOrders" AS "f"
WHERE "f"."State" <> 'ENDED' OR "f"."RiotOrderId" IN (
    SELECT "l"."value"
    FROM json_each(@__listedIds_0) AS "l"
)
[14:28:17 INF] Executed DbCommand (0ms) [Parameters=[], CommandType='Text', CommandTimeout='30']
SELECT "s"."MapId", "s"."StationId", "s"."ChargerRosterVersion", "s"."JourneyId", "s"."RecordId", "s"."State", "s"."StateSince", "s"."StationKind", "s"."VehicleKey", "s"."WaitingPointVersion"
FROM "StationExclusivities" AS "s"
WHERE "s"."StationKind" IN ('FIXED_TASK_STATION', 'WAITING_POINT')
[14:28:17 INF] Executed DbCommand (0ms) [Parameters=[@__mapId_0='?' (DbType = Int32)], CommandType='Text', CommandTimeout='30']
SELECT "t"."MapId", "t"."ActiveVersion", "t"."PendingVersion", "t"."State", "t"."UpdatedAt"
FROM "TaskTypeStationActiveBindingSets" AS "t"
WHERE "t"."MapId" = @__mapId_0
LIMIT 2
[14:28:17 INF] Executed DbCommand (0ms) [Parameters=[@__mapId_0='?' (DbType = Int32), @__version_1='?' (DbType = Int64)], CommandType='Text', CommandTimeout='30']
SELECT "t"."MapId", "t"."Version", "t"."CatalogRevision", "t"."ContentSha256", "t"."LoadedAt", "t"."RuleVersion", "t"."SnapshotId", "t"."Source"
FROM "TaskTypeStationBindingSetVersions" AS "t"
WHERE "t"."MapId" = @__mapId_0 AND "t"."Version" = @__version_1
LIMIT 2
[14:28:17 INF] Executed DbCommand (0ms) [Parameters=[@__mapId_0='?' (DbType = Int32), @__version_1='?' (DbType = Int64)], CommandType='Text', CommandTimeout='30']
SELECT "t"."TaskType"
FROM "TaskTypeStationRequirements" AS "t"
WHERE "t"."MapId" = @__mapId_0 AND "t"."Version" = @__version_1
[14:28:17 INF] Executed DbCommand (0ms) [Parameters=[@__mapId_0='?' (DbType = Int32), @__version_1='?' (DbType = Int64)], CommandType='Text', CommandTimeout='30']
SELECT "t"."MapId", "t"."Version", "t"."TaskType", "t"."SiteVerificationRef", "t"."StationName", "t"."StationRiotId"
FROM "TaskTypeStationBindings" AS "t"
WHERE "t"."MapId" = @__mapId_0 AND "t"."Version" = @__version_1
[14:28:17 INF] Executed DbCommand (0ms) [Parameters=[], CommandType='Text', CommandTimeout='30']
SELECT "j"."JourneyId", "j"."AgvId", "j"."AgvLifecycleGeneration", "j"."AreaEndAdmissionRevokedSince", "j"."BlockReasonCode", "j"."BlockReasonSince", "j"."CargoHoldingStartedAt", "j"."ChargingPolicyVersion", "j"."ConsumedSafetyResultMessageId", "j"."ConsumedSublotMessageId", "j"."CreatedAt", "j"."DemandId", "j"."DispatchGeneration", "j"."DispatchZone", "j"."ExpectedBasketCount", "j"."FullSlotPositionsJson", "j"."GateMovementLegId", "j"."GatePlanMessageId", "j"."GateStationId", "j"."GateStationRiotId", "j"."GateUpperId", "j"."GateVehicleBusinessMessageId", "j"."GateWorklistMessageId", "j"."LoadCommandMessageId", "j"."LoadSlotOperationAttemptId", "j"."LoadingClosedReason", "j"."LoadingPhaseState", "j"."MapId", "j"."MapIdentity", "j"."OperationSessionId", "j"."PickupMovementLegId", "j"."PickupStationId", "j"."PickupStationRiotId", "j"."PickupUpperId", "j"."PlanMessageId", "j"."PlanRevision", "j"."PreDepartureSafetyCheckId", "j"."PreDepartureSafetyCheckMessageId", "j"."PublishedBatteryState", "j"."RouteEvidenceId", "j"."Stage", "j"."StationDepartureWaitStartedAt", "j"."SublotRequestMessageId", "j"."TargetSlotsJson", "j"."UnloadCommandMessageId", "j"."UnloadSlotOperationAttemptId", "j"."UpdatedAt", "j"."VehicleBusinessMessageId", "j"."VehicleBusinessRevision", "j"."VehicleKey", "j"."Version", "j"."WaitingBatteryObservedAt", "j"."WaitingBatteryPercent", "j"."WaitingSince", "j"."WaitingWarnedAt", "j"."WorklistMessageId", "j"."WorklistRevision", "j"."YieldTriggeredAt", "j"."YieldTriggeredByVehicleKey"
FROM "JourneyRuntimes" AS "j"
WHERE "j"."Stage" NOT IN ('Completed', 'Blocked')
[14:28:17 INF] Start processing HTTP request GET http://127.0.0.1:48408/api/imap/v1/mapInfo/getALLMapInfoExcludeMapJson
[14:28:17 INF] Sending HTTP request GET http://127.0.0.1:48408/api/imap/v1/mapInfo/getALLMapInfoExcludeMapJson
[14:28:17 INF] Received HTTP response headers after 0.4717ms - 200
[14:28:17 INF] End processing HTTP request after 1.2824ms - 200
[14:28:17 INF] Executed DbCommand (0ms) [Parameters=[@__mapId_0='?' (DbType = Int32)], CommandType='Text', CommandTimeout='30']
SELECT "m"."MapId", "m"."AcceptedAt", "m"."AcceptedBy", "m"."EstablishedAt", "m"."Name", "m"."PendingName", "m"."PendingSince"
FROM "MapNameBaselines" AS "m"
WHERE "m"."MapId" = @__mapId_0
LIMIT 2
[14:28:17 INF] Start processing HTTP request GET http://127.0.0.1:48408/api/imap/v1/mapInfo/stations/25
[14:28:17 INF] Sending HTTP request GET http://127.0.0.1:48408/api/imap/v1/mapInfo/stations/25
[14:28:17 INF] Received HTTP response headers after 0.4142ms - 200
[14:28:17 INF] End processing HTTP request after 1.1563ms - 200
[14:28:17 INF] Executed DbCommand (0ms) [Parameters=[@__mapId_0='?' (DbType = Int32)], CommandType='Text', CommandTimeout='30']
SELECT "t"."MapId", "t"."ActiveVersion", "t"."PendingVersion", "t"."State", "t"."UpdatedAt"
FROM "TaskTypeStationActiveBindingSets" AS "t"
WHERE "t"."MapId" = @__mapId_0
LIMIT 2
[14:28:17 INF] Executed DbCommand (0ms) [Parameters=[@__mapId_0='?' (DbType = Int32), @__version_1='?' (DbType = Int64)], CommandType='Text', CommandTimeout='30']
SELECT "t"."MapId", "t"."Version", "t"."CatalogRevision", "t"."ContentSha256", "t"."LoadedAt", "t"."RuleVersion", "t"."SnapshotId", "t"."Source"
FROM "TaskTypeStationBindingSetVersions" AS "t"
WHERE "t"."MapId" = @__mapId_0 AND "t"."Version" = @__version_1
LIMIT 2
[14:28:17 INF] Executed DbCommand (0ms) [Parameters=[@__mapId_0='?' (DbType = Int32), @__version_1='?' (DbType = Int64)], CommandType='Text', CommandTimeout='30']
SELECT "t"."TaskType"
FROM "TaskTypeStationRequirements" AS "t"
WHERE "t"."MapId" = @__mapId_0 AND "t"."Version" = @__version_1
[14:28:17 INF] Executed DbCommand (0ms) [Parameters=[@__mapId_0='?' (DbType = Int32), @__version_1='?' (DbType = Int64)], CommandType='Text', CommandTimeout='30']
SELECT "t"."MapId", "t"."Version", "t"."TaskType", "t"."SiteVerificationRef", "t"."StationName", "t"."StationRiotId"
FROM "TaskTypeStationBindings" AS "t"
WHERE "t"."MapId" = @__mapId_0 AND "t"."Version" = @__version_1
[14:28:17 INF] Executed DbCommand (0ms) [Parameters=[@__version_0='?' (DbType = Int64)], CommandType='Text', CommandTimeout='30']
SELECT "t"."Version", "t"."ContentSha256", "t"."LoadedAt", "t"."SnapshotId", "t"."Source"
FROM "TaskTypeStationRuleVersions" AS "t"
WHERE "t"."Version" = @__version_0
LIMIT 2
[14:28:17 INF] Executed DbCommand (0ms) [Parameters=[@__version_0='?' (DbType = Int64)], CommandType='Text', CommandTimeout='30']
SELECT "t"."Version", "t"."TaskType", "t"."FixedEnd"
FROM "TaskTypeStationRules" AS "t"
WHERE "t"."Version" = @__version_0
[14:28:17 INF] Executed DbCommand (0ms) [Parameters=[@__mapId_0='?' (DbType = Int32)], CommandType='Text', CommandTimeout='30']
SELECT "t"."MapId", "t"."ActiveVersion", "t"."PendingVersion", "t"."State", "t"."UpdatedAt"
FROM "TaskTypeStationActiveBindingSets" AS "t"
WHERE "t"."MapId" = @__mapId_0
LIMIT 2
[14:28:17 INF] Executed DbCommand (0ms) [Parameters=[@__mapId_0='?' (DbType = Int32)], CommandType='Text', CommandTimeout='30']
SELECT "t"."HoldId", "t"."DetailJson", "t"."MapId", "t"."RaisedAt", "t"."RaisedBy", "t"."ReasonCode", "t"."ReleasedAt", "t"."ReleasedBy", "t"."Source", "t"."TaskType"
FROM "TaskTypeStationHolds" AS "t"
WHERE "t"."MapId" = @__mapId_0 AND "t"."ReleasedAt" IS NULL
[14:28:17 INF] Executed DbCommand (0ms) [Parameters=[@__mapId_0='?' (DbType = Int32)], CommandType='Text', CommandTimeout='30']
SELECT "m"."MapId", "m"."ApprovedMaxUnconfirmedSeconds", "m"."ApprovedSyncPeriodSeconds", "m"."CatalogRevision", "m"."LastAttemptAt", "m"."LastCompleteConfirmationAt", "m"."LastFailureReason", "m"."State", "m"."UpdatedAt"
FROM "MapStationCatalogStates" AS "m"
WHERE "m"."MapId" = @__mapId_0
LIMIT 2
[14:28:17 INF] Executed DbCommand (0ms) [Parameters=[@p3='?' (DbType = Int32), @p0='?' (DbType = DateTimeOffset), @p1='?' (DbType = DateTimeOffset), @p2='?' (DbType = DateTimeOffset)], CommandType='Text', CommandTimeout='30']
UPDATE "MapStationCatalogStates" SET "LastAttemptAt" = @p0, "LastCompleteConfirmationAt" = @p1, "UpdatedAt" = @p2
WHERE "MapId" = @p3
RETURNING 1;
[14:28:17 INF] Executed DbCommand (0ms) [Parameters=[@__mapId_0='?' (DbType = Int32)], CommandType='Text', CommandTimeout='30']
SELECT "t"."MapId", "t"."ActiveVersion", "t"."PendingVersion", "t"."State", "t"."UpdatedAt"
FROM "TaskTypeStationActiveBindingSets" AS "t"
WHERE "t"."MapId" = @__mapId_0
LIMIT 2
[14:28:17 INF] Executed DbCommand (0ms) [Parameters=[@__mapId_0='?' (DbType = Int32), @__version_1='?' (DbType = Int64)], CommandType='Text', CommandTimeout='30']
SELECT "t"."MapId", "t"."Version", "t"."CatalogRevision", "t"."ContentSha256", "t"."LoadedAt", "t"."RuleVersion", "t"."SnapshotId", "t"."Source"
FROM "TaskTypeStationBindingSetVersions" AS "t"
WHERE "t"."MapId" = @__mapId_0 AND "t"."Version" = @__version_1
LIMIT 2
[14:28:17 INF] Executed DbCommand (0ms) [Parameters=[@__mapId_0='?' (DbType = Int32), @__version_1='?' (DbType = Int64)], CommandType='Text', CommandTimeout='30']
SELECT "t"."TaskType"
FROM "TaskTypeStationRequirements" AS "t"
WHERE "t"."MapId" = @__mapId_0 AND "t"."Version" = @__version_1
[14:28:17 INF] Executed DbCommand (0ms) [Parameters=[@__mapId_0='?' (DbType = Int32), @__version_1='?' (DbType = Int64)], CommandType='Text', CommandTimeout='30']
SELECT "t"."MapId", "t"."Version", "t"."TaskType", "t"."SiteVerificationRef", "t"."StationName", "t"."StationRiotId"
FROM "TaskTypeStationBindings" AS "t"
WHERE "t"."MapId" = @__mapId_0 AND "t"."Version" = @__version_1
[14:28:17 INF] Executed DbCommand (0ms) [Parameters=[@__mapId_0='?' (DbType = Int32)], CommandType='Text', CommandTimeout='30']
SELECT "t"."MapId", "t"."ActiveVersion", "t"."PendingVersion", "t"."State", "t"."UpdatedAt"
FROM "TaskTypeStationActiveBindingSets" AS "t"
WHERE "t"."MapId" = @__mapId_0
LIMIT 2
[14:28:17 INF] Executed DbCommand (0ms) [Parameters=[@__mapId_0='?' (DbType = Int32), @__version_1='?' (DbType = Int64)], CommandType='Text', CommandTimeout='30']
SELECT "t"."MapId", "t"."Version", "t"."CatalogRevision", "t"."ContentSha256", "t"."LoadedAt", "t"."RuleVersion", "t"."SnapshotId", "t"."Source"
FROM "TaskTypeStationBindingSetVersions" AS "t"
WHERE "t"."MapId" = @__mapId_0 AND "t"."Version" = @__version_1
LIMIT 2
[14:28:17 INF] Executed DbCommand (0ms) [Parameters=[@__mapId_0='?' (DbType = Int32), @__version_1='?' (DbType = Int64)], CommandType='Text', CommandTimeout='30']
SELECT "t"."TaskType"
FROM "TaskTypeStationRequirements" AS "t"
WHERE "t"."MapId" = @__mapId_0 AND "t"."Version" = @__version_1
[14:28:17 INF] Executed DbCommand (0ms) [Parameters=[@__mapId_0='?' (DbType = Int32), @__version_1='?' (DbType = Int64)], CommandType='Text', CommandTimeout='30']
SELECT "t"."MapId", "t"."Version", "t"."TaskType", "t"."SiteVerificationRef", "t"."StationName", "t"."StationRiotId"
FROM "TaskTypeStationBindings" AS "t"
WHERE "t"."MapId" = @__mapId_0 AND "t"."Version" = @__version_1
[14:28:17 INF] Executed DbCommand (0ms) [Parameters=[@__version_0='?' (DbType = Int64)], CommandType='Text', CommandTimeout='30']
SELECT "t"."Version", "t"."ContentSha256", "t"."LoadedAt", "t"."SnapshotId", "t"."Source"
FROM "TaskTypeStationRuleVersions" AS "t"
WHERE "t"."Version" = @__version_0
LIMIT 2
[14:28:17 INF] Executed DbCommand (0ms) [Parameters=[@__version_0='?' (DbType = Int64)], CommandType='Text', CommandTimeout='30']
SELECT "t"."Version", "t"."TaskType", "t"."FixedEnd"
FROM "TaskTypeStationRules" AS "t"
WHERE "t"."Version" = @__version_0
[14:28:17 INF] Executed DbCommand (0ms) [Parameters=[], CommandType='Text', CommandTimeout='30']
SELECT "a"."Id", "a"."ContentHash", "a"."DeploymentId", "a"."ImportedAt", "a"."Version"
FROM "AdmissionPolicyState" AS "a"
WHERE "a"."Id" = 1
LIMIT 2
[14:28:17 INF] Executed DbCommand (0ms) [Parameters=[], CommandType='Text', CommandTimeout='30']
SELECT "v"."VehicleKey", "v"."ClaimedAt", "v"."JourneyId", "v"."Purpose"
FROM "VehiclePurposeClaims" AS "v"
WHERE "v"."Purpose" = 'IDLE_RETURN'
[14:28:17 INF] Executed DbCommand (0ms) [Parameters=[], CommandType='Text', CommandTimeout='30']
SELECT "j"."JourneyId", "j"."AgvId", "j"."AgvLifecycleGeneration", "j"."AreaEndAdmissionRevokedSince", "j"."BlockReasonCode", "j"."BlockReasonSince", "j"."CargoHoldingStartedAt", "j"."ChargingPolicyVersion", "j"."ConsumedSafetyResultMessageId", "j"."ConsumedSublotMessageId", "j"."CreatedAt", "j"."DemandId", "j"."DispatchGeneration", "j"."DispatchZone", "j"."ExpectedBasketCount", "j"."FullSlotPositionsJson", "j"."GateMovementLegId", "j"."GatePlanMessageId", "j"."GateStationId", "j"."GateStationRiotId", "j"."GateUpperId", "j"."GateVehicleBusinessMessageId", "j"."GateWorklistMessageId", "j"."LoadCommandMessageId", "j"."LoadSlotOperationAttemptId", "j"."LoadingClosedReason", "j"."LoadingPhaseState", "j"."MapId", "j"."MapIdentity", "j"."OperationSessionId", "j"."PickupMovementLegId", "j"."PickupStationId", "j"."PickupStationRiotId", "j"."PickupUpperId", "j"."PlanMessageId", "j"."PlanRevision", "j"."PreDepartureSafetyCheckId", "j"."PreDepartureSafetyCheckMessageId", "j"."PublishedBatteryState", "j"."RouteEvidenceId", "j"."Stage", "j"."StationDepartureWaitStartedAt", "j"."SublotRequestMessageId", "j"."TargetSlotsJson", "j"."UnloadCommandMessageId", "j"."UnloadSlotOperationAttemptId", "j"."UpdatedAt", "j"."VehicleBusinessMessageId", "j"."VehicleBusinessRevision", "j"."VehicleKey", "j"."Version", "j"."WaitingBatteryObservedAt", "j"."WaitingBatteryPercent", "j"."WaitingSince", "j"."WaitingWarnedAt", "j"."WorklistMessageId", "j"."WorklistRevision", "j"."YieldTriggeredAt", "j"."YieldTriggeredByVehicleKey"
FROM "JourneyRuntimes" AS "j"
WHERE "j"."Stage" <> 'Completed'
[14:28:17 INF] Executed DbCommand (0ms) [Parameters=[@__holding_0='?' (Size = 129)], CommandType='Text', CommandTimeout='30']
SELECT "f"."AgvId"
FROM "ForeignRiotOrders" AS "f"
WHERE "f"."State" IN (
    SELECT "h"."value"
    FROM json_each(@__holding_0) AS "h"
)
[14:28:17 INF] Executed DbCommand (0ms) [Parameters=[], CommandType='Text', CommandTimeout='30']
SELECT "a"."DemandId"
FROM "AcceptedDemands" AS "a"
WHERE "a"."Status" NOT IN ('Succeeded', 'Cancelled') AND NOT EXISTS (
    SELECT 1
    FROM "AcceptedDemands" AS "a0"
    WHERE "a0"."Status" NOT IN ('Succeeded', 'Cancelled') AND NOT EXISTS (
        SELECT 1
        FROM "JourneyDemands" AS "j"
        WHERE "j"."DemandId" = "a0"."DemandId" AND "j"."RemovedAt" IS NULL) AND EXISTS (
        SELECT 1
        FROM "JourneyDemands" AS "j0"
        WHERE "j0"."DemandId" = "a0"."DemandId" AND "j0"."RemovedAt" IS NOT NULL AND "j0"."RemovalReason" = 'RELEASED_FOR_REDISPATCH' AND NOT EXISTS (
            SELECT 1
            FROM "JourneyDemands" AS "j1"
            WHERE "j1"."DemandId" = "a0"."DemandId" AND "j1"."DispatchGeneration" > "j0"."DispatchGeneration")) AND "a0"."DemandId" = "a"."DemandId")
[14:28:17 INF] Executed DbCommand (0ms) [Parameters=[], CommandType='Text', CommandTimeout='30']
SELECT "j"."DemandId"
FROM "JourneyDemands" AS "j"
WHERE "j"."RemovedAt" IS NULL
[14:28:17 INF] Start processing HTTP request GET http://127.0.0.1:48409/api/v2/contract
[14:28:17 INF] Sending HTTP request GET http://127.0.0.1:48409/api/v2/contract
[14:28:17 INF] Received HTTP response headers after 0.7842ms - 200
[14:28:17 INF] End processing HTTP request after 1.571ms - 200
[14:28:17 INF] Start processing HTTP request GET http://127.0.0.1:48409/api/v2/externally-readable-demand-catalog
[14:28:17 INF] Sending HTTP request GET http://127.0.0.1:48409/api/v2/externally-readable-demand-catalog
[14:28:17 INF] Received HTTP response headers after 3.4925ms - 200
[14:28:17 INF] End processing HTTP request after 4.2229ms - 200
[14:28:17 INF] Executed DbCommand (0ms) [Parameters=[], CommandType='Text', CommandTimeout='30']
SELECT "j"."DemandId", "j"."AcceptedAt", "j"."DecisionFingerprint", "j"."DemandCreatedAt", "j"."FirstSeenAt", "j"."LastSeenAt", "j"."ReasonCode", "j"."StarvationEscalatedAt", "j"."StarvationEscalationParameterVersion", "j"."TransportDemandKey"
FROM "JourneyBacklog" AS "j"
[14:28:17 INF] Executed DbCommand (0ms) [Parameters=[], CommandType='Text', CommandTimeout='30']
SELECT "a"."DemandId"
FROM "AcceptedDemands" AS "a"
WHERE NOT EXISTS (
    SELECT 1
    FROM "AcceptedDemands" AS "a0"
    WHERE "a0"."Status" NOT IN ('Succeeded', 'Cancelled') AND NOT EXISTS (
        SELECT 1
        FROM "JourneyDemands" AS "j"
        WHERE "j"."DemandId" = "a0"."DemandId" AND "j"."RemovedAt" IS NULL) AND EXISTS (
        SELECT 1
        FROM "JourneyDemands" AS "j0"
        WHERE "j0"."DemandId" = "a0"."DemandId" AND "j0"."RemovedAt" IS NOT NULL AND "j0"."RemovalReason" = 'RELEASED_FOR_REDISPATCH' AND NOT EXISTS (
            SELECT 1
            FROM "JourneyDemands" AS "j1"
            WHERE "j1"."DemandId" = "a0"."DemandId" AND "j1"."DispatchGeneration" > "j0"."DispatchGeneration")) AND "a0"."DemandId" = "a"."DemandId")
[14:28:17 INF] Executed DbCommand (0ms) [Parameters=[], CommandType='Text', CommandTimeout='30']
SELECT "j"."DemandId", MAX("j"."DispatchGeneration") AS "Generation"
FROM "JourneyDemands" AS "j"
WHERE EXISTS (
    SELECT 1
    FROM "AcceptedDemands" AS "a"
    WHERE "a"."Status" NOT IN ('Succeeded', 'Cancelled') AND NOT EXISTS (
        SELECT 1
        FROM "JourneyDemands" AS "j0"
        WHERE "j0"."DemandId" = "a"."DemandId" AND "j0"."RemovedAt" IS NULL) AND EXISTS (
        SELECT 1
        FROM "JourneyDemands" AS "j1"
        WHERE "j1"."DemandId" = "a"."DemandId" AND "j1"."RemovedAt" IS NOT NULL AND "j1"."RemovalReason" = 'RELEASED_FOR_REDISPATCH' AND NOT EXISTS (
            SELECT 1
            FROM "JourneyDemands" AS "j2"
            WHERE "j2"."DemandId" = "a"."DemandId" AND "j2"."DispatchGeneration" > "j1"."DispatchGeneration")) AND "a"."DemandId" = "j"."DemandId")
GROUP BY "j"."DemandId"
[14:28:17 INF] Executed DbCommand (0ms) [Parameters=[], CommandType='Text', CommandTimeout='30']
SELECT "v"."AgvId", "v"."TaskType", "v"."Allowed", "v"."ConfigurationVersion", "v"."UpdatedAt"
FROM "VehicleTaskTypeAdmissions" AS "v"
[14:28:17 INF] Executed DbCommand (0ms) [Parameters=[], CommandType='Text', CommandTimeout='30']
SELECT "v"."AgvId", "v"."ConfigurationVersion", "v"."RoundTimeoutMilliseconds", "v"."UpdatedAt"
FROM "VehicleDispatchBudgets" AS "v"
[14:28:17 INF] Executed DbCommand (0ms) [Parameters=[], CommandType='Text', CommandTimeout='30']
SELECT "d"."Zone", "d"."AgvId", "d"."ConfigurationVersion", "d"."UpdatedAt"
FROM "DispatchZoneVehicles" AS "d"
[14:28:17 INF] Executed DbCommand (0ms) [Parameters=[], CommandType='Text', CommandTimeout='30']
SELECT MAX("d"."Version")
FROM "DispatchZoneAreaAssignmentVersions" AS "d"
[14:28:17 INF] Executed DbCommand (0ms) [Parameters=[@__version_0='?' (DbType = Int64)], CommandType='Text', CommandTimeout='30']
SELECT "d"."Version", "d"."ContentSha256", "d"."EntryCount", "d"."ImportedAt", "d"."SnapshotId"
FROM "DispatchZoneAreaAssignmentVersions" AS "d"
WHERE "d"."Version" = @__version_0
LIMIT 2
[14:28:17 INF] Executed DbCommand (0ms) [Parameters=[@__version_0='?' (DbType = Int64)], CommandType='Text', CommandTimeout='30']
SELECT "d"."Version", "d"."Area", "d"."DispatchZone", "d"."SlotPosition"
FROM "DispatchZoneAreaAssignments" AS "d"
WHERE "d"."Version" = @__version_0
[14:28:17 INF] Executed DbCommand (0ms) [Parameters=[], CommandType='Text', CommandTimeout='30']
SELECT MAX("d"."Version")
FROM "DispatchZoneParameterVersions" AS "d"
[14:28:17 INF] Executed DbCommand (0ms) [Parameters=[], CommandType='Text', CommandTimeout='30']
SELECT "j"."AgvId", "j"."CreatedAt"
FROM "JourneyRuntimes" AS "j"
WHERE "j"."JourneyId" NOT LIKE 'idle-return:%' AND "j"."JourneyId" NOT LIKE 'charging:%'
[14:28:17 INF] Executed DbCommand (0ms) [Parameters=[@__agvId_0='?' (Size = 10)], CommandType='Text', CommandTimeout='30']
SELECT "a"."SlotModelVersionId", "a"."SnapshotId"
FROM "ActiveSlotConfigurations" AS "a"
WHERE "a"."AgvId" = @__agvId_0
LIMIT 2
[14:28:17 INF] Executed DbCommand (0ms) [Parameters=[@__agvId_0='?' (Size = 10)], CommandType='Text', CommandTimeout='30']
SELECT "s"."SlotModelVersionId", "s"."CreatedAt"
FROM "SlotIoBindings" AS "s"
WHERE "s"."AgvId" = @__agvId_0 AND "s"."Status" = 'PUBLISHED'
[14:28:17 INF] Executed DbCommand (0ms) [Parameters=[@__slotModelVersionId_0='?' (Size = 32)], CommandType='Text', CommandTimeout='30']
SELECT "s"."SlotModelVersionId", "s"."PhysicalSlotNumber", "s"."SlotPosition", "s"."SlotTemplateId"
FROM "SlotModelSlots" AS "s"
WHERE "s"."SlotModelVersionId" = @__slotModelVersionId_0
[14:28:17 INF] Executed DbCommand (0ms) [Parameters=[@__agvId_0='?' (Size = 10)], CommandType='Text', CommandTimeout='30']
SELECT "s"."AgvId", "s"."ActiveUnlockSlotsJson", "s"."CapabilityHash", "s"."CapabilityRevision", "s"."DepartureSafe", "s"."ForcedRecoveryGeneration", "s"."ManifestSha256", "s"."PendingAttemptIdsJson", "s"."PendingResultIdsJson", "s"."ProfileId", "s"."ProtocolCommit", "s"."ProtocolVersion", "s"."ProvenRecoveryCheckpoint", "s"."Readiness", "s"."ReasonCode", "s"."RecoveryReportId", "s"."ReportedForcedRecoveryGeneration", "s"."ReportedSlotConfigurationFingerprint", "s"."SafetyHash", "s"."SafetyReasonCodesJson", "s"."SafetyRevision", "s"."SafetyUnknownPresent", "s"."SessionGeneration", "s"."UnsettledSlotOperationAttemptId", "s"."UpdatedAt"
FROM "SessionRecoveries" AS "s"
WHERE "s"."AgvId" = @__agvId_0 AND "s"."Readiness" = 'Ready'
LIMIT 2
[14:28:17 INF] Executed DbCommand (0ms) [Parameters=[@__messageType_0='?' (Size = 18)], CommandType='Text', CommandTimeout='30']
SELECT "p"."MessageId", "p"."ContentHash", "p"."FirstResponseJson", "p"."MessageType", "p"."ReceivedAt", "p"."RequestJson"
FROM "ProtocolInbox" AS "p"
WHERE "p"."MessageType" = @__messageType_0
[14:28:17 INF] Executed DbCommand (0ms) [Parameters=[], CommandType='Text', CommandTimeout='30']
SELECT "p"."MessageId", "p"."ContentHash", "p"."FirstResponseJson", "p"."MessageType", "p"."ReceivedAt", "p"."RequestJson"
FROM "ProtocolInbox" AS "p"
WHERE "p"."MessageType" = 'SafetyStateSnapshot'
[14:28:17 INF] Executed DbCommand (0ms) [Parameters=[], CommandType='Text', CommandTimeout='30']
SELECT "p"."MessageId", "p"."ContentHash", "p"."FirstResponseJson", "p"."MessageType", "p"."ReceivedAt", "p"."RequestJson"
FROM "ProtocolInbox" AS "p"
WHERE "p"."MessageType" IN ('SafetyStateSnapshot', 'SafetyStateChanged')
[14:28:17 INF] Executed DbCommand (0ms) [Parameters=[], CommandType='Text', CommandTimeout='30']
SELECT "p"."MessageId", "p"."ContentHash", "p"."FirstResponseJson", "p"."MessageType", "p"."ReceivedAt", "p"."RequestJson"
FROM "ProtocolInbox" AS "p"
[14:28:17 INF] Start processing HTTP request GET http://127.0.0.1:48408/api/task/vehicles/getVehicleInfoByDeviceKey?key=BROKERX-L2-0001
[14:28:17 INF] Sending HTTP request GET http://127.0.0.1:48408/api/task/vehicles/getVehicleInfoByDeviceKey?key=BROKERX-L2-0001
[14:28:17 INF] Received HTTP response headers after 0.6181ms - 200
[14:28:17 INF] End processing HTTP request after 1.4021ms - 200
[14:28:17 INF] Executed DbCommand (0ms) [Parameters=[], CommandType='Text', CommandTimeout='30']
SELECT "c"."ActivationId", "c"."ActivatedAt", "c"."ActivatedBy", "c"."Sequence", "c"."Version"
FROM "ChargingPolicyActivations" AS "c"
ORDER BY "c"."Sequence" DESC
LIMIT 1
[14:28:17 INF] Executed DbCommand (0ms) [Parameters=[@__version_0='?' (DbType = Int64)], CommandType='Text', CommandTimeout='30']
SELECT "c"."ApprovalId", "c"."ApprovedAt", "c"."ApprovedBy", "c"."ApproverRole", "c"."BasisReference", "c"."Source", "c"."Version"
FROM "ChargingPolicyApprovals" AS "c"
WHERE "c"."Version" = @__version_0
[14:28:17 INF] Executed DbCommand (0ms) [Parameters=[@__version_0='?' (DbType = Int64)], CommandType='Text', CommandTimeout='30']
SELECT "c"."Version", "c"."ChangeNote", "c"."ChargingCompletionThresholdPercent", "c"."ContentSha256", "c"."EstimatedTaskConsumptionPercent", "c"."MandatoryChargeEntryThresholdPercent", "c"."MinimumPostTaskBatteryMarginPercent", "c"."ProgressMinimumIncreasePercent", "c"."ProgressObservationWindowSeconds", "c"."ProgressStabilizationSeconds", "c"."SnapshotId", "c"."WrittenAt"
FROM "ChargingPolicyVersions" AS "c"
WHERE "c"."Version" = @__version_0
LIMIT 2
[14:28:17 INF] Executed DbCommand (0ms) [Parameters=[@__version_0='?' (DbType = Int64)], CommandType='Text', CommandTimeout='30']
SELECT "c"."VehicleKey"
FROM "ChargingPolicyVehicleScopes" AS "c"
WHERE "c"."Version" = @__version_0
[14:28:17 INF] Executed DbCommand (0ms) [Parameters=[], CommandType='Text', CommandTimeout='30']
SELECT "s"."MapId", "s"."StationId", "s"."ChargerRosterVersion", "s"."JourneyId", "s"."RecordId", "s"."State", "s"."StateSince", "s"."StationKind", "s"."VehicleKey", "s"."WaitingPointVersion"
FROM "StationExclusivities" AS "s"
WHERE "s"."StationKind" = 'CHARGER'
[14:28:17 INF] Executed DbCommand (0ms) [Parameters=[@__vehicleKey_0='?' (Size = 15)], CommandType='Text', CommandTimeout='30']
SELECT "m"."VehicleKey", "m"."HoldId", "m"."Reason", "m"."Since", "m"."WarnedAt"
FROM "ManualChargingHolds" AS "m"
WHERE "m"."VehicleKey" = @__vehicleKey_0
LIMIT 2
[14:28:17 INF] Executed DbCommand (0ms) [Parameters=[@__vehicle_VehicleKey_0='?' (Size = 15)], CommandType='Text', CommandTimeout='30']
SELECT "m"."HoldId", "m"."ReleasedAt"
FROM "ManualChargingHoldRecords" AS "m"
WHERE "m"."VehicleKey" = @__vehicle_VehicleKey_0 AND "m"."ReleasedAt" IS NOT NULL
[14:28:17 INF] Executed DbCommand (0ms) [Parameters=[], CommandType='Text', CommandTimeout='30']
SELECT "s"."DemandId"
FROM "StructuralDispatchBlocks" AS "s"
WHERE "s"."ClearedAt" IS NULL
[14:28:17 INF] Executed DbCommand (0ms) [Parameters=[@__keys_0='?' (Size = 42)], CommandType='Text', CommandTimeout='30']
SELECT "t"."TransportDemandKey"
FROM "TransportDemandSuppressions" AS "t"
WHERE "t"."TransportDemandKey" IN (
    SELECT "k"."value"
    FROM json_each(@__keys_0) AS "k"
)
[14:28:17 INF] Executed DbCommand (0ms) [Parameters=[@__keys_0='?' (Size = 42)], CommandType='Text', CommandTimeout='30']
SELECT "a"."TransportDemandKey", "a"."DemandId"
FROM "AcceptedDemands" AS "a"
WHERE "a"."TransportDemandKey" IN (
    SELECT "k"."value"
    FROM json_each(@__keys_0) AS "k"
)
[14:28:17 INF] Executed DbCommand (0ms) [Parameters=[@__transportDemandKey_0='?' (Size = 38)], CommandType='Text', CommandTimeout='30']
SELECT "t"."TransportDemandKey", "t"."DemandId", "t"."ReasonCode", "t"."SuppressedAt"
FROM "TransportDemandSuppressions" AS "t"
WHERE "t"."TransportDemandKey" = @__transportDemandKey_0
LIMIT 2
[14:28:17 INF] Executed DbCommand (0ms) [Parameters=[@__key_0='?' (Size = 38), @__demandId_1='?' (Size = 36)], CommandType='Text', CommandTimeout='30']
SELECT EXISTS (
    SELECT 1
    FROM "AcceptedDemands" AS "a"
    WHERE "a"."TransportDemandKey" = @__key_0 AND "a"."DemandId" <> @__demandId_1)
[14:28:17 INF] Executed DbCommand (0ms) [Parameters=[@__agvId_0='?' (Size = 10)], CommandType='Text', CommandTimeout='30']
SELECT "v"."AgvId", "v"."ClearedAt", "v"."ClearedReason", "v"."EnteredAt", "v"."EscalatedAt", "v"."EvidenceCode", "v"."EvidenceOnAutoConfirmWhitelist", "v"."FaultGeneration", "v"."LastEvaluatedAt", "v"."Level", "v"."StopProven", "v"."StopProvenAt"
FROM "VehicleFaultStates" AS "v"
WHERE "v"."AgvId" = @__agvId_0
LIMIT 2
[14:28:17 INF] Executed DbCommand (0ms) [Parameters=[@__agvId_0='?' (Size = 10)], CommandType='Text', CommandTimeout='30']
SELECT EXISTS (
    SELECT 1
    FROM "SlotDoorHolds" AS "s"
    WHERE "s"."AgvId" = @__agvId_0 AND "s"."ReleasedAt" IS NULL)
[14:28:17 INF] Executed DbCommand (0ms) [Parameters=[@__evaluation_Vehicle_VehicleKey_0='?' (Size = 15)], CommandType='Text', CommandTimeout='30']
SELECT EXISTS (
    SELECT 1
    FROM "VehiclePurposeClaims" AS "v"
    WHERE "v"."VehicleKey" = @__evaluation_Vehicle_VehicleKey_0 AND "v"."Purpose" = 'IDLE_RETURN')
[14:28:17 INF] Executed DbCommand (0ms) [Parameters=[], CommandType='Text', CommandTimeout='30']
SELECT "c"."ActivationId", "c"."ActivatedAt", "c"."ActivatedBy", "c"."Sequence", "c"."Version"
FROM "ChargingPolicyActivations" AS "c"
ORDER BY "c"."Sequence" DESC
LIMIT 1
[14:28:17 INF] Executed DbCommand (0ms) [Parameters=[@__version_0='?' (DbType = Int64)], CommandType='Text', CommandTimeout='30']
SELECT "c"."ApprovalId", "c"."ApprovedAt", "c"."ApprovedBy", "c"."ApproverRole", "c"."BasisReference", "c"."Source", "c"."Version"
FROM "ChargingPolicyApprovals" AS "c"
WHERE "c"."Version" = @__version_0
[14:28:17 INF] Executed DbCommand (0ms) [Parameters=[@__version_0='?' (DbType = Int64)], CommandType='Text', CommandTimeout='30']
SELECT "c"."Version", "c"."ChangeNote", "c"."ChargingCompletionThresholdPercent", "c"."ContentSha256", "c"."EstimatedTaskConsumptionPercent", "c"."MandatoryChargeEntryThresholdPercent", "c"."MinimumPostTaskBatteryMarginPercent", "c"."ProgressMinimumIncreasePercent", "c"."ProgressObservationWindowSeconds", "c"."ProgressStabilizationSeconds", "c"."SnapshotId", "c"."WrittenAt"
FROM "ChargingPolicyVersions" AS "c"
WHERE "c"."Version" = @__version_0
LIMIT 2
[14:28:17 INF] Executed DbCommand (0ms) [Parameters=[@__version_0='?' (DbType = Int64)], CommandType='Text', CommandTimeout='30']
SELECT "c"."VehicleKey"
FROM "ChargingPolicyVehicleScopes" AS "c"
WHERE "c"."Version" = @__version_0
[14:28:17 INF] Executed DbCommand (0ms) [Parameters=[@__vehicleKey_0='?' (Size = 15)], CommandType='Text', CommandTimeout='30']
SELECT EXISTS (
    SELECT 1
    FROM "VehiclePurposeClaims" AS "v"
    WHERE "v"."VehicleKey" = @__vehicleKey_0 AND "v"."Purpose" = 'CHARGING')
[14:28:17 INF] Executed DbCommand (0ms) [Parameters=[@__vehicleKey_0='?' (Size = 15)], CommandType='Text', CommandTimeout='30']
SELECT EXISTS (
    SELECT 1
    FROM "ManualChargingHolds" AS "m"
    WHERE "m"."VehicleKey" = @__vehicleKey_0)
[14:28:17 INF] Executed DbCommand (0ms) [Parameters=[@__mapId_0='?' (DbType = Int32)], CommandType='Text', CommandTimeout='30']
SELECT "m"."MapId", "m"."ApprovedMaxUnconfirmedSeconds", "m"."ApprovedSyncPeriodSeconds", "m"."CatalogRevision", "m"."LastAttemptAt", "m"."LastCompleteConfirmationAt", "m"."LastFailureReason", "m"."State", "m"."UpdatedAt"
FROM "MapStationCatalogStates" AS "m"
WHERE "m"."MapId" = @__mapId_0
LIMIT 2
[14:28:17 INF] Executed DbCommand (0ms) [Parameters=[], CommandType='Text', CommandTimeout='30']
SELECT "p"."RuleId", "p"."EffectiveAt", "p"."MatchType", "p"."MaxBoxesPerBasket", "p"."Pattern", "p"."Source", "p"."SupersededAt", "p"."Version"
FROM "PackageCapacityRules" AS "p"
WHERE "p"."SupersededAt" IS NULL
[14:28:17 INF] Executed DbCommand (0ms) [Parameters=[@__package_0='?' (Size = 10)], CommandType='Text', CommandTimeout='30']
SELECT "m"."Package", "m"."FirstSeenAt", "m"."LastSeenAt", "m"."Status"
FROM "MissingPackages" AS "m"
WHERE "m"."Package" = @__package_0
LIMIT 2
[14:28:17 INF] Executed DbCommand (0ms) [Parameters=[@__stationId_0='?' (Size = 9), @__taskType_1='?' (Size = 12)], CommandType='Text', CommandTimeout='30']
SELECT EXISTS (
    SELECT 1
    FROM "StationTaskTypeAdmissions" AS "s"
    WHERE "s"."StationId" = @__stationId_0 AND "s"."TaskType" = @__taskType_1)
[14:28:17 INF] Start processing HTTP request POST http://127.0.0.1:48408/api/task/v1/route/getRouteCostsBy
[14:28:17 INF] Sending HTTP request POST http://127.0.0.1:48408/api/task/v1/route/getRouteCostsBy
[14:28:17 INF] Received HTTP response headers after 11.7868ms - 200
[14:28:17 INF] End processing HTTP request after 13.1838ms - 200
[14:28:17 INF] Executed DbCommand (0ms) [Parameters=[@__demandId_0='?' (Size = 36)], CommandType='Text', CommandTimeout='30']
SELECT "c"."GateAuditId", "c"."AgvId", "c"."ConflictDetail", "c"."DemandId", "c"."EvaluatedAt", "c"."GraphReachable", "c"."GraphTraversalCostMm", "c"."MapId", "c"."RiotRouteCostMm", "c"."TargetStationId", "c"."TransportDemandKey", "c"."Verdict"
FROM "CreateGateAudit" AS "c"
WHERE "c"."DemandId" = @__demandId_0
[14:28:17 INF] Start processing HTTP request GET http://127.0.0.1:48408/api/task/v1/task/getVehicleInfo/BROKERX-L2-0001
[14:28:17 INF] Sending HTTP request GET http://127.0.0.1:48408/api/task/v1/task/getVehicleInfo/BROKERX-L2-0001
[14:28:17 INF] Received HTTP response headers after 1.0606ms - 200
[14:28:17 INF] End processing HTTP request after 2.4959ms - 200
[14:28:17 INF] Start processing HTTP request GET http://127.0.0.1:48408/api/order/v1/orderRecord?pageNum=1&pageSize=100&filterByState=1&filterByState=3&filterByState=7&filterByState=8&filterByState=9&filterByState=10
[14:28:17 INF] Sending HTTP request GET http://127.0.0.1:48408/api/order/v1/orderRecord?pageNum=1&pageSize=100&filterByState=1&filterByState=3&filterByState=7&filterByState=8&filterByState=9&filterByState=10
[14:28:17 INF] Received HTTP response headers after 0.4454ms - 200
[14:28:17 INF] End processing HTTP request after 1.2947ms - 200
[14:28:17 INF] HTTP GET /api/onboard/v1/vehicle-safety responded 200 in 5.0386 ms
[14:28:17 INF] Executed DbCommand (1ms) [Parameters=[@p0='?' (Size = 36), @p1='?' (Size = 10), @p2='?', @p3='?' (Size = 36), @p4='?' (DbType = DateTimeOffset), @p5='?' (DbType = Boolean), @p6='?' (DbType = Int64), @p7='?' (DbType = Int32), @p8='?' (DbType = Int64), @p9='?' (DbType = Int32), @p10='?' (Size = 38), @p11='?' (Size = 7)], CommandType='Text', CommandTimeout='30']
INSERT INTO "CreateGateAudit" ("GateAuditId", "AgvId", "ConflictDetail", "DemandId", "EvaluatedAt", "GraphReachable", "GraphTraversalCostMm", "MapId", "RiotRouteCostMm", "TargetStationId", "TransportDemandKey", "Verdict")
VALUES (@p0, @p1, @p2, @p3, @p4, @p5, @p6, @p7, @p8, @p9, @p10, @p11);
[14:28:17 INF] Start processing HTTP request GET http://127.0.0.1:48409/api/v2/sublot-box-count?sublot=G3-01-20261010T062647215Z
[14:28:17 INF] Sending HTTP request GET http://127.0.0.1:48409/api/v2/sublot-box-count?sublot=G3-01-20261010T062647215Z
[14:28:17 INF] Received HTTP response headers after 7.2239ms - 200
[14:28:17 INF] End processing HTTP request after 8.0808ms - 200
[14:28:17 INF] Executed DbCommand (0ms) [Parameters=[@__agvId_0='?' (Size = 10)], CommandType='Text', CommandTimeout='30']
SELECT "j"."JourneyId"
FROM "JourneyRuntimes" AS "j"
WHERE "j"."AgvId" = @__agvId_0 AND "j"."Stage" <> 'Completed'
[14:28:17 INF] Executed DbCommand (1ms) [Parameters=[@p0='?' (Size = 36), @p1='?' (DbType = DateTimeOffset), @p2='?' (Size = 64), @p3='?' (DbType = DateTimeOffset), @p4='?' (DbType = DateTimeOffset), @p5='?' (DbType = DateTimeOffset), @p6='?' (Size = 8), @p7='?' (DbType = DateTimeOffset), @p8='?' (DbType = Int64), @p9='?' (Size = 38)], CommandType='Text', CommandTimeout='30']
INSERT INTO "JourneyBacklog" ("DemandId", "AcceptedAt", "DecisionFingerprint", "DemandCreatedAt", "FirstSeenAt", "LastSeenAt", "ReasonCode", "StarvationEscalatedAt", "StarvationEscalationParameterVersion", "TransportDemandKey")
VALUES (@p0, @p1, @p2, @p3, @p4, @p5, @p6, @p7, @p8, @p9);
[14:28:17 INF] Executed DbCommand (0ms) [Parameters=[@__selected_Vehicle_VehicleKey_0='?' (Size = 15)], CommandType='Text', CommandTimeout='30']
SELECT EXISTS (
    SELECT 1
    FROM "VehiclePurposeClaims" AS "v"
    WHERE "v"."VehicleKey" = @__selected_Vehicle_VehicleKey_0)
[14:28:17 INF] Executed DbCommand (0ms) [Parameters=[@__agvId_0='?' (Size = 10)], CommandType='Text', CommandTimeout='30']
SELECT "s"."AgvId", "s"."ActiveUnlockSlotsJson", "s"."CapabilityHash", "s"."CapabilityRevision", "s"."DepartureSafe", "s"."ForcedRecoveryGeneration", "s"."ManifestSha256", "s"."PendingAttemptIdsJson", "s"."PendingResultIdsJson", "s"."ProfileId", "s"."ProtocolCommit", "s"."ProtocolVersion", "s"."ProvenRecoveryCheckpoint", "s"."Readiness", "s"."ReasonCode", "s"."RecoveryReportId", "s"."ReportedForcedRecoveryGeneration", "s"."ReportedSlotConfigurationFingerprint", "s"."SafetyHash", "s"."SafetyReasonCodesJson", "s"."SafetyRevision", "s"."SafetyUnknownPresent", "s"."SessionGeneration", "s"."UnsettledSlotOperationAttemptId", "s"."UpdatedAt"
FROM "SessionRecoveries" AS "s"
WHERE "s"."AgvId" = @__agvId_0 AND "s"."Readiness" = 'Ready'
LIMIT 2
[14:28:17 INF] Executed DbCommand (0ms) [Parameters=[@__messageType_0='?' (Size = 18)], CommandType='Text', CommandTimeout='30']
SELECT "p"."MessageId", "p"."ContentHash", "p"."FirstResponseJson", "p"."MessageType", "p"."ReceivedAt", "p"."RequestJson"
FROM "ProtocolInbox" AS "p"
WHERE "p"."MessageType" = @__messageType_0
[14:28:17 INF] Executed DbCommand (0ms) [Parameters=[], CommandType='Text', CommandTimeout='30']
SELECT "p"."MessageId", "p"."ContentHash", "p"."FirstResponseJson", "p"."MessageType", "p"."ReceivedAt", "p"."RequestJson"
FROM "ProtocolInbox" AS "p"
WHERE "p"."MessageType" = 'SafetyStateSnapshot'
[14:28:17 INF] Executed DbCommand (0ms) [Parameters=[], CommandType='Text', CommandTimeout='30']
SELECT "p"."MessageId", "p"."ContentHash", "p"."FirstResponseJson", "p"."MessageType", "p"."ReceivedAt", "p"."RequestJson"
FROM "ProtocolInbox" AS "p"
WHERE "p"."MessageType" IN ('SafetyStateSnapshot', 'SafetyStateChanged')
[14:28:17 INF] Executed DbCommand (0ms) [Parameters=[], CommandType='Text', CommandTimeout='30']
SELECT "p"."MessageId", "p"."ContentHash", "p"."FirstResponseJson", "p"."MessageType", "p"."ReceivedAt", "p"."RequestJson"
FROM "ProtocolInbox" AS "p"
[14:28:17 INF] Start processing HTTP request GET http://127.0.0.1:48408/api/task/vehicles/getVehicleInfoByDeviceKey?key=BROKERX-L2-0001
[14:28:17 INF] Sending HTTP request GET http://127.0.0.1:48408/api/task/vehicles/getVehicleInfoByDeviceKey?key=BROKERX-L2-0001
[14:28:17 INF] Received HTTP response headers after 0.5245ms - 200
[14:28:17 INF] End processing HTTP request after 1.2649ms - 200
[14:28:17 INF] Start processing HTTP request GET http://127.0.0.1:48409/api/v2/contract
[14:28:17 INF] Sending HTTP request GET http://127.0.0.1:48409/api/v2/contract
[14:28:17 INF] Received HTTP response headers after 0.5986ms - 200
[14:28:17 INF] End processing HTTP request after 1.5451ms - 200
[14:28:17 INF] Start processing HTTP request GET http://127.0.0.1:48409/api/v2/externally-readable-demand-catalog
[14:28:17 INF] Sending HTTP request GET http://127.0.0.1:48409/api/v2/externally-readable-demand-catalog
[14:28:17 INF] Received HTTP response headers after 0.4702ms - 200
[14:28:17 INF] End processing HTTP request after 1.1825ms - 200
[14:28:17 INF] Executed DbCommand (0ms) [Parameters=[@__agvId_0='?' (Size = 10)], CommandType='Text', CommandTimeout='30']
SELECT "s"."AgvId", "s"."ActiveUnlockSlotsJson", "s"."CapabilityHash", "s"."CapabilityRevision", "s"."DepartureSafe", "s"."ForcedRecoveryGeneration", "s"."ManifestSha256", "s"."PendingAttemptIdsJson", "s"."PendingResultIdsJson", "s"."ProfileId", "s"."ProtocolCommit", "s"."ProtocolVersion", "s"."ProvenRecoveryCheckpoint", "s"."Readiness", "s"."ReasonCode", "s"."RecoveryReportId", "s"."ReportedForcedRecoveryGeneration", "s"."ReportedSlotConfigurationFingerprint", "s"."SafetyHash", "s"."SafetyReasonCodesJson", "s"."SafetyRevision", "s"."SafetyUnknownPresent", "s"."SessionGeneration", "s"."UnsettledSlotOperationAttemptId", "s"."UpdatedAt"
FROM "SessionRecoveries" AS "s"
WHERE "s"."AgvId" = @__agvId_0 AND "s"."Readiness" = 'Ready'
LIMIT 2
[14:28:17 INF] Executed DbCommand (0ms) [Parameters=[@__messageType_0='?' (Size = 18)], CommandType='Text', CommandTimeout='30']
SELECT "p"."MessageId", "p"."ContentHash", "p"."FirstResponseJson", "p"."MessageType", "p"."ReceivedAt", "p"."RequestJson"
FROM "ProtocolInbox" AS "p"
WHERE "p"."MessageType" = @__messageType_0
[14:28:17 INF] Executed DbCommand (0ms) [Parameters=[], CommandType='Text', CommandTimeout='30']
SELECT "p"."MessageId", "p"."ContentHash", "p"."FirstResponseJson", "p"."MessageType", "p"."ReceivedAt", "p"."RequestJson"
FROM "ProtocolInbox" AS "p"
WHERE "p"."MessageType" = 'SafetyStateSnapshot'
[14:28:17 INF] Executed DbCommand (0ms) [Parameters=[], CommandType='Text', CommandTimeout='30']
SELECT "p"."MessageId", "p"."ContentHash", "p"."FirstResponseJson", "p"."MessageType", "p"."ReceivedAt", "p"."RequestJson"
FROM "ProtocolInbox" AS "p"
WHERE "p"."MessageType" IN ('SafetyStateSnapshot', 'SafetyStateChanged')
[14:28:17 INF] Executed DbCommand (0ms) [Parameters=[], CommandType='Text', CommandTimeout='30']
SELECT "p"."MessageId", "p"."ContentHash", "p"."FirstResponseJson", "p"."MessageType", "p"."ReceivedAt", "p"."RequestJson"
FROM "ProtocolInbox" AS "p"
[14:28:17 INF] Start processing HTTP request GET http://127.0.0.1:48408/api/task/vehicles/getVehicleInfoByDeviceKey?key=BROKERX-L2-0001
[14:28:17 INF] Sending HTTP request GET http://127.0.0.1:48408/api/task/vehicles/getVehicleInfoByDeviceKey?key=BROKERX-L2-0001
[14:28:17 INF] Received HTTP response headers after 0.5025ms - 200
[14:28:17 INF] End processing HTTP request after 1.2657ms - 200
[14:28:17 INF] Executed DbCommand (0ms) [Parameters=[@__snapshot_DemandId_0='?' (Size = 36), @__snapshot_TransportDemandKey_1='?' (Size = 38)], CommandType='Text', CommandTimeout='30']
SELECT "a"."DemandId", "a"."AcceptedAt", "a"."CatalogRevision", "a"."CreatedAt", "a"."DemandRevision", "a"."Generation", "a"."HistoryEpoch", "a"."LiveMesFieldsJson", "a"."SeriesId", "a"."Status", "a"."Sublot", "a"."TransportDemandKey", "a"."ValueObservedAt", "a"."ValuePollTraceId", "a"."ValueProjectionCommitId", "a"."WorkType"
FROM "AcceptedDemands" AS "a"
WHERE "a"."DemandId" = @__snapshot_DemandId_0 OR "a"."TransportDemandKey" = @__snapshot_TransportDemandKey_1
LIMIT 2
[14:28:17 INF] Executed DbCommand (0ms) [Parameters=[], CommandType='Text', CommandTimeout='30']
SELECT MAX("d"."Version")
FROM "DispatchZoneAreaAssignmentVersions" AS "d"
[14:28:17 INF] Executed DbCommand (0ms) [Parameters=[@__demandId_0='?' (Size = 36)], CommandType='Text', CommandTimeout='30']
SELECT "c"."ConsumerKind", "c"."ConsumerId", "c"."ObjectKind", "c"."ObjectId", "c"."FrozenAt", "c"."FrozenVersion", "c"."SnapshotId"
FROM "ConfigurationConsumerBindings" AS "c"
WHERE "c"."ConsumerKind" = 'TransportDemand' AND "c"."ObjectKind" = 'DispatchZoneAreaAssignment' AND "c"."ObjectId" = 'dispatch-zone-area-assignment' AND "c"."ConsumerId" = @__demandId_0
LIMIT 2
[14:28:17 INF] Executed DbCommand (0ms) [Parameters=[@__version_0='?' (DbType = Int64)], CommandType='Text', CommandTimeout='30']
SELECT "d"."Version", "d"."ContentSha256", "d"."EntryCount", "d"."ImportedAt", "d"."SnapshotId"
FROM "DispatchZoneAreaAssignmentVersions" AS "d"
WHERE "d"."Version" = @__version_0
LIMIT 2
[14:28:17 INF] Executed DbCommand (0ms) [Parameters=[@p0='?' (Size = 36), @p1='?' (Size = 15), @p2='?' (Size = 29), @p3='?' (Size = 26), @p4='?' (DbType = DateTimeOffset), @p5='?' (DbType = Int64), @p6='?' (Size = 32)], CommandType='Text', CommandTimeout='30']
INSERT INTO "ConfigurationConsumerBindings" ("ConsumerId", "ConsumerKind", "ObjectId", "ObjectKind", "FrozenAt", "FrozenVersion", "SnapshotId")
VALUES (@p0, @p1, @p2, @p3, @p4, @p5, @p6);
[14:28:17 INF] Executed DbCommand (0ms) [Parameters=[@__snapshot_DemandId_0='?' (Size = 36)], CommandType='Text', CommandTimeout='30']
DELETE FROM "FrozenDemandStations" AS "f"
WHERE "f"."DemandId" = @__snapshot_DemandId_0
[14:28:17 INF] Executed DbCommand (0ms) [Parameters=[@__demandId_0='?' (Size = 36)], CommandType='Text', CommandTimeout='30']
SELECT "f"."DemandId", "f"."Role", "f"."CatalogRevision", "f"."FrozenAt", "f"."MapId", "f"."StationId", "f"."StationName", "f"."TransportDemandKey"
FROM "FrozenDemandStations" AS "f"
WHERE "f"."DemandId" = @__demandId_0
[14:28:17 INF] Executed DbCommand (0ms) [Parameters=[@p0='?' (Size = 36), @p1='?' (Size = 6), @p2='?' (DbType = Int64), @p3='?' (DbType = DateTimeOffset), @p4='?' (DbType = Int32), @p5='?' (DbType = Int32), @p6='?' (Size = 9), @p7='?' (Size = 38)], CommandType='Text', CommandTimeout='30']
INSERT INTO "FrozenDemandStations" ("DemandId", "Role", "CatalogRevision", "FrozenAt", "MapId", "StationId", "StationName", "TransportDemandKey")
VALUES (@p0, @p1, @p2, @p3, @p4, @p5, @p6, @p7);
[14:28:17 INF] Executed DbCommand (0ms) [Parameters=[@p0='?' (Size = 36), @p1='?' (Size = 7), @p2='?' (DbType = Int64), @p3='?' (DbType = DateTimeOffset), @p4='?' (DbType = Int32), @p5='?' (DbType = Int32), @p6='?' (Size = 2), @p7='?' (Size = 38)], CommandType='Text', CommandTimeout='30']
INSERT INTO "FrozenDemandStations" ("DemandId", "Role", "CatalogRevision", "FrozenAt", "MapId", "StationId", "StationName", "TransportDemandKey")
VALUES (@p0, @p1, @p2, @p3, @p4, @p5, @p6, @p7);
[14:28:17 INF] Executed DbCommand (0ms) [Parameters=[@__demandId_0='?' (Size = 36)], CommandType='Text', CommandTimeout='30']
SELECT "c"."ConsumerKind", "c"."ConsumerId", "c"."ObjectKind", "c"."ObjectId", "c"."FrozenAt", "c"."FrozenVersion", "c"."SnapshotId"
FROM "ConfigurationConsumerBindings" AS "c"
WHERE "c"."ConsumerKind" = 'TransportDemand' AND "c"."ConsumerId" = @__demandId_0 AND (("c"."ObjectKind" = 'TaskTypeStationRule' AND "c"."ObjectId" = 'task-type-station-rules') OR ("c"."ObjectKind" = 'PublicStationBinding' AND "c"."ObjectId" LIKE 'map-%'))
[14:28:17 INF] Executed DbCommand (0ms) [Parameters=[@__ruleVersion_0='?' (DbType = Int64)], CommandType='Text', CommandTimeout='30']
SELECT "t"."Version", "t"."ContentSha256", "t"."LoadedAt", "t"."SnapshotId", "t"."Source"
FROM "TaskTypeStationRuleVersions" AS "t"
WHERE "t"."Version" = @__ruleVersion_0
LIMIT 2
[14:28:17 INF] Executed DbCommand (0ms) [Parameters=[@__mapId_0='?' (DbType = Int32), @__bindingSetVersion_1='?' (DbType = Int64)], CommandType='Text', CommandTimeout='30']
SELECT "t"."MapId", "t"."Version", "t"."CatalogRevision", "t"."ContentSha256", "t"."LoadedAt", "t"."RuleVersion", "t"."SnapshotId", "t"."Source"
FROM "TaskTypeStationBindingSetVersions" AS "t"
WHERE "t"."MapId" = @__mapId_0 AND "t"."Version" = @__bindingSetVersion_1
LIMIT 2
[14:28:17 INF] Executed DbCommand (0ms) [Parameters=[@p0='?' (Size = 36), @p1='?' (Size = 15), @p2='?' (Size = 6), @p3='?' (Size = 20), @p4='?' (DbType = DateTimeOffset), @p5='?' (DbType = Int64), @p6='?' (Size = 32)], CommandType='Text', CommandTimeout='30']
INSERT INTO "ConfigurationConsumerBindings" ("ConsumerId", "ConsumerKind", "ObjectId", "ObjectKind", "FrozenAt", "FrozenVersion", "SnapshotId")
VALUES (@p0, @p1, @p2, @p3, @p4, @p5, @p6);
[14:28:17 INF] Executed DbCommand (0ms) [Parameters=[@p0='?' (Size = 36), @p1='?' (Size = 15), @p2='?' (Size = 23), @p3='?' (Size = 19), @p4='?' (DbType = DateTimeOffset), @p5='?' (DbType = Int64), @p6='?' (Size = 32)], CommandType='Text', CommandTimeout='30']
INSERT INTO "ConfigurationConsumerBindings" ("ConsumerId", "ConsumerKind", "ObjectId", "ObjectKind", "FrozenAt", "FrozenVersion", "SnapshotId")
VALUES (@p0, @p1, @p2, @p3, @p4, @p5, @p6);
[14:28:17 INF] Executed DbCommand (0ms) [Parameters=[@__runtime_AgvId_0='?' (Size = 10)], CommandType='Text', CommandTimeout='30']
SELECT "v"."AgvId", "v"."PlanRevision", "v"."VehicleBusinessRevision", "v"."WorklistRevision"
FROM "VehicleSnapshotRevisions" AS "v"
WHERE "v"."AgvId" = @__runtime_AgvId_0
LIMIT 2
[14:28:17 INF] Executed DbCommand (0ms) [Parameters=[@__runtime_AgvId_0='?' (Size = 10)], CommandType='Text', CommandTimeout='30']
SELECT "v"."AgvId", "v"."PlanRevision", "v"."VehicleBusinessRevision", "v"."WorklistRevision"
FROM "VehicleSnapshotRevisions" AS "v"
WHERE "v"."AgvId" = @__runtime_AgvId_0
LIMIT 2
[14:28:17 INF] Executed DbCommand (0ms) [Parameters=[@__triggeringVehicleKey_0='?' (Size = 15)], CommandType='Text', CommandTimeout='30']
SELECT "j"."JourneyId", "j"."AgvId", "j"."AgvLifecycleGeneration", "j"."AreaEndAdmissionRevokedSince", "j"."BlockReasonCode", "j"."BlockReasonSince", "j"."CargoHoldingStartedAt", "j"."ChargingPolicyVersion", "j"."ConsumedSafetyResultMessageId", "j"."ConsumedSublotMessageId", "j"."CreatedAt", "j"."DemandId", "j"."DispatchGeneration", "j"."DispatchZone", "j"."ExpectedBasketCount", "j"."FullSlotPositionsJson", "j"."GateMovementLegId", "j"."GatePlanMessageId", "j"."GateStationId", "j"."GateStationRiotId", "j"."GateUpperId", "j"."GateVehicleBusinessMessageId", "j"."GateWorklistMessageId", "j"."LoadCommandMessageId", "j"."LoadSlotOperationAttemptId", "j"."LoadingClosedReason", "j"."LoadingPhaseState", "j"."MapId", "j"."MapIdentity", "j"."OperationSessionId", "j"."PickupMovementLegId", "j"."PickupStationId", "j"."PickupStationRiotId", "j"."PickupUpperId", "j"."PlanMessageId", "j"."PlanRevision", "j"."PreDepartureSafetyCheckId", "j"."PreDepartureSafetyCheckMessageId", "j"."PublishedBatteryState", "j"."RouteEvidenceId", "j"."Stage", "j"."StationDepartureWaitStartedAt", "j"."SublotRequestMessageId", "j"."TargetSlotsJson", "j"."UnloadCommandMessageId", "j"."UnloadSlotOperationAttemptId", "j"."UpdatedAt", "j"."VehicleBusinessMessageId", "j"."VehicleBusinessRevision", "j"."VehicleKey", "j"."Version", "j"."WaitingBatteryObservedAt", "j"."WaitingBatteryPercent", "j"."WaitingSince", "j"."WaitingWarnedAt", "j"."WorklistMessageId", "j"."WorklistRevision", "j"."YieldTriggeredAt", "j"."YieldTriggeredByVehicleKey"
FROM "JourneyRuntimes" AS "j"
WHERE "j"."Stage" NOT IN ('Completed', 'Blocked') AND "j"."VehicleKey" <> @__triggeringVehicleKey_0 AND "j"."YieldTriggeredAt" IS NULL AND "j"."LoadingPhaseState" IN ('CARGO_HOLDING_WAIT', 'VEHICLE_FULL')
[14:28:17 INF] Executed DbCommand (0ms) [Parameters=[@__snapshot_DemandId_0='?' (Size = 36)], CommandType='Text', CommandTimeout='30']
SELECT "j"."DemandId", "j"."AcceptedAt", "j"."DecisionFingerprint", "j"."DemandCreatedAt", "j"."FirstSeenAt", "j"."LastSeenAt", "j"."ReasonCode", "j"."StarvationEscalatedAt", "j"."StarvationEscalationParameterVersion", "j"."TransportDemandKey"
FROM "JourneyBacklog" AS "j"
WHERE "j"."DemandId" = @__snapshot_DemandId_0
LIMIT 2
[14:28:17 INF] Executed DbCommand (0ms) [Parameters=[@p0='?' (Size = 36), @p1='?' (DbType = DateTimeOffset), @p2='?' (DbType = Int64), @p3='?' (DbType = DateTimeOffset), @p4='?' (DbType = Int64), @p5='?' (DbType = Int32), @p6='?' (Size = 36), @p7='?' (Size = 89), @p8='?' (Size = 39), @p9='?' (Size = 8), @p10='?' (Size = 25), @p11='?' (Size = 38), @p12='?' (DbType = DateTimeOffset), @p13='?' (Size = 38), @p14='?' (Size = 39), @p15='?' (Size = 12)], CommandType='Text', CommandTimeout='30']
INSERT INTO "AcceptedDemands" ("DemandId", "AcceptedAt", "CatalogRevision", "CreatedAt", "DemandRevision", "Generation", "HistoryEpoch", "LiveMesFieldsJson", "SeriesId", "Status", "Sublot", "TransportDemandKey", "ValueObservedAt", "ValuePollTraceId", "ValueProjectionCommitId", "WorkType")
VALUES (@p0, @p1, @p2, @p3, @p4, @p5, @p6, @p7, @p8, @p9, @p10, @p11, @p12, @p13, @p14, @p15);
[14:28:17 INF] Executed DbCommand (0ms) [Parameters=[@p3='?' (Size = 36), @p0='?' (DbType = DateTimeOffset), @p1='?' (DbType = DateTimeOffset), @p2='?' (Size = 8)], CommandType='Text', CommandTimeout='30']
UPDATE "JourneyBacklog" SET "AcceptedAt" = @p0, "LastSeenAt" = @p1, "ReasonCode" = @p2
WHERE "DemandId" = @p3
RETURNING 1;
[14:28:17 INF] Executed DbCommand (0ms) [Parameters=[@p0='?' (Size = 36), @p1='?' (Size = 44), @p2='?' (DbType = DateTimeOffset), @p3='?' (DbType = Int64), @p4='?' (Size = 19), @p5='?' (DbType = Int64), @p6='?' (DbType = Int32), @p7='?' (Size = 36), @p8='?' (Size = 36), @p9='?', @p10='?' (Size = 51), @p11='?', @p12='?' (DbType = DateTimeOffset), @p13='?' (Size = 12), @p14='?' (Size = 3), @p15='?' (Size = 36), @p16='?' (Size = 36), @p17='?' (Size = 51)], CommandType='Text', CommandTimeout='30']
INSERT INTO "JourneyDemands" ("DemandId", "JourneyId", "AddedAt", "DispatchGeneration", "DispatchZone", "DispatchZoneParameterVersion", "ExpectedBasketCount", "LoadCommandMessageId", "LoadSlotOperationAttemptId", "LoadedSlotsJson", "PickupStopId", "RemovalReason", "RemovedAt", "Status", "TargetSlotsJson", "UnloadCommandMessageId", "UnloadSlotOperationAttemptId", "UnloadStopId")
VALUES (@p0, @p1, @p2, @p3, @p4, @p5, @p6, @p7, @p8, @p9, @p10, @p11, @p12, @p13, @p14, @p15, @p16, @p17);
[14:28:17 INF] Executed DbCommand (0ms) [Parameters=[@p0='?' (Size = 44), @p1='?' (Size = 10), @p2='?' (DbType = Int64), @p3='?' (DbType = DateTimeOffset), @p4='?', @p5='?' (DbType = DateTimeOffset), @p6='?' (DbType = DateTimeOffset), @p7='?' (DbType = Int64), @p8='?', @p9='?', @p10='?' (DbType = DateTimeOffset), @p11='?' (Size = 36), @p12='?' (DbType = Int64), @p13='?' (Size = 19), @p14='?' (DbType = Int32), @p15='?', @p16='?' (Size = 36), @p17='?' (Size = 36), @p18='?' (Size = 2), @p19='?' (DbType = Int32), @p20='?' (Size = 47), @p21='?' (Size = 36), @p22='?' (Size = 36), @p23='?' (Size = 36), @p24='?' (Size = 36), @p25='?', @p26='?', @p27='?' (DbType = Int32), @p28='?' (Size = 6), @p29='?' (Size = 36), @p30='?' (Size = 36), @p31='?' (Size = 9), @p32='?' (DbType = Int32), @p33='?' (Size = 49), @p34='?' (Size = 36), @p35='?' (DbType = Int64), @p36='?' (Size = 36), @p37='?' (Size = 36), @p38='?' (Size = 10), @p39='?' (Size = 71), @p40='?' (Size = 21), @p41='?' (DbType = DateTimeOffset), @p42='?' (Size = 36), @p43='?' (Size = 3), @p44='?' (Size = 36), @p45='?' (Size = 36), @p46='?' (DbType = DateTimeOffset), @p47='?' (Size = 36), @p48='?' (DbType = Int64), @p49='?' (Size = 15), @p50='?' (DbType = Int64), @p51='?' (DbType = DateTimeOffset), @p52='?' (DbType = Int32), @p53='?' (DbType = DateTimeOffset), @p54='?' (DbType = DateTimeOffset), @p55='?' (Size = 36), @p56='?' (DbType = Int64), @p57='?' (DbType = DateTimeOffset), @p58='?'], CommandType='Text', CommandTimeout='30']
INSERT INTO "JourneyRuntimes" ("JourneyId", "AgvId", "AgvLifecycleGeneration", "AreaEndAdmissionRevokedSince", "BlockReasonCode", "BlockReasonSince", "CargoHoldingStartedAt", "ChargingPolicyVersion", "ConsumedSafetyResultMessageId", "ConsumedSublotMessageId", "CreatedAt", "DemandId", "DispatchGeneration", "DispatchZone", "ExpectedBasketCount", "FullSlotPositionsJson", "GateMovementLegId", "GatePlanMessageId", "GateStationId", "GateStationRiotId", "GateUpperId", "GateVehicleBusinessMessageId", "GateWorklistMessageId", "LoadCommandMessageId", "LoadSlotOperationAttemptId", "LoadingClosedReason", "LoadingPhaseState", "MapId", "MapIdentity", "OperationSessionId", "PickupMovementLegId", "PickupStationId", "PickupStationRiotId", "PickupUpperId", "PlanMessageId", "PlanRevision", "PreDepartureSafetyCheckId", "PreDepartureSafetyCheckMessageId", "PublishedBatteryState", "RouteEvidenceId", "Stage", "StationDepartureWaitStartedAt", "SublotRequestMessageId", "TargetSlotsJson", "UnloadCommandMessageId", "UnloadSlotOperationAttemptId", "UpdatedAt", "VehicleBusinessMessageId", "VehicleBusinessRevision", "VehicleKey", "Version", "WaitingBatteryObservedAt", "WaitingBatteryPercent", "WaitingSince", "WaitingWarnedAt", "WorklistMessageId", "WorklistRevision", "YieldTriggeredAt", "YieldTriggeredByVehicleKey")
VALUES (@p0, @p1, @p2, @p3, @p4, @p5, @p6, @p7, @p8, @p9, @p10, @p11, @p12, @p13, @p14, @p15, @p16, @p17, @p18, @p19, @p20, @p21, @p22, @p23, @p24, @p25, @p26, @p27, @p28, @p29, @p30, @p31, @p32, @p33, @p34, @p35, @p36, @p37, @p38, @p39, @p40, @p41, @p42, @p43, @p44, @p45, @p46, @p47, @p48, @p49, @p50, @p51, @p52, @p53, @p54, @p55, @p56, @p57, @p58);
[14:28:17 INF] Executed DbCommand (0ms) [Parameters=[@p0='?' (Size = 51), @p1='?' (DbType = DateTimeOffset), @p2='?' (Size = 36), @p3='?' (Size = 36), @p4='?' (Size = 19), @p5='?' (Size = 44), @p6='?' (Size = 36), @p7='?' (Size = 36), @p8='?' (Size = 36), @p9='?' (DbType = Int32), @p10='?' (Size = 9), @p11='?' (DbType = Int32), @p12='?' (Size = 7), @p13='?' (Size = 6), @p14='?' (Size = 36), @p15='?' (Size = 49), @p16='?' (Size = 36), @p17='?' (Size = 36), @p18='?' (DbType = Int64)], CommandType='Text', CommandTimeout='30']
INSERT INTO "JourneyStops" ("StopId", "CreatedAt", "DepartureSafetyCheckId", "DepartureSafetyCheckMessageId", "DispatchZone", "JourneyId", "MovementLegId", "OperationSessionId", "PlanMessageId", "Sequence", "StationId", "StationRiotId", "Status", "StopRole", "SublotRequestMessageId", "UpperId", "VehicleBusinessMessageId", "WorklistMessageId", "WorklistRefills")
VALUES (@p0, @p1, @p2, @p3, @p4, @p5, @p6, @p7, @p8, @p9, @p10, @p11, @p12, @p13, @p14, @p15, @p16, @p17, @p18);
[14:28:17 INF] Executed DbCommand (0ms) [Parameters=[@p0='?' (Size = 51), @p1='?' (DbType = DateTimeOffset), @p2='?', @p3='?', @p4='?' (Size = 19), @p5='?' (Size = 44), @p6='?' (Size = 36), @p7='?' (Size = 36), @p8='?' (Size = 36), @p9='?' (DbType = Int32), @p10='?' (Size = 2), @p11='?' (DbType = Int32), @p12='?' (Size = 7), @p13='?' (Size = 6), @p14='?', @p15='?' (Size = 47), @p16='?' (Size = 36), @p17='?' (Size = 36), @p18='?' (DbType = Int64)], CommandType='Text', CommandTimeout='30']
INSERT INTO "JourneyStops" ("StopId", "CreatedAt", "DepartureSafetyCheckId", "DepartureSafetyCheckMessageId", "DispatchZone", "JourneyId", "MovementLegId", "OperationSessionId", "PlanMessageId", "Sequence", "StationId", "StationRiotId", "Status", "StopRole", "SublotRequestMessageId", "UpperId", "VehicleBusinessMessageId", "WorklistMessageId", "WorklistRefills")
VALUES (@p0, @p1, @p2, @p3, @p4, @p5, @p6, @p7, @p8, @p9, @p10, @p11, @p12, @p13, @p14, @p15, @p16, @p17, @p18);
[14:28:17 INF] Executed DbCommand (1ms) [Parameters=[@p0='?' (Size = 36), @p1='?' (DbType = Int64), @p2='?' (DbType = Int32), @p3='?', @p4='?' (DbType = DateTimeOffset), @p5='?' (DbType = DateTimeOffset), @p6='?' (Size = 36), @p7='?' (DbType = Int32), @p8='?' (DbType = Int64), @p9='?' (DbType = Int32), @p10='?' (DbType = Int64), @p11='?', @p12='?', @p13='?' (DbType = DateTimeOffset), @p14='?', @p15='?', @p16='?' (DbType = DateTimeOffset), @p17='?', @p18='?' (DbType = Int32), @p19='?', @p20='?' (Size = 11), @p21='?' (Size = 9), @p22='?' (Size = 22), @p23='?' (Size = 9), @p24='?' (Size = 49), @p25='?' (Size = 15)], CommandType='Text', CommandTimeout='30']
INSERT INTO "OrderIntents" ("MovementLegId", "AgvLifecycleGeneration", "CreateAttemptCount", "CreateAttemptId", "CreateDispatchArmedAt", "CreatedAt", "DemandId", "DestinationStationId", "DispatchAuditSequence", "DispatchAuditVersion", "DispatchGeneration", "ExperimentalCreateAuthorizationId", "LastCreateOutcome", "LastCreateOutcomeAt", "LastCreateReceiptJson", "LastReconciliationOutcome", "LastReconciliationOutcomeAt", "LastReconciliationReceiptJson", "MapId", "OrderId", "OrderShape", "Purpose", "Status", "TargetStationId", "UpperId", "VehicleKey")
VALUES (@p0, @p1, @p2, @p3, @p4, @p5, @p6, @p7, @p8, @p9, @p10, @p11, @p12, @p13, @p14, @p15, @p16, @p17, @p18, @p19, @p20, @p21, @p22, @p23, @p24, @p25);
[14:28:17 INF] Executed DbCommand (0ms) [Parameters=[@p0='?' (Size = 36), @p1='?' (DbType = DateTimeOffset), @p2='?' (Size = 44), @p3='?' (Size = 9), @p4='?', @p5='?' (DbType = DateTimeOffset), @p6='?' (Size = 15)], CommandType='Text', CommandTimeout='30']
INSERT INTO "VehiclePurposeClaimRecords" ("RecordId", "AcquiredAt", "JourneyId", "Purpose", "ReleaseReason", "ReleasedAt", "VehicleKey")
VALUES (@p0, @p1, @p2, @p3, @p4, @p5, @p6);
[14:28:17 INF] Executed DbCommand (0ms) [Parameters=[@p0='?' (Size = 15), @p1='?' (DbType = DateTimeOffset), @p2='?' (Size = 44), @p3='?' (Size = 9)], CommandType='Text', CommandTimeout='30']
INSERT INTO "VehiclePurposeClaims" ("VehicleKey", "ClaimedAt", "JourneyId", "Purpose")
VALUES (@p0, @p1, @p2, @p3);
[14:28:17 INF] Executed DbCommand (0ms) [Parameters=[@p0='?' (Size = 10), @p1='?' (DbType = Int64), @p2='?' (DbType = Int64), @p3='?' (DbType = Int64)], CommandType='Text', CommandTimeout='30']
INSERT INTO "VehicleSnapshotRevisions" ("AgvId", "PlanRevision", "VehicleBusinessRevision", "WorklistRevision")
VALUES (@p0, @p1, @p2, @p3);
[14:28:17 INF] Executed DbCommand (0ms) [Parameters=[@__upperId_0='?' (Size = 49)], CommandType='Text', CommandTimeout='30']
SELECT "o"."MovementLegId", "o"."AgvLifecycleGeneration", "o"."CreateAttemptCount", "o"."CreateAttemptId", "o"."CreateDispatchArmedAt", "o"."CreatedAt", "o"."DemandId", "o"."DestinationStationId", "o"."DispatchAuditSequence", "o"."DispatchAuditVersion", "o"."DispatchGeneration", "o"."ExperimentalCreateAuthorizationId", "o"."LastCreateOutcome", "o"."LastCreateOutcomeAt", "o"."LastCreateReceiptJson", "o"."LastReconciliationOutcome", "o"."LastReconciliationOutcomeAt", "o"."LastReconciliationReceiptJson", "o"."MapId", "o"."OrderId", "o"."OrderShape", "o"."Purpose", "o"."Status", "o"."TargetStationId", "o"."UpperId", "o"."VehicleKey"
FROM "OrderIntents" AS "o"
WHERE "o"."UpperId" = @__upperId_0
LIMIT 2
[14:28:17 INF] Executed DbCommand (0ms) [Parameters=[], CommandType='Text', CommandTimeout='30']
SELECT "e"."AuthorizationId", "e"."AgvLifecycleGeneration", "e"."AuthorizationVersion", "e"."ConsumedAt", "e"."ConsumedByAttemptId", "e"."DemandId", "e"."DispatchGeneration", "e"."ExpiresAt", "e"."MovementLegId", "e"."PersistedAt", "e"."UpperId"
FROM "ExperimentalRiotCreateAuthorizations" AS "e"
WHERE 0
LIMIT 2
[14:28:18 INF] Start processing HTTP request GET http://127.0.0.1:48408/api/order/v1/orderRecord/detailByUpperId/W2G-31f958b5-94d3-48a9-b641-8fcaf87c51d8-PICKUP-1
[14:28:18 INF] Sending HTTP request GET http://127.0.0.1:48408/api/order/v1/orderRecord/detailByUpperId/W2G-31f958b5-94d3-48a9-b641-8fcaf87c51d8-PICKUP-1
[14:28:18 INF] Received HTTP response headers after 7.3037ms - 404
[14:28:18 INF] End processing HTTP request after 8.1461ms - 404
[14:28:18 INF] Executed DbCommand (0ms) [Parameters=[@__upperId_0='?' (Size = 49)], CommandType='Text', CommandTimeout='30']
SELECT "o"."MovementLegId", "o"."AgvLifecycleGeneration", "o"."CreateAttemptCount", "o"."CreateAttemptId", "o"."CreateDispatchArmedAt", "o"."CreatedAt", "o"."DemandId", "o"."DestinationStationId", "o"."DispatchAuditSequence", "o"."DispatchAuditVersion", "o"."DispatchGeneration", "o"."ExperimentalCreateAuthorizationId", "o"."LastCreateOutcome", "o"."LastCreateOutcomeAt", "o"."LastCreateReceiptJson", "o"."LastReconciliationOutcome", "o"."LastReconciliationOutcomeAt", "o"."LastReconciliationReceiptJson", "o"."MapId", "o"."OrderId", "o"."OrderShape", "o"."Purpose", "o"."Status", "o"."TargetStationId", "o"."UpperId", "o"."VehicleKey"
FROM "OrderIntents" AS "o"
WHERE "o"."UpperId" = @__upperId_0
LIMIT 2
[14:28:18 INF] Executed DbCommand (0ms) [Parameters=[@p4='?' (Size = 36), @p5='?' (DbType = Int32), @p0='?' (DbType = Int64), @p6='?' (DbType = Int64), @p8='?', @p1='?' (Size = 31), @p2='?' (DbType = DateTimeOffset), @p3='?' (Size = 188), @p7='?' (Size = 22)], CommandType='Text', CommandTimeout='30']
UPDATE "OrderIntents" SET "DispatchAuditSequence" = @p0, "LastReconciliationOutcome" = @p1, "LastReconciliationOutcomeAt" = @p2, "LastReconciliationReceiptJson" = @p3
WHERE "MovementLegId" = @p4 AND "CreateAttemptCount" = @p5 AND "DispatchAuditSequence" = @p6 AND "ExperimentalCreateAuthorizationId" IS NULL AND "Status" = @p7
RETURNING 1;
[14:28:18 INF] Executed DbCommand (0ms) [Parameters=[@p0='?' (Size = 36), @p1='?', @p2='?' (DbType = Int32), @p3='?', @p4='?' (Size = 36), @p5='?' (DbType = Int64), @p6='?', @p7='?', @p8='?', @p9='?' (DbType = Int32), @p10='?' (Size = 36), @p11='?' (DbType = DateTimeOffset), @p12='?' (Size = 9), @p13='?' (Size = 25), @p14='?' (Size = 8), @p15='?' (DbType = DateTimeOffset), @p16='?' (Size = 9), @p17='?', @p18='?' (DbType = Boolean), @p19='?', @p20='?' (DbType = Int64), @p21='?' (Size = 49)], CommandType='Text', CommandTimeout='30']
INSERT INTO "RiotDispatchAuditEvents" ("AuditEventId", "AttemptId", "AttemptNumber", "BusinessCode", "DemandId", "DispatchGeneration", "EligibilityBasis", "ExperimentalAuthorizationId", "FailureCategory", "HttpStatusCode", "MovementLegId", "OccurredAt", "Outcome", "Phase", "ReceiptClassification", "ReceiptObservedAt", "ReceiptOperation", "RequestSemanticSha256", "ResultPresent", "ReturnedOrderId", "Sequence", "UpperId")
VALUES (@p0, @p1, @p2, @p3, @p4, @p5, @p6, @p7, @p8, @p9, @p10, @p11, @p12, @p13, @p14, @p15, @p16, @p17, @p18, @p19, @p20, @p21);
[14:28:18 INF] Executed DbCommand (0ms) [Parameters=[@__upperId_0='?' (Size = 49)], CommandType='Text', CommandTimeout='30']
SELECT "o"."MovementLegId", "o"."AgvLifecycleGeneration", "o"."CreateAttemptCount", "o"."CreateAttemptId", "o"."CreateDispatchArmedAt", "o"."CreatedAt", "o"."DemandId", "o"."DestinationStationId", "o"."DispatchAuditSequence", "o"."DispatchAuditVersion", "o"."DispatchGeneration", "o"."ExperimentalCreateAuthorizationId", "o"."LastCreateOutcome", "o"."LastCreateOutcomeAt", "o"."LastCreateReceiptJson", "o"."LastReconciliationOutcome", "o"."LastReconciliationOutcomeAt", "o"."LastReconciliationReceiptJson", "o"."MapId", "o"."OrderId", "o"."OrderShape", "o"."Purpose", "o"."Status", "o"."TargetStationId", "o"."UpperId", "o"."VehicleKey"
FROM "OrderIntents" AS "o"
WHERE "o"."UpperId" = @__upperId_0
LIMIT 2
[14:28:18 INF] Executed DbCommand (0ms) [Parameters=[@p7='?' (Size = 36), @p0='?' (DbType = Int32), @p8='?' (DbType = Int32), @p1='?' (Size = 36), @p2='?' (DbType = DateTimeOffset), @p3='?' (DbType = Int64), @p9='?' (DbType = Int64), @p11='?', @p4='?' (Size = 13), @p5='?' (DbType = DateTimeOffset), @p6='?' (Size = 16), @p10='?' (Size = 22)], CommandType='Text', CommandTimeout='30']
UPDATE "OrderIntents" SET "CreateAttemptCount" = @p0, "CreateAttemptId" = @p1, "CreateDispatchArmedAt" = @p2, "DispatchAuditSequence" = @p3, "LastCreateOutcome" = @p4, "LastCreateOutcomeAt" = @p5, "Status" = @p6
WHERE "MovementLegId" = @p7 AND "CreateAttemptCount" = @p8 AND "DispatchAuditSequence" = @p9 AND "ExperimentalCreateAuthorizationId" IS NULL AND "Status" = @p10
RETURNING 1;
[14:28:18 INF] Executed DbCommand (0ms) [Parameters=[@p0='?' (Size = 36), @p1='?' (Size = 36), @p2='?' (DbType = Int32), @p3='?', @p4='?' (Size = 36), @p5='?' (DbType = Int64), @p6='?', @p7='?', @p8='?', @p9='?' (DbType = Int32), @p10='?' (Size = 36), @p11='?' (DbType = DateTimeOffset), @p12='?' (Size = 5), @p13='?' (Size = 15), @p14='?', @p15='?' (DbType = DateTimeOffset), @p16='?', @p17='?' (Size = 64), @p18='?' (DbType = Boolean), @p19='?', @p20='?' (DbType = Int64), @p21='?' (Size = 49)], CommandType='Text', CommandTimeout='30']
INSERT INTO "RiotDispatchAuditEvents" ("AuditEventId", "AttemptId", "AttemptNumber", "BusinessCode", "DemandId", "DispatchGeneration", "EligibilityBasis", "ExperimentalAuthorizationId", "FailureCategory", "HttpStatusCode", "MovementLegId", "OccurredAt", "Outcome", "Phase", "ReceiptClassification", "ReceiptObservedAt", "ReceiptOperation", "RequestSemanticSha256", "ResultPresent", "ReturnedOrderId", "Sequence", "UpperId")
VALUES (@p0, @p1, @p2, @p3, @p4, @p5, @p6, @p7, @p8, @p9, @p10, @p11, @p12, @p13, @p14, @p15, @p16, @p17, @p18, @p19, @p20, @p21);
[14:28:18 INF] Executed DbCommand (0ms) [Parameters=[@__upperId_0='?' (Size = 49)], CommandType='Text', CommandTimeout='30']
SELECT "o"."MovementLegId", "o"."AgvLifecycleGeneration", "o"."CreateAttemptCount", "o"."CreateAttemptId", "o"."CreateDispatchArmedAt", "o"."CreatedAt", "o"."DemandId", "o"."DestinationStationId", "o"."DispatchAuditSequence", "o"."DispatchAuditVersion", "o"."DispatchGeneration", "o"."ExperimentalCreateAuthorizationId", "o"."LastCreateOutcome", "o"."LastCreateOutcomeAt", "o"."LastCreateReceiptJson", "o"."LastReconciliationOutcome", "o"."LastReconciliationOutcomeAt", "o"."LastReconciliationReceiptJson", "o"."MapId", "o"."OrderId", "o"."OrderShape", "o"."Purpose", "o"."Status", "o"."TargetStationId", "o"."UpperId", "o"."VehicleKey"
FROM "OrderIntents" AS "o"
WHERE "o"."UpperId" = @__upperId_0
LIMIT 2
[14:28:18 INF] Executed DbCommand (0ms) [Parameters=[@p3='?' (Size = 36), @p4='?' (DbType = Int32), @p0='?' (DbType = Int64), @p5='?' (DbType = Int64), @p7='?', @p1='?' (Size = 20), @p2='?' (DbType = DateTimeOffset), @p6='?' (Size = 16)], CommandType='Text', CommandTimeout='30']
UPDATE "OrderIntents" SET "DispatchAuditSequence" = @p0, "LastCreateOutcome" = @p1, "LastCreateOutcomeAt" = @p2
WHERE "MovementLegId" = @p3 AND "CreateAttemptCount" = @p4 AND "DispatchAuditSequence" = @p5 AND "ExperimentalCreateAuthorizationId" IS NULL AND "Status" = @p6
RETURNING 1;
[14:28:18 INF] Executed DbCommand (0ms) [Parameters=[@p0='?' (Size = 36), @p1='?' (Size = 36), @p2='?' (DbType = Int32), @p3='?', @p4='?' (Size = 36), @p5='?' (DbType = Int64), @p6='?', @p7='?', @p8='?', @p9='?' (DbType = Int32), @p10='?' (Size = 36), @p11='?' (DbType = DateTimeOffset), @p12='?' (Size = 7), @p13='?' (Size = 14), @p14='?', @p15='?' (DbType = DateTimeOffset), @p16='?', @p17='?' (Size = 64), @p18='?' (DbType = Boolean), @p19='?', @p20='?' (DbType = Int64), @p21='?' (Size = 49)], CommandType='Text', CommandTimeout='30']
INSERT INTO "RiotDispatchAuditEvents" ("AuditEventId", "AttemptId", "AttemptNumber", "BusinessCode", "DemandId", "DispatchGeneration", "EligibilityBasis", "ExperimentalAuthorizationId", "FailureCategory", "HttpStatusCode", "MovementLegId", "OccurredAt", "Outcome", "Phase", "ReceiptClassification", "ReceiptObservedAt", "ReceiptOperation", "RequestSemanticSha256", "ResultPresent", "ReturnedOrderId", "Sequence", "UpperId")
VALUES (@p0, @p1, @p2, @p3, @p4, @p5, @p6, @p7, @p8, @p9, @p10, @p11, @p12, @p13, @p14, @p15, @p16, @p17, @p18, @p19, @p20, @p21);
[14:28:18 INF] Start processing HTTP request POST http://127.0.0.1:48408/api/order/v1/add/byDefaultMissions
[14:28:18 INF] Sending HTTP request POST http://127.0.0.1:48408/api/order/v1/add/byDefaultMissions
[14:28:18 INF] Received HTTP response headers after 6.5925ms - 200
[14:28:18 INF] End processing HTTP request after 7.494ms - 200
[14:28:18 INF] Executed DbCommand (0ms) [Parameters=[@__upperId_0='?' (Size = 49)], CommandType='Text', CommandTimeout='30']
SELECT "o"."MovementLegId", "o"."AgvLifecycleGeneration", "o"."CreateAttemptCount", "o"."CreateAttemptId", "o"."CreateDispatchArmedAt", "o"."CreatedAt", "o"."DemandId", "o"."DestinationStationId", "o"."DispatchAuditSequence", "o"."DispatchAuditVersion", "o"."DispatchGeneration", "o"."ExperimentalCreateAuthorizationId", "o"."LastCreateOutcome", "o"."LastCreateOutcomeAt", "o"."LastCreateReceiptJson", "o"."LastReconciliationOutcome", "o"."LastReconciliationOutcomeAt", "o"."LastReconciliationReceiptJson", "o"."MapId", "o"."OrderId", "o"."OrderShape", "o"."Purpose", "o"."Status", "o"."TargetStationId", "o"."UpperId", "o"."VehicleKey"
FROM "OrderIntents" AS "o"
WHERE "o"."UpperId" = @__upperId_0
LIMIT 2
[14:28:18 INF] Executed DbCommand (0ms) [Parameters=[@p4='?' (Size = 36), @p5='?' (DbType = Int32), @p0='?' (DbType = Int64), @p6='?' (DbType = Int64), @p8='?', @p1='?' (Size = 22), @p2='?' (DbType = DateTimeOffset), @p3='?' (Size = 188), @p7='?' (Size = 16)], CommandType='Text', CommandTimeout='30']
UPDATE "OrderIntents" SET "DispatchAuditSequence" = @p0, "LastCreateOutcome" = @p1, "LastCreateOutcomeAt" = @p2, "LastCreateReceiptJson" = @p3
WHERE "MovementLegId" = @p4 AND "CreateAttemptCount" = @p5 AND "DispatchAuditSequence" = @p6 AND "ExperimentalCreateAuthorizationId" IS NULL AND "Status" = @p7
RETURNING 1;
[14:28:18 INF] Executed DbCommand (0ms) [Parameters=[@p0='?' (Size = 36), @p1='?' (Size = 36), @p2='?' (DbType = Int32), @p3='?', @p4='?' (Size = 36), @p5='?' (DbType = Int64), @p6='?', @p7='?', @p8='?', @p9='?' (DbType = Int32), @p10='?' (Size = 36), @p11='?' (DbType = DateTimeOffset), @p12='?' (Size = 8), @p13='?' (Size = 15), @p14='?' (Size = 11), @p15='?' (DbType = DateTimeOffset), @p16='?' (Size = 6), @p17='?', @p18='?' (DbType = Boolean), @p19='?' (Size = 12), @p20='?' (DbType = Int64), @p21='?' (Size = 49)], CommandType='Text', CommandTimeout='30']
INSERT INTO "RiotDispatchAuditEvents" ("AuditEventId", "AttemptId", "AttemptNumber", "BusinessCode", "DemandId", "DispatchGeneration", "EligibilityBasis", "ExperimentalAuthorizationId", "FailureCategory", "HttpStatusCode", "MovementLegId", "OccurredAt", "Outcome", "Phase", "ReceiptClassification", "ReceiptObservedAt", "ReceiptOperation", "RequestSemanticSha256", "ResultPresent", "ReturnedOrderId", "Sequence", "UpperId")
VALUES (@p0, @p1, @p2, @p3, @p4, @p5, @p6, @p7, @p8, @p9, @p10, @p11, @p12, @p13, @p14, @p15, @p16, @p17, @p18, @p19, @p20, @p21);
[14:28:18 INF] Start processing HTTP request GET http://127.0.0.1:48408/api/order/v1/orderRecord/detailByUpperId/W2G-31f958b5-94d3-48a9-b641-8fcaf87c51d8-PICKUP-1
[14:28:18 INF] Sending HTTP request GET http://127.0.0.1:48408/api/order/v1/orderRecord/detailByUpperId/W2G-31f958b5-94d3-48a9-b641-8fcaf87c51d8-PICKUP-1
[14:28:18 INF] Received HTTP response headers after 3.1485ms - 200
[14:28:18 INF] End processing HTTP request after 3.7131ms - 200
[14:28:18 INF] Executed DbCommand (0ms) [Parameters=[@__upperId_0='?' (Size = 49)], CommandType='Text', CommandTimeout='30']
SELECT "o"."MovementLegId", "o"."AgvLifecycleGeneration", "o"."CreateAttemptCount", "o"."CreateAttemptId", "o"."CreateDispatchArmedAt", "o"."CreatedAt", "o"."DemandId", "o"."DestinationStationId", "o"."DispatchAuditSequence", "o"."DispatchAuditVersion", "o"."DispatchGeneration", "o"."ExperimentalCreateAuthorizationId", "o"."LastCreateOutcome", "o"."LastCreateOutcomeAt", "o"."LastCreateReceiptJson", "o"."LastReconciliationOutcome", "o"."LastReconciliationOutcomeAt", "o"."LastReconciliationReceiptJson", "o"."MapId", "o"."OrderId", "o"."OrderShape", "o"."Purpose", "o"."Status", "o"."TargetStationId", "o"."UpperId", "o"."VehicleKey"
FROM "OrderIntents" AS "o"
WHERE "o"."UpperId" = @__upperId_0
LIMIT 2
[14:28:18 INF] Executed DbCommand (0ms) [Parameters=[@p6='?' (Size = 36), @p7='?' (DbType = Int32), @p0='?' (DbType = Int64), @p8='?' (DbType = Int64), @p10='?', @p1='?' (Size = 33), @p2='?' (DbType = DateTimeOffset), @p3='?' (Size = 185), @p4='?' (Size = 12), @p5='?' (Size = 9), @p9='?' (Size = 16)], CommandType='Text', CommandTimeout='30']
UPDATE "OrderIntents" SET "DispatchAuditSequence" = @p0, "LastReconciliationOutcome" = @p1, "LastReconciliationOutcomeAt" = @p2, "LastReconciliationReceiptJson" = @p3, "OrderId" = @p4, "Status" = @p5
WHERE "MovementLegId" = @p6 AND "CreateAttemptCount" = @p7 AND "DispatchAuditSequence" = @p8 AND "ExperimentalCreateAuthorizationId" IS NULL AND "Status" = @p9
RETURNING 1;
[14:28:18 INF] Executed DbCommand (0ms) [Parameters=[@p0='?' (Size = 36), @p1='?' (Size = 36), @p2='?' (DbType = Int32), @p3='?', @p4='?' (Size = 36), @p5='?' (DbType = Int64), @p6='?', @p7='?', @p8='?', @p9='?' (DbType = Int32), @p10='?' (Size = 36), @p11='?' (DbType = DateTimeOffset), @p12='?' (Size = 9), @p13='?' (Size = 26), @p14='?' (Size = 5), @p15='?' (DbType = DateTimeOffset), @p16='?' (Size = 9), @p17='?', @p18='?' (DbType = Boolean), @p19='?' (Size = 12), @p20='?' (DbType = Int64), @p21='?' (Size = 49)], CommandType='Text', CommandTimeout='30']
INSERT INTO "RiotDispatchAuditEvents" ("AuditEventId", "AttemptId", "AttemptNumber", "BusinessCode", "DemandId", "DispatchGeneration", "EligibilityBasis", "ExperimentalAuthorizationId", "FailureCategory", "HttpStatusCode", "MovementLegId", "OccurredAt", "Outcome", "Phase", "ReceiptClassification", "ReceiptObservedAt", "ReceiptOperation", "RequestSemanticSha256", "ResultPresent", "ReturnedOrderId", "Sequence", "UpperId")
VALUES (@p0, @p1, @p2, @p3, @p4, @p5, @p6, @p7, @p8, @p9, @p10, @p11, @p12, @p13, @p14, @p15, @p16, @p17, @p18, @p19, @p20, @p21);
[14:28:18 INF] Executed DbCommand (0ms) [Parameters=[], CommandType='Text', CommandTimeout='30']
SELECT "s"."DemandId", "s"."ReasonCode", "s"."ClearedAt", "s"."DetailJson", "s"."FirstRaisedAt", "s"."LastSeenAt", "s"."TransportDemandKey"
FROM "StructuralDispatchBlocks" AS "s"
WHERE "s"."ClearedAt" IS NULL
[14:28:18 INF] Executed DbCommand (0ms) [Parameters=[], CommandType='Text', CommandTimeout='30']
SELECT "j"."JourneyId", "j"."AgvId", "j"."AgvLifecycleGeneration", "j"."AreaEndAdmissionRevokedSince", "j"."BlockReasonCode", "j"."BlockReasonSince", "j"."CargoHoldingStartedAt", "j"."ChargingPolicyVersion", "j"."ConsumedSafetyResultMessageId", "j"."ConsumedSublotMessageId", "j"."CreatedAt", "j"."DemandId", "j"."DispatchGeneration", "j"."DispatchZone", "j"."ExpectedBasketCount", "j"."FullSlotPositionsJson", "j"."GateMovementLegId", "j"."GatePlanMessageId", "j"."GateStationId", "j"."GateStationRiotId", "j"."GateUpperId", "j"."GateVehicleBusinessMessageId", "j"."GateWorklistMessageId", "j"."LoadCommandMessageId", "j"."LoadSlotOperationAttemptId", "j"."LoadingClosedReason", "j"."LoadingPhaseState", "j"."MapId", "j"."MapIdentity", "j"."OperationSessionId", "j"."PickupMovementLegId", "j"."PickupStationId", "j"."PickupStationRiotId", "j"."PickupUpperId", "j"."PlanMessageId", "j"."PlanRevision", "j"."PreDepartureSafetyCheckId", "j"."PreDepartureSafetyCheckMessageId", "j"."PublishedBatteryState", "j"."RouteEvidenceId", "j"."Stage", "j"."StationDepartureWaitStartedAt", "j"."SublotRequestMessageId", "j"."TargetSlotsJson", "j"."UnloadCommandMessageId", "j"."UnloadSlotOperationAttemptId", "j"."UpdatedAt", "j"."VehicleBusinessMessageId", "j"."VehicleBusinessRevision", "j"."VehicleKey", "j"."Version", "j"."WaitingBatteryObservedAt", "j"."WaitingBatteryPercent", "j"."WaitingSince", "j"."WaitingWarnedAt", "j"."WorklistMessageId", "j"."WorklistRevision", "j"."YieldTriggeredAt", "j"."YieldTriggeredByVehicleKey"
FROM "JourneyRuntimes" AS "j"
WHERE "j"."Stage" <> 'Completed'
[14:28:18 INF] Executed DbCommand (0ms) [Parameters=[], CommandType='Text', CommandTimeout='30']
SELECT "v"."AgvId", "v"."TaskType", "v"."Allowed", "v"."ConfigurationVersion", "v"."UpdatedAt"
FROM "VehicleTaskTypeAdmissions" AS "v"
[14:28:18 INF] Executed DbCommand (0ms) [Parameters=[], CommandType='Text', CommandTimeout='30']
SELECT "v"."AgvId", "v"."ConfigurationVersion", "v"."RoundTimeoutMilliseconds", "v"."UpdatedAt"
FROM "VehicleDispatchBudgets" AS "v"
[14:28:18 INF] Executed DbCommand (0ms) [Parameters=[], CommandType='Text', CommandTimeout='30']
SELECT "d"."Zone", "d"."AgvId", "d"."ConfigurationVersion", "d"."UpdatedAt"
FROM "DispatchZoneVehicles" AS "d"
[14:28:18 INF] Executed DbCommand (0ms) [Parameters=[], CommandType='Text', CommandTimeout='30']
SELECT "j"."JourneyId", "j"."AgvId", "j"."AgvLifecycleGeneration", "j"."AreaEndAdmissionRevokedSince", "j"."BlockReasonCode", "j"."BlockReasonSince", "j"."CargoHoldingStartedAt", "j"."ChargingPolicyVersion", "j"."ConsumedSafetyResultMessageId", "j"."ConsumedSublotMessageId", "j"."CreatedAt", "j"."DemandId", "j"."DispatchGeneration", "j"."DispatchZone", "j"."ExpectedBasketCount", "j"."FullSlotPositionsJson", "j"."GateMovementLegId", "j"."GatePlanMessageId", "j"."GateStationId", "j"."GateStationRiotId", "j"."GateUpperId", "j"."GateVehicleBusinessMessageId", "j"."GateWorklistMessageId", "j"."LoadCommandMessageId", "j"."LoadSlotOperationAttemptId", "j"."LoadingClosedReason", "j"."LoadingPhaseState", "j"."MapId", "j"."MapIdentity", "j"."OperationSessionId", "j"."PickupMovementLegId", "j"."PickupStationId", "j"."PickupStationRiotId", "j"."PickupUpperId", "j"."PlanMessageId", "j"."PlanRevision", "j"."PreDepartureSafetyCheckId", "j"."PreDepartureSafetyCheckMessageId", "j"."PublishedBatteryState", "j"."RouteEvidenceId", "j"."Stage", "j"."StationDepartureWaitStartedAt", "j"."SublotRequestMessageId", "j"."TargetSlotsJson", "j"."UnloadCommandMessageId", "j"."UnloadSlotOperationAttemptId", "j"."UpdatedAt", "j"."VehicleBusinessMessageId", "j"."VehicleBusinessRevision", "j"."VehicleKey", "j"."Version", "j"."WaitingBatteryObservedAt", "j"."WaitingBatteryPercent", "j"."WaitingSince", "j"."WaitingWarnedAt", "j"."WorklistMessageId", "j"."WorklistRevision", "j"."YieldTriggeredAt", "j"."YieldTriggeredByVehicleKey"
FROM "JourneyRuntimes" AS "j"
WHERE "j"."Stage" <> 'Completed'
[14:28:18 INF] Executed DbCommand (0ms) [Parameters=[@__runtime_JourneyId_0='?' (Size = 44)], CommandType='Text', CommandTimeout='30']
SELECT "j"."StopId", "j"."CreatedAt", "j"."DepartureSafetyCheckId", "j"."DepartureSafetyCheckMessageId", "j"."DispatchZone", "j"."JourneyId", "j"."MovementLegId", "j"."OperationSessionId", "j"."PlanMessageId", "j"."Sequence", "j"."StationId", "j"."StationRiotId", "j"."Status", "j"."StopRole", "j"."SublotRequestMessageId", "j"."UpperId", "j"."VehicleBusinessMessageId", "j"."WorklistMessageId", "j"."WorklistRefills"
FROM "JourneyStops" AS "j"
WHERE "j"."JourneyId" = @__runtime_JourneyId_0
ORDER BY "j"."Sequence"
[14:28:18 INF] Executed DbCommand (0ms) [Parameters=[@__runtime_JourneyId_0='?' (Size = 44)], CommandType='Text', CommandTimeout='30']
SELECT "j"."JourneyId", "j"."DemandId", "j"."AddedAt", "j"."DispatchGeneration", "j"."DispatchZone", "j"."DispatchZoneParameterVersion", "j"."ExpectedBasketCount", "j"."LoadCommandMessageId", "j"."LoadSlotOperationAttemptId", "j"."LoadedSlotsJson", "j"."PickupStopId", "j"."RemovalReason", "j"."RemovedAt", "j"."Status", "j"."TargetSlotsJson", "j"."UnloadCommandMessageId", "j"."UnloadSlotOperationAttemptId", "j"."UnloadStopId", "a"."DemandId", "a"."AcceptedAt", "a"."CatalogRevision", "a"."CreatedAt", "a"."DemandRevision", "a"."Generation", "a"."HistoryEpoch", "a"."LiveMesFieldsJson", "a"."SeriesId", "a"."Status", "a"."Sublot", "a"."TransportDemandKey", "a"."ValueObservedAt", "a"."ValuePollTraceId", "a"."ValueProjectionCommitId", "a"."WorkType"
FROM "JourneyDemands" AS "j"
INNER JOIN "AcceptedDemands" AS "a" ON "j"."DemandId" = "a"."DemandId"
WHERE "j"."JourneyId" = @__runtime_JourneyId_0
[14:28:18 INF] Executed DbCommand (0ms) [Parameters=[@__agvId_0='?' (Size = 10)], CommandType='Text', CommandTimeout='30']
SELECT "v"."AgvId", "v"."ClearedAt", "v"."ClearedReason", "v"."EnteredAt", "v"."EscalatedAt", "v"."EvidenceCode", "v"."EvidenceOnAutoConfirmWhitelist", "v"."FaultGeneration", "v"."LastEvaluatedAt", "v"."Level", "v"."StopProven", "v"."StopProvenAt"
FROM "VehicleFaultStates" AS "v"
WHERE "v"."AgvId" = @__agvId_0
LIMIT 2
[14:28:18 INF] Start processing HTTP request GET http://127.0.0.1:48408/api/task/vehicles/getVehicleInfoByDeviceKey?key=BROKERX-L2-0001
[14:28:18 INF] Sending HTTP request GET http://127.0.0.1:48408/api/task/vehicles/getVehicleInfoByDeviceKey?key=BROKERX-L2-0001
[14:28:18 INF] Received HTTP response headers after 0.5992ms - 200
[14:28:18 INF] End processing HTTP request after 1.3959ms - 200
[14:28:18 INF] Executed DbCommand (0ms) [Parameters=[], CommandType='Text', CommandTimeout='30']
SELECT "a"."AgvId"
FROM "AgvLifecycles" AS "a"
WHERE "a"."Archived"
[14:28:18 INF] Start processing HTTP request GET http://127.0.0.1:48408/api/order/v1/orderRecord?pageNum=1&pageSize=100&filterByState=1&filterByState=3&filterByState=7&filterByState=8&filterByState=9&filterByState=10
[14:28:18 INF] Sending HTTP request GET http://127.0.0.1:48408/api/order/v1/orderRecord?pageNum=1&pageSize=100&filterByState=1&filterByState=3&filterByState=7&filterByState=8&filterByState=9&filterByState=10
[14:28:18 INF] Received HTTP response headers after 1.2523ms - 200
[14:28:18 INF] End processing HTTP request after 2.0232ms - 200
[14:28:18 INF] Executed DbCommand (0ms) [Parameters=[@__listedIds_0='?' (Size = 16)], CommandType='Text', CommandTimeout='30']
SELECT "f"."RiotOrderId", "f"."AgvId", "f"."CancelCallDisposition", "f"."CancelCommandAuditId", "f"."CancelDecidedAt", "f"."CancelResult", "f"."CancelResultAt", "f"."CancelSentAt", "f"."DetectedAt", "f"."DeviceKey", "f"."EndedAt", "f"."EndedOrderState", "f"."LastSeenRunningAt", "f"."OrderStateAtDetection", "f"."Ownership", "f"."OwnershipBasis", "f"."State", "f"."UpdatedAt", "f"."UpperId"
FROM "ForeignRiotOrders" AS "f"
WHERE "f"."State" <> 'ENDED' OR "f"."RiotOrderId" IN (
    SELECT "l"."value"
    FROM json_each(@__listedIds_0) AS "l"
)
[14:28:18 INF] Executed DbCommand (0ms) [Parameters=[], CommandType='Text', CommandTimeout='30']
SELECT "c"."JourneyId", "c"."VehicleKey", "c"."EndedAt"
FROM "ChargingCycles" AS "c"
WHERE "c"."EndReason" = 'CHARGING_ORDER_NEVER_APPEARED'
[14:28:18 INF] Executed DbCommand (0ms) [Parameters=[@__orderId_0='?' (Size = 12), @__upperId_1='?' (Size = 49)], CommandType='Text', CommandTimeout='30']
SELECT "o"."UpperId"
FROM "OrderIntents" AS "o"
WHERE "o"."OrderId" = @__orderId_0 OR "o"."UpperId" = @__upperId_1
[14:28:18 INF] Executed DbCommand (0ms) [Parameters=[@__upperIds_0='?' (Size = 53)], CommandType='Text', CommandTimeout='30']
SELECT "j"."JourneyId"
FROM "JourneyStops" AS "j"
WHERE "j"."UpperId" IN (
    SELECT "u"."value"
    FROM json_each(@__upperIds_0) AS "u"
) AND "j"."StopRole" = 'CHARGER'
[14:28:18 INF] Executed DbCommand (0ms) [Parameters=[], CommandType='Text', CommandTimeout='30']
SELECT "s"."MapId", "s"."StationId", "s"."ChargerRosterVersion", "s"."JourneyId", "s"."RecordId", "s"."State", "s"."StateSince", "s"."StationKind", "s"."VehicleKey", "s"."WaitingPointVersion"
FROM "StationExclusivities" AS "s"
WHERE "s"."StationKind" IN ('FIXED_TASK_STATION', 'WAITING_POINT')
[14:28:18 INF] Executed DbCommand (0ms) [Parameters=[@__mapId_0='?' (DbType = Int32)], CommandType='Text', CommandTimeout='30']
SELECT "t"."MapId", "t"."ActiveVersion", "t"."PendingVersion", "t"."State", "t"."UpdatedAt"
FROM "TaskTypeStationActiveBindingSets" AS "t"
WHERE "t"."MapId" = @__mapId_0
LIMIT 2
[14:28:18 INF] Executed DbCommand (0ms) [Parameters=[@__mapId_0='?' (DbType = Int32), @__version_1='?' (DbType = Int64)], CommandType='Text', CommandTimeout='30']
SELECT "t"."MapId", "t"."Version", "t"."CatalogRevision", "t"."ContentSha256", "t"."LoadedAt", "t"."RuleVersion", "t"."SnapshotId", "t"."Source"
FROM "TaskTypeStationBindingSetVersions" AS "t"
WHERE "t"."MapId" = @__mapId_0 AND "t"."Version" = @__version_1
LIMIT 2
[14:28:18 INF] Executed DbCommand (0ms) [Parameters=[@__mapId_0='?' (DbType = Int32), @__version_1='?' (DbType = Int64)], CommandType='Text', CommandTimeout='30']
SELECT "t"."TaskType"
FROM "TaskTypeStationRequirements" AS "t"
WHERE "t"."MapId" = @__mapId_0 AND "t"."Version" = @__version_1
[14:28:18 INF] Executed DbCommand (0ms) [Parameters=[@__mapId_0='?' (DbType = Int32), @__version_1='?' (DbType = Int64)], CommandType='Text', CommandTimeout='30']
SELECT "t"."MapId", "t"."Version", "t"."TaskType", "t"."SiteVerificationRef", "t"."StationName", "t"."StationRiotId"
FROM "TaskTypeStationBindings" AS "t"
WHERE "t"."MapId" = @__mapId_0 AND "t"."Version" = @__version_1
[14:28:18 INF] Executed DbCommand (0ms) [Parameters=[], CommandType='Text', CommandTimeout='30']
SELECT "j"."JourneyId", "j"."AgvId", "j"."AgvLifecycleGeneration", "j"."AreaEndAdmissionRevokedSince", "j"."BlockReasonCode", "j"."BlockReasonSince", "j"."CargoHoldingStartedAt", "j"."ChargingPolicyVersion", "j"."ConsumedSafetyResultMessageId", "j"."ConsumedSublotMessageId", "j"."CreatedAt", "j"."DemandId", "j"."DispatchGeneration", "j"."DispatchZone", "j"."ExpectedBasketCount", "j"."FullSlotPositionsJson", "j"."GateMovementLegId", "j"."GatePlanMessageId", "j"."GateStationId", "j"."GateStationRiotId", "j"."GateUpperId", "j"."GateVehicleBusinessMessageId", "j"."GateWorklistMessageId", "j"."LoadCommandMessageId", "j"."LoadSlotOperationAttemptId", "j"."LoadingClosedReason", "j"."LoadingPhaseState", "j"."MapId", "j"."MapIdentity", "j"."OperationSessionId", "j"."PickupMovementLegId", "j"."PickupStationId", "j"."PickupStationRiotId", "j"."PickupUpperId", "j"."PlanMessageId", "j"."PlanRevision", "j"."PreDepartureSafetyCheckId", "j"."PreDepartureSafetyCheckMessageId", "j"."PublishedBatteryState", "j"."RouteEvidenceId", "j"."Stage", "j"."StationDepartureWaitStartedAt", "j"."SublotRequestMessageId", "j"."TargetSlotsJson", "j"."UnloadCommandMessageId", "j"."UnloadSlotOperationAttemptId", "j"."UpdatedAt", "j"."VehicleBusinessMessageId", "j"."VehicleBusinessRevision", "j"."VehicleKey", "j"."Version", "j"."WaitingBatteryObservedAt", "j"."WaitingBatteryPercent", "j"."WaitingSince", "j"."WaitingWarnedAt", "j"."WorklistMessageId", "j"."WorklistRevision", "j"."YieldTriggeredAt", "j"."YieldTriggeredByVehicleKey"
FROM "JourneyRuntimes" AS "j"
WHERE "j"."Stage" NOT IN ('Completed', 'Blocked')
[14:28:18 INF] Executed DbCommand (0ms) [Parameters=[@__journey_JourneyId_0='?' (Size = 44)], CommandType='Text', CommandTimeout='30']
SELECT "j"."StopId", "j"."CreatedAt", "j"."DepartureSafetyCheckId", "j"."DepartureSafetyCheckMessageId", "j"."DispatchZone", "j"."JourneyId", "j"."MovementLegId", "j"."OperationSessionId", "j"."PlanMessageId", "j"."Sequence", "j"."StationId", "j"."StationRiotId", "j"."Status", "j"."StopRole", "j"."SublotRequestMessageId", "j"."UpperId", "j"."VehicleBusinessMessageId", "j"."WorklistMessageId", "j"."WorklistRefills"
FROM "JourneyStops" AS "j"
WHERE "j"."JourneyId" = @__journey_JourneyId_0
[14:28:18 INF] Start processing HTTP request GET http://127.0.0.1:48408/api/imap/v1/mapInfo/getALLMapInfoExcludeMapJson
[14:28:18 INF] Sending HTTP request GET http://127.0.0.1:48408/api/imap/v1/mapInfo/getALLMapInfoExcludeMapJson
[14:28:18 INF] Received HTTP response headers after 0.5327ms - 200
[14:28:18 INF] End processing HTTP request after 1.4554ms - 200
[14:28:18 INF] Executed DbCommand (0ms) [Parameters=[@__mapId_0='?' (DbType = Int32)], CommandType='Text', CommandTimeout='30']
SELECT "m"."MapId", "m"."AcceptedAt", "m"."AcceptedBy", "m"."EstablishedAt", "m"."Name", "m"."PendingName", "m"."PendingSince"
FROM "MapNameBaselines" AS "m"
WHERE "m"."MapId" = @__mapId_0
LIMIT 2
[14:28:18 INF] Start processing HTTP request GET http://127.0.0.1:48408/api/imap/v1/mapInfo/stations/25
[14:28:18 INF] Sending HTTP request GET http://127.0.0.1:48408/api/imap/v1/mapInfo/stations/25
[14:28:18 INF] Received HTTP response headers after 0.3839ms - 200
[14:28:18 INF] End processing HTTP request after 1.3037ms - 200
[14:28:18 INF] Executed DbCommand (0ms) [Parameters=[@__mapId_0='?' (DbType = Int32)], CommandType='Text', CommandTimeout='30']
SELECT "t"."MapId", "t"."ActiveVersion", "t"."PendingVersion", "t"."State", "t"."UpdatedAt"
FROM "TaskTypeStationActiveBindingSets" AS "t"
WHERE "t"."MapId" = @__mapId_0
LIMIT 2
[14:28:18 INF] Executed DbCommand (0ms) [Parameters=[@__mapId_0='?' (DbType = Int32), @__version_1='?' (DbType = Int64)], CommandType='Text', CommandTimeout='30']
SELECT "t"."MapId", "t"."Version", "t"."CatalogRevision", "t"."ContentSha256", "t"."LoadedAt", "t"."RuleVersion", "t"."SnapshotId", "t"."Source"
FROM "TaskTypeStationBindingSetVersions" AS "t"
WHERE "t"."MapId" = @__mapId_0 AND "t"."Version" = @__version_1
LIMIT 2
[14:28:18 INF] Executed DbCommand (0ms) [Parameters=[@__mapId_0='?' (DbType = Int32), @__version_1='?' (DbType = Int64)], CommandType='Text', CommandTimeout='30']
SELECT "t"."TaskType"
FROM "TaskTypeStationRequirements" AS "t"
WHERE "t"."MapId" = @__mapId_0 AND "t"."Version" = @__version_1
[14:28:18 INF] Executed DbCommand (0ms) [Parameters=[@__mapId_0='?' (DbType = Int32), @__version_1='?' (DbType = Int64)], CommandType='Text', CommandTimeout='30']
SELECT "t"."MapId", "t"."Version", "t"."TaskType", "t"."SiteVerificationRef", "t"."StationName", "t"."StationRiotId"
FROM "TaskTypeStationBindings" AS "t"
WHERE "t"."MapId" = @__mapId_0 AND "t"."Version" = @__version_1
[14:28:18 INF] Executed DbCommand (0ms) [Parameters=[@__version_0='?' (DbType = Int64)], CommandType='Text', CommandTimeout='30']
SELECT "t"."Version", "t"."ContentSha256", "t"."LoadedAt", "t"."SnapshotId", "t"."Source"
FROM "TaskTypeStationRuleVersions" AS "t"
WHERE "t"."Version" = @__version_0
LIMIT 2
[14:28:18 INF] Executed DbCommand (0ms) [Parameters=[@__version_0='?' (DbType = Int64)], CommandType='Text', CommandTimeout='30']
SELECT "t"."Version", "t"."TaskType", "t"."FixedEnd"
FROM "TaskTypeStationRules" AS "t"
WHERE "t"."Version" = @__version_0
[14:28:18 INF] Executed DbCommand (0ms) [Parameters=[@__mapId_0='?' (DbType = Int32)], CommandType='Text', CommandTimeout='30']
SELECT "t"."MapId", "t"."ActiveVersion", "t"."PendingVersion", "t"."State", "t"."UpdatedAt"
FROM "TaskTypeStationActiveBindingSets" AS "t"
WHERE "t"."MapId" = @__mapId_0
LIMIT 2
[14:28:18 INF] Executed DbCommand (0ms) [Parameters=[@__mapId_0='?' (DbType = Int32)], CommandType='Text', CommandTimeout='30']
SELECT "t"."HoldId", "t"."DetailJson", "t"."MapId", "t"."RaisedAt", "t"."RaisedBy", "t"."ReasonCode", "t"."ReleasedAt", "t"."ReleasedBy", "t"."Source", "t"."TaskType"
FROM "TaskTypeStationHolds" AS "t"
WHERE "t"."MapId" = @__mapId_0 AND "t"."ReleasedAt" IS NULL
[14:28:18 INF] Executed DbCommand (0ms) [Parameters=[@__mapId_0='?' (DbType = Int32)], CommandType='Text', CommandTimeout='30']
SELECT "m"."MapId", "m"."ApprovedMaxUnconfirmedSeconds", "m"."ApprovedSyncPeriodSeconds", "m"."CatalogRevision", "m"."LastAttemptAt", "m"."LastCompleteConfirmationAt", "m"."LastFailureReason", "m"."State", "m"."UpdatedAt"
FROM "MapStationCatalogStates" AS "m"
WHERE "m"."MapId" = @__mapId_0
LIMIT 2
[14:28:18 INF] Executed DbCommand (0ms) [Parameters=[@p3='?' (DbType = Int32), @p0='?' (DbType = DateTimeOffset), @p1='?' (DbType = DateTimeOffset), @p2='?' (DbType = DateTimeOffset)], CommandType='Text', CommandTimeout='30']
UPDATE "MapStationCatalogStates" SET "LastAttemptAt" = @p0, "LastCompleteConfirmationAt" = @p1, "UpdatedAt" = @p2
WHERE "MapId" = @p3
RETURNING 1;
[14:28:18 INF] Executed DbCommand (0ms) [Parameters=[@__mapId_0='?' (DbType = Int32)], CommandType='Text', CommandTimeout='30']
SELECT "t"."MapId", "t"."ActiveVersion", "t"."PendingVersion", "t"."State", "t"."UpdatedAt"
FROM "TaskTypeStationActiveBindingSets" AS "t"
WHERE "t"."MapId" = @__mapId_0
LIMIT 2
[14:28:18 INF] Executed DbCommand (0ms) [Parameters=[@__mapId_0='?' (DbType = Int32), @__version_1='?' (DbType = Int64)], CommandType='Text', CommandTimeout='30']
SELECT "t"."MapId", "t"."Version", "t"."CatalogRevision", "t"."ContentSha256", "t"."LoadedAt", "t"."RuleVersion", "t"."SnapshotId", "t"."Source"
FROM "TaskTypeStationBindingSetVersions" AS "t"
WHERE "t"."MapId" = @__mapId_0 AND "t"."Version" = @__version_1
LIMIT 2
[14:28:18 INF] Executed DbCommand (0ms) [Parameters=[@__mapId_0='?' (DbType = Int32), @__version_1='?' (DbType = Int64)], CommandType='Text', CommandTimeout='30']
SELECT "t"."TaskType"
FROM "TaskTypeStationRequirements" AS "t"
WHERE "t"."MapId" = @__mapId_0 AND "t"."Version" = @__version_1
[14:28:18 INF] Executed DbCommand (0ms) [Parameters=[@__mapId_0='?' (DbType = Int32), @__version_1='?' (DbType = Int64)], CommandType='Text', CommandTimeout='30']
SELECT "t"."MapId", "t"."Version", "t"."TaskType", "t"."SiteVerificationRef", "t"."StationName", "t"."StationRiotId"
FROM "TaskTypeStationBindings" AS "t"
WHERE "t"."MapId" = @__mapId_0 AND "t"."Version" = @__version_1
[14:28:18 INF] Executed DbCommand (0ms) [Parameters=[@__mapId_0='?' (DbType = Int32)], CommandType='Text', CommandTimeout='30']
SELECT "t"."MapId", "t"."ActiveVersion", "t"."PendingVersion", "t"."State", "t"."UpdatedAt"
FROM "TaskTypeStationActiveBindingSets" AS "t"
WHERE "t"."MapId" = @__mapId_0
LIMIT 2
[14:28:18 INF] Executed DbCommand (0ms) [Parameters=[@__mapId_0='?' (DbType = Int32), @__version_1='?' (DbType = Int64)], CommandType='Text', CommandTimeout='30']
SELECT "t"."MapId", "t"."Version", "t"."CatalogRevision", "t"."ContentSha256", "t"."LoadedAt", "t"."RuleVersion", "t"."SnapshotId", "t"."Source"
FROM "TaskTypeStationBindingSetVersions" AS "t"
WHERE "t"."MapId" = @__mapId_0 AND "t"."Version" = @__version_1
LIMIT 2
[14:28:18 INF] Executed DbCommand (0ms) [Parameters=[@__mapId_0='?' (DbType = Int32), @__version_1='?' (DbType = Int64)], CommandType='Text', CommandTimeout='30']
SELECT "t"."TaskType"
FROM "TaskTypeStationRequirements" AS "t"
WHERE "t"."MapId" = @__mapId_0 AND "t"."Version" = @__version_1
[14:28:18 INF] Executed DbCommand (0ms) [Parameters=[@__mapId_0='?' (DbType = Int32), @__version_1='?' (DbType = Int64)], CommandType='Text', CommandTimeout='30']
SELECT "t"."MapId", "t"."Version", "t"."TaskType", "t"."SiteVerificationRef", "t"."StationName", "t"."StationRiotId"
FROM "TaskTypeStationBindings" AS "t"
WHERE "t"."MapId" = @__mapId_0 AND "t"."Version" = @__version_1
[14:28:18 INF] Executed DbCommand (0ms) [Parameters=[@__version_0='?' (DbType = Int64)], CommandType='Text', CommandTimeout='30']
SELECT "t"."Version", "t"."ContentSha256", "t"."LoadedAt", "t"."SnapshotId", "t"."Source"
FROM "TaskTypeStationRuleVersions" AS "t"
WHERE "t"."Version" = @__version_0
LIMIT 2
[14:28:18 INF] Executed DbCommand (0ms) [Parameters=[@__version_0='?' (DbType = Int64)], CommandType='Text', CommandTimeout='30']
SELECT "t"."Version", "t"."TaskType", "t"."FixedEnd"
FROM "TaskTypeStationRules" AS "t"
WHERE "t"."Version" = @__version_0
[14:28:18 INF] Executed DbCommand (0ms) [Parameters=[], CommandType='Text', CommandTimeout='30']
SELECT "a"."Id", "a"."ContentHash", "a"."DeploymentId", "a"."ImportedAt", "a"."Version"
FROM "AdmissionPolicyState" AS "a"
WHERE "a"."Id" = 1
LIMIT 2
[14:28:18 INF] Executed DbCommand (0ms) [Parameters=[], CommandType='Text', CommandTimeout='30']
SELECT "v"."VehicleKey", "v"."ClaimedAt", "v"."JourneyId", "v"."Purpose"
FROM "VehiclePurposeClaims" AS "v"
WHERE "v"."Purpose" = 'IDLE_RETURN'
[14:28:18 INF] Executed DbCommand (0ms) [Parameters=[], CommandType='Text', CommandTimeout='30']
SELECT "j"."JourneyId", "j"."AgvId", "j"."AgvLifecycleGeneration", "j"."AreaEndAdmissionRevokedSince", "j"."BlockReasonCode", "j"."BlockReasonSince", "j"."CargoHoldingStartedAt", "j"."ChargingPolicyVersion", "j"."ConsumedSafetyResultMessageId", "j"."ConsumedSublotMessageId", "j"."CreatedAt", "j"."DemandId", "j"."DispatchGeneration", "j"."DispatchZone", "j"."ExpectedBasketCount", "j"."FullSlotPositionsJson", "j"."GateMovementLegId", "j"."GatePlanMessageId", "j"."GateStationId", "j"."GateStationRiotId", "j"."GateUpperId", "j"."GateVehicleBusinessMessageId", "j"."GateWorklistMessageId", "j"."LoadCommandMessageId", "j"."LoadSlotOperationAttemptId", "j"."LoadingClosedReason", "j"."LoadingPhaseState", "j"."MapId", "j"."MapIdentity", "j"."OperationSessionId", "j"."PickupMovementLegId", "j"."PickupStationId", "j"."PickupStationRiotId", "j"."PickupUpperId", "j"."PlanMessageId", "j"."PlanRevision", "j"."PreDepartureSafetyCheckId", "j"."PreDepartureSafetyCheckMessageId", "j"."PublishedBatteryState", "j"."RouteEvidenceId", "j"."Stage", "j"."StationDepartureWaitStartedAt", "j"."SublotRequestMessageId", "j"."TargetSlotsJson", "j"."UnloadCommandMessageId", "j"."UnloadSlotOperationAttemptId", "j"."UpdatedAt", "j"."VehicleBusinessMessageId", "j"."VehicleBusinessRevision", "j"."VehicleKey", "j"."Version", "j"."WaitingBatteryObservedAt", "j"."WaitingBatteryPercent", "j"."WaitingSince", "j"."WaitingWarnedAt", "j"."WorklistMessageId", "j"."WorklistRevision", "j"."YieldTriggeredAt", "j"."YieldTriggeredByVehicleKey"
FROM "JourneyRuntimes" AS "j"
WHERE "j"."Stage" <> 'Completed'
[14:28:18 INF] Executed DbCommand (0ms) [Parameters=[@__agvId_0='?' (Size = 10)], CommandType='Text', CommandTimeout='30']
SELECT "s"."AgvId", "s"."ActiveUnlockSlotsJson", "s"."CapabilityHash", "s"."CapabilityRevision", "s"."DepartureSafe", "s"."ForcedRecoveryGeneration", "s"."ManifestSha256", "s"."PendingAttemptIdsJson", "s"."PendingResultIdsJson", "s"."ProfileId", "s"."ProtocolCommit", "s"."ProtocolVersion", "s"."ProvenRecoveryCheckpoint", "s"."Readiness", "s"."ReasonCode", "s"."RecoveryReportId", "s"."ReportedForcedRecoveryGeneration", "s"."ReportedSlotConfigurationFingerprint", "s"."SafetyHash", "s"."SafetyReasonCodesJson", "s"."SafetyRevision", "s"."SafetyUnknownPresent", "s"."SessionGeneration", "s"."UnsettledSlotOperationAttemptId", "s"."UpdatedAt"
FROM "SessionRecoveries" AS "s"
WHERE "s"."AgvId" = @__agvId_0 AND "s"."Readiness" = 'Ready'
LIMIT 2
[14:28:18 INF] Executed DbCommand (0ms) [Parameters=[@__runtime_JourneyId_0='?' (Size = 44)], CommandType='Text', CommandTimeout='30']
SELECT "j"."StopId", "j"."CreatedAt", "j"."DepartureSafetyCheckId", "j"."DepartureSafetyCheckMessageId", "j"."DispatchZone", "j"."JourneyId", "j"."MovementLegId", "j"."OperationSessionId", "j"."PlanMessageId", "j"."Sequence", "j"."StationId", "j"."StationRiotId", "j"."Status", "j"."StopRole", "j"."SublotRequestMessageId", "j"."UpperId", "j"."VehicleBusinessMessageId", "j"."WorklistMessageId", "j"."WorklistRefills"
FROM "JourneyStops" AS "j"
WHERE "j"."JourneyId" = @__runtime_JourneyId_0
ORDER BY "j"."Sequence"
[14:28:18 INF] Executed DbCommand (0ms) [Parameters=[@__runtime_JourneyId_0='?' (Size = 44)], CommandType='Text', CommandTimeout='30']
SELECT "j"."JourneyId", "j"."DemandId", "j"."AddedAt", "j"."DispatchGeneration", "j"."DispatchZone", "j"."DispatchZoneParameterVersion", "j"."ExpectedBasketCount", "j"."LoadCommandMessageId", "j"."LoadSlotOperationAttemptId", "j"."LoadedSlotsJson", "j"."PickupStopId", "j"."RemovalReason", "j"."RemovedAt", "j"."Status", "j"."TargetSlotsJson", "j"."UnloadCommandMessageId", "j"."UnloadSlotOperationAttemptId", "j"."UnloadStopId", "a"."DemandId", "a"."AcceptedAt", "a"."CatalogRevision", "a"."CreatedAt", "a"."DemandRevision", "a"."Generation", "a"."HistoryEpoch", "a"."LiveMesFieldsJson", "a"."SeriesId", "a"."Status", "a"."Sublot", "a"."TransportDemandKey", "a"."ValueObservedAt", "a"."ValuePollTraceId", "a"."ValueProjectionCommitId", "a"."WorkType"
FROM "JourneyDemands" AS "j"
INNER JOIN "AcceptedDemands" AS "a" ON "j"."DemandId" = "a"."DemandId"
WHERE "j"."JourneyId" = @__runtime_JourneyId_0
[14:28:18 INF] Executed DbCommand (0ms) [Parameters=[], CommandType='Text', CommandTimeout='30']
SELECT "p"."MessageId", "p"."ContentHash", "p"."FirstResponseJson", "p"."MessageType", "p"."ReceivedAt", "p"."RequestJson"
FROM "ProtocolInbox" AS "p"
[14:28:18 INF] Executed DbCommand (0ms) [Parameters=[], CommandType='Text', CommandTimeout='30']
SELECT "p"."MessageId", "p"."AcknowledgedAt", "p"."CreatedAt", "p"."FencedAt", "p"."MessageType", "p"."PayloadJson"
FROM "ProtocolOutbox" AS "p"
WHERE "p"."AcknowledgedAt" IS NULL AND "p"."FencedAt" IS NULL
[14:28:18 INF] Executed DbCommand (0ms) [Parameters=[], CommandType='Text', CommandTimeout='30']
SELECT MAX("d"."Version")
FROM "DispatchZoneParameterVersions" AS "d"
[14:28:18 INF] Start processing HTTP request GET http://127.0.0.1:48408/api/task/v1/task/getVehicleInfo/BROKERX-L2-0001
[14:28:18 INF] Sending HTTP request GET http://127.0.0.1:48408/api/task/v1/task/getVehicleInfo/BROKERX-L2-0001
[14:28:18 INF] Received HTTP response headers after 0.5224ms - 200
[14:28:18 INF] End processing HTTP request after 1.5371ms - 200
[14:28:18 INF] Start processing HTTP request GET http://127.0.0.1:48408/api/order/v1/orderRecord?pageNum=1&pageSize=100&filterByState=1&filterByState=3&filterByState=7&filterByState=8&filterByState=9&filterByState=10
[14:28:18 INF] Sending HTTP request GET http://127.0.0.1:48408/api/order/v1/orderRecord?pageNum=1&pageSize=100&filterByState=1&filterByState=3&filterByState=7&filterByState=8&filterByState=9&filterByState=10
[14:28:18 INF] Received HTTP response headers after 0.6006ms - 200
[14:28:18 INF] End processing HTTP request after 1.4196ms - 200
[14:28:18 INF] HTTP GET /api/onboard/v1/vehicle-safety responded 200 in 4.7078 ms
[14:28:18 INF] Executed DbCommand (0ms) [Parameters=[@__messageId_0='?' (Size = 36)], CommandType='Text', CommandTimeout='30']
SELECT "p"."MessageId", "p"."ContentHash", "p"."FirstResponseJson", "p"."MessageType", "p"."ReceivedAt", "p"."RequestJson"
FROM "ProtocolInbox" AS "p"
WHERE "p"."MessageId" = @__messageId_0
LIMIT 2
[14:28:18 INF] Executed DbCommand (0ms) [Parameters=[@__runtime_AgvId_0='?' (Size = 10)], CommandType='Text', CommandTimeout='30']
SELECT EXISTS (
    SELECT 1
    FROM "VehicleFaultStates" AS "v"
    WHERE "v"."AgvId" = @__runtime_AgvId_0 AND "v"."Level" <> 'None' AND "v"."EvidenceCode" = 'VEHICLE_DOOR_NOT_PROVEN_LOCKED')
[14:28:18 INF] Executed DbCommand (0ms) [Parameters=[@__agvId_0='?' (Size = 10)], CommandType='Text', CommandTimeout='30']
SELECT "o"."AlarmsJson"
FROM "OnboardAlarmSnapshots" AS "o"
WHERE "o"."AgvId" = @__agvId_0
LIMIT 1
[14:28:18 INF] Executed DbCommand (0ms) [Parameters=[@__snapshot_AgvId_0='?' (Size = 10)], CommandType='Text', CommandTimeout='30']
SELECT "o"."AgvId", "o"."AlarmsJson", "o"."CapturedAt", "o"."ReceivedAt", "o"."SessionGeneration", "o"."SnapshotSequence"
FROM "OnboardAlarmSnapshots" AS "o"
WHERE "o"."AgvId" = @__snapshot_AgvId_0
LIMIT 1
[14:28:18 INF] Executed DbCommand (0ms) [Parameters=[@p4='?' (Size = 10), @p0='?' (Size = 428), @p1='?' (DbType = DateTimeOffset), @p2='?' (DbType = DateTimeOffset), @p3='?' (DbType = Int64)], CommandType='Text', CommandTimeout='30']
UPDATE "OnboardAlarmSnapshots" SET "AlarmsJson" = @p0, "CapturedAt" = @p1, "ReceivedAt" = @p2, "SnapshotSequence" = @p3
WHERE "AgvId" = @p4
RETURNING 1;
[14:28:18 INF] Executed DbCommand (0ms) [Parameters=[@__agvId_0='?' (Size = 10)], CommandType='Text', CommandTimeout='30']
SELECT "o"."AlarmsJson"
FROM "OnboardAlarmSnapshots" AS "o"
WHERE "o"."AgvId" = @__agvId_0
LIMIT 1
[14:28:18 INF] Executed DbCommand (0ms) [Parameters=[@__stop_StopId_0='?' (Size = 51), @__stop_UpperId_1='?' (Size = 49)], CommandType='Text', CommandTimeout='30']
SELECT "o"."RebuildId", "o"."AgvId", "o"."CargoEvidenceMessageId", "o"."CargoEvidenceNotBefore", "o"."CargoEvidenceRequestedAt", "o"."CargoEvidenceRequestedGeneration", "o"."CargoEvidenceRequestedWhileReady", "o"."CargoProvenAt", "o"."DemandId", "o"."DueAt", "o"."EndedOrderId", "o"."EndedOrderState", "o"."EndedUpperId", "o"."IncidentAt", "o"."JourneyId", "o"."NewMovementLegId", "o"."NewUpperId", "o"."OperatorId", "o"."RebuiltAt", "o"."RecordedAt", "o"."Source", "o"."State", "o"."StopId", "o"."StoppedAt", "o"."StoppedReason", "o"."VehicleHeldAt", "o"."VehicleKey", "o"."WaitingReason", "o"."WaitingSince"
FROM "OwnOrderRebuilds" AS "o"
WHERE "o"."StopId" = @__stop_StopId_0 AND (("o"."EndedUpperId" = @__stop_UpperId_1 AND "o"."State" = 'PENDING') OR ("o"."NewUpperId" = @__stop_UpperId_1 AND "o"."State" IN ('ORDERING', 'FAILED')) OR ("o"."State" = 'STOPPED' AND ("o"."EndedUpperId" = @__stop_UpperId_1 OR "o"."NewUpperId" = @__stop_UpperId_1)))
LIMIT 2
[14:28:18 INF] Executed DbCommand (0ms) [Parameters=[@p0='?' (Size = 36), @p1='?' (Size = 64), @p2='?' (Size = 625), @p3='?' (Size = 20), @p4='?' (DbType = DateTimeOffset), @p5='?' (Size = 844)], CommandType='Text', CommandTimeout='30']
INSERT INTO "ProtocolInbox" ("MessageId", "ContentHash", "FirstResponseJson", "MessageType", "ReceivedAt", "RequestJson")
VALUES (@p0, @p1, @p2, @p3, @p4, @p5);
[14:28:18 INF] Executed DbCommand (0ms) [Parameters=[@__agvId_0='?' (Size = 10), @__generation_1='?' (DbType = Int64)], CommandType='Text', CommandTimeout='30']
SELECT "o"."RebuildId"
FROM "OwnOrderRebuilds" AS "o"
WHERE "o"."AgvId" = @__agvId_0 AND ((("o"."State" = 'PENDING' OR ("o"."State" = 'ORDERING' AND EXISTS (
    SELECT 1
    FROM "OrderIntents" AS "o0"
    WHERE "o0"."MovementLegId" = "o"."NewMovementLegId" AND "o0"."CreateAttemptCount" = 0))) AND "o"."Source" IN ('FAULT_CLEARED_CARGO_ON_BOARD', 'ORDER_CANCELLED_IN_RIOT') AND EXISTS (
    SELECT 1
    FROM "JourneyDemands" AS "j"
    WHERE "j"."JourneyId" = "o"."JourneyId" AND "j"."RemovedAt" IS NULL AND "j"."Status" <> 'PENDING_LOAD' AND "j"."Status" <> 'UNLOADED' AND "j"."Status" <> 'TERMINATED')) OR ("o"."State" = 'AWAITING_CARGO_HANDOFF' AND EXISTS (
    SELECT 1
    FROM "JourneyRuntimes" AS "j0"
    WHERE "j0"."JourneyId" = "o"."JourneyId" AND "j0"."Stage" = 'Blocked'))) AND ("o"."CargoEvidenceRequestedGeneration" <> @__generation_1 OR "o"."CargoEvidenceRequestedGeneration" IS NULL OR NOT ("o"."CargoEvidenceRequestedWhileReady"))
[14:28:18 INF] Executed DbCommand (0ms) [Parameters=[@__messageId_0='?' (Size = 36)], CommandType='Text', CommandTimeout='30']
SELECT "p"."MessageId", "p"."ContentHash", "p"."FirstResponseJson", "p"."MessageType", "p"."ReceivedAt", "p"."RequestJson"
FROM "ProtocolInbox" AS "p"
WHERE "p"."MessageId" = @__messageId_0
LIMIT 2
[14:28:18 INF] Executed DbCommand (0ms) [Parameters=[@__agvId_0='?' (Size = 10)], CommandType='Text', CommandTimeout='30']
SELECT "s"."AgvId", "s"."ActiveUnlockSlotsJson", "s"."CapabilityHash", "s"."CapabilityRevision", "s"."DepartureSafe", "s"."ForcedRecoveryGeneration", "s"."ManifestSha256", "s"."PendingAttemptIdsJson", "s"."PendingResultIdsJson", "s"."ProfileId", "s"."ProtocolCommit", "s"."ProtocolVersion", "s"."ProvenRecoveryCheckpoint", "s"."Readiness", "s"."ReasonCode", "s"."RecoveryReportId", "s"."ReportedForcedRecoveryGeneration", "s"."ReportedSlotConfigurationFingerprint", "s"."SafetyHash", "s"."SafetyReasonCodesJson", "s"."SafetyRevision", "s"."SafetyUnknownPresent", "s"."SessionGeneration", "s"."UnsettledSlotOperationAttemptId", "s"."UpdatedAt"
FROM "SessionRecoveries" AS "s"
WHERE "s"."AgvId" = @__agvId_0
LIMIT 2
[14:28:18 INF] Executed DbCommand (0ms) [Parameters=[@__upperId_0='?' (Size = 49)], CommandType='Text', CommandTimeout='30']
SELECT "o"."MovementLegId", "o"."AgvLifecycleGeneration", "o"."CreateAttemptCount", "o"."CreateAttemptId", "o"."CreateDispatchArmedAt", "o"."CreatedAt", "o"."DemandId", "o"."DestinationStationId", "o"."DispatchAuditSequence", "o"."DispatchAuditVersion", "o"."DispatchGeneration", "o"."ExperimentalCreateAuthorizationId", "o"."LastCreateOutcome", "o"."LastCreateOutcomeAt", "o"."LastCreateReceiptJson", "o"."LastReconciliationOutcome", "o"."LastReconciliationOutcomeAt", "o"."LastReconciliationReceiptJson", "o"."MapId", "o"."OrderId", "o"."OrderShape", "o"."Purpose", "o"."Status", "o"."TargetStationId", "o"."UpperId", "o"."VehicleKey"
FROM "OrderIntents" AS "o"
WHERE "o"."UpperId" = @__upperId_0
LIMIT 2
[14:28:18 INF] Executed DbCommand (0ms) [Parameters=[@p8='?' (Size = 10), @p0='?' (DbType = Boolean), @p1='?' (Size = 16), @p2='?' (Size = 20), @p3='?' (Size = 64), @p4='?' (Size = 21), @p5='?' (DbType = Int64), @p6='?' (DbType = Boolean), @p7='?' (DbType = DateTimeOffset)], CommandType='Text', CommandTimeout='30']
UPDATE "SessionRecoveries" SET "DepartureSafe" = @p0, "Readiness" = @p1, "ReasonCode" = @p2, "SafetyHash" = @p3, "SafetyReasonCodesJson" = @p4, "SafetyRevision" = @p5, "SafetyUnknownPresent" = @p6, "UpdatedAt" = @p7
WHERE "AgvId" = @p8
RETURNING 1;
[14:28:18 INF] Executed DbCommand (0ms) [Parameters=[@__agvId_0='?' (Size = 10)], CommandType='Text', CommandTimeout='30']
SELECT "s"."AgvId", "s"."ActiveUnlockSlotsJson", "s"."CapabilityHash", "s"."CapabilityRevision", "s"."DepartureSafe", "s"."ForcedRecoveryGeneration", "s"."ManifestSha256", "s"."PendingAttemptIdsJson", "s"."PendingResultIdsJson", "s"."ProfileId", "s"."ProtocolCommit", "s"."ProtocolVersion", "s"."ProvenRecoveryCheckpoint", "s"."Readiness", "s"."ReasonCode", "s"."RecoveryReportId", "s"."ReportedForcedRecoveryGeneration", "s"."ReportedSlotConfigurationFingerprint", "s"."SafetyHash", "s"."SafetyReasonCodesJson", "s"."SafetyRevision", "s"."SafetyUnknownPresent", "s"."SessionGeneration", "s"."UnsettledSlotOperationAttemptId", "s"."UpdatedAt"
FROM "SessionRecoveries" AS "s"
WHERE "s"."AgvId" = @__agvId_0
LIMIT 2
[14:28:18 INF] Executed DbCommand (0ms) [Parameters=[@__messageId_0='?' (Size = 36)], CommandType='Text', CommandTimeout='30']
SELECT EXISTS (
    SELECT 1
    FROM "ProtocolOutbox" AS "p"
    WHERE "p"."MessageId" = @__messageId_0)
[14:28:18 INF] Executed DbCommand (0ms) [Parameters=[@__agvId_0='?' (Size = 10)], CommandType='Text', CommandTimeout='30']
SELECT EXISTS (
    SELECT 1
    FROM "StationOperations" AS "s"
    INNER JOIN (
        SELECT "j"."JourneyId", "j"."DemandId", "j"."AddedAt", "j"."DispatchGeneration", "j"."DispatchZone", "j"."DispatchZoneParameterVersion", "j"."ExpectedBasketCount", "j"."LoadCommandMessageId", "j"."LoadSlotOperationAttemptId", "j"."LoadedSlotsJson", "j"."PickupStopId", "j"."RemovalReason", "j"."RemovedAt", "j"."Status", "j"."TargetSlotsJson", "j"."UnloadCommandMessageId", "j"."UnloadSlotOperationAttemptId", "j"."UnloadStopId"
        FROM "JourneyDemands" AS "j"
        WHERE "j"."RemovedAt" IS NULL
    ) AS "t" ON "s"."DemandId" = "t"."DemandId"
    INNER JOIN "JourneyRuntimes" AS "j0" ON "t"."JourneyId" = "j0"."JourneyId"
    WHERE "j0"."AgvId" = @__agvId_0 AND "s"."Status" = 'RecoveryRequired')
[14:28:18 INF] Executed DbCommand (0ms) [Parameters=[@__agvId_0='?' (Size = 10)], CommandType='Text', CommandTimeout='30']
SELECT EXISTS (
    SELECT 1
    FROM "RecoveryWorkflows" AS "r"
    WHERE "r"."AgvId" = @__agvId_0 AND "r"."WorkflowType" = 'FORCED_MECHANICAL_RECOVERY' AND "r"."State" <> 'HistoricalOnly' AND NOT EXISTS (
        SELECT 1
        FROM "HardwareRecoveryRecords" AS "h"
        WHERE "h"."RecoveryActionId" = "r"."WorkflowId"))
[14:28:18 INF] Executed DbCommand (0ms) [Parameters=[@__agvId_0='?' (Size = 10)], CommandType='Text', CommandTimeout='30']
SELECT EXISTS (
    SELECT 1
    FROM "OwnOrderRebuilds" AS "o"
    WHERE "o"."AgvId" = @__agvId_0 AND "o"."State" = 'AWAITING_CARGO_HANDOFF' AND EXISTS (
        SELECT 1
        FROM "JourneyRuntimes" AS "j"
        WHERE "j"."JourneyId" = "o"."JourneyId" AND "j"."Stage" = 'Blocked'))
[14:28:18 INF] Executed DbCommand (0ms) [Parameters=[@__agvId_0='?' (Size = 10)], CommandType='Text', CommandTimeout='30']
SELECT "a"."AgvId", "a"."ActivatedAt", "a"."ActivationId", "a"."ConfigurationVersion", "a"."Fingerprint", "a"."SlotModelVersionId", "a"."SnapshotId"
FROM "ActiveSlotConfigurations" AS "a"
WHERE "a"."AgvId" = @__agvId_0
LIMIT 1
[14:28:18 INF] Executed DbCommand (0ms) [Parameters=[@__agvId_0='?' (Size = 10)], CommandType='Text', CommandTimeout='30']
SELECT EXISTS (
    SELECT 1
    FROM "SlotDoorHolds" AS "s"
    WHERE "s"."AgvId" = @__agvId_0 AND "s"."ReleasedAt" IS NULL)
[14:28:18 INF] Executed DbCommand (0ms) [Parameters=[@p2='?' (Size = 10), @p0='?' (Size = 26), @p1='?' (DbType = DateTimeOffset)], CommandType='Text', CommandTimeout='30']
UPDATE "SessionRecoveries" SET "ReasonCode" = @p0, "UpdatedAt" = @p1
WHERE "AgvId" = @p2
RETURNING 1;
[14:28:18 INF] Executed DbCommand (0ms) [Parameters=[@__agvId_0='?' (Size = 10)], CommandType='Text', CommandTimeout='30']
SELECT "o"."AlarmsJson"
FROM "OnboardAlarmSnapshots" AS "o"
WHERE "o"."AgvId" = @__agvId_0
LIMIT 1
[14:28:18 INF] SessionReadiness bc42e845-52de-4da9-a9e3-efbdce0f4905 to AGV-L2-001 generation 1: RECOVERY_REQUIRED [DEPARTURE_UNSAFE], after the answer to SafetyStateChanged 1edcf2cf-9805-b553-96fa-e7a2f5a36db4.
[14:28:18 INF] Executed DbCommand (0ms) [Parameters=[@p0='?' (Size = 36), @p1='?' (Size = 64), @p2='?' (Size = 1265), @p3='?' (Size = 18), @p4='?' (DbType = DateTimeOffset), @p5='?' (Size = 673)], CommandType='Text', CommandTimeout='30']
INSERT INTO "ProtocolInbox" ("MessageId", "ContentHash", "FirstResponseJson", "MessageType", "ReceivedAt", "RequestJson")
VALUES (@p0, @p1, @p2, @p3, @p4, @p5);
[14:28:18 INF] Executed DbCommand (0ms) [Parameters=[@__agvId_0='?' (Size = 10)], CommandType='Text', CommandTimeout='30']
SELECT "v"."AgvId", "v"."PlanRevision", "v"."VehicleBusinessRevision", "v"."WorklistRevision"
FROM "VehicleSnapshotRevisions" AS "v"
WHERE "v"."AgvId" = @__agvId_0
LIMIT 2
[14:28:18 INF] Executed DbCommand (0ms) [Parameters=[@__agvId_0='?' (Size = 10), @__generation_1='?' (DbType = Int64)], CommandType='Text', CommandTimeout='30']
SELECT "o"."RebuildId"
FROM "OwnOrderRebuilds" AS "o"
WHERE "o"."AgvId" = @__agvId_0 AND ((("o"."State" = 'PENDING' OR ("o"."State" = 'ORDERING' AND EXISTS (
    SELECT 1
    FROM "OrderIntents" AS "o0"
    WHERE "o0"."MovementLegId" = "o"."NewMovementLegId" AND "o0"."CreateAttemptCount" = 0))) AND "o"."Source" IN ('FAULT_CLEARED_CARGO_ON_BOARD', 'ORDER_CANCELLED_IN_RIOT') AND EXISTS (
    SELECT 1
    FROM "JourneyDemands" AS "j"
    WHERE "j"."JourneyId" = "o"."JourneyId" AND "j"."RemovedAt" IS NULL AND "j"."Status" <> 'PENDING_LOAD' AND "j"."Status" <> 'UNLOADED' AND "j"."Status" <> 'TERMINATED')) OR ("o"."State" = 'AWAITING_CARGO_HANDOFF' AND EXISTS (
    SELECT 1
    FROM "JourneyRuntimes" AS "j0"
    WHERE "j0"."JourneyId" = "o"."JourneyId" AND "j0"."Stage" = 'Blocked'))) AND ("o"."CargoEvidenceRequestedGeneration" <> @__generation_1 OR "o"."CargoEvidenceRequestedGeneration" IS NULL)
[14:28:18 INF] Executed DbCommand (0ms) [Parameters=[@__messageId_0='?' (Size = 36)], CommandType='Text', CommandTimeout='30']
SELECT "p"."MessageId", "p"."AcknowledgedAt", "p"."CreatedAt", "p"."FencedAt", "p"."MessageType", "p"."PayloadJson"
FROM "ProtocolOutbox" AS "p"
WHERE "p"."MessageId" = @__messageId_0
LIMIT 2
[14:28:18 INF] Executed DbCommand (0ms) [Parameters=[@__messageId_0='?' (Size = 36)], CommandType='Text', CommandTimeout='30']
SELECT "p"."MessageId", "p"."AcknowledgedAt", "p"."CreatedAt", "p"."FencedAt", "p"."MessageType", "p"."PayloadJson"
FROM "ProtocolOutbox" AS "p"
WHERE "p"."MessageId" = @__messageId_0
LIMIT 2
[14:28:18 INF] Executed DbCommand (0ms) [Parameters=[@p1='?' (Size = 44), @p0='?' (DbType = Int64), @p2='?' (DbType = Int64)], CommandType='Text', CommandTimeout='30']
UPDATE "JourneyRuntimes" SET "Version" = @p0
WHERE "JourneyId" = @p1 AND "Version" = @p2
RETURNING 1;
[14:28:18 INF] Executed DbCommand (0ms) [Parameters=[@p0='?' (Size = 36), @p1='?' (DbType = DateTimeOffset), @p2='?' (DbType = DateTimeOffset), @p3='?' (DbType = DateTimeOffset), @p4='?' (Size = 24), @p5='?' (Size = 952)], CommandType='Text', CommandTimeout='30']
INSERT INTO "ProtocolOutbox" ("MessageId", "AcknowledgedAt", "CreatedAt", "FencedAt", "MessageType", "PayloadJson")
VALUES (@p0, @p1, @p2, @p3, @p4, @p5);
[14:28:18 INF] Executed DbCommand (0ms) [Parameters=[@__stop_MovementLegId_0='?' (Size = 36)], CommandType='Text', CommandTimeout='30']
SELECT "o"."MovementLegId", "o"."AgvLifecycleGeneration", "o"."CreateAttemptCount", "o"."CreateAttemptId", "o"."CreateDispatchArmedAt", "o"."CreatedAt", "o"."DemandId", "o"."DestinationStationId", "o"."DispatchAuditSequence", "o"."DispatchAuditVersion", "o"."DispatchGeneration", "o"."ExperimentalCreateAuthorizationId", "o"."LastCreateOutcome", "o"."LastCreateOutcomeAt", "o"."LastCreateReceiptJson", "o"."LastReconciliationOutcome", "o"."LastReconciliationOutcomeAt", "o"."LastReconciliationReceiptJson", "o"."MapId", "o"."OrderId", "o"."OrderShape", "o"."Purpose", "o"."Status", "o"."TargetStationId", "o"."UpperId", "o"."VehicleKey"
FROM "OrderIntents" AS "o"
WHERE "o"."MovementLegId" = @__stop_MovementLegId_0
LIMIT 2
[14:28:18 INF] Start processing HTTP request GET http://127.0.0.1:48408/api/order/v1/orderRecord/detailByUpperId/W2G-31f958b5-94d3-48a9-b641-8fcaf87c51d8-PICKUP-1
[14:28:18 INF] Sending HTTP request GET http://127.0.0.1:48408/api/order/v1/orderRecord/detailByUpperId/W2G-31f958b5-94d3-48a9-b641-8fcaf87c51d8-PICKUP-1
[14:28:18 INF] Received HTTP response headers after 0.5664ms - 200
[14:28:18 INF] End processing HTTP request after 1.4243ms - 200
[14:28:18 INF] Executed DbCommand (0ms) [Parameters=[@__agvId_0='?' (Size = 10)], CommandType='Text', CommandTimeout='30']
SELECT "s"."AgvId", "s"."ActiveUnlockSlotsJson", "s"."CapabilityHash", "s"."CapabilityRevision", "s"."DepartureSafe", "s"."ForcedRecoveryGeneration", "s"."ManifestSha256", "s"."PendingAttemptIdsJson", "s"."PendingResultIdsJson", "s"."ProfileId", "s"."ProtocolCommit", "s"."ProtocolVersion", "s"."ProvenRecoveryCheckpoint", "s"."Readiness", "s"."ReasonCode", "s"."RecoveryReportId", "s"."ReportedForcedRecoveryGeneration", "s"."ReportedSlotConfigurationFingerprint", "s"."SafetyHash", "s"."SafetyReasonCodesJson", "s"."SafetyRevision", "s"."SafetyUnknownPresent", "s"."SessionGeneration", "s"."UnsettledSlotOperationAttemptId", "s"."UpdatedAt"
FROM "SessionRecoveries" AS "s"
WHERE "s"."AgvId" = @__agvId_0
LIMIT 2
[14:28:18 INF] Executed DbCommand (0ms) [Parameters=[], CommandType='Text', CommandTimeout='30']
SELECT "p"."MessageId", "p"."ContentHash", "p"."FirstResponseJson", "p"."MessageType", "p"."ReceivedAt", "p"."RequestJson"
FROM "ProtocolInbox" AS "p"
WHERE "p"."MessageType" IN ('SafetyStateSnapshot', 'SafetyStateChanged')
[14:28:18 INF] Executed DbCommand (0ms) [Parameters=[], CommandType='Text', CommandTimeout='30']
SELECT "p"."MessageId", "p"."ContentHash", "p"."FirstResponseJson", "p"."MessageType", "p"."ReceivedAt", "p"."RequestJson"
FROM "ProtocolInbox" AS "p"
[14:28:18 INF] Executed DbCommand (0ms) [Parameters=[@__runtime_AgvId_0='?' (Size = 10)], CommandType='Text', CommandTimeout='30']
SELECT EXISTS (
    SELECT 1
    FROM "VehicleFaultStates" AS "v"
    WHERE "v"."AgvId" = @__runtime_AgvId_0 AND "v"."Level" <> 'None' AND "v"."EvidenceCode" = 'VEHICLE_DOOR_NOT_PROVEN_LOCKED')
[14:28:18 INF] Executed DbCommand (0ms) [Parameters=[@__messageId_0='?' (Size = 36)], CommandType='Text', CommandTimeout='30']
SELECT "p"."MessageId", "p"."ContentHash", "p"."FirstResponseJson", "p"."MessageType", "p"."ReceivedAt", "p"."RequestJson"
FROM "ProtocolInbox" AS "p"
WHERE "p"."MessageId" = @__messageId_0
LIMIT 2
[14:28:18 INF] Start processing HTTP request GET http://127.0.0.1:48408/api/task/v1/task/getVehicleInfo/BROKERX-L2-0001
[14:28:18 INF] Sending HTTP request GET http://127.0.0.1:48408/api/task/v1/task/getVehicleInfo/BROKERX-L2-0001
[14:28:18 INF] Received HTTP response headers after 0.5581ms - 200
[14:28:18 INF] End processing HTTP request after 1.4231ms - 200
[14:28:18 INF] Executed DbCommand (0ms) [Parameters=[@__messageId_0='?' (Size = 36)], CommandType='Text', CommandTimeout='30']
SELECT "p"."MessageId", "p"."AcknowledgedAt", "p"."CreatedAt", "p"."FencedAt", "p"."MessageType", "p"."PayloadJson"
FROM "ProtocolOutbox" AS "p"
WHERE "p"."MessageId" = @__messageId_0
LIMIT 2
[14:28:18 INF] Start processing HTTP request GET http://127.0.0.1:48408/api/task/vehicles/getVehicleInfoByDeviceKey?key=BROKERX-L2-0001
[14:28:18 INF] Sending HTTP request GET http://127.0.0.1:48408/api/task/vehicles/getVehicleInfoByDeviceKey?key=BROKERX-L2-0001
[14:28:18 INF] Executed DbCommand (0ms) [Parameters=[@p1='?' (Size = 36), @p0='?' (DbType = DateTimeOffset)], CommandType='Text', CommandTimeout='30']
UPDATE "ProtocolOutbox" SET "AcknowledgedAt" = @p0
WHERE "MessageId" = @p1
RETURNING 1;
[14:28:18 INF] Received HTTP response headers after 0.3687ms - 200
[14:28:18 INF] End processing HTTP request after 1.6008ms - 200
[14:28:18 INF] Executed DbCommand (0ms) [Parameters=[@p0='?' (Size = 36), @p1='?' (Size = 64), @p2='?', @p3='?' (Size = 18), @p4='?' (DbType = DateTimeOffset), @p5='?' (Size = 630)], CommandType='Text', CommandTimeout='30']
INSERT INTO "ProtocolInbox" ("MessageId", "ContentHash", "FirstResponseJson", "MessageType", "ReceivedAt", "RequestJson")
VALUES (@p0, @p1, @p2, @p3, @p4, @p5);
[14:28:18 INF] Executed DbCommand (0ms) [Parameters=[@__agvId_0='?' (Size = 10), @__generation_1='?' (DbType = Int64)], CommandType='Text', CommandTimeout='30']
SELECT "o"."RebuildId"
FROM "OwnOrderRebuilds" AS "o"
WHERE "o"."AgvId" = @__agvId_0 AND ((("o"."State" = 'PENDING' OR ("o"."State" = 'ORDERING' AND EXISTS (
    SELECT 1
    FROM "OrderIntents" AS "o0"
    WHERE "o0"."MovementLegId" = "o"."NewMovementLegId" AND "o0"."CreateAttemptCount" = 0))) AND "o"."Source" IN ('FAULT_CLEARED_CARGO_ON_BOARD', 'ORDER_CANCELLED_IN_RIOT') AND EXISTS (
    SELECT 1
    FROM "JourneyDemands" AS "j"
    WHERE "j"."JourneyId" = "o"."JourneyId" AND "j"."RemovedAt" IS NULL AND "j"."Status" <> 'PENDING_LOAD' AND "j"."Status" <> 'UNLOADED' AND "j"."Status" <> 'TERMINATED')) OR ("o"."State" = 'AWAITING_CARGO_HANDOFF' AND EXISTS (
    SELECT 1
    FROM "JourneyRuntimes" AS "j0"
    WHERE "j0"."JourneyId" = "o"."JourneyId" AND "j0"."Stage" = 'Blocked'))) AND ("o"."CargoEvidenceRequestedGeneration" <> @__generation_1 OR "o"."CargoEvidenceRequestedGeneration" IS NULL)
[14:28:18 INF] Executed DbCommand (0ms) [Parameters=[@__holding_0='?' (Size = 129)], CommandType='Text', CommandTimeout='30']
SELECT "f"."AgvId"
FROM "ForeignRiotOrders" AS "f"
WHERE "f"."State" IN (
    SELECT "h"."value"
    FROM json_each(@__holding_0) AS "h"
)
[14:28:18 INF] Executed DbCommand (0ms) [Parameters=[], CommandType='Text', CommandTimeout='30']
SELECT "a"."DemandId"
FROM "AcceptedDemands" AS "a"
WHERE "a"."Status" NOT IN ('Succeeded', 'Cancelled') AND NOT EXISTS (
    SELECT 1
    FROM "AcceptedDemands" AS "a0"
    WHERE "a0"."Status" NOT IN ('Succeeded', 'Cancelled') AND NOT EXISTS (
        SELECT 1
        FROM "JourneyDemands" AS "j"
        WHERE "j"."DemandId" = "a0"."DemandId" AND "j"."RemovedAt" IS NULL) AND EXISTS (
        SELECT 1
        FROM "JourneyDemands" AS "j0"
        WHERE "j0"."DemandId" = "a0"."DemandId" AND "j0"."RemovedAt" IS NOT NULL AND "j0"."RemovalReason" = 'RELEASED_FOR_REDISPATCH' AND NOT EXISTS (
            SELECT 1
            FROM "JourneyDemands" AS "j1"
            WHERE "j1"."DemandId" = "a0"."DemandId" AND "j1"."DispatchGeneration" > "j0"."DispatchGeneration")) AND "a0"."DemandId" = "a"."DemandId")
[14:28:18 INF] Executed DbCommand (0ms) [Parameters=[], CommandType='Text', CommandTimeout='30']
SELECT "j"."DemandId"
FROM "JourneyDemands" AS "j"
WHERE "j"."RemovedAt" IS NULL
[14:28:18 INF] Start processing HTTP request GET http://127.0.0.1:48409/api/v2/contract
[14:28:18 INF] Sending HTTP request GET http://127.0.0.1:48409/api/v2/contract
[14:28:18 INF] Received HTTP response headers after 0.5305ms - 200
[14:28:18 INF] End processing HTTP request after 1.2122ms - 200
[14:28:18 INF] Start processing HTTP request GET http://127.0.0.1:48409/api/v2/externally-readable-demand-catalog
[14:28:18 INF] Sending HTTP request GET http://127.0.0.1:48409/api/v2/externally-readable-demand-catalog
[14:28:18 INF] Received HTTP response headers after 0.4092ms - 200
[14:28:18 INF] End processing HTTP request after 1.1962ms - 200
[14:28:18 INF] Executed DbCommand (0ms) [Parameters=[], CommandType='Text', CommandTimeout='30']
SELECT "j"."DemandId", "j"."AcceptedAt", "j"."DecisionFingerprint", "j"."DemandCreatedAt", "j"."FirstSeenAt", "j"."LastSeenAt", "j"."ReasonCode", "j"."StarvationEscalatedAt", "j"."StarvationEscalationParameterVersion", "j"."TransportDemandKey"
FROM "JourneyBacklog" AS "j"
[14:28:18 INF] Executed DbCommand (0ms) [Parameters=[], CommandType='Text', CommandTimeout='30']
SELECT "a"."DemandId"
FROM "AcceptedDemands" AS "a"
WHERE NOT EXISTS (
    SELECT 1
    FROM "AcceptedDemands" AS "a0"
    WHERE "a0"."Status" NOT IN ('Succeeded', 'Cancelled') AND NOT EXISTS (
        SELECT 1
        FROM "JourneyDemands" AS "j"
        WHERE "j"."DemandId" = "a0"."DemandId" AND "j"."RemovedAt" IS NULL) AND EXISTS (
        SELECT 1
        FROM "JourneyDemands" AS "j0"
        WHERE "j0"."DemandId" = "a0"."DemandId" AND "j0"."RemovedAt" IS NOT NULL AND "j0"."RemovalReason" = 'RELEASED_FOR_REDISPATCH' AND NOT EXISTS (
            SELECT 1
            FROM "JourneyDemands" AS "j1"
            WHERE "j1"."DemandId" = "a0"."DemandId" AND "j1"."DispatchGeneration" > "j0"."DispatchGeneration")) AND "a0"."DemandId" = "a"."DemandId")
[14:28:18 INF] Executed DbCommand (0ms) [Parameters=[], CommandType='Text', CommandTimeout='30']
SELECT "j"."DemandId", MAX("j"."DispatchGeneration") AS "Generation"
FROM "JourneyDemands" AS "j"
WHERE EXISTS (
    SELECT 1
    FROM "AcceptedDemands" AS "a"
    WHERE "a"."Status" NOT IN ('Succeeded', 'Cancelled') AND NOT EXISTS (
        SELECT 1
        FROM "JourneyDemands" AS "j0"
        WHERE "j0"."DemandId" = "a"."DemandId" AND "j0"."RemovedAt" IS NULL) AND EXISTS (
        SELECT 1
        FROM "JourneyDemands" AS "j1"
        WHERE "j1"."DemandId" = "a"."DemandId" AND "j1"."RemovedAt" IS NOT NULL AND "j1"."RemovalReason" = 'RELEASED_FOR_REDISPATCH' AND NOT EXISTS (
            SELECT 1
            FROM "JourneyDemands" AS "j2"
            WHERE "j2"."DemandId" = "a"."DemandId" AND "j2"."DispatchGeneration" > "j1"."DispatchGeneration")) AND "a"."DemandId" = "j"."DemandId")
GROUP BY "j"."DemandId"
[14:28:18 INF] Executed DbCommand (0ms) [Parameters=[], CommandType='Text', CommandTimeout='30']
SELECT "v"."AgvId", "v"."TaskType", "v"."Allowed", "v"."ConfigurationVersion", "v"."UpdatedAt"
FROM "VehicleTaskTypeAdmissions" AS "v"
[14:28:18 INF] Executed DbCommand (0ms) [Parameters=[], CommandType='Text', CommandTimeout='30']
SELECT "v"."AgvId", "v"."ConfigurationVersion", "v"."RoundTimeoutMilliseconds", "v"."UpdatedAt"
FROM "VehicleDispatchBudgets" AS "v"
[14:28:18 INF] Executed DbCommand (0ms) [Parameters=[], CommandType='Text', CommandTimeout='30']
SELECT "d"."Zone", "d"."AgvId", "d"."ConfigurationVersion", "d"."UpdatedAt"
FROM "DispatchZoneVehicles" AS "d"
[14:28:18 INF] Executed DbCommand (0ms) [Parameters=[], CommandType='Text', CommandTimeout='30']
SELECT MAX("d"."Version")
FROM "DispatchZoneAreaAssignmentVersions" AS "d"
[14:28:18 INF] Executed DbCommand (0ms) [Parameters=[@__version_0='?' (DbType = Int64)], CommandType='Text', CommandTimeout='30']
SELECT "d"."Version", "d"."ContentSha256", "d"."EntryCount", "d"."ImportedAt", "d"."SnapshotId"
FROM "DispatchZoneAreaAssignmentVersions" AS "d"
WHERE "d"."Version" = @__version_0
LIMIT 2
[14:28:18 INF] Executed DbCommand (0ms) [Parameters=[@__version_0='?' (DbType = Int64)], CommandType='Text', CommandTimeout='30']
SELECT "d"."Version", "d"."Area", "d"."DispatchZone", "d"."SlotPosition"
FROM "DispatchZoneAreaAssignments" AS "d"
WHERE "d"."Version" = @__version_0
[14:28:18 INF] Executed DbCommand (0ms) [Parameters=[], CommandType='Text', CommandTimeout='30']
SELECT MAX("d"."Version")
FROM "DispatchZoneParameterVersions" AS "d"
[14:28:18 INF] Executed DbCommand (0ms) [Parameters=[@__messageId_0='?' (Size = 36)], CommandType='Text', CommandTimeout='30']
SELECT "p"."MessageId", "p"."ContentHash", "p"."FirstResponseJson", "p"."MessageType", "p"."ReceivedAt", "p"."RequestJson"
FROM "ProtocolInbox" AS "p"
WHERE "p"."MessageId" = @__messageId_0
LIMIT 2
[14:28:18 INF] Executed DbCommand (0ms) [Parameters=[], CommandType='Text', CommandTimeout='30']
SELECT "j"."AgvId", "j"."CreatedAt"
FROM "JourneyRuntimes" AS "j"
WHERE "j"."JourneyId" NOT LIKE 'idle-return:%' AND "j"."JourneyId" NOT LIKE 'charging:%'
[14:28:18 INF] Executed DbCommand (0ms) [Parameters=[@p0='?' (Size = 36), @p1='?' (Size = 64), @p2='?' (Size = 536), @p3='?' (Size = 9), @p4='?' (DbType = DateTimeOffset), @p5='?' (Size = 427)], CommandType='Text', CommandTimeout='30']
INSERT INTO "ProtocolInbox" ("MessageId", "ContentHash", "FirstResponseJson", "MessageType", "ReceivedAt", "RequestJson")
VALUES (@p0, @p1, @p2, @p3, @p4, @p5);
[14:28:18 INF] Executed DbCommand (0ms) [Parameters=[@__agvId_0='?' (Size = 10), @__generation_1='?' (DbType = Int64)], CommandType='Text', CommandTimeout='30']
SELECT "o"."RebuildId"
FROM "OwnOrderRebuilds" AS "o"
WHERE "o"."AgvId" = @__agvId_0 AND ((("o"."State" = 'PENDING' OR ("o"."State" = 'ORDERING' AND EXISTS (
    SELECT 1
    FROM "OrderIntents" AS "o0"
    WHERE "o0"."MovementLegId" = "o"."NewMovementLegId" AND "o0"."CreateAttemptCount" = 0))) AND "o"."Source" IN ('FAULT_CLEARED_CARGO_ON_BOARD', 'ORDER_CANCELLED_IN_RIOT') AND EXISTS (
    SELECT 1
    FROM "JourneyDemands" AS "j"
    WHERE "j"."JourneyId" = "o"."JourneyId" AND "j"."RemovedAt" IS NULL AND "j"."Status" <> 'PENDING_LOAD' AND "j"."Status" <> 'UNLOADED' AND "j"."Status" <> 'TERMINATED')) OR ("o"."State" = 'AWAITING_CARGO_HANDOFF' AND EXISTS (
    SELECT 1
    FROM "JourneyRuntimes" AS "j0"
    WHERE "j0"."JourneyId" = "o"."JourneyId" AND "j0"."Stage" = 'Blocked'))) AND ("o"."CargoEvidenceRequestedGeneration" <> @__generation_1 OR "o"."CargoEvidenceRequestedGeneration" IS NULL)
[14:28:18 INF] Executed DbCommand (0ms) [Parameters=[@__agvId_0='?' (Size = 10)], CommandType='Text', CommandTimeout='30']
SELECT "a"."SlotModelVersionId", "a"."SnapshotId"
FROM "ActiveSlotConfigurations" AS "a"
WHERE "a"."AgvId" = @__agvId_0
LIMIT 2
[14:28:18 INF] Executed DbCommand (0ms) [Parameters=[@__agvId_0='?' (Size = 10)], CommandType='Text', CommandTimeout='30']
SELECT "s"."SlotModelVersionId", "s"."CreatedAt"
FROM "SlotIoBindings" AS "s"
WHERE "s"."AgvId" = @__agvId_0 AND "s"."Status" = 'PUBLISHED'
[14:28:18 INF] Executed DbCommand (0ms) [Parameters=[@__slotModelVersionId_0='?' (Size = 32)], CommandType='Text', CommandTimeout='30']
SELECT "s"."SlotModelVersionId", "s"."PhysicalSlotNumber", "s"."SlotPosition", "s"."SlotTemplateId"
FROM "SlotModelSlots" AS "s"
WHERE "s"."SlotModelVersionId" = @__slotModelVersionId_0
[14:28:18 INF] Executed DbCommand (0ms) [Parameters=[@__agvId_0='?' (Size = 10)], CommandType='Text', CommandTimeout='30']
SELECT "s"."AgvId", "s"."ActiveUnlockSlotsJson", "s"."CapabilityHash", "s"."CapabilityRevision", "s"."DepartureSafe", "s"."ForcedRecoveryGeneration", "s"."ManifestSha256", "s"."PendingAttemptIdsJson", "s"."PendingResultIdsJson", "s"."ProfileId", "s"."ProtocolCommit", "s"."ProtocolVersion", "s"."ProvenRecoveryCheckpoint", "s"."Readiness", "s"."ReasonCode", "s"."RecoveryReportId", "s"."ReportedForcedRecoveryGeneration", "s"."ReportedSlotConfigurationFingerprint", "s"."SafetyHash", "s"."SafetyReasonCodesJson", "s"."SafetyRevision", "s"."SafetyUnknownPresent", "s"."SessionGeneration", "s"."UnsettledSlotOperationAttemptId", "s"."UpdatedAt"
FROM "SessionRecoveries" AS "s"
WHERE "s"."AgvId" = @__agvId_0 AND "s"."Readiness" = 'Ready'
LIMIT 2
[14:28:18 INF] Start processing HTTP request GET http://127.0.0.1:48408/api/task/vehicles/getVehicleInfoByDeviceKey?key=BROKERX-L2-0001
[14:28:18 INF] Sending HTTP request GET http://127.0.0.1:48408/api/task/vehicles/getVehicleInfoByDeviceKey?key=BROKERX-L2-0001
[14:28:18 INF] Received HTTP response headers after 0.4859ms - 200
[14:28:18 INF] End processing HTTP request after 1.2237ms - 200
[14:28:18 INF] Executed DbCommand (0ms) [Parameters=[@__vehicle_AgvId_0='?' (Size = 10)], CommandType='Text', CommandTimeout='30']
SELECT "j"."JourneyId", "j"."AgvId", "j"."AgvLifecycleGeneration", "j"."AreaEndAdmissionRevokedSince", "j"."BlockReasonCode", "j"."BlockReasonSince", "j"."CargoHoldingStartedAt", "j"."ChargingPolicyVersion", "j"."ConsumedSafetyResultMessageId", "j"."ConsumedSublotMessageId", "j"."CreatedAt", "j"."DemandId", "j"."DispatchGeneration", "j"."DispatchZone", "j"."ExpectedBasketCount", "j"."FullSlotPositionsJson", "j"."GateMovementLegId", "j"."GatePlanMessageId", "j"."GateStationId", "j"."GateStationRiotId", "j"."GateUpperId", "j"."GateVehicleBusinessMessageId", "j"."GateWorklistMessageId", "j"."LoadCommandMessageId", "j"."LoadSlotOperationAttemptId", "j"."LoadingClosedReason", "j"."LoadingPhaseState", "j"."MapId", "j"."MapIdentity", "j"."OperationSessionId", "j"."PickupMovementLegId", "j"."PickupStationId", "j"."PickupStationRiotId", "j"."PickupUpperId", "j"."PlanMessageId", "j"."PlanRevision", "j"."PreDepartureSafetyCheckId", "j"."PreDepartureSafetyCheckMessageId", "j"."PublishedBatteryState", "j"."RouteEvidenceId", "j"."Stage", "j"."StationDepartureWaitStartedAt", "j"."SublotRequestMessageId", "j"."TargetSlotsJson", "j"."UnloadCommandMessageId", "j"."UnloadSlotOperationAttemptId", "j"."UpdatedAt", "j"."VehicleBusinessMessageId", "j"."VehicleBusinessRevision", "j"."VehicleKey", "j"."Version", "j"."WaitingBatteryObservedAt", "j"."WaitingBatteryPercent", "j"."WaitingSince", "j"."WaitingWarnedAt", "j"."WorklistMessageId", "j"."WorklistRevision", "j"."YieldTriggeredAt", "j"."YieldTriggeredByVehicleKey"
FROM "JourneyRuntimes" AS "j"
WHERE "j"."AgvId" = @__vehicle_AgvId_0 AND "j"."Stage" <> 'Completed' AND "j"."Stage" <> 'Blocked'
[14:28:18 INF] Executed DbCommand (0ms) [Parameters=[@__runtime_JourneyId_0='?' (Size = 44)], CommandType='Text', CommandTimeout='30']
SELECT "j"."StopId", "j"."CreatedAt", "j"."DepartureSafetyCheckId", "j"."DepartureSafetyCheckMessageId", "j"."DispatchZone", "j"."JourneyId", "j"."MovementLegId", "j"."OperationSessionId", "j"."PlanMessageId", "j"."Sequence", "j"."StationId", "j"."StationRiotId", "j"."Status", "j"."StopRole", "j"."SublotRequestMessageId", "j"."UpperId", "j"."VehicleBusinessMessageId", "j"."WorklistMessageId", "j"."WorklistRefills"
FROM "JourneyStops" AS "j"
WHERE "j"."JourneyId" = @__runtime_JourneyId_0
ORDER BY "j"."Sequence"
[14:28:18 INF] Executed DbCommand (0ms) [Parameters=[@__runtime_JourneyId_0='?' (Size = 44)], CommandType='Text', CommandTimeout='30']
SELECT "j"."JourneyId", "j"."DemandId", "j"."AddedAt", "j"."DispatchGeneration", "j"."DispatchZone", "j"."DispatchZoneParameterVersion", "j"."ExpectedBasketCount", "j"."LoadCommandMessageId", "j"."LoadSlotOperationAttemptId", "j"."LoadedSlotsJson", "j"."PickupStopId", "j"."RemovalReason", "j"."RemovedAt", "j"."Status", "j"."TargetSlotsJson", "j"."UnloadCommandMessageId", "j"."UnloadSlotOperationAttemptId", "j"."UnloadStopId", "a"."DemandId", "a"."AcceptedAt", "a"."CatalogRevision", "a"."CreatedAt", "a"."DemandRevision", "a"."Generation", "a"."HistoryEpoch", "a"."LiveMesFieldsJson", "a"."SeriesId", "a"."Status", "a"."Sublot", "a"."TransportDemandKey", "a"."ValueObservedAt", "a"."ValuePollTraceId", "a"."ValueProjectionCommitId", "a"."WorkType"
FROM "JourneyDemands" AS "j"
INNER JOIN "AcceptedDemands" AS "a" ON "j"."DemandId" = "a"."DemandId"
WHERE "j"."JourneyId" = @__runtime_JourneyId_0
[14:28:18 INF] Executed DbCommand (0ms) [Parameters=[@__vehicle_AgvId_0='?' (Size = 10)], CommandType='Text', CommandTimeout='30']
SELECT "j"."CreatedAt", "j"."ChargingPolicyVersion"
FROM "JourneyRuntimes" AS "j"
WHERE "j"."AgvId" = @__vehicle_AgvId_0 AND "j"."Stage" <> 'Completed' AND "j"."Stage" <> 'Blocked'
[14:28:18 INF] Executed DbCommand (0ms) [Parameters=[@__version_0='?' (DbType = Int64)], CommandType='Text', CommandTimeout='30']
SELECT "c"."Version", "c"."ChangeNote", "c"."ChargingCompletionThresholdPercent", "c"."ContentSha256", "c"."EstimatedTaskConsumptionPercent", "c"."MandatoryChargeEntryThresholdPercent", "c"."MinimumPostTaskBatteryMarginPercent", "c"."ProgressMinimumIncreasePercent", "c"."ProgressObservationWindowSeconds", "c"."ProgressStabilizationSeconds", "c"."SnapshotId", "c"."WrittenAt"
FROM "ChargingPolicyVersions" AS "c"
WHERE "c"."Version" = @__version_0
LIMIT 2
[14:28:18 INF] Executed DbCommand (0ms) [Parameters=[@__version_0='?' (DbType = Int64)], CommandType='Text', CommandTimeout='30']
SELECT "c"."VehicleKey"
FROM "ChargingPolicyVehicleScopes" AS "c"
WHERE "c"."Version" = @__version_0
[14:28:18 INF] Executed DbCommand (0ms) [Parameters=[], CommandType='Text', CommandTimeout='30']
SELECT "s"."MapId", "s"."StationId", "s"."ChargerRosterVersion", "s"."JourneyId", "s"."RecordId", "s"."State", "s"."StateSince", "s"."StationKind", "s"."VehicleKey", "s"."WaitingPointVersion"
FROM "StationExclusivities" AS "s"
WHERE "s"."StationKind" = 'CHARGER'
[14:28:18 INF] Executed DbCommand (0ms) [Parameters=[], CommandType='Text', CommandTimeout='30']
SELECT "s"."DemandId"
FROM "StructuralDispatchBlocks" AS "s"
WHERE "s"."ClearedAt" IS NULL
[14:28:18 INF] Executed DbCommand (0ms) [Parameters=[@__keys_0='?' (Size = 42)], CommandType='Text', CommandTimeout='30']
SELECT "t"."TransportDemandKey"
FROM "TransportDemandSuppressions" AS "t"
WHERE "t"."TransportDemandKey" IN (
    SELECT "k"."value"
    FROM json_each(@__keys_0) AS "k"
)
[14:28:18 INF] Executed DbCommand (0ms) [Parameters=[@__keys_0='?' (Size = 42)], CommandType='Text', CommandTimeout='30']
SELECT "a"."TransportDemandKey", "a"."DemandId"
FROM "AcceptedDemands" AS "a"
WHERE "a"."TransportDemandKey" IN (
    SELECT "k"."value"
    FROM json_each(@__keys_0) AS "k"
)
[14:28:18 INF] Executed DbCommand (0ms) [Parameters=[@__participant_Vehicle_AgvId_0='?' (Size = 10)], CommandType='Text', CommandTimeout='30']
SELECT EXISTS (
    SELECT 1
    FROM "JourneyRuntimes" AS "j"
    WHERE "j"."AgvId" = @__participant_Vehicle_AgvId_0 AND "j"."Stage" = 'Blocked')
[14:28:18 INF] Executed DbCommand (0ms) [Parameters=[@p2='?' (Size = 36), @p0='?' (DbType = DateTimeOffset), @p1='?' (Size = 23)], CommandType='Text', CommandTimeout='30']
UPDATE "JourneyBacklog" SET "LastSeenAt" = @p0, "ReasonCode" = @p1
WHERE "DemandId" = @p2
RETURNING 1;
[14:28:18 INF] Executed DbCommand (0ms) [Parameters=[], CommandType='Text', CommandTimeout='30']
SELECT "s"."DemandId", "s"."ReasonCode", "s"."ClearedAt", "s"."DetailJson", "s"."FirstRaisedAt", "s"."LastSeenAt", "s"."TransportDemandKey"
FROM "StructuralDispatchBlocks" AS "s"
WHERE "s"."ClearedAt" IS NULL
[14:28:18 INF] Executed DbCommand (0ms) [Parameters=[], CommandType='Text', CommandTimeout='30']
SELECT "j"."JourneyId", "j"."AgvId", "j"."AgvLifecycleGeneration", "j"."AreaEndAdmissionRevokedSince", "j"."BlockReasonCode", "j"."BlockReasonSince", "j"."CargoHoldingStartedAt", "j"."ChargingPolicyVersion", "j"."ConsumedSafetyResultMessageId", "j"."ConsumedSublotMessageId", "j"."CreatedAt", "j"."DemandId", "j"."DispatchGeneration", "j"."DispatchZone", "j"."ExpectedBasketCount", "j"."FullSlotPositionsJson", "j"."GateMovementLegId", "j"."GatePlanMessageId", "j"."GateStationId", "j"."GateStationRiotId", "j"."GateUpperId", "j"."GateVehicleBusinessMessageId", "j"."GateWorklistMessageId", "j"."LoadCommandMessageId", "j"."LoadSlotOperationAttemptId", "j"."LoadingClosedReason", "j"."LoadingPhaseState", "j"."MapId", "j"."MapIdentity", "j"."OperationSessionId", "j"."PickupMovementLegId", "j"."PickupStationId", "j"."PickupStationRiotId", "j"."PickupUpperId", "j"."PlanMessageId", "j"."PlanRevision", "j"."PreDepartureSafetyCheckId", "j"."PreDepartureSafetyCheckMessageId", "j"."PublishedBatteryState", "j"."RouteEvidenceId", "j"."Stage", "j"."StationDepartureWaitStartedAt", "j"."SublotRequestMessageId", "j"."TargetSlotsJson", "j"."UnloadCommandMessageId", "j"."UnloadSlotOperationAttemptId", "j"."UpdatedAt", "j"."VehicleBusinessMessageId", "j"."VehicleBusinessRevision", "j"."VehicleKey", "j"."Version", "j"."WaitingBatteryObservedAt", "j"."WaitingBatteryPercent", "j"."WaitingSince", "j"."WaitingWarnedAt", "j"."WorklistMessageId", "j"."WorklistRevision", "j"."YieldTriggeredAt", "j"."YieldTriggeredByVehicleKey"
FROM "JourneyRuntimes" AS "j"
WHERE "j"."Stage" <> 'Completed'
[14:28:18 INF] Executed DbCommand (0ms) [Parameters=[], CommandType='Text', CommandTimeout='30']
SELECT "v"."AgvId", "v"."TaskType", "v"."Allowed", "v"."ConfigurationVersion", "v"."UpdatedAt"
FROM "VehicleTaskTypeAdmissions" AS "v"
[14:28:18 INF] Executed DbCommand (0ms) [Parameters=[], CommandType='Text', CommandTimeout='30']
SELECT "v"."AgvId", "v"."ConfigurationVersion", "v"."RoundTimeoutMilliseconds", "v"."UpdatedAt"
FROM "VehicleDispatchBudgets" AS "v"
[14:28:18 INF] Executed DbCommand (0ms) [Parameters=[], CommandType='Text', CommandTimeout='30']
SELECT "d"."Zone", "d"."AgvId", "d"."ConfigurationVersion", "d"."UpdatedAt"
FROM "DispatchZoneVehicles" AS "d"
[14:28:18 INF] Executed DbCommand (0ms) [Parameters=[], CommandType='Text', CommandTimeout='30']
SELECT "j"."JourneyId", "j"."AgvId", "j"."AgvLifecycleGeneration", "j"."AreaEndAdmissionRevokedSince", "j"."BlockReasonCode", "j"."BlockReasonSince", "j"."CargoHoldingStartedAt", "j"."ChargingPolicyVersion", "j"."ConsumedSafetyResultMessageId", "j"."ConsumedSublotMessageId", "j"."CreatedAt", "j"."DemandId", "j"."DispatchGeneration", "j"."DispatchZone", "j"."ExpectedBasketCount", "j"."FullSlotPositionsJson", "j"."GateMovementLegId", "j"."GatePlanMessageId", "j"."GateStationId", "j"."GateStationRiotId", "j"."GateUpperId", "j"."GateVehicleBusinessMessageId", "j"."GateWorklistMessageId", "j"."LoadCommandMessageId", "j"."LoadSlotOperationAttemptId", "j"."LoadingClosedReason", "j"."LoadingPhaseState", "j"."MapId", "j"."MapIdentity", "j"."OperationSessionId", "j"."PickupMovementLegId", "j"."PickupStationId", "j"."PickupStationRiotId", "j"."PickupUpperId", "j"."PlanMessageId", "j"."PlanRevision", "j"."PreDepartureSafetyCheckId", "j"."PreDepartureSafetyCheckMessageId", "j"."PublishedBatteryState", "j"."RouteEvidenceId", "j"."Stage", "j"."StationDepartureWaitStartedAt", "j"."SublotRequestMessageId", "j"."TargetSlotsJson", "j"."UnloadCommandMessageId", "j"."UnloadSlotOperationAttemptId", "j"."UpdatedAt", "j"."VehicleBusinessMessageId", "j"."VehicleBusinessRevision", "j"."VehicleKey", "j"."Version", "j"."WaitingBatteryObservedAt", "j"."WaitingBatteryPercent", "j"."WaitingSince", "j"."WaitingWarnedAt", "j"."WorklistMessageId", "j"."WorklistRevision", "j"."YieldTriggeredAt", "j"."YieldTriggeredByVehicleKey"
FROM "JourneyRuntimes" AS "j"
WHERE "j"."Stage" <> 'Completed'
[14:28:18 INF] Executed DbCommand (0ms) [Parameters=[@__runtime_JourneyId_0='?' (Size = 44)], CommandType='Text', CommandTimeout='30']
SELECT "j"."StopId", "j"."CreatedAt", "j"."DepartureSafetyCheckId", "j"."DepartureSafetyCheckMessageId", "j"."DispatchZone", "j"."JourneyId", "j"."MovementLegId", "j"."OperationSessionId", "j"."PlanMessageId", "j"."Sequence", "j"."StationId", "j"."StationRiotId", "j"."Status", "j"."StopRole", "j"."SublotRequestMessageId", "j"."UpperId", "j"."VehicleBusinessMessageId", "j"."WorklistMessageId", "j"."WorklistRefills"
FROM "JourneyStops" AS "j"
WHERE "j"."JourneyId" = @__runtime_JourneyId_0
ORDER BY "j"."Sequence"
[14:28:18 INF] Executed DbCommand (0ms) [Parameters=[@__runtime_JourneyId_0='?' (Size = 44)], CommandType='Text', CommandTimeout='30']
SELECT "j"."JourneyId", "j"."DemandId", "j"."AddedAt", "j"."DispatchGeneration", "j"."DispatchZone", "j"."DispatchZoneParameterVersion", "j"."ExpectedBasketCount", "j"."LoadCommandMessageId", "j"."LoadSlotOperationAttemptId", "j"."LoadedSlotsJson", "j"."PickupStopId", "j"."RemovalReason", "j"."RemovedAt", "j"."Status", "j"."TargetSlotsJson", "j"."UnloadCommandMessageId", "j"."UnloadSlotOperationAttemptId", "j"."UnloadStopId", "a"."DemandId", "a"."AcceptedAt", "a"."CatalogRevision", "a"."CreatedAt", "a"."DemandRevision", "a"."Generation", "a"."HistoryEpoch", "a"."LiveMesFieldsJson", "a"."SeriesId", "a"."Status", "a"."Sublot", "a"."TransportDemandKey", "a"."ValueObservedAt", "a"."ValuePollTraceId", "a"."ValueProjectionCommitId", "a"."WorkType"
FROM "JourneyDemands" AS "j"
INNER JOIN "AcceptedDemands" AS "a" ON "j"."DemandId" = "a"."DemandId"
WHERE "j"."JourneyId" = @__runtime_JourneyId_0
[14:28:18 INF] Executed DbCommand (0ms) [Parameters=[@__agvId_0='?' (Size = 10)], CommandType='Text', CommandTimeout='30']
SELECT "v"."AgvId", "v"."ClearedAt", "v"."ClearedReason", "v"."EnteredAt", "v"."EscalatedAt", "v"."EvidenceCode", "v"."EvidenceOnAutoConfirmWhitelist", "v"."FaultGeneration", "v"."LastEvaluatedAt", "v"."Level", "v"."StopProven", "v"."StopProvenAt"
FROM "VehicleFaultStates" AS "v"
WHERE "v"."AgvId" = @__agvId_0
LIMIT 2
[14:28:18 INF] Start processing HTTP request GET http://127.0.0.1:48408/api/task/vehicles/getVehicleInfoByDeviceKey?key=BROKERX-L2-0001
[14:28:18 INF] Sending HTTP request GET http://127.0.0.1:48408/api/task/vehicles/getVehicleInfoByDeviceKey?key=BROKERX-L2-0001
[14:28:18 INF] Received HTTP response headers after 0.5758ms - 200
[14:28:18 INF] End processing HTTP request after 1.4399ms - 200
[14:28:19 INF] Executed DbCommand (0ms) [Parameters=[], CommandType='Text', CommandTimeout='30']
SELECT "a"."AgvId"
FROM "AgvLifecycles" AS "a"
WHERE "a"."Archived"
[14:28:19 INF] Start processing HTTP request GET http://127.0.0.1:48408/api/order/v1/orderRecord?pageNum=1&pageSize=100&filterByState=1&filterByState=3&filterByState=7&filterByState=8&filterByState=9&filterByState=10
[14:28:19 INF] Sending HTTP request GET http://127.0.0.1:48408/api/order/v1/orderRecord?pageNum=1&pageSize=100&filterByState=1&filterByState=3&filterByState=7&filterByState=8&filterByState=9&filterByState=10
[14:28:19 INF] Received HTTP response headers after 0.5959ms - 200
[14:28:19 INF] End processing HTTP request after 1.5087ms - 200
[14:28:19 INF] Executed DbCommand (0ms) [Parameters=[@__listedIds_0='?' (Size = 2)], CommandType='Text', CommandTimeout='30']
SELECT "f"."RiotOrderId", "f"."AgvId", "f"."CancelCallDisposition", "f"."CancelCommandAuditId", "f"."CancelDecidedAt", "f"."CancelResult", "f"."CancelResultAt", "f"."CancelSentAt", "f"."DetectedAt", "f"."DeviceKey", "f"."EndedAt", "f"."EndedOrderState", "f"."LastSeenRunningAt", "f"."OrderStateAtDetection", "f"."Ownership", "f"."OwnershipBasis", "f"."State", "f"."UpdatedAt", "f"."UpperId"
FROM "ForeignRiotOrders" AS "f"
WHERE "f"."State" <> 'ENDED' OR "f"."RiotOrderId" IN (
    SELECT "l"."value"
    FROM json_each(@__listedIds_0) AS "l"
)
[14:28:19 INF] Executed DbCommand (0ms) [Parameters=[], CommandType='Text', CommandTimeout='30']
SELECT "s"."MapId", "s"."StationId", "s"."ChargerRosterVersion", "s"."JourneyId", "s"."RecordId", "s"."State", "s"."StateSince", "s"."StationKind", "s"."VehicleKey", "s"."WaitingPointVersion"
FROM "StationExclusivities" AS "s"
WHERE "s"."StationKind" IN ('FIXED_TASK_STATION', 'WAITING_POINT')
[14:28:19 INF] Executed DbCommand (0ms) [Parameters=[@__mapId_0='?' (DbType = Int32)], CommandType='Text', CommandTimeout='30']
SELECT "t"."MapId", "t"."ActiveVersion", "t"."PendingVersion", "t"."State", "t"."UpdatedAt"
FROM "TaskTypeStationActiveBindingSets" AS "t"
WHERE "t"."MapId" = @__mapId_0
LIMIT 2
[14:28:19 INF] Executed DbCommand (0ms) [Parameters=[@__mapId_0='?' (DbType = Int32), @__version_1='?' (DbType = Int64)], CommandType='Text', CommandTimeout='30']
SELECT "t"."MapId", "t"."Version", "t"."CatalogRevision", "t"."ContentSha256", "t"."LoadedAt", "t"."RuleVersion", "t"."SnapshotId", "t"."Source"
FROM "TaskTypeStationBindingSetVersions" AS "t"
WHERE "t"."MapId" = @__mapId_0 AND "t"."Version" = @__version_1
LIMIT 2
[14:28:19 INF] Executed DbCommand (0ms) [Parameters=[@__mapId_0='?' (DbType = Int32), @__version_1='?' (DbType = Int64)], CommandType='Text', CommandTimeout='30']
SELECT "t"."TaskType"
FROM "TaskTypeStationRequirements" AS "t"
WHERE "t"."MapId" = @__mapId_0 AND "t"."Version" = @__version_1
[14:28:19 INF] Executed DbCommand (0ms) [Parameters=[@__mapId_0='?' (DbType = Int32), @__version_1='?' (DbType = Int64)], CommandType='Text', CommandTimeout='30']
SELECT "t"."MapId", "t"."Version", "t"."TaskType", "t"."SiteVerificationRef", "t"."StationName", "t"."StationRiotId"
FROM "TaskTypeStationBindings" AS "t"
WHERE "t"."MapId" = @__mapId_0 AND "t"."Version" = @__version_1
[14:28:19 INF] Executed DbCommand (0ms) [Parameters=[], CommandType='Text', CommandTimeout='30']
SELECT "j"."JourneyId", "j"."AgvId", "j"."AgvLifecycleGeneration", "j"."AreaEndAdmissionRevokedSince", "j"."BlockReasonCode", "j"."BlockReasonSince", "j"."CargoHoldingStartedAt", "j"."ChargingPolicyVersion", "j"."ConsumedSafetyResultMessageId", "j"."ConsumedSublotMessageId", "j"."CreatedAt", "j"."DemandId", "j"."DispatchGeneration", "j"."DispatchZone", "j"."ExpectedBasketCount", "j"."FullSlotPositionsJson", "j"."GateMovementLegId", "j"."GatePlanMessageId", "j"."GateStationId", "j"."GateStationRiotId", "j"."GateUpperId", "j"."GateVehicleBusinessMessageId", "j"."GateWorklistMessageId", "j"."LoadCommandMessageId", "j"."LoadSlotOperationAttemptId", "j"."LoadingClosedReason", "j"."LoadingPhaseState", "j"."MapId", "j"."MapIdentity", "j"."OperationSessionId", "j"."PickupMovementLegId", "j"."PickupStationId", "j"."PickupStationRiotId", "j"."PickupUpperId", "j"."PlanMessageId", "j"."PlanRevision", "j"."PreDepartureSafetyCheckId", "j"."PreDepartureSafetyCheckMessageId", "j"."PublishedBatteryState", "j"."RouteEvidenceId", "j"."Stage", "j"."StationDepartureWaitStartedAt", "j"."SublotRequestMessageId", "j"."TargetSlotsJson", "j"."UnloadCommandMessageId", "j"."UnloadSlotOperationAttemptId", "j"."UpdatedAt", "j"."VehicleBusinessMessageId", "j"."VehicleBusinessRevision", "j"."VehicleKey", "j"."Version", "j"."WaitingBatteryObservedAt", "j"."WaitingBatteryPercent", "j"."WaitingSince", "j"."WaitingWarnedAt", "j"."WorklistMessageId", "j"."WorklistRevision", "j"."YieldTriggeredAt", "j"."YieldTriggeredByVehicleKey"
FROM "JourneyRuntimes" AS "j"
WHERE "j"."Stage" NOT IN ('Completed', 'Blocked')
[14:28:19 INF] Executed DbCommand (0ms) [Parameters=[@__journey_JourneyId_0='?' (Size = 44)], CommandType='Text', CommandTimeout='30']
SELECT "j"."StopId", "j"."CreatedAt", "j"."DepartureSafetyCheckId", "j"."DepartureSafetyCheckMessageId", "j"."DispatchZone", "j"."JourneyId", "j"."MovementLegId", "j"."OperationSessionId", "j"."PlanMessageId", "j"."Sequence", "j"."StationId", "j"."StationRiotId", "j"."Status", "j"."StopRole", "j"."SublotRequestMessageId", "j"."UpperId", "j"."VehicleBusinessMessageId", "j"."WorklistMessageId", "j"."WorklistRefills"
FROM "JourneyStops" AS "j"
WHERE "j"."JourneyId" = @__journey_JourneyId_0
[14:28:19 INF] Start processing HTTP request GET http://127.0.0.1:48408/api/imap/v1/mapInfo/getALLMapInfoExcludeMapJson
[14:28:19 INF] Sending HTTP request GET http://127.0.0.1:48408/api/imap/v1/mapInfo/getALLMapInfoExcludeMapJson
[14:28:19 INF] Received HTTP response headers after 0.5155ms - 200
[14:28:19 INF] End processing HTTP request after 1.1175ms - 200
[14:28:19 INF] Executed DbCommand (0ms) [Parameters=[@__mapId_0='?' (DbType = Int32)], CommandType='Text', CommandTimeout='30']
SELECT "m"."MapId", "m"."AcceptedAt", "m"."AcceptedBy", "m"."EstablishedAt", "m"."Name", "m"."PendingName", "m"."PendingSince"
FROM "MapNameBaselines" AS "m"
WHERE "m"."MapId" = @__mapId_0
LIMIT 2
[14:28:19 INF] Start processing HTTP request GET http://127.0.0.1:48408/api/imap/v1/mapInfo/stations/25
[14:28:19 INF] Sending HTTP request GET http://127.0.0.1:48408/api/imap/v1/mapInfo/stations/25
[14:28:19 INF] Received HTTP response headers after 0.4199ms - 200
[14:28:19 INF] End processing HTTP request after 1.0444ms - 200
[14:28:19 INF] Executed DbCommand (0ms) [Parameters=[@__mapId_0='?' (DbType = Int32)], CommandType='Text', CommandTimeout='30']
SELECT "t"."MapId", "t"."ActiveVersion", "t"."PendingVersion", "t"."State", "t"."UpdatedAt"
FROM "TaskTypeStationActiveBindingSets" AS "t"
WHERE "t"."MapId" = @__mapId_0
LIMIT 2
[14:28:19 INF] Executed DbCommand (0ms) [Parameters=[@__mapId_0='?' (DbType = Int32), @__version_1='?' (DbType = Int64)], CommandType='Text', CommandTimeout='30']
SELECT "t"."MapId", "t"."Version", "t"."CatalogRevision", "t"."ContentSha256", "t"."LoadedAt", "t"."RuleVersion", "t"."SnapshotId", "t"."Source"
FROM "TaskTypeStationBindingSetVersions" AS "t"
WHERE "t"."MapId" = @__mapId_0 AND "t"."Version" = @__version_1
LIMIT 2
[14:28:19 INF] Executed DbCommand (0ms) [Parameters=[@__mapId_0='?' (DbType = Int32), @__version_1='?' (DbType = Int64)], CommandType='Text', CommandTimeout='30']
SELECT "t"."TaskType"
FROM "TaskTypeStationRequirements" AS "t"
WHERE "t"."MapId" = @__mapId_0 AND "t"."Version" = @__version_1
[14:28:19 INF] Executed DbCommand (0ms) [Parameters=[@__mapId_0='?' (DbType = Int32), @__version_1='?' (DbType = Int64)], CommandType='Text', CommandTimeout='30']
SELECT "t"."MapId", "t"."Version", "t"."TaskType", "t"."SiteVerificationRef", "t"."StationName", "t"."StationRiotId"
FROM "TaskTypeStationBindings" AS "t"
WHERE "t"."MapId" = @__mapId_0 AND "t"."Version" = @__version_1
[14:28:19 INF] Executed DbCommand (0ms) [Parameters=[@__version_0='?' (DbType = Int64)], CommandType='Text', CommandTimeout='30']
SELECT "t"."Version", "t"."ContentSha256", "t"."LoadedAt", "t"."SnapshotId", "t"."Source"
FROM "TaskTypeStationRuleVersions" AS "t"
WHERE "t"."Version" = @__version_0
LIMIT 2
[14:28:19 INF] Executed DbCommand (0ms) [Parameters=[@__version_0='?' (DbType = Int64)], CommandType='Text', CommandTimeout='30']
SELECT "t"."Version", "t"."TaskType", "t"."FixedEnd"
FROM "TaskTypeStationRules" AS "t"
WHERE "t"."Version" = @__version_0
[14:28:19 INF] Executed DbCommand (0ms) [Parameters=[@__mapId_0='?' (DbType = Int32)], CommandType='Text', CommandTimeout='30']
SELECT "t"."MapId", "t"."ActiveVersion", "t"."PendingVersion", "t"."State", "t"."UpdatedAt"
FROM "TaskTypeStationActiveBindingSets" AS "t"
WHERE "t"."MapId" = @__mapId_0
LIMIT 2
[14:28:19 INF] Executed DbCommand (0ms) [Parameters=[@__mapId_0='?' (DbType = Int32)], CommandType='Text', CommandTimeout='30']
SELECT "t"."HoldId", "t"."DetailJson", "t"."MapId", "t"."RaisedAt", "t"."RaisedBy", "t"."ReasonCode", "t"."ReleasedAt", "t"."ReleasedBy", "t"."Source", "t"."TaskType"
FROM "TaskTypeStationHolds" AS "t"
WHERE "t"."MapId" = @__mapId_0 AND "t"."ReleasedAt" IS NULL
[14:28:19 INF] Executed DbCommand (0ms) [Parameters=[@__mapId_0='?' (DbType = Int32)], CommandType='Text', CommandTimeout='30']
SELECT "m"."MapId", "m"."ApprovedMaxUnconfirmedSeconds", "m"."ApprovedSyncPeriodSeconds", "m"."CatalogRevision", "m"."LastAttemptAt", "m"."LastCompleteConfirmationAt", "m"."LastFailureReason", "m"."State", "m"."UpdatedAt"
FROM "MapStationCatalogStates" AS "m"
WHERE "m"."MapId" = @__mapId_0
LIMIT 2
[14:28:19 INF] Executed DbCommand (0ms) [Parameters=[@p3='?' (DbType = Int32), @p0='?' (DbType = DateTimeOffset), @p1='?' (DbType = DateTimeOffset), @p2='?' (DbType = DateTimeOffset)], CommandType='Text', CommandTimeout='30']
UPDATE "MapStationCatalogStates" SET "LastAttemptAt" = @p0, "LastCompleteConfirmationAt" = @p1, "UpdatedAt" = @p2
WHERE "MapId" = @p3
RETURNING 1;
[14:28:19 INF] Executed DbCommand (0ms) [Parameters=[@__mapId_0='?' (DbType = Int32)], CommandType='Text', CommandTimeout='30']
SELECT "t"."MapId", "t"."ActiveVersion", "t"."PendingVersion", "t"."State", "t"."UpdatedAt"
FROM "TaskTypeStationActiveBindingSets" AS "t"
WHERE "t"."MapId" = @__mapId_0
LIMIT 2
[14:28:19 INF] Executed DbCommand (0ms) [Parameters=[@__mapId_0='?' (DbType = Int32), @__version_1='?' (DbType = Int64)], CommandType='Text', CommandTimeout='30']
SELECT "t"."MapId", "t"."Version", "t"."CatalogRevision", "t"."ContentSha256", "t"."LoadedAt", "t"."RuleVersion", "t"."SnapshotId", "t"."Source"
FROM "TaskTypeStationBindingSetVersions" AS "t"
WHERE "t"."MapId" = @__mapId_0 AND "t"."Version" = @__version_1
LIMIT 2
[14:28:19 INF] Executed DbCommand (0ms) [Parameters=[@__mapId_0='?' (DbType = Int32), @__version_1='?' (DbType = Int64)], CommandType='Text', CommandTimeout='30']
SELECT "t"."TaskType"
FROM "TaskTypeStationRequirements" AS "t"
WHERE "t"."MapId" = @__mapId_0 AND "t"."Version" = @__version_1
[14:28:19 INF] Executed DbCommand (0ms) [Parameters=[@__mapId_0='?' (DbType = Int32), @__version_1='?' (DbType = Int64)], CommandType='Text', CommandTimeout='30']
SELECT "t"."MapId", "t"."Version", "t"."TaskType", "t"."SiteVerificationRef", "t"."StationName", "t"."StationRiotId"
FROM "TaskTypeStationBindings" AS "t"
WHERE "t"."MapId" = @__mapId_0 AND "t"."Version" = @__version_1
[14:28:19 INF] Executed DbCommand (0ms) [Parameters=[@__mapId_0='?' (DbType = Int32)], CommandType='Text', CommandTimeout='30']
SELECT "t"."MapId", "t"."ActiveVersion", "t"."PendingVersion", "t"."State", "t"."UpdatedAt"
FROM "TaskTypeStationActiveBindingSets" AS "t"
WHERE "t"."MapId" = @__mapId_0
LIMIT 2
[14:28:19 INF] Executed DbCommand (0ms) [Parameters=[@__mapId_0='?' (DbType = Int32), @__version_1='?' (DbType = Int64)], CommandType='Text', CommandTimeout='30']
SELECT "t"."MapId", "t"."Version", "t"."CatalogRevision", "t"."ContentSha256", "t"."LoadedAt", "t"."RuleVersion", "t"."SnapshotId", "t"."Source"
FROM "TaskTypeStationBindingSetVersions" AS "t"
WHERE "t"."MapId" = @__mapId_0 AND "t"."Version" = @__version_1
LIMIT 2
[14:28:19 INF] Executed DbCommand (0ms) [Parameters=[@__mapId_0='?' (DbType = Int32), @__version_1='?' (DbType = Int64)], CommandType='Text', CommandTimeout='30']
SELECT "t"."TaskType"
FROM "TaskTypeStationRequirements" AS "t"
WHERE "t"."MapId" = @__mapId_0 AND "t"."Version" = @__version_1
[14:28:19 INF] Executed DbCommand (0ms) [Parameters=[@__mapId_0='?' (DbType = Int32), @__version_1='?' (DbType = Int64)], CommandType='Text', CommandTimeout='30']
SELECT "t"."MapId", "t"."Version", "t"."TaskType", "t"."SiteVerificationRef", "t"."StationName", "t"."StationRiotId"
FROM "TaskTypeStationBindings" AS "t"
WHERE "t"."MapId" = @__mapId_0 AND "t"."Version" = @__version_1
[14:28:19 INF] Executed DbCommand (0ms) [Parameters=[@__version_0='?' (DbType = Int64)], CommandType='Text', CommandTimeout='30']
SELECT "t"."Version", "t"."ContentSha256", "t"."LoadedAt", "t"."SnapshotId", "t"."Source"
FROM "TaskTypeStationRuleVersions" AS "t"
WHERE "t"."Version" = @__version_0
LIMIT 2
[14:28:19 INF] Executed DbCommand (0ms) [Parameters=[@__version_0='?' (DbType = Int64)], CommandType='Text', CommandTimeout='30']
SELECT "t"."Version", "t"."TaskType", "t"."FixedEnd"
FROM "TaskTypeStationRules" AS "t"
WHERE "t"."Version" = @__version_0
[14:28:19 INF] Executed DbCommand (0ms) [Parameters=[], CommandType='Text', CommandTimeout='30']
SELECT "a"."Id", "a"."ContentHash", "a"."DeploymentId", "a"."ImportedAt", "a"."Version"
FROM "AdmissionPolicyState" AS "a"
WHERE "a"."Id" = 1
LIMIT 2
[14:28:19 INF] Executed DbCommand (0ms) [Parameters=[], CommandType='Text', CommandTimeout='30']
SELECT "v"."VehicleKey", "v"."ClaimedAt", "v"."JourneyId", "v"."Purpose"
FROM "VehiclePurposeClaims" AS "v"
WHERE "v"."Purpose" = 'IDLE_RETURN'
[14:28:19 INF] Executed DbCommand (0ms) [Parameters=[], CommandType='Text', CommandTimeout='30']
SELECT "j"."JourneyId", "j"."AgvId", "j"."AgvLifecycleGeneration", "j"."AreaEndAdmissionRevokedSince", "j"."BlockReasonCode", "j"."BlockReasonSince", "j"."CargoHoldingStartedAt", "j"."ChargingPolicyVersion", "j"."ConsumedSafetyResultMessageId", "j"."ConsumedSublotMessageId", "j"."CreatedAt", "j"."DemandId", "j"."DispatchGeneration", "j"."DispatchZone", "j"."ExpectedBasketCount", "j"."FullSlotPositionsJson", "j"."GateMovementLegId", "j"."GatePlanMessageId", "j"."GateStationId", "j"."GateStationRiotId", "j"."GateUpperId", "j"."GateVehicleBusinessMessageId", "j"."GateWorklistMessageId", "j"."LoadCommandMessageId", "j"."LoadSlotOperationAttemptId", "j"."LoadingClosedReason", "j"."LoadingPhaseState", "j"."MapId", "j"."MapIdentity", "j"."OperationSessionId", "j"."PickupMovementLegId", "j"."PickupStationId", "j"."PickupStationRiotId", "j"."PickupUpperId", "j"."PlanMessageId", "j"."PlanRevision", "j"."PreDepartureSafetyCheckId", "j"."PreDepartureSafetyCheckMessageId", "j"."PublishedBatteryState", "j"."RouteEvidenceId", "j"."Stage", "j"."StationDepartureWaitStartedAt", "j"."SublotRequestMessageId", "j"."TargetSlotsJson", "j"."UnloadCommandMessageId", "j"."UnloadSlotOperationAttemptId", "j"."UpdatedAt", "j"."VehicleBusinessMessageId", "j"."VehicleBusinessRevision", "j"."VehicleKey", "j"."Version", "j"."WaitingBatteryObservedAt", "j"."WaitingBatteryPercent", "j"."WaitingSince", "j"."WaitingWarnedAt", "j"."WorklistMessageId", "j"."WorklistRevision", "j"."YieldTriggeredAt", "j"."YieldTriggeredByVehicleKey"
FROM "JourneyRuntimes" AS "j"
WHERE "j"."Stage" <> 'Completed'
[14:28:19 INF] Executed DbCommand (0ms) [Parameters=[@__agvId_0='?' (Size = 10)], CommandType='Text', CommandTimeout='30']
SELECT "s"."AgvId", "s"."ActiveUnlockSlotsJson", "s"."CapabilityHash", "s"."CapabilityRevision", "s"."DepartureSafe", "s"."ForcedRecoveryGeneration", "s"."ManifestSha256", "s"."PendingAttemptIdsJson", "s"."PendingResultIdsJson", "s"."ProfileId", "s"."ProtocolCommit", "s"."ProtocolVersion", "s"."ProvenRecoveryCheckpoint", "s"."Readiness", "s"."ReasonCode", "s"."RecoveryReportId", "s"."ReportedForcedRecoveryGeneration", "s"."ReportedSlotConfigurationFingerprint", "s"."SafetyHash", "s"."SafetyReasonCodesJson", "s"."SafetyRevision", "s"."SafetyUnknownPresent", "s"."SessionGeneration", "s"."UnsettledSlotOperationAttemptId", "s"."UpdatedAt"
FROM "SessionRecoveries" AS "s"
WHERE "s"."AgvId" = @__agvId_0 AND "s"."Readiness" = 'Ready'
LIMIT 2
[14:28:19 INF] Executed DbCommand (0ms) [Parameters=[@__runtime_JourneyId_0='?' (Size = 44)], CommandType='Text', CommandTimeout='30']
SELECT "j"."StopId", "j"."CreatedAt", "j"."DepartureSafetyCheckId", "j"."DepartureSafetyCheckMessageId", "j"."DispatchZone", "j"."JourneyId", "j"."MovementLegId", "j"."OperationSessionId", "j"."PlanMessageId", "j"."Sequence", "j"."StationId", "j"."StationRiotId", "j"."Status", "j"."StopRole", "j"."SublotRequestMessageId", "j"."UpperId", "j"."VehicleBusinessMessageId", "j"."WorklistMessageId", "j"."WorklistRefills"
FROM "JourneyStops" AS "j"
WHERE "j"."JourneyId" = @__runtime_JourneyId_0
ORDER BY "j"."Sequence"
[14:28:19 INF] Executed DbCommand (0ms) [Parameters=[@__runtime_JourneyId_0='?' (Size = 44)], CommandType='Text', CommandTimeout='30']
SELECT "j"."JourneyId", "j"."DemandId", "j"."AddedAt", "j"."DispatchGeneration", "j"."DispatchZone", "j"."DispatchZoneParameterVersion", "j"."ExpectedBasketCount", "j"."LoadCommandMessageId", "j"."LoadSlotOperationAttemptId", "j"."LoadedSlotsJson", "j"."PickupStopId", "j"."RemovalReason", "j"."RemovedAt", "j"."Status", "j"."TargetSlotsJson", "j"."UnloadCommandMessageId", "j"."UnloadSlotOperationAttemptId", "j"."UnloadStopId", "a"."DemandId", "a"."AcceptedAt", "a"."CatalogRevision", "a"."CreatedAt", "a"."DemandRevision", "a"."Generation", "a"."HistoryEpoch", "a"."LiveMesFieldsJson", "a"."SeriesId", "a"."Status", "a"."Sublot", "a"."TransportDemandKey", "a"."ValueObservedAt", "a"."ValuePollTraceId", "a"."ValueProjectionCommitId", "a"."WorkType"
FROM "JourneyDemands" AS "j"
INNER JOIN "AcceptedDemands" AS "a" ON "j"."DemandId" = "a"."DemandId"
WHERE "j"."JourneyId" = @__runtime_JourneyId_0
[14:28:19 INF] Executed DbCommand (0ms) [Parameters=[@__runtime_JourneyId_0='?' (Size = 44)], CommandType='Text', CommandTimeout='30']
SELECT "j"."StopId", "j"."CreatedAt", "j"."DepartureSafetyCheckId", "j"."DepartureSafetyCheckMessageId", "j"."DispatchZone", "j"."JourneyId", "j"."MovementLegId", "j"."OperationSessionId", "j"."PlanMessageId", "j"."Sequence", "j"."StationId", "j"."StationRiotId", "j"."Status", "j"."StopRole", "j"."SublotRequestMessageId", "j"."UpperId", "j"."VehicleBusinessMessageId", "j"."WorklistMessageId", "j"."WorklistRefills"
FROM "JourneyStops" AS "j"
WHERE "j"."JourneyId" = @__runtime_JourneyId_0
ORDER BY "j"."Sequence"
[14:28:19 INF] Executed DbCommand (0ms) [Parameters=[@__runtime_JourneyId_0='?' (Size = 44)], CommandType='Text', CommandTimeout='30']
SELECT "j"."JourneyId", "j"."DemandId", "j"."AddedAt", "j"."DispatchGeneration", "j"."DispatchZone", "j"."DispatchZoneParameterVersion", "j"."ExpectedBasketCount", "j"."LoadCommandMessageId", "j"."LoadSlotOperationAttemptId", "j"."LoadedSlotsJson", "j"."PickupStopId", "j"."RemovalReason", "j"."RemovedAt", "j"."Status", "j"."TargetSlotsJson", "j"."UnloadCommandMessageId", "j"."UnloadSlotOperationAttemptId", "j"."UnloadStopId", "a"."DemandId", "a"."AcceptedAt", "a"."CatalogRevision", "a"."CreatedAt", "a"."DemandRevision", "a"."Generation", "a"."HistoryEpoch", "a"."LiveMesFieldsJson", "a"."SeriesId", "a"."Status", "a"."Sublot", "a"."TransportDemandKey", "a"."ValueObservedAt", "a"."ValuePollTraceId", "a"."ValueProjectionCommitId", "a"."WorkType"
FROM "JourneyDemands" AS "j"
INNER JOIN "AcceptedDemands" AS "a" ON "j"."DemandId" = "a"."DemandId"
WHERE "j"."JourneyId" = @__runtime_JourneyId_0
[14:28:19 INF] Executed DbCommand (0ms) [Parameters=[@__runtime_AgvId_0='?' (Size = 10)], CommandType='Text', CommandTimeout='30']
SELECT EXISTS (
    SELECT 1
    FROM "VehicleFaultStates" AS "v"
    WHERE "v"."AgvId" = @__runtime_AgvId_0 AND "v"."Level" <> 'None' AND "v"."EvidenceCode" = 'VEHICLE_DOOR_NOT_PROVEN_LOCKED')
[14:28:19 INF] Executed DbCommand (0ms) [Parameters=[@__stop_StopId_0='?' (Size = 51), @__stop_UpperId_1='?' (Size = 49)], CommandType='Text', CommandTimeout='30']
SELECT "o"."RebuildId", "o"."AgvId", "o"."CargoEvidenceMessageId", "o"."CargoEvidenceNotBefore", "o"."CargoEvidenceRequestedAt", "o"."CargoEvidenceRequestedGeneration", "o"."CargoEvidenceRequestedWhileReady", "o"."CargoProvenAt", "o"."DemandId", "o"."DueAt", "o"."EndedOrderId", "o"."EndedOrderState", "o"."EndedUpperId", "o"."IncidentAt", "o"."JourneyId", "o"."NewMovementLegId", "o"."NewUpperId", "o"."OperatorId", "o"."RebuiltAt", "o"."RecordedAt", "o"."Source", "o"."State", "o"."StopId", "o"."StoppedAt", "o"."StoppedReason", "o"."VehicleHeldAt", "o"."VehicleKey", "o"."WaitingReason", "o"."WaitingSince"
FROM "OwnOrderRebuilds" AS "o"
WHERE "o"."StopId" = @__stop_StopId_0 AND (("o"."EndedUpperId" = @__stop_UpperId_1 AND "o"."State" = 'PENDING') OR ("o"."NewUpperId" = @__stop_UpperId_1 AND "o"."State" IN ('ORDERING', 'FAILED')) OR ("o"."State" = 'STOPPED' AND ("o"."EndedUpperId" = @__stop_UpperId_1 OR "o"."NewUpperId" = @__stop_UpperId_1)))
LIMIT 2
[14:28:19 INF] Executed DbCommand (0ms) [Parameters=[@__stops_Current_MovementLegId_0='?' (Size = 36)], CommandType='Text', CommandTimeout='30']
SELECT "o"."MovementLegId", "o"."AgvLifecycleGeneration", "o"."CreateAttemptCount", "o"."CreateAttemptId", "o"."CreateDispatchArmedAt", "o"."CreatedAt", "o"."DemandId", "o"."DestinationStationId", "o"."DispatchAuditSequence", "o"."DispatchAuditVersion", "o"."DispatchGeneration", "o"."ExperimentalCreateAuthorizationId", "o"."LastCreateOutcome", "o"."LastCreateOutcomeAt", "o"."LastCreateReceiptJson", "o"."LastReconciliationOutcome", "o"."LastReconciliationOutcomeAt", "o"."LastReconciliationReceiptJson", "o"."MapId", "o"."OrderId", "o"."OrderShape", "o"."Purpose", "o"."Status", "o"."TargetStationId", "o"."UpperId", "o"."VehicleKey"
FROM "OrderIntents" AS "o"
WHERE "o"."MovementLegId" = @__stops_Current_MovementLegId_0
LIMIT 2
[14:28:19 INF] Start processing HTTP request GET http://127.0.0.1:48408/api/order/v1/orderRecord/detailByUpperId/W2G-31f958b5-94d3-48a9-b641-8fcaf87c51d8-PICKUP-1
[14:28:19 INF] Sending HTTP request GET http://127.0.0.1:48408/api/order/v1/orderRecord/detailByUpperId/W2G-31f958b5-94d3-48a9-b641-8fcaf87c51d8-PICKUP-1
[14:28:19 INF] Received HTTP response headers after 0.6613ms - 200
[14:28:19 INF] End processing HTTP request after 1.4609ms - 200
[14:28:19 INF] Executed DbCommand (0ms) [Parameters=[@p4='?' (Size = 44), @p0='?' (Size = 25), @p1='?' (DbType = DateTimeOffset), @p2='?' (DbType = DateTimeOffset), @p3='?' (DbType = Int64), @p5='?' (DbType = Int64)], CommandType='Text', CommandTimeout='30']
UPDATE "JourneyRuntimes" SET "BlockReasonCode" = @p0, "BlockReasonSince" = @p1, "UpdatedAt" = @p2, "Version" = @p3
WHERE "JourneyId" = @p4 AND "Version" = @p5
RETURNING 1;
[14:28:19 INF] Executed DbCommand (0ms) [Parameters=[@__runtime_AgvId_0='?' (Size = 10)], CommandType='Text', CommandTimeout='30']
SELECT "s"."AgvId", "s"."ActiveUnlockSlotsJson", "s"."CapabilityHash", "s"."CapabilityRevision", "s"."DepartureSafe", "s"."ForcedRecoveryGeneration", "s"."ManifestSha256", "s"."PendingAttemptIdsJson", "s"."PendingResultIdsJson", "s"."ProfileId", "s"."ProtocolCommit", "s"."ProtocolVersion", "s"."ProvenRecoveryCheckpoint", "s"."Readiness", "s"."ReasonCode", "s"."RecoveryReportId", "s"."ReportedForcedRecoveryGeneration", "s"."ReportedSlotConfigurationFingerprint", "s"."SafetyHash", "s"."SafetyReasonCodesJson", "s"."SafetyRevision", "s"."SafetyUnknownPresent", "s"."SessionGeneration", "s"."UnsettledSlotOperationAttemptId", "s"."UpdatedAt"
FROM "SessionRecoveries" AS "s"
WHERE "s"."AgvId" = @__runtime_AgvId_0
LIMIT 2
[14:28:19 INF] Executed DbCommand (0ms) [Parameters=[@__runtime_JourneyId_0='?' (Size = 44)], CommandType='Text', CommandTimeout='30']
SELECT "j"."StopId", "j"."CreatedAt", "j"."DepartureSafetyCheckId", "j"."DepartureSafetyCheckMessageId", "j"."DispatchZone", "j"."JourneyId", "j"."MovementLegId", "j"."OperationSessionId", "j"."PlanMessageId", "j"."Sequence", "j"."StationId", "j"."StationRiotId", "j"."Status", "j"."StopRole", "j"."SublotRequestMessageId", "j"."UpperId", "j"."VehicleBusinessMessageId", "j"."WorklistMessageId", "j"."WorklistRefills"
FROM "JourneyStops" AS "j"
WHERE "j"."JourneyId" = @__runtime_JourneyId_0
ORDER BY "j"."Sequence"
[14:28:19 INF] Executed DbCommand (0ms) [Parameters=[@__runtime_JourneyId_0='?' (Size = 44)], CommandType='Text', CommandTimeout='30']
SELECT "j"."JourneyId", "j"."DemandId", "j"."AddedAt", "j"."DispatchGeneration", "j"."DispatchZone", "j"."DispatchZoneParameterVersion", "j"."ExpectedBasketCount", "j"."LoadCommandMessageId", "j"."LoadSlotOperationAttemptId", "j"."LoadedSlotsJson", "j"."PickupStopId", "j"."RemovalReason", "j"."RemovedAt", "j"."Status", "j"."TargetSlotsJson", "j"."UnloadCommandMessageId", "j"."UnloadSlotOperationAttemptId", "j"."UnloadStopId", "a"."DemandId", "a"."AcceptedAt", "a"."CatalogRevision", "a"."CreatedAt", "a"."DemandRevision", "a"."Generation", "a"."HistoryEpoch", "a"."LiveMesFieldsJson", "a"."SeriesId", "a"."Status", "a"."Sublot", "a"."TransportDemandKey", "a"."ValueObservedAt", "a"."ValuePollTraceId", "a"."ValueProjectionCommitId", "a"."WorkType"
FROM "JourneyDemands" AS "j"
INNER JOIN "AcceptedDemands" AS "a" ON "j"."DemandId" = "a"."DemandId"
WHERE "j"."JourneyId" = @__runtime_JourneyId_0
[14:28:19 INF] Executed DbCommand (0ms) [Parameters=[@__upperId_0='?' (Size = 49), @__runtime_VehicleKey_1='?' (Size = 15)], CommandType='Text', CommandTimeout='30']
SELECT EXISTS (
    SELECT 1
    FROM "OrderIntents" AS "o"
    WHERE "o"."UpperId" = @__upperId_0 AND "o"."Status" = 'CONFIRMED' AND "o"."OrderId" IS NOT NULL AND "o"."OrderId" <> '' AND "o"."VehicleKey" = @__runtime_VehicleKey_1)
[14:28:19 INF] Executed DbCommand (0ms) [Parameters=[@__runtime_AgvId_0='?' (Size = 10)], CommandType='Text', CommandTimeout='30']
SELECT EXISTS (
    SELECT 1
    FROM "VehicleFaultStates" AS "v"
    WHERE "v"."AgvId" = @__runtime_AgvId_0 AND "v"."Level" <> 'None')
[14:28:19 INF] Executed DbCommand (0ms) [Parameters=[@__holding_0='?' (Size = 129)], CommandType='Text', CommandTimeout='30']
SELECT "f"."AgvId"
FROM "ForeignRiotOrders" AS "f"
WHERE "f"."State" IN (
    SELECT "h"."value"
    FROM json_each(@__holding_0) AS "h"
)
[14:28:19 INF] Executed DbCommand (0ms) [Parameters=[@__agvId_0='?' (Size = 10)], CommandType='Text', CommandTimeout='30']
SELECT EXISTS (
    SELECT 1
    FROM "StationOperations" AS "s"
    INNER JOIN (
        SELECT "j"."JourneyId", "j"."DemandId", "j"."AddedAt", "j"."DispatchGeneration", "j"."DispatchZone", "j"."DispatchZoneParameterVersion", "j"."ExpectedBasketCount", "j"."LoadCommandMessageId", "j"."LoadSlotOperationAttemptId", "j"."LoadedSlotsJson", "j"."PickupStopId", "j"."RemovalReason", "j"."RemovedAt", "j"."Status", "j"."TargetSlotsJson", "j"."UnloadCommandMessageId", "j"."UnloadSlotOperationAttemptId", "j"."UnloadStopId"
        FROM "JourneyDemands" AS "j"
        WHERE "j"."RemovedAt" IS NULL
    ) AS "t" ON "s"."DemandId" = "t"."DemandId"
    INNER JOIN "JourneyRuntimes" AS "j0" ON "t"."JourneyId" = "j0"."JourneyId"
    WHERE "j0"."AgvId" = @__agvId_0 AND "s"."Status" = 'RecoveryRequired')
[14:28:19 INF] Executed DbCommand (0ms) [Parameters=[@__agvId_0='?' (Size = 10)], CommandType='Text', CommandTimeout='30']
SELECT EXISTS (
    SELECT 1
    FROM "RecoveryWorkflows" AS "r"
    WHERE "r"."AgvId" = @__agvId_0 AND "r"."WorkflowType" = 'FORCED_MECHANICAL_RECOVERY' AND "r"."State" <> 'HistoricalOnly' AND NOT EXISTS (
        SELECT 1
        FROM "HardwareRecoveryRecords" AS "h"
        WHERE "h"."RecoveryActionId" = "r"."WorkflowId"))
[14:28:19 INF] Executed DbCommand (0ms) [Parameters=[], CommandType='Text', CommandTimeout='30']
SELECT "p"."MessageId", "p"."ContentHash", "p"."FirstResponseJson", "p"."MessageType", "p"."ReceivedAt", "p"."RequestJson"
FROM "ProtocolInbox" AS "p"
[14:28:19 INF] Executed DbCommand (0ms) [Parameters=[], CommandType='Text', CommandTimeout='30']
SELECT "p"."MessageId", "p"."AcknowledgedAt", "p"."CreatedAt", "p"."FencedAt", "p"."MessageType", "p"."PayloadJson"
FROM "ProtocolOutbox" AS "p"
WHERE "p"."AcknowledgedAt" IS NULL AND "p"."FencedAt" IS NULL
[14:28:19 INF] Executed DbCommand (0ms) [Parameters=[@__messageId_0='?' (Size = 36)], CommandType='Text', CommandTimeout='30']
SELECT EXISTS (
    SELECT 1
    FROM "ProtocolOutbox" AS "p"
    WHERE "p"."MessageId" = @__messageId_0)
[14:28:19 INF] Executed DbCommand (0ms) [Parameters=[@__holding_0='?' (Size = 129)], CommandType='Text', CommandTimeout='30']
SELECT "f"."AgvId"
FROM "ForeignRiotOrders" AS "f"
WHERE "f"."State" IN (
    SELECT "h"."value"
    FROM json_each(@__holding_0) AS "h"
)
[14:28:19 INF] Executed DbCommand (0ms) [Parameters=[], CommandType='Text', CommandTimeout='30']
SELECT "a"."DemandId"
FROM "AcceptedDemands" AS "a"
WHERE "a"."Status" NOT IN ('Succeeded', 'Cancelled') AND NOT EXISTS (
    SELECT 1
    FROM "AcceptedDemands" AS "a0"
    WHERE "a0"."Status" NOT IN ('Succeeded', 'Cancelled') AND NOT EXISTS (
        SELECT 1
        FROM "JourneyDemands" AS "j"
        WHERE "j"."DemandId" = "a0"."DemandId" AND "j"."RemovedAt" IS NULL) AND EXISTS (
        SELECT 1
        FROM "JourneyDemands" AS "j0"
        WHERE "j0"."DemandId" = "a0"."DemandId" AND "j0"."RemovedAt" IS NOT NULL AND "j0"."RemovalReason" = 'RELEASED_FOR_REDISPATCH' AND NOT EXISTS (
            SELECT 1
            FROM "JourneyDemands" AS "j1"
            WHERE "j1"."DemandId" = "a0"."DemandId" AND "j1"."DispatchGeneration" > "j0"."DispatchGeneration")) AND "a0"."DemandId" = "a"."DemandId")
[14:28:19 INF] Executed DbCommand (0ms) [Parameters=[], CommandType='Text', CommandTimeout='30']
SELECT "j"."DemandId"
FROM "JourneyDemands" AS "j"
WHERE "j"."RemovedAt" IS NULL
[14:28:19 INF] Start processing HTTP request GET http://127.0.0.1:48409/api/v2/contract
[14:28:19 INF] Sending HTTP request GET http://127.0.0.1:48409/api/v2/contract
[14:28:19 INF] Received HTTP response headers after 0.6144ms - 200
[14:28:19 INF] End processing HTTP request after 1.3655ms - 200
[14:28:19 INF] Start processing HTTP request GET http://127.0.0.1:48409/api/v2/externally-readable-demand-catalog
[14:28:19 INF] Sending HTTP request GET http://127.0.0.1:48409/api/v2/externally-readable-demand-catalog
[14:28:19 INF] Received HTTP response headers after 0.5117ms - 200
[14:28:19 INF] End processing HTTP request after 1.2318ms - 200
[14:28:19 INF] Executed DbCommand (0ms) [Parameters=[], CommandType='Text', CommandTimeout='30']
SELECT "j"."DemandId", "j"."AcceptedAt", "j"."DecisionFingerprint", "j"."DemandCreatedAt", "j"."FirstSeenAt", "j"."LastSeenAt", "j"."ReasonCode", "j"."StarvationEscalatedAt", "j"."StarvationEscalationParameterVersion", "j"."TransportDemandKey"
FROM "JourneyBacklog" AS "j"
[14:28:19 INF] Executed DbCommand (0ms) [Parameters=[], CommandType='Text', CommandTimeout='30']
SELECT "a"."DemandId"
FROM "AcceptedDemands" AS "a"
WHERE NOT EXISTS (
    SELECT 1
    FROM "AcceptedDemands" AS "a0"
    WHERE "a0"."Status" NOT IN ('Succeeded', 'Cancelled') AND NOT EXISTS (
        SELECT 1
        FROM "JourneyDemands" AS "j"
        WHERE "j"."DemandId" = "a0"."DemandId" AND "j"."RemovedAt" IS NULL) AND EXISTS (
        SELECT 1
        FROM "JourneyDemands" AS "j0"
        WHERE "j0"."DemandId" = "a0"."DemandId" AND "j0"."RemovedAt" IS NOT NULL AND "j0"."RemovalReason" = 'RELEASED_FOR_REDISPATCH' AND NOT EXISTS (
            SELECT 1
            FROM "JourneyDemands" AS "j1"
            WHERE "j1"."DemandId" = "a0"."DemandId" AND "j1"."DispatchGeneration" > "j0"."DispatchGeneration")) AND "a0"."DemandId" = "a"."DemandId")
[14:28:19 INF] Executed DbCommand (0ms) [Parameters=[], CommandType='Text', CommandTimeout='30']
SELECT "j"."DemandId", MAX("j"."DispatchGeneration") AS "Generation"
FROM "JourneyDemands" AS "j"
WHERE EXISTS (
    SELECT 1
    FROM "AcceptedDemands" AS "a"
    WHERE "a"."Status" NOT IN ('Succeeded', 'Cancelled') AND NOT EXISTS (
        SELECT 1
        FROM "JourneyDemands" AS "j0"
        WHERE "j0"."DemandId" = "a"."DemandId" AND "j0"."RemovedAt" IS NULL) AND EXISTS (
        SELECT 1
        FROM "JourneyDemands" AS "j1"
        WHERE "j1"."DemandId" = "a"."DemandId" AND "j1"."RemovedAt" IS NOT NULL AND "j1"."RemovalReason" = 'RELEASED_FOR_REDISPATCH' AND NOT EXISTS (
            SELECT 1
            FROM "JourneyDemands" AS "j2"
            WHERE "j2"."DemandId" = "a"."DemandId" AND "j2"."DispatchGeneration" > "j1"."DispatchGeneration")) AND "a"."DemandId" = "j"."DemandId")
GROUP BY "j"."DemandId"
[14:28:19 INF] Executed DbCommand (0ms) [Parameters=[], CommandType='Text', CommandTimeout='30']
SELECT "v"."AgvId", "v"."TaskType", "v"."Allowed", "v"."ConfigurationVersion", "v"."UpdatedAt"
FROM "VehicleTaskTypeAdmissions" AS "v"
[14:28:19 INF] Executed DbCommand (0ms) [Parameters=[], CommandType='Text', CommandTimeout='30']
SELECT "v"."AgvId", "v"."ConfigurationVersion", "v"."RoundTimeoutMilliseconds", "v"."UpdatedAt"
FROM "VehicleDispatchBudgets" AS "v"
[14:28:19 INF] Executed DbCommand (0ms) [Parameters=[], CommandType='Text', CommandTimeout='30']
SELECT "d"."Zone", "d"."AgvId", "d"."ConfigurationVersion", "d"."UpdatedAt"
FROM "DispatchZoneVehicles" AS "d"
[14:28:19 INF] Executed DbCommand (0ms) [Parameters=[], CommandType='Text', CommandTimeout='30']
SELECT MAX("d"."Version")
FROM "DispatchZoneAreaAssignmentVersions" AS "d"
[14:28:19 INF] Executed DbCommand (0ms) [Parameters=[@__version_0='?' (DbType = Int64)], CommandType='Text', CommandTimeout='30']
SELECT "d"."Version", "d"."ContentSha256", "d"."EntryCount", "d"."ImportedAt", "d"."SnapshotId"
FROM "DispatchZoneAreaAssignmentVersions" AS "d"
WHERE "d"."Version" = @__version_0
LIMIT 2
[14:28:19 INF] Executed DbCommand (0ms) [Parameters=[@__version_0='?' (DbType = Int64)], CommandType='Text', CommandTimeout='30']
SELECT "d"."Version", "d"."Area", "d"."DispatchZone", "d"."SlotPosition"
FROM "DispatchZoneAreaAssignments" AS "d"
WHERE "d"."Version" = @__version_0
[14:28:19 INF] Executed DbCommand (0ms) [Parameters=[], CommandType='Text', CommandTimeout='30']
SELECT MAX("d"."Version")
FROM "DispatchZoneParameterVersions" AS "d"
[14:28:19 INF] Executed DbCommand (0ms) [Parameters=[], CommandType='Text', CommandTimeout='30']
SELECT "j"."AgvId", "j"."CreatedAt"
FROM "JourneyRuntimes" AS "j"
WHERE "j"."JourneyId" NOT LIKE 'idle-return:%' AND "j"."JourneyId" NOT LIKE 'charging:%'
[14:28:19 INF] Executed DbCommand (0ms) [Parameters=[@__agvId_0='?' (Size = 10)], CommandType='Text', CommandTimeout='30']
SELECT "a"."SlotModelVersionId", "a"."SnapshotId"
FROM "ActiveSlotConfigurations" AS "a"
WHERE "a"."AgvId" = @__agvId_0
LIMIT 2
[14:28:19 INF] Executed DbCommand (0ms) [Parameters=[@__agvId_0='?' (Size = 10)], CommandType='Text', CommandTimeout='30']
SELECT "s"."SlotModelVersionId", "s"."CreatedAt"
FROM "SlotIoBindings" AS "s"
WHERE "s"."AgvId" = @__agvId_0 AND "s"."Status" = 'PUBLISHED'
[14:28:19 INF] Executed DbCommand (0ms) [Parameters=[@__slotModelVersionId_0='?' (Size = 32)], CommandType='Text', CommandTimeout='30']
SELECT "s"."SlotModelVersionId", "s"."PhysicalSlotNumber", "s"."SlotPosition", "s"."SlotTemplateId"
FROM "SlotModelSlots" AS "s"
WHERE "s"."SlotModelVersionId" = @__slotModelVersionId_0
[14:28:19 INF] Executed DbCommand (0ms) [Parameters=[@__agvId_0='?' (Size = 10)], CommandType='Text', CommandTimeout='30']
SELECT "s"."AgvId", "s"."ActiveUnlockSlotsJson", "s"."CapabilityHash", "s"."CapabilityRevision", "s"."DepartureSafe", "s"."ForcedRecoveryGeneration", "s"."ManifestSha256", "s"."PendingAttemptIdsJson", "s"."PendingResultIdsJson", "s"."ProfileId", "s"."ProtocolCommit", "s"."ProtocolVersion", "s"."ProvenRecoveryCheckpoint", "s"."Readiness", "s"."ReasonCode", "s"."RecoveryReportId", "s"."ReportedForcedRecoveryGeneration", "s"."ReportedSlotConfigurationFingerprint", "s"."SafetyHash", "s"."SafetyReasonCodesJson", "s"."SafetyRevision", "s"."SafetyUnknownPresent", "s"."SessionGeneration", "s"."UnsettledSlotOperationAttemptId", "s"."UpdatedAt"
FROM "SessionRecoveries" AS "s"
WHERE "s"."AgvId" = @__agvId_0 AND "s"."Readiness" = 'Ready'
LIMIT 2
[14:28:19 INF] Start processing HTTP request GET http://127.0.0.1:48408/api/task/vehicles/getVehicleInfoByDeviceKey?key=BROKERX-L2-0001
[14:28:19 INF] Sending HTTP request GET http://127.0.0.1:48408/api/task/vehicles/getVehicleInfoByDeviceKey?key=BROKERX-L2-0001
[14:28:19 INF] Received HTTP response headers after 0.5493ms - 200
[14:28:19 INF] End processing HTTP request after 1.3784ms - 200
[14:28:19 INF] Executed DbCommand (0ms) [Parameters=[@__vehicle_AgvId_0='?' (Size = 10)], CommandType='Text', CommandTimeout='30']
SELECT "j"."JourneyId", "j"."AgvId", "j"."AgvLifecycleGeneration", "j"."AreaEndAdmissionRevokedSince", "j"."BlockReasonCode", "j"."BlockReasonSince", "j"."CargoHoldingStartedAt", "j"."ChargingPolicyVersion", "j"."ConsumedSafetyResultMessageId", "j"."ConsumedSublotMessageId", "j"."CreatedAt", "j"."DemandId", "j"."DispatchGeneration", "j"."DispatchZone", "j"."ExpectedBasketCount", "j"."FullSlotPositionsJson", "j"."GateMovementLegId", "j"."GatePlanMessageId", "j"."GateStationId", "j"."GateStationRiotId", "j"."GateUpperId", "j"."GateVehicleBusinessMessageId", "j"."GateWorklistMessageId", "j"."LoadCommandMessageId", "j"."LoadSlotOperationAttemptId", "j"."LoadingClosedReason", "j"."LoadingPhaseState", "j"."MapId", "j"."MapIdentity", "j"."OperationSessionId", "j"."PickupMovementLegId", "j"."PickupStationId", "j"."PickupStationRiotId", "j"."PickupUpperId", "j"."PlanMessageId", "j"."PlanRevision", "j"."PreDepartureSafetyCheckId", "j"."PreDepartureSafetyCheckMessageId", "j"."PublishedBatteryState", "j"."RouteEvidenceId", "j"."Stage", "j"."StationDepartureWaitStartedAt", "j"."SublotRequestMessageId", "j"."TargetSlotsJson", "j"."UnloadCommandMessageId", "j"."UnloadSlotOperationAttemptId", "j"."UpdatedAt", "j"."VehicleBusinessMessageId", "j"."VehicleBusinessRevision", "j"."VehicleKey", "j"."Version", "j"."WaitingBatteryObservedAt", "j"."WaitingBatteryPercent", "j"."WaitingSince", "j"."WaitingWarnedAt", "j"."WorklistMessageId", "j"."WorklistRevision", "j"."YieldTriggeredAt", "j"."YieldTriggeredByVehicleKey"
FROM "JourneyRuntimes" AS "j"
WHERE "j"."AgvId" = @__vehicle_AgvId_0 AND "j"."Stage" <> 'Completed' AND "j"."Stage" <> 'Blocked'
[14:28:19 INF] Executed DbCommand (0ms) [Parameters=[@__runtime_JourneyId_0='?' (Size = 44)], CommandType='Text', CommandTimeout='30']
SELECT "j"."StopId", "j"."CreatedAt", "j"."DepartureSafetyCheckId", "j"."DepartureSafetyCheckMessageId", "j"."DispatchZone", "j"."JourneyId", "j"."MovementLegId", "j"."OperationSessionId", "j"."PlanMessageId", "j"."Sequence", "j"."StationId", "j"."StationRiotId", "j"."Status", "j"."StopRole", "j"."SublotRequestMessageId", "j"."UpperId", "j"."VehicleBusinessMessageId", "j"."WorklistMessageId", "j"."WorklistRefills"
FROM "JourneyStops" AS "j"
WHERE "j"."JourneyId" = @__runtime_JourneyId_0
ORDER BY "j"."Sequence"
[14:28:19 INF] Executed DbCommand (0ms) [Parameters=[@__runtime_JourneyId_0='?' (Size = 44)], CommandType='Text', CommandTimeout='30']
SELECT "j"."JourneyId", "j"."DemandId", "j"."AddedAt", "j"."DispatchGeneration", "j"."DispatchZone", "j"."DispatchZoneParameterVersion", "j"."ExpectedBasketCount", "j"."LoadCommandMessageId", "j"."LoadSlotOperationAttemptId", "j"."LoadedSlotsJson", "j"."PickupStopId", "j"."RemovalReason", "j"."RemovedAt", "j"."Status", "j"."TargetSlotsJson", "j"."UnloadCommandMessageId", "j"."UnloadSlotOperationAttemptId", "j"."UnloadStopId", "a"."DemandId", "a"."AcceptedAt", "a"."CatalogRevision", "a"."CreatedAt", "a"."DemandRevision", "a"."Generation", "a"."HistoryEpoch", "a"."LiveMesFieldsJson", "a"."SeriesId", "a"."Status", "a"."Sublot", "a"."TransportDemandKey", "a"."ValueObservedAt", "a"."ValuePollTraceId", "a"."ValueProjectionCommitId", "a"."WorkType"
FROM "JourneyDemands" AS "j"
INNER JOIN "AcceptedDemands" AS "a" ON "j"."DemandId" = "a"."DemandId"
WHERE "j"."JourneyId" = @__runtime_JourneyId_0
[14:28:19 INF] Executed DbCommand (0ms) [Parameters=[@__vehicle_AgvId_0='?' (Size = 10)], CommandType='Text', CommandTimeout='30']
SELECT "j"."CreatedAt", "j"."ChargingPolicyVersion"
FROM "JourneyRuntimes" AS "j"
WHERE "j"."AgvId" = @__vehicle_AgvId_0 AND "j"."Stage" <> 'Completed' AND "j"."Stage" <> 'Blocked'
[14:28:19 INF] Executed DbCommand (0ms) [Parameters=[@__version_0='?' (DbType = Int64)], CommandType='Text', CommandTimeout='30']
SELECT "c"."Version", "c"."ChangeNote", "c"."ChargingCompletionThresholdPercent", "c"."ContentSha256", "c"."EstimatedTaskConsumptionPercent", "c"."MandatoryChargeEntryThresholdPercent", "c"."MinimumPostTaskBatteryMarginPercent", "c"."ProgressMinimumIncreasePercent", "c"."ProgressObservationWindowSeconds", "c"."ProgressStabilizationSeconds", "c"."SnapshotId", "c"."WrittenAt"
FROM "ChargingPolicyVersions" AS "c"
WHERE "c"."Version" = @__version_0
LIMIT 2
[14:28:19 INF] Executed DbCommand (0ms) [Parameters=[@__version_0='?' (DbType = Int64)], CommandType='Text', CommandTimeout='30']
SELECT "c"."VehicleKey"
FROM "ChargingPolicyVehicleScopes" AS "c"
WHERE "c"."Version" = @__version_0
[14:28:19 INF] Executed DbCommand (0ms) [Parameters=[], CommandType='Text', CommandTimeout='30']
SELECT "s"."MapId", "s"."StationId", "s"."ChargerRosterVersion", "s"."JourneyId", "s"."RecordId", "s"."State", "s"."StateSince", "s"."StationKind", "s"."VehicleKey", "s"."WaitingPointVersion"
FROM "StationExclusivities" AS "s"
WHERE "s"."StationKind" = 'CHARGER'
[14:28:19 INF] Executed DbCommand (0ms) [Parameters=[], CommandType='Text', CommandTimeout='30']
SELECT "s"."DemandId"
FROM "StructuralDispatchBlocks" AS "s"
WHERE "s"."ClearedAt" IS NULL
[14:28:19 INF] Executed DbCommand (0ms) [Parameters=[@__keys_0='?' (Size = 42)], CommandType='Text', CommandTimeout='30']
SELECT "t"."TransportDemandKey"
FROM "TransportDemandSuppressions" AS "t"
WHERE "t"."TransportDemandKey" IN (
    SELECT "k"."value"
    FROM json_each(@__keys_0) AS "k"
)
[14:28:19 INF] Executed DbCommand (0ms) [Parameters=[@__keys_0='?' (Size = 42)], CommandType='Text', CommandTimeout='30']
SELECT "a"."TransportDemandKey", "a"."DemandId"
FROM "AcceptedDemands" AS "a"
WHERE "a"."TransportDemandKey" IN (
    SELECT "k"."value"
    FROM json_each(@__keys_0) AS "k"
)
[14:28:19 INF] Executed DbCommand (0ms) [Parameters=[@__participant_Vehicle_AgvId_0='?' (Size = 10)], CommandType='Text', CommandTimeout='30']
SELECT EXISTS (
    SELECT 1
    FROM "JourneyRuntimes" AS "j"
    WHERE "j"."AgvId" = @__participant_Vehicle_AgvId_0 AND "j"."Stage" = 'Blocked')
[14:28:19 INF] Executed DbCommand (0ms) [Parameters=[@p1='?' (Size = 36), @p0='?' (DbType = DateTimeOffset)], CommandType='Text', CommandTimeout='30']
UPDATE "JourneyBacklog" SET "LastSeenAt" = @p0
WHERE "DemandId" = @p1
RETURNING 1;
[14:28:19 INF] Executed DbCommand (0ms) [Parameters=[], CommandType='Text', CommandTimeout='30']
SELECT "s"."DemandId", "s"."ReasonCode", "s"."ClearedAt", "s"."DetailJson", "s"."FirstRaisedAt", "s"."LastSeenAt", "s"."TransportDemandKey"
FROM "StructuralDispatchBlocks" AS "s"
WHERE "s"."ClearedAt" IS NULL
[14:28:19 INF] Executed DbCommand (0ms) [Parameters=[], CommandType='Text', CommandTimeout='30']
SELECT "j"."JourneyId", "j"."AgvId", "j"."AgvLifecycleGeneration", "j"."AreaEndAdmissionRevokedSince", "j"."BlockReasonCode", "j"."BlockReasonSince", "j"."CargoHoldingStartedAt", "j"."ChargingPolicyVersion", "j"."ConsumedSafetyResultMessageId", "j"."ConsumedSublotMessageId", "j"."CreatedAt", "j"."DemandId", "j"."DispatchGeneration", "j"."DispatchZone", "j"."ExpectedBasketCount", "j"."FullSlotPositionsJson", "j"."GateMovementLegId", "j"."GatePlanMessageId", "j"."GateStationId", "j"."GateStationRiotId", "j"."GateUpperId", "j"."GateVehicleBusinessMessageId", "j"."GateWorklistMessageId", "j"."LoadCommandMessageId", "j"."LoadSlotOperationAttemptId", "j"."LoadingClosedReason", "j"."LoadingPhaseState", "j"."MapId", "j"."MapIdentity", "j"."OperationSessionId", "j"."PickupMovementLegId", "j"."PickupStationId", "j"."PickupStationRiotId", "j"."PickupUpperId", "j"."PlanMessageId", "j"."PlanRevision", "j"."PreDepartureSafetyCheckId", "j"."PreDepartureSafetyCheckMessageId", "j"."PublishedBatteryState", "j"."RouteEvidenceId", "j"."Stage", "j"."StationDepartureWaitStartedAt", "j"."SublotRequestMessageId", "j"."TargetSlotsJson", "j"."UnloadCommandMessageId", "j"."UnloadSlotOperationAttemptId", "j"."UpdatedAt", "j"."VehicleBusinessMessageId", "j"."VehicleBusinessRevision", "j"."VehicleKey", "j"."Version", "j"."WaitingBatteryObservedAt", "j"."WaitingBatteryPercent", "j"."WaitingSince", "j"."WaitingWarnedAt", "j"."WorklistMessageId", "j"."WorklistRevision", "j"."YieldTriggeredAt", "j"."YieldTriggeredByVehicleKey"
FROM "JourneyRuntimes" AS "j"
WHERE "j"."Stage" <> 'Completed'
[14:28:19 INF] Executed DbCommand (0ms) [Parameters=[], CommandType='Text', CommandTimeout='30']
SELECT "v"."AgvId", "v"."TaskType", "v"."Allowed", "v"."ConfigurationVersion", "v"."UpdatedAt"
FROM "VehicleTaskTypeAdmissions" AS "v"
[14:28:19 INF] Executed DbCommand (0ms) [Parameters=[], CommandType='Text', CommandTimeout='30']
SELECT "v"."AgvId", "v"."ConfigurationVersion", "v"."RoundTimeoutMilliseconds", "v"."UpdatedAt"
FROM "VehicleDispatchBudgets" AS "v"
[14:28:19 INF] Executed DbCommand (0ms) [Parameters=[], CommandType='Text', CommandTimeout='30']
SELECT "d"."Zone", "d"."AgvId", "d"."ConfigurationVersion", "d"."UpdatedAt"
FROM "DispatchZoneVehicles" AS "d"
[14:28:19 INF] Executed DbCommand (0ms) [Parameters=[], CommandType='Text', CommandTimeout='30']
SELECT "j"."JourneyId", "j"."AgvId", "j"."AgvLifecycleGeneration", "j"."AreaEndAdmissionRevokedSince", "j"."BlockReasonCode", "j"."BlockReasonSince", "j"."CargoHoldingStartedAt", "j"."ChargingPolicyVersion", "j"."ConsumedSafetyResultMessageId", "j"."ConsumedSublotMessageId", "j"."CreatedAt", "j"."DemandId", "j"."DispatchGeneration", "j"."DispatchZone", "j"."ExpectedBasketCount", "j"."FullSlotPositionsJson", "j"."GateMovementLegId", "j"."GatePlanMessageId", "j"."GateStationId", "j"."GateStationRiotId", "j"."GateUpperId", "j"."GateVehicleBusinessMessageId", "j"."GateWorklistMessageId", "j"."LoadCommandMessageId", "j"."LoadSlotOperationAttemptId", "j"."LoadingClosedReason", "j"."LoadingPhaseState", "j"."MapId", "j"."MapIdentity", "j"."OperationSessionId", "j"."PickupMovementLegId", "j"."PickupStationId", "j"."PickupStationRiotId", "j"."PickupUpperId", "j"."PlanMessageId", "j"."PlanRevision", "j"."PreDepartureSafetyCheckId", "j"."PreDepartureSafetyCheckMessageId", "j"."PublishedBatteryState", "j"."RouteEvidenceId", "j"."Stage", "j"."StationDepartureWaitStartedAt", "j"."SublotRequestMessageId", "j"."TargetSlotsJson", "j"."UnloadCommandMessageId", "j"."UnloadSlotOperationAttemptId", "j"."UpdatedAt", "j"."VehicleBusinessMessageId", "j"."VehicleBusinessRevision", "j"."VehicleKey", "j"."Version", "j"."WaitingBatteryObservedAt", "j"."WaitingBatteryPercent", "j"."WaitingSince", "j"."WaitingWarnedAt", "j"."WorklistMessageId", "j"."WorklistRevision", "j"."YieldTriggeredAt", "j"."YieldTriggeredByVehicleKey"
FROM "JourneyRuntimes" AS "j"
WHERE "j"."Stage" <> 'Completed'
[14:28:19 INF] Executed DbCommand (0ms) [Parameters=[@__runtime_JourneyId_0='?' (Size = 44)], CommandType='Text', CommandTimeout='30']
SELECT "j"."StopId", "j"."CreatedAt", "j"."DepartureSafetyCheckId", "j"."DepartureSafetyCheckMessageId", "j"."DispatchZone", "j"."JourneyId", "j"."MovementLegId", "j"."OperationSessionId", "j"."PlanMessageId", "j"."Sequence", "j"."StationId", "j"."StationRiotId", "j"."Status", "j"."StopRole", "j"."SublotRequestMessageId", "j"."UpperId", "j"."VehicleBusinessMessageId", "j"."WorklistMessageId", "j"."WorklistRefills"
FROM "JourneyStops" AS "j"
WHERE "j"."JourneyId" = @__runtime_JourneyId_0
ORDER BY "j"."Sequence"
[14:28:19 INF] Executed DbCommand (0ms) [Parameters=[@__runtime_JourneyId_0='?' (Size = 44)], CommandType='Text', CommandTimeout='30']
SELECT "j"."JourneyId", "j"."DemandId", "j"."AddedAt", "j"."DispatchGeneration", "j"."DispatchZone", "j"."DispatchZoneParameterVersion", "j"."ExpectedBasketCount", "j"."LoadCommandMessageId", "j"."LoadSlotOperationAttemptId", "j"."LoadedSlotsJson", "j"."PickupStopId", "j"."RemovalReason", "j"."RemovedAt", "j"."Status", "j"."TargetSlotsJson", "j"."UnloadCommandMessageId", "j"."UnloadSlotOperationAttemptId", "j"."UnloadStopId", "a"."DemandId", "a"."AcceptedAt", "a"."CatalogRevision", "a"."CreatedAt", "a"."DemandRevision", "a"."Generation", "a"."HistoryEpoch", "a"."LiveMesFieldsJson", "a"."SeriesId", "a"."Status", "a"."Sublot", "a"."TransportDemandKey", "a"."ValueObservedAt", "a"."ValuePollTraceId", "a"."ValueProjectionCommitId", "a"."WorkType"
FROM "JourneyDemands" AS "j"
INNER JOIN "AcceptedDemands" AS "a" ON "j"."DemandId" = "a"."DemandId"
WHERE "j"."JourneyId" = @__runtime_JourneyId_0
[14:28:19 INF] Executed DbCommand (0ms) [Parameters=[@__agvId_0='?' (Size = 10)], CommandType='Text', CommandTimeout='30']
SELECT "v"."AgvId", "v"."ClearedAt", "v"."ClearedReason", "v"."EnteredAt", "v"."EscalatedAt", "v"."EvidenceCode", "v"."EvidenceOnAutoConfirmWhitelist", "v"."FaultGeneration", "v"."LastEvaluatedAt", "v"."Level", "v"."StopProven", "v"."StopProvenAt"
FROM "VehicleFaultStates" AS "v"
WHERE "v"."AgvId" = @__agvId_0
LIMIT 2
[14:28:19 INF] Start processing HTTP request GET http://127.0.0.1:48408/api/task/vehicles/getVehicleInfoByDeviceKey?key=BROKERX-L2-0001
[14:28:19 INF] Sending HTTP request GET http://127.0.0.1:48408/api/task/vehicles/getVehicleInfoByDeviceKey?key=BROKERX-L2-0001
[14:28:19 INF] Received HTTP response headers after 0.5256ms - 200
[14:28:19 INF] End processing HTTP request after 1.3601ms - 200
[14:28:19 INF] Start processing HTTP request GET http://127.0.0.1:48408/api/task/v1/task/getVehicleInfo/BROKERX-L2-0001
[14:28:19 INF] Sending HTTP request GET http://127.0.0.1:48408/api/task/v1/task/getVehicleInfo/BROKERX-L2-0001
[14:28:19 INF] Received HTTP response headers after 0.4616ms - 200
[14:28:19 INF] End processing HTTP request after 1.3891ms - 200
[14:28:19 INF] Start processing HTTP request GET http://127.0.0.1:48408/api/order/v1/orderRecord?pageNum=1&pageSize=100&filterByState=1&filterByState=3&filterByState=7&filterByState=8&filterByState=9&filterByState=10
[14:28:19 INF] Sending HTTP request GET http://127.0.0.1:48408/api/order/v1/orderRecord?pageNum=1&pageSize=100&filterByState=1&filterByState=3&filterByState=7&filterByState=8&filterByState=9&filterByState=10
[14:28:19 INF] Received HTTP response headers after 0.4545ms - 200
[14:28:19 INF] End processing HTTP request after 1.345ms - 200
[14:28:19 INF] HTTP GET /api/onboard/v1/vehicle-safety responded 200 in 3.9336 ms
[14:28:19 INF] Executed DbCommand (0ms) [Parameters=[@__messageId_0='?' (Size = 36)], CommandType='Text', CommandTimeout='30']
SELECT "p"."MessageId", "p"."ContentHash", "p"."FirstResponseJson", "p"."MessageType", "p"."ReceivedAt", "p"."RequestJson"
FROM "ProtocolInbox" AS "p"
WHERE "p"."MessageId" = @__messageId_0
LIMIT 2
[14:28:19 INF] Executed DbCommand (0ms) [Parameters=[@__agvId_0='?' (Size = 10)], CommandType='Text', CommandTimeout='30']
SELECT "o"."AlarmsJson"
FROM "OnboardAlarmSnapshots" AS "o"
WHERE "o"."AgvId" = @__agvId_0
LIMIT 1
[14:28:19 INF] Executed DbCommand (0ms) [Parameters=[@__snapshot_AgvId_0='?' (Size = 10)], CommandType='Text', CommandTimeout='30']
SELECT "o"."AgvId", "o"."AlarmsJson", "o"."CapturedAt", "o"."ReceivedAt", "o"."SessionGeneration", "o"."SnapshotSequence"
FROM "OnboardAlarmSnapshots" AS "o"
WHERE "o"."AgvId" = @__snapshot_AgvId_0
LIMIT 1
[14:28:19 INF] Executed DbCommand (0ms) [Parameters=[@p4='?' (Size = 10), @p0='?' (Size = 2), @p1='?' (DbType = DateTimeOffset), @p2='?' (DbType = DateTimeOffset), @p3='?' (DbType = Int64)], CommandType='Text', CommandTimeout='30']
UPDATE "OnboardAlarmSnapshots" SET "AlarmsJson" = @p0, "CapturedAt" = @p1, "ReceivedAt" = @p2, "SnapshotSequence" = @p3
WHERE "AgvId" = @p4
RETURNING 1;
[14:28:19 INF] Executed DbCommand (0ms) [Parameters=[@__agvId_0='?' (Size = 10)], CommandType='Text', CommandTimeout='30']
SELECT "o"."AlarmsJson"
FROM "OnboardAlarmSnapshots" AS "o"
WHERE "o"."AgvId" = @__agvId_0
LIMIT 1
[14:28:19 INF] Executed DbCommand (0ms) [Parameters=[@p0='?' (Size = 36), @p1='?' (Size = 64), @p2='?' (Size = 625), @p3='?' (Size = 20), @p4='?' (DbType = DateTimeOffset), @p5='?' (Size = 485)], CommandType='Text', CommandTimeout='30']
INSERT INTO "ProtocolInbox" ("MessageId", "ContentHash", "FirstResponseJson", "MessageType", "ReceivedAt", "RequestJson")
VALUES (@p0, @p1, @p2, @p3, @p4, @p5);
[14:28:19 INF] Executed DbCommand (0ms) [Parameters=[@__agvId_0='?' (Size = 10), @__generation_1='?' (DbType = Int64)], CommandType='Text', CommandTimeout='30']
SELECT "o"."RebuildId"
FROM "OwnOrderRebuilds" AS "o"
WHERE "o"."AgvId" = @__agvId_0 AND ((("o"."State" = 'PENDING' OR ("o"."State" = 'ORDERING' AND EXISTS (
    SELECT 1
    FROM "OrderIntents" AS "o0"
    WHERE "o0"."MovementLegId" = "o"."NewMovementLegId" AND "o0"."CreateAttemptCount" = 0))) AND "o"."Source" IN ('FAULT_CLEARED_CARGO_ON_BOARD', 'ORDER_CANCELLED_IN_RIOT') AND EXISTS (
    SELECT 1
    FROM "JourneyDemands" AS "j"
    WHERE "j"."JourneyId" = "o"."JourneyId" AND "j"."RemovedAt" IS NULL AND "j"."Status" <> 'PENDING_LOAD' AND "j"."Status" <> 'UNLOADED' AND "j"."Status" <> 'TERMINATED')) OR ("o"."State" = 'AWAITING_CARGO_HANDOFF' AND EXISTS (
    SELECT 1
    FROM "JourneyRuntimes" AS "j0"
    WHERE "j0"."JourneyId" = "o"."JourneyId" AND "j0"."Stage" = 'Blocked'))) AND ("o"."CargoEvidenceRequestedGeneration" <> @__generation_1 OR "o"."CargoEvidenceRequestedGeneration" IS NULL)
[14:28:19 INF] Executed DbCommand (0ms) [Parameters=[@__messageId_0='?' (Size = 36)], CommandType='Text', CommandTimeout='30']
SELECT "p"."MessageId", "p"."ContentHash", "p"."FirstResponseJson", "p"."MessageType", "p"."ReceivedAt", "p"."RequestJson"
FROM "ProtocolInbox" AS "p"
WHERE "p"."MessageId" = @__messageId_0
LIMIT 2
[14:28:19 INF] Executed DbCommand (0ms) [Parameters=[@__agvId_0='?' (Size = 10)], CommandType='Text', CommandTimeout='30']
SELECT "s"."AgvId", "s"."ActiveUnlockSlotsJson", "s"."CapabilityHash", "s"."CapabilityRevision", "s"."DepartureSafe", "s"."ForcedRecoveryGeneration", "s"."ManifestSha256", "s"."PendingAttemptIdsJson", "s"."PendingResultIdsJson", "s"."ProfileId", "s"."ProtocolCommit", "s"."ProtocolVersion", "s"."ProvenRecoveryCheckpoint", "s"."Readiness", "s"."ReasonCode", "s"."RecoveryReportId", "s"."ReportedForcedRecoveryGeneration", "s"."ReportedSlotConfigurationFingerprint", "s"."SafetyHash", "s"."SafetyReasonCodesJson", "s"."SafetyRevision", "s"."SafetyUnknownPresent", "s"."SessionGeneration", "s"."UnsettledSlotOperationAttemptId", "s"."UpdatedAt"
FROM "SessionRecoveries" AS "s"
WHERE "s"."AgvId" = @__agvId_0
LIMIT 2
[14:28:19 INF] Executed DbCommand (0ms) [Parameters=[@p7='?' (Size = 10), @p0='?' (DbType = Boolean), @p1='?' (Size = 20), @p2='?' (Size = 64), @p3='?' (Size = 2), @p4='?' (DbType = Int64), @p5='?' (DbType = Boolean), @p6='?' (DbType = DateTimeOffset)], CommandType='Text', CommandTimeout='30']
UPDATE "SessionRecoveries" SET "DepartureSafe" = @p0, "ReasonCode" = @p1, "SafetyHash" = @p2, "SafetyReasonCodesJson" = @p3, "SafetyRevision" = @p4, "SafetyUnknownPresent" = @p5, "UpdatedAt" = @p6
WHERE "AgvId" = @p7
RETURNING 1;
[14:28:19 INF] Executed DbCommand (0ms) [Parameters=[@__agvId_0='?' (Size = 10)], CommandType='Text', CommandTimeout='30']
SELECT "s"."AgvId", "s"."ActiveUnlockSlotsJson", "s"."CapabilityHash", "s"."CapabilityRevision", "s"."DepartureSafe", "s"."ForcedRecoveryGeneration", "s"."ManifestSha256", "s"."PendingAttemptIdsJson", "s"."PendingResultIdsJson", "s"."ProfileId", "s"."ProtocolCommit", "s"."ProtocolVersion", "s"."ProvenRecoveryCheckpoint", "s"."Readiness", "s"."ReasonCode", "s"."RecoveryReportId", "s"."ReportedForcedRecoveryGeneration", "s"."ReportedSlotConfigurationFingerprint", "s"."SafetyHash", "s"."SafetyReasonCodesJson", "s"."SafetyRevision", "s"."SafetyUnknownPresent", "s"."SessionGeneration", "s"."UnsettledSlotOperationAttemptId", "s"."UpdatedAt"
FROM "SessionRecoveries" AS "s"
WHERE "s"."AgvId" = @__agvId_0
LIMIT 2
[14:28:19 INF] Executed DbCommand (0ms) [Parameters=[@__agvId_0='?' (Size = 10)], CommandType='Text', CommandTimeout='30']
SELECT EXISTS (
    SELECT 1
    FROM "StationOperations" AS "s"
    INNER JOIN (
        SELECT "j"."JourneyId", "j"."DemandId", "j"."AddedAt", "j"."DispatchGeneration", "j"."DispatchZone", "j"."DispatchZoneParameterVersion", "j"."ExpectedBasketCount", "j"."LoadCommandMessageId", "j"."LoadSlotOperationAttemptId", "j"."LoadedSlotsJson", "j"."PickupStopId", "j"."RemovalReason", "j"."RemovedAt", "j"."Status", "j"."TargetSlotsJson", "j"."UnloadCommandMessageId", "j"."UnloadSlotOperationAttemptId", "j"."UnloadStopId"
        FROM "JourneyDemands" AS "j"
        WHERE "j"."RemovedAt" IS NULL
    ) AS "t" ON "s"."DemandId" = "t"."DemandId"
    INNER JOIN "JourneyRuntimes" AS "j0" ON "t"."JourneyId" = "j0"."JourneyId"
    WHERE "j0"."AgvId" = @__agvId_0 AND "s"."Status" = 'RecoveryRequired')
[14:28:19 INF] Executed DbCommand (0ms) [Parameters=[@__agvId_0='?' (Size = 10)], CommandType='Text', CommandTimeout='30']
SELECT EXISTS (
    SELECT 1
    FROM "RecoveryWorkflows" AS "r"
    WHERE "r"."AgvId" = @__agvId_0 AND "r"."WorkflowType" = 'FORCED_MECHANICAL_RECOVERY' AND "r"."State" <> 'HistoricalOnly' AND NOT EXISTS (
        SELECT 1
        FROM "HardwareRecoveryRecords" AS "h"
        WHERE "h"."RecoveryActionId" = "r"."WorkflowId"))
[14:28:19 INF] Executed DbCommand (0ms) [Parameters=[@__agvId_0='?' (Size = 10)], CommandType='Text', CommandTimeout='30']
SELECT EXISTS (
    SELECT 1
    FROM "OwnOrderRebuilds" AS "o"
    WHERE "o"."AgvId" = @__agvId_0 AND "o"."State" = 'AWAITING_CARGO_HANDOFF' AND EXISTS (
        SELECT 1
        FROM "JourneyRuntimes" AS "j"
        WHERE "j"."JourneyId" = "o"."JourneyId" AND "j"."Stage" = 'Blocked'))
[14:28:19 INF] Executed DbCommand (0ms) [Parameters=[@__agvId_0='?' (Size = 10)], CommandType='Text', CommandTimeout='30']
SELECT "a"."AgvId", "a"."ActivatedAt", "a"."ActivationId", "a"."ConfigurationVersion", "a"."Fingerprint", "a"."SlotModelVersionId", "a"."SnapshotId"
FROM "ActiveSlotConfigurations" AS "a"
WHERE "a"."AgvId" = @__agvId_0
LIMIT 1
[14:28:19 INF] Executed DbCommand (0ms) [Parameters=[@__agvId_0='?' (Size = 10)], CommandType='Text', CommandTimeout='30']
SELECT EXISTS (
    SELECT 1
    FROM "SlotDoorHolds" AS "s"
    WHERE "s"."AgvId" = @__agvId_0 AND "s"."ReleasedAt" IS NULL)
[14:28:19 INF] Executed DbCommand (0ms) [Parameters=[@p3='?' (Size = 10), @p0='?' (Size = 5), @p1='?' (Size = 5), @p2='?' (DbType = DateTimeOffset)], CommandType='Text', CommandTimeout='30']
UPDATE "SessionRecoveries" SET "Readiness" = @p0, "ReasonCode" = @p1, "UpdatedAt" = @p2
WHERE "AgvId" = @p3
RETURNING 1;
[14:28:19 INF] Executed DbCommand (0ms) [Parameters=[@__agvId_0='?' (Size = 10)], CommandType='Text', CommandTimeout='30']
SELECT "o"."AlarmsJson"
FROM "OnboardAlarmSnapshots" AS "o"
WHERE "o"."AgvId" = @__agvId_0
LIMIT 1
[14:28:19 INF] SessionReadiness ce8cc3e1-2c49-40d1-8dc0-21feb0805293 to AGV-L2-001 generation 1: READY [null], after the answer to SafetyStateChanged 65c28b9a-6631-6456-a622-d84971e7c540.
[14:28:19 INF] Executed DbCommand (0ms) [Parameters=[@p0='?' (Size = 36), @p1='?' (Size = 64), @p2='?' (Size = 1235), @p3='?' (Size = 18), @p4='?' (DbType = DateTimeOffset), @p5='?' (Size = 653)], CommandType='Text', CommandTimeout='30']
INSERT INTO "ProtocolInbox" ("MessageId", "ContentHash", "FirstResponseJson", "MessageType", "ReceivedAt", "RequestJson")
VALUES (@p0, @p1, @p2, @p3, @p4, @p5);
[14:28:19 INF] Executed DbCommand (0ms) [Parameters=[@__agvId_0='?' (Size = 10), @__generation_1='?' (DbType = Int64)], CommandType='Text', CommandTimeout='30']
SELECT "o"."RebuildId"
FROM "OwnOrderRebuilds" AS "o"
WHERE "o"."AgvId" = @__agvId_0 AND ((("o"."State" = 'PENDING' OR ("o"."State" = 'ORDERING' AND EXISTS (
    SELECT 1
    FROM "OrderIntents" AS "o0"
    WHERE "o0"."MovementLegId" = "o"."NewMovementLegId" AND "o0"."CreateAttemptCount" = 0))) AND "o"."Source" IN ('FAULT_CLEARED_CARGO_ON_BOARD', 'ORDER_CANCELLED_IN_RIOT') AND EXISTS (
    SELECT 1
    FROM "JourneyDemands" AS "j"
    WHERE "j"."JourneyId" = "o"."JourneyId" AND "j"."RemovedAt" IS NULL AND "j"."Status" <> 'PENDING_LOAD' AND "j"."Status" <> 'UNLOADED' AND "j"."Status" <> 'TERMINATED')) OR ("o"."State" = 'AWAITING_CARGO_HANDOFF' AND EXISTS (
    SELECT 1
    FROM "JourneyRuntimes" AS "j0"
    WHERE "j0"."JourneyId" = "o"."JourneyId" AND "j0"."Stage" = 'Blocked'))) AND ("o"."CargoEvidenceRequestedGeneration" <> @__generation_1 OR "o"."CargoEvidenceRequestedGeneration" IS NULL OR NOT ("o"."CargoEvidenceRequestedWhileReady"))
[14:28:20 INF] Executed DbCommand (0ms) [Parameters=[], CommandType='Text', CommandTimeout='30']
SELECT "a"."AgvId"
FROM "AgvLifecycles" AS "a"
WHERE "a"."Archived"
[14:28:20 INF] Start processing HTTP request GET http://127.0.0.1:48408/api/order/v1/orderRecord?pageNum=1&pageSize=100&filterByState=1&filterByState=3&filterByState=7&filterByState=8&filterByState=9&filterByState=10
[14:28:20 INF] Sending HTTP request GET http://127.0.0.1:48408/api/order/v1/orderRecord?pageNum=1&pageSize=100&filterByState=1&filterByState=3&filterByState=7&filterByState=8&filterByState=9&filterByState=10
[14:28:20 INF] Received HTTP response headers after 0.5538ms - 200
[14:28:20 INF] End processing HTTP request after 1.187ms - 200
[14:28:20 INF] Executed DbCommand (0ms) [Parameters=[@__listedIds_0='?' (Size = 2)], CommandType='Text', CommandTimeout='30']
SELECT "f"."RiotOrderId", "f"."AgvId", "f"."CancelCallDisposition", "f"."CancelCommandAuditId", "f"."CancelDecidedAt", "f"."CancelResult", "f"."CancelResultAt", "f"."CancelSentAt", "f"."DetectedAt", "f"."DeviceKey", "f"."EndedAt", "f"."EndedOrderState", "f"."LastSeenRunningAt", "f"."OrderStateAtDetection", "f"."Ownership", "f"."OwnershipBasis", "f"."State", "f"."UpdatedAt", "f"."UpperId"
FROM "ForeignRiotOrders" AS "f"
WHERE "f"."State" <> 'ENDED' OR "f"."RiotOrderId" IN (
    SELECT "l"."value"
    FROM json_each(@__listedIds_0) AS "l"
)
[14:28:20 INF] Executed DbCommand (0ms) [Parameters=[], CommandType='Text', CommandTimeout='30']
SELECT "s"."MapId", "s"."StationId", "s"."ChargerRosterVersion", "s"."JourneyId", "s"."RecordId", "s"."State", "s"."StateSince", "s"."StationKind", "s"."VehicleKey", "s"."WaitingPointVersion"
FROM "StationExclusivities" AS "s"
WHERE "s"."StationKind" IN ('FIXED_TASK_STATION', 'WAITING_POINT')
[14:28:20 INF] Executed DbCommand (0ms) [Parameters=[@__mapId_0='?' (DbType = Int32)], CommandType='Text', CommandTimeout='30']
SELECT "t"."MapId", "t"."ActiveVersion", "t"."PendingVersion", "t"."State", "t"."UpdatedAt"
FROM "TaskTypeStationActiveBindingSets" AS "t"
WHERE "t"."MapId" = @__mapId_0
LIMIT 2
[14:28:20 INF] Executed DbCommand (0ms) [Parameters=[@__mapId_0='?' (DbType = Int32), @__version_1='?' (DbType = Int64)], CommandType='Text', CommandTimeout='30']
SELECT "t"."MapId", "t"."Version", "t"."CatalogRevision", "t"."ContentSha256", "t"."LoadedAt", "t"."RuleVersion", "t"."SnapshotId", "t"."Source"
FROM "TaskTypeStationBindingSetVersions" AS "t"
WHERE "t"."MapId" = @__mapId_0 AND "t"."Version" = @__version_1
LIMIT 2
[14:28:20 INF] Executed DbCommand (0ms) [Parameters=[@__mapId_0='?' (DbType = Int32), @__version_1='?' (DbType = Int64)], CommandType='Text', CommandTimeout='30']
SELECT "t"."TaskType"
FROM "TaskTypeStationRequirements" AS "t"
WHERE "t"."MapId" = @__mapId_0 AND "t"."Version" = @__version_1
[14:28:20 INF] Executed DbCommand (0ms) [Parameters=[@__mapId_0='?' (DbType = Int32), @__version_1='?' (DbType = Int64)], CommandType='Text', CommandTimeout='30']
SELECT "t"."MapId", "t"."Version", "t"."TaskType", "t"."SiteVerificationRef", "t"."StationName", "t"."StationRiotId"
FROM "TaskTypeStationBindings" AS "t"
WHERE "t"."MapId" = @__mapId_0 AND "t"."Version" = @__version_1
[14:28:20 INF] Executed DbCommand (0ms) [Parameters=[], CommandType='Text', CommandTimeout='30']
SELECT "j"."JourneyId", "j"."AgvId", "j"."AgvLifecycleGeneration", "j"."AreaEndAdmissionRevokedSince", "j"."BlockReasonCode", "j"."BlockReasonSince", "j"."CargoHoldingStartedAt", "j"."ChargingPolicyVersion", "j"."ConsumedSafetyResultMessageId", "j"."ConsumedSublotMessageId", "j"."CreatedAt", "j"."DemandId", "j"."DispatchGeneration", "j"."DispatchZone", "j"."ExpectedBasketCount", "j"."FullSlotPositionsJson", "j"."GateMovementLegId", "j"."GatePlanMessageId", "j"."GateStationId", "j"."GateStationRiotId", "j"."GateUpperId", "j"."GateVehicleBusinessMessageId", "j"."GateWorklistMessageId", "j"."LoadCommandMessageId", "j"."LoadSlotOperationAttemptId", "j"."LoadingClosedReason", "j"."LoadingPhaseState", "j"."MapId", "j"."MapIdentity", "j"."OperationSessionId", "j"."PickupMovementLegId", "j"."PickupStationId", "j"."PickupStationRiotId", "j"."PickupUpperId", "j"."PlanMessageId", "j"."PlanRevision", "j"."PreDepartureSafetyCheckId", "j"."PreDepartureSafetyCheckMessageId", "j"."PublishedBatteryState", "j"."RouteEvidenceId", "j"."Stage", "j"."StationDepartureWaitStartedAt", "j"."SublotRequestMessageId", "j"."TargetSlotsJson", "j"."UnloadCommandMessageId", "j"."UnloadSlotOperationAttemptId", "j"."UpdatedAt", "j"."VehicleBusinessMessageId", "j"."VehicleBusinessRevision", "j"."VehicleKey", "j"."Version", "j"."WaitingBatteryObservedAt", "j"."WaitingBatteryPercent", "j"."WaitingSince", "j"."WaitingWarnedAt", "j"."WorklistMessageId", "j"."WorklistRevision", "j"."YieldTriggeredAt", "j"."YieldTriggeredByVehicleKey"
FROM "JourneyRuntimes" AS "j"
WHERE "j"."Stage" NOT IN ('Completed', 'Blocked')
[14:28:20 INF] Executed DbCommand (0ms) [Parameters=[@__journey_JourneyId_0='?' (Size = 44)], CommandType='Text', CommandTimeout='30']
SELECT "j"."StopId", "j"."CreatedAt", "j"."DepartureSafetyCheckId", "j"."DepartureSafetyCheckMessageId", "j"."DispatchZone", "j"."JourneyId", "j"."MovementLegId", "j"."OperationSessionId", "j"."PlanMessageId", "j"."Sequence", "j"."StationId", "j"."StationRiotId", "j"."Status", "j"."StopRole", "j"."SublotRequestMessageId", "j"."UpperId", "j"."VehicleBusinessMessageId", "j"."WorklistMessageId", "j"."WorklistRefills"
FROM "JourneyStops" AS "j"
WHERE "j"."JourneyId" = @__journey_JourneyId_0
[14:28:20 INF] Start processing HTTP request GET http://127.0.0.1:48408/api/imap/v1/mapInfo/getALLMapInfoExcludeMapJson
[14:28:20 INF] Sending HTTP request GET http://127.0.0.1:48408/api/imap/v1/mapInfo/getALLMapInfoExcludeMapJson
[14:28:20 INF] Received HTTP response headers after 0.4349ms - 200
[14:28:20 INF] End processing HTTP request after 1.046ms - 200
[14:28:20 INF] Executed DbCommand (0ms) [Parameters=[@__mapId_0='?' (DbType = Int32)], CommandType='Text', CommandTimeout='30']
SELECT "m"."MapId", "m"."AcceptedAt", "m"."AcceptedBy", "m"."EstablishedAt", "m"."Name", "m"."PendingName", "m"."PendingSince"
FROM "MapNameBaselines" AS "m"
WHERE "m"."MapId" = @__mapId_0
LIMIT 2
[14:28:20 INF] Start processing HTTP request GET http://127.0.0.1:48408/api/imap/v1/mapInfo/stations/25
[14:28:20 INF] Sending HTTP request GET http://127.0.0.1:48408/api/imap/v1/mapInfo/stations/25
[14:28:20 INF] Received HTTP response headers after 0.4189ms - 200
[14:28:20 INF] End processing HTTP request after 1.0233ms - 200
[14:28:20 INF] Executed DbCommand (0ms) [Parameters=[@__mapId_0='?' (DbType = Int32)], CommandType='Text', CommandTimeout='30']
SELECT "t"."MapId", "t"."ActiveVersion", "t"."PendingVersion", "t"."State", "t"."UpdatedAt"
FROM "TaskTypeStationActiveBindingSets" AS "t"
WHERE "t"."MapId" = @__mapId_0
LIMIT 2
[14:28:20 INF] Executed DbCommand (0ms) [Parameters=[@__mapId_0='?' (DbType = Int32), @__version_1='?' (DbType = Int64)], CommandType='Text', CommandTimeout='30']
SELECT "t"."MapId", "t"."Version", "t"."CatalogRevision", "t"."ContentSha256", "t"."LoadedAt", "t"."RuleVersion", "t"."SnapshotId", "t"."Source"
FROM "TaskTypeStationBindingSetVersions" AS "t"
WHERE "t"."MapId" = @__mapId_0 AND "t"."Version" = @__version_1
LIMIT 2
[14:28:20 INF] Executed DbCommand (0ms) [Parameters=[@__mapId_0='?' (DbType = Int32), @__version_1='?' (DbType = Int64)], CommandType='Text', CommandTimeout='30']
SELECT "t"."TaskType"
FROM "TaskTypeStationRequirements" AS "t"
WHERE "t"."MapId" = @__mapId_0 AND "t"."Version" = @__version_1
[14:28:20 INF] Executed DbCommand (0ms) [Parameters=[@__mapId_0='?' (DbType = Int32), @__version_1='?' (DbType = Int64)], CommandType='Text', CommandTimeout='30']
SELECT "t"."MapId", "t"."Version", "t"."TaskType", "t"."SiteVerificationRef", "t"."StationName", "t"."StationRiotId"
FROM "TaskTypeStationBindings" AS "t"
WHERE "t"."MapId" = @__mapId_0 AND "t"."Version" = @__version_1
[14:28:20 INF] Executed DbCommand (0ms) [Parameters=[@__version_0='?' (DbType = Int64)], CommandType='Text', CommandTimeout='30']
SELECT "t"."Version", "t"."ContentSha256", "t"."LoadedAt", "t"."SnapshotId", "t"."Source"
FROM "TaskTypeStationRuleVersions" AS "t"
WHERE "t"."Version" = @__version_0
LIMIT 2
[14:28:20 INF] Executed DbCommand (0ms) [Parameters=[@__version_0='?' (DbType = Int64)], CommandType='Text', CommandTimeout='30']
SELECT "t"."Version", "t"."TaskType", "t"."FixedEnd"
FROM "TaskTypeStationRules" AS "t"
WHERE "t"."Version" = @__version_0
[14:28:20 INF] Executed DbCommand (0ms) [Parameters=[@__mapId_0='?' (DbType = Int32)], CommandType='Text', CommandTimeout='30']
SELECT "t"."MapId", "t"."ActiveVersion", "t"."PendingVersion", "t"."State", "t"."UpdatedAt"
FROM "TaskTypeStationActiveBindingSets" AS "t"
WHERE "t"."MapId" = @__mapId_0
LIMIT 2
[14:28:20 INF] Executed DbCommand (0ms) [Parameters=[@__mapId_0='?' (DbType = Int32)], CommandType='Text', CommandTimeout='30']
SELECT "t"."HoldId", "t"."DetailJson", "t"."MapId", "t"."RaisedAt", "t"."RaisedBy", "t"."ReasonCode", "t"."ReleasedAt", "t"."ReleasedBy", "t"."Source", "t"."TaskType"
FROM "TaskTypeStationHolds" AS "t"
WHERE "t"."MapId" = @__mapId_0 AND "t"."ReleasedAt" IS NULL
[14:28:20 INF] Executed DbCommand (0ms) [Parameters=[@__mapId_0='?' (DbType = Int32)], CommandType='Text', CommandTimeout='30']
SELECT "m"."MapId", "m"."ApprovedMaxUnconfirmedSeconds", "m"."ApprovedSyncPeriodSeconds", "m"."CatalogRevision", "m"."LastAttemptAt", "m"."LastCompleteConfirmationAt", "m"."LastFailureReason", "m"."State", "m"."UpdatedAt"
FROM "MapStationCatalogStates" AS "m"
WHERE "m"."MapId" = @__mapId_0
LIMIT 2
[14:28:20 INF] Executed DbCommand (0ms) [Parameters=[@p3='?' (DbType = Int32), @p0='?' (DbType = DateTimeOffset), @p1='?' (DbType = DateTimeOffset), @p2='?' (DbType = DateTimeOffset)], CommandType='Text', CommandTimeout='30']
UPDATE "MapStationCatalogStates" SET "LastAttemptAt" = @p0, "LastCompleteConfirmationAt" = @p1, "UpdatedAt" = @p2
WHERE "MapId" = @p3
RETURNING 1;
[14:28:20 INF] Executed DbCommand (0ms) [Parameters=[@__mapId_0='?' (DbType = Int32)], CommandType='Text', CommandTimeout='30']
SELECT "t"."MapId", "t"."ActiveVersion", "t"."PendingVersion", "t"."State", "t"."UpdatedAt"
FROM "TaskTypeStationActiveBindingSets" AS "t"
WHERE "t"."MapId" = @__mapId_0
LIMIT 2
[14:28:20 INF] Executed DbCommand (0ms) [Parameters=[@__mapId_0='?' (DbType = Int32), @__version_1='?' (DbType = Int64)], CommandType='Text', CommandTimeout='30']
SELECT "t"."MapId", "t"."Version", "t"."CatalogRevision", "t"."ContentSha256", "t"."LoadedAt", "t"."RuleVersion", "t"."SnapshotId", "t"."Source"
FROM "TaskTypeStationBindingSetVersions" AS "t"
WHERE "t"."MapId" = @__mapId_0 AND "t"."Version" = @__version_1
LIMIT 2
[14:28:20 INF] Executed DbCommand (0ms) [Parameters=[@__mapId_0='?' (DbType = Int32), @__version_1='?' (DbType = Int64)], CommandType='Text', CommandTimeout='30']
SELECT "t"."TaskType"
FROM "TaskTypeStationRequirements" AS "t"
WHERE "t"."MapId" = @__mapId_0 AND "t"."Version" = @__version_1
[14:28:20 INF] Executed DbCommand (0ms) [Parameters=[@__mapId_0='?' (DbType = Int32), @__version_1='?' (DbType = Int64)], CommandType='Text', CommandTimeout='30']
SELECT "t"."MapId", "t"."Version", "t"."TaskType", "t"."SiteVerificationRef", "t"."StationName", "t"."StationRiotId"
FROM "TaskTypeStationBindings" AS "t"
WHERE "t"."MapId" = @__mapId_0 AND "t"."Version" = @__version_1
[14:28:20 INF] Executed DbCommand (0ms) [Parameters=[@__mapId_0='?' (DbType = Int32)], CommandType='Text', CommandTimeout='30']
SELECT "t"."MapId", "t"."ActiveVersion", "t"."PendingVersion", "t"."State", "t"."UpdatedAt"
FROM "TaskTypeStationActiveBindingSets" AS "t"
WHERE "t"."MapId" = @__mapId_0
LIMIT 2
[14:28:20 INF] Executed DbCommand (0ms) [Parameters=[@__mapId_0='?' (DbType = Int32), @__version_1='?' (DbType = Int64)], CommandType='Text', CommandTimeout='30']
SELECT "t"."MapId", "t"."Version", "t"."CatalogRevision", "t"."ContentSha256", "t"."LoadedAt", "t"."RuleVersion", "t"."SnapshotId", "t"."Source"
FROM "TaskTypeStationBindingSetVersions" AS "t"
WHERE "t"."MapId" = @__mapId_0 AND "t"."Version" = @__version_1
LIMIT 2
[14:28:20 INF] Executed DbCommand (0ms) [Parameters=[@__mapId_0='?' (DbType = Int32), @__version_1='?' (DbType = Int64)], CommandType='Text', CommandTimeout='30']
SELECT "t"."TaskType"
FROM "TaskTypeStationRequirements" AS "t"
WHERE "t"."MapId" = @__mapId_0 AND "t"."Version" = @__version_1
[14:28:20 INF] Executed DbCommand (0ms) [Parameters=[@__mapId_0='?' (DbType = Int32), @__version_1='?' (DbType = Int64)], CommandType='Text', CommandTimeout='30']
SELECT "t"."MapId", "t"."Version", "t"."TaskType", "t"."SiteVerificationRef", "t"."StationName", "t"."StationRiotId"
FROM "TaskTypeStationBindings" AS "t"
WHERE "t"."MapId" = @__mapId_0 AND "t"."Version" = @__version_1
[14:28:20 INF] Executed DbCommand (0ms) [Parameters=[@__version_0='?' (DbType = Int64)], CommandType='Text', CommandTimeout='30']
SELECT "t"."Version", "t"."ContentSha256", "t"."LoadedAt", "t"."SnapshotId", "t"."Source"
FROM "TaskTypeStationRuleVersions" AS "t"
WHERE "t"."Version" = @__version_0
LIMIT 2
[14:28:20 INF] Executed DbCommand (0ms) [Parameters=[@__version_0='?' (DbType = Int64)], CommandType='Text', CommandTimeout='30']
SELECT "t"."Version", "t"."TaskType", "t"."FixedEnd"
FROM "TaskTypeStationRules" AS "t"
WHERE "t"."Version" = @__version_0
[14:28:20 INF] Executed DbCommand (0ms) [Parameters=[], CommandType='Text', CommandTimeout='30']
SELECT "a"."Id", "a"."ContentHash", "a"."DeploymentId", "a"."ImportedAt", "a"."Version"
FROM "AdmissionPolicyState" AS "a"
WHERE "a"."Id" = 1
LIMIT 2
[14:28:20 INF] Executed DbCommand (0ms) [Parameters=[], CommandType='Text', CommandTimeout='30']
SELECT "v"."VehicleKey", "v"."ClaimedAt", "v"."JourneyId", "v"."Purpose"
FROM "VehiclePurposeClaims" AS "v"
WHERE "v"."Purpose" = 'IDLE_RETURN'
[14:28:20 INF] Executed DbCommand (0ms) [Parameters=[], CommandType='Text', CommandTimeout='30']
SELECT "j"."JourneyId", "j"."AgvId", "j"."AgvLifecycleGeneration", "j"."AreaEndAdmissionRevokedSince", "j"."BlockReasonCode", "j"."BlockReasonSince", "j"."CargoHoldingStartedAt", "j"."ChargingPolicyVersion", "j"."ConsumedSafetyResultMessageId", "j"."ConsumedSublotMessageId", "j"."CreatedAt", "j"."DemandId", "j"."DispatchGeneration", "j"."DispatchZone", "j"."ExpectedBasketCount", "j"."FullSlotPositionsJson", "j"."GateMovementLegId", "j"."GatePlanMessageId", "j"."GateStationId", "j"."GateStationRiotId", "j"."GateUpperId", "j"."GateVehicleBusinessMessageId", "j"."GateWorklistMessageId", "j"."LoadCommandMessageId", "j"."LoadSlotOperationAttemptId", "j"."LoadingClosedReason", "j"."LoadingPhaseState", "j"."MapId", "j"."MapIdentity", "j"."OperationSessionId", "j"."PickupMovementLegId", "j"."PickupStationId", "j"."PickupStationRiotId", "j"."PickupUpperId", "j"."PlanMessageId", "j"."PlanRevision", "j"."PreDepartureSafetyCheckId", "j"."PreDepartureSafetyCheckMessageId", "j"."PublishedBatteryState", "j"."RouteEvidenceId", "j"."Stage", "j"."StationDepartureWaitStartedAt", "j"."SublotRequestMessageId", "j"."TargetSlotsJson", "j"."UnloadCommandMessageId", "j"."UnloadSlotOperationAttemptId", "j"."UpdatedAt", "j"."VehicleBusinessMessageId", "j"."VehicleBusinessRevision", "j"."VehicleKey", "j"."Version", "j"."WaitingBatteryObservedAt", "j"."WaitingBatteryPercent", "j"."WaitingSince", "j"."WaitingWarnedAt", "j"."WorklistMessageId", "j"."WorklistRevision", "j"."YieldTriggeredAt", "j"."YieldTriggeredByVehicleKey"
FROM "JourneyRuntimes" AS "j"
WHERE "j"."Stage" <> 'Completed'
[14:28:20 INF] Executed DbCommand (0ms) [Parameters=[@__agvId_0='?' (Size = 10)], CommandType='Text', CommandTimeout='30']
SELECT "s"."AgvId", "s"."ActiveUnlockSlotsJson", "s"."CapabilityHash", "s"."CapabilityRevision", "s"."DepartureSafe", "s"."ForcedRecoveryGeneration", "s"."ManifestSha256", "s"."PendingAttemptIdsJson", "s"."PendingResultIdsJson", "s"."ProfileId", "s"."ProtocolCommit", "s"."ProtocolVersion", "s"."ProvenRecoveryCheckpoint", "s"."Readiness", "s"."ReasonCode", "s"."RecoveryReportId", "s"."ReportedForcedRecoveryGeneration", "s"."ReportedSlotConfigurationFingerprint", "s"."SafetyHash", "s"."SafetyReasonCodesJson", "s"."SafetyRevision", "s"."SafetyUnknownPresent", "s"."SessionGeneration", "s"."UnsettledSlotOperationAttemptId", "s"."UpdatedAt"
FROM "SessionRecoveries" AS "s"
WHERE "s"."AgvId" = @__agvId_0 AND "s"."Readiness" = 'Ready'
LIMIT 2
[14:28:20 INF] Executed DbCommand (0ms) [Parameters=[@__runtime_JourneyId_0='?' (Size = 44)], CommandType='Text', CommandTimeout='30']
SELECT "j"."StopId", "j"."CreatedAt", "j"."DepartureSafetyCheckId", "j"."DepartureSafetyCheckMessageId", "j"."DispatchZone", "j"."JourneyId", "j"."MovementLegId", "j"."OperationSessionId", "j"."PlanMessageId", "j"."Sequence", "j"."StationId", "j"."StationRiotId", "j"."Status", "j"."StopRole", "j"."SublotRequestMessageId", "j"."UpperId", "j"."VehicleBusinessMessageId", "j"."WorklistMessageId", "j"."WorklistRefills"
FROM "JourneyStops" AS "j"
WHERE "j"."JourneyId" = @__runtime_JourneyId_0
ORDER BY "j"."Sequence"
[14:28:20 INF] Executed DbCommand (0ms) [Parameters=[@__runtime_JourneyId_0='?' (Size = 44)], CommandType='Text', CommandTimeout='30']
SELECT "j"."JourneyId", "j"."DemandId", "j"."AddedAt", "j"."DispatchGeneration", "j"."DispatchZone", "j"."DispatchZoneParameterVersion", "j"."ExpectedBasketCount", "j"."LoadCommandMessageId", "j"."LoadSlotOperationAttemptId", "j"."LoadedSlotsJson", "j"."PickupStopId", "j"."RemovalReason", "j"."RemovedAt", "j"."Status", "j"."TargetSlotsJson", "j"."UnloadCommandMessageId", "j"."UnloadSlotOperationAttemptId", "j"."UnloadStopId", "a"."DemandId", "a"."AcceptedAt", "a"."CatalogRevision", "a"."CreatedAt", "a"."DemandRevision", "a"."Generation", "a"."HistoryEpoch", "a"."LiveMesFieldsJson", "a"."SeriesId", "a"."Status", "a"."Sublot", "a"."TransportDemandKey", "a"."ValueObservedAt", "a"."ValuePollTraceId", "a"."ValueProjectionCommitId", "a"."WorkType"
FROM "JourneyDemands" AS "j"
INNER JOIN "AcceptedDemands" AS "a" ON "j"."DemandId" = "a"."DemandId"
WHERE "j"."JourneyId" = @__runtime_JourneyId_0
[14:28:20 INF] Executed DbCommand (0ms) [Parameters=[], CommandType='Text', CommandTimeout='30']
SELECT "p"."MessageId", "p"."ContentHash", "p"."FirstResponseJson", "p"."MessageType", "p"."ReceivedAt", "p"."RequestJson"
FROM "ProtocolInbox" AS "p"
[14:28:20 INF] Executed DbCommand (0ms) [Parameters=[], CommandType='Text', CommandTimeout='30']
SELECT "p"."MessageId", "p"."AcknowledgedAt", "p"."CreatedAt", "p"."FencedAt", "p"."MessageType", "p"."PayloadJson"
FROM "ProtocolOutbox" AS "p"
WHERE "p"."AcknowledgedAt" IS NULL AND "p"."FencedAt" IS NULL
[14:28:20 INF] Executed DbCommand (0ms) [Parameters=[], CommandType='Text', CommandTimeout='30']
SELECT MAX("d"."Version")
FROM "DispatchZoneParameterVersions" AS "d"
[14:28:20 INF] Executed DbCommand (0ms) [Parameters=[@__runtime_AgvId_0='?' (Size = 10)], CommandType='Text', CommandTimeout='30']
SELECT EXISTS (
    SELECT 1
    FROM "VehicleFaultStates" AS "v"
    WHERE "v"."AgvId" = @__runtime_AgvId_0 AND "v"."Level" <> 'None' AND "v"."EvidenceCode" = 'VEHICLE_DOOR_NOT_PROVEN_LOCKED')
[14:28:20 INF] Executed DbCommand (0ms) [Parameters=[@__stop_StopId_0='?' (Size = 51), @__stop_UpperId_1='?' (Size = 49)], CommandType='Text', CommandTimeout='30']
SELECT "o"."RebuildId", "o"."AgvId", "o"."CargoEvidenceMessageId", "o"."CargoEvidenceNotBefore", "o"."CargoEvidenceRequestedAt", "o"."CargoEvidenceRequestedGeneration", "o"."CargoEvidenceRequestedWhileReady", "o"."CargoProvenAt", "o"."DemandId", "o"."DueAt", "o"."EndedOrderId", "o"."EndedOrderState", "o"."EndedUpperId", "o"."IncidentAt", "o"."JourneyId", "o"."NewMovementLegId", "o"."NewUpperId", "o"."OperatorId", "o"."RebuiltAt", "o"."RecordedAt", "o"."Source", "o"."State", "o"."StopId", "o"."StoppedAt", "o"."StoppedReason", "o"."VehicleHeldAt", "o"."VehicleKey", "o"."WaitingReason", "o"."WaitingSince"
FROM "OwnOrderRebuilds" AS "o"
WHERE "o"."StopId" = @__stop_StopId_0 AND (("o"."EndedUpperId" = @__stop_UpperId_1 AND "o"."State" = 'PENDING') OR ("o"."NewUpperId" = @__stop_UpperId_1 AND "o"."State" IN ('ORDERING', 'FAILED')) OR ("o"."State" = 'STOPPED' AND ("o"."EndedUpperId" = @__stop_UpperId_1 OR "o"."NewUpperId" = @__stop_UpperId_1)))
LIMIT 2
[14:28:20 INF] Executed DbCommand (0ms) [Parameters=[@__upperId_0='?' (Size = 49)], CommandType='Text', CommandTimeout='30']
SELECT "o"."MovementLegId", "o"."AgvLifecycleGeneration", "o"."CreateAttemptCount", "o"."CreateAttemptId", "o"."CreateDispatchArmedAt", "o"."CreatedAt", "o"."DemandId", "o"."DestinationStationId", "o"."DispatchAuditSequence", "o"."DispatchAuditVersion", "o"."DispatchGeneration", "o"."ExperimentalCreateAuthorizationId", "o"."LastCreateOutcome", "o"."LastCreateOutcomeAt", "o"."LastCreateReceiptJson", "o"."LastReconciliationOutcome", "o"."LastReconciliationOutcomeAt", "o"."LastReconciliationReceiptJson", "o"."MapId", "o"."OrderId", "o"."OrderShape", "o"."Purpose", "o"."Status", "o"."TargetStationId", "o"."UpperId", "o"."VehicleKey"
FROM "OrderIntents" AS "o"
WHERE "o"."UpperId" = @__upperId_0
LIMIT 2
[14:28:20 INF] Executed DbCommand (0ms) [Parameters=[@__messageId_0='?' (Size = 36)], CommandType='Text', CommandTimeout='30']
SELECT EXISTS (
    SELECT 1
    FROM "ProtocolOutbox" AS "p"
    WHERE "p"."MessageId" = @__messageId_0)
[14:28:20 INF] Executed DbCommand (0ms) [Parameters=[@__stop_MovementLegId_0='?' (Size = 36)], CommandType='Text', CommandTimeout='30']
SELECT "o"."MovementLegId", "o"."AgvLifecycleGeneration", "o"."CreateAttemptCount", "o"."CreateAttemptId", "o"."CreateDispatchArmedAt", "o"."CreatedAt", "o"."DemandId", "o"."DestinationStationId", "o"."DispatchAuditSequence", "o"."DispatchAuditVersion", "o"."DispatchGeneration", "o"."ExperimentalCreateAuthorizationId", "o"."LastCreateOutcome", "o"."LastCreateOutcomeAt", "o"."LastCreateReceiptJson", "o"."LastReconciliationOutcome", "o"."LastReconciliationOutcomeAt", "o"."LastReconciliationReceiptJson", "o"."MapId", "o"."OrderId", "o"."OrderShape", "o"."Purpose", "o"."Status", "o"."TargetStationId", "o"."UpperId", "o"."VehicleKey"
FROM "OrderIntents" AS "o"
WHERE "o"."MovementLegId" = @__stop_MovementLegId_0
LIMIT 2
[14:28:20 INF] Start processing HTTP request GET http://127.0.0.1:48408/api/order/v1/orderRecord/detailByUpperId/W2G-31f958b5-94d3-48a9-b641-8fcaf87c51d8-PICKUP-1
[14:28:20 INF] Sending HTTP request GET http://127.0.0.1:48408/api/order/v1/orderRecord/detailByUpperId/W2G-31f958b5-94d3-48a9-b641-8fcaf87c51d8-PICKUP-1
[14:28:20 INF] Received HTTP response headers after 0.8001ms - 200
[14:28:20 INF] End processing HTTP request after 1.3854ms - 200
[14:28:20 INF] Start processing HTTP request GET http://127.0.0.1:48408/api/task/vehicles/getVehicleInfoByDeviceKey?key=BROKERX-L2-0001
[14:28:20 INF] Sending HTTP request GET http://127.0.0.1:48408/api/task/vehicles/getVehicleInfoByDeviceKey?key=BROKERX-L2-0001
[14:28:20 INF] Received HTTP response headers after 0.3991ms - 200
[14:28:20 INF] End processing HTTP request after 1.0853ms - 200
[14:28:20 INF] Executed DbCommand (0ms) [Parameters=[@__agvId_0='?' (Size = 10)], CommandType='Text', CommandTimeout='30']
SELECT "s"."AgvId", "s"."ActiveUnlockSlotsJson", "s"."CapabilityHash", "s"."CapabilityRevision", "s"."DepartureSafe", "s"."ForcedRecoveryGeneration", "s"."ManifestSha256", "s"."PendingAttemptIdsJson", "s"."PendingResultIdsJson", "s"."ProfileId", "s"."ProtocolCommit", "s"."ProtocolVersion", "s"."ProvenRecoveryCheckpoint", "s"."Readiness", "s"."ReasonCode", "s"."RecoveryReportId", "s"."ReportedForcedRecoveryGeneration", "s"."ReportedSlotConfigurationFingerprint", "s"."SafetyHash", "s"."SafetyReasonCodesJson", "s"."SafetyRevision", "s"."SafetyUnknownPresent", "s"."SessionGeneration", "s"."UnsettledSlotOperationAttemptId", "s"."UpdatedAt"
FROM "SessionRecoveries" AS "s"
WHERE "s"."AgvId" = @__agvId_0 AND "s"."Readiness" = 'Ready'
LIMIT 2
[14:28:20 INF] Executed DbCommand (0ms) [Parameters=[@__messageType_0='?' (Size = 18)], CommandType='Text', CommandTimeout='30']
SELECT "p"."MessageId", "p"."ContentHash", "p"."FirstResponseJson", "p"."MessageType", "p"."ReceivedAt", "p"."RequestJson"
FROM "ProtocolInbox" AS "p"
WHERE "p"."MessageType" = @__messageType_0
[14:28:20 INF] Executed DbCommand (0ms) [Parameters=[], CommandType='Text', CommandTimeout='30']
SELECT "p"."MessageId", "p"."ContentHash", "p"."FirstResponseJson", "p"."MessageType", "p"."ReceivedAt", "p"."RequestJson"
FROM "ProtocolInbox" AS "p"
WHERE "p"."MessageType" = 'SafetyStateSnapshot'
[14:28:20 INF] Executed DbCommand (0ms) [Parameters=[], CommandType='Text', CommandTimeout='30']
SELECT "p"."MessageId", "p"."ContentHash", "p"."FirstResponseJson", "p"."MessageType", "p"."ReceivedAt", "p"."RequestJson"
FROM "ProtocolInbox" AS "p"
WHERE "p"."MessageType" IN ('SafetyStateSnapshot', 'SafetyStateChanged')
[14:28:20 INF] Executed DbCommand (0ms) [Parameters=[], CommandType='Text', CommandTimeout='30']
SELECT "p"."MessageId", "p"."ContentHash", "p"."FirstResponseJson", "p"."MessageType", "p"."ReceivedAt", "p"."RequestJson"
FROM "ProtocolInbox" AS "p"
[14:28:20 INF] Executed DbCommand (0ms) [Parameters=[@__stop_VehicleBusinessMessageId_0='?' (Size = 36)], CommandType='Text', CommandTimeout='30']
SELECT "p"."PayloadJson"
FROM "ProtocolOutbox" AS "p"
WHERE "p"."MessageId" = @__stop_VehicleBusinessMessageId_0
LIMIT 2
[14:28:20 INF] Executed DbCommand (0ms) [Parameters=[@__messageId_0='?' (Size = 36)], CommandType='Text', CommandTimeout='30']
SELECT "p"."MessageId", "p"."AcknowledgedAt", "p"."CreatedAt", "p"."FencedAt", "p"."MessageType", "p"."PayloadJson"
FROM "ProtocolOutbox" AS "p"
WHERE "p"."MessageId" = @__messageId_0 AND "p"."AcknowledgedAt" IS NULL AND "p"."FencedAt" IS NULL
LIMIT 2
[14:28:20 INF] Executed DbCommand (0ms) [Parameters=[@__stop_VehicleBusinessMessageId_0='?' (Size = 36)], CommandType='Text', CommandTimeout='30']
SELECT "p"."PayloadJson"
FROM "ProtocolOutbox" AS "p"
WHERE "p"."MessageId" = @__stop_VehicleBusinessMessageId_0
LIMIT 2
[14:28:20 INF] Executed DbCommand (0ms) [Parameters=[@__version_0='?' (DbType = Int64)], CommandType='Text', CommandTimeout='30']
SELECT "c"."Version", "c"."ChangeNote", "c"."ChargingCompletionThresholdPercent", "c"."ContentSha256", "c"."EstimatedTaskConsumptionPercent", "c"."MandatoryChargeEntryThresholdPercent", "c"."MinimumPostTaskBatteryMarginPercent", "c"."ProgressMinimumIncreasePercent", "c"."ProgressObservationWindowSeconds", "c"."ProgressStabilizationSeconds", "c"."SnapshotId", "c"."WrittenAt"
FROM "ChargingPolicyVersions" AS "c"
WHERE "c"."Version" = @__version_0
LIMIT 2
[14:28:20 INF] Executed DbCommand (0ms) [Parameters=[@__version_0='?' (DbType = Int64)], CommandType='Text', CommandTimeout='30']
SELECT "c"."VehicleKey"
FROM "ChargingPolicyVehicleScopes" AS "c"
WHERE "c"."Version" = @__version_0
[14:28:20 INF] Executed DbCommand (0ms) [Parameters=[@__agvId_0='?' (Size = 10)], CommandType='Text', CommandTimeout='30']
SELECT "s"."HoldId", "s"."AgvId", "s"."DemandId", "s"."HeldAt", "s"."ReleasedAt", "s"."ReleasedByActionId", "s"."SlotsJson"
FROM "SlotDoorHolds" AS "s"
WHERE "s"."AgvId" = @__agvId_0
[14:28:20 INF] Executed DbCommand (0ms) [Parameters=[@__agvId_0='?' (Size = 10)], CommandType='Text', CommandTimeout='30']
SELECT "v"."AgvId", "v"."PlanRevision", "v"."VehicleBusinessRevision", "v"."WorklistRevision"
FROM "VehicleSnapshotRevisions" AS "v"
WHERE "v"."AgvId" = @__agvId_0
LIMIT 2
[14:28:20 INF] Executed DbCommand (0ms) [Parameters=[@__messageId_0='?' (Size = 36)], CommandType='Text', CommandTimeout='30']
SELECT "p"."MessageId", "p"."AcknowledgedAt", "p"."CreatedAt", "p"."FencedAt", "p"."MessageType", "p"."PayloadJson"
FROM "ProtocolOutbox" AS "p"
WHERE "p"."MessageId" = @__messageId_0
LIMIT 2
[14:28:20 INF] Executed DbCommand (0ms) [Parameters=[@__messageId_0='?' (Size = 36)], CommandType='Text', CommandTimeout='30']
SELECT "p"."MessageId", "p"."AcknowledgedAt", "p"."CreatedAt", "p"."FencedAt", "p"."MessageType", "p"."PayloadJson"
FROM "ProtocolOutbox" AS "p"
WHERE "p"."MessageId" = @__messageId_0
LIMIT 2
[14:28:20 INF] Executed DbCommand (0ms) [Parameters=[@p1='?' (Size = 44), @p0='?' (DbType = Int64), @p2='?' (DbType = Int64)], CommandType='Text', CommandTimeout='30']
UPDATE "JourneyRuntimes" SET "Version" = @p0
WHERE "JourneyId" = @p1 AND "Version" = @p2
RETURNING 1;
[14:28:20 INF] Executed DbCommand (0ms) [Parameters=[@p0='?' (Size = 36), @p1='?' (DbType = DateTimeOffset), @p2='?' (DbType = DateTimeOffset), @p3='?' (DbType = DateTimeOffset), @p4='?' (Size = 28), @p5='?' (Size = 731)], CommandType='Text', CommandTimeout='30']
INSERT INTO "ProtocolOutbox" ("MessageId", "AcknowledgedAt", "CreatedAt", "FencedAt", "MessageType", "PayloadJson")
VALUES (@p0, @p1, @p2, @p3, @p4, @p5);
[14:28:20 INF] Executed DbCommand (0ms) [Parameters=[@__messageId_0='?' (Size = 36)], CommandType='Text', CommandTimeout='30']
SELECT "p"."PayloadJson"
FROM "ProtocolOutbox" AS "p"
WHERE "p"."MessageId" = @__messageId_0
LIMIT 2
[14:28:20 INF] Executed DbCommand (0ms) [Parameters=[@__agvId_0='?' (Size = 10)], CommandType='Text', CommandTimeout='30']
SELECT "v"."AgvId", "v"."PlanRevision", "v"."VehicleBusinessRevision", "v"."WorklistRevision"
FROM "VehicleSnapshotRevisions" AS "v"
WHERE "v"."AgvId" = @__agvId_0
LIMIT 2
[14:28:20 INF] Executed DbCommand (0ms) [Parameters=[@__messageId_0='?' (Size = 36)], CommandType='Text', CommandTimeout='30']
SELECT "p"."MessageId", "p"."AcknowledgedAt", "p"."CreatedAt", "p"."FencedAt", "p"."MessageType", "p"."PayloadJson"
FROM "ProtocolOutbox" AS "p"
WHERE "p"."MessageId" = @__messageId_0
LIMIT 2
[14:28:20 INF] Executed DbCommand (0ms) [Parameters=[@__messageId_0='?' (Size = 36)], CommandType='Text', CommandTimeout='30']
SELECT "p"."MessageId", "p"."ContentHash", "p"."FirstResponseJson", "p"."MessageType", "p"."ReceivedAt", "p"."RequestJson"
FROM "ProtocolInbox" AS "p"
WHERE "p"."MessageId" = @__messageId_0
LIMIT 2
[14:28:20 INF] Executed DbCommand (0ms) [Parameters=[@__messageId_0='?' (Size = 36)], CommandType='Text', CommandTimeout='30']
SELECT "p"."MessageId", "p"."AcknowledgedAt", "p"."CreatedAt", "p"."FencedAt", "p"."MessageType", "p"."PayloadJson"
FROM "ProtocolOutbox" AS "p"
WHERE "p"."MessageId" = @__messageId_0
LIMIT 2
[14:28:20 INF] Executed DbCommand (0ms) [Parameters=[@__messageId_0='?' (Size = 36)], CommandType='Text', CommandTimeout='30']
SELECT "p"."MessageId", "p"."AcknowledgedAt", "p"."CreatedAt", "p"."FencedAt", "p"."MessageType", "p"."PayloadJson"
FROM "ProtocolOutbox" AS "p"
WHERE "p"."MessageId" = @__messageId_0
LIMIT 2
[14:28:20 INF] Executed DbCommand (0ms) [Parameters=[@p1='?' (Size = 36), @p0='?' (DbType = DateTimeOffset)], CommandType='Text', CommandTimeout='30']
UPDATE "ProtocolOutbox" SET "AcknowledgedAt" = @p0
WHERE "MessageId" = @p1
RETURNING 1;
[14:28:20 INF] Executed DbCommand (0ms) [Parameters=[@p0='?' (Size = 36), @p1='?' (Size = 64), @p2='?', @p3='?' (Size = 18), @p4='?' (DbType = DateTimeOffset), @p5='?' (Size = 634)], CommandType='Text', CommandTimeout='30']
INSERT INTO "ProtocolInbox" ("MessageId", "ContentHash", "FirstResponseJson", "MessageType", "ReceivedAt", "RequestJson")
VALUES (@p0, @p1, @p2, @p3, @p4, @p5);
[14:28:20 INF] Executed DbCommand (0ms) [Parameters=[@__agvId_0='?' (Size = 10), @__generation_1='?' (DbType = Int64)], CommandType='Text', CommandTimeout='30']
SELECT "o"."RebuildId"
FROM "OwnOrderRebuilds" AS "o"
WHERE "o"."AgvId" = @__agvId_0 AND ((("o"."State" = 'PENDING' OR ("o"."State" = 'ORDERING' AND EXISTS (
    SELECT 1
    FROM "OrderIntents" AS "o0"
    WHERE "o0"."MovementLegId" = "o"."NewMovementLegId" AND "o0"."CreateAttemptCount" = 0))) AND "o"."Source" IN ('FAULT_CLEARED_CARGO_ON_BOARD', 'ORDER_CANCELLED_IN_RIOT') AND EXISTS (
    SELECT 1
    FROM "JourneyDemands" AS "j"
    WHERE "j"."JourneyId" = "o"."JourneyId" AND "j"."RemovedAt" IS NULL AND "j"."Status" <> 'PENDING_LOAD' AND "j"."Status" <> 'UNLOADED' AND "j"."Status" <> 'TERMINATED')) OR ("o"."State" = 'AWAITING_CARGO_HANDOFF' AND EXISTS (
    SELECT 1
    FROM "JourneyRuntimes" AS "j0"
    WHERE "j0"."JourneyId" = "o"."JourneyId" AND "j0"."Stage" = 'Blocked'))) AND ("o"."CargoEvidenceRequestedGeneration" <> @__generation_1 OR "o"."CargoEvidenceRequestedGeneration" IS NULL OR NOT ("o"."CargoEvidenceRequestedWhileReady"))
[14:28:20 INF] Executed DbCommand (0ms) [Parameters=[@p2='?' (Size = 44), @p0='?' (DbType = DateTimeOffset), @p1='?' (DbType = Int64), @p3='?' (DbType = Int64)], CommandType='Text', CommandTimeout='30']
UPDATE "JourneyRuntimes" SET "StationDepartureWaitStartedAt" = @p0, "Version" = @p1
WHERE "JourneyId" = @p2 AND "Version" = @p3
RETURNING 1;
[14:28:20 INF] Executed DbCommand (0ms) [Parameters=[@p0='?' (Size = 36), @p1='?' (DbType = DateTimeOffset), @p2='?' (DbType = DateTimeOffset), @p3='?' (DbType = DateTimeOffset), @p4='?' (Size = 27), @p5='?' (Size = 829)], CommandType='Text', CommandTimeout='30']
INSERT INTO "ProtocolOutbox" ("MessageId", "AcknowledgedAt", "CreatedAt", "FencedAt", "MessageType", "PayloadJson")
VALUES (@p0, @p1, @p2, @p3, @p4, @p5);
[14:28:20 INF] Executed DbCommand (0ms) [Parameters=[@__messageId_0='?' (Size = 36)], CommandType='Text', CommandTimeout='30']
SELECT "p"."MessageId", "p"."AcknowledgedAt", "p"."CreatedAt", "p"."FencedAt", "p"."MessageType", "p"."PayloadJson"
FROM "ProtocolOutbox" AS "p"
WHERE "p"."MessageId" = @__messageId_0 AND "p"."AcknowledgedAt" IS NULL AND "p"."FencedAt" IS NULL
LIMIT 2
[14:28:20 INF] Executed DbCommand (0ms) [Parameters=[@__messageId_0='?' (Size = 36)], CommandType='Text', CommandTimeout='30']
SELECT "p"."MessageId", "p"."AcknowledgedAt", "p"."CreatedAt", "p"."FencedAt", "p"."MessageType", "p"."PayloadJson"
FROM "ProtocolOutbox" AS "p"
WHERE "p"."MessageId" = @__messageId_0 AND "p"."AcknowledgedAt" IS NULL AND "p"."FencedAt" IS NULL
LIMIT 2
[14:28:20 INF] Executed DbCommand (0ms) [Parameters=[@__agvId_0='?' (Size = 10)], CommandType='Text', CommandTimeout='30']
SELECT "v"."AgvId", "v"."PlanRevision", "v"."VehicleBusinessRevision", "v"."WorklistRevision"
FROM "VehicleSnapshotRevisions" AS "v"
WHERE "v"."AgvId" = @__agvId_0
LIMIT 2
[14:28:20 INF] Executed DbCommand (0ms) [Parameters=[@__messageId_0='?' (Size = 36)], CommandType='Text', CommandTimeout='30']
SELECT "p"."MessageId", "p"."AcknowledgedAt", "p"."CreatedAt", "p"."FencedAt", "p"."MessageType", "p"."PayloadJson"
FROM "ProtocolOutbox" AS "p"
WHERE "p"."MessageId" = @__messageId_0
LIMIT 2
[14:28:20 INF] Executed DbCommand (0ms) [Parameters=[@__messageId_0='?' (Size = 36)], CommandType='Text', CommandTimeout='30']
SELECT "p"."MessageId", "p"."AcknowledgedAt", "p"."CreatedAt", "p"."FencedAt", "p"."MessageType", "p"."PayloadJson"
FROM "ProtocolOutbox" AS "p"
WHERE "p"."MessageId" = @__messageId_0
LIMIT 2
[14:28:20 INF] Executed DbCommand (0ms) [Parameters=[@p1='?' (Size = 44), @p0='?' (DbType = Int64), @p2='?' (DbType = Int64)], CommandType='Text', CommandTimeout='30']
UPDATE "JourneyRuntimes" SET "Version" = @p0
WHERE "JourneyId" = @p1 AND "Version" = @p2
RETURNING 1;
[14:28:20 INF] Executed DbCommand (0ms) [Parameters=[@p0='?' (Size = 36), @p1='?' (DbType = DateTimeOffset), @p2='?' (DbType = DateTimeOffset), @p3='?' (DbType = DateTimeOffset), @p4='?' (Size = 24), @p5='?' (Size = 953)], CommandType='Text', CommandTimeout='30']
INSERT INTO "ProtocolOutbox" ("MessageId", "AcknowledgedAt", "CreatedAt", "FencedAt", "MessageType", "PayloadJson")
VALUES (@p0, @p1, @p2, @p3, @p4, @p5);
[14:28:20 INF] Executed DbCommand (0ms) [Parameters=[@__messageId_0='?' (Size = 36)], CommandType='Text', CommandTimeout='30']
SELECT "p"."MessageId", "p"."AcknowledgedAt", "p"."CreatedAt", "p"."FencedAt", "p"."MessageType", "p"."PayloadJson"
FROM "ProtocolOutbox" AS "p"
WHERE "p"."MessageId" = @__messageId_0
LIMIT 2
[14:28:20 INF] Executed DbCommand (0ms) [Parameters=[@__messageId_0='?' (Size = 36)], CommandType='Text', CommandTimeout='30']
SELECT "p"."MessageId", "p"."ContentHash", "p"."FirstResponseJson", "p"."MessageType", "p"."ReceivedAt", "p"."RequestJson"
FROM "ProtocolInbox" AS "p"
WHERE "p"."MessageId" = @__messageId_0
LIMIT 2
[14:28:20 INF] Executed DbCommand (0ms) [Parameters=[@__messageId_0='?' (Size = 36)], CommandType='Text', CommandTimeout='30']
SELECT "p"."MessageId", "p"."AcknowledgedAt", "p"."CreatedAt", "p"."FencedAt", "p"."MessageType", "p"."PayloadJson"
FROM "ProtocolOutbox" AS "p"
WHERE "p"."MessageId" = @__messageId_0
LIMIT 2
[14:28:20 INF] Executed DbCommand (0ms) [Parameters=[@__messageId_0='?' (Size = 36)], CommandType='Text', CommandTimeout='30']
SELECT "p"."MessageId", "p"."AcknowledgedAt", "p"."CreatedAt", "p"."FencedAt", "p"."MessageType", "p"."PayloadJson"
FROM "ProtocolOutbox" AS "p"
WHERE "p"."MessageId" = @__messageId_0
LIMIT 2
[14:28:20 INF] Executed DbCommand (0ms) [Parameters=[@p1='?' (Size = 36), @p0='?' (DbType = DateTimeOffset)], CommandType='Text', CommandTimeout='30']
UPDATE "ProtocolOutbox" SET "AcknowledgedAt" = @p0
WHERE "MessageId" = @p1
RETURNING 1;
[14:28:20 INF] Executed DbCommand (0ms) [Parameters=[@p0='?' (Size = 36), @p1='?' (Size = 64), @p2='?', @p3='?' (Size = 18), @p4='?' (DbType = DateTimeOffset), @p5='?' (Size = 633)], CommandType='Text', CommandTimeout='30']
INSERT INTO "ProtocolInbox" ("MessageId", "ContentHash", "FirstResponseJson", "MessageType", "ReceivedAt", "RequestJson")
VALUES (@p0, @p1, @p2, @p3, @p4, @p5);
[14:28:20 INF] Executed DbCommand (0ms) [Parameters=[@__agvId_0='?' (Size = 10), @__generation_1='?' (DbType = Int64)], CommandType='Text', CommandTimeout='30']
SELECT "o"."RebuildId"
FROM "OwnOrderRebuilds" AS "o"
WHERE "o"."AgvId" = @__agvId_0 AND ((("o"."State" = 'PENDING' OR ("o"."State" = 'ORDERING' AND EXISTS (
    SELECT 1
    FROM "OrderIntents" AS "o0"
    WHERE "o0"."MovementLegId" = "o"."NewMovementLegId" AND "o0"."CreateAttemptCount" = 0))) AND "o"."Source" IN ('FAULT_CLEARED_CARGO_ON_BOARD', 'ORDER_CANCELLED_IN_RIOT') AND EXISTS (
    SELECT 1
    FROM "JourneyDemands" AS "j"
    WHERE "j"."JourneyId" = "o"."JourneyId" AND "j"."RemovedAt" IS NULL AND "j"."Status" <> 'PENDING_LOAD' AND "j"."Status" <> 'UNLOADED' AND "j"."Status" <> 'TERMINATED')) OR ("o"."State" = 'AWAITING_CARGO_HANDOFF' AND EXISTS (
    SELECT 1
    FROM "JourneyRuntimes" AS "j0"
    WHERE "j0"."JourneyId" = "o"."JourneyId" AND "j0"."Stage" = 'Blocked'))) AND ("o"."CargoEvidenceRequestedGeneration" <> @__generation_1 OR "o"."CargoEvidenceRequestedGeneration" IS NULL OR NOT ("o"."CargoEvidenceRequestedWhileReady"))
[14:28:20 INF] Executed DbCommand (0ms) [Parameters=[@__messageId_0='?' (Size = 36)], CommandType='Text', CommandTimeout='30']
SELECT "p"."MessageId", "p"."ContentHash", "p"."FirstResponseJson", "p"."MessageType", "p"."ReceivedAt", "p"."RequestJson"
FROM "ProtocolInbox" AS "p"
WHERE "p"."MessageId" = @__messageId_0
LIMIT 2
[14:28:20 INF] Executed DbCommand (0ms) [Parameters=[@__messageId_0='?' (Size = 36)], CommandType='Text', CommandTimeout='30']
SELECT "p"."MessageId", "p"."AcknowledgedAt", "p"."CreatedAt", "p"."FencedAt", "p"."MessageType", "p"."PayloadJson"
FROM "ProtocolOutbox" AS "p"
WHERE "p"."MessageId" = @__messageId_0
LIMIT 2
[14:28:20 INF] Executed DbCommand (0ms) [Parameters=[@p1='?' (Size = 36), @p0='?' (DbType = DateTimeOffset)], CommandType='Text', CommandTimeout='30']
UPDATE "ProtocolOutbox" SET "AcknowledgedAt" = @p0
WHERE "MessageId" = @p1
RETURNING 1;
[14:28:20 INF] Executed DbCommand (0ms) [Parameters=[@p0='?' (Size = 36), @p1='?' (Size = 64), @p2='?', @p3='?' (Size = 18), @p4='?' (DbType = DateTimeOffset), @p5='?' (Size = 630)], CommandType='Text', CommandTimeout='30']
INSERT INTO "ProtocolInbox" ("MessageId", "ContentHash", "FirstResponseJson", "MessageType", "ReceivedAt", "RequestJson")
VALUES (@p0, @p1, @p2, @p3, @p4, @p5);
[14:28:20 INF] Executed DbCommand (0ms) [Parameters=[@__agvId_0='?' (Size = 10), @__generation_1='?' (DbType = Int64)], CommandType='Text', CommandTimeout='30']
SELECT "o"."RebuildId"
FROM "OwnOrderRebuilds" AS "o"
WHERE "o"."AgvId" = @__agvId_0 AND ((("o"."State" = 'PENDING' OR ("o"."State" = 'ORDERING' AND EXISTS (
    SELECT 1
    FROM "OrderIntents" AS "o0"
    WHERE "o0"."MovementLegId" = "o"."NewMovementLegId" AND "o0"."CreateAttemptCount" = 0))) AND "o"."Source" IN ('FAULT_CLEARED_CARGO_ON_BOARD', 'ORDER_CANCELLED_IN_RIOT') AND EXISTS (
    SELECT 1
    FROM "JourneyDemands" AS "j"
    WHERE "j"."JourneyId" = "o"."JourneyId" AND "j"."RemovedAt" IS NULL AND "j"."Status" <> 'PENDING_LOAD' AND "j"."Status" <> 'UNLOADED' AND "j"."Status" <> 'TERMINATED')) OR ("o"."State" = 'AWAITING_CARGO_HANDOFF' AND EXISTS (
    SELECT 1
    FROM "JourneyRuntimes" AS "j0"
    WHERE "j0"."JourneyId" = "o"."JourneyId" AND "j0"."Stage" = 'Blocked'))) AND ("o"."CargoEvidenceRequestedGeneration" <> @__generation_1 OR "o"."CargoEvidenceRequestedGeneration" IS NULL OR NOT ("o"."CargoEvidenceRequestedWhileReady"))
[14:28:20 INF] Start processing HTTP request GET http://127.0.0.1:48408/api/task/v1/task/getVehicleInfo/BROKERX-L2-0001
[14:28:20 INF] Sending HTTP request GET http://127.0.0.1:48408/api/task/v1/task/getVehicleInfo/BROKERX-L2-0001
[14:28:20 INF] Received HTTP response headers after 0.4374ms - 200
[14:28:20 INF] End processing HTTP request after 1.131ms - 200
[14:28:20 INF] Start processing HTTP request GET http://127.0.0.1:48408/api/order/v1/orderRecord?pageNum=1&pageSize=100&filterByState=1&filterByState=3&filterByState=7&filterByState=8&filterByState=9&filterByState=10
[14:28:20 INF] Sending HTTP request GET http://127.0.0.1:48408/api/order/v1/orderRecord?pageNum=1&pageSize=100&filterByState=1&filterByState=3&filterByState=7&filterByState=8&filterByState=9&filterByState=10
[14:28:20 INF] Received HTTP response headers after 0.3386ms - 200
[14:28:20 INF] End processing HTTP request after 0.8378ms - 200
[14:28:20 INF] HTTP GET /api/onboard/v1/vehicle-safety responded 200 in 2.8193 ms
[14:28:20 INF] Executed DbCommand (0ms) [Parameters=[@__messageId_0='?' (Size = 36)], CommandType='Text', CommandTimeout='30']
SELECT "p"."MessageId", "p"."ContentHash", "p"."FirstResponseJson", "p"."MessageType", "p"."ReceivedAt", "p"."RequestJson"
FROM "ProtocolInbox" AS "p"
WHERE "p"."MessageId" = @__messageId_0
LIMIT 2
[14:28:20 INF] Executed DbCommand (0ms) [Parameters=[@p0='?' (Size = 36), @p1='?' (Size = 64), @p2='?' (Size = 536), @p3='?' (Size = 9), @p4='?' (DbType = DateTimeOffset), @p5='?' (Size = 427)], CommandType='Text', CommandTimeout='30']
INSERT INTO "ProtocolInbox" ("MessageId", "ContentHash", "FirstResponseJson", "MessageType", "ReceivedAt", "RequestJson")
VALUES (@p0, @p1, @p2, @p3, @p4, @p5);
[14:28:20 INF] Executed DbCommand (0ms) [Parameters=[@__agvId_0='?' (Size = 10), @__generation_1='?' (DbType = Int64)], CommandType='Text', CommandTimeout='30']
SELECT "o"."RebuildId"
FROM "OwnOrderRebuilds" AS "o"
WHERE "o"."AgvId" = @__agvId_0 AND ((("o"."State" = 'PENDING' OR ("o"."State" = 'ORDERING' AND EXISTS (
    SELECT 1
    FROM "OrderIntents" AS "o0"
    WHERE "o0"."MovementLegId" = "o"."NewMovementLegId" AND "o0"."CreateAttemptCount" = 0))) AND "o"."Source" IN ('FAULT_CLEARED_CARGO_ON_BOARD', 'ORDER_CANCELLED_IN_RIOT') AND EXISTS (
    SELECT 1
    FROM "JourneyDemands" AS "j"
    WHERE "j"."JourneyId" = "o"."JourneyId" AND "j"."RemovedAt" IS NULL AND "j"."Status" <> 'PENDING_LOAD' AND "j"."Status" <> 'UNLOADED' AND "j"."Status" <> 'TERMINATED')) OR ("o"."State" = 'AWAITING_CARGO_HANDOFF' AND EXISTS (
    SELECT 1
    FROM "JourneyRuntimes" AS "j0"
    WHERE "j0"."JourneyId" = "o"."JourneyId" AND "j0"."Stage" = 'Blocked'))) AND ("o"."CargoEvidenceRequestedGeneration" <> @__generation_1 OR "o"."CargoEvidenceRequestedGeneration" IS NULL OR NOT ("o"."CargoEvidenceRequestedWhileReady"))
[14:28:20 INF] Executed DbCommand (0ms) [Parameters=[@p1='?' (Size = 44), @p0='?' (DbType = Int64), @p2='?' (DbType = Int64)], CommandType='Text', CommandTimeout='30']
UPDATE "JourneyRuntimes" SET "Version" = @p0
WHERE "JourneyId" = @p1 AND "Version" = @p2
RETURNING 1;
[14:28:20 INF] Executed DbCommand (0ms) [Parameters=[@p0='?' (Size = 36), @p1='?' (DbType = DateTimeOffset), @p2='?' (DbType = DateTimeOffset), @p3='?' (DbType = DateTimeOffset), @p4='?' (Size = 20), @p5='?' (Size = 615)], CommandType='Text', CommandTimeout='30']
INSERT INTO "ProtocolOutbox" ("MessageId", "AcknowledgedAt", "CreatedAt", "FencedAt", "MessageType", "PayloadJson")
VALUES (@p0, @p1, @p2, @p3, @p4, @p5);
[14:28:20 INF] Executed DbCommand (0ms) [Parameters=[@__mapId_0='?' (DbType = Int32), @__stationId_1='?' (DbType = Int32)], CommandType='Text', CommandTimeout='30']
SELECT "s"."MapId", "s"."StationId", "s"."ChargerRosterVersion", "s"."JourneyId", "s"."RecordId", "s"."State", "s"."StateSince", "s"."StationKind", "s"."VehicleKey", "s"."WaitingPointVersion"
FROM "StationExclusivities" AS "s"
WHERE "s"."MapId" = @__mapId_0 AND "s"."StationId" = @__stationId_1
LIMIT 2
[14:28:20 INF] Executed DbCommand (0ms) [Parameters=[@p6='?' (Size = 44), @p0='?', @p1='?' (DbType = DateTimeOffset), @p2='?' (Size = 14), @p3='?' (DbType = DateTimeOffset), @p4='?' (DbType = Int64), @p7='?' (DbType = Int64), @p5='?' (DbType = DateTimeOffset)], CommandType='Text', CommandTimeout='30']
UPDATE "JourneyRuntimes" SET "BlockReasonCode" = @p0, "BlockReasonSince" = @p1, "Stage" = @p2, "UpdatedAt" = @p3, "Version" = @p4, "WaitingSince" = @p5
WHERE "JourneyId" = @p6 AND "Version" = @p7
RETURNING 1;
[14:28:20 INF] Executed DbCommand (0ms) [Parameters=[@__holding_0='?' (Size = 129)], CommandType='Text', CommandTimeout='30']
SELECT "f"."AgvId"
FROM "ForeignRiotOrders" AS "f"
WHERE "f"."State" IN (
    SELECT "h"."value"
    FROM json_each(@__holding_0) AS "h"
)
[14:28:20 INF] Executed DbCommand (0ms) [Parameters=[], CommandType='Text', CommandTimeout='30']
SELECT "a"."DemandId"
FROM "AcceptedDemands" AS "a"
WHERE "a"."Status" NOT IN ('Succeeded', 'Cancelled') AND NOT EXISTS (
    SELECT 1
    FROM "AcceptedDemands" AS "a0"
    WHERE "a0"."Status" NOT IN ('Succeeded', 'Cancelled') AND NOT EXISTS (
        SELECT 1
        FROM "JourneyDemands" AS "j"
        WHERE "j"."DemandId" = "a0"."DemandId" AND "j"."RemovedAt" IS NULL) AND EXISTS (
        SELECT 1
        FROM "JourneyDemands" AS "j0"
        WHERE "j0"."DemandId" = "a0"."DemandId" AND "j0"."RemovedAt" IS NOT NULL AND "j0"."RemovalReason" = 'RELEASED_FOR_REDISPATCH' AND NOT EXISTS (
            SELECT 1
            FROM "JourneyDemands" AS "j1"
            WHERE "j1"."DemandId" = "a0"."DemandId" AND "j1"."DispatchGeneration" > "j0"."DispatchGeneration")) AND "a0"."DemandId" = "a"."DemandId")
[14:28:20 INF] Executed DbCommand (0ms) [Parameters=[], CommandType='Text', CommandTimeout='30']
SELECT "j"."DemandId"
FROM "JourneyDemands" AS "j"
WHERE "j"."RemovedAt" IS NULL
[14:28:20 INF] Start processing HTTP request GET http://127.0.0.1:48409/api/v2/contract
[14:28:20 INF] Sending HTTP request GET http://127.0.0.1:48409/api/v2/contract
[14:28:20 INF] Received HTTP response headers after 0.5037ms - 200
[14:28:20 INF] End processing HTTP request after 1.0287ms - 200
[14:28:20 INF] Start processing HTTP request GET http://127.0.0.1:48409/api/v2/externally-readable-demand-catalog
[14:28:20 INF] Sending HTTP request GET http://127.0.0.1:48409/api/v2/externally-readable-demand-catalog
[14:28:20 INF] Received HTTP response headers after 0.4953ms - 200
[14:28:20 INF] End processing HTTP request after 1.3647ms - 200
[14:28:20 INF] Executed DbCommand (0ms) [Parameters=[], CommandType='Text', CommandTimeout='30']
SELECT "j"."DemandId", "j"."AcceptedAt", "j"."DecisionFingerprint", "j"."DemandCreatedAt", "j"."FirstSeenAt", "j"."LastSeenAt", "j"."ReasonCode", "j"."StarvationEscalatedAt", "j"."StarvationEscalationParameterVersion", "j"."TransportDemandKey"
FROM "JourneyBacklog" AS "j"
[14:28:20 INF] Executed DbCommand (0ms) [Parameters=[], CommandType='Text', CommandTimeout='30']
SELECT "a"."DemandId"
FROM "AcceptedDemands" AS "a"
WHERE NOT EXISTS (
    SELECT 1
    FROM "AcceptedDemands" AS "a0"
    WHERE "a0"."Status" NOT IN ('Succeeded', 'Cancelled') AND NOT EXISTS (
        SELECT 1
        FROM "JourneyDemands" AS "j"
        WHERE "j"."DemandId" = "a0"."DemandId" AND "j"."RemovedAt" IS NULL) AND EXISTS (
        SELECT 1
        FROM "JourneyDemands" AS "j0"
        WHERE "j0"."DemandId" = "a0"."DemandId" AND "j0"."RemovedAt" IS NOT NULL AND "j0"."RemovalReason" = 'RELEASED_FOR_REDISPATCH' AND NOT EXISTS (
            SELECT 1
            FROM "JourneyDemands" AS "j1"
            WHERE "j1"."DemandId" = "a0"."DemandId" AND "j1"."DispatchGeneration" > "j0"."DispatchGeneration")) AND "a0"."DemandId" = "a"."DemandId")
[14:28:20 INF] Executed DbCommand (0ms) [Parameters=[], CommandType='Text', CommandTimeout='30']
SELECT "j"."DemandId", MAX("j"."DispatchGeneration") AS "Generation"
FROM "JourneyDemands" AS "j"
WHERE EXISTS (
    SELECT 1
    FROM "AcceptedDemands" AS "a"
    WHERE "a"."Status" NOT IN ('Succeeded', 'Cancelled') AND NOT EXISTS (
        SELECT 1
        FROM "JourneyDemands" AS "j0"
        WHERE "j0"."DemandId" = "a"."DemandId" AND "j0"."RemovedAt" IS NULL) AND EXISTS (
        SELECT 1
        FROM "JourneyDemands" AS "j1"
        WHERE "j1"."DemandId" = "a"."DemandId" AND "j1"."RemovedAt" IS NOT NULL AND "j1"."RemovalReason" = 'RELEASED_FOR_REDISPATCH' AND NOT EXISTS (
            SELECT 1
            FROM "JourneyDemands" AS "j2"
            WHERE "j2"."DemandId" = "a"."DemandId" AND "j2"."DispatchGeneration" > "j1"."DispatchGeneration")) AND "a"."DemandId" = "j"."DemandId")
GROUP BY "j"."DemandId"
[14:28:20 INF] Executed DbCommand (0ms) [Parameters=[], CommandType='Text', CommandTimeout='30']
SELECT "v"."AgvId", "v"."TaskType", "v"."Allowed", "v"."ConfigurationVersion", "v"."UpdatedAt"
FROM "VehicleTaskTypeAdmissions" AS "v"
[14:28:20 INF] Executed DbCommand (0ms) [Parameters=[], CommandType='Text', CommandTimeout='30']
SELECT "v"."AgvId", "v"."ConfigurationVersion", "v"."RoundTimeoutMilliseconds", "v"."UpdatedAt"
FROM "VehicleDispatchBudgets" AS "v"
[14:28:20 INF] Executed DbCommand (0ms) [Parameters=[], CommandType='Text', CommandTimeout='30']
SELECT "d"."Zone", "d"."AgvId", "d"."ConfigurationVersion", "d"."UpdatedAt"
FROM "DispatchZoneVehicles" AS "d"
[14:28:20 INF] Executed DbCommand (0ms) [Parameters=[], CommandType='Text', CommandTimeout='30']
SELECT MAX("d"."Version")
FROM "DispatchZoneAreaAssignmentVersions" AS "d"
[14:28:20 INF] Executed DbCommand (0ms) [Parameters=[@__version_0='?' (DbType = Int64)], CommandType='Text', CommandTimeout='30']
SELECT "d"."Version", "d"."ContentSha256", "d"."EntryCount", "d"."ImportedAt", "d"."SnapshotId"
FROM "DispatchZoneAreaAssignmentVersions" AS "d"
WHERE "d"."Version" = @__version_0
LIMIT 2
[14:28:20 INF] Executed DbCommand (0ms) [Parameters=[@__version_0='?' (DbType = Int64)], CommandType='Text', CommandTimeout='30']
SELECT "d"."Version", "d"."Area", "d"."DispatchZone", "d"."SlotPosition"
FROM "DispatchZoneAreaAssignments" AS "d"
WHERE "d"."Version" = @__version_0
[14:28:20 INF] Executed DbCommand (0ms) [Parameters=[], CommandType='Text', CommandTimeout='30']
SELECT MAX("d"."Version")
FROM "DispatchZoneParameterVersions" AS "d"
[14:28:20 INF] Executed DbCommand (0ms) [Parameters=[], CommandType='Text', CommandTimeout='30']
SELECT "j"."AgvId", "j"."CreatedAt"
FROM "JourneyRuntimes" AS "j"
WHERE "j"."JourneyId" NOT LIKE 'idle-return:%' AND "j"."JourneyId" NOT LIKE 'charging:%'
[14:28:20 INF] Executed DbCommand (0ms) [Parameters=[@__agvId_0='?' (Size = 10)], CommandType='Text', CommandTimeout='30']
SELECT "a"."SlotModelVersionId", "a"."SnapshotId"
FROM "ActiveSlotConfigurations" AS "a"
WHERE "a"."AgvId" = @__agvId_0
LIMIT 2
[14:28:20 INF] Executed DbCommand (0ms) [Parameters=[@__agvId_0='?' (Size = 10)], CommandType='Text', CommandTimeout='30']
SELECT "s"."SlotModelVersionId", "s"."CreatedAt"
FROM "SlotIoBindings" AS "s"
WHERE "s"."AgvId" = @__agvId_0 AND "s"."Status" = 'PUBLISHED'
[14:28:20 INF] Executed DbCommand (0ms) [Parameters=[@__slotModelVersionId_0='?' (Size = 32)], CommandType='Text', CommandTimeout='30']
SELECT "s"."SlotModelVersionId", "s"."PhysicalSlotNumber", "s"."SlotPosition", "s"."SlotTemplateId"
FROM "SlotModelSlots" AS "s"
WHERE "s"."SlotModelVersionId" = @__slotModelVersionId_0
[14:28:20 INF] Executed DbCommand (0ms) [Parameters=[@__agvId_0='?' (Size = 10)], CommandType='Text', CommandTimeout='30']
SELECT "s"."AgvId", "s"."ActiveUnlockSlotsJson", "s"."CapabilityHash", "s"."CapabilityRevision", "s"."DepartureSafe", "s"."ForcedRecoveryGeneration", "s"."ManifestSha256", "s"."PendingAttemptIdsJson", "s"."PendingResultIdsJson", "s"."ProfileId", "s"."ProtocolCommit", "s"."ProtocolVersion", "s"."ProvenRecoveryCheckpoint", "s"."Readiness", "s"."ReasonCode", "s"."RecoveryReportId", "s"."ReportedForcedRecoveryGeneration", "s"."ReportedSlotConfigurationFingerprint", "s"."SafetyHash", "s"."SafetyReasonCodesJson", "s"."SafetyRevision", "s"."SafetyUnknownPresent", "s"."SessionGeneration", "s"."UnsettledSlotOperationAttemptId", "s"."UpdatedAt"
FROM "SessionRecoveries" AS "s"
WHERE "s"."AgvId" = @__agvId_0 AND "s"."Readiness" = 'Ready'
LIMIT 2
[14:28:20 INF] Executed DbCommand (0ms) [Parameters=[@__messageType_0='?' (Size = 18)], CommandType='Text', CommandTimeout='30']
SELECT "p"."MessageId", "p"."ContentHash", "p"."FirstResponseJson", "p"."MessageType", "p"."ReceivedAt", "p"."RequestJson"
FROM "ProtocolInbox" AS "p"
WHERE "p"."MessageType" = @__messageType_0
[14:28:20 INF] Executed DbCommand (0ms) [Parameters=[], CommandType='Text', CommandTimeout='30']
SELECT "p"."MessageId", "p"."ContentHash", "p"."FirstResponseJson", "p"."MessageType", "p"."ReceivedAt", "p"."RequestJson"
FROM "ProtocolInbox" AS "p"
WHERE "p"."MessageType" = 'SafetyStateSnapshot'
[14:28:20 INF] Executed DbCommand (0ms) [Parameters=[], CommandType='Text', CommandTimeout='30']
SELECT "p"."MessageId", "p"."ContentHash", "p"."FirstResponseJson", "p"."MessageType", "p"."ReceivedAt", "p"."RequestJson"
FROM "ProtocolInbox" AS "p"
WHERE "p"."MessageType" IN ('SafetyStateSnapshot', 'SafetyStateChanged')
[14:28:20 INF] Executed DbCommand (0ms) [Parameters=[], CommandType='Text', CommandTimeout='30']
SELECT "p"."MessageId", "p"."ContentHash", "p"."FirstResponseJson", "p"."MessageType", "p"."ReceivedAt", "p"."RequestJson"
FROM "ProtocolInbox" AS "p"
[14:28:20 INF] Start processing HTTP request GET http://127.0.0.1:48408/api/task/vehicles/getVehicleInfoByDeviceKey?key=BROKERX-L2-0001
[14:28:20 INF] Sending HTTP request GET http://127.0.0.1:48408/api/task/vehicles/getVehicleInfoByDeviceKey?key=BROKERX-L2-0001
[14:28:20 INF] Received HTTP response headers after 0.5482ms - 200
[14:28:20 INF] End processing HTTP request after 1.3383ms - 200
[14:28:20 INF] Executed DbCommand (0ms) [Parameters=[@__vehicle_AgvId_0='?' (Size = 10)], CommandType='Text', CommandTimeout='30']
SELECT "j"."JourneyId", "j"."AgvId", "j"."AgvLifecycleGeneration", "j"."AreaEndAdmissionRevokedSince", "j"."BlockReasonCode", "j"."BlockReasonSince", "j"."CargoHoldingStartedAt", "j"."ChargingPolicyVersion", "j"."ConsumedSafetyResultMessageId", "j"."ConsumedSublotMessageId", "j"."CreatedAt", "j"."DemandId", "j"."DispatchGeneration", "j"."DispatchZone", "j"."ExpectedBasketCount", "j"."FullSlotPositionsJson", "j"."GateMovementLegId", "j"."GatePlanMessageId", "j"."GateStationId", "j"."GateStationRiotId", "j"."GateUpperId", "j"."GateVehicleBusinessMessageId", "j"."GateWorklistMessageId", "j"."LoadCommandMessageId", "j"."LoadSlotOperationAttemptId", "j"."LoadingClosedReason", "j"."LoadingPhaseState", "j"."MapId", "j"."MapIdentity", "j"."OperationSessionId", "j"."PickupMovementLegId", "j"."PickupStationId", "j"."PickupStationRiotId", "j"."PickupUpperId", "j"."PlanMessageId", "j"."PlanRevision", "j"."PreDepartureSafetyCheckId", "j"."PreDepartureSafetyCheckMessageId", "j"."PublishedBatteryState", "j"."RouteEvidenceId", "j"."Stage", "j"."StationDepartureWaitStartedAt", "j"."SublotRequestMessageId", "j"."TargetSlotsJson", "j"."UnloadCommandMessageId", "j"."UnloadSlotOperationAttemptId", "j"."UpdatedAt", "j"."VehicleBusinessMessageId", "j"."VehicleBusinessRevision", "j"."VehicleKey", "j"."Version", "j"."WaitingBatteryObservedAt", "j"."WaitingBatteryPercent", "j"."WaitingSince", "j"."WaitingWarnedAt", "j"."WorklistMessageId", "j"."WorklistRevision", "j"."YieldTriggeredAt", "j"."YieldTriggeredByVehicleKey"
FROM "JourneyRuntimes" AS "j"
WHERE "j"."AgvId" = @__vehicle_AgvId_0 AND "j"."Stage" <> 'Completed' AND "j"."Stage" <> 'Blocked'
[14:28:20 INF] Executed DbCommand (0ms) [Parameters=[@__runtime_JourneyId_0='?' (Size = 44)], CommandType='Text', CommandTimeout='30']
SELECT "j"."StopId", "j"."CreatedAt", "j"."DepartureSafetyCheckId", "j"."DepartureSafetyCheckMessageId", "j"."DispatchZone", "j"."JourneyId", "j"."MovementLegId", "j"."OperationSessionId", "j"."PlanMessageId", "j"."Sequence", "j"."StationId", "j"."StationRiotId", "j"."Status", "j"."StopRole", "j"."SublotRequestMessageId", "j"."UpperId", "j"."VehicleBusinessMessageId", "j"."WorklistMessageId", "j"."WorklistRefills"
FROM "JourneyStops" AS "j"
WHERE "j"."JourneyId" = @__runtime_JourneyId_0
ORDER BY "j"."Sequence"
[14:28:20 INF] Executed DbCommand (0ms) [Parameters=[@__runtime_JourneyId_0='?' (Size = 44)], CommandType='Text', CommandTimeout='30']
SELECT "j"."JourneyId", "j"."DemandId", "j"."AddedAt", "j"."DispatchGeneration", "j"."DispatchZone", "j"."DispatchZoneParameterVersion", "j"."ExpectedBasketCount", "j"."LoadCommandMessageId", "j"."LoadSlotOperationAttemptId", "j"."LoadedSlotsJson", "j"."PickupStopId", "j"."RemovalReason", "j"."RemovedAt", "j"."Status", "j"."TargetSlotsJson", "j"."UnloadCommandMessageId", "j"."UnloadSlotOperationAttemptId", "j"."UnloadStopId", "a"."DemandId", "a"."AcceptedAt", "a"."CatalogRevision", "a"."CreatedAt", "a"."DemandRevision", "a"."Generation", "a"."HistoryEpoch", "a"."LiveMesFieldsJson", "a"."SeriesId", "a"."Status", "a"."Sublot", "a"."TransportDemandKey", "a"."ValueObservedAt", "a"."ValuePollTraceId", "a"."ValueProjectionCommitId", "a"."WorkType"
FROM "JourneyDemands" AS "j"
INNER JOIN "AcceptedDemands" AS "a" ON "j"."DemandId" = "a"."DemandId"
WHERE "j"."JourneyId" = @__runtime_JourneyId_0
[14:28:20 INF] Executed DbCommand (0ms) [Parameters=[@__vehicle_AgvId_0='?' (Size = 10)], CommandType='Text', CommandTimeout='30']
SELECT "j"."CreatedAt", "j"."ChargingPolicyVersion"
FROM "JourneyRuntimes" AS "j"
WHERE "j"."AgvId" = @__vehicle_AgvId_0 AND "j"."Stage" <> 'Completed' AND "j"."Stage" <> 'Blocked'
[14:28:20 INF] Executed DbCommand (0ms) [Parameters=[@__version_0='?' (DbType = Int64)], CommandType='Text', CommandTimeout='30']
SELECT "c"."Version", "c"."ChangeNote", "c"."ChargingCompletionThresholdPercent", "c"."ContentSha256", "c"."EstimatedTaskConsumptionPercent", "c"."MandatoryChargeEntryThresholdPercent", "c"."MinimumPostTaskBatteryMarginPercent", "c"."ProgressMinimumIncreasePercent", "c"."ProgressObservationWindowSeconds", "c"."ProgressStabilizationSeconds", "c"."SnapshotId", "c"."WrittenAt"
FROM "ChargingPolicyVersions" AS "c"
WHERE "c"."Version" = @__version_0
LIMIT 2
[14:28:20 INF] Executed DbCommand (0ms) [Parameters=[@__version_0='?' (DbType = Int64)], CommandType='Text', CommandTimeout='30']
SELECT "c"."VehicleKey"
FROM "ChargingPolicyVehicleScopes" AS "c"
WHERE "c"."Version" = @__version_0
[14:28:20 INF] Executed DbCommand (0ms) [Parameters=[], CommandType='Text', CommandTimeout='30']
SELECT "s"."MapId", "s"."StationId", "s"."ChargerRosterVersion", "s"."JourneyId", "s"."RecordId", "s"."State", "s"."StateSince", "s"."StationKind", "s"."VehicleKey", "s"."WaitingPointVersion"
FROM "StationExclusivities" AS "s"
WHERE "s"."StationKind" = 'CHARGER'
[14:28:20 INF] Executed DbCommand (0ms) [Parameters=[], CommandType='Text', CommandTimeout='30']
SELECT "s"."DemandId"
FROM "StructuralDispatchBlocks" AS "s"
WHERE "s"."ClearedAt" IS NULL
[14:28:20 INF] Executed DbCommand (0ms) [Parameters=[@__keys_0='?' (Size = 42)], CommandType='Text', CommandTimeout='30']
SELECT "t"."TransportDemandKey"
FROM "TransportDemandSuppressions" AS "t"
WHERE "t"."TransportDemandKey" IN (
    SELECT "k"."value"
    FROM json_each(@__keys_0) AS "k"
)
[14:28:20 INF] Executed DbCommand (0ms) [Parameters=[@__keys_0='?' (Size = 42)], CommandType='Text', CommandTimeout='30']
SELECT "a"."TransportDemandKey", "a"."DemandId"
FROM "AcceptedDemands" AS "a"
WHERE "a"."TransportDemandKey" IN (
    SELECT "k"."value"
    FROM json_each(@__keys_0) AS "k"
)
[14:28:20 INF] Executed DbCommand (0ms) [Parameters=[@__participant_Vehicle_AgvId_0='?' (Size = 10)], CommandType='Text', CommandTimeout='30']
SELECT EXISTS (
    SELECT 1
    FROM "JourneyRuntimes" AS "j"
    WHERE "j"."AgvId" = @__participant_Vehicle_AgvId_0 AND "j"."Stage" = 'Blocked')
[14:28:20 INF] Executed DbCommand (0ms) [Parameters=[@p1='?' (Size = 36), @p0='?' (DbType = DateTimeOffset)], CommandType='Text', CommandTimeout='30']
UPDATE "JourneyBacklog" SET "LastSeenAt" = @p0
WHERE "DemandId" = @p1
RETURNING 1;
[14:28:20 INF] Executed DbCommand (0ms) [Parameters=[], CommandType='Text', CommandTimeout='30']
SELECT "s"."DemandId", "s"."ReasonCode", "s"."ClearedAt", "s"."DetailJson", "s"."FirstRaisedAt", "s"."LastSeenAt", "s"."TransportDemandKey"
FROM "StructuralDispatchBlocks" AS "s"
WHERE "s"."ClearedAt" IS NULL
[14:28:20 INF] Executed DbCommand (0ms) [Parameters=[], CommandType='Text', CommandTimeout='30']
SELECT "j"."JourneyId", "j"."AgvId", "j"."AgvLifecycleGeneration", "j"."AreaEndAdmissionRevokedSince", "j"."BlockReasonCode", "j"."BlockReasonSince", "j"."CargoHoldingStartedAt", "j"."ChargingPolicyVersion", "j"."ConsumedSafetyResultMessageId", "j"."ConsumedSublotMessageId", "j"."CreatedAt", "j"."DemandId", "j"."DispatchGeneration", "j"."DispatchZone", "j"."ExpectedBasketCount", "j"."FullSlotPositionsJson", "j"."GateMovementLegId", "j"."GatePlanMessageId", "j"."GateStationId", "j"."GateStationRiotId", "j"."GateUpperId", "j"."GateVehicleBusinessMessageId", "j"."GateWorklistMessageId", "j"."LoadCommandMessageId", "j"."LoadSlotOperationAttemptId", "j"."LoadingClosedReason", "j"."LoadingPhaseState", "j"."MapId", "j"."MapIdentity", "j"."OperationSessionId", "j"."PickupMovementLegId", "j"."PickupStationId", "j"."PickupStationRiotId", "j"."PickupUpperId", "j"."PlanMessageId", "j"."PlanRevision", "j"."PreDepartureSafetyCheckId", "j"."PreDepartureSafetyCheckMessageId", "j"."PublishedBatteryState", "j"."RouteEvidenceId", "j"."Stage", "j"."StationDepartureWaitStartedAt", "j"."SublotRequestMessageId", "j"."TargetSlotsJson", "j"."UnloadCommandMessageId", "j"."UnloadSlotOperationAttemptId", "j"."UpdatedAt", "j"."VehicleBusinessMessageId", "j"."VehicleBusinessRevision", "j"."VehicleKey", "j"."Version", "j"."WaitingBatteryObservedAt", "j"."WaitingBatteryPercent", "j"."WaitingSince", "j"."WaitingWarnedAt", "j"."WorklistMessageId", "j"."WorklistRevision", "j"."YieldTriggeredAt", "j"."YieldTriggeredByVehicleKey"
FROM "JourneyRuntimes" AS "j"
WHERE "j"."Stage" <> 'Completed'
[14:28:20 INF] Start processing HTTP request GET http://127.0.0.1:48408/api/task/vehicles/getVehicleInfoByDeviceKey?key=BROKERX-L2-0001
[14:28:20 INF] Sending HTTP request GET http://127.0.0.1:48408/api/task/vehicles/getVehicleInfoByDeviceKey?key=BROKERX-L2-0001
[14:28:20 INF] Received HTTP response headers after 0.5868ms - 200
[14:28:20 INF] End processing HTTP request after 1.3673ms - 200
[14:28:20 INF] Executed DbCommand (1ms) [Parameters=[@__now_3='?' (DbType = DateTimeOffset), @__battery_2='?' (DbType = Int32), @__runtime_JourneyId_0='?' (Size = 44), @__waitingSince_1='?' (DbType = DateTimeOffset)], CommandType='Text', CommandTimeout='30']
UPDATE "JourneyRuntimes" AS "j"
SET "WaitingWarnedAt" = NULL,
    "WaitingBatteryObservedAt" = @__now_3,
    "WaitingBatteryPercent" = @__battery_2
WHERE "j"."JourneyId" = @__runtime_JourneyId_0 AND "j"."WaitingSince" = @__waitingSince_1
[14:28:20 INF] Executed DbCommand (0ms) [Parameters=[], CommandType='Text', CommandTimeout='30']
SELECT "v"."AgvId", "v"."TaskType", "v"."Allowed", "v"."ConfigurationVersion", "v"."UpdatedAt"
FROM "VehicleTaskTypeAdmissions" AS "v"
[14:28:20 INF] Executed DbCommand (0ms) [Parameters=[], CommandType='Text', CommandTimeout='30']
SELECT "v"."AgvId", "v"."ConfigurationVersion", "v"."RoundTimeoutMilliseconds", "v"."UpdatedAt"
FROM "VehicleDispatchBudgets" AS "v"
[14:28:20 INF] Executed DbCommand (0ms) [Parameters=[], CommandType='Text', CommandTimeout='30']
SELECT "d"."Zone", "d"."AgvId", "d"."ConfigurationVersion", "d"."UpdatedAt"
FROM "DispatchZoneVehicles" AS "d"
[14:28:20 INF] Executed DbCommand (0ms) [Parameters=[], CommandType='Text', CommandTimeout='30']
SELECT "j"."JourneyId", "j"."AgvId", "j"."AgvLifecycleGeneration", "j"."AreaEndAdmissionRevokedSince", "j"."BlockReasonCode", "j"."BlockReasonSince", "j"."CargoHoldingStartedAt", "j"."ChargingPolicyVersion", "j"."ConsumedSafetyResultMessageId", "j"."ConsumedSublotMessageId", "j"."CreatedAt", "j"."DemandId", "j"."DispatchGeneration", "j"."DispatchZone", "j"."ExpectedBasketCount", "j"."FullSlotPositionsJson", "j"."GateMovementLegId", "j"."GatePlanMessageId", "j"."GateStationId", "j"."GateStationRiotId", "j"."GateUpperId", "j"."GateVehicleBusinessMessageId", "j"."GateWorklistMessageId", "j"."LoadCommandMessageId", "j"."LoadSlotOperationAttemptId", "j"."LoadingClosedReason", "j"."LoadingPhaseState", "j"."MapId", "j"."MapIdentity", "j"."OperationSessionId", "j"."PickupMovementLegId", "j"."PickupStationId", "j"."PickupStationRiotId", "j"."PickupUpperId", "j"."PlanMessageId", "j"."PlanRevision", "j"."PreDepartureSafetyCheckId", "j"."PreDepartureSafetyCheckMessageId", "j"."PublishedBatteryState", "j"."RouteEvidenceId", "j"."Stage", "j"."StationDepartureWaitStartedAt", "j"."SublotRequestMessageId", "j"."TargetSlotsJson", "j"."UnloadCommandMessageId", "j"."UnloadSlotOperationAttemptId", "j"."UpdatedAt", "j"."VehicleBusinessMessageId", "j"."VehicleBusinessRevision", "j"."VehicleKey", "j"."Version", "j"."WaitingBatteryObservedAt", "j"."WaitingBatteryPercent", "j"."WaitingSince", "j"."WaitingWarnedAt", "j"."WorklistMessageId", "j"."WorklistRevision", "j"."YieldTriggeredAt", "j"."YieldTriggeredByVehicleKey"
FROM "JourneyRuntimes" AS "j"
WHERE "j"."Stage" <> 'Completed'
[14:28:20 INF] Executed DbCommand (0ms) [Parameters=[@__runtime_JourneyId_0='?' (Size = 44)], CommandType='Text', CommandTimeout='30']
SELECT "j"."StopId", "j"."CreatedAt", "j"."DepartureSafetyCheckId", "j"."DepartureSafetyCheckMessageId", "j"."DispatchZone", "j"."JourneyId", "j"."MovementLegId", "j"."OperationSessionId", "j"."PlanMessageId", "j"."Sequence", "j"."StationId", "j"."StationRiotId", "j"."Status", "j"."StopRole", "j"."SublotRequestMessageId", "j"."UpperId", "j"."VehicleBusinessMessageId", "j"."WorklistMessageId", "j"."WorklistRefills"
FROM "JourneyStops" AS "j"
WHERE "j"."JourneyId" = @__runtime_JourneyId_0
ORDER BY "j"."Sequence"
[14:28:20 INF] Executed DbCommand (0ms) [Parameters=[@__runtime_JourneyId_0='?' (Size = 44)], CommandType='Text', CommandTimeout='30']
SELECT "j"."JourneyId", "j"."DemandId", "j"."AddedAt", "j"."DispatchGeneration", "j"."DispatchZone", "j"."DispatchZoneParameterVersion", "j"."ExpectedBasketCount", "j"."LoadCommandMessageId", "j"."LoadSlotOperationAttemptId", "j"."LoadedSlotsJson", "j"."PickupStopId", "j"."RemovalReason", "j"."RemovedAt", "j"."Status", "j"."TargetSlotsJson", "j"."UnloadCommandMessageId", "j"."UnloadSlotOperationAttemptId", "j"."UnloadStopId", "a"."DemandId", "a"."AcceptedAt", "a"."CatalogRevision", "a"."CreatedAt", "a"."DemandRevision", "a"."Generation", "a"."HistoryEpoch", "a"."LiveMesFieldsJson", "a"."SeriesId", "a"."Status", "a"."Sublot", "a"."TransportDemandKey", "a"."ValueObservedAt", "a"."ValuePollTraceId", "a"."ValueProjectionCommitId", "a"."WorkType"
FROM "JourneyDemands" AS "j"
INNER JOIN "AcceptedDemands" AS "a" ON "j"."DemandId" = "a"."DemandId"
WHERE "j"."JourneyId" = @__runtime_JourneyId_0
[14:28:20 INF] Executed DbCommand (0ms) [Parameters=[@__agvId_0='?' (Size = 10)], CommandType='Text', CommandTimeout='30']
SELECT "v"."AgvId", "v"."ClearedAt", "v"."ClearedReason", "v"."EnteredAt", "v"."EscalatedAt", "v"."EvidenceCode", "v"."EvidenceOnAutoConfirmWhitelist", "v"."FaultGeneration", "v"."LastEvaluatedAt", "v"."Level", "v"."StopProven", "v"."StopProvenAt"
FROM "VehicleFaultStates" AS "v"
WHERE "v"."AgvId" = @__agvId_0
LIMIT 2
[14:28:20 INF] Start processing HTTP request GET http://127.0.0.1:48408/api/task/vehicles/getVehicleInfoByDeviceKey?key=BROKERX-L2-0001
[14:28:20 INF] Sending HTTP request GET http://127.0.0.1:48408/api/task/vehicles/getVehicleInfoByDeviceKey?key=BROKERX-L2-0001
[14:28:20 INF] Received HTTP response headers after 0.5336ms - 200
[14:28:20 INF] End processing HTTP request after 1.2072ms - 200
[14:28:20 WRN] Onboard connection ended with a protocol or transport error.
System.IO.IOException: Unable to read data from the transport connection: An existing connection was forcibly closed by the remote host..
 ---> System.Net.Sockets.SocketException (10054): An existing connection was forcibly closed by the remote host.
   --- End of inner exception stack trace ---
   at System.Net.Sockets.Socket.AwaitableSocketAsyncEventArgs.ThrowException(SocketError error, CancellationToken cancellationToken)
   at System.Net.Sockets.Socket.AwaitableSocketAsyncEventArgs.System.Threading.Tasks.Sources.IValueTaskSource<System.Int32>.GetResult(Int16 token)
   at System.IO.StreamReader.ReadBufferAsync(CancellationToken cancellationToken)
   at System.IO.StreamReader.ReadLineAsyncInternal(CancellationToken cancellationToken)
   at ControlServer.Host.Transport.OnboardTcpServer.HandleClientAsync(TcpClient client, CancellationToken cancellationToken) in C:\g4d\sources\control-server\src\ControlServer.Host\Transport\OnboardTcpServer.cs:line 165
   at ControlServer.Host.Transport.OnboardTcpServer.HandleClientAsync(TcpClient client, CancellationToken cancellationToken) in C:\g4d\sources\control-server\src\ControlServer.Host\Transport\OnboardTcpServer.cs:line 274
   at ControlServer.Host.Transport.OnboardTcpServer.HandleClientAsync(TcpClient client, CancellationToken cancellationToken) in C:\g4d\sources\control-server\src\ControlServer.Host\Transport\OnboardTcpServer.cs:line 274
   at ControlServer.Host.Transport.OnboardTcpServer.HandleClientAsync(TcpClient client, CancellationToken cancellationToken) in C:\g4d\sources\control-server\src\ControlServer.Host\Transport\OnboardTcpServer.cs:line 274
   at ControlServer.Host.Transport.OnboardTcpServer.ServeAsync(TcpClient client, SemaphoreSlim slots, CancellationToken cancellationToken) in C:\g4d\sources\control-server\src\ControlServer.Host\Transport\OnboardTcpServer.cs:line 117
